set_key,method,train_year,sel_range_nm,groups,n_ports,eval_year,vessel_group,range_nm,n_active,n_full,feasible_share,touch_share,covered_share,median_req_lb,feasible_share_w,touch_share_w,covered_share_w,w_full
external:bunker10|-1|0|all,external:bunker10,-1,0,all,15,2018,all,2000,18359,15321,0.01703544155081261,0.8216173878989622,0.026498573021476967,29426.699310302734,0.0029244074122728413,0.8602180648490709,0.025668052619929094,375801414.3015767
external:bunker10|-1|0|all,external:bunker10,-1,0,all,15,2018,all,3000,18359,15321,0.024541479015730044,0.8216173878989622,0.04344082566167002,29426.699310302734,0.006181105077042786,0.8602180648490709,0.03918996755124246,375801414.3015767
external:bunker10|-1|0|all,external:bunker10,-1,0,all,15,2018,all,5000,18359,15321,0.04242542914953332,0.8216173878989622,0.07397759518953992,29426.699310302734,0.01512789602909618,0.8602180648490709,0.06521663297241409,375801414.3015767
external:bunker10|-1|0|all,external:bunker10,-1,0,all,15,2018,all,7000,18359,15321,0.06226747601331506,0.8216173878989622,0.11269384784718085,29426.699310302734,0.02910924265982276,0.8602180648490709,0.10160720505083834,375801414.3015767
external:bunker10|-1|0|all,external:bunker10,-1,0,all,15,2018,all,10000,18359,15321,0.0969910580249331,0.8216173878989622,0.1802742833534592,29426.699310302734,0.05723584555636077,0.8602180648490709,0.177293081473385,375801414.3015767
external:bunker10|-1|0|all,external:bunker10,-1,0,all,15,2018,all,15000,18359,15321,0.19124078062789635,0.8216173878989622,0.29532357539403775,29426.699310302734,0.18325618370737398,0.8602180648490709,0.324576193358807,375801414.3015767
external:bunker10|-1|0|all,external:bunker10,-1,0,all,15,2018,all,20000,18359,15321,0.2938450492787677,0.8216173878989622,0.36429978341994396,29426.699310302734,0.28984977826926334,0.8602180648490709,0.3949426868193352,375801414.3015767
external:bunker10|-1|0|all,external:bunker10,-1,0,all,15,2019,all,2000,19082,15502,0.01599793575022578,0.8164752935105147,0.025684796655764345,35441.404148340225,0.0033480640149275366,0.8606373442113555,0.02554431118193319,379540079.06700057
external:bunker10|-1|0|all,external:bunker10,-1,0,all,15,2019,all,3000,19082,15502,0.023932395819894207,0.8164752935105147,0.042608471994747835,35441.404148340225,0.007244711739622812,0.8606373442113555,0.03871622108687228,379540079.06700057
external:bunker10|-1|0|all,external:bunker10,-1,0,all,15,2019,all,5000,19082,15502,0.03838214423945297,0.8164752935105147,0.07283608496568328,35441.404148340225,0.013524847439784424,0.8606373442113555,0.06435634750751745,379540079.06700057
external:bunker10|-1|0|all,external:bunker10,-1,0,all,15,2019,all,7000,19082,15502,0.054702619016901044,0.8164752935105147,0.11401067340830583,35441.404148340225,0.025413964186254457,0.8606373442113555,0.1016953345311758,379540079.06700057
external:bunker10|-1|0|all,external:bunker10,-1,0,all,15,2019,all,10000,19082,15502,0.08540833440846342,0.8164752935105147,0.1837758920371648,35441.404148340225,0.04834922123897128,0.8606373442113555,0.17506876228785048,379540079.06700057
external:bunker10|-1|0|all,external:bunker10,-1,0,all,15,2019,all,15000,19082,15502,0.16255966972003613,0.8164752935105147,0.3144561919957481,35441.404148340225,0.14925390137628256,0.8606373442113555,0.33352327285842037,379540079.06700057
external:bunker10|-1|0|all,external:bunker10,-1,0,all,15,2019,all,20000,19082,15502,0.23977551283705328,0.8164752935105147,0.40590076261733915,35441.404148340225,0.23281777494087108,0.8606373442113555,0.422410732762228,379540079.06700057
external:bunker10|-1|0|all,external:bunker10,-1,0,all,15,2020,all,2000,19477,15740,0.015184243964421855,0.8201397712833545,0.024740192826748254,36266.76566576958,0.003061589832552938,0.8620443611972012,0.026392695736703758,372921426.8666702
external:bunker10|-1|0|all,external:bunker10,-1,0,all,15,2020,all,3000,19477,15740,0.022744599745870394,0.8201397712833545,0.0420972724432828,36266.76566576958,0.007017897996176273,0.8620443611972012,0.040837809881264224,372921426.8666702
external:bunker10|-1|0|all,external:bunker10,-1,0,all,15,2020,all,5000,19477,15740,0.03729351969504447,0.8201397712833545,0.07301279923193145,36266.76566576958,0.013831040748402842,0.8620443611972012,0.0671297213583197,372921426.8666702
external:bunker10|-1|0|all,external:bunker10,-1,0,all,15,2020,all,7000,19477,15740,0.05324015247776366,0.8201397712833545,0.11372996269798508,36266.76566576958,0.02399301886903878,0.8620443611972012,0.10405372780833483,372921426.8666702
external:bunker10|-1|0|all,external:bunker10,-1,0,all,15,2020,all,10000,19477,15740,0.08373570520965692,0.8201397712833545,0.18545156965833828,36266.76566576958,0.04754157780259851,0.8620443611972012,0.17844658381045028,372921426.8666702
external:bunker10|-1|0|all,external:bunker10,-1,0,all,15,2020,all,15000,19477,15740,0.1560355781448539,0.8201397712833545,0.310539734152537,36266.76566576958,0.1446412654713796,0.8620443611972012,0.32683005463820075,372921426.8666702
external:bunker10|-1|0|all,external:bunker10,-1,0,all,15,2020,all,20000,19477,15740,0.23138500635324016,0.8201397712833545,0.4004372431564135,36266.76566576958,0.21984852076856212,0.8620443611972012,0.4132357492423427,372921426.8666702
external:bunker10|-1|0|all,external:bunker10,-1,0,all,15,2021,all,2000,19938,16620,0.012033694344163659,0.8113718411552346,0.021740831951660537,36733.62541604042,0.0026490358055648706,0.8590861339899536,0.021201458883997708,402751115.67513466
external:bunker10|-1|0|all,external:bunker10,-1,0,all,15,2021,all,3000,19938,16620,0.019133574007220218,0.8113718411552346,0.03847116715546366,36733.62541604042,0.005839021939786766,0.8590861339899536,0.03480917592003443,402751115.67513466
external:bunker10|-1|0|all,external:bunker10,-1,0,all,15,2021,all,5000,19938,16620,0.032310469314079424,0.8113718411552346,0.06951954900044731,36733.62541604042,0.012853610749253173,0.8590861339899536,0.06169222932389398,402751115.67513466
external:bunker10|-1|0|all,external:bunker10,-1,0,all,15,2021,all,7000,19938,16620,0.04885679903730445,0.8113718411552346,0.10911180573737693,36733.62541604042,0.025418973468477407,0.8590861339899536,0.0982195644998627,402751115.67513466
external:bunker10|-1|0|all,external:bunker10,-1,0,all,15,2021,all,10000,19938,16620,0.07515042117930204,0.8113718411552346,0.17887631446279,36733.62541604042,0.04880492433105132,0.8590861339899536,0.17196052925336702,402751115.67513466
external:bunker10|-1|0|all,external:bunker10,-1,0,all,15,2021,all,15000,19938,16620,0.1483754512635379,0.8113718411552346,0.3036853984163941,36733.62541604042,0.14889531812164172,0.8590861339899536,0.32350116459303807,402751115.67513466
external:bunker10|-1|0|all,external:bunker10,-1,0,all,15,2021,all,20000,19938,16620,0.22563176895306858,0.8113718411552346,0.39525842995798616,36733.62541604042,0.22809385549856226,0.8590861339899536,0.4138622587519642,402751115.67513466
external:bunker10|-1|0|all,external:bunker10,-1,0,all,15,2022,all,2000,19678,17691,0.010400768752473009,0.8169690803233283,0.024233493862277373,35736.41103363037,0.0024653061686284897,0.8658956038565734,0.023222669028892414,416269002.7583878
external:bunker10|-1|0|all,external:bunker10,-1,0,all,15,2022,all,3000,19678,17691,0.017805663896896726,0.8169690803233283,0.040984608259793776,35736.41103363037,0.00573031169451508,0.8658956038565734,0.03679049865322406,416269002.7583878
external:bunker10|-1|0|all,external:bunker10,-1,0,all,15,2022,all,5000,19678,17691,0.031371884008818046,0.8169690803233283,0.07613776321860759,35736.41103363037,0.013231595979124692,0.8658956038565734,0.06826178608191599,416269002.7583878
external:bunker10|-1|0|all,external:bunker10,-1,0,all,15,2022,all,7000,19678,17691,0.048329659148719686,0.8169690803233283,0.11840616224409993,35736.41103363037,0.02633916329818429,0.8658956038565734,0.10739521488371376,416269002.7583878
external:bunker10|-1|0|all,external:bunker10,-1,0,all,15,2022,all,10000,19678,17691,0.07783618789214855,0.8169690803233283,0.18999234166418405,35736.41103363037,0.04995565645328888,0.8658956038565734,0.18238004436054683,416269002.7583878
external:bunker10|-1|0|all,external:bunker10,-1,0,all,15,2022,all,15000,19678,17691,0.1578768865524843,0.8169690803233283,0.3245092428240562,35736.41103363037,0.1587553143566752,0.8658956038565734,0.3429065334783072,416269002.7583878
external:bunker10|-1|0|all,external:bunker10,-1,0,all,15,2022,all,20000,19678,17691,0.2400090441467413,0.8169690803233283,0.4154516791333889,35736.41103363037,0.24190283762842935,0.8658956038565734,0.43255663557920254,416269002.7583878
external:bunker10|-1|0|all,external:bunker10,-1,0,all,15,2023,all,2000,19387,17714,0.011121147115276052,0.8124647171728576,0.027654520011440985,35592.35429811478,0.0033146969246133024,0.8620542504014901,0.0266589256691674,402553372.73066664
external:bunker10|-1|0|all,external:bunker10,-1,0,all,15,2023,all,3000,19387,17714,0.018403522637461894,0.8124647171728576,0.043886304789559315,35592.35429811478,0.0066557280626451925,0.8620542504014901,0.0400654244072812,402553372.73066664
external:bunker10|-1|0|all,external:bunker10,-1,0,all,15,2023,all,5000,19387,17714,0.03364570396296714,0.8124647171728576,0.078730132109593,35592.35429811478,0.015588681440141118,0.8620542504014901,0.07067105267628286,402553372.73066664
external:bunker10|-1|0|all,external:bunker10,-1,0,all,15,2023,all,7000,19387,17714,0.05137179631929547,0.8124647171728576,0.12314175358194841,35592.35429811478,0.02942367639785502,0.8620542504014901,0.11123289759246165,402553372.73066664
external:bunker10|-1|0|all,external:bunker10,-1,0,all,15,2023,all,10000,19387,17714,0.08089646607203342,0.8124647171728576,0.19576785903221072,35592.35429811478,0.05050810182191686,0.8620542504014901,0.18457134922968063,402553372.73066664
external:bunker10|-1|0|all,external:bunker10,-1,0,all,15,2023,all,15000,19387,17714,0.15976064130066614,0.8124647171728576,0.3268155824311099,35592.35429811478,0.14628915011175936,0.8620542504014901,0.3352542765837115,402553372.73066664
external:bunker10|-1|0|all,external:bunker10,-1,0,all,15,2023,all,20000,19387,17714,0.23907643671672124,0.8124647171728576,0.419465192678383,35592.35429811478,0.22645192697730565,0.8620542504014901,0.4256054775050586,402553372.73066664
external:bunker10|-1|0|all,external:bunker10,-1,0,all,15,2024,all,2000,19307,16746,0.012838886898363789,0.7930849158007882,0.026209122152811185,35312.5609331131,0.003313211107516979,0.8405549586672827,0.025958934543605598,345651052.83723974
external:bunker10|-1|0|all,external:bunker10,-1,0,all,15,2024,all,3000,19307,16746,0.019049325211990924,0.7930849158007882,0.04180209608721785,35312.5609331131,0.006354380335520199,0.8405549586672827,0.03865796230514493,345651052.83723974
external:bunker10|-1|0|all,external:bunker10,-1,0,all,15,2024,all,5000,19307,16746,0.0354114415382778,0.7930849158007882,0.07569130792265577,35312.5609331131,0.015059532201006318,0.8405549586672827,0.06924269238775793,345651052.83723974
external:bunker10|-1|0|all,external:bunker10,-1,0,all,15,2024,all,7000,19307,16746,0.05619252358772244,0.7930849158007882,0.1172543182772797,35312.5609331131,0.032080566640090624,0.8405549586672827,0.1087004378425987,345651052.83723974
external:bunker10|-1|0|all,external:bunker10,-1,0,all,15,2024,all,10000,19307,16746,0.08622954735459214,0.7930849158007882,0.1847478153397885,35312.5609331131,0.05269377541784922,0.8405549586672827,0.1786359045882291,345651052.83723974
external:bunker10|-1|0|all,external:bunker10,-1,0,all,15,2024,all,15000,19307,16746,0.16182969067239938,0.7930849158007882,0.31136016610106837,35312.5609331131,0.14323450919963684,0.8405549586672827,0.31938105328327115,345651052.83723974
external:bunker10|-1|0|all,external:bunker10,-1,0,all,15,2024,all,20000,19307,16746,0.24053505314702017,0.7930849158007882,0.400297757466231,35312.5609331131,0.2159883183088859,0.8405549586672827,0.4024315531169271,345651052.83723974
external:bunker10|-1|0|all,external:bunker10,-1,0,all,15,2025,all,2000,19237,17006,0.013289427260966718,0.8011290132894273,0.024592198445146967,34100.75419378281,0.003690218864162042,0.8441391596416044,0.02468110285286815,352283151.2208217
external:bunker10|-1|0|all,external:bunker10,-1,0,all,15,2025,all,3000,19237,17006,0.019698929789486064,0.8011290132894273,0.03988243309430396,34100.75419378281,0.00656929232005194,0.8441391596416044,0.03733072024906312,352283151.2208217
external:bunker10|-1|0|all,external:bunker10,-1,0,all,15,2025,all,5000,19237,17006,0.034693637539691874,0.8011290132894273,0.07373727237750949,34100.75419378281,0.013197012326622968,0.8441391596416044,0.06699155738412943,352283151.2208217
external:bunker10|-1|0|all,external:bunker10,-1,0,all,15,2025,all,7000,19237,17006,0.05515700341056098,0.8011290132894273,0.11617254606628552,34100.75419378281,0.02911144619217716,0.8441391596416044,0.10596859180194879,352283151.2208217
external:bunker10|-1|0|all,external:bunker10,-1,0,all,15,2025,all,10000,19237,17006,0.08373515229918853,0.8011290132894273,0.18770868955290387,34100.75419378281,0.050859821208113026,0.8441391596416044,0.18071993497891256,352283151.2208217
external:bunker10|-1|0|all,external:bunker10,-1,0,all,15,2025,all,15000,19237,17006,0.15829707162178056,0.8011290132894273,0.3105538163174723,34100.75419378281,0.12830067911468276,0.8441391596416044,0.3131848345906191,352283151.2208217
external:bunker10|-1|0|all,external:bunker10,-1,0,all,15,2025,all,20000,19237,17006,0.23762201575914382,0.8011290132894273,0.4012693800198203,34100.75419378281,0.20108338835407713,0.8441391596416044,0.39863963207366354,352283151.2208217
external:bunker10|-1|0|all,external:bunker10,-1,0,all,15,2018,bulk,2000,7047,6294,0.01159834763266603,0.8593898951382268,0.01287328447629135,32554.04023218155,0.0028139658574682113,0.8567779592270877,0.011623486509560237,105931325.94087625
external:bunker10|-1|0|all,external:bunker10,-1,0,all,15,2018,bulk,3000,7047,6294,0.015411503018748014,0.8593898951382268,0.021666605546747694,32554.04023218155,0.00405774750366139,0.8567779592270877,0.01911577344838832,105931325.94087625
external:bunker10|-1|0|all,external:bunker10,-1,0,all,15,2018,bulk,5000,7047,6294,0.025579917381633302,0.8593898951382268,0.03846563400804828,32554.04023218155,0.0070515883060541015,0.8567779592270877,0.03306210326304866,105931325.94087625
external:bunker10|-1|0|all,external:bunker10,-1,0,all,15,2018,bulk,7000,7047,6294,0.03479504289799809,0.8593898951382268,0.0626911752305173,32554.04023218155,0.009955517529900065,0.8567779592270877,0.05544159789728939,105931325.94087625
external:bunker10|-1|0|all,external:bunker10,-1,0,all,15,2018,bulk,10000,7047,6294,0.056085160470289164,0.8593898951382268,0.10369737365182495,32554.04023218155,0.018140995538382488,0.8567779592270877,0.09213496130645447,105931325.94087625
external:bunker10|-1|0|all,external:bunker10,-1,0,all,15,2018,bulk,15000,7047,6294,0.1124880838894185,0.8593898951382268,0.17984887277841882,32554.04023218155,0.05117210592655259,0.8567779592270877,0.1617826831337278,105931325.94087625
external:bunker10|-1|0|all,external:bunker10,-1,0,all,15,2018,bulk,20000,7047,6294,0.19987289482046394,0.8593898951382268,0.24751766626055102,32554.04023218155,0.11402038745535903,0.8567779592270877,0.22658128828864993,105931325.94087625
external:bunker10|-1|0|all,external:bunker10,-1,0,all,15,2019,bulk,2000,7336,6371,0.010673363679171245,0.8563804740229164,0.011724499867092168,38828.222452163696,0.0019707022237350777,0.8713397256885822,0.011787928920712697,107480973.05258611
external:bunker10|-1|0|all,external:bunker10,-1,0,all,15,2019,bulk,3000,7336,6371,0.014911316904724532,0.8563804740229164,0.020174494743313173,38828.222452163696,0.0034597452693469672,0.8713397256885822,0.019227271158535696,107480973.05258611
external:bunker10|-1|0|all,external:bunker10,-1,0,all,15,2019,bulk,5000,7336,6371,0.02323026212525506,0.8563804740229164,0.03785669580521295,38828.222452163696,0.005935500386352658,0.8713397256885822,0.03411838132997155,107480973.05258611
external:bunker10|-1|0|all,external:bunker10,-1,0,all,15,2019,bulk,7000,7336,6371,0.029351750117720923,0.8563804740229164,0.06364442943779573,38828.222452163696,0.007592604071917141,0.8713397256885822,0.05813423480911726,107480973.05258611
external:bunker10|-1|0|all,external:bunker10,-1,0,all,15,2019,bulk,10000,7336,6371,0.04897190393972689,0.8563804740229164,0.11179611930568852,38828.222452163696,0.013647619861122628,0.8713397256885822,0.10169350695351785,107480973.05258611
external:bunker10|-1|0|all,external:bunker10,-1,0,all,15,2019,bulk,15000,7336,6371,0.08899701773661906,0.8563804740229164,0.20732241325070086,38828.222452163696,0.03578945542395739,0.8713397256885822,0.18821459497261814,107480973.05258611
external:bunker10|-1|0|all,external:bunker10,-1,0,all,15,2019,bulk,20000,7336,6371,0.14911316904724534,0.8563804740229164,0.3028734996008882,38828.222452163696,0.07769285149573119,0.8713397256885822,0.27735525281304235,107480973.05258611
external:bunker10|-1|0|all,external:bunker10,-1,0,all,15,2020,bulk,2000,7551,6573,0.009128251939753538,0.8513616309143466,0.01011606210028856,40511.11716222763,0.0016141093374933075,0.86238521218398,0.010411162846803197,110231376.74413323
external:bunker10|-1|0|all,external:bunker10,-1,0,all,15,2020,bulk,3000,7551,6573,0.011714589989350373,0.8513616309143466,0.01902462190984129,40511.11716222763,0.0025858385409265367,0.86238521218398,0.018259077086448274,110231376.74413323
external:bunker10|-1|0|all,external:bunker10,-1,0,all,15,2020,bulk,5000,7551,6573,0.018256503879507075,0.8513616309143466,0.036089712970880025,40511.11716222763,0.004396669954316546,0.86238521218398,0.03232609257378311,110231376.74413323
external:bunker10|-1|0|all,external:bunker10,-1,0,all,15,2020,bulk,7000,7551,6573,0.02571124296363913,0.8513616309143466,0.06091107178574316,40511.11716222763,0.0062438334282591875,0.86238521218398,0.05505355470107327,110231376.74413323
external:bunker10|-1|0|all,external:bunker10,-1,0,all,15,2020,bulk,10000,7551,6573,0.04001217100258634,0.8513616309143466,0.11049158088714482,40511.11716222763,0.010922319392420278,0.86238521218398,0.09920777899455038,110231376.74413323
external:bunker10|-1|0|all,external:bunker10,-1,0,all,15,2020,bulk,15000,7551,6573,0.0760687661646128,0.8513616309143466,0.2012881602540193,40511.11716222763,0.02920248047708333,0.86238521218398,0.17993572544270456,110231376.74413323
external:bunker10|-1|0|all,external:bunker10,-1,0,all,15,2020,bulk,20000,7551,6573,0.13205537806176784,0.8513616309143466,0.2944601261482869,40511.11716222763,0.06912421666314776,0.86238521218398,0.26812418449937025,110231376.74413323
external:bunker10|-1|0|all,external:bunker10,-1,0,all,15,2021,bulk,2000,7737,6773,0.005462867267089916,0.8312416949653034,0.007335624894908195,40895.43893289566,0.0012878121693168532,0.8463670043029647,0.007016477178846137,114590489.04770026
external:bunker10|-1|0|all,external:bunker10,-1,0,all,15,2021,bulk,3000,7737,6773,0.008120478369998524,0.8312416949653034,0.014631566171788304,40895.43893289566,0.0018317356707180713,0.8463670043029647,0.013382702034294224,114590489.04770026
external:bunker10|-1|0|all,external:bunker10,-1,0,all,15,2021,bulk,5000,7737,6773,0.012549830208179536,0.8312416949653034,0.028674392452431984,40895.43893289566,0.0030663208551876945,0.8463670043029647,0.025024954446706164,114590489.04770026
external:bunker10|-1|0|all,external:bunker10,-1,0,all,15,2021,bulk,7000,7737,6773,0.01727447216890595,0.8312416949653034,0.05196676402874626,40895.43893289566,0.0044079407128732005,0.8463670043029647,0.04653864942333067,114590489.04770026
external:bunker10|-1|0|all,external:bunker10,-1,0,all,15,2021,bulk,10000,7737,6773,0.029086077070721986,0.8312416949653034,0.09777405674544232,40895.43893289566,0.008130227663905483,0.8463670043029647,0.08711217404637464,114590489.04770026
external:bunker10|-1|0|all,external:bunker10,-1,0,all,15,2021,bulk,15000,7737,6773,0.060829765244352574,0.8312416949653034,0.18387151910135313,40895.43893289566,0.024842843214536156,0.8463670043029647,0.1652720574265621,114590489.04770026
external:bunker10|-1|0|all,external:bunker10,-1,0,all,15,2021,bulk,20000,7737,6773,0.11472021260888823,0.8312416949653034,0.27360374096611023,40895.43893289566,0.06130306765094867,0.8463670043029647,0.2489502840083488,114590489.04770026
external:bunker10|-1|0|all,external:bunker10,-1,0,all,15,2022,bulk,2000,7632,7090,0.005359661495063469,0.8404795486600847,0.009744672850486193,39439.47188973427,0.0014161711948218114,0.8648252739209418,0.00925995046637676,112312089.23688376
external:bunker10|-1|0|all,external:bunker10,-1,0,all,15,2022,bulk,3000,7632,7090,0.008744710860366713,0.8404795486600847,0.01732372673463912,39439.47188973427,0.0024642446437131093,0.8648252739209418,0.015695823766642955,112312089.23688376
external:bunker10|-1|0|all,external:bunker10,-1,0,all,15,2022,bulk,5000,7632,7090,0.014809590973201692,0.8404795486600847,0.03327263089171326,39439.47188973427,0.004555874173199346,0.8648252739209418,0.028975630378640236,112312089.23688376
external:bunker10|-1|0|all,external:bunker10,-1,0,all,15,2022,bulk,7000,7632,7090,0.02157968970380818,0.8404795486600847,0.05882103475614632,39439.47188973427,0.006507316459272383,0.8648252739209418,0.05253816846924726,112312089.23688376
external:bunker10|-1|0|all,external:bunker10,-1,0,all,15,2022,bulk,10000,7632,7090,0.03596614950634697,0.8404795486600847,0.10724788348060717,39439.47188973427,0.011025133592646673,0.8648252739209418,0.0955518215364757,112312089.23688376
external:bunker10|-1|0|all,external:bunker10,-1,0,all,15,2022,bulk,15000,7632,7090,0.07348377997179126,0.8404795486600847,0.20102898116422097,39439.47188973427,0.031084602967290435,0.8648252739209418,0.18183934569736934,112312089.23688376
external:bunker10|-1|0|all,external:bunker10,-1,0,all,15,2022,bulk,20000,7632,7090,0.1393511988716502,0.8404795486600847,0.2965687518684472,39439.47188973427,0.07802124855134436,0.8648252739209418,0.27332023071643363,112312089.23688376
external:bunker10|-1|0|all,external:bunker10,-1,0,all,15,2023,bulk,2000,7477,7061,0.005381673983854978,0.8460557994618326,0.010564768682067313,37560.52333068848,0.0018015733936110692,0.864435498292265,0.009923139889311264,110647670.76535952
external:bunker10|-1|0|all,external:bunker10,-1,0,all,15,2023,bulk,3000,7477,7061,0.010196855969409432,0.8460557994618326,0.018630503785363142,37560.52333068848,0.0033301248641248956,0.864435498292265,0.016871157451435755,110647670.76535952
external:bunker10|-1|0|all,external:bunker10,-1,0,all,15,2023,bulk,5000,7477,7061,0.018127743945616767,0.8460557994618326,0.036353135602622384,37560.52333068848,0.005246545369683784,0.864435498292265,0.03171233658662504,110647670.76535952
external:bunker10|-1|0|all,external:bunker10,-1,0,all,15,2023,bulk,7000,7477,7061,0.02662512392012463,0.8460557994618326,0.0666531790091827,37560.52333068848,0.007867470270708488,0.864435498292265,0.059361566955788495,110647670.76535952
external:bunker10|-1|0|all,external:bunker10,-1,0,all,15,2023,bulk,10000,7477,7061,0.04277014587168956,0.8460557994618326,0.11981077604061377,37560.52333068848,0.014039766554643337,0.864435498292265,0.10547732739166005,110647670.76535952
external:bunker10|-1|0|all,external:bunker10,-1,0,all,15,2023,bulk,15000,7477,7061,0.08426568474720295,0.8460557994618326,0.2171433321295891,37560.52333068848,0.036658467517782706,0.864435498292265,0.19388394655777133,110647670.76535952
external:bunker10|-1|0|all,external:bunker10,-1,0,all,15,2023,bulk,20000,7477,7061,0.1506868715479394,0.8460557994618326,0.3174444006854681,37560.52333068848,0.08431797296214896,0.864435498292265,0.2881046128302268,110647670.76535952
external:bunker10|-1|0|all,external:bunker10,-1,0,all,15,2024,bulk,2000,7486,6665,0.005101275318829707,0.8349587396849212,0.009095943827221778,36782.526773929596,0.0011601430641703745,0.8562632166880302,0.008853669793845501,98627135.05845238
external:bunker10|-1|0|all,external:bunker10,-1,0,all,15,2024,bulk,3000,7486,6665,0.007651912978244561,0.8349587396849212,0.016780209292402714,36782.526773929596,0.001919322447473667,0.8562632166880302,0.01550425497662289,98627135.05845238
external:bunker10|-1|0|all,external:bunker10,-1,0,all,15,2024,bulk,5000,7486,6665,0.014103525881470368,0.8349587396849212,0.03435887342106081,36782.526773929596,0.0035558577210342583,0.8562632166880302,0.029903150046065082,98627135.05845238
external:bunker10|-1|0|all,external:bunker10,-1,0,all,15,2024,bulk,7000,7486,6665,0.02415603900975244,0.8349587396849212,0.06111753867654157,36782.526773929596,0.006594804785323066,0.8562632166880302,0.054771294060642454,98627135.05845238
external:bunker10|-1|0|all,external:bunker10,-1,0,all,15,2024,bulk,10000,7486,6665,0.041710427606901725,0.8349587396849212,0.10933705313095905,36782.526773929596,0.012745884447820847,0.8562632166880302,0.09699289368735318,98627135.05845238
external:bunker10|-1|0|all,external:bunker10,-1,0,all,15,2024,bulk,15000,7486,6665,0.0846211552888222,0.8349587396849212,0.20509241645093668,36782.526773929596,0.037168004182028876,0.8562632166880302,0.1811681245121847,98627135.05845238
external:bunker10|-1|0|all,external:bunker10,-1,0,all,15,2024,bulk,20000,7486,6665,0.15273818454613652,0.8349587396849212,0.30116708297139827,36782.526773929596,0.08248890014001804,0.8562632166880302,0.27155996104023955,98627135.05845238
external:bunker10|-1|0|all,external:bunker10,-1,0,all,15,2025,bulk,2000,7455,6820,0.0036656891495601175,0.843841642228739,0.008273826536803187,36040.727504491806,0.0006968210143413855,0.8598793363142312,0.008207067840631386,102652487.81362358
external:bunker10|-1|0|all,external:bunker10,-1,0,all,15,2025,bulk,3000,7455,6820,0.006744868035190616,0.843841642228739,0.016369080810831094,36040.727504491806,0.0013502331716354471,0.8598793363142312,0.015370263398565993,102652487.81362358
external:bunker10|-1|0|all,external:bunker10,-1,0,all,15,2025,bulk,5000,7455,6820,0.01407624633431085,0.843841642228739,0.03471228917931584,36040.727504491806,0.0031792148961672,0.8598793363142312,0.03080161042015661,102652487.81362358
external:bunker10|-1|0|all,external:bunker10,-1,0,all,15,2025,bulk,7000,7455,6820,0.024193548387096774,0.843841642228739,0.06170008718473396,36040.727504491806,0.006193382800752216,0.8598793363142312,0.05519963300210058,102652487.81362358
external:bunker10|-1|0|all,external:bunker10,-1,0,all,15,2025,bulk,10000,7455,6820,0.040175953079178886,0.843841642228739,0.11170143363869323,36040.727504491806,0.013102564633605845,0.8598793363142312,0.10005317990575568,102652487.81362358
external:bunker10|-1|0|all,external:bunker10,-1,0,all,15,2025,bulk,15000,7455,6820,0.0844574780058651,0.843841642228739,0.2080340439736375,36040.727504491806,0.034697378435333444,0.8598793363142312,0.18277886965950071,102652487.81362358
external:bunker10|-1|0|all,external:bunker10,-1,0,all,15,2025,bulk,20000,7455,6820,0.1536656891495601,0.843841642228739,0.3107880248923905,36040.727504491806,0.08168651301035024,0.8598793363142312,0.27790838163312,102652487.81362358
external:bunker10|-1|0|all,external:bunker10,-1,0,all,15,2018,container,2000,3087,2234,0.026410026857654433,0.7990152193375112,0.06939782513276535,20587.801156520844,0.005130795762266495,0.905971043563251,0.05287647862928051,118520810.09335774
external:bunker10|-1|0|all,external:bunker10,-1,0,all,15,2018,container,3000,3087,2234,0.051924798567591766,0.7990152193375112,0.10584860034659586,20587.801156520844,0.012871899211481921,0.905971043563251,0.07537520618306448,118520810.09335774
external:bunker10|-1|0|all,external:bunker10,-1,0,all,15,2018,container,5000,3087,2234,0.0863921217547001,0.7990152193375112,0.15222784915361467,20587.801156520844,0.030298160938424277,0.905971043563251,0.11031747050065288,118520810.09335774
external:bunker10|-1|0|all,external:bunker10,-1,0,all,15,2018,container,7000,3087,2234,0.13652641002685764,0.7990152193375112,0.21147945954272998,20587.801156520844,0.06407949069182088,0.905971043563251,0.16260977487297354,118520810.09335774
external:bunker10|-1|0|all,external:bunker10,-1,0,all,15,2018,container,10000,3087,2234,0.19919427036705462,0.7990152193375112,0.31860535704065523,20587.801156520844,0.12382734052216944,0.905971043563251,0.29226044396783635,118520810.09335774
external:bunker10|-1|0|all,external:bunker10,-1,0,all,15,2018,container,15000,3087,2234,0.38406445837063563,0.7990152193375112,0.5143072071299034,20587.801156520844,0.39650160198445894,0.905971043563251,0.5538042186717947,118520810.09335774
external:bunker10|-1|0|all,external:bunker10,-1,0,all,15,2018,container,20000,3087,2234,0.4937332139659803,0.7990152193375112,0.5758590154703549,20587.801156520844,0.554329688576073,0.905971043563251,0.6297657897162241,118520810.09335774
external:bunker10|-1|0|all,external:bunker10,-1,0,all,15,2019,container,2000,3179,2209,0.033046627433227706,0.7799909461294704,0.07121720652330311,22618.087495803833,0.007976903514947507,0.8906381311597159,0.054435723173535865,112900932.10432205
external:bunker10|-1|0|all,external:bunker10,-1,0,all,15,2019,container,3000,3179,2209,0.06201901312811227,0.7799909461294704,0.10707798771136234,22618.087495803833,0.01844355700387502,0.8906381311597159,0.07575271517805304,112900932.10432205
external:bunker10|-1|0|all,external:bunker10,-1,0,all,15,2019,container,5000,3179,2209,0.0869171570846537,0.7799909461294704,0.149663946776132,22618.087495803833,0.029706084458816853,0.8906381311597159,0.10863935994715353,112900932.10432205
external:bunker10|-1|0|all,external:bunker10,-1,0,all,15,2019,container,7000,3179,2209,0.13037573562698054,0.7799909461294704,0.21165437826736244,22618.087495803833,0.061110103360876175,0.8906381311597159,0.16058414727963458,112900932.10432205
external:bunker10|-1|0|all,external:bunker10,-1,0,all,15,2019,container,10000,3179,2209,0.1815301041195111,0.7799909461294704,0.3138108938380623,22618.087495803833,0.11093441722662566,0.8906381311597159,0.27941177140337364,112900932.10432205
external:bunker10|-1|0|all,external:bunker10,-1,0,all,15,2019,container,15000,3179,2209,0.3454051607062019,0.7799909461294704,0.5219499064934726,22618.087495803833,0.34972452256873104,0.8906381311597159,0.5585963571895388,112900932.10432205
external:bunker10|-1|0|all,external:bunker10,-1,0,all,15,2019,container,20000,3179,2209,0.4481665912177456,0.7799909461294704,0.5996173739970515,22618.087495803833,0.4932117538884943,0.8906381311597159,0.6502884525061848,112900932.10432205
external:bunker10|-1|0|all,external:bunker10,-1,0,all,15,2020,container,2000,3213,2212,0.034358047016274866,0.7861663652802894,0.07349078539094298,23346.564227104187,0.00758162088723376,0.8925392455183986,0.059823215829813245,108542458.07730708
external:bunker10|-1|0|all,external:bunker10,-1,0,all,15,2020,container,3000,3213,2212,0.06238698010849909,0.7861663652802894,0.11325763788936592,23346.564227104187,0.018548180918527744,0.8925392455183986,0.08582124468688282,108542458.07730708
external:bunker10|-1|0|all,external:bunker10,-1,0,all,15,2020,container,5000,3213,2212,0.09358047016274865,0.7861663652802894,0.16278068243263596,23346.564227104187,0.03348581436806788,0.8925392455183986,0.12283015331639523,108542458.07730708
external:bunker10|-1|0|all,external:bunker10,-1,0,all,15,2020,container,7000,3213,2212,0.12929475587703435,0.7861663652802894,0.22245159800953207,23346.564227104187,0.05923842618942834,0.8925392455183986,0.17382272614846822,108542458.07730708
external:bunker10|-1|0|all,external:bunker10,-1,0,all,15,2020,container,10000,3213,2212,0.19529837251356238,0.7861663652802894,0.3257194994564987,23346.564227104187,0.11525663698741506,0.8925392455183986,0.29520233613773184,108542458.07730708
external:bunker10|-1|0|all,external:bunker10,-1,0,all,15,2020,container,15000,3213,2212,0.35488245931283907,0.7861663652802894,0.5248084400858624,23346.564227104187,0.35467750674911436,0.8925392455183986,0.5612120434883054,108542458.07730708
external:bunker10|-1|0|all,external:bunker10,-1,0,all,15,2020,container,20000,3213,2212,0.43806509945750455,0.7861663652802894,0.5955299843273374,23346.564227104187,0.46761635017147146,0.8925392455183986,0.6451196004741039,108542458.07730708
external:bunker10|-1|0|all,external:bunker10,-1,0,all,15,2021,container,2000,3329,2505,0.023952095808383235,0.794810379241517,0.06211417389172497,22829.372354507446,0.005673540119949421,0.8963146067484438,0.04458898757348052,124018948.85395382
external:bunker10|-1|0|all,external:bunker10,-1,0,all,15,2021,container,3000,3329,2505,0.04950099800399202,0.794810379241517,0.09991034431434632,22829.372354507446,0.014182162955369398,0.8963146067484438,0.06825047604957062,124018948.85395382
external:bunker10|-1|0|all,external:bunker10,-1,0,all,15,2021,container,5000,3329,2505,0.08303393213572854,0.794810379241517,0.15607139732070538,22829.372354507446,0.0302376541890174,0.8963146067484438,0.10936286027178878,124018948.85395382
external:bunker10|-1|0|all,external:bunker10,-1,0,all,15,2021,container,7000,3329,2505,0.12135728542914172,0.794810379241517,0.21692700295746345,22829.372354507446,0.06137608603542717,0.8963146067484438,0.1619517499518935,124018948.85395382
external:bunker10|-1|0|all,external:bunker10,-1,0,all,15,2021,container,10000,3329,2505,0.18003992015968065,0.794810379241517,0.3195279917333675,22829.372354507446,0.11558335088229049,0.8963146067484438,0.2837336502437873,124018948.85395382
external:bunker10|-1|0|all,external:bunker10,-1,0,all,15,2021,container,15000,3329,2505,0.35528942115768464,0.794810379241517,0.5287355331514997,22829.372354507446,0.36008218309390283,0.8963146067484438,0.5583150031050335,124018948.85395382
external:bunker10|-1|0|all,external:bunker10,-1,0,all,15,2021,container,20000,3329,2505,0.4439121756487026,0.794810379241517,0.5995776962354815,22829.372354507446,0.48579353792016894,0.8963146067484438,0.6475115233035061,124018948.85395382
external:bunker10|-1|0|all,external:bunker10,-1,0,all,15,2022,container,2000,3281,2890,0.02179930795847751,0.8173010380622837,0.06285561967753579,22549.00202846527,0.00535018651188419,0.8952538336124481,0.04686423868635544,135650132.90110427
external:bunker10|-1|0|all,external:bunker10,-1,0,all,15,2022,container,3000,3281,2890,0.04152249134948097,0.8173010380622837,0.09782627852131094,22549.00202846527,0.01287438632851609,0.8952538336124481,0.0696362472590786,135650132.90110427
external:bunker10|-1|0|all,external:bunker10,-1,0,all,15,2022,container,5000,3281,2890,0.06885813148788927,0.8173010380622837,0.1647364452950002,22549.00202846527,0.02848366748036662,0.8952538336124481,0.12092940322367997,135650132.90110427
external:bunker10|-1|0|all,external:bunker10,-1,0,all,15,2022,container,7000,3281,2890,0.10934256055363321,0.8173010380622837,0.22997037641841994,22549.00202846527,0.06074730114067796,0.8952538336124481,0.17599121965868356,135650132.90110427
external:bunker10|-1|0|all,external:bunker10,-1,0,all,15,2022,container,10000,3281,2890,0.1695501730103806,0.8173010380622837,0.3321431001592472,22549.00202846527,0.11226069433311109,0.8952538336124481,0.2928874834898641,135650132.90110427
external:bunker10|-1|0|all,external:bunker10,-1,0,all,15,2022,container,15000,3281,2890,0.35294117647058826,0.8173010380622837,0.5451911504908917,22549.00202846527,0.3628941860444085,0.8952538336124481,0.5631217231263049,135650132.90110427
external:bunker10|-1|0|all,external:bunker10,-1,0,all,15,2022,container,20000,3281,2890,0.44809688581314877,0.8173010380622837,0.6147437513675384,22549.00202846527,0.48497653899316295,0.8952538336124481,0.6488661935774046,135650132.90110427
external:bunker10|-1|0|all,external:bunker10,-1,0,all,15,2023,container,2000,3293,2948,0.024762550881953865,0.8012211668928086,0.0743193148186958,24272.951630830765,0.007364997218888667,0.8935120137323537,0.057595154387566315,125799715.08273844
external:bunker10|-1|0|all,external:bunker10,-1,0,all,15,2023,container,3000,3293,2948,0.042401628222523746,0.8012211668928086,0.1079313376530672,24272.951630830765,0.014772538124843314,0.8935120137323537,0.08142982741747798,125799715.08273844
external:bunker10|-1|0|all,external:bunker10,-1,0,all,15,2023,container,5000,3293,2948,0.07700135685210312,0.8012211668928086,0.174762110226359,24272.951630830765,0.035930470826181345,0.8935120137323537,0.13304574534269456,125799715.08273844
external:bunker10|-1|0|all,external:bunker10,-1,0,all,15,2023,container,7000,3293,2948,0.12042062415196743,0.8012211668928086,0.24411250158989617,24272.951630830765,0.07052072317222897,0.8935120137323537,0.19206175196050793,125799715.08273844
external:bunker10|-1|0|all,external:bunker10,-1,0,all,15,2023,container,10000,3293,2948,0.17265943012211668,0.8012211668928086,0.3423793071150427,24272.951630830765,0.11368205615837437,0.8935120137323537,0.3033448376246671,125799715.08273844
external:bunker10|-1|0|all,external:bunker10,-1,0,all,15,2023,container,15000,3293,2948,0.33344640434192674,0.8012211668928086,0.5296789993791601,24272.951630830765,0.33285923330642764,0.8935120137323537,0.5489045972034193,125799715.08273844
external:bunker10|-1|0|all,external:bunker10,-1,0,all,15,2023,container,20000,3293,2948,0.4216417910447761,0.8012211668928086,0.6002563520039877,24272.951630830765,0.45579000950400733,0.8935120137323537,0.6368414948816203,125799715.08273844
external:bunker10|-1|0|all,external:bunker10,-1,0,all,15,2024,container,2000,3234,2715,0.026887661141804787,0.7786372007366482,0.06969874754761785,26224.961062431335,0.007745189575869859,0.8763951165431993,0.056360843719799034,104349434.68038616
external:bunker10|-1|0|all,external:bunker10,-1,0,all,15,2024,container,3000,3234,2715,0.04640883977900553,0.7786372007366482,0.10203061500684188,26224.961062431335,0.015883278445921134,0.8763951165431993,0.07876873130096555,104349434.68038616
external:bunker10|-1|0|all,external:bunker10,-1,0,all,15,2024,container,5000,3234,2715,0.07845303867403315,0.7786372007366482,0.1668950746641675,26224.961062431335,0.035596410601395595,0.8763951165431993,0.13111950804693442,104349434.68038616
external:bunker10|-1|0|all,external:bunker10,-1,0,all,15,2024,container,7000,3234,2715,0.1278084714548803,0.7786372007366482,0.23471670341703307,26224.961062431335,0.07859127978769559,0.8763951165431993,0.19251415940330363,104349434.68038616
external:bunker10|-1|0|all,external:bunker10,-1,0,all,15,2024,container,10000,3234,2715,0.17569060773480663,0.7786372007366482,0.32978561653483657,26224.961062431335,0.11927679024360409,0.8763951165431993,0.3053654503951941,104349434.68038616
external:bunker10|-1|0|all,external:bunker10,-1,0,all,15,2024,container,15000,3234,2715,0.32486187845303865,0.7786372007366482,0.5132344100036358,26224.961062431335,0.32192690241613353,0.8763951165431993,0.5365856476567837,104349434.68038616
external:bunker10|-1|0|all,external:bunker10,-1,0,all,15,2024,container,20000,3234,2715,0.4044198895027624,0.7786372007366482,0.5760863131979416,26224.961062431335,0.42424678368383917,0.8763951165431993,0.6085618884179399,104349434.68038616
external:bunker10|-1|0|all,external:bunker10,-1,0,all,15,2025,container,2000,3231,2779,0.02626844188557035,0.7848146815401223,0.06521451764087041,26802.771185159683,0.008921848934179409,0.8695044895132028,0.05234751500003023,106520517.95250499
external:bunker10|-1|0|all,external:bunker10,-1,0,all,15,2025,container,3000,3231,2779,0.04210147535084563,0.7848146815401223,0.09567604003435552,26802.771185159683,0.016011349592239307,0.8695044895132028,0.0735219632407773,106520517.95250499
external:bunker10|-1|0|all,external:bunker10,-1,0,all,15,2025,container,5000,3231,2779,0.06513134220942784,0.7848146815401223,0.1572217781734998,26802.771185159683,0.02935495583475996,0.8695044895132028,0.12038295522704631,106520517.95250499
external:bunker10|-1|0|all,external:bunker10,-1,0,all,15,2025,container,7000,3231,2779,0.11263044260525369,0.7848146815401223,0.22319421398122238,26802.771185159683,0.06853445041781958,0.8695044895132028,0.1778198262596121,106520517.95250499
external:bunker10|-1|0|all,external:bunker10,-1,0,all,15,2025,container,10000,3231,2779,0.16876574307304787,0.7848146815401223,0.3229342807354056,26802.771185159683,0.11471982316450323,0.8695044895132028,0.29515328131094787,106520517.95250499
external:bunker10|-1|0|all,external:bunker10,-1,0,all,15,2025,container,15000,3231,2779,0.301547319179561,0.7848146815401223,0.4919386537723483,26802.771185159683,0.27578534325502124,0.8695044895132028,0.5029435027478103,106520517.95250499
external:bunker10|-1|0|all,external:bunker10,-1,0,all,15,2025,container,20000,3231,2779,0.3904282115869018,0.7848146815401223,0.5596951686980102,26802.771185159683,0.3843099533305631,0.8695044895132028,0.5812292954095216,106520517.95250499
external:bunker10|-1|0|all,external:bunker10,-1,0,all,15,2018,gas,2000,939,820,0.014634146341463415,0.7280487804878049,0.012321750913265645,41070.07561087608,0.0004882726208163432,0.6975142300616815,0.007063435127438471,42785605.8627738
external:bunker10|-1|0|all,external:bunker10,-1,0,all,15,2018,gas,3000,939,820,0.01707317073170732,0.7280487804878049,0.021723952671799343,41070.07561087608,0.0005936761678832161,0.6975142300616815,0.012354509209059216,42785605.8627738
external:bunker10|-1|0|all,external:bunker10,-1,0,all,15,2018,gas,5000,939,820,0.03170731707317073,0.7280487804878049,0.05690020151595274,41070.07561087608,0.005700224797178598,0.6975142300616815,0.03322918811097077,42785605.8627738
external:bunker10|-1|0|all,external:bunker10,-1,0,all,15,2018,gas,7000,939,820,0.04878048780487805,0.7280487804878049,0.08642613658834054,41070.07561087608,0.008351616839614646,0.6975142300616815,0.04906000149121668,42785605.8627738
external:bunker10|-1|0|all,external:bunker10,-1,0,all,15,2018,gas,10000,939,820,0.07804878048780488,0.7280487804878049,0.1349257532571441,41070.07561087608,0.013851914937382099,0.6975142300616815,0.07762217786855799,42785605.8627738
external:bunker10|-1|0|all,external:bunker10,-1,0,all,15,2018,gas,15000,939,820,0.13048780487804879,0.7280487804878049,0.20637062842722612,41070.07561087608,0.05690457056755446,0.6975142300616815,0.14878411872204161,42785605.8627738
external:bunker10|-1|0|all,external:bunker10,-1,0,all,15,2018,gas,20000,939,820,0.22439024390243903,0.7280487804878049,0.3017067717472198,41070.07561087608,0.11515635847744196,0.6975142300616815,0.2167508562585899,42785605.8627738
external:bunker10|-1|0|all,external:bunker10,-1,0,all,15,2019,gas,2000,988,874,0.013729977116704805,0.7402745995423341,0.011022276844603522,50167.587073192,0.00023338609109382135,0.7196256182771261,0.007702460268778631,47321788.10558885
external:bunker10|-1|0|all,external:bunker10,-1,0,all,15,2019,gas,3000,988,874,0.016018306636155607,0.7402745995423341,0.020090092805810908,50167.587073192,0.00044849092376867425,0.7196256182771261,0.013630949117020525,47321788.10558885
external:bunker10|-1|0|all,external:bunker10,-1,0,all,15,2019,gas,5000,988,874,0.02745995423340961,0.7402745995423341,0.05678902770639118,50167.587073192,0.005366386277171588,0.7196256182771261,0.03475433672836112,47321788.10558885
external:bunker10|-1|0|all,external:bunker10,-1,0,all,15,2019,gas,7000,988,874,0.03775743707093822,0.7402745995423341,0.09093148487504298,50167.587073192,0.006209673358684129,0.7196256182771261,0.05369815017995698,47321788.10558885
external:bunker10|-1|0|all,external:bunker10,-1,0,all,15,2019,gas,10000,988,874,0.06750572082379863,0.7402745995423341,0.13233165884407141,50167.587073192,0.011743257355656034,0.7196256182771261,0.08027313266340036,47321788.10558885
external:bunker10|-1|0|all,external:bunker10,-1,0,all,15,2019,gas,15000,988,874,0.11670480549199085,0.7402745995423341,0.20363252271160626,50167.587073192,0.031029528372560095,0.7196256182771261,0.1385877496487216,47321788.10558885
external:bunker10|-1|0|all,external:bunker10,-1,0,all,15,2019,gas,20000,988,874,0.1853546910755149,0.7402745995423341,0.31305046056914465,50167.587073192,0.07451127265844364,0.7196256182771261,0.21749602496601209,47321788.10558885
external:bunker10|-1|0|all,external:bunker10,-1,0,all,15,2020,gas,2000,1039,913,0.009857612267250822,0.7513691128148959,0.008344695595192056,54017.139112472534,6.436226422150515e-05,0.7442529152979701,0.005672765084396113,48228247.50698542
external:bunker10|-1|0|all,external:bunker10,-1,0,all,15,2020,gas,3000,1039,913,0.009857612267250822,0.7513691128148959,0.015764529004339646,54017.139112472534,6.436226422150515e-05,0.7442529152979701,0.010947578092957768,48228247.50698542
external:bunker10|-1|0|all,external:bunker10,-1,0,all,15,2020,gas,5000,1039,913,0.02190580503833516,0.7513691128148959,0.04851668622845361,54017.139112472534,0.004352595528699482,0.7442529152979701,0.029730456857062302,48228247.50698542
external:bunker10|-1|0|all,external:bunker10,-1,0,all,15,2020,gas,7000,1039,913,0.029572836801752465,0.7513691128148959,0.08215390375093408,54017.139112472534,0.005295141016974432,0.7442529152979701,0.04997037055500154,48228247.50698542
external:bunker10|-1|0|all,external:bunker10,-1,0,all,15,2020,gas,10000,1039,913,0.05585980284775466,0.7513691128148959,0.1347458437335394,54017.139112472534,0.010104626649564163,0.7442529152979701,0.08268110335579282,48228247.50698542
external:bunker10|-1|0|all,external:bunker10,-1,0,all,15,2020,gas,15000,1039,913,0.09200438116100766,0.7513691128148959,0.1959794014524193,54017.139112472534,0.025013398851617394,0.7442529152979701,0.1333047072051002,48228247.50698542
external:bunker10|-1|0|all,external:bunker10,-1,0,all,15,2020,gas,20000,1039,913,0.171960569550931,0.7513691128148959,0.3137701212013847,54017.139112472534,0.07488440939840987,0.7442529152979701,0.2146502687582236,48228247.50698542
external:bunker10|-1|0|all,external:bunker10,-1,0,all,15,2021,gas,2000,1084,977,0.00511770726714432,0.7666325486182191,0.008534029157637662,60194.144417762756,5.711685527778281e-06,0.761934284106184,0.005167466041997147,54757181.74061106
external:bunker10|-1|0|all,external:bunker10,-1,0,all,15,2021,gas,3000,1084,977,0.007164790174002047,0.7666325486182191,0.015721851650977073,60194.144417762756,0.00019932066082881575,0.761934284106184,0.008844580118864102,54757181.74061106
external:bunker10|-1|0|all,external:bunker10,-1,0,all,15,2021,gas,5000,1084,977,0.017400204708290685,0.7666325486182191,0.0471167945514804,60194.144417762756,0.004254581594241854,0.761934284106184,0.027308494206834413,54757181.74061106
external:bunker10|-1|0|all,external:bunker10,-1,0,all,15,2021,gas,7000,1084,977,0.027635619242579325,0.7666325486182191,0.07759552580346571,60194.144417762756,0.005213435172210376,0.761934284106184,0.0451684233762974,54757181.74061106
external:bunker10|-1|0|all,external:bunker10,-1,0,all,15,2021,gas,10000,1084,977,0.04605936540429888,0.7666325486182191,0.12079122887376005,60194.144417762756,0.010220026334662229,0.761934284106184,0.07338731590934906,54757181.74061106
external:bunker10|-1|0|all,external:bunker10,-1,0,all,15,2021,gas,15000,1084,977,0.07471852610030706,0.7666325486182191,0.17429486202527478,60194.144417762756,0.02170485793514028,0.761934284106184,0.11838069270714932,54757181.74061106
external:bunker10|-1|0|all,external:bunker10,-1,0,all,15,2021,gas,20000,1084,977,0.15660184237461616,0.7666325486182191,0.3019467871114909,60194.144417762756,0.0753532727614724,0.761934284106184,0.21571549330875145,54757181.74061106
external:bunker10|-1|0|all,external:bunker10,-1,0,all,15,2022,gas,2000,1068,991,0.0030272452068617556,0.7699293642785066,0.008674028379019465,58282.219146728516,0.000744313375411486,0.7760450309700335,0.005632619441343195,51647188.76850494
external:bunker10|-1|0|all,external:bunker10,-1,0,all,15,2022,gas,3000,1068,991,0.006054490413723511,0.7699293642785066,0.016895180623470923,58282.219146728516,0.0010595970452004588,0.7760450309700335,0.009936507000241651,51647188.76850494
external:bunker10|-1|0|all,external:bunker10,-1,0,all,15,2022,gas,5000,1068,991,0.01917255297679112,0.7699293642785066,0.04699058038572329,58282.219146728516,0.006399002769621578,0.7760450309700335,0.02958497442137818,51647188.76850494
external:bunker10|-1|0|all,external:bunker10,-1,0,all,15,2022,gas,7000,1068,991,0.025227043390514632,0.7699293642785066,0.08065043563144124,58282.219146728516,0.007035012035482024,0.7760450309700335,0.05182456418504664,51647188.76850494
external:bunker10|-1|0|all,external:bunker10,-1,0,all,15,2022,gas,10000,1068,991,0.04641775983854692,0.7699293642785066,0.13343489232841127,58282.219146728516,0.010903713947000904,0.7760450309700335,0.08702905169459152,51647188.76850494
external:bunker10|-1|0|all,external:bunker10,-1,0,all,15,2022,gas,15000,1068,991,0.08173562058526741,0.7699293642785066,0.20047816483938866,58282.219146728516,0.03091934269399484,0.7760450309700335,0.15463218977375756,51647188.76850494
external:bunker10|-1|0|all,external:bunker10,-1,0,all,15,2022,gas,20000,1068,991,0.17255297679112008,0.7699293642785066,0.32406776222655787,58282.219146728516,0.09978591087725702,0.7760450309700335,0.24624734239941742,51647188.76850494
external:bunker10|-1|0|all,external:bunker10,-1,0,all,15,2023,gas,2000,1062,993,0.007049345417925478,0.7381671701913394,0.00804310079450276,68255.19874382019,0.00042822619042330335,0.752701024324701,0.004569989794315182,49204050.81387262
external:bunker10|-1|0|all,external:bunker10,-1,0,all,15,2023,gas,3000,1062,993,0.010070493454179255,0.7381671701913394,0.01429813217394827,68255.19874382019,0.0006499330181765579,0.752701024324701,0.008845963091754557,49204050.81387262
external:bunker10|-1|0|all,external:bunker10,-1,0,all,15,2023,gas,5000,1062,993,0.016112789526686808,0.7381671701913394,0.04493455666543323,68255.19874382019,0.004677819595687287,0.752701024324701,0.027558324498307134,49204050.81387262
external:bunker10|-1|0|all,external:bunker10,-1,0,all,15,2023,gas,7000,1062,993,0.025176233635448138,0.7381671701913394,0.07314353113461158,68255.19874382019,0.006465805246770203,0.752701024324701,0.04556196633155721,49204050.81387262
external:bunker10|-1|0|all,external:bunker10,-1,0,all,15,2023,gas,10000,1062,993,0.041289023162134945,0.7381671701913394,0.12188065016362999,68255.19874382019,0.00955344491939902,0.752701024324701,0.07755464361263854,49204050.81387262
external:bunker10|-1|0|all,external:bunker10,-1,0,all,15,2023,gas,15000,1062,993,0.09164149043303121,0.7381671701913394,0.18235542055435858,68255.19874382019,0.0280796117247859,0.752701024324701,0.13020961190379782,49204050.81387262
external:bunker10|-1|0|all,external:bunker10,-1,0,all,15,2023,gas,20000,1062,993,0.15911379657603222,0.7381671701913394,0.30223797378940975,68255.19874382019,0.06805772541028739,0.752701024324701,0.21855627102104133,49204050.81387262
external:bunker10|-1|0|all,external:bunker10,-1,0,all,15,2024,gas,2000,1069,951,0.007360672975814932,0.6750788643533123,0.008060010400778157,72602.70291805267,0.0002562402322852351,0.6566102273035356,0.004261596229149861,40063236.689144276
external:bunker10|-1|0|all,external:bunker10,-1,0,all,15,2024,gas,3000,1069,951,0.010515247108307046,0.6750788643533123,0.013275738868444055,72602.70291805267,0.00043181488285920657,0.6566102273035356,0.006564084916137122,40063236.689144276
external:bunker10|-1|0|all,external:bunker10,-1,0,all,15,2024,gas,5000,1069,951,0.023133543638275498,0.6750788643533123,0.03867346264770145,72602.70291805267,0.004186935793605669,0.6566102273035356,0.02191259513702102,40063236.689144276
external:bunker10|-1|0|all,external:bunker10,-1,0,all,15,2024,gas,7000,1069,951,0.030494216614090432,0.6750788643533123,0.06408106383256011,72602.70291805267,0.004963666848092235,0.6566102273035356,0.038469692108856604,40063236.689144276
external:bunker10|-1|0|all,external:bunker10,-1,0,all,15,2024,gas,10000,1069,951,0.05783385909568875,0.6750788643533123,0.11212315625868279,72602.70291805267,0.010859016335842374,0.6566102273035356,0.06663553340005741,40063236.689144276
external:bunker10|-1|0|all,external:bunker10,-1,0,all,15,2024,gas,15000,1069,951,0.10094637223974763,0.6750788643533123,0.16064653747418728,72602.70291805267,0.03183975294662626,0.6566102273035356,0.10448554270587912,40063236.689144276
external:bunker10|-1|0|all,external:bunker10,-1,0,all,15,2024,gas,20000,1069,951,0.1650893796004206,0.6750788643533123,0.25558671104345254,72602.70291805267,0.0680710330229519,0.6566102273035356,0.1688793351468779,40063236.689144276
external:bunker10|-1|0|all,external:bunker10,-1,0,all,15,2025,gas,2000,1057,951,0.007360672975814932,0.7066246056782335,0.006394774728706,61621.809067726135,0.00034253194239850177,0.6877000799793436,0.004577992287175377,38338705.06429357
external:bunker10|-1|0|all,external:bunker10,-1,0,all,15,2025,gas,3000,1057,951,0.012618296529968454,0.7066246056782335,0.01141516731889383,61621.809067726135,0.0006590645443614061,0.6877000799793436,0.007678724989655146,38338705.06429357
external:bunker10|-1|0|all,external:bunker10,-1,0,all,15,2025,gas,5000,1057,951,0.025236593059936908,0.7066246056782335,0.038303089623212445,61621.809067726135,0.0054515053563529165,0.6877000799793436,0.024482260592673357,38338705.06429357
external:bunker10|-1|0|all,external:bunker10,-1,0,all,15,2025,gas,7000,1057,951,0.03785488958990536,0.7066246056782335,0.06765349037899544,61621.809067726135,0.00819998859826138,0.6877000799793436,0.04195879611838512,38338705.06429357
external:bunker10|-1|0|all,external:bunker10,-1,0,all,15,2025,gas,10000,1057,951,0.060988433228180865,0.7066246056782335,0.11965505297928984,61621.809067726135,0.015424729454006456,0.6877000799793436,0.0744250800027882,38338705.06429357
external:bunker10|-1|0|all,external:bunker10,-1,0,all,15,2025,gas,15000,1057,951,0.10410094637223975,0.7066246056782335,0.16379997411189573,61621.809067726135,0.03166984847916275,0.6877000799793436,0.10785208439501351,38338705.06429357
external:bunker10|-1|0|all,external:bunker10,-1,0,all,15,2025,gas,20000,1057,951,0.15667718191377497,0.7066246056782335,0.262363472771833,61621.809067726135,0.06056022790892382,0.6877000799793436,0.18018711527514505,38338705.06429357
external:bunker10|-1|0|all,external:bunker10,-1,0,all,15,2018,general,2000,2053,1646,0.016403402187120292,0.7891859052247874,0.018606139013662648,26773.42162489891,0.002381935907343461,0.8601447093364706,0.019873923454179418,16784447.33510299
external:bunker10|-1|0|all,external:bunker10,-1,0,all,15,2018,general,3000,2053,1646,0.0212636695018226,0.7891859052247874,0.037114529402733215,26773.42162489891,0.0033448840932672028,0.8601447093364706,0.03716122591531239,16784447.33510299
external:bunker10|-1|0|all,external:bunker10,-1,0,all,15,2018,general,5000,2053,1646,0.040097205346294046,0.7891859052247874,0.07280058820625082,26773.42162489891,0.011135718244332505,0.8601447093364706,0.07068263039575008,16784447.33510299
external:bunker10|-1|0|all,external:bunker10,-1,0,all,15,2018,general,7000,2053,1646,0.05589307411907655,0.7891859052247874,0.10890558292687895,26773.42162489891,0.019565996684042644,0.8601447093364706,0.10446198933359938,16784447.33510299
external:bunker10|-1|0|all,external:bunker10,-1,0,all,15,2018,general,10000,2053,1646,0.10145808019441069,0.7891859052247874,0.1845117069198643,26773.42162489891,0.04696360457010235,0.8601447093364706,0.18452193983216458,16784447.33510299
external:bunker10|-1|0|all,external:bunker10,-1,0,all,15,2018,general,15000,2053,1646,0.21506682867557717,0.7891859052247874,0.3110474317334679,26773.42162489891,0.1494452440210343,0.8601447093364706,0.3238159734839588,16784447.33510299
external:bunker10|-1|0|all,external:bunker10,-1,0,all,15,2018,general,20000,2053,1646,0.32746051032806806,0.7891859052247874,0.37500779363492787,26773.42162489891,0.2739334369663308,0.8601447093364706,0.3952636448489063,16784447.33510299
external:bunker10|-1|0|all,external:bunker10,-1,0,all,15,2019,general,2000,2084,1607,0.013067828251400125,0.775980087118855,0.015602818253571599,33042.440793037415,0.001302495567565113,0.8680220218558944,0.017001158898711566,16637455.367632374
external:bunker10|-1|0|all,external:bunker10,-1,0,all,15,2019,general,3000,2084,1607,0.019912881144990666,0.775980087118855,0.03563157626535951,33042.440793037415,0.0043741522238792225,0.8680220218558944,0.03671130609902817,16637455.367632374
external:bunker10|-1|0|all,external:bunker10,-1,0,all,15,2019,general,5000,2084,1607,0.03982576228998133,0.775980087118855,0.06758183484975602,33042.440793037415,0.011920355695151876,0.8680220218558944,0.0669177018955652,16637455.367632374
external:bunker10|-1|0|all,external:bunker10,-1,0,all,15,2019,general,7000,2084,1607,0.053515868077162417,0.775980087118855,0.10737804386437994,33042.440793037415,0.018855484845508974,0.8680220218558944,0.10614227039057253,16637455.367632374
external:bunker10|-1|0|all,external:bunker10,-1,0,all,15,2019,general,10000,2084,1607,0.08587429993777225,0.775980087118855,0.17708521414740072,33042.440793037415,0.03696900383734815,0.8680220218558944,0.17603625083628255,16637455.367632374
external:bunker10|-1|0|all,external:bunker10,-1,0,all,15,2019,general,15000,2084,1607,0.16365899191039204,0.775980087118855,0.31658680870724576,33042.440793037415,0.10195499879498594,0.8680220218558944,0.3296599004380124,16637455.367632374
external:bunker10|-1|0|all,external:bunker10,-1,0,all,15,2019,general,20000,2084,1607,0.2358431860609832,0.775980087118855,0.40418983384292584,33042.440793037415,0.18333752408392984,0.8680220218558944,0.4225218879588207,16637455.367632374
external:bunker10|-1|0|all,external:bunker10,-1,0,all,15,2020,general,2000,2118,1592,0.018844221105527637,0.7763819095477387,0.016290074077244966,34053.50248217583,0.0023649112336225574,0.8758751194171936,0.01858539934452339,16091983.44792553
external:bunker10|-1|0|all,external:bunker10,-1,0,all,15,2020,general,3000,2118,1592,0.02512562814070352,0.7763819095477387,0.03683623292077205,34053.50248217583,0.005972455366124963,0.8758751194171936,0.038786065085833175,16091983.44792553
external:bunker10|-1|0|all,external:bunker10,-1,0,all,15,2020,general,5000,2118,1592,0.04271356783919598,0.7763819095477387,0.0702620982225615,34053.50248217583,0.013451804549879362,0.8758751194171936,0.07054155610602082,16091983.44792553
external:bunker10|-1|0|all,external:bunker10,-1,0,all,15,2020,general,7000,2118,1592,0.06092964824120603,0.7763819095477387,0.11273946957445266,34053.50248217583,0.021356223825514966,0.8758751194171936,0.11237592964138063,16091983.44792553
external:bunker10|-1|0|all,external:bunker10,-1,0,all,15,2020,general,10000,2118,1592,0.09296482412060302,0.7763819095477387,0.18899432903415161,34053.50248217583,0.03764770690417417,0.8758751194171936,0.18893424089007302,16091983.44792553
external:bunker10|-1|0|all,external:bunker10,-1,0,all,15,2020,general,15000,2118,1592,0.1614321608040201,0.7763819095477387,0.32548295889829026,34053.50248217583,0.10264947283693757,0.8758751194171936,0.3363456722044391,16091983.44792553
external:bunker10|-1|0|all,external:bunker10,-1,0,all,15,2020,general,20000,2118,1592,0.24183417085427136,0.7763819095477387,0.41457934409891883,34053.50248217583,0.19522497158922328,0.8758751194171936,0.43459081397547533,16091983.44792553
external:bunker10|-1|0|all,external:bunker10,-1,0,all,15,2021,general,2000,2147,1751,0.009137635636778984,0.768703597944032,0.013259028346267762,33750.842123031616,0.0017857820976476839,0.8650425567979088,0.014700944881693464,17687548.060526986
external:bunker10|-1|0|all,external:bunker10,-1,0,all,15,2021,general,3000,2147,1751,0.013706453455168474,0.768703597944032,0.031009960394733135,33750.842123031616,0.004805497140128674,0.8650425567979088,0.03174752942042846,17687548.060526986
external:bunker10|-1|0|all,external:bunker10,-1,0,all,15,2021,general,5000,2147,1751,0.029697315819531698,0.768703597944032,0.06615946199662379,33750.842123031616,0.009661814620333145,0.8650425567979088,0.06721734248798737,17687548.060526986
external:bunker10|-1|0|all,external:bunker10,-1,0,all,15,2021,general,7000,2147,1751,0.04054825813820674,0.768703597944032,0.10313159840767268,33750.842123031616,0.013519874828385403,0.8650425567979088,0.10350628016643017,17687548.060526986
external:bunker10|-1|0|all,external:bunker10,-1,0,all,15,2021,general,10000,2147,1751,0.06510565391205025,0.768703597944032,0.1818183917803747,33750.842123031616,0.03233949145315461,0.8650425567979088,0.18282140012689096,17687548.060526986
external:bunker10|-1|0|all,external:bunker10,-1,0,all,15,2021,general,15000,2147,1751,0.13649343232438607,0.768703597944032,0.3109951435951974,33750.842123031616,0.0988776508203261,0.8650425567979088,0.3219964534404904,17687548.060526986
external:bunker10|-1|0|all,external:bunker10,-1,0,all,15,2021,general,20000,2147,1751,0.24157624214734438,0.768703597944032,0.41058975641910594,33750.842123031616,0.20935841732132443,0.8650425567979088,0.4283585849118662,17687548.060526986
external:bunker10|-1|0|all,external:bunker10,-1,0,all,15,2022,general,2000,2136,1884,0.009023354564755838,0.767515923566879,0.015559652180223137,33540.02758312225,0.0014028884476393045,0.859973200113556,0.01665856471198146,18872453.143660534
external:bunker10|-1|0|all,external:bunker10,-1,0,all,15,2022,general,3000,2136,1884,0.014331210191082803,0.767515923566879,0.031854233711422666,33540.02758312225,0.004309480240150381,0.859973200113556,0.03136179527405598,18872453.143660534
external:bunker10|-1|0|all,external:bunker10,-1,0,all,15,2022,general,5000,2136,1884,0.03131634819532909,0.767515923566879,0.06623992508317787,33540.02758312225,0.009446952250706853,0.859973200113556,0.0640863050573541,18872453.143660534
external:bunker10|-1|0|all,external:bunker10,-1,0,all,15,2022,general,7000,2136,1884,0.04670912951167728,0.767515923566879,0.10814348026215517,33540.02758312225,0.014831589904499428,0.859973200113556,0.10307669919055633,18872453.143660534
external:bunker10|-1|0|all,external:bunker10,-1,0,all,15,2022,general,10000,2136,1884,0.07218683651804671,0.767515923566879,0.18886258530962413,33540.02758312225,0.02935710918751833,0.859973200113556,0.18372311256366533,18872453.143660534
external:bunker10|-1|0|all,external:bunker10,-1,0,all,15,2022,general,15000,2136,1884,0.15711252653927812,0.767515923566879,0.34047739137543515,33540.02758312225,0.11284531732945792,0.859973200113556,0.34880459139115916,18872453.143660534
external:bunker10|-1|0|all,external:bunker10,-1,0,all,15,2022,general,20000,2136,1884,0.2484076433121019,0.767515923566879,0.4324678336948522,33540.02758312225,0.20641663940515884,0.859973200113556,0.44582811309710263,18872453.143660534
external:bunker10|-1|0|all,external:bunker10,-1,0,all,15,2023,general,2000,2114,1849,0.01081665765278529,0.7604110329908058,0.019412513383240772,32705.13042163849,0.003362682598174107,0.8686890548237066,0.01987493253073124,17871482.446965322
external:bunker10|-1|0|all,external:bunker10,-1,0,all,15,2023,general,3000,2114,1849,0.018929150892374257,0.7604110329908058,0.039518885108267725,32705.13042163849,0.007767269881045628,0.8686890548237066,0.03846876704600872,17871482.446965322
external:bunker10|-1|0|all,external:bunker10,-1,0,all,15,2023,general,5000,2114,1849,0.03785830178474851,0.7604110329908058,0.07363346816707737,32705.13042163849,0.013887590124808988,0.8686890548237066,0.07116619352926003,17871482.446965322
external:bunker10|-1|0|all,external:bunker10,-1,0,all,15,2023,general,7000,2114,1849,0.051379123850730124,0.7604110329908058,0.1168229247628727,32705.13042163849,0.02159203112953392,0.8686890548237066,0.11174014157517334,17871482.446965322
external:bunker10|-1|0|all,external:bunker10,-1,0,all,15,2023,general,10000,2114,1849,0.083829096809086,0.7604110329908058,0.20148626992673463,32705.13042163849,0.04444246733356584,0.8686890548237066,0.19390758783204132,17871482.446965322
external:bunker10|-1|0|all,external:bunker10,-1,0,all,15,2023,general,15000,2114,1849,0.16819902650081126,0.7604110329908058,0.3572998064682271,32705.13042163849,0.12468253178906456,0.8686890548237066,0.362011401119334,17871482.446965322
external:bunker10|-1|0|all,external:bunker10,-1,0,all,15,2023,general,20000,2114,1849,0.2531097890751758,0.7604110329908058,0.44726422271778865,32705.13042163849,0.21006692011588066,0.8686890548237066,0.4553348093174499,17871482.446965322
external:bunker10|-1|0|all,external:bunker10,-1,0,all,15,2024,general,2000,2099,1767,0.009620826259196379,0.7453310696095077,0.018858153838197184,32280.705909013748,0.002908160410356848,0.8552347115804918,0.020030274416240154,15983782.25130608
external:bunker10|-1|0|all,external:bunker10,-1,0,all,15,2024,general,3000,2099,1767,0.014148273910582909,0.7453310696095077,0.034850616555060124,32280.705909013748,0.005371072404968638,0.8552347115804918,0.03527052798172499,15983782.25130608
external:bunker10|-1|0|all,external:bunker10,-1,0,all,15,2024,general,5000,2099,1767,0.03508771929824561,0.7453310696095077,0.06740984190292072,32280.705909013748,0.013726775002599228,0.8552347115804918,0.06691760788140437,15983782.25130608
external:bunker10|-1|0|all,external:bunker10,-1,0,all,15,2024,general,7000,2099,1767,0.050933786078098474,0.7453310696095077,0.11058449640472104,32280.705909013748,0.024479835901492466,0.8552347115804918,0.10644815115417064,15983782.25130608
external:bunker10|-1|0|all,external:bunker10,-1,0,all,15,2024,general,10000,2099,1767,0.0831918505942275,0.7453310696095077,0.18181299686413216,32280.705909013748,0.04661619734123839,0.8552347115804918,0.17580725630333344,15983782.25130608
external:bunker10|-1|0|all,external:bunker10,-1,0,all,15,2024,general,15000,2099,1767,0.16015846066779854,0.7453310696095077,0.32354421990643906,32280.705909013748,0.12637886457075637,0.8552347115804918,0.32882878255691644,15983782.25130608
external:bunker10|-1|0|all,external:bunker10,-1,0,all,15,2024,general,20000,2099,1767,0.2507074136955291,0.7453310696095077,0.42453408791342107,32280.705909013748,0.2174932486196063,0.8552347115804918,0.43643786844382637,15983782.25130608
external:bunker10|-1|0|all,external:bunker10,-1,0,all,15,2025,general,2000,2085,1769,0.008479366873940079,0.7557942340305257,0.018264426451208068,29778.551406502724,0.0022569274824610287,0.8620321814302163,0.01993942618837958,15850845.547514968
external:bunker10|-1|0|all,external:bunker10,-1,0,all,15,2025,general,3000,2085,1769,0.015262860373092142,0.7557942340305257,0.035857050379673995,29778.551406502724,0.006938917529121509,0.8620321814302163,0.03773374862438005,15850845.547514968
external:bunker10|-1|0|all,external:bunker10,-1,0,all,15,2025,general,5000,2085,1769,0.03165630299604296,0.7557942340305257,0.06824671580054098,29778.551406502724,0.013318021348926005,0.8620321814302163,0.06896760110509226,15850845.547514968
external:bunker10|-1|0|all,external:bunker10,-1,0,all,15,2025,general,7000,2085,1769,0.046919163369135104,0.7557942340305257,0.11339465469430517,29778.551406502724,0.02390423503794244,0.8620321814302163,0.11213430237402651,15850845.547514968
external:bunker10|-1|0|all,external:bunker10,-1,0,all,15,2025,general,10000,2085,1769,0.07857546636517806,0.7557942340305257,0.1963377433926423,29778.551406502724,0.040946441440553455,0.8620321814302163,0.1928193570562525,15850845.547514968
external:bunker10|-1|0|all,external:bunker10,-1,0,all,15,2025,general,15000,2085,1769,0.1656302996042962,0.7557942340305257,0.34184239074060635,29778.551406502724,0.14125041314476774,0.8620321814302163,0.3519715717856104,15850845.547514968
external:bunker10|-1|0|all,external:bunker10,-1,0,all,15,2025,general,20000,2085,1769,0.2651215375918598,0.7557942340305257,0.43287621316175356,29778.551406502724,0.2361901048415136,0.8620321814302163,0.4480049728202597,15850845.547514968
external:bunker10|-1|0|all,external:bunker10,-1,0,all,15,2018,roro,2000,615,529,0.005671077504725898,0.8620037807183365,0.020692079119685923,34067.7049677372,0.0013655220648101092,0.892808686934245,0.016716035732341577,17835359.304854218
external:bunker10|-1|0|all,external:bunker10,-1,0,all,15,2018,roro,3000,615,529,0.011342155009451797,0.8620037807183365,0.037318908703114925,34067.7049677372,0.006649220935952347,0.892808686934245,0.031176394325862063,17835359.304854218
external:bunker10|-1|0|all,external:bunker10,-1,0,all,15,2018,roro,5000,615,529,0.030245746691871456,0.8620037807183365,0.06725145786194425,34067.7049677372,0.01848623578366467,0.892808686934245,0.056263807948235864,17835359.304854218
external:bunker10|-1|0|all,external:bunker10,-1,0,all,15,2018,roro,7000,615,529,0.04725897920604915,0.8620037807183365,0.11131561810339832,34067.7049677372,0.023974136235914923,0.892808686934245,0.10027228754403202,17835359.304854218
external:bunker10|-1|0|all,external:bunker10,-1,0,all,15,2018,roro,10000,615,529,0.0888468809073724,0.8620037807183365,0.2169157591711823,34067.7049677372,0.04854149085842867,0.892808686934245,0.20953542773321898,17835359.304854218
external:bunker10|-1|0|all,external:bunker10,-1,0,all,15,2018,roro,15000,615,529,0.16446124763705103,0.8620037807183365,0.33431984548962346,34067.7049677372,0.09730760613250768,0.892808686934245,0.33120203403907805,17835359.304854218
external:bunker10|-1|0|all,external:bunker10,-1,0,all,15,2018,roro,20000,615,529,0.2627599243856333,0.8620037807183365,0.4152745801755462,34067.7049677372,0.20636137211898928,0.892808686934245,0.41935650501374255,17835359.304854218
external:bunker10|-1|0|all,external:bunker10,-1,0,all,15,2019,roro,2000,620,517,0.005802707930367505,0.8723404255319149,0.022586948435390795,38344.34278386831,0.0019430586998154696,0.9080951958673159,0.01818764909011812,17672549.53782449
external:bunker10|-1|0|all,external:bunker10,-1,0,all,15,2019,roro,3000,620,517,0.009671179883945842,0.8723404255319149,0.03818584339460584,38344.34278386831,0.0031833318737395744,0.9080951958673159,0.02994396997366382,17672549.53782449
external:bunker10|-1|0|all,external:bunker10,-1,0,all,15,2019,roro,5000,620,517,0.029013539651837523,0.8723404255319149,0.07578587450569851,38344.34278386831,0.01232933308060228,0.9080951958673159,0.06373273248971838,17672549.53782449
external:bunker10|-1|0|all,external:bunker10,-1,0,all,15,2019,roro,7000,620,517,0.04448742746615087,0.8723404255319149,0.12511081868921514,38344.34278386831,0.020279229537736147,0.9080951958673159,0.11419418805045443,17672549.53782449
external:bunker10|-1|0|all,external:bunker10,-1,0,all,15,2019,roro,10000,620,517,0.08897485493230174,0.8723404255319149,0.23472053632650658,38344.34278386831,0.05634080681849113,0.9080951958673159,0.2263325950291303,17672549.53782449
external:bunker10|-1|0|all,external:bunker10,-1,0,all,15,2019,roro,15000,620,517,0.1450676982591876,0.8723404255319149,0.3663278879347858,38344.34278386831,0.09393318413642823,0.9080951958673159,0.36125525353951066,17672549.53782449
external:bunker10|-1|0|all,external:bunker10,-1,0,all,15,2019,roro,20000,620,517,0.22437137330754353,0.8723404255319149,0.47636125906577836,38344.34278386831,0.18098477521744655,0.9080951958673159,0.47997732447398217,17672549.53782449
external:bunker10|-1|0|all,external:bunker10,-1,0,all,15,2020,roro,2000,637,506,0.005928853754940711,0.8438735177865613,0.021353362717254444,35306.01945376396,0.0011401899313553542,0.8869883782047491,0.02129820521283322,13621722.871497998
external:bunker10|-1|0|all,external:bunker10,-1,0,all,15,2020,roro,3000,637,506,0.01383399209486166,0.8438735177865613,0.03598426021074117,35306.01945376396,0.004117899745318167,0.8869883782047491,0.03339564975392219,13621722.871497998
external:bunker10|-1|0|all,external:bunker10,-1,0,all,15,2020,roro,5000,637,506,0.03162055335968379,0.8438735177865613,0.07321809917124153,35306.01945376396,0.015038753536550853,0.8869883782047491,0.06575517199556057,13621722.871497998
external:bunker10|-1|0|all,external:bunker10,-1,0,all,15,2020,roro,7000,637,506,0.04743083003952569,0.8438735177865613,0.1127542936628788,35306.01945376396,0.02421010895422195,0.8869883782047491,0.10404229808893846,13621722.871497998
external:bunker10|-1|0|all,external:bunker10,-1,0,all,15,2020,roro,10000,637,506,0.07905138339920949,0.8438735177865613,0.22252467118328398,35306.01945376396,0.050131074287760695,0.8869883782047491,0.21155212935687628,13621722.871497998
external:bunker10|-1|0|all,external:bunker10,-1,0,all,15,2020,roro,15000,637,506,0.16600790513833993,0.8438735177865613,0.3710281914147065,35306.01945376396,0.1077852397009044,0.8869883782047491,0.3594615938259743,13621722.871497998
external:bunker10|-1|0|all,external:bunker10,-1,0,all,15,2020,roro,20000,637,506,0.22727272727272727,0.8438735177865613,0.4784703948687393,35306.01945376396,0.16983247433145449,0.8869883782047491,0.47608151734147625,13621722.871497998
external:bunker10|-1|0|all,external:bunker10,-1,0,all,15,2021,roro,2000,654,529,0.007561436672967864,0.8601134215500945,0.020450459194273792,35609.96475791931,0.0022055492764549043,0.8982336842293827,0.016230813939707028,17458169.96394542
external:bunker10|-1|0|all,external:bunker10,-1,0,all,15,2021,roro,3000,654,529,0.00945179584120983,0.8601134215500945,0.03853792357966136,35609.96475791931,0.0037479436904047153,0.8982336842293827,0.031529543139032355,17458169.96394542
external:bunker10|-1|0|all,external:bunker10,-1,0,all,15,2021,roro,5000,654,529,0.020793950850661626,0.8601134215500945,0.06884284135253634,35609.96475791931,0.011785724453529782,0.8982336842293827,0.05816299096293408,17458169.96394542
external:bunker10|-1|0|all,external:bunker10,-1,0,all,15,2021,roro,7000,654,529,0.04725897920604915,0.8601134215500945,0.11134624818569802,35609.96475791931,0.023337339260932295,0.8982336842293827,0.0988240303179469,17458169.96394542
external:bunker10|-1|0|all,external:bunker10,-1,0,all,15,2021,roro,10000,654,529,0.08128544423440454,0.8601134215500945,0.2143442325306679,35609.96475791931,0.04217284544207581,0.8982336842293827,0.20412216585968723,17458169.96394542
external:bunker10|-1|0|all,external:bunker10,-1,0,all,15,2021,roro,15000,654,529,0.13610586011342155,0.8601134215500945,0.36912593195225696,35609.96475791931,0.07979430606220653,0.8982336842293827,0.3646066985499296,17458169.96394542
external:bunker10|-1|0|all,external:bunker10,-1,0,all,15,2021,roro,20000,654,529,0.19659735349716445,0.8601134215500945,0.4678819830723911,35609.96475791931,0.14211511472229718,0.8982336842293827,0.47010474803288577,17458169.96394542
external:bunker10|-1|0|all,external:bunker10,-1,0,all,15,2022,roro,2000,668,607,0.0032948929159802307,0.8401976935749588,0.01424187318411727,35883.08863544464,1.9881837201991016e-06,0.8879330069661399,0.011444495901513797,20282578.539989058
external:bunker10|-1|0|all,external:bunker10,-1,0,all,15,2022,roro,3000,668,607,0.009884678747940691,0.8401976935749588,0.030827159896702202,35883.08863544464,0.002624239162634939,0.8879330069661399,0.02483477827956852,20282578.539989058
external:bunker10|-1|0|all,external:bunker10,-1,0,all,15,2022,roro,5000,668,607,0.019769357495881382,0.8401976935749588,0.058355391043706524,35883.08863544464,0.00781382596974013,0.8879330069661399,0.04896408549925481,20282578.539989058
external:bunker10|-1|0|all,external:bunker10,-1,0,all,15,2022,roro,7000,668,607,0.026359143327841845,0.8401976935749588,0.09139887073605575,35883.08863544464,0.009826573459333642,0.8879330069661399,0.08011783648682891,20282578.539989058
external:bunker10|-1|0|all,external:bunker10,-1,0,all,15,2022,roro,10000,668,607,0.06589785831960461,0.8401976935749588,0.19486509620129264,35883.08863544464,0.032978390933792595,0.8879330069661399,0.18398062931566672,20282578.539989058
external:bunker10|-1|0|all,external:bunker10,-1,0,all,15,2022,roro,15000,668,607,0.14332784184514002,0.8401976935749588,0.3379189251414874,35883.08863544464,0.07584470262006136,0.8879330069661399,0.32935553060341327,20282578.539989058
external:bunker10|-1|0|all,external:bunker10,-1,0,all,15,2022,roro,20000,668,607,0.22075782537067545,0.8401976935749588,0.44779218081574756,35883.08863544464,0.14858833040884364,0.8879330069661399,0.4471685645915952,20282578.539989058
external:bunker10|-1|0|all,external:bunker10,-1,0,all,15,2023,roro,2000,650,601,0.0016638935108153079,0.8835274542429284,0.01148708081251636,36798.50987839699,0.00021616446087731353,0.9113098679403853,0.010383023310677579,20047748.69728995
external:bunker10|-1|0|all,external:bunker10,-1,0,all,15,2023,roro,3000,650,601,0.004991680532445923,0.8835274542429284,0.02775288042410281,36798.50987839699,0.003733666576303659,0.9113098679403853,0.02281754335623416,20047748.69728995
external:bunker10|-1|0|all,external:bunker10,-1,0,all,15,2023,roro,5000,650,601,0.009983361064891847,0.8835274542429284,0.052544788064244,36798.50987839699,0.006914209499083197,0.9113098679403853,0.044231790126233426,20047748.69728995
external:bunker10|-1|0|all,external:bunker10,-1,0,all,15,2023,roro,7000,650,601,0.016638935108153077,0.8835274542429284,0.08940267780252652,36798.50987839699,0.009930898267760108,0.9113098679403853,0.07852588451703874,20047748.69728995
external:bunker10|-1|0|all,external:bunker10,-1,0,all,15,2023,roro,10000,650,601,0.05324459234608985,0.8835274542429284,0.18063095221841108,36798.50987839699,0.03180234330333048,0.9113098679403853,0.16905406439548717,20047748.69728995
external:bunker10|-1|0|all,external:bunker10,-1,0,all,15,2023,roro,15000,650,601,0.10316139767054909,0.8835274542429284,0.3399026478858655,36798.50987839699,0.06127059091218577,0.9113098679403853,0.33374203106647876,20047748.69728995
external:bunker10|-1|0|all,external:bunker10,-1,0,all,15,2023,roro,20000,650,601,0.2096505823627288,0.8835274542429284,0.45806201517210066,36798.50987839699,0.15671013841907908,0.9113098679403853,0.4564933115013452,20047748.69728995
external:bunker10|-1|0|all,external:bunker10,-1,0,all,15,2024,roro,2000,642,561,0.0,0.8663101604278075,0.012319630715677682,35673.28753089905,0.0,0.8977880251220295,0.012087657291026418,16684070.292250693
external:bunker10|-1|0|all,external:bunker10,-1,0,all,15,2024,roro,3000,642,561,0.0,0.8663101604278075,0.02855309211493259,35673.28753089905,0.0,0.8977880251220295,0.02542905624641094,16684070.292250693
external:bunker10|-1|0|all,external:bunker10,-1,0,all,15,2024,roro,5000,642,561,0.008912655971479501,0.8663101604278075,0.05661357821078962,35673.28753089905,0.005995828223014733,0.8977880251220295,0.0522785854585715,16684070.292250693
external:bunker10|-1|0|all,external:bunker10,-1,0,all,15,2024,roro,7000,642,561,0.024955436720142603,0.8663101604278075,0.09363356367244562,35673.28753089905,0.013830836600316088,0.8977880251220295,0.08667450702376751,16684070.292250693
external:bunker10|-1|0|all,external:bunker10,-1,0,all,15,2024,roro,10000,642,561,0.05525846702317291,0.8663101604278075,0.19201955876203128,35673.28753089905,0.0330022118171428,0.8977880251220295,0.18414795595503686,16684070.292250693
external:bunker10|-1|0|all,external:bunker10,-1,0,all,15,2024,roro,15000,642,561,0.11051693404634581,0.8663101604278075,0.36498329724557116,35673.28753089905,0.0730406775727245,0.8977880251220295,0.3551703750201921,16684070.292250693
external:bunker10|-1|0|all,external:bunker10,-1,0,all,15,2024,roro,20000,642,561,0.21390374331550802,0.8663101604278075,0.47788307292361154,35673.28753089905,0.16735680624471902,0.8977880251220295,0.47644403263051144,16684070.292250693
external:bunker10|-1|0|all,external:bunker10,-1,0,all,15,2025,roro,2000,646,588,0.0017006802721088435,0.8673469387755102,0.013051804720645896,35354.94170629978,0.0006747963256384578,0.8908829213556116,0.011978399077487113,17994462.93373581
external:bunker10|-1|0|all,external:bunker10,-1,0,all,15,2025,roro,3000,646,588,0.003401360544217687,0.8673469387755102,0.0293130182696205,35354.94170629978,0.0012332088807806042,0.8908829213556116,0.025867164652767255,17994462.93373581
external:bunker10|-1|0|all,external:bunker10,-1,0,all,15,2025,roro,5000,646,588,0.011904761904761904,0.8673469387755102,0.05529469480750619,35354.94170629978,0.004173142673925059,0.8908829213556116,0.050110839793933715,17994462.93373581
external:bunker10|-1|0|all,external:bunker10,-1,0,all,15,2025,roro,7000,646,588,0.027210884353741496,0.8673469387755102,0.0911920442587332,35354.94170629978,0.010140366287042115,0.8908829213556116,0.08375719586177338,17994462.93373581
external:bunker10|-1|0|all,external:bunker10,-1,0,all,15,2025,roro,10000,646,588,0.06462585034013606,0.8673469387755102,0.19671646754710292,35354.94170629978,0.03395574581890932,0.8908829213556116,0.196785026337953,17994462.93373581
external:bunker10|-1|0|all,external:bunker10,-1,0,all,15,2025,roro,15000,646,588,0.11394557823129252,0.8673469387755102,0.3615165954159337,35354.94170629978,0.07241850136681374,0.8908829213556116,0.35416932099212955,17994462.93373581
external:bunker10|-1|0|all,external:bunker10,-1,0,all,15,2025,roro,20000,646,588,0.19387755102040816,0.8673469387755102,0.47893682897885187,35354.94170629978,0.1548001254211878,0.8908829213556116,0.4800148524267116,17994462.93373581
external:bunker10|-1|0|all,external:bunker10,-1,0,all,15,2018,tanker,2000,4618,3798,0.022906793048973143,0.8009478672985783,0.0195758549362544,26600.052780628204,0.0014548622992261117,0.8781111349408042,0.01641668809098246,73943865.76461166
external:bunker10|-1|0|all,external:bunker10,-1,0,all,15,2018,tanker,3000,4618,3798,0.02843601895734597,0.8009478672985783,0.034394005191032855,26600.052780628204,0.002262573952059629,0.8781111349408042,0.027869620958746587,73943865.76461166
external:bunker10|-1|0|all,external:bunker10,-1,0,all,15,2018,tanker,5000,4618,3798,0.049499736703528176,0.8009478672985783,0.07105166367649113,26600.052780628204,0.007933517320974193,0.8781111349408042,0.05841849611810422,73943865.76461166
external:bunker10|-1|0|all,external:bunker10,-1,0,all,15,2018,tanker,7000,4618,3798,0.07187993680884676,0.8009478672985783,0.11895696613824173,26600.052780628204,0.015912333876491956,0.8781111349408042,0.10004475878652269,73943865.76461166
external:bunker10|-1|0|all,external:bunker10,-1,0,all,15,2018,tanker,10000,4618,3798,0.10795155344918378,0.8009478672985783,0.1894958215371303,26600.052780628204,0.03603841384849542,0.8781111349408042,0.1632686783985753,73943865.76461166
external:bunker10|-1|0|all,external:bunker10,-1,0,all,15,2018,tanker,15000,4618,3798,0.21484992101105846,0.8009478672985783,0.3059222046648072,26600.052780628204,0.1321941223771535,0.8781111349408042,0.29066664863694175,73943865.76461166
external:bunker10|-1|0|all,external:bunker10,-1,0,all,15,2018,tanker,20000,4618,3798,0.33675618746708796,0.8009478672985783,0.37514973796685985,26600.052780628204,0.24265213504732613,0.8781111349408042,0.35689424204878356,73943865.76461166
external:bunker10|-1|0|all,external:bunker10,-1,0,all,15,2019,tanker,2000,4875,3924,0.018093781855249746,0.7984199796126402,0.019813330122828,31245.770436286926,0.0011771268694875223,0.8757798587580126,0.016942562894139923,77526380.89904672
external:bunker10|-1|0|all,external:bunker10,-1,0,all,15,2019,tanker,3000,4875,3924,0.022426095820591234,0.7984199796126402,0.03662396584487201,31245.770436286926,0.0018735707068688304,0.8757798587580126,0.029541295806727166,77526380.89904672
external:bunker10|-1|0|all,external:bunker10,-1,0,all,15,2019,tanker,5000,4875,3924,0.03873598369011213,0.7984199796126402,0.0735015435612939,31245.770436286926,0.006078725070998967,0.8757798587580126,0.05945013598385129,77526380.89904672
external:bunker10|-1|0|all,external:bunker10,-1,0,all,15,2019,tanker,7000,4875,3924,0.058868501529051986,0.7984199796126402,0.12442559975736375,31245.770436286926,0.012437366975689408,0.8757798587580126,0.10182210193731672,77526380.89904672
external:bunker10|-1|0|all,external:bunker10,-1,0,all,15,2019,tanker,10000,4875,3924,0.09378185524974515,0.7984199796126402,0.20342084703209543,31245.770436286926,0.028281223365461114,0.8757798587580126,0.17081034579393017,77526380.89904672
external:bunker10|-1|0|all,external:bunker10,-1,0,all,15,2019,tanker,15000,4875,3924,0.191131498470948,0.7984199796126402,0.3435877099369394,31245.770436286926,0.10954005592258094,0.8757798587580126,0.3206997216817476,77526380.89904672
external:bunker10|-1|0|all,external:bunker10,-1,0,all,15,2019,tanker,20000,4875,3924,0.2854230377166157,0.7984199796126402,0.4310053177303677,31245.770436286926,0.18773438909011406,0.8757798587580126,0.4035891365810179,77526380.89904672
external:bunker10|-1|0|all,external:bunker10,-1,0,all,15,2020,tanker,2000,4919,3944,0.015466531440162272,0.8176977687626775,0.01957504805143111,30728.642595797777,0.0011047429836397319,0.8852836916792626,0.017565948762794464,76205638.2188209
external:bunker10|-1|0|all,external:bunker10,-1,0,all,15,2020,tanker,3000,4919,3944,0.022058823529411766,0.8176977687626775,0.03598752816735972,30728.642595797777,0.002145684030069075,0.8852836916792626,0.030106548760290234,76205638.2188209
external:bunker10|-1|0|all,external:bunker10,-1,0,all,15,2020,tanker,5000,4919,3944,0.03955375253549696,0.8176977687626775,0.07365209554077354,30728.642595797777,0.005345665654900353,0.8852836916792626,0.061331090610477354,76205638.2188209
external:bunker10|-1|0|all,external:bunker10,-1,0,all,15,2020,tanker,7000,4919,3944,0.0595841784989858,0.8176977687626775,0.1296243913902679,30728.642595797777,0.011817200664086156,0.8852836916792626,0.10803031628541612,76205638.2188209
external:bunker10|-1|0|all,external:bunker10,-1,0,all,15,2020,tanker,10000,4919,3944,0.0973630831643002,0.8176977687626775,0.21264567837511336,30728.642595797777,0.029381365699366273,0.8852836916792626,0.1792408257914796,76205638.2188209
external:bunker10|-1|0|all,external:bunker10,-1,0,all,15,2020,tanker,15000,4919,3944,0.18914807302231237,0.8176977687626775,0.3508198931181986,30728.642595797777,0.1036251723608628,0.8852836916792626,0.3201078795227326,76205638.2188209
external:bunker10|-1|0|all,external:bunker10,-1,0,all,15,2020,tanker,20000,4919,3944,0.29107505070993916,0.8176977687626775,0.43818792238239873,30728.642595797777,0.19084974554832682,0.8852836916792626,0.4027945412498846,76205638.2188209
external:bunker10|-1|0|all,external:bunker10,-1,0,all,15,2021,tanker,2000,4987,4085,0.01909424724602203,0.8112607099143206,0.01939338077136355,31290.499252319336,0.001957210304367711,0.8775591971117314,0.018570758855039275,74238778.00839713
external:bunker10|-1|0|all,external:bunker10,-1,0,all,15,2021,tanker,3000,4987,4085,0.02521419828641371,0.8112607099143206,0.036688295427132506,31290.499252319336,0.0029845889291005663,0.8775591971117314,0.03266841773029745,74238778.00839713
external:bunker10|-1|0|all,external:bunker10,-1,0,all,15,2021,tanker,5000,4987,4085,0.0401468788249694,0.8112607099143206,0.07377821873772984,31290.499252319336,0.006273983742908165,0.8775591971117314,0.06352825348488353,74238778.00839713
external:bunker10|-1|0|all,external:bunker10,-1,0,all,15,2021,tanker,7000,4987,4085,0.06560587515299877,0.8112607099143206,0.1275589738300092,31290.499252319336,0.0160102376470415,0.8775591971117314,0.10925169324340606,74238778.00839713
external:bunker10|-1|0|all,external:bunker10,-1,0,all,15,2021,tanker,10000,4987,4085,0.09767441860465116,0.8112607099143206,0.20951674051670113,31290.499252319336,0.033973867762857636,0.8775591971117314,0.1787606870729826,74238778.00839713
external:bunker10|-1|0|all,external:bunker10,-1,0,all,15,2021,tanker,15000,4987,4085,0.1909424724602203,0.8112607099143206,0.3455005616476349,31290.499252319336,0.10955898924884357,0.8775591971117314,0.3174529986809292,74238778.00839713
external:bunker10|-1|0|all,external:bunker10,-1,0,all,15,2021,tanker,20000,4987,4085,0.28910648714810283,0.8112607099143206,0.4406817790258853,31290.499252319336,0.19238547537865186,0.8775591971117314,0.40755922786878324,74238778.00839713
external:bunker10|-1|0|all,external:bunker10,-1,0,all,15,2022,tanker,2000,4893,4229,0.014424213762118705,0.8070465831165761,0.021029487634452837,32044.382921218872,0.0009865989531927272,0.87161252746386,0.018480355958735168,77504560.16824526
external:bunker10|-1|0|all,external:bunker10,-1,0,all,15,2022,tanker,3000,4893,4229,0.022227476944904234,0.8070465831165761,0.03811080765964476,32044.382921218872,0.0022307389906345665,0.87161252746386,0.03221703625511768,77504560.16824526
external:bunker10|-1|0|all,external:bunker10,-1,0,all,15,2022,tanker,5000,4893,4229,0.03807046583116576,0.8070465831165761,0.07779703670517121,32044.382921218872,0.00600155693553602,0.87161252746386,0.06485164158619097,77504560.16824526
external:bunker10|-1|0|all,external:bunker10,-1,0,all,15,2022,tanker,7000,4893,4229,0.06077086781745093,0.8070465831165761,0.13115328211980926,32044.382921218872,0.014842896070549142,0.87161252746386,0.11205141535207873,77504560.16824526
external:bunker10|-1|0|all,external:bunker10,-1,0,all,15,2022,tanker,10000,4893,4229,0.09694963348309293,0.8070465831165761,0.20614765814679245,32044.382921218872,0.03280431177673855,0.87161252746386,0.17758432707810673,77504560.16824526
external:bunker10|-1|0|all,external:bunker10,-1,0,all,15,2022,tanker,15000,4893,4229,0.1863324663040908,0.8070465831165761,0.3449503804196774,32044.382921218872,0.10453841520694925,0.87161252746386,0.3184557354451278,77504560.16824526
external:bunker10|-1|0|all,external:bunker10,-1,0,all,15,2022,tanker,20000,4893,4229,0.28139039962165996,0.8070465831165761,0.432948559407139,32044.382921218872,0.18171559122485237,0.87161252746386,0.40181355835135657,77504560.16824526
external:bunker10|-1|0|all,external:bunker10,-1,0,all,15,2023,tanker,2000,4791,4262,0.01360863444392304,0.7944626935710933,0.023477907144063594,32900.24197256565,0.001557148216347976,0.8627344811264616,0.02025761659505486,78982704.92444077
external:bunker10|-1|0|all,external:bunker10,-1,0,all,15,2023,tanker,3000,4791,4262,0.019005161895823557,0.7944626935710933,0.037839691957598655,32900.24197256565,0.002618175197130271,0.8627344811264616,0.030863426066726363,78982704.92444077
external:bunker10|-1|0|all,external:bunker10,-1,0,all,15,2023,tanker,5000,4791,4262,0.034960112623181605,0.7944626935710933,0.0737038950076309,32900.24197256565,0.007061564206179485,0.8627344811264616,0.059358351787435516,78982704.92444077
external:bunker10|-1|0|all,external:bunker10,-1,0,all,15,2023,tanker,7000,4791,4262,0.05560769591740967,0.7944626935710933,0.12531470200278824,32900.24197256565,0.01518659638745177,0.8627344811264616,0.10425805011862409,78982704.92444077
external:bunker10|-1|0|all,external:bunker10,-1,0,all,15,2023,tanker,10000,4791,4262,0.09244486156733928,0.7944626935710933,0.2044032387997439,32900.24197256565,0.032610717097536115,0.8627344811264616,0.17469308425071373,78982704.92444077
external:bunker10|-1|0|all,external:bunker10,-1,0,all,15,2023,tanker,15000,4791,4262,0.18488972313467855,0.7944626935710933,0.3442391526396043,32900.24197256565,0.10282238741113625,0.8627344811264616,0.3150764921755077,78982704.92444077
external:bunker10|-1|0|all,external:bunker10,-1,0,all,15,2023,tanker,20000,4791,4262,0.2759267949319568,0.7944626935710933,0.43110400862926107,32900.24197256565,0.18037541011509176,0.8627344811264616,0.3962046170571032,78982704.92444077
external:bunker10|-1|0|all,external:bunker10,-1,0,all,15,2024,tanker,2000,4777,4087,0.02055297284071446,0.7724492292635184,0.025534198196426456,32465.690980911255,0.0023710309463374707,0.8532901447187986,0.02181384827638612,69943393.86570013
external:bunker10|-1|0|all,external:bunker10,-1,0,all,15,2024,tanker,3000,4777,4087,0.026180572547100562,0.7724492292635184,0.04153650543973105,32465.690980911255,0.003524848951261323,0.8532901447187986,0.0337781357289147,69943393.86570013
external:bunker10|-1|0|all,external:bunker10,-1,0,all,15,2024,tanker,5000,4777,4087,0.04820161487643748,0.7724492292635184,0.0780144174319238,32465.690980911255,0.009335992149188807,0.8532901447187986,0.06408890340685568,69943393.86570013
external:bunker10|-1|0|all,external:bunker10,-1,0,all,15,2024,tanker,7000,4777,4087,0.07340347443112308,0.7724492292635184,0.12548657461177412,32465.690980911255,0.020250715059141926,0.8532901447187986,0.10569966425793176,69943393.86570013
external:bunker10|-1|0|all,external:bunker10,-1,0,all,15,2024,tanker,10000,4777,4087,0.11157328113530707,0.7724492292635184,0.19672765409188814,32465.690980911255,0.03973701284902214,0.8532901447187986,0.16817610655515766,69943393.86570013
external:bunker10|-1|0|all,external:bunker10,-1,0,all,15,2024,tanker,15000,4777,4087,0.20137019818938096,0.7724492292635184,0.3301324920170875,32465.690980911255,0.11060749023390401,0.8532901447187986,0.3026197313243612,69943393.86570013
external:bunker10|-1|0|all,external:bunker10,-1,0,all,15,2024,tanker,20000,4777,4087,0.29165647173966236,0.7724492292635184,0.41954117054672263,32465.690980911255,0.18951511501054963,0.8532901447187986,0.3877966479778292,69943393.86570013
external:bunker10|-1|0|all,external:bunker10,-1,0,all,15,2025,tanker,2000,4763,4099,0.025616003903391072,0.7731153939985362,0.024498750629111766,31429.388555526733,0.0030604025138879164,0.8519674020457807,0.022122458739039574,70926131.90914872
external:bunker10|-1|0|all,external:bunker10,-1,0,all,15,2025,tanker,3000,4763,4099,0.03195901439375457,0.7731153939985362,0.03959230673764095,31429.388555526733,0.0044082853921584945,0.8519674020457807,0.033607083756702745,70926131.90914872
external:bunker10|-1|0|all,external:bunker10,-1,0,all,15,2025,tanker,5000,4763,4099,0.05513539887777507,0.7731153939985362,0.07831972818099471,31429.388555526733,0.009878258341592432,0.8519674020457807,0.06600317150264672,70926131.90914872
external:bunker10|-1|0|all,external:bunker10,-1,0,all,15,2025,tanker,7000,4763,4099,0.07928763112954379,0.7731153939985362,0.1298912303560898,31429.388555526733,0.020354006718498255,0.8519674020457807,0.11039477858283672,70926131.90914872
external:bunker10|-1|0|all,external:bunker10,-1,0,all,15,2025,tanker,10000,4763,4099,0.10880702610392778,0.7731153939985362,0.2044323710161187,31429.388555526733,0.035256638101872906,0.8519674020457807,0.17628549186863812,70926131.90914872
external:bunker10|-1|0|all,external:bunker10,-1,0,all,15,2025,tanker,15000,4763,4099,0.19980483044645037,0.7731153939985362,0.33479337034163825,31429.388555526733,0.10579099712579083,0.8519674020457807,0.30885921389062787,70926131.90914872
external:bunker10|-1|0|all,external:bunker10,-1,0,all,15,2025,tanker,20000,4763,4099,0.28689924371798,0.7731153939985362,0.41711930903126276,31429.388555526733,0.17856481941240485,0.8519674020457807,0.3855586781626663,70926131.90914872
all|-1|0|all,all,-1,0,all,2551,2018,all,2000,18359,15321,0.1674172704131584,1.0,0.3615220004807328,5409.5120730400085,0.07614214489531483,1.0,0.3147645058255095,375801414.3015767
all|-1|0|all,all,-1,0,all,2551,2018,all,3000,18359,15321,0.23699497421839305,1.0,0.4770950913197335,5409.5120730400085,0.12003818252513447,1.0,0.4246853852659327,375801414.3015767
all|-1|0|all,all,-1,0,all,2551,2018,all,5000,18359,15321,0.4311076300502578,1.0,0.7400567387571633,5409.5120730400085,0.30101661561829945,1.0,0.6957660834574847,375801414.3015767
all|-1|0|all,all,-1,0,all,2551,2018,all,7000,18359,15321,0.6444096338359115,1.0,0.8600551413856458,5409.5120730400085,0.5661826258733687,1.0,0.8488772866709073,375801414.3015767
all|-1|0|all,all,-1,0,all,2551,2018,all,10000,18359,15321,0.9138437438809477,1.0,0.9767553404451508,5409.5120730400085,0.8727554663396658,1.0,0.9739146464064059,375801414.3015767
all|-1|0|all,all,-1,0,all,2551,2018,all,15000,18359,15321,1.0,1.0,0.9999999999991102,5409.5120730400085,1.0,1.0,0.999999999999964,375801414.3015767
all|-1|0|all,all,-1,0,all,2551,2018,all,20000,18359,15321,1.0,1.0,0.9999999999991102,5409.5120730400085,1.0,1.0,0.999999999999964,375801414.3015767
all|-1|0|all,all,-1,0,all,2551,2019,all,2000,19082,15502,0.16675267707392594,1.0,0.35174601736064764,5443.3354288339615,0.07254033463332142,1.0,0.3076405779426823,379540079.06700057
all|-1|0|all,all,-1,0,all,2551,2019,all,3000,19082,15502,0.2366146303702748,1.0,0.46568258180260463,5443.3354288339615,0.11613745027988237,1.0,0.4176580586902794,379540079.06700057
all|-1|0|all,all,-1,0,all,2551,2019,all,5000,19082,15502,0.4229776802993162,1.0,0.7307027723106888,5443.3354288339615,0.2867438078482628,1.0,0.6923072235763874,379540079.06700057
all|-1|0|all,all,-1,0,all,2551,2019,all,7000,19082,15502,0.637788672429364,1.0,0.8517635334292234,5443.3354288339615,0.5500489334113297,1.0,0.842039805728063,379540079.06700057
all|-1|0|all,all,-1,0,all,2551,2019,all,10000,19082,15502,0.9054960650238679,1.0,0.9738195011156441,5443.3354288339615,0.858852798599725,1.0,0.9713382806026443,379540079.06700057
all|-1|0|all,all,-1,0,all,2551,2019,all,15000,19082,15502,1.0,1.0,0.9999999999981044,5443.3354288339615,1.0,1.0,1.0000000000001086,379540079.06700057
all|-1|0|all,all,-1,0,all,2551,2019,all,20000,19082,15502,1.0,1.0,0.9999999999981044,5443.3354288339615,1.0,1.0,1.0000000000001086,379540079.06700057
all|-1|0|all,all,-1,0,all,2551,2020,all,2000,19477,15740,0.15895806861499365,1.0,0.3441176046434092,5623.333949446678,0.07093719417991065,1.0,0.3066212702169039,372921426.8666702
all|-1|0|all,all,-1,0,all,2551,2020,all,3000,19477,15740,0.2270012706480305,1.0,0.45688209541195357,5623.333949446678,0.11296431142589405,1.0,0.4162964015682899,372921426.8666702
all|-1|0|all,all,-1,0,all,2551,2020,all,5000,19477,15740,0.4128335451080051,1.0,0.718026337006624,5623.333949446678,0.2772327391772663,1.0,0.6824553143491405,372921426.8666702
all|-1|0|all,all,-1,0,all,2551,2020,all,7000,19477,15740,0.61569250317662,1.0,0.8375303338234495,5623.333949446678,0.5288443628630404,1.0,0.8272582744557295,372921426.8666702
all|-1|0|all,all,-1,0,all,2551,2020,all,10000,19477,15740,0.8893265565438374,1.0,0.9684441330071534,5623.333949446678,0.8337647969939453,1.0,0.96590136226425,372921426.8666702
all|-1|0|all,all,-1,0,all,2551,2020,all,15000,19477,15740,0.9998729351969504,1.0,0.9999610975418002,5623.333949446678,0.9999626506087484,1.0,0.9999859202481896,372921426.8666702
all|-1|0|all,all,-1,0,all,2551,2020,all,20000,19477,15740,1.0,1.0,0.999999999998456,5623.333949446678,1.0,1.0,1.0000000000002873,372921426.8666702
all|-1|0|all,all,-1,0,all,2551,2021,all,2000,19938,16620,0.15854392298435618,1.0,0.3431454281667391,5659.400408744812,0.0702842513745717,1.0,0.2958757458684308,402751115.67513466
all|-1|0|all,all,-1,0,all,2551,2021,all,3000,19938,16620,0.22821901323706378,1.0,0.4547299382001431,5659.400408744812,0.11248457262152843,1.0,0.40438942727075267,402751115.67513466
all|-1|0|all,all,-1,0,all,2551,2021,all,5000,19938,16620,0.40740072202166067,1.0,0.7083812644991624,5659.400408744812,0.26464138037690166,1.0,0.6621961980046859,402751115.67513466
all|-1|0|all,all,-1,0,all,2551,2021,all,7000,19938,16620,0.6219013237063779,1.0,0.8400010474882511,5659.400408744812,0.525911356295415,1.0,0.822891223357671,402751115.67513466
all|-1|0|all,all,-1,0,all,2551,2021,all,10000,19938,16620,0.8975932611311672,1.0,0.9690566748927978,5659.400408744812,0.8384013191711566,1.0,0.96500157844232,402751115.67513466
all|-1|0|all,all,-1,0,all,2551,2021,all,15000,19938,16620,0.9998194945848375,1.0,0.9999457458817049,5659.400408744812,0.999936675930013,1.0,0.9999807936103413,402751115.67513466
all|-1|0|all,all,-1,0,all,2551,2021,all,20000,19938,16620,1.0,1.0,0.9999999999981738,5659.400408744812,1.0,1.0,1.0000000000001268,402751115.67513466
all|-1|0|all,all,-1,0,all,2551,2022,all,2000,19678,17691,0.15827256797241535,1.0,0.35203150108948533,5447.8141803741455,0.0730230245160347,1.0,0.30674043594776407,416269002.7583878
all|-1|0|all,all,-1,0,all,2551,2022,all,3000,19678,17691,0.24311796958905657,1.0,0.4662864006087477,5447.8141803741455,0.12890314955246576,1.0,0.4185691598464767,416269002.7583878
all|-1|0|all,all,-1,0,all,2551,2022,all,5000,19678,17691,0.42637499293426034,1.0,0.7247488813438352,5447.8141803741455,0.2874514653029128,1.0,0.6834822011693075,416269002.7583878
all|-1|0|all,all,-1,0,all,2551,2022,all,7000,19678,17691,0.6399864337798881,1.0,0.8547509249547287,5447.8141803741455,0.5379869240923412,1.0,0.8379351550537621,416269002.7583878
all|-1|0|all,all,-1,0,all,2551,2022,all,10000,19678,17691,0.9152111243004918,1.0,0.9735342389474897,5447.8141803741455,0.8606366977206249,1.0,0.9680006684183293,416269002.7583878
all|-1|0|all,all,-1,0,all,2551,2022,all,15000,19678,17691,0.999943474082867,1.0,0.999982924809191,5447.8141803741455,0.9999871216134361,1.0,0.999994762586538,416269002.7583878
all|-1|0|all,all,-1,0,all,2551,2022,all,20000,19678,17691,1.0,1.0,0.9999999999988196,5447.8141803741455,1.0,1.0,0.99999999999965,416269002.7583878
all|-1|0|all,all,-1,0,all,2551,2023,all,2000,19387,17714,0.16834142486169132,1.0,0.3582081649410778,5342.29540014267,0.08000351652911777,1.0,0.3143208148649162,402553372.73066664
all|-1|0|all,all,-1,0,all,2551,2023,all,3000,19387,17714,0.24901208084001356,1.0,0.4760938463946625,5342.29540014267,0.13436912711749005,1.0,0.43061314852666444,402553372.73066664
all|-1|0|all,all,-1,0,all,2551,2023,all,5000,19387,17714,0.4350231455346054,1.0,0.7321354100614096,5342.29540014267,0.2958698677764641,1.0,0.6931595944407531,402553372.73066664
all|-1|0|all,all,-1,0,all,2551,2023,all,7000,19387,17714,0.646437845771706,1.0,0.8568887307017307,5342.29540014267,0.5414219561910747,1.0,0.8419764344715986,402553372.73066664
all|-1|0|all,all,-1,0,all,2551,2023,all,10000,19387,17714,0.9068533363441346,1.0,0.9732300138131925,5342.29540014267,0.8445398955478292,1.0,0.9667206055200502,402553372.73066664
all|-1|0|all,all,-1,0,all,2551,2023,all,15000,19387,17714,0.9998870949531444,1.0,0.9999661066083527,5342.29540014267,0.9999600121759962,1.0,0.9999821555366084,402553372.73066664
all|-1|0|all,all,-1,0,all,2551,2023,all,20000,19387,17714,1.0,1.0,0.9999999999974751,5342.29540014267,1.0,1.0,1.0000000000002942,402553372.73066664
all|-1|0|all,all,-1,0,all,2551,2024,all,2000,19307,16746,0.17413113579362235,1.0,0.3496694215713758,5660.221650928259,0.08303264858661497,1.0,0.3125393680081411,345651052.83723974
all|-1|0|all,all,-1,0,all,2551,2024,all,3000,19307,16746,0.25624029619013494,1.0,0.4610243246346496,5660.221650928259,0.1395871518904344,1.0,0.42280026060042664,345651052.83723974
all|-1|0|all,all,-1,0,all,2551,2024,all,5000,19307,16746,0.42738564433297505,1.0,0.6933068216472862,5660.221650928259,0.2873911189386762,1.0,0.6600562033698497,345651052.83723974
all|-1|0|all,all,-1,0,all,2551,2024,all,7000,19307,16746,0.6033082527170668,1.0,0.8128689364426788,5660.221650928259,0.48335182761517154,1.0,0.7956162069683329,345651052.83723974
all|-1|0|all,all,-1,0,all,2551,2024,all,10000,19307,16746,0.8646841036665472,1.0,0.9537354265774148,5660.221650928259,0.7876316635626601,1.0,0.9470641848847058,345651052.83723974
all|-1|0|all,all,-1,0,all,2551,2024,all,15000,19307,16746,0.9999402842469843,1.0,0.9999810688519152,5660.221650928259,0.9999830163324506,1.0,0.9999957560391669,345651052.83723974
all|-1|0|all,all,-1,0,all,2551,2024,all,20000,19307,16746,1.0,1.0,0.9999999999973929,5660.221650928259,1.0,1.0,0.9999999999999404,345651052.83723974
all|-1|0|all,all,-1,0,all,2551,2025,all,2000,19237,17006,0.16699988239444902,1.0,0.3451358668837776,5714.2680695056915,0.07962333586175444,1.0,0.3084220536555542,352283151.2208217
all|-1|0|all,all,-1,0,all,2551,2025,all,3000,19237,17006,0.25108785134658357,1.0,0.459279819293598,5714.2680695056915,0.13601764628581214,1.0,0.4203065055878986,352283151.2208217
all|-1|0|all,all,-1,0,all,2551,2025,all,5000,19237,17006,0.42649653063624604,1.0,0.6931490917580536,5714.2680695056915,0.28657896687436124,1.0,0.6579192599468004,352283151.2208217
all|-1|0|all,all,-1,0,all,2551,2025,all,7000,19237,17006,0.5968481712336823,1.0,0.8096113714114324,5714.2680695056915,0.4748178177754725,1.0,0.7896620598027867,352283151.2208217
all|-1|0|all,all,-1,0,all,2551,2025,all,10000,19237,17006,0.8781606491826415,1.0,0.9617586525036973,5714.2680695056915,0.803533889186836,1.0,0.9550913052589508,352283151.2208217
all|-1|0|all,all,-1,0,all,2551,2025,all,15000,19237,17006,0.9998823944490179,1.0,0.9999631236441694,5714.2680695056915,0.9999625952009137,1.0,0.9999877425279325,352283151.2208217
all|-1|0|all,all,-1,0,all,2551,2025,all,20000,19237,17006,1.0,1.0,0.9999999999979755,5714.2680695056915,1.0,1.0,0.9999999999996774,352283151.2208217
all|-1|0|all,all,-1,0,all,2551,2018,bulk,2000,7047,6294,0.07928185573562123,1.0,0.22980553885862393,6798.369982719421,0.030402602083903902,1.0,0.19561608750269197,105931325.94087625
all|-1|0|all,all,-1,0,all,2551,2018,bulk,3000,7047,6294,0.11963775023832221,1.0,0.3449201307085808,6798.369982719421,0.04982075476740368,1.0,0.3072445745260193,105931325.94087625
all|-1|0|all,all,-1,0,all,2551,2018,bulk,5000,7047,6294,0.30394026056561807,1.0,0.6803060972684989,6798.369982719421,0.23559133768779697,1.0,0.66123585842004,105931325.94087625
all|-1|0|all,all,-1,0,all,2551,2018,bulk,7000,7047,6294,0.5090562440419447,1.0,0.7915199731006378,6798.369982719421,0.40154611365703385,1.0,0.7566006858861384,105931325.94087625
all|-1|0|all,all,-1,0,all,2551,2018,bulk,10000,7047,6294,0.8763902129011757,1.0,0.9622977298167412,6798.369982719421,0.7885939170076924,1.0,0.9518230910166169,105931325.94087625
all|-1|0|all,all,-1,0,all,2551,2018,bulk,15000,7047,6294,1.0,1.0,1.0000000000003637,6798.369982719421,1.0,1.0,1.0000000000003455,105931325.94087625
all|-1|0|all,all,-1,0,all,2551,2018,bulk,20000,7047,6294,1.0,1.0,1.0000000000003637,6798.369982719421,1.0,1.0,1.0000000000003455,105931325.94087625
all|-1|0|all,all,-1,0,all,2551,2019,bulk,2000,7336,6371,0.07957934390205619,1.0,0.2255895358428397,6827.063281536102,0.028987087452360765,1.0,0.1972803732127719,107480973.05258611
all|-1|0|all,all,-1,0,all,2551,2019,bulk,3000,7336,6371,0.12588290692199028,1.0,0.3429570752051233,6827.063281536102,0.05217675971342427,1.0,0.3109134403447027,107480973.05258611
all|-1|0|all,all,-1,0,all,2551,2019,bulk,5000,7336,6371,0.30183644639773977,1.0,0.6728252498677372,6827.063281536102,0.23055522219881155,1.0,0.65558492447889,107480973.05258611
all|-1|0|all,all,-1,0,all,2551,2019,bulk,7000,7336,6371,0.5076126196829384,1.0,0.7841149507750276,6827.063281536102,0.39354271759657533,1.0,0.7531184232745638,107480973.05258611
all|-1|0|all,all,-1,0,all,2551,2019,bulk,10000,7336,6371,0.8642285355517187,1.0,0.9587339093172881,6827.063281536102,0.7796632169213303,1.0,0.9498277649531727,107480973.05258611
all|-1|0|all,all,-1,0,all,2551,2019,bulk,15000,7336,6371,1.0,1.0,0.9999999999986275,6827.063281536102,1.0,1.0,0.999999999999802,107480973.05258611
all|-1|0|all,all,-1,0,all,2551,2019,bulk,20000,7336,6371,1.0,1.0,0.9999999999986275,6827.063281536102,1.0,1.0,0.999999999999802,107480973.05258611
all|-1|0|all,all,-1,0,all,2551,2020,bulk,2000,7551,6573,0.07272174045336985,1.0,0.22122593800414722,7231.951635360718,0.027012407010820912,1.0,0.19352902693051624,110231376.74413323
all|-1|0|all,all,-1,0,all,2551,2020,bulk,3000,7551,6573,0.11699376236117451,1.0,0.33575246674805964,7231.951635360718,0.04848284293235806,1.0,0.3047338788214124,110231376.74413323
all|-1|0|all,all,-1,0,all,2551,2020,bulk,5000,7551,6573,0.29377757492773465,1.0,0.6530916301870986,7231.951635360718,0.2158255984859811,1.0,0.6293578461737012,110231376.74413323
all|-1|0|all,all,-1,0,all,2551,2020,bulk,7000,7551,6573,0.4798417769663776,1.0,0.7640301633691587,7231.951635360718,0.3648623529822352,1.0,0.7267726417087105,110231376.74413323
all|-1|0|all,all,-1,0,all,2551,2020,bulk,10000,7551,6573,0.8439068918302145,1.0,0.951388925208333,7231.951635360718,0.7500217924668703,1.0,0.9395216764944965,110231376.74413323
all|-1|0|all,all,-1,0,all,2551,2020,bulk,15000,7551,6573,1.0,1.0,0.9999999999988483,7231.951635360718,1.0,1.0,1.0000000000009335,110231376.74413323
all|-1|0|all,all,-1,0,all,2551,2020,bulk,20000,7551,6573,1.0,1.0,0.9999999999988483,7231.951635360718,1.0,1.0,1.0000000000009335,110231376.74413323
all|-1|0|all,all,-1,0,all,2551,2021,bulk,2000,7737,6773,0.06762143806289679,1.0,0.2226371487199033,7184.663220882416,0.026576219058444688,1.0,0.19284385339643845,114590489.04770026
all|-1|0|all,all,-1,0,all,2551,2021,bulk,3000,7737,6773,0.11161966632216153,1.0,0.33482912437577905,7184.663220882416,0.04762582559862766,1.0,0.3009404109527596,114590489.04770026
all|-1|0|all,all,-1,0,all,2551,2021,bulk,5000,7737,6773,0.276982134947586,1.0,0.6480342813619273,7184.663220882416,0.1940040995312464,1.0,0.6201863981436233,114590489.04770026
all|-1|0|all,all,-1,0,all,2551,2021,bulk,7000,7737,6773,0.4832422855455485,1.0,0.7732260981422262,7184.663220882416,0.3641850429815853,1.0,0.7329357355656964,114590489.04770026
all|-1|0|all,all,-1,0,all,2551,2021,bulk,10000,7737,6773,0.8554554850140262,1.0,0.9527882075032531,7184.663220882416,0.7657709196749625,1.0,0.9401114970438045,114590489.04770026
all|-1|0|all,all,-1,0,all,2551,2021,bulk,15000,7737,6773,1.0,1.0,0.9999999999980161,7184.663220882416,1.0,1.0,1.000000000000133,114590489.04770026
all|-1|0|all,all,-1,0,all,2551,2021,bulk,20000,7737,6773,1.0,1.0,0.9999999999980161,7184.663220882416,1.0,1.0,1.000000000000133,114590489.04770026
all|-1|0|all,all,-1,0,all,2551,2022,bulk,2000,7632,7090,0.07433004231311707,1.0,0.23139109810376587,6768.086815357208,0.030119750074357996,1.0,0.20648021640881753,112312089.23688376
all|-1|0|all,all,-1,0,all,2551,2022,bulk,3000,7632,7090,0.12736248236953457,1.0,0.34914035072855404,6768.086815357208,0.057969396624235094,1.0,0.32070596476136193,112312089.23688376
all|-1|0|all,all,-1,0,all,2551,2022,bulk,5000,7632,7090,0.30084626234132583,1.0,0.6678718922069474,6768.086815357208,0.21956079437953513,1.0,0.6457756871491269,112312089.23688376
all|-1|0|all,all,-1,0,all,2551,2022,bulk,7000,7632,7090,0.5124118476727786,1.0,0.7896173888337866,6768.086815357208,0.39503229839768156,1.0,0.7539154675150861,112312089.23688376
all|-1|0|all,all,-1,0,all,2551,2022,bulk,10000,7632,7090,0.8834978843441467,1.0,0.9587239530912236,6768.086815357208,0.7969098806545202,1.0,0.9449837536769032,112312089.23688376
all|-1|0|all,all,-1,0,all,2551,2022,bulk,15000,7632,7090,1.0,1.0,0.9999999999987745,6768.086815357208,1.0,1.0,0.9999999999993557,112312089.23688376
all|-1|0|all,all,-1,0,all,2551,2022,bulk,20000,7632,7090,1.0,1.0,0.9999999999987745,6768.086815357208,1.0,1.0,0.9999999999993557,112312089.23688376
all|-1|0|all,all,-1,0,all,2551,2023,bulk,2000,7477,7061,0.07860076476419771,1.0,0.2275497422970631,6781.773660898209,0.030592985428096443,1.0,0.20068107213665112,110647670.76535952
all|-1|0|all,all,-1,0,all,2551,2023,bulk,3000,7477,7061,0.13284237360147289,1.0,0.35276634603519436,6781.773660898209,0.05918669803617081,1.0,0.32270342083091624,110647670.76535952
all|-1|0|all,all,-1,0,all,2551,2023,bulk,5000,7477,7061,0.30576405608270785,1.0,0.6645752429521805,6781.773660898209,0.22606509456744323,1.0,0.6424000245034146,110647670.76535952
all|-1|0|all,all,-1,0,all,2551,2023,bulk,7000,7477,7061,0.5128168814615494,1.0,0.7830090038586639,6781.773660898209,0.3959621467949072,1.0,0.7454620511198394,110647670.76535952
all|-1|0|all,all,-1,0,all,2551,2023,bulk,10000,7477,7061,0.8708398243874805,1.0,0.958746204669291,6781.773660898209,0.7829602242033379,1.0,0.9446364663773895,110647670.76535952
all|-1|0|all,all,-1,0,all,2551,2023,bulk,15000,7477,7061,1.0,1.0,0.9999999999977253,6781.773660898209,1.0,1.0,1.0000000000000988,110647670.76535952
all|-1|0|all,all,-1,0,all,2551,2023,bulk,20000,7477,7061,1.0,1.0,0.9999999999977253,6781.773660898209,1.0,1.0,1.0000000000000988,110647670.76535952
all|-1|0|all,all,-1,0,all,2551,2024,bulk,2000,7486,6665,0.072768192048012,1.0,0.22068850228899814,7543.662278175354,0.026983221133361268,1.0,0.19680519630842172,98627135.05845238
all|-1|0|all,all,-1,0,all,2551,2024,bulk,3000,7486,6665,0.1317329332333083,1.0,0.34401177539170297,7543.662278175354,0.058687739876426684,1.0,0.3190980643603545,98627135.05845238
all|-1|0|all,all,-1,0,all,2551,2024,bulk,5000,7486,6665,0.299774943735934,1.0,0.6316513508611528,7543.662278175354,0.21686261387260203,1.0,0.6171796639509237,98627135.05845238
all|-1|0|all,all,-1,0,all,2551,2024,bulk,7000,7486,6665,0.4627156789197299,1.0,0.7364473041049555,7543.662278175354,0.34270588043605166,1.0,0.7043699417920172,98627135.05845238
all|-1|0|all,all,-1,0,all,2551,2024,bulk,10000,7486,6665,0.8081020255063766,1.0,0.9342172654468844,7543.662278175354,0.7007239096382438,1.0,0.9225935172697841,98627135.05845238
all|-1|0|all,all,-1,0,all,2551,2024,bulk,15000,7486,6665,1.0,1.0,0.9999999999973609,7543.662278175354,1.0,1.0,1.0000000000007094,98627135.05845238
all|-1|0|all,all,-1,0,all,2551,2024,bulk,20000,7486,6665,1.0,1.0,0.9999999999973609,7543.662278175354,1.0,1.0,1.0000000000007094,98627135.05845238
all|-1|0|all,all,-1,0,all,2551,2025,bulk,2000,7455,6820,0.06935483870967742,1.0,0.21749024011112567,7716.836695492268,0.02592051867371425,1.0,0.19469932585662786,102652487.81362358
all|-1|0|all,all,-1,0,all,2551,2025,bulk,3000,7455,6820,0.12595307917888562,1.0,0.34091389808027184,7716.836695492268,0.054208006358734295,1.0,0.3164563824775954,102652487.81362358
all|-1|0|all,all,-1,0,all,2551,2025,bulk,5000,7455,6820,0.29897360703812315,1.0,0.6318350398221495,7716.836695492268,0.21973891658884553,1.0,0.613746855951112,102652487.81362358
all|-1|0|all,all,-1,0,all,2551,2025,bulk,7000,7455,6820,0.4536656891495601,1.0,0.7301436722499995,7716.836695492268,0.33618461377312125,1.0,0.6942388397007805,102652487.81362358
all|-1|0|all,all,-1,0,all,2551,2025,bulk,10000,7455,6820,0.8316715542521994,1.0,0.9451028462586705,7716.836695492268,0.7269618811532331,1.0,0.931954829933666,102652487.81362358
all|-1|0|all,all,-1,0,all,2551,2025,bulk,15000,7455,6820,1.0,1.0,0.9999999999972045,7716.836695492268,1.0,1.0,0.9999999999996548,102652487.81362358
all|-1|0|all,all,-1,0,all,2551,2025,bulk,20000,7455,6820,1.0,1.0,0.9999999999972045,7716.836695492268,1.0,1.0,0.9999999999996548,102652487.81362358
all|-1|0|all,all,-1,0,all,2551,2018,container,2000,3087,2234,0.3455684870188004,1.0,0.5555610473000623,3820.6789016723633,0.1286659674476693,1.0,0.4417777941076418,118520810.09335774
all|-1|0|all,all,-1,0,all,2551,2018,container,3000,3087,2234,0.42837958818263205,1.0,0.638745113647766,3820.6789016723633,0.184620114078118,1.0,0.5302580206562229,118520810.09335774
all|-1|0|all,all,-1,0,all,2551,2018,container,5000,3087,2234,0.6365264100268576,1.0,0.8187319142154326,3820.6789016723633,0.3929508033259105,1.0,0.742541012129698,118520810.09335774
all|-1|0|all,all,-1,0,all,2551,2018,container,7000,3087,2234,0.8388540734109221,1.0,0.940601301466088,3820.6789016723633,0.7207037918408455,1.0,0.9204443631721804,118520810.09335774
all|-1|0|all,all,-1,0,all,2551,2018,container,10000,3087,2234,0.9794091316025068,1.0,0.9954343297401923,3820.6789016723633,0.9653510258737522,1.0,0.9943474197430063,118520810.09335774
all|-1|0|all,all,-1,0,all,2551,2018,container,15000,3087,2234,1.0,1.0,1.000000000000515,3820.6789016723633,1.0,1.0,1.000000000000308,118520810.09335774
all|-1|0|all,all,-1,0,all,2551,2018,container,20000,3087,2234,1.0,1.0,1.000000000000515,3820.6789016723633,1.0,1.0,1.000000000000308,118520810.09335774
all|-1|0|all,all,-1,0,all,2551,2019,container,2000,3179,2209,0.339972838388411,1.0,0.5494076668433917,3860.614143371582,0.1241234790037512,1.0,0.4381144905138117,112900932.10432205
all|-1|0|all,all,-1,0,all,2551,2019,container,3000,3179,2209,0.4277953825260299,1.0,0.630791389528773,3860.614143371582,0.180610412789143,1.0,0.5251238950134322,112900932.10432205
all|-1|0|all,all,-1,0,all,2551,2019,container,5000,3179,2209,0.6355817111815301,1.0,0.8163917257242286,3860.614143371582,0.3902981500944693,1.0,0.7458630977642425,112900932.10432205
all|-1|0|all,all,-1,0,all,2551,2019,container,7000,3179,2209,0.8415572657311,1.0,0.9354048154714323,3860.614143371582,0.7239308667776296,1.0,0.9177586434967208,112900932.10432205
all|-1|0|all,all,-1,0,all,2551,2019,container,10000,3179,2209,0.9737437754640109,1.0,0.9926099795472868,3860.614143371582,0.9530241984554256,1.0,0.990887600321046,112900932.10432205
all|-1|0|all,all,-1,0,all,2551,2019,container,15000,3179,2209,1.0,1.0,0.9999999999995954,3860.614143371582,1.0,1.0,1.000000000000047,112900932.10432205
all|-1|0|all,all,-1,0,all,2551,2019,container,20000,3179,2209,1.0,1.0,0.9999999999995954,3860.614143371582,1.0,1.0,1.000000000000047,112900932.10432205
all|-1|0|all,all,-1,0,all,2551,2020,container,2000,3213,2212,0.3471971066907776,1.0,0.5621356629809995,3794.2801387738436,0.1324491687425161,1.0,0.4546779679925965,108542458.07730708
all|-1|0|all,all,-1,0,all,2551,2020,container,3000,3213,2212,0.43806509945750455,1.0,0.6446146162237234,3794.2801387738436,0.19071252185429935,1.0,0.5432917600439133,108542458.07730708
all|-1|0|all,all,-1,0,all,2551,2020,container,5000,3213,2212,0.6243218806509946,1.0,0.8182581135476211,3794.2801387738436,0.3801194723227975,1.0,0.7489687783487636,108542458.07730708
all|-1|0|all,all,-1,0,all,2551,2020,container,7000,3213,2212,0.8250452079566004,1.0,0.934043309041408,3794.2801387738436,0.7039257460551908,1.0,0.9148352075137453,108542458.07730708
all|-1|0|all,all,-1,0,all,2551,2020,container,10000,3213,2212,0.9665461121157324,1.0,0.9926447462858233,3794.2801387738436,0.9364646759804118,1.0,0.9908212144861391,108542458.07730708
all|-1|0|all,all,-1,0,all,2551,2020,container,15000,3213,2212,1.0,1.0,1.0000000000000362,3794.2801387738436,1.0,1.0,0.9999999999997683,108542458.07730708
all|-1|0|all,all,-1,0,all,2551,2020,container,20000,3213,2212,1.0,1.0,1.0000000000000362,3794.2801387738436,1.0,1.0,0.9999999999997683,108542458.07730708
all|-1|0|all,all,-1,0,all,2551,2021,container,2000,3329,2505,0.325748502994012,1.0,0.5302199819283996,4053.377546310425,0.11767155284678582,1.0,0.40991516256876,124018948.85395382
all|-1|0|all,all,-1,0,all,2551,2021,container,3000,3329,2505,0.4159680638722555,1.0,0.6166436777093253,4053.377546310425,0.17390004494640063,1.0,0.5023385704189008,124018948.85395382
all|-1|0|all,all,-1,0,all,2551,2021,container,5000,3329,2505,0.5864271457085828,1.0,0.782637515225008,4053.377546310425,0.35152419811505914,1.0,0.6996057324318288,124018948.85395382
all|-1|0|all,all,-1,0,all,2551,2021,container,7000,3329,2505,0.8111776447105788,1.0,0.9234920813238795,4053.377546310425,0.6765280434086971,1.0,0.8926453230544188,124018948.85395382
all|-1|0|all,all,-1,0,all,2551,2021,container,10000,3329,2505,0.9584830339321357,1.0,0.9899880728591257,4053.377546310425,0.9176081392360704,1.0,0.9861761975797635,124018948.85395382
all|-1|0|all,all,-1,0,all,2551,2021,container,15000,3329,2505,0.9996007984031936,1.0,0.9999071314500069,4053.377546310425,0.9998941612970508,1.0,0.999968584002782,124018948.85395382
all|-1|0|all,all,-1,0,all,2551,2021,container,20000,3329,2505,1.0,1.0,0.9999999999991345,4053.377546310425,1.0,1.0,0.9999999999998668,124018948.85395382
all|-1|0|all,all,-1,0,all,2551,2022,container,2000,3281,2890,0.2903114186851211,1.0,0.5280569275802003,4080.975530385971,0.1205220940135031,1.0,0.421145052429487,135650132.90110427
all|-1|0|all,all,-1,0,all,2551,2022,container,3000,3281,2890,0.41522491349480967,1.0,0.6179435942935446,4080.975530385971,0.20157678323210812,1.0,0.5163712608789914,135650132.90110427
all|-1|0|all,all,-1,0,all,2551,2022,container,5000,3281,2890,0.5875432525951557,1.0,0.7762422490606476,4080.975530385971,0.3753527119326744,1.0,0.6984186211495611,135650132.90110427
all|-1|0|all,all,-1,0,all,2551,2022,container,7000,3281,2890,0.7823529411764706,1.0,0.9091034585502572,4080.975530385971,0.6423282948627506,1.0,0.8725054663724521,135650132.90110427
all|-1|0|all,all,-1,0,all,2551,2022,container,10000,3281,2890,0.9491349480968858,1.0,0.9863917837782912,4080.975530385971,0.9039973070322003,1.0,0.9799515182818167,135650132.90110427
all|-1|0|all,all,-1,0,all,2551,2022,container,15000,3281,2890,1.0,1.0,1.0000000000005935,4080.975530385971,1.0,1.0,0.9999999999993927,135650132.90110427
all|-1|0|all,all,-1,0,all,2551,2022,container,20000,3281,2890,1.0,1.0,1.0000000000005935,4080.975530385971,1.0,1.0,0.9999999999993927,135650132.90110427
all|-1|0|all,all,-1,0,all,2551,2023,container,2000,3293,2948,0.31546811397557667,1.0,0.5731070605386637,3825.969521522522,0.1465863669916845,1.0,0.46869171243930013,125799715.08273844
all|-1|0|all,all,-1,0,all,2551,2023,container,3000,3293,2948,0.4331750339213026,1.0,0.6626369173895789,3825.969521522522,0.22811777185917625,1.0,0.5664428948194365,125799715.08273844
all|-1|0|all,all,-1,0,all,2551,2023,container,5000,3293,2948,0.6190637720488467,1.0,0.8216421431794901,3825.969521522522,0.4094738689361775,1.0,0.7468867030535857,125799715.08273844
all|-1|0|all,all,-1,0,all,2551,2023,container,7000,3293,2948,0.7913839891451832,1.0,0.9232519011550967,3825.969521522522,0.6536860310989902,1.0,0.8933061656469584,125799715.08273844
all|-1|0|all,all,-1,0,all,2551,2023,container,10000,3293,2948,0.9382632293080054,1.0,0.9851441077601797,3825.969521522522,0.8868328333383672,1.0,0.979052811651156,125799715.08273844
all|-1|0|all,all,-1,0,all,2551,2023,container,15000,3293,2948,1.0,1.0,1.0000000000001712,3825.969521522522,1.0,1.0,1.0000000000004776,125799715.08273844
all|-1|0|all,all,-1,0,all,2551,2023,container,20000,3293,2948,1.0,1.0,1.0000000000001712,3825.969521522522,1.0,1.0,1.0000000000004776,125799715.08273844
all|-1|0|all,all,-1,0,all,2551,2024,container,2000,3234,2715,0.3281767955801105,1.0,0.553557938160574,3971.893811225891,0.14853922691931318,1.0,0.46011447117909243,104349434.68038616
all|-1|0|all,all,-1,0,all,2551,2024,container,3000,3234,2715,0.43609576427255986,1.0,0.6278903205261668,3971.893811225891,0.22741079163949224,1.0,0.5381389087504252,104349434.68038616
all|-1|0|all,all,-1,0,all,2551,2024,container,5000,3234,2715,0.5878453038674033,1.0,0.7715671630602922,3971.893811225891,0.3793719490268271,1.0,0.7017552347738483,104349434.68038616
all|-1|0|all,all,-1,0,all,2551,2024,container,7000,3234,2715,0.7388581952117864,1.0,0.8749591107236928,3971.893811225891,0.5729757667669265,1.0,0.8339077501586355,104349434.68038616
all|-1|0|all,all,-1,0,all,2551,2024,container,10000,3234,2715,0.9193370165745857,1.0,0.9733931959954861,3971.893811225891,0.8530639407606442,1.0,0.9641607625990628,104349434.68038616
all|-1|0|all,all,-1,0,all,2551,2024,container,15000,3234,2715,1.0,1.0,0.9999999999981485,3971.893811225891,1.0,1.0,1.000000000000117,104349434.68038616
all|-1|0|all,all,-1,0,all,2551,2024,container,20000,3234,2715,1.0,1.0,0.9999999999981485,3971.893811225891,1.0,1.0,1.000000000000117,104349434.68038616
all|-1|0|all,all,-1,0,all,2551,2025,container,2000,3231,2779,0.30910399424253326,1.0,0.5400137470624908,4166.2443861961365,0.1410603623801923,1.0,0.44618296871254814,106520517.95250499
all|-1|0|all,all,-1,0,all,2551,2025,container,3000,3231,2779,0.42137459517812165,1.0,0.6256827891573469,4166.2443861961365,0.2249370817984461,1.0,0.5363564744169981,106520517.95250499
all|-1|0|all,all,-1,0,all,2551,2025,container,5000,3231,2779,0.578265563152213,1.0,0.7673611900057398,4166.2443861961365,0.3746779445275564,1.0,0.6946571749507656,106520517.95250499
all|-1|0|all,all,-1,0,all,2551,2025,container,7000,3231,2779,0.7182439726520331,1.0,0.8660144920331418,4166.2443861961365,0.5419154091881176,1.0,0.8189787598139024,106520517.95250499
all|-1|0|all,all,-1,0,all,2551,2025,container,10000,3231,2779,0.9183159409859661,1.0,0.9763457056296502,4166.2443861961365,0.8524320958141246,1.0,0.967704074430452,106520517.95250499
all|-1|0|all,all,-1,0,all,2551,2025,container,15000,3231,2779,1.0,1.0,1.0000000000002078,4166.2443861961365,1.0,1.0,0.9999999999998601,106520517.95250499
all|-1|0|all,all,-1,0,all,2551,2025,container,20000,3231,2779,1.0,1.0,1.0000000000002078,4166.2443861961365,1.0,1.0,0.9999999999998601,106520517.95250499
all|-1|0|all,all,-1,0,all,2551,2018,gas,2000,939,820,0.1353658536585366,1.0,0.239136721467221,6137.54232186079,0.036455898654762856,1.0,0.1745046695913914,42785605.8627738
all|-1|0|all,all,-1,0,all,2551,2018,gas,3000,939,820,0.22073170731707317,1.0,0.3573949930935181,6137.54232186079,0.09205626481335924,1.0,0.2915413012179665,42785605.8627738
all|-1|0|all,all,-1,0,all,2551,2018,gas,5000,939,820,0.4,1.0,0.6350734893826283,6137.54232186079,0.24907256164720126,1.0,0.5991413940011191,42785605.8627738
all|-1|0|all,all,-1,0,all,2551,2018,gas,7000,939,820,0.5878048780487805,1.0,0.7914196544501102,6137.54232186079,0.5568165799036838,1.0,0.8179953123255621,42785605.8627738
all|-1|0|all,all,-1,0,all,2551,2018,gas,10000,939,820,0.8573170731707317,1.0,0.9701536490296543,6137.54232186079,0.8052867806516204,1.0,0.9672065391452617,42785605.8627738
all|-1|0|all,all,-1,0,all,2551,2018,gas,15000,939,820,1.0,1.0,0.9999999999973279,6137.54232186079,1.0,1.0,1.0000000000000775,42785605.8627738
all|-1|0|all,all,-1,0,all,2551,2018,gas,20000,939,820,1.0,1.0,0.9999999999973279,6137.54232186079,1.0,1.0,1.0000000000000775,42785605.8627738
all|-1|0|all,all,-1,0,all,2551,2019,gas,2000,988,874,0.14187643020594964,1.0,0.23661253848204133,6406.389501452446,0.03497118980161502,1.0,0.17977254654123948,47321788.10558885
all|-1|0|all,all,-1,0,all,2551,2019,gas,3000,988,874,0.2139588100686499,1.0,0.3482160046234282,6406.389501452446,0.08986173118905676,1.0,0.3003804513539388,47321788.10558885
all|-1|0|all,all,-1,0,all,2551,2019,gas,5000,988,874,0.37528604118993136,1.0,0.6359632808727549,6406.389501452446,0.22468937564837965,1.0,0.6240206773378058,47321788.10558885
all|-1|0|all,all,-1,0,all,2551,2019,gas,7000,988,874,0.5709382151029748,1.0,0.7844616797796569,6406.389501452446,0.530120193861016,1.0,0.8103587629427879,47321788.10558885
all|-1|0|all,all,-1,0,all,2551,2019,gas,10000,988,874,0.8558352402745996,1.0,0.9685045657223673,6406.389501452446,0.8050919191608706,1.0,0.9672687995150042,47321788.10558885
all|-1|0|all,all,-1,0,all,2551,2019,gas,15000,988,874,1.0,1.0,0.9999999999968061,6406.389501452446,1.0,1.0,1.0000000000000016,47321788.10558885
all|-1|0|all,all,-1,0,all,2551,2019,gas,20000,988,874,1.0,1.0,0.9999999999968061,6406.389501452446,1.0,1.0,1.0000000000000016,47321788.10558885
all|-1|0|all,all,-1,0,all,2551,2020,gas,2000,1039,913,0.12814895947426067,1.0,0.2141535343000051,6595.915684700012,0.027398294671982824,1.0,0.16653186543298523,48228247.50698542
all|-1|0|all,all,-1,0,all,2551,2020,gas,3000,1039,913,0.20262869660460023,1.0,0.3187333221157238,6595.915684700012,0.07956920527420662,1.0,0.2848298306405569,48228247.50698542
all|-1|0|all,all,-1,0,all,2551,2020,gas,5000,1039,913,0.34611171960569553,1.0,0.6114434247979678,6595.915684700012,0.2208085430136173,1.0,0.6120447323516309,48228247.50698542
all|-1|0|all,all,-1,0,all,2551,2020,gas,7000,1039,913,0.5323110624315444,1.0,0.7533807797266237,6595.915684700012,0.5074363487035113,1.0,0.7877148421306085,48228247.50698542
all|-1|0|all,all,-1,0,all,2551,2020,gas,10000,1039,913,0.8116100766703176,1.0,0.9581203998433445,6595.915684700012,0.7645595381083193,1.0,0.9600293782452716,48228247.50698542
all|-1|0|all,all,-1,0,all,2551,2020,gas,15000,1039,913,1.0,1.0,0.9999999999988152,6595.915684700012,1.0,1.0,0.9999999999997277,48228247.50698542
all|-1|0|all,all,-1,0,all,2551,2020,gas,20000,1039,913,1.0,1.0,0.9999999999988152,6595.915684700012,1.0,1.0,0.9999999999997277,48228247.50698542
all|-1|0|all,all,-1,0,all,2551,2021,gas,2000,1084,977,0.11156601842374617,1.0,0.20135303657657283,6818.684414863586,0.0341437377961895,1.0,0.15356525886609237,54757181.74061106
all|-1|0|all,all,-1,0,all,2551,2021,gas,3000,1084,977,0.16581371545547594,1.0,0.29898558183284235,6818.684414863586,0.07700569074199672,1.0,0.2684714104685154,54757181.74061106
all|-1|0|all,all,-1,0,all,2551,2021,gas,5000,1084,977,0.31218014329580346,1.0,0.5772107859753037,6818.684414863586,0.19130011953511883,1.0,0.5755921713799821,54757181.74061106
all|-1|0|all,all,-1,0,all,2551,2021,gas,7000,1084,977,0.5015353121801432,1.0,0.742412648876051,6818.684414863586,0.45939942438490317,1.0,0.7739587045631939,54757181.74061106
all|-1|0|all,all,-1,0,all,2551,2021,gas,10000,1084,977,0.7942681678607983,1.0,0.9520893268739568,6818.684414863586,0.7302963570087937,1.0,0.9531514291844316,54757181.74061106
all|-1|0|all,all,-1,0,all,2551,2021,gas,15000,1084,977,1.0,1.0,0.9999999999967484,6818.684414863586,1.0,1.0,0.9999999999999681,54757181.74061106
all|-1|0|all,all,-1,0,all,2551,2021,gas,20000,1084,977,1.0,1.0,0.9999999999967484,6818.684414863586,1.0,1.0,0.9999999999999681,54757181.74061106
all|-1|0|all,all,-1,0,all,2551,2022,gas,2000,1068,991,0.11907164480322906,1.0,0.2080380848304036,6358.070605278015,0.03280942157855688,1.0,0.15992590140954785,51647188.76850494
all|-1|0|all,all,-1,0,all,2551,2022,gas,3000,1068,991,0.17658930373360243,1.0,0.3110540507652941,6358.070605278015,0.08608981177206514,1.0,0.2837434286164397,51647188.76850494
all|-1|0|all,all,-1,0,all,2551,2022,gas,5000,1068,991,0.3481331987891019,1.0,0.6509881314221951,6358.070605278015,0.2241636076996321,1.0,0.6576695992243949,51647188.76850494
all|-1|0|all,all,-1,0,all,2551,2022,gas,7000,1068,991,0.5872855701311807,1.0,0.8131701543951352,6358.070605278015,0.5477255883787584,1.0,0.8446295867711474,51647188.76850494
all|-1|0|all,all,-1,0,all,2551,2022,gas,10000,1068,991,0.8698284561049445,1.0,0.9701692451739315,6358.070605278015,0.8286472176827924,1.0,0.9682013370316032,51647188.76850494
all|-1|0|all,all,-1,0,all,2551,2022,gas,15000,1068,991,1.0,1.0,0.9999999999965333,6358.070605278015,1.0,1.0,1.0000000000001852,51647188.76850494
all|-1|0|all,all,-1,0,all,2551,2022,gas,20000,1068,991,1.0,1.0,0.9999999999965333,6358.070605278015,1.0,1.0,1.0000000000001852,51647188.76850494
all|-1|0|all,all,-1,0,all,2551,2023,gas,2000,1062,993,0.11681772406847936,1.0,0.2012829146437655,6318.4263162612915,0.029393914901499986,1.0,0.1463335905563113,49204050.81387262
all|-1|0|all,all,-1,0,all,2551,2023,gas,3000,1062,993,0.18831822759315206,1.0,0.3041620817860975,6318.4263162612915,0.08595465406296246,1.0,0.26909864025326224,49204050.81387262
all|-1|0|all,all,-1,0,all,2551,2023,gas,5000,1062,993,0.3595166163141994,1.0,0.6145431671170197,6318.4263162612915,0.22261564933903924,1.0,0.6124340506896142,49204050.81387262
all|-1|0|all,all,-1,0,all,2551,2023,gas,7000,1062,993,0.5830815709969789,1.0,0.8028462773649683,6318.4263162612915,0.5311104907300067,1.0,0.8335003733577785,49204050.81387262
all|-1|0|all,all,-1,0,all,2551,2023,gas,10000,1062,993,0.8388721047331319,1.0,0.9659010143491878,6318.4263162612915,0.7829282216242205,1.0,0.9623489252780596,49204050.81387262
all|-1|0|all,all,-1,0,all,2551,2023,gas,15000,1062,993,1.0,1.0,0.9999999999971353,6318.4263162612915,1.0,1.0,0.9999999999999735,49204050.81387262
all|-1|0|all,all,-1,0,all,2551,2023,gas,20000,1062,993,1.0,1.0,0.9999999999971353,6318.4263162612915,1.0,1.0,0.9999999999999735,49204050.81387262
all|-1|0|all,all,-1,0,all,2551,2024,gas,2000,1069,951,0.13459516298633017,1.0,0.19506895918902517,6423.57515245676,0.04026820710926874,1.0,0.1498144230814917,40063236.689144276
all|-1|0|all,all,-1,0,all,2551,2024,gas,3000,1069,951,0.20715036803364878,1.0,0.30354240989486725,6423.57515245676,0.100929479072575,1.0,0.2884880339115649,40063236.689144276
all|-1|0|all,all,-1,0,all,2551,2024,gas,5000,1069,951,0.36803364879074657,1.0,0.5525307590724695,6423.57515245676,0.23962445777293992,1.0,0.5592330694044588,40063236.689144276
all|-1|0|all,all,-1,0,all,2551,2024,gas,7000,1069,951,0.5394321766561514,1.0,0.7057242993203353,6423.57515245676,0.46202466928787633,1.0,0.7556828589023964,40063236.689144276
all|-1|0|all,all,-1,0,all,2551,2024,gas,10000,1069,951,0.6992639327024185,1.0,0.8965201908605497,6423.57515245676,0.6395736287407047,1.0,0.906876512142483,40063236.689144276
all|-1|0|all,all,-1,0,all,2551,2024,gas,15000,1069,951,1.0,1.0,0.9999999999964204,6423.57515245676,1.0,1.0,0.9999999999988537,40063236.689144276
all|-1|0|all,all,-1,0,all,2551,2024,gas,20000,1069,951,1.0,1.0,0.9999999999964204,6423.57515245676,1.0,1.0,0.9999999999988537,40063236.689144276
all|-1|0|all,all,-1,0,all,2551,2025,gas,2000,1057,951,0.11882229232386961,1.0,0.19476634081287095,6379.352723121643,0.03808257836479473,1.0,0.1511400657472485,38338705.06429357
all|-1|0|all,all,-1,0,all,2551,2025,gas,3000,1057,951,0.20189274447949526,1.0,0.30185239129705116,6379.352723121643,0.09454991936341867,1.0,0.281284788977387,38338705.06429357
all|-1|0|all,all,-1,0,all,2551,2025,gas,5000,1057,951,0.36908517350157727,1.0,0.5761655465948882,6379.352723121643,0.24431084857401872,1.0,0.5900354168231013,38338705.06429357
all|-1|0|all,all,-1,0,all,2551,2025,gas,7000,1057,951,0.562565720294427,1.0,0.7437493936287318,6379.352723121643,0.4973052017552964,1.0,0.794941199972793,38338705.06429357
all|-1|0|all,all,-1,0,all,2551,2025,gas,10000,1057,951,0.750788643533123,1.0,0.9230700305714935,6379.352723121643,0.6989133362012658,1.0,0.9339663465667549,38338705.06429357
all|-1|0|all,all,-1,0,all,2551,2025,gas,15000,1057,951,1.0,1.0,0.999999999997058,6379.352723121643,1.0,1.0,1.0000000000000469,38338705.06429357
all|-1|0|all,all,-1,0,all,2551,2025,gas,20000,1057,951,1.0,1.0,0.999999999997058,6379.352723121643,1.0,1.0,1.0000000000000469,38338705.06429357
all|-1|0|all,all,-1,0,all,2551,2018,general,2000,2053,1646,0.20170109356014582,1.0,0.46749572861531474,4238.883906066418,0.09777657805394517,1.0,0.4281260372752468,16784447.33510299
all|-1|0|all,all,-1,0,all,2551,2018,general,3000,2053,1646,0.3286755771567436,1.0,0.6108416237919781,4238.883906066418,0.1770405711184116,1.0,0.5626603468563793,16784447.33510299
all|-1|0|all,all,-1,0,all,2551,2018,general,5000,2053,1646,0.594775212636695,1.0,0.8335361890622071,4238.883906066418,0.4208652937588368,1.0,0.8053630319746917,16784447.33510299
all|-1|0|all,all,-1,0,all,2551,2018,general,7000,2053,1646,0.7721749696233293,1.0,0.9206534743875147,4238.883906066418,0.6498679515593678,1.0,0.9045897051973789,16784447.33510299
all|-1|0|all,all,-1,0,all,2551,2018,general,10000,2053,1646,0.956865127582017,1.0,0.9873370142485889,4238.883906066418,0.9290746750613383,1.0,0.984736044614331,16784447.33510299
all|-1|0|all,all,-1,0,all,2551,2018,general,15000,2053,1646,1.0,1.0,0.999999999994151,4238.883906066418,1.0,1.0,1.0000000000007092,16784447.33510299
all|-1|0|all,all,-1,0,all,2551,2018,general,20000,2053,1646,1.0,1.0,0.999999999994151,4238.883906066418,1.0,1.0,1.0000000000007092,16784447.33510299
all|-1|0|all,all,-1,0,all,2551,2019,general,2000,2084,1607,0.21095208462974488,1.0,0.4585071920535487,4242.5102825164795,0.1024566193895816,1.0,0.4226358210128401,16637455.367632374
all|-1|0|all,all,-1,0,all,2551,2019,general,3000,2084,1607,0.32171748599875544,1.0,0.5927130334932692,4242.5102825164795,0.16731438900024923,1.0,0.5490248129394458,16637455.367632374
all|-1|0|all,all,-1,0,all,2551,2019,general,5000,2084,1607,0.5818294959551961,1.0,0.8195156172043035,4242.5102825164795,0.40015804676915867,1.0,0.7918727224461418,16637455.367632374
all|-1|0|all,all,-1,0,all,2551,2019,general,7000,2084,1607,0.7622899813316739,1.0,0.9140796266123257,4242.5102825164795,0.6379923693318348,1.0,0.8981409527748077,16637455.367632374
all|-1|0|all,all,-1,0,all,2551,2019,general,10000,2084,1607,0.9520846297448662,1.0,0.9864275334296624,4242.5102825164795,0.9144969220502983,1.0,0.9827703482670022,16637455.367632374
all|-1|0|all,all,-1,0,all,2551,2019,general,15000,2084,1607,1.0,1.0,0.9999999999938123,4242.5102825164795,1.0,1.0,0.9999999999995351,16637455.367632374
all|-1|0|all,all,-1,0,all,2551,2019,general,20000,2084,1607,1.0,1.0,0.9999999999938123,4242.5102825164795,1.0,1.0,0.9999999999995351,16637455.367632374
all|-1|0|all,all,-1,0,all,2551,2020,general,2000,2118,1592,0.19974874371859297,1.0,0.44864052066219584,4341.253607064486,0.09502215288376263,1.0,0.41625033303077696,16091983.44792553
all|-1|0|all,all,-1,0,all,2551,2020,general,3000,2118,1592,0.314070351758794,1.0,0.5772912605675091,4341.253607064486,0.15443774512358865,1.0,0.5346448127837568,16091983.44792553
all|-1|0|all,all,-1,0,all,2551,2020,general,5000,2118,1592,0.5753768844221105,1.0,0.8063444968675012,4341.253607064486,0.3905200219698239,1.0,0.7789441582158694,16091983.44792553
all|-1|0|all,all,-1,0,all,2551,2020,general,7000,2118,1592,0.7449748743718593,1.0,0.9051556666263618,4341.253607064486,0.6100433732556733,1.0,0.8899357154242656,16091983.44792553
all|-1|0|all,all,-1,0,all,2551,2020,general,10000,2118,1592,0.9309045226130653,1.0,0.9786903689611234,4341.253607064486,0.8828758029847362,1.0,0.9743530461075778,16091983.44792553
all|-1|0|all,all,-1,0,all,2551,2020,general,15000,2118,1592,0.9987437185929648,1.0,0.9995515893376582,4341.253607064486,0.9991344517397012,1.0,0.9996737107514256,16091983.44792553
all|-1|0|all,all,-1,0,all,2551,2020,general,20000,2118,1592,1.0,1.0,0.9999999999950357,4341.253607064486,1.0,1.0,1.0000000000034122,16091983.44792553
all|-1|0|all,all,-1,0,all,2551,2021,general,2000,2147,1751,0.20045688178183896,1.0,0.4496350543027156,4282.838244765997,0.0948540926550848,1.0,0.41101925635255937,17687548.060526986
all|-1|0|all,all,-1,0,all,2551,2021,general,3000,2147,1751,0.32267275842375787,1.0,0.5809481715052925,4282.838244765997,0.160543361765946,1.0,0.5313374268524222,17687548.060526986
all|-1|0|all,all,-1,0,all,2551,2021,general,5000,2147,1751,0.5728155339805825,1.0,0.803462246120151,4282.838244765997,0.3878047077835373,1.0,0.7714798994270421,17687548.060526986
all|-1|0|all,all,-1,0,all,2551,2021,general,7000,2147,1751,0.7709880068532268,1.0,0.9132872670046528,4282.838244765997,0.647098139736688,1.0,0.8942922012412301,17687548.060526986
all|-1|0|all,all,-1,0,all,2551,2021,general,10000,2147,1751,0.9377498572244432,1.0,0.9760439779616155,4282.838244765997,0.890933452491704,1.0,0.9694664261611938,17687548.060526986
all|-1|0|all,all,-1,0,all,2551,2021,general,15000,2147,1751,0.9988577955454027,1.0,0.9995916931729528,4282.838244765997,0.9993001949673193,1.0,0.9997829424443175,17687548.060526986
all|-1|0|all,all,-1,0,all,2551,2021,general,20000,2147,1751,1.0,1.0,0.9999999999968209,4282.838244765997,1.0,1.0,1.0000000000017206,17687548.060526986
all|-1|0|all,all,-1,0,all,2551,2022,general,2000,2136,1884,0.20169851380042464,1.0,0.44328329691816204,4061.1149413585663,0.10181002587659083,1.0,0.40586412186441906,18872453.143660534
all|-1|0|all,all,-1,0,all,2551,2022,general,3000,2136,1884,0.3359872611464968,1.0,0.5756800534122427,4061.1149413585663,0.18097326165800626,1.0,0.5263064486489533,18872453.143660534
all|-1|0|all,all,-1,0,all,2551,2022,general,5000,2136,1884,0.5923566878980892,1.0,0.7986556017106121,4061.1149413585663,0.41621337741422043,1.0,0.7665814765914571,18872453.143660534
all|-1|0|all,all,-1,0,all,2551,2022,general,7000,2136,1884,0.7643312101910829,1.0,0.907211922665061,4061.1149413585663,0.622994717985933,1.0,0.8873020375554873,18872453.143660534
all|-1|0|all,all,-1,0,all,2551,2022,general,10000,2136,1884,0.9341825902335457,1.0,0.9793654534166619,4061.1149413585663,0.8788783086007432,1.0,0.9730502869216636,18872453.143660534
all|-1|0|all,all,-1,0,all,2551,2022,general,15000,2136,1884,0.9994692144373672,1.0,0.9998094509869891,4061.1149413585663,0.9997159419026603,1.0,0.9998844785725133,18872453.143660534
all|-1|0|all,all,-1,0,all,2551,2022,general,20000,2136,1884,1.0,1.0,0.999999999996162,4061.1149413585663,1.0,1.0,1.0000000000003044,18872453.143660534
all|-1|0|all,all,-1,0,all,2551,2023,general,2000,2114,1849,0.22011898323418064,1.0,0.4530003823597015,4101.719638347626,0.10321658273621637,1.0,0.4187157315148303,17871482.446965322
all|-1|0|all,all,-1,0,all,2551,2023,general,3000,2114,1849,0.33964305029745806,1.0,0.5880235353261682,4101.719638347626,0.17497191461262449,1.0,0.5461562676994919,17871482.446965322
all|-1|0|all,all,-1,0,all,2551,2023,general,5000,2114,1849,0.5851811790156841,1.0,0.8074128405828034,4101.719638347626,0.38562467355945784,1.0,0.7792789115194176,17871482.446965322
all|-1|0|all,all,-1,0,all,2551,2023,general,7000,2114,1849,0.7641968631692807,1.0,0.9098786840812135,4101.719638347626,0.6195369559369096,1.0,0.8940915460228487,17871482.446965322
all|-1|0|all,all,-1,0,all,2551,2023,general,10000,2114,1849,0.92644672796106,1.0,0.9768370600038937,4101.719638347626,0.864027047067985,1.0,0.9708275654441609,17871482.446965322
all|-1|0|all,all,-1,0,all,2551,2023,general,15000,2114,1849,0.9989183342347214,1.0,0.9996098139792876,4101.719638347626,0.9990992782233551,1.0,0.9995980552237782,17871482.446965322
all|-1|0|all,all,-1,0,all,2551,2023,general,20000,2114,1849,1.0,1.0,0.999999999989921,4101.719638347626,1.0,1.0,1.0000000000015867,17871482.446965322
all|-1|0|all,all,-1,0,all,2551,2024,general,2000,2099,1767,0.21901528013582344,1.0,0.4437302869632306,4058.2452389597893,0.10275687499841493,1.0,0.41421649632432994,15983782.25130608
all|-1|0|all,all,-1,0,all,2551,2024,general,3000,2099,1767,0.34521788341822296,1.0,0.5771324902471647,4058.2452389597893,0.17985136118038594,1.0,0.539590970006802,15983782.25130608
all|-1|0|all,all,-1,0,all,2551,2024,general,5000,2099,1767,0.590265987549519,1.0,0.7869256095803328,4058.2452389597893,0.40420918734912925,1.0,0.7647916022356671,15983782.25130608
all|-1|0|all,all,-1,0,all,2551,2024,general,7000,2099,1767,0.745897000565931,1.0,0.8948184578785299,4058.2452389597893,0.6060225072375339,1.0,0.8833930222123904,15983782.25130608
all|-1|0|all,all,-1,0,all,2551,2024,general,10000,2099,1767,0.9213355970571591,1.0,0.9701822253917322,4058.2452389597893,0.8625924167002038,1.0,0.9645353239521597,15983782.25130608
all|-1|0|all,all,-1,0,all,2551,2024,general,15000,2099,1767,0.9994340690435767,1.0,0.9997862924257727,4058.2452389597893,0.999632726317385,1.0,0.9999082238802671,15983782.25130608
all|-1|0|all,all,-1,0,all,2551,2024,general,20000,2099,1767,1.0,1.0,0.9999999999926514,4058.2452389597893,1.0,1.0,0.9999999999997435,15983782.25130608
all|-1|0|all,all,-1,0,all,2551,2025,general,2000,2085,1769,0.21028829847371397,1.0,0.4397328850400032,4242.510282337666,0.10270748952604467,1.0,0.416548096038193,15850845.547514968
all|-1|0|all,all,-1,0,all,2551,2025,general,3000,2085,1769,0.3306953080836631,1.0,0.5796669615492008,4242.510282337666,0.1777167252068137,1.0,0.546057388457878,15850845.547514968
all|-1|0|all,all,-1,0,all,2551,2025,general,5000,2085,1769,0.5952515545505935,1.0,0.7965578433796772,4242.510282337666,0.4284125746079322,1.0,0.7797943563740043,15850845.547514968
all|-1|0|all,all,-1,0,all,2551,2025,general,7000,2085,1769,0.7574901074053138,1.0,0.899017268661755,4242.510282337666,0.6379258324097159,1.0,0.8904784296548679,15850845.547514968
all|-1|0|all,all,-1,0,all,2551,2025,general,10000,2085,1769,0.9259468626342566,1.0,0.9780865509852856,4242.510282337666,0.8860118404397083,1.0,0.9750836349356587,15850845.547514968
all|-1|0|all,all,-1,0,all,2551,2025,general,15000,2085,1769,0.9988694177501414,1.0,0.9995716182194118,4242.510282337666,0.9991686828028578,1.0,0.9997275791505432,15850845.547514968
all|-1|0|all,all,-1,0,all,2551,2025,general,20000,2085,1769,1.0,1.0,0.9999999999943434,4242.510282337666,1.0,1.0,0.9999999999977036,15850845.547514968
all|-1|0|all,all,-1,0,all,2551,2018,roro,2000,615,529,0.15500945179584122,1.0,0.4451165703112464,6544.263502597809,0.10169667030833127,1.0,0.4094648052234202,17835359.304854218
all|-1|0|all,all,-1,0,all,2551,2018,roro,3000,615,529,0.21550094517958412,1.0,0.5448968249336014,6544.263502597809,0.13236164941461892,1.0,0.5122485560485237,17835359.304854218
all|-1|0|all,all,-1,0,all,2551,2018,roro,5000,615,529,0.332703213610586,1.0,0.7661476219296405,6544.263502597809,0.21747954934604788,1.0,0.7474487729321713,17835359.304854218
all|-1|0|all,all,-1,0,all,2551,2018,roro,7000,615,529,0.553875236294896,1.0,0.9025725610302664,6544.263502597809,0.45356576569819035,1.0,0.8963958836108592,17835359.304854218
all|-1|0|all,all,-1,0,all,2551,2018,roro,10000,615,529,0.9338374291115312,1.0,0.9913924118377165,6544.263502597809,0.9124834971690788,1.0,0.9912146486592202,17835359.304854218
all|-1|0|all,all,-1,0,all,2551,2018,roro,15000,615,529,1.0,1.0,0.9999999999979643,6544.263502597809,1.0,1.0,0.999999999999645,17835359.304854218
all|-1|0|all,all,-1,0,all,2551,2018,roro,20000,615,529,1.0,1.0,0.9999999999979643,6544.263502597809,1.0,1.0,0.999999999999645,17835359.304854218
all|-1|0|all,all,-1,0,all,2551,2019,roro,2000,620,517,0.15860735009671179,1.0,0.42741496990530287,6910.075616359711,0.0944403939875209,1.0,0.39443278845432383,17672549.53782449
all|-1|0|all,all,-1,0,all,2551,2019,roro,3000,620,517,0.20889748549323017,1.0,0.5285595412097672,6910.075616359711,0.12274932797342702,1.0,0.4990688194325965,17672549.53782449
all|-1|0|all,all,-1,0,all,2551,2019,roro,5000,620,517,0.31721470019342357,1.0,0.7549284262190472,6910.075616359711,0.19843229441168828,1.0,0.7379761928697411,17672549.53782449
all|-1|0|all,all,-1,0,all,2551,2019,roro,7000,620,517,0.5203094777562862,1.0,0.8892054412558569,6910.075616359711,0.41089596284239654,1.0,0.882628981215216,17672549.53782449
all|-1|0|all,all,-1,0,all,2551,2019,roro,10000,620,517,0.8994197292069632,1.0,0.9870247000060656,6910.075616359711,0.8723885816222815,1.0,0.9878238292399466,17672549.53782449
all|-1|0|all,all,-1,0,all,2551,2019,roro,15000,620,517,1.0,1.0,0.9999999999993298,6910.075616359711,1.0,1.0,0.9999999999997677,17672549.53782449
all|-1|0|all,all,-1,0,all,2551,2019,roro,20000,620,517,1.0,1.0,0.9999999999993298,6910.075616359711,1.0,1.0,0.9999999999997677,17672549.53782449
all|-1|0|all,all,-1,0,all,2551,2020,roro,2000,637,506,0.17193675889328064,1.0,0.4398969314088266,6246.818514466286,0.10619893960897492,1.0,0.4233984046035928,13621722.871497998
all|-1|0|all,all,-1,0,all,2551,2020,roro,3000,637,506,0.21739130434782608,1.0,0.5368140447069872,6246.818514466286,0.1331187425039137,1.0,0.5207865893293019,13621722.871497998
all|-1|0|all,all,-1,0,all,2551,2020,roro,5000,637,506,0.3577075098814229,1.0,0.7753067228317274,6246.818514466286,0.2400039210038058,1.0,0.7654503477580763,13621722.871497998
all|-1|0|all,all,-1,0,all,2551,2020,roro,7000,637,506,0.5612648221343873,1.0,0.8967934339891953,6246.818514466286,0.44830485672624504,1.0,0.8934444907576413,13621722.871497998
all|-1|0|all,all,-1,0,all,2551,2020,roro,10000,637,506,0.9110671936758893,1.0,0.9860182094503384,6246.818514466286,0.881658073285661,1.0,0.9878725159234302,13621722.871497998
all|-1|0|all,all,-1,0,all,2551,2020,roro,15000,637,506,1.0,1.0,0.9999999999975214,6246.818514466286,1.0,1.0,0.9999999999994562,13621722.871497998
all|-1|0|all,all,-1,0,all,2551,2020,roro,20000,637,506,1.0,1.0,0.9999999999975214,6246.818514466286,1.0,1.0,0.9999999999994562,13621722.871497998
all|-1|0|all,all,-1,0,all,2551,2021,roro,2000,654,529,0.166351606805293,1.0,0.4113864417470102,6917.810544490814,0.09396767732705368,1.0,0.3733586904070837,17458169.96394542
all|-1|0|all,all,-1,0,all,2551,2021,roro,3000,654,529,0.21739130434782608,1.0,0.5157562139064645,6917.810544490814,0.12135960894888928,1.0,0.48005058057906985,17458169.96394542
all|-1|0|all,all,-1,0,all,2551,2021,roro,5000,654,529,0.31379962192816635,1.0,0.748923305950978,6917.810544490814,0.18706974597731918,1.0,0.7242746034823001,17458169.96394542
all|-1|0|all,all,-1,0,all,2551,2021,roro,7000,654,529,0.5066162570888468,1.0,0.8863358030585526,6917.810544490814,0.40132101983506646,1.0,0.8744313406467065,17458169.96394542
all|-1|0|all,all,-1,0,all,2551,2021,roro,10000,654,529,0.9357277882797732,1.0,0.9916361515861936,6917.810544490814,0.9127075456366404,1.0,0.9907381527832952,17458169.96394542
all|-1|0|all,all,-1,0,all,2551,2021,roro,15000,654,529,1.0,1.0,1.0000000000001485,6917.810544490814,1.0,1.0,1.0000000000008467,17458169.96394542
all|-1|0|all,all,-1,0,all,2551,2021,roro,20000,654,529,1.0,1.0,1.0000000000001485,6917.810544490814,1.0,1.0,1.0000000000008467,17458169.96394542
all|-1|0|all,all,-1,0,all,2551,2022,roro,2000,668,607,0.1614497528830313,1.0,0.38353172960850046,7238.014530658722,0.08014649856576696,1.0,0.3411272911005228,20282578.539989058
all|-1|0|all,all,-1,0,all,2551,2022,roro,3000,668,607,0.22075782537067545,1.0,0.48246510320263064,7238.014530658722,0.11374394271821493,1.0,0.4386807510974263,20282578.539989058
all|-1|0|all,all,-1,0,all,2551,2022,roro,5000,668,607,0.3163097199341021,1.0,0.7082045268943383,7238.014530658722,0.1676491551399189,1.0,0.6786264210038712,20282578.539989058
all|-1|0|all,all,-1,0,all,2551,2022,roro,7000,668,607,0.471169686985173,1.0,0.8573030873276448,7238.014530658722,0.33515497079002876,1.0,0.8407081058834891,20282578.539989058
all|-1|0|all,all,-1,0,all,2551,2022,roro,10000,668,607,0.9060955518945635,1.0,0.9822589471142813,7238.014530658722,0.8808335416188505,1.0,0.9811600693477801,20282578.539989058
all|-1|0|all,all,-1,0,all,2551,2022,roro,15000,668,607,1.0,1.0,0.9999999999979658,7238.014530658722,1.0,1.0,1.000000000001146,20282578.539989058
all|-1|0|all,all,-1,0,all,2551,2022,roro,20000,668,607,1.0,1.0,0.9999999999979658,7238.014530658722,1.0,1.0,1.000000000001146,20282578.539989058
all|-1|0|all,all,-1,0,all,2551,2023,roro,2000,650,601,0.129783693843594,1.0,0.3775116905711153,7186.98954719305,0.07751749944698078,1.0,0.34121560626232433,20047748.69728995
all|-1|0|all,all,-1,0,all,2551,2023,roro,3000,650,601,0.17304492512479203,1.0,0.4742594456994833,7186.98954719305,0.10045805291729493,1.0,0.4354319089121898,20047748.69728995
all|-1|0|all,all,-1,0,all,2551,2023,roro,5000,650,601,0.27454242928452577,1.0,0.7038658707247266,7186.98954719305,0.16652169404359923,1.0,0.6728045651515079,20047748.69728995
all|-1|0|all,all,-1,0,all,2551,2023,roro,7000,650,601,0.47753743760399336,1.0,0.8739411982233107,7186.98954719305,0.3651389895397147,1.0,0.8567960803030453,20047748.69728995
all|-1|0|all,all,-1,0,all,2551,2023,roro,10000,650,601,0.9500831946755408,1.0,0.994234053226872,7186.98954719305,0.9336112450260605,1.0,0.9935883569002124,20047748.69728995
all|-1|0|all,all,-1,0,all,2551,2023,roro,15000,650,601,1.0,1.0,0.9999999999990021,7186.98954719305,1.0,1.0,1.0000000000015874,20047748.69728995
all|-1|0|all,all,-1,0,all,2551,2023,roro,20000,650,601,1.0,1.0,0.9999999999990021,7186.98954719305,1.0,1.0,1.0000000000015874,20047748.69728995
all|-1|0|all,all,-1,0,all,2551,2024,roro,2000,642,561,0.1408199643493761,1.0,0.3601631882519157,7822.294020652771,0.08749549975849975,1.0,0.3425851947448232,16684070.292250693
all|-1|0|all,all,-1,0,all,2551,2024,roro,3000,642,561,0.1925133689839572,1.0,0.4515783456343049,7822.294020652771,0.11746441310514533,1.0,0.4370487978414213,16684070.292250693
all|-1|0|all,all,-1,0,all,2551,2024,roro,5000,642,561,0.27629233511586454,1.0,0.6589635555429545,7822.294020652771,0.17803757681859347,1.0,0.6584001732373523,16684070.292250693
all|-1|0|all,all,-1,0,all,2551,2024,roro,7000,642,561,0.43672014260249553,1.0,0.8269943263261381,7822.294020652771,0.3453787107358288,1.0,0.8223883601893768,16684070.292250693
all|-1|0|all,all,-1,0,all,2551,2024,roro,10000,642,561,0.8734402852049911,1.0,0.9777280400384696,7822.294020652771,0.84929960161543,1.0,0.9784281510212102,16684070.292250693
all|-1|0|all,all,-1,0,all,2551,2024,roro,15000,642,561,1.0,1.0,0.9999999999985939,7822.294020652771,1.0,1.0,0.9999999999988765,16684070.292250693
all|-1|0|all,all,-1,0,all,2551,2024,roro,20000,642,561,1.0,1.0,0.9999999999985939,7822.294020652771,1.0,1.0,0.9999999999988765,16684070.292250693
all|-1|0|all,all,-1,0,all,2551,2025,roro,2000,646,588,0.141156462585034,1.0,0.3671356625613394,7822.294020652771,0.08372391960350913,1.0,0.3452899846508798,17994462.93373581
all|-1|0|all,all,-1,0,all,2551,2025,roro,3000,646,588,0.1870748299319728,1.0,0.4601097631184091,7822.294020652771,0.10827116866098595,1.0,0.4389599707864033,17994462.93373581
all|-1|0|all,all,-1,0,all,2551,2025,roro,5000,646,588,0.28741496598639454,1.0,0.6575693573246909,7822.294020652771,0.18245462198866275,1.0,0.6452085243216348,17994462.93373581
all|-1|0|all,all,-1,0,all,2551,2025,roro,7000,646,588,0.4217687074829932,1.0,0.8101524942738773,7822.294020652771,0.31847703653042414,1.0,0.7971389912683263,17994462.93373581
all|-1|0|all,all,-1,0,all,2551,2025,roro,10000,646,588,0.8826530612244898,1.0,0.979162803138833,7822.294020652771,0.8572006279101105,1.0,0.980120871098507,17994462.93373581
all|-1|0|all,all,-1,0,all,2551,2025,roro,15000,646,588,1.0,1.0,0.9999999999948853,7822.294020652771,1.0,1.0,1.000000000001655,17994462.93373581
all|-1|0|all,all,-1,0,all,2551,2025,roro,20000,646,588,1.0,1.0,0.9999999999948853,7822.294020652771,1.0,1.0,1.000000000001655,17994462.93373581
all|-1|0|all,all,-1,0,all,2551,2018,tanker,2000,4618,3798,0.2024749868351764,1.0,0.3849625795879674,5074.441877007484,0.069369282376636,1.0,0.31445629456439766,73943865.76461166
all|-1|0|all,all,-1,0,all,2551,2018,tanker,3000,4618,3798,0.2856766719325961,1.0,0.5233275944061726,5074.441877007484,0.11739561896462108,1.0,0.44831415726634916,73943865.76461166
all|-1|0|all,all,-1,0,all,2551,2018,tanker,5000,4618,3798,0.47051079515534494,1.0,0.7584274444930865,5074.441877007484,0.2703886473371666,1.0,0.6888266628965671,73943865.76461166
all|-1|0|all,all,-1,0,all,2551,2018,tanker,7000,4618,3798,0.7238020010531859,1.0,0.8911082630805055,5074.441877007484,0.5679525150133479,1.0,0.8601221054365243,73943865.76461166
all|-1|0|all,all,-1,0,all,2551,2018,tanker,10000,4618,3798,0.9281200631911533,1.0,0.9787317771393792,5074.441877007484,0.8615805283290392,1.0,0.9700645149325693,73943865.76461166
all|-1|0|all,all,-1,0,all,2551,2018,tanker,15000,4618,3798,1.0,1.0,0.9999999999985218,5074.441877007484,1.0,1.0,0.9999999999987083,73943865.76461166
all|-1|0|all,all,-1,0,all,2551,2018,tanker,20000,4618,3798,1.0,1.0,0.9999999999985218,5074.441877007484,1.0,1.0,0.9999999999987083,73943865.76461166
all|-1|0|all,all,-1,0,all,2551,2019,tanker,2000,4875,3924,0.19928644240570845,1.0,0.37587056204240543,5113.099660992622,0.06932128434396621,1.0,0.30422073392021465,77526380.89904672
all|-1|0|all,all,-1,0,all,2551,2019,tanker,3000,4875,3924,0.2826197757390418,1.0,0.5082345645942393,5113.099660992622,0.11446848210575745,1.0,0.4339810730518275,77526380.89904672
all|-1|0|all,all,-1,0,all,2551,2019,tanker,5000,4875,3924,0.459480122324159,1.0,0.7462861906646754,5113.099660992622,0.24750702266267602,1.0,0.6751295628302632,77526380.89904672
all|-1|0|all,all,-1,0,all,2551,2019,tanker,7000,4875,3924,0.7138124362895005,1.0,0.8851100043681979,5113.099660992622,0.538815394419996,1.0,0.8530958925529013,77526380.89904672
all|-1|0|all,all,-1,0,all,2551,2019,tanker,10000,4875,3924,0.9268603465851172,1.0,0.9772475941460227,5113.099660992622,0.8492871128362455,1.0,0.9689631879960119,77526380.89904672
all|-1|0|all,all,-1,0,all,2551,2019,tanker,15000,4875,3924,1.0,1.0,0.9999999999977445,5113.099660992622,1.0,1.0,1.0000000000008882,77526380.89904672
all|-1|0|all,all,-1,0,all,2551,2019,tanker,20000,4875,3924,1.0,1.0,0.9999999999977445,5113.099660992622,1.0,1.0,1.0000000000008882,77526380.89904672
all|-1|0|all,all,-1,0,all,2551,2020,tanker,2000,4919,3944,0.186105476673428,1.0,0.3685190140297846,5118.79500246048,0.0630261415226605,1.0,0.30396119703714686,76205638.2188209
all|-1|0|all,all,-1,0,all,2551,2020,tanker,3000,4919,3944,0.26369168356997974,1.0,0.5039788939017567,5118.79500246048,0.10427149973463143,1.0,0.43631995106551974,76205638.2188209
all|-1|0|all,all,-1,0,all,2551,2020,tanker,5000,4919,3944,0.44954361054766734,1.0,0.7426415683712394,5118.79500246048,0.23795425970509454,1.0,0.6738735201149071,76205638.2188209
all|-1|0|all,all,-1,0,all,2551,2020,tanker,7000,4919,3944,0.6987829614604463,1.0,0.8814644337144095,5118.79500246048,0.5274678731415963,1.0,0.8478314222544351,76205638.2188209
all|-1|0|all,all,-1,0,all,2551,2020,tanker,10000,4919,3944,0.920131845841785,1.0,0.9752446982521248,5118.79500246048,0.8334862781537774,1.0,0.9665694656012008,76205638.2188209
all|-1|0|all,all,-1,0,all,2551,2020,tanker,15000,4919,3944,1.0,1.0,0.9999999999977995,5118.79500246048,1.0,1.0,0.9999999999999345,76205638.2188209
all|-1|0|all,all,-1,0,all,2551,2020,tanker,20000,4919,3944,1.0,1.0,0.9999999999977995,5118.79500246048,1.0,1.0,0.9999999999999345,76205638.2188209
all|-1|0|all,all,-1,0,all,2551,2021,tanker,2000,4987,4085,0.19902080783353734,1.0,0.3837706483916455,5051.5996816158295,0.07382020164160773,1.0,0.3237133642128812,74238778.00839713
all|-1|0|all,all,-1,0,all,2551,2021,tanker,3000,4987,4085,0.28225214198286414,1.0,0.5168863987730109,5051.5996816158295,0.12263092453022553,1.0,0.4526513615734504,74238778.00839713
all|-1|0|all,all,-1,0,all,2551,2021,tanker,5000,4987,4085,0.47784577723378213,1.0,0.7515781107047727,5051.5996816158295,0.2715246709614848,1.0,0.6877877927934458,74238778.00839713
all|-1|0|all,all,-1,0,all,2551,2021,tanker,7000,4987,4085,0.7155446756425948,1.0,0.8810615598897947,5051.5996816158295,0.5734148628237027,1.0,0.8521739748180156,74238778.00839713
all|-1|0|all,all,-1,0,all,2551,2021,tanker,10000,4987,4085,0.9326805385556916,1.0,0.9778044262912572,5051.5996816158295,0.8679372865813311,1.0,0.969671747863317,74238778.00839713
all|-1|0|all,all,-1,0,all,2551,2021,tanker,15000,4987,4085,1.0,1.0,0.9999999999982371,5051.5996816158295,1.0,1.0,1.0000000000001181,74238778.00839713
all|-1|0|all,all,-1,0,all,2551,2021,tanker,20000,4987,4085,1.0,1.0,0.9999999999982371,5051.5996816158295,1.0,1.0,1.0000000000001181,74238778.00839713
all|-1|0|all,all,-1,0,all,2551,2022,tanker,2000,4893,4229,0.19815559233861432,1.0,0.3847701959855629,5015.230248451233,0.06998393989840461,1.0,0.31649250812092117,77504560.16824526
all|-1|0|all,all,-1,0,all,2551,2022,tanker,3000,4893,4229,0.29699692598723104,1.0,0.5190749859415558,5015.230248451233,0.12431626476763957,1.0,0.4475550675051937,77504560.16824526
all|-1|0|all,all,-1,0,all,2551,2022,tanker,5000,4893,4229,0.4868763301016789,1.0,0.7706401269100905,5015.230248451233,0.2741569423273652,1.0,0.7102176460736723,77504560.16824526
all|-1|0|all,all,-1,0,all,2551,2022,tanker,7000,4893,4229,0.7377630645542681,1.0,0.9047884544383872,5015.230248451233,0.5884134621010405,1.0,0.8819750665611241,77504560.16824526
all|-1|0|all,all,-1,0,all,2551,2022,tanker,10000,4893,4229,0.9486876330101679,1.0,0.9826733128233114,5015.230248451233,0.8886825086961201,1.0,0.9756308538888595,77504560.16824526
all|-1|0|all,all,-1,0,all,2551,2022,tanker,15000,4893,4229,1.0,1.0,0.999999999999256,5015.230248451233,1.0,1.0,0.9999999999996182,77504560.16824526
all|-1|0|all,all,-1,0,all,2551,2022,tanker,20000,4893,4229,1.0,1.0,0.999999999999256,5015.230248451233,1.0,1.0,0.9999999999996182,77504560.16824526
all|-1|0|all,all,-1,0,all,2551,2023,tanker,2000,4791,4262,0.21022993899577663,1.0,0.37595547716949557,5009.600793361664,0.07008034549926646,1.0,0.30184894381023625,78982704.92444077
all|-1|0|all,all,-1,0,all,2551,2023,tanker,3000,4791,4262,0.2996245893946504,1.0,0.5147799212221138,5009.600793361664,0.11995590517540931,1.0,0.43869406432378466,78982704.92444077
all|-1|0|all,all,-1,0,all,2551,2023,tanker,5000,4791,4262,0.4969497888315345,1.0,0.7767546134114958,5009.600793361664,0.27087549863624105,1.0,0.7146654371899782,78982704.92444077
all|-1|0|all,all,-1,0,all,2551,2023,tanker,7000,4791,4262,0.7550445800093852,1.0,0.9116215066499872,5009.600793361664,0.5998830092201157,1.0,0.885155607233285,78982704.92444077
all|-1|0|all,all,-1,0,all,2551,2023,tanker,10000,4791,4262,0.9460347254809949,1.0,0.9822225855233593,5009.600793361664,0.8748099058830409,1.0,0.9729908329917055,78982704.92444077
all|-1|0|all,all,-1,0,all,2551,2023,tanker,15000,4791,4262,1.0,1.0,0.9999999999971042,5009.600793361664,1.0,1.0,0.9999999999998551,78982704.92444077
all|-1|0|all,all,-1,0,all,2551,2023,tanker,20000,4791,4262,1.0,1.0,0.9999999999971042,5009.600793361664,1.0,1.0,0.9999999999998551,78982704.92444077
all|-1|0|all,all,-1,0,all,2551,2024,tanker,2000,4777,4087,0.23146562270614143,1.0,0.38431763764546717,5009.600793600082,0.08326105775756401,1.0,0.31837219068640465,69943393.86570013
all|-1|0|all,all,-1,0,all,2551,2024,tanker,3000,4777,4087,0.32150721800831905,1.0,0.5089084003418077,5009.600793600082,0.1408568149944301,1.0,0.44380052045427415,69943393.86570013
all|-1|0|all,all,-1,0,all,2551,2024,tanker,5000,4777,4087,0.4930266699290433,1.0,0.7429513347259047,5009.600793600082,0.27636550927339143,1.0,0.692516488156723,69943393.86570013
all|-1|0|all,all,-1,0,all,2551,2024,tanker,7000,4777,4087,0.7186200146806949,1.0,0.8860912621906993,5009.600793600082,0.5650599900077927,1.0,0.8635831979735283,69943393.86570013
all|-1|0|all,all,-1,0,all,2551,2024,tanker,10000,4777,4087,0.9334475165157817,1.0,0.9760290201514902,5009.600793600082,0.865527471463234,1.0,0.967608918101111,69943393.86570013
all|-1|0|all,all,-1,0,all,2551,2024,tanker,15000,4777,4087,1.0,1.0,0.9999999999987645,5009.600793600082,1.0,1.0,0.999999999999514,69943393.86570013
all|-1|0|all,all,-1,0,all,2551,2024,tanker,20000,4777,4087,1.0,1.0,0.9999999999987645,5009.600793600082,1.0,1.0,0.999999999999514,69943393.86570013
all|-1|0|all,all,-1,0,all,2551,2025,tanker,2000,4763,4099,0.22932422542083436,1.0,0.3838111649495475,5009.600793361664,0.08133429331605414,1.0,0.3176180554338113,70926131.90914872
all|-1|0|all,all,-1,0,all,2551,2025,tanker,3000,4763,4099,0.3300805074408392,1.0,0.5079595803702973,5009.600793361664,0.1410137596383718,1.0,0.4386321403675758,70926131.90914872
all|-1|0|all,all,-1,0,all,2551,2025,tanker,5000,4763,4099,0.4962185898999756,1.0,0.7358912968808098,5009.600793361664,0.2685733704477667,1.0,0.6793576714163257,70926131.90914872
all|-1|0|all,all,-1,0,all,2551,2025,tanker,7000,4763,4099,0.7165162234691388,1.0,0.8823053849267891,5009.600793361664,0.5657505132956785,1.0,0.8564588421736641,70926131.90914872
all|-1|0|all,all,-1,0,all,2551,2025,tanker,10000,4763,4099,0.936569895096365,1.0,0.9792746566881106,5009.600793361664,0.8654237994914243,1.0,0.9702354087608699,70926131.90914872
all|-1|0|all,all,-1,0,all,2551,2025,tanker,15000,4763,4099,1.0,1.0,0.9999999999997772,5009.600793361664,1.0,1.0,0.9999999999991752,70926131.90914872
all|-1|0|all,all,-1,0,all,2551,2025,tanker,20000,4763,4099,1.0,1.0,0.9999999999997772,5009.600793361664,1.0,1.0,0.9999999999991752,70926131.90914872
