set_key,method,train_year,sel_range_nm,groups,n_ports,eval_year,vessel_group,range_nm,n_active,n_full,feasible_share,touch_share,covered_share,median_req_lb,feasible_share_w,touch_share_w,covered_share_w,w_full
external:yap4|-1|0|all,external:yap4,-1,0,all,5,2018,all,5000,18359,15321,0.025128908034723584,0.5918021016904902,0.02664265339793333,53766.138414382935,,,,
external:yap4|-1|0|all,external:yap4,-1,0,all,5,2018,all,7000,18359,15321,0.03433196266562235,0.5918021016904902,0.037571477332463125,53766.138414382935,,,,
external:yap4|-1|0|all,external:yap4,-1,0,all,5,2018,all,10000,18359,15321,0.04947457737745578,0.5918021016904902,0.05695735885330868,53766.138414382935,,,,
external:yap4|-1|0|all,external:yap4,-1,0,all,5,2019,all,5000,19082,15502,0.01954586504967101,0.5838601470777964,0.026497130701256734,69157.34959197044,,,,
external:yap4|-1|0|all,external:yap4,-1,0,all,5,2019,all,7000,19082,15502,0.02741581731389498,0.5838601470777964,0.03929152682285475,69157.34959197044,,,,
external:yap4|-1|0|all,external:yap4,-1,0,all,5,2019,all,10000,19082,15502,0.04076893304089795,0.5838601470777964,0.05974266004769382,69157.34959197044,,,,
external:yap4|-1|0|all,external:yap4,-1,0,all,5,2020,all,5000,19477,15740,0.017979669631512072,0.5952350698856417,0.02512204827522026,74360.57538414001,,,,
external:yap4|-1|0|all,external:yap4,-1,0,all,5,2020,all,7000,19477,15740,0.02477763659466328,0.5952350698856417,0.03613335838132171,74360.57538414001,,,,
external:yap4|-1|0|all,external:yap4,-1,0,all,5,2020,all,10000,19477,15740,0.0360864040660737,0.5952350698856417,0.05592724104027986,74360.57538414001,,,,
external:yap4|-1|0|all,external:yap4,-1,0,all,5,2021,all,5000,19938,16620,0.015102286401925392,0.5846570397111913,0.022937402843077194,77168.4157398045,,,,
external:yap4|-1|0|all,external:yap4,-1,0,all,5,2021,all,7000,19938,16620,0.020998796630565583,0.5846570397111913,0.03424242449520529,77168.4157398045,,,,
external:yap4|-1|0|all,external:yap4,-1,0,all,5,2021,all,10000,19938,16620,0.03200962695547533,0.5846570397111913,0.05482207477110616,77168.4157398045,,,,
external:yap4|-1|0|all,external:yap4,-1,0,all,5,2022,all,5000,19678,17691,0.014583686620315414,0.5835170425640156,0.026253108045542366,76336.54399681091,,,,
external:yap4|-1|0|all,external:yap4,-1,0,all,5,2022,all,7000,19678,17691,0.020971115256345034,0.5835170425640156,0.039260989091189476,76336.54399681091,,,,
external:yap4|-1|0|all,external:yap4,-1,0,all,5,2022,all,10000,19678,17691,0.03351986885987225,0.5835170425640156,0.05945848518459183,76336.54399681091,,,,
external:yap4|-1|0|all,external:yap4,-1,0,all,5,2023,all,5000,19387,17714,0.015750254036355424,0.5892514395393474,0.028861917081402632,74413.25520324707,,,,
external:yap4|-1|0|all,external:yap4,-1,0,all,5,2023,all,7000,19387,17714,0.02275036694140228,0.5892514395393474,0.04226619981948998,74413.25520324707,,,,
external:yap4|-1|0|all,external:yap4,-1,0,all,5,2023,all,10000,19387,17714,0.03505701704866208,0.5892514395393474,0.06384360716790254,74413.25520324707,,,,
external:yap4|-1|0|all,external:yap4,-1,0,all,5,2024,all,5000,19307,16746,0.01642183207930252,0.5732115131971814,0.027718978006679038,71896.92946362495,,,,
external:yap4|-1|0|all,external:yap4,-1,0,all,5,2024,all,7000,19307,16746,0.024364027230383375,0.5732115131971814,0.04101094837578658,71896.92946362495,,,,
external:yap4|-1|0|all,external:yap4,-1,0,all,5,2024,all,10000,19307,16746,0.03708348262271587,0.5732115131971814,0.06159714847007235,71896.92946362495,,,,
external:yap4|-1|0|all,external:yap4,-1,0,all,5,2025,all,5000,19237,17006,0.017523227096318945,0.5717981888745148,0.026454907361504514,61152.84874391556,,,,
external:yap4|-1|0|all,external:yap4,-1,0,all,5,2025,all,7000,19237,17006,0.024697165706221335,0.5717981888745148,0.039290466493095894,61152.84874391556,,,,
external:yap4|-1|0|all,external:yap4,-1,0,all,5,2025,all,10000,19237,17006,0.03692814300834999,0.5717981888745148,0.061161619497005666,61152.84874391556,,,,
external:yap4|-1|0|all,external:yap4,-1,0,all,5,2018,bulk,5000,7047,6294,0.01986018430251033,0.6598347632666031,0.020307861421076656,52583.621836185455,,,,
external:yap4|-1|0|all,external:yap4,-1,0,all,5,2018,bulk,7000,7047,6294,0.027486495074674294,0.6598347632666031,0.029656350625741512,52583.621836185455,,,,
external:yap4|-1|0|all,external:yap4,-1,0,all,5,2018,bulk,10000,7047,6294,0.039243724181760406,0.6598347632666031,0.04093374008686385,52583.621836185455,,,,
external:yap4|-1|0|all,external:yap4,-1,0,all,5,2019,bulk,5000,7336,6371,0.016010045518756868,0.654685292732695,0.019270969585804633,66482.04709243774,,,,
external:yap4|-1|0|all,external:yap4,-1,0,all,5,2019,bulk,7000,7336,6371,0.021189766127766442,0.654685292732695,0.02958762740371909,66482.04709243774,,,,
external:yap4|-1|0|all,external:yap4,-1,0,all,5,2019,bulk,10000,7336,6371,0.0309213624234814,0.654685292732695,0.043339711592326226,66482.04709243774,,,,
external:yap4|-1|0|all,external:yap4,-1,0,all,5,2020,bulk,5000,7551,6573,0.014453065571276433,0.6646888787463867,0.017272769773574122,70346.71465110779,,,,
external:yap4|-1|0|all,external:yap4,-1,0,all,5,2020,bulk,7000,7551,6573,0.019169329073482427,0.6646888787463867,0.02605135728839029,70346.71465110779,,,,
external:yap4|-1|0|all,external:yap4,-1,0,all,5,2020,bulk,10000,7551,6573,0.02571124296363913,0.6646888787463867,0.038582358364598085,70346.71465110779,,,,
external:yap4|-1|0|all,external:yap4,-1,0,all,5,2021,bulk,5000,7737,6773,0.009744574043998228,0.6424036615975196,0.012953883001809479,73521.72231388092,,,,
external:yap4|-1|0|all,external:yap4,-1,0,all,5,2021,bulk,7000,7737,6773,0.012106895024361436,0.6424036615975196,0.021832988715621792,73521.72231388092,,,,
external:yap4|-1|0|all,external:yap4,-1,0,all,5,2021,bulk,10000,7737,6773,0.018455632659087555,0.6424036615975196,0.033160690089531354,73521.72231388092,,,,
external:yap4|-1|0|all,external:yap4,-1,0,all,5,2022,bulk,5000,7632,7090,0.011706629055007052,0.6307475317348378,0.016390657687978608,71938.52442264557,,,,
external:yap4|-1|0|all,external:yap4,-1,0,all,5,2022,bulk,7000,7632,7090,0.015796897038081806,0.6307475317348378,0.02587677436868525,71938.52442264557,,,,
external:yap4|-1|0|all,external:yap4,-1,0,all,5,2022,bulk,10000,7632,7090,0.023977433004231313,0.6307475317348378,0.03720141967650883,71938.52442264557,,,,
external:yap4|-1|0|all,external:yap4,-1,0,all,5,2023,bulk,5000,7477,7061,0.014728791955813624,0.6643534910069395,0.01888458969643963,67731.14894247055,,,,
external:yap4|-1|0|all,external:yap4,-1,0,all,5,2023,bulk,7000,7477,7061,0.020393711938818865,0.6643534910069395,0.02984327768773801,67731.14894247055,,,,
external:yap4|-1|0|all,external:yap4,-1,0,all,5,2023,bulk,10000,7477,7061,0.028607845914176463,0.6643534910069395,0.044005390682351375,67731.14894247055,,,,
external:yap4|-1|0|all,external:yap4,-1,0,all,5,2024,bulk,5000,7486,6665,0.011552888222055514,0.6522130532633158,0.01738424103238298,64920.20776462555,,,,
external:yap4|-1|0|all,external:yap4,-1,0,all,5,2024,bulk,7000,7486,6665,0.01665416354088522,0.6522130532633158,0.027387197218881568,64920.20776462555,,,,
external:yap4|-1|0|all,external:yap4,-1,0,all,5,2024,bulk,10000,7486,6665,0.025356339084771192,0.6522130532633158,0.041258728506193464,64920.20776462555,,,,
external:yap4|-1|0|all,external:yap4,-1,0,all,5,2025,bulk,5000,7455,6820,0.011143695014662757,0.6571847507331379,0.015113439424108789,56533.24991941452,,,,
external:yap4|-1|0|all,external:yap4,-1,0,all,5,2025,bulk,7000,7455,6820,0.015249266862170088,0.6571847507331379,0.024703418681231992,56533.24991941452,,,,
external:yap4|-1|0|all,external:yap4,-1,0,all,5,2025,bulk,10000,7455,6820,0.022434017595307918,0.6571847507331379,0.038526544821105846,56533.24991941452,,,,
external:yap4|-1|0|all,external:yap4,-1,0,all,5,2018,container,5000,3087,2234,0.03581020590868397,0.6217547000895255,0.05323214563352594,41205.166070222855,,,,
external:yap4|-1|0|all,external:yap4,-1,0,all,5,2018,container,7000,3087,2234,0.05416293643688451,0.6217547000895255,0.07264252263932072,41205.166070222855,,,,
external:yap4|-1|0|all,external:yap4,-1,0,all,5,2018,container,10000,3087,2234,0.07609668755595345,0.6217547000895255,0.11019003833536652,41205.166070222855,,,,
external:yap4|-1|0|all,external:yap4,-1,0,all,5,2019,container,5000,3179,2209,0.03485740153915799,0.6043458578542327,0.05337817714783021,59982.41953396797,,,,
external:yap4|-1|0|all,external:yap4,-1,0,all,5,2019,container,7000,3179,2209,0.05070167496604799,0.6043458578542327,0.07879942041847944,59982.41953396797,,,,
external:yap4|-1|0|all,external:yap4,-1,0,all,5,2019,container,10000,3179,2209,0.0724309642372114,0.6043458578542327,0.11374787171059016,59982.41953396797,,,,
external:yap4|-1|0|all,external:yap4,-1,0,all,5,2020,container,5000,3213,2212,0.03074141048824593,0.6112115732368897,0.05516842302705404,69425.87957134843,,,,
external:yap4|-1|0|all,external:yap4,-1,0,all,5,2020,container,7000,3213,2212,0.045660036166365284,0.6112115732368897,0.07525002591515059,69425.87957134843,,,,
external:yap4|-1|0|all,external:yap4,-1,0,all,5,2020,container,10000,3213,2212,0.07097649186256781,0.6112115732368897,0.1129268980744183,69425.87957134843,,,,
external:yap4|-1|0|all,external:yap4,-1,0,all,5,2021,container,5000,3329,2505,0.026746506986027943,0.6351297405189621,0.05102668041858986,64973.16543960571,,,,
external:yap4|-1|0|all,external:yap4,-1,0,all,5,2021,container,7000,3329,2505,0.038722554890219564,0.6351297405189621,0.07171129832077236,64973.16543960571,,,,
external:yap4|-1|0|all,external:yap4,-1,0,all,5,2021,container,10000,3329,2505,0.06387225548902195,0.6351297405189621,0.11168722443965591,64973.16543960571,,,,
external:yap4|-1|0|all,external:yap4,-1,0,all,5,2022,container,5000,3281,2890,0.02387543252595156,0.6650519031141868,0.05589363921486883,64325.115522027016,,,,
external:yap4|-1|0|all,external:yap4,-1,0,all,5,2022,container,7000,3281,2890,0.03529411764705882,0.6650519031141868,0.08022307496210503,64325.115522027016,,,,
external:yap4|-1|0|all,external:yap4,-1,0,all,5,2022,container,10000,3281,2890,0.056055363321799306,0.6650519031141868,0.1163591680656474,64325.115522027016,,,,
external:yap4|-1|0|all,external:yap4,-1,0,all,5,2023,container,5000,3293,2948,0.025780189959294438,0.6441655359565808,0.061952764273578584,67554.91550970078,,,,
external:yap4|-1|0|all,external:yap4,-1,0,all,5,2023,container,7000,3293,2948,0.03867028493894165,0.6441655359565808,0.08694440881534457,67554.91550970078,,,,
external:yap4|-1|0|all,external:yap4,-1,0,all,5,2023,container,10000,3293,2948,0.06173677069199457,0.6441655359565808,0.12650860618405635,67554.91550970078,,,,
external:yap4|-1|0|all,external:yap4,-1,0,all,5,2024,container,5000,3234,2715,0.03130755064456722,0.6232044198895028,0.06035272705353588,66938.82009029388,,,,
external:yap4|-1|0|all,external:yap4,-1,0,all,5,2024,container,7000,3234,2715,0.04383057090239411,0.6232044198895028,0.08589099354818733,66938.82009029388,,,,
external:yap4|-1|0|all,external:yap4,-1,0,all,5,2024,container,10000,3234,2715,0.06372007366482504,0.6232044198895028,0.12471546819259496,66938.82009029388,,,,
external:yap4|-1|0|all,external:yap4,-1,0,all,5,2025,container,5000,3231,2779,0.02195034184958618,0.6358402302986685,0.06075687559160521,57323.717613220215,,,,
external:yap4|-1|0|all,external:yap4,-1,0,all,5,2025,container,7000,3231,2779,0.034184958618207986,0.6358402302986685,0.08542633782638856,57323.717613220215,,,,
external:yap4|-1|0|all,external:yap4,-1,0,all,5,2025,container,10000,3231,2779,0.056854983807124865,0.6358402302986685,0.12895043797144343,57323.717613220215,,,,
external:yap4|-1|0|all,external:yap4,-1,0,all,5,2018,gas,5000,939,820,0.018292682926829267,0.28780487804878047,0.017201337646753804,146958.73622989655,,,,
external:yap4|-1|0|all,external:yap4,-1,0,all,5,2018,gas,7000,939,820,0.025609756097560974,0.28780487804878047,0.02057379862929199,146958.73622989655,,,,
external:yap4|-1|0|all,external:yap4,-1,0,all,5,2018,gas,10000,939,820,0.03780487804878049,0.28780487804878047,0.026746771991020962,146958.73622989655,,,,
external:yap4|-1|0|all,external:yap4,-1,0,all,5,2019,gas,5000,988,874,0.014874141876430207,0.30434782608695654,0.014689452949030915,207433.25909280777,,,,
external:yap4|-1|0|all,external:yap4,-1,0,all,5,2019,gas,7000,988,874,0.021739130434782608,0.30434782608695654,0.0195336914262563,207433.25909280777,,,,
external:yap4|-1|0|all,external:yap4,-1,0,all,5,2019,gas,10000,988,874,0.030892448512585814,0.30434782608695654,0.025202419495109176,207433.25909280777,,,,
external:yap4|-1|0|all,external:yap4,-1,0,all,5,2020,gas,5000,1039,913,0.012048192771084338,0.2836801752464403,0.00985303612437797,241354.9224834442,,,,
external:yap4|-1|0|all,external:yap4,-1,0,all,5,2020,gas,7000,1039,913,0.014238773274917854,0.2836801752464403,0.014433569092294875,241354.9224834442,,,,
external:yap4|-1|0|all,external:yap4,-1,0,all,5,2020,gas,10000,1039,913,0.025191675794085433,0.2836801752464403,0.018674661320367228,241354.9224834442,,,,
external:yap4|-1|0|all,external:yap4,-1,0,all,5,2021,gas,5000,1084,977,0.01023541453428864,0.2712384851586489,0.010961060832655757,281475.2407941818,,,,
external:yap4|-1|0|all,external:yap4,-1,0,all,5,2021,gas,7000,1084,977,0.01330603889457523,0.2712384851586489,0.01462355376371469,281475.2407941818,,,,
external:yap4|-1|0|all,external:yap4,-1,0,all,5,2021,gas,10000,1084,977,0.021494370522006142,0.2712384851586489,0.018369190839514757,281475.2407941818,,,,
external:yap4|-1|0|all,external:yap4,-1,0,all,5,2022,gas,5000,1068,991,0.008072653884964682,0.289606458123108,0.010630224605067112,285888.88278388977,,,,
external:yap4|-1|0|all,external:yap4,-1,0,all,5,2022,gas,7000,1068,991,0.011099899091826439,0.289606458123108,0.015231508789929111,285888.88278388977,,,,
external:yap4|-1|0|all,external:yap4,-1,0,all,5,2022,gas,10000,1068,991,0.020181634712411706,0.289606458123108,0.019355810612146734,285888.88278388977,,,,
external:yap4|-1|0|all,external:yap4,-1,0,all,5,2023,gas,5000,1062,993,0.008056394763343404,0.24874118831822759,0.00821240761021965,282238.02436447144,,,,
external:yap4|-1|0|all,external:yap4,-1,0,all,5,2023,gas,7000,1062,993,0.011077542799597181,0.24874118831822759,0.011992708513064108,282238.02436447144,,,,
external:yap4|-1|0|all,external:yap4,-1,0,all,5,2023,gas,10000,1062,993,0.014098690835850957,0.24874118831822759,0.01664763866329619,282238.02436447144,,,,
external:yap4|-1|0|all,external:yap4,-1,0,all,5,2024,gas,5000,1069,951,0.011566771819137749,0.21556256572029442,0.008706682566240203,253566.01905155182,,,,
external:yap4|-1|0|all,external:yap4,-1,0,all,5,2024,gas,7000,1069,951,0.016824395373291272,0.21556256572029442,0.012018332139292565,253566.01905155182,,,,
external:yap4|-1|0|all,external:yap4,-1,0,all,5,2024,gas,10000,1069,951,0.02103049421661409,0.21556256572029442,0.015375839722583643,253566.01905155182,,,,
external:yap4|-1|0|all,external:yap4,-1,0,all,5,2025,gas,5000,1057,951,0.01892744479495268,0.2334384858044164,0.00770491123835804,206357.03807735443,,,,
external:yap4|-1|0|all,external:yap4,-1,0,all,5,2025,gas,7000,1057,951,0.027339642481598318,0.2334384858044164,0.011516461572604783,206357.03807735443,,,,
external:yap4|-1|0|all,external:yap4,-1,0,all,5,2025,gas,10000,1057,951,0.031545741324921134,0.2334384858044164,0.015669000856622997,206357.03807735443,,,,
external:yap4|-1|0|all,external:yap4,-1,0,all,5,2018,general,5000,2053,1646,0.0212636695018226,0.5771567436208992,0.025760673834064333,47854.35378241539,,,,
external:yap4|-1|0|all,external:yap4,-1,0,all,5,2018,general,7000,2053,1646,0.026731470230862697,0.5771567436208992,0.036856610379302476,47854.35378241539,,,,
external:yap4|-1|0|all,external:yap4,-1,0,all,5,2018,general,10000,2053,1646,0.05224787363304982,0.5771567436208992,0.0586571081851009,47854.35378241539,,,,
external:yap4|-1|0|all,external:yap4,-1,0,all,5,2019,general,5000,2084,1607,0.015556938394523958,0.5388923459863099,0.022226134748474954,64321.420196801424,,,,
external:yap4|-1|0|all,external:yap4,-1,0,all,5,2019,general,7000,2084,1607,0.020535158680771624,0.5388923459863099,0.030694227952867362,64321.420196801424,,,,
external:yap4|-1|0|all,external:yap4,-1,0,all,5,2019,general,10000,2084,1607,0.03298070939639079,0.5388923459863099,0.05221844136606948,64321.420196801424,,,,
external:yap4|-1|0|all,external:yap4,-1,0,all,5,2020,general,5000,2118,1592,0.019472361809045227,0.5577889447236181,0.02067366084718314,69097.2649307251,,,,
external:yap4|-1|0|all,external:yap4,-1,0,all,5,2020,general,7000,2118,1592,0.022613065326633167,0.5577889447236181,0.029170000155026785,69097.2649307251,,,,
external:yap4|-1|0|all,external:yap4,-1,0,all,5,2020,general,10000,2118,1592,0.031407035175879394,0.5577889447236181,0.0468601450991007,69097.2649307251,,,,
external:yap4|-1|0|all,external:yap4,-1,0,all,5,2021,general,5000,2147,1751,0.011422044545973729,0.5693889206167904,0.02045176636480018,69096.08153533936,,,,
external:yap4|-1|0|all,external:yap4,-1,0,all,5,2021,general,7000,2147,1751,0.01599086236436322,0.5693889206167904,0.030275640083478963,69096.08153533936,,,,
external:yap4|-1|0|all,external:yap4,-1,0,all,5,2021,general,10000,2147,1751,0.023415191319246145,0.5693889206167904,0.05136540436441877,69096.08153533936,,,,
external:yap4|-1|0|all,external:yap4,-1,0,all,5,2022,general,5000,2136,1884,0.01167728237791932,0.5562632696390658,0.02018838453986859,66647.5671467185,,,,
external:yap4|-1|0|all,external:yap4,-1,0,all,5,2022,general,7000,2136,1884,0.018046709129511677,0.5562632696390658,0.031395051292696576,66647.5671467185,,,,
external:yap4|-1|0|all,external:yap4,-1,0,all,5,2022,general,10000,2136,1884,0.02813163481953291,0.5562632696390658,0.054320565415024495,66647.5671467185,,,,
external:yap4|-1|0|all,external:yap4,-1,0,all,5,2023,general,5000,2114,1849,0.01838831800973499,0.5586803677663602,0.027322805200805985,66566.43181228638,,,,
external:yap4|-1|0|all,external:yap4,-1,0,all,5,2023,general,7000,2114,1849,0.02055164954029205,0.5586803677663602,0.04040988709423859,66566.43181228638,,,,
external:yap4|-1|0|all,external:yap4,-1,0,all,5,2023,general,10000,2114,1849,0.03299080584099513,0.5586803677663602,0.06649653280151878,66566.43181228638,,,,
external:yap4|-1|0|all,external:yap4,-1,0,all,5,2024,general,5000,2099,1767,0.013582342954159592,0.5359366157328805,0.026026857119425133,63344.71960926056,,,,
external:yap4|-1|0|all,external:yap4,-1,0,all,5,2024,general,7000,2099,1767,0.019241652518392757,0.5359366157328805,0.039995474170442226,63344.71960926056,,,,
external:yap4|-1|0|all,external:yap4,-1,0,all,5,2024,general,10000,2099,1767,0.03338992642897567,0.5359366157328805,0.06299205665727092,63344.71960926056,,,,
external:yap4|-1|0|all,external:yap4,-1,0,all,5,2025,general,5000,2085,1769,0.013001695873374788,0.539287733182589,0.025496825272206394,53254.01281738281,,,,
external:yap4|-1|0|all,external:yap4,-1,0,all,5,2025,general,7000,2085,1769,0.017524024872809497,0.539287733182589,0.037381690688424604,53254.01281738281,,,,
external:yap4|-1|0|all,external:yap4,-1,0,all,5,2025,general,10000,2085,1769,0.03335217637083098,0.539287733182589,0.06414543586481607,53254.01281738281,,,,
external:yap4|-1|0|all,external:yap4,-1,0,all,5,2018,roro,5000,615,529,0.013232514177693762,0.7334593572778828,0.02022963760110243,60064.89177560806,,,,
external:yap4|-1|0|all,external:yap4,-1,0,all,5,2018,roro,7000,615,529,0.017013232514177693,0.7334593572778828,0.029351633707032268,60064.89177560806,,,,
external:yap4|-1|0|all,external:yap4,-1,0,all,5,2018,roro,10000,615,529,0.02835538752362949,0.7334593572778828,0.06646191687133396,60064.89177560806,,,,
external:yap4|-1|0|all,external:yap4,-1,0,all,5,2019,roro,5000,620,517,0.009671179883945842,0.7620889748549323,0.022816779432029543,67655.97913706303,,,,
external:yap4|-1|0|all,external:yap4,-1,0,all,5,2019,roro,7000,620,517,0.015473887814313346,0.7620889748549323,0.03624880750317115,67655.97913706303,,,,
external:yap4|-1|0|all,external:yap4,-1,0,all,5,2019,roro,10000,620,517,0.03868471953578337,0.7620889748549323,0.0775275801564587,67655.97913706303,,,,
external:yap4|-1|0|all,external:yap4,-1,0,all,5,2020,roro,5000,637,506,0.015810276679841896,0.7450592885375494,0.027327386415406857,61153.74261689186,,,,
external:yap4|-1|0|all,external:yap4,-1,0,all,5,2020,roro,7000,637,506,0.023715415019762844,0.7450592885375494,0.03685632654716777,61153.74261689186,,,,
external:yap4|-1|0|all,external:yap4,-1,0,all,5,2020,roro,10000,637,506,0.041501976284584984,0.7450592885375494,0.07649609521335923,61153.74261689186,,,,
external:yap4|-1|0|all,external:yap4,-1,0,all,5,2021,roro,5000,654,529,0.005671077504725898,0.775047258979206,0.024202394916698906,67044.90615332127,,,,
external:yap4|-1|0|all,external:yap4,-1,0,all,5,2021,roro,7000,654,529,0.01890359168241966,0.775047258979206,0.03525855894524109,67044.90615332127,,,,
external:yap4|-1|0|all,external:yap4,-1,0,all,5,2021,roro,10000,654,529,0.03213610586011342,0.775047258979206,0.0711474480372768,67044.90615332127,,,,
external:yap4|-1|0|all,external:yap4,-1,0,all,5,2022,roro,5000,668,607,0.0032948929159802307,0.7528830313014827,0.01982395765275592,69631.58286595345,,,,
external:yap4|-1|0|all,external:yap4,-1,0,all,5,2022,roro,7000,668,607,0.006589785831960461,0.7528830313014827,0.02781050024668595,69631.58286595345,,,,
external:yap4|-1|0|all,external:yap4,-1,0,all,5,2022,roro,10000,668,607,0.026359143327841845,0.7528830313014827,0.06894864849239421,69631.58286595345,,,,
external:yap4|-1|0|all,external:yap4,-1,0,all,5,2023,roro,5000,650,601,0.0033277870216306157,0.7554076539101497,0.016592885663052507,71090.38701915741,,,,
external:yap4|-1|0|all,external:yap4,-1,0,all,5,2023,roro,7000,650,601,0.004991680532445923,0.7554076539101497,0.02359935602967584,71090.38701915741,,,,
external:yap4|-1|0|all,external:yap4,-1,0,all,5,2023,roro,10000,650,601,0.014975041597337771,0.7554076539101497,0.05004641396332488,71090.38701915741,,,,
external:yap4|-1|0|all,external:yap4,-1,0,all,5,2024,roro,5000,642,561,0.0,0.7450980392156863,0.017502452325554654,72370.77019691467,,,,
external:yap4|-1|0|all,external:yap4,-1,0,all,5,2024,roro,7000,642,561,0.0071301247771836,0.7450980392156863,0.025634370938853464,72370.77019691467,,,,
external:yap4|-1|0|all,external:yap4,-1,0,all,5,2024,roro,10000,642,561,0.0196078431372549,0.7450980392156863,0.050938163607333845,72370.77019691467,,,,
external:yap4|-1|0|all,external:yap4,-1,0,all,5,2025,roro,5000,646,588,0.006802721088435374,0.7568027210884354,0.018087370746317784,66407.17778611183,,,,
external:yap4|-1|0|all,external:yap4,-1,0,all,5,2025,roro,7000,646,588,0.011904761904761904,0.7568027210884354,0.026847253637639047,66407.17778611183,,,,
external:yap4|-1|0|all,external:yap4,-1,0,all,5,2025,roro,10000,646,588,0.027210884353741496,0.7568027210884354,0.05194994572395034,66407.17778611183,,,,
external:yap4|-1|0|all,external:yap4,-1,0,all,5,2018,tanker,5000,4618,3798,0.03238546603475513,0.5136914165350185,0.01774152777426293,54825.246638298035,,,,
external:yap4|-1|0|all,external:yap4,-1,0,all,5,2018,tanker,7000,4618,3798,0.04160084254870985,0.5136914165350185,0.026207930053104955,54825.246638298035,,,,
external:yap4|-1|0|all,external:yap4,-1,0,all,5,2018,tanker,10000,4618,3798,0.055028962611901,0.5136914165350185,0.04146052936104674,54825.246638298035,,,,
external:yap4|-1|0|all,external:yap4,-1,0,all,5,2019,tanker,5000,4875,3924,0.020642201834862386,0.514525993883792,0.02203370651004215,68521.26899436116,,,,
external:yap4|-1|0|all,external:yap4,-1,0,all,5,2019,tanker,7000,4875,3924,0.030071355759429153,0.514525993883792,0.03226970443283285,68521.26899436116,,,,
external:yap4|-1|0|all,external:yap4,-1,0,all,5,2019,tanker,10000,4875,3924,0.0445973496432212,0.514525993883792,0.0510583402829743,68521.26899436116,,,,
external:yap4|-1|0|all,external:yap4,-1,0,all,5,2020,tanker,5000,4919,3944,0.017748478701825558,0.5385395537525355,0.020436075665240097,73860.44832777977,,,,
external:yap4|-1|0|all,external:yap4,-1,0,all,5,2020,tanker,7000,4919,3944,0.02586206896551724,0.5385395537525355,0.03133354058010765,73860.44832777977,,,,
external:yap4|-1|0|all,external:yap4,-1,0,all,5,2020,tanker,10000,4919,3944,0.037525354969574036,0.5385395537525355,0.05157142774252293,73860.44832777977,,,,
external:yap4|-1|0|all,external:yap4,-1,0,all,5,2021,tanker,5000,4987,4085,0.0208078335373317,0.5148102815177479,0.020351824593326507,78055.57838058472,,,,
external:yap4|-1|0|all,external:yap4,-1,0,all,5,2021,tanker,7000,4987,4085,0.029130966952264383,0.5148102815177479,0.030994367751804943,78055.57838058472,,,,
external:yap4|-1|0|all,external:yap4,-1,0,all,5,2021,tanker,10000,4987,4085,0.04112607099143207,0.5148102815177479,0.053194555873613276,78055.57838058472,,,,
external:yap4|-1|0|all,external:yap4,-1,0,all,5,2022,tanker,5000,4893,4229,0.017498226531094823,0.5053204067155356,0.022346156618934604,81107.69662284851,,,,
external:yap4|-1|0|all,external:yap4,-1,0,all,5,2022,tanker,7000,4893,4229,0.02553795223457082,0.5053204067155356,0.034777628185040994,81107.69662284851,,,,
external:yap4|-1|0|all,external:yap4,-1,0,all,5,2022,tanker,10000,4893,4229,0.04067155355876094,0.5053204067155356,0.05316967866119062,81107.69662284851,,,,
external:yap4|-1|0|all,external:yap4,-1,0,all,5,2023,tanker,5000,4791,4262,0.012904739558892538,0.4960112623181605,0.022941484367503664,80457.90289735794,,,,
external:yap4|-1|0|all,external:yap4,-1,0,all,5,2023,tanker,7000,4791,4262,0.021820741435945566,0.4960112623181605,0.03373645120164705,80457.90289735794,,,,
external:yap4|-1|0|all,external:yap4,-1,0,all,5,2023,tanker,10000,4791,4262,0.03589863913655561,0.4960112623181605,0.05251317697715897,80457.90289735794,,,,
external:yap4|-1|0|all,external:yap4,-1,0,all,5,2024,tanker,5000,4777,4087,0.019084903352091998,0.4869097137264497,0.02295465885219553,79492.05786633492,,,,
external:yap4|-1|0|all,external:yap4,-1,0,all,5,2024,tanker,7000,4777,4087,0.030340102764864204,0.4869097137264497,0.034204515691272384,79492.05786633492,,,,
external:yap4|-1|0|all,external:yap4,-1,0,all,5,2024,tanker,10000,4777,4087,0.046244188891607536,0.4869097137264497,0.05207396053677467,79492.05786633492,,,,
external:yap4|-1|0|all,external:yap4,-1,0,all,5,2025,tanker,5000,4763,4099,0.028299585264698706,0.4523054403513052,0.020848270727812864,66788.43886518478,,,,
external:yap4|-1|0|all,external:yap4,-1,0,all,5,2025,tanker,7000,4763,4099,0.038302024884118074,0.4523054403513052,0.03201951780588187,66788.43886518478,,,,
external:yap4|-1|0|all,external:yap4,-1,0,all,5,2025,tanker,10000,4763,4099,0.05171993169065626,0.4523054403513052,0.04942162255458202,66788.43886518478,,,,
external:yap8|-1|0|all,external:yap8,-1,0,all,11,2018,all,5000,18359,15321,0.03302656484563671,0.6768487696625547,0.04317144765504752,45354.74718314409,,,,
external:yap8|-1|0|all,external:yap8,-1,0,all,11,2018,all,7000,18359,15321,0.04601527315449383,0.6768487696625547,0.06258851200657427,45354.74718314409,,,,
external:yap8|-1|0|all,external:yap8,-1,0,all,11,2018,all,10000,18359,15321,0.06807649631225116,0.6768487696625547,0.09322907019047962,45354.74718314409,,,,
external:yap8|-1|0|all,external:yap8,-1,0,all,11,2019,all,5000,19082,15502,0.02799638756289511,0.6707521610114824,0.043427333138683855,57865.191611766815,,,,
external:yap8|-1|0|all,external:yap8,-1,0,all,11,2019,all,7000,19082,15502,0.03954328473745323,0.6707521610114824,0.06492954315329087,57865.191611766815,,,,
external:yap8|-1|0|all,external:yap8,-1,0,all,11,2019,all,10000,19082,15502,0.05889562637079086,0.6707521610114824,0.09732128230367317,57865.191611766815,,,,
external:yap8|-1|0|all,external:yap8,-1,0,all,11,2020,all,5000,19477,15740,0.027509529860228716,0.6902160101651842,0.04384135571891819,59909.3745238781,,,,
external:yap8|-1|0|all,external:yap8,-1,0,all,11,2020,all,7000,19477,15740,0.03811944091486658,0.6902160101651842,0.06400906477598035,59909.3745238781,,,,
external:yap8|-1|0|all,external:yap8,-1,0,all,11,2020,all,10000,19477,15740,0.0554002541296061,0.6902160101651842,0.09507121611979322,59909.3745238781,,,,
external:yap8|-1|0|all,external:yap8,-1,0,all,11,2021,all,5000,19938,16620,0.023225030084235862,0.6786401925391095,0.040481922818935416,60911.48723459244,,,,
external:yap8|-1|0|all,external:yap8,-1,0,all,11,2021,all,7000,19938,16620,0.03351383874849579,0.6786401925391095,0.06203200316207476,60911.48723459244,,,,
external:yap8|-1|0|all,external:yap8,-1,0,all,11,2021,all,10000,19938,16620,0.050421179302045725,0.6786401925391095,0.09354186401989605,60911.48723459244,,,,
external:yap8|-1|0|all,external:yap8,-1,0,all,11,2022,all,5000,19678,17691,0.023853937030128315,0.6824373975467752,0.04551977700104316,59915.54921388626,,,,
external:yap8|-1|0|all,external:yap8,-1,0,all,11,2022,all,7000,19678,17691,0.03634616471652252,0.6824373975467752,0.07021414542506468,59915.54921388626,,,,
external:yap8|-1|0|all,external:yap8,-1,0,all,11,2022,all,10000,19678,17691,0.05437793228195127,0.6824373975467752,0.10157257825044874,59915.54921388626,,,,
external:yap8|-1|0|all,external:yap8,-1,0,all,11,2023,all,5000,19387,17714,0.0244439426442362,0.6820029355312183,0.04895818359505755,57860.39568912983,,,,
external:yap8|-1|0|all,external:yap8,-1,0,all,11,2023,all,7000,19387,17714,0.037315117985773964,0.6820029355312183,0.0761946940772468,57860.39568912983,,,,
external:yap8|-1|0|all,external:yap8,-1,0,all,11,2023,all,10000,19387,17714,0.056396070904369426,0.6820029355312183,0.10950473018587333,57860.39568912983,,,,
external:yap8|-1|0|all,external:yap8,-1,0,all,11,2024,all,5000,19307,16746,0.02603606831482145,0.6699510330825271,0.0466022530828043,56865.08964776993,,,,
external:yap8|-1|0|all,external:yap8,-1,0,all,11,2024,all,7000,19307,16746,0.039830407261435566,0.6699510330825271,0.0714404690979515,56865.08964776993,,,,
external:yap8|-1|0|all,external:yap8,-1,0,all,11,2024,all,10000,19307,16746,0.05887973247342649,0.6699510330825271,0.10380816589473142,56865.08964776993,,,,
external:yap8|-1|0|all,external:yap8,-1,0,all,11,2025,all,5000,19237,17006,0.026402446195460425,0.6649417852522639,0.045172240781850816,50162.0164450407,,,,
external:yap8|-1|0|all,external:yap8,-1,0,all,11,2025,all,7000,19237,17006,0.04016229566035517,0.6649417852522639,0.06989107551773463,50162.0164450407,,,,
external:yap8|-1|0|all,external:yap8,-1,0,all,11,2025,all,10000,19237,17006,0.05827355051158414,0.6649417852522639,0.10505551309832815,50162.0164450407,,,,
external:yap8|-1|0|all,external:yap8,-1,0,all,11,2018,bulk,5000,7047,6294,0.022402287893231648,0.7203686050206546,0.02642822464528579,46927.62543344498,,,,
external:yap8|-1|0|all,external:yap8,-1,0,all,11,2018,bulk,7000,7047,6294,0.03129965046075628,0.7203686050206546,0.03999286176951582,46927.62543344498,,,,
external:yap8|-1|0|all,external:yap8,-1,0,all,11,2018,bulk,10000,7047,6294,0.046870034953924375,0.7203686050206546,0.059115244644279426,46927.62543344498,,,,
external:yap8|-1|0|all,external:yap8,-1,0,all,11,2019,bulk,5000,7336,6371,0.019463192591429916,0.7240621566473081,0.025265739545776888,58692.35482215881,,,,
external:yap8|-1|0|all,external:yap8,-1,0,all,11,2019,bulk,7000,7336,6371,0.024956835661591587,0.7240621566473081,0.039781127977951636,58692.35482215881,,,,
external:yap8|-1|0|all,external:yap8,-1,0,all,11,2019,bulk,10000,7336,6371,0.03641500549364307,0.7240621566473081,0.061773716554709444,58692.35482215881,,,,
external:yap8|-1|0|all,external:yap8,-1,0,all,11,2020,bulk,5000,7551,6573,0.016887266088544045,0.7371063441350981,0.023875769995793644,60840.6944360733,,,,
external:yap8|-1|0|all,external:yap8,-1,0,all,11,2020,bulk,7000,7551,6573,0.022668492317054617,0.7371063441350981,0.03722955942704632,60840.6944360733,,,,
external:yap8|-1|0|all,external:yap8,-1,0,all,11,2020,bulk,10000,7551,6573,0.03164460672447893,0.7371063441350981,0.05774610816135476,60840.6944360733,,,,
external:yap8|-1|0|all,external:yap8,-1,0,all,11,2021,bulk,5000,7737,6773,0.011073379595452532,0.7117968403956888,0.01803271822844646,63251.31130313873,,,,
external:yap8|-1|0|all,external:yap8,-1,0,all,11,2021,bulk,7000,7737,6773,0.015059796249815443,0.7117968403956888,0.03027145073274781,63251.31130313873,,,,
external:yap8|-1|0|all,external:yap8,-1,0,all,11,2021,bulk,10000,7737,6773,0.02406614498745017,0.7117968403956888,0.04817431588712171,63251.31130313873,,,,
external:yap8|-1|0|all,external:yap8,-1,0,all,11,2022,bulk,5000,7632,7090,0.013681241184767278,0.707052186177715,0.0225135615333983,61632.959384441376,,,,
external:yap8|-1|0|all,external:yap8,-1,0,all,11,2022,bulk,7000,7632,7090,0.019887165021156557,0.707052186177715,0.036140514257936254,61632.959384441376,,,,
external:yap8|-1|0|all,external:yap8,-1,0,all,11,2022,bulk,10000,7632,7090,0.029901269393511988,0.707052186177715,0.05490323752751031,61632.959384441376,,,,
external:yap8|-1|0|all,external:yap8,-1,0,all,11,2023,bulk,5000,7477,7061,0.016569890950290326,0.7251097578246707,0.025404722860723997,58730.19250392914,,,,
external:yap8|-1|0|all,external:yap8,-1,0,all,11,2023,bulk,7000,7477,7061,0.02407590992777227,0.7251097578246707,0.04133623859568305,58730.19250392914,,,,
external:yap8|-1|0|all,external:yap8,-1,0,all,11,2023,bulk,10000,7477,7061,0.035122503894632486,0.7251097578246707,0.06366585920457662,58730.19250392914,,,,
external:yap8|-1|0|all,external:yap8,-1,0,all,11,2024,bulk,5000,7486,6665,0.01350337584396099,0.7152288072018005,0.02408440133958637,55996.4992017746,,,,
external:yap8|-1|0|all,external:yap8,-1,0,all,11,2024,bulk,7000,7486,6665,0.02040510127531883,0.7152288072018005,0.03887728584937668,55996.4992017746,,,,
external:yap8|-1|0|all,external:yap8,-1,0,all,11,2024,bulk,10000,7486,6665,0.032408102025506376,0.7152288072018005,0.060746332065090426,55996.4992017746,,,,
external:yap8|-1|0|all,external:yap8,-1,0,all,11,2025,bulk,5000,7455,6820,0.012316715542521995,0.7211143695014662,0.022329619868758702,50198.26210594177,,,,
external:yap8|-1|0|all,external:yap8,-1,0,all,11,2025,bulk,7000,7455,6820,0.018621700879765397,0.7211143695014662,0.0379159898025731,50198.26210594177,,,,
external:yap8|-1|0|all,external:yap8,-1,0,all,11,2025,bulk,10000,7455,6820,0.02844574780058651,0.7211143695014662,0.0607381422987354,50198.26210594177,,,,
external:yap8|-1|0|all,external:yap8,-1,0,all,11,2018,container,5000,3087,2234,0.05998209489704566,0.7354521038495971,0.10241855850598247,24465.15076005459,,,,
external:yap8|-1|0|all,external:yap8,-1,0,all,11,2018,container,7000,3087,2234,0.09265890778871978,0.7354521038495971,0.14654572445528358,24465.15076005459,,,,
external:yap8|-1|0|all,external:yap8,-1,0,all,11,2018,container,10000,3087,2234,0.13742166517457474,0.7354521038495971,0.21359713361219856,24465.15076005459,,,,
external:yap8|-1|0|all,external:yap8,-1,0,all,11,2019,container,5000,3179,2209,0.06066093254866455,0.7093707559981892,0.10269193643189546,25617.950928211212,,,,
external:yap8|-1|0|all,external:yap8,-1,0,all,11,2019,container,7000,3179,2209,0.09325486645540969,0.7093707559981892,0.15489542911408913,25617.950928211212,,,,
external:yap8|-1|0|all,external:yap8,-1,0,all,11,2019,container,10000,3179,2209,0.1339972838388411,0.7093707559981892,0.22214022461416758,25617.950928211212,,,,
external:yap8|-1|0|all,external:yap8,-1,0,all,11,2020,container,5000,3213,2212,0.06555153707052441,0.7296564195298373,0.11533291194525998,26849.978731811047,,,,
external:yap8|-1|0|all,external:yap8,-1,0,all,11,2020,container,7000,3213,2212,0.09358047016274865,0.7296564195298373,0.16202300941853529,26849.978731811047,,,,
external:yap8|-1|0|all,external:yap8,-1,0,all,11,2020,container,10000,3213,2212,0.1360759493670886,0.7296564195298373,0.228348404019964,26849.978731811047,,,,
external:yap8|-1|0|all,external:yap8,-1,0,all,11,2021,container,5000,3329,2505,0.0530938123752495,0.7516966067864271,0.10591709109776203,25447.987692832947,,,,
external:yap8|-1|0|all,external:yap8,-1,0,all,11,2021,container,7000,3329,2505,0.08223552894211576,0.7516966067864271,0.1627840083097036,25447.987692832947,,,,
external:yap8|-1|0|all,external:yap8,-1,0,all,11,2021,container,10000,3329,2505,0.1285429141716567,0.7516966067864271,0.23172156084880277,25447.987692832947,,,,
external:yap8|-1|0|all,external:yap8,-1,0,all,11,2022,container,5000,3281,2890,0.05051903114186851,0.7837370242214533,0.10876302769954717,25165.03713941574,,,,
external:yap8|-1|0|all,external:yap8,-1,0,all,11,2022,container,7000,3281,2890,0.08339100346020761,0.7837370242214533,0.17006303388731855,25165.03713941574,,,,
external:yap8|-1|0|all,external:yap8,-1,0,all,11,2022,container,10000,3281,2890,0.12525951557093426,0.7837370242214533,0.2329768724988175,25165.03713941574,,,,
external:yap8|-1|0|all,external:yap8,-1,0,all,11,2023,container,5000,3293,2948,0.05223880597014925,0.7672998643147897,0.12019376860181678,25599.349279403687,,,,
external:yap8|-1|0|all,external:yap8,-1,0,all,11,2023,container,7000,3293,2948,0.08717774762550883,0.7672998643147897,0.19144453145798712,25599.349279403687,,,,
external:yap8|-1|0|all,external:yap8,-1,0,all,11,2023,container,10000,3293,2948,0.13127544097693353,0.7672998643147897,0.2580294743958689,25599.349279403687,,,,
external:yap8|-1|0|all,external:yap8,-1,0,all,11,2024,container,5000,3234,2715,0.058931860036832415,0.7546961325966851,0.11283842098451664,26780.539400577545,,,,
external:yap8|-1|0|all,external:yap8,-1,0,all,11,2024,container,7000,3234,2715,0.09355432780847145,0.7546961325966851,0.1759227473336994,26780.539400577545,,,,
external:yap8|-1|0|all,external:yap8,-1,0,all,11,2024,container,10000,3234,2715,0.13149171270718232,0.7546961325966851,0.24363979064867583,26780.539400577545,,,,
external:yap8|-1|0|all,external:yap8,-1,0,all,11,2025,container,5000,3231,2779,0.04893846707448723,0.751349406261245,0.11227466979974346,26777.4534085989,,,,
external:yap8|-1|0|all,external:yap8,-1,0,all,11,2025,container,7000,3231,2779,0.08744152572867939,0.751349406261245,0.17337848047130072,26777.4534085989,,,,
external:yap8|-1|0|all,external:yap8,-1,0,all,11,2025,container,10000,3231,2779,0.12162648434688737,0.751349406261245,0.24941882576296887,26777.4534085989,,,,
external:yap8|-1|0|all,external:yap8,-1,0,all,11,2018,gas,5000,939,820,0.023170731707317073,0.43414634146341463,0.01867114572278245,110780.74201083183,,,,
external:yap8|-1|0|all,external:yap8,-1,0,all,11,2018,gas,7000,939,820,0.03048780487804878,0.43414634146341463,0.022510293183255183,110780.74201083183,,,,
external:yap8|-1|0|all,external:yap8,-1,0,all,11,2018,gas,10000,939,820,0.046341463414634146,0.43414634146341463,0.03118332506924057,110780.74201083183,,,,
external:yap8|-1|0|all,external:yap8,-1,0,all,11,2019,gas,5000,988,874,0.019450800915331808,0.4405034324942792,0.016269904503549076,140489.07739001513,,,,
external:yap8|-1|0|all,external:yap8,-1,0,all,11,2019,gas,7000,988,874,0.02745995423340961,0.4405034324942792,0.02150529275128633,140489.07739001513,,,,
external:yap8|-1|0|all,external:yap8,-1,0,all,11,2019,gas,10000,988,874,0.036613272311212815,0.4405034324942792,0.02934271211459507,140489.07739001513,,,,
external:yap8|-1|0|all,external:yap8,-1,0,all,11,2020,gas,5000,1039,913,0.01533406352683461,0.48083242059145676,0.01178184655022228,168246.3871908188,,,,
external:yap8|-1|0|all,external:yap8,-1,0,all,11,2020,gas,7000,1039,913,0.018619934282584884,0.48083242059145676,0.017370778793397462,168246.3871908188,,,,
external:yap8|-1|0|all,external:yap8,-1,0,all,11,2020,gas,10000,1039,913,0.03504928806133625,0.48083242059145676,0.024384544715355387,168246.3871908188,,,,
external:yap8|-1|0|all,external:yap8,-1,0,all,11,2021,gas,5000,1084,977,0.011258955987717503,0.4534288638689867,0.012501931373008307,176131.22317123413,,,,
external:yap8|-1|0|all,external:yap8,-1,0,all,11,2021,gas,7000,1084,977,0.014329580348004094,0.4534288638689867,0.016840679900262206,176131.22317123413,,,,
external:yap8|-1|0|all,external:yap8,-1,0,all,11,2021,gas,10000,1084,977,0.022517911975435005,0.4534288638689867,0.022467429361372446,176131.22317123413,,,,
external:yap8|-1|0|all,external:yap8,-1,0,all,11,2022,gas,5000,1068,991,0.010090817356205853,0.46316851664984865,0.01328060550143055,177595.71749782562,,,,
external:yap8|-1|0|all,external:yap8,-1,0,all,11,2022,gas,7000,1068,991,0.015136226034308779,0.46316851664984865,0.018310858290368433,177595.71749782562,,,,
external:yap8|-1|0|all,external:yap8,-1,0,all,11,2022,gas,10000,1068,991,0.024217961654894045,0.46316851664984865,0.02477847202549064,177595.71749782562,,,,
external:yap8|-1|0|all,external:yap8,-1,0,all,11,2023,gas,5000,1062,993,0.011077542799597181,0.4300100704934542,0.010846588571507028,179007.99411928654,,,,
external:yap8|-1|0|all,external:yap8,-1,0,all,11,2023,gas,7000,1062,993,0.015105740181268883,0.4300100704934542,0.015410788456726447,179007.99411928654,,,,
external:yap8|-1|0|all,external:yap8,-1,0,all,11,2023,gas,10000,1062,993,0.01812688821752266,0.4300100704934542,0.021859359937686534,179007.99411928654,,,,
external:yap8|-1|0|all,external:yap8,-1,0,all,11,2024,gas,5000,1069,951,0.014721345951629864,0.39852786540483703,0.01265364323426743,163936.7770795822,,,,
external:yap8|-1|0|all,external:yap8,-1,0,all,11,2024,gas,7000,1069,951,0.02103049421661409,0.39852786540483703,0.01659015307945882,163936.7770795822,,,,
external:yap8|-1|0|all,external:yap8,-1,0,all,11,2024,gas,10000,1069,951,0.029442691903259727,0.39852786540483703,0.021730089183177415,163936.7770795822,,,,
external:yap8|-1|0|all,external:yap8,-1,0,all,11,2025,gas,5000,1057,951,0.022082018927444796,0.41430073606729756,0.011519573519771351,134061.2293329239,,,,
external:yap8|-1|0|all,external:yap8,-1,0,all,11,2025,gas,7000,1057,951,0.030494216614090432,0.41430073606729756,0.01583408112875491,134061.2293329239,,,,
external:yap8|-1|0|all,external:yap8,-1,0,all,11,2025,gas,10000,1057,951,0.03785488958990536,0.41430073606729756,0.021662263367677893,134061.2293329239,,,,
external:yap8|-1|0|all,external:yap8,-1,0,all,11,2018,general,5000,2053,1646,0.03645200486026731,0.6512758201701093,0.040551339223678234,41078.87730693817,,,,
external:yap8|-1|0|all,external:yap8,-1,0,all,11,2018,general,7000,2053,1646,0.04738760631834751,0.6512758201701093,0.05680255821004377,41078.87730693817,,,,
external:yap8|-1|0|all,external:yap8,-1,0,all,11,2018,general,10000,2053,1646,0.07715674362089915,0.6512758201701093,0.08613163548669134,41078.87730693817,,,,
external:yap8|-1|0|all,external:yap8,-1,0,all,11,2019,general,5000,2084,1607,0.029869321717486,0.611698817672682,0.03868515374442154,53453.25008201599,,,,
external:yap8|-1|0|all,external:yap8,-1,0,all,11,2019,general,7000,2084,1607,0.04107031736154325,0.611698817672682,0.05287899971617696,53453.25008201599,,,,
external:yap8|-1|0|all,external:yap8,-1,0,all,11,2019,general,10000,2084,1607,0.06471686372121967,0.611698817672682,0.08204014293111919,53453.25008201599,,,,
external:yap8|-1|0|all,external:yap8,-1,0,all,11,2020,general,5000,2118,1592,0.035804020100502515,0.6432160804020101,0.0382991338640042,54516.71483707428,,,,
external:yap8|-1|0|all,external:yap8,-1,0,all,11,2020,general,7000,2118,1592,0.04585427135678392,0.6432160804020101,0.05425221109175543,54516.71483707428,,,,
external:yap8|-1|0|all,external:yap8,-1,0,all,11,2020,general,10000,2118,1592,0.06407035175879397,0.6432160804020101,0.0794066618484047,54516.71483707428,,,,
external:yap8|-1|0|all,external:yap8,-1,0,all,11,2021,general,5000,2147,1751,0.025128498001142203,0.6459166190748143,0.03544600673612499,55048.83470726013,,,,
external:yap8|-1|0|all,external:yap8,-1,0,all,11,2021,general,7000,2147,1751,0.0336950314106225,0.6459166190748143,0.052041870957643774,55048.83470726013,,,,
external:yap8|-1|0|all,external:yap8,-1,0,all,11,2021,general,10000,2147,1751,0.047401484865790974,0.6459166190748143,0.08081471212640415,55048.83470726013,,,,
external:yap8|-1|0|all,external:yap8,-1,0,all,11,2022,general,5000,2136,1884,0.027070063694267517,0.6555201698513801,0.038872862518460886,51628.351264342666,,,,
external:yap8|-1|0|all,external:yap8,-1,0,all,11,2022,general,7000,2136,1884,0.03927813163481953,0.6555201698513801,0.058252494458008536,51628.351264342666,,,,
external:yap8|-1|0|all,external:yap8,-1,0,all,11,2022,general,10000,2136,1884,0.055201698513800426,0.6555201698513801,0.09064166726364263,51628.351264342666,,,,
external:yap8|-1|0|all,external:yap8,-1,0,all,11,2023,general,5000,2114,1849,0.03244997295835587,0.6500811249323959,0.045945089827259096,51944.94445006549,,,,
external:yap8|-1|0|all,external:yap8,-1,0,all,11,2023,general,7000,2114,1849,0.043807463493780424,0.6500811249323959,0.06707079626776763,51944.94445006549,,,,
external:yap8|-1|0|all,external:yap8,-1,0,all,11,2023,general,10000,2114,1849,0.06327744726879395,0.6500811249323959,0.10378349056267759,51944.94445006549,,,,
external:yap8|-1|0|all,external:yap8,-1,0,all,11,2024,general,5000,2099,1767,0.03169213355970572,0.6287492925863045,0.04587891087099865,49761.19742942229,,,,
external:yap8|-1|0|all,external:yap8,-1,0,all,11,2024,general,7000,2099,1767,0.04187889077532541,0.6287492925863045,0.06626730848747002,49761.19742942229,,,,
external:yap8|-1|0|all,external:yap8,-1,0,all,11,2024,general,10000,2099,1767,0.06281833616298811,0.6287492925863045,0.09684826522928096,49761.19742942229,,,,
external:yap8|-1|0|all,external:yap8,-1,0,all,11,2025,general,5000,2085,1769,0.026568682871678916,0.6286037309214245,0.0412577586915831,43106.645436286926,,,,
external:yap8|-1|0|all,external:yap8,-1,0,all,11,2025,general,7000,2085,1769,0.03674392312040701,0.6286037309214245,0.060168308545603885,43106.645436286926,,,,
external:yap8|-1|0|all,external:yap8,-1,0,all,11,2025,general,10000,2085,1769,0.06218202374222725,0.6286037309214245,0.0974174088598163,43106.645436286926,,,,
external:yap8|-1|0|all,external:yap8,-1,0,all,11,2018,roro,5000,615,529,0.017013232514177693,0.8071833648393195,0.04003383789029247,48297.45516514778,,,,
external:yap8|-1|0|all,external:yap8,-1,0,all,11,2018,roro,7000,615,529,0.022684310018903593,0.8071833648393195,0.05903277862915794,48297.45516514778,,,,
external:yap8|-1|0|all,external:yap8,-1,0,all,11,2018,roro,10000,615,529,0.04725897920604915,0.8071833648393195,0.09960116477429161,48297.45516514778,,,,
external:yap8|-1|0|all,external:yap8,-1,0,all,11,2019,roro,5000,620,517,0.013539651837524178,0.8259187620889749,0.05359218342914593,52412.092462301254,,,,
external:yap8|-1|0|all,external:yap8,-1,0,all,11,2019,roro,7000,620,517,0.02127659574468085,0.8259187620889749,0.07310877772343329,52412.092462301254,,,,
external:yap8|-1|0|all,external:yap8,-1,0,all,11,2019,roro,10000,620,517,0.05029013539651837,0.8259187620889749,0.1147566575126363,52412.092462301254,,,,
external:yap8|-1|0|all,external:yap8,-1,0,all,11,2020,roro,5000,637,506,0.017786561264822136,0.8201581027667985,0.05135084900874019,49288.01434415579,,,,
external:yap8|-1|0|all,external:yap8,-1,0,all,11,2020,roro,7000,637,506,0.023715415019762844,0.8201581027667985,0.0711485889611956,49288.01434415579,,,,
external:yap8|-1|0|all,external:yap8,-1,0,all,11,2020,roro,10000,637,506,0.05731225296442688,0.8201581027667985,0.11768776995420054,49288.01434415579,,,,
external:yap8|-1|0|all,external:yap8,-1,0,all,11,2021,roro,5000,654,529,0.013232514177693762,0.8204158790170132,0.04440693297850598,56186.29529953003,,,,
external:yap8|-1|0|all,external:yap8,-1,0,all,11,2021,roro,7000,654,529,0.024574669187145556,0.8204158790170132,0.06307136007854972,56186.29529953003,,,,
external:yap8|-1|0|all,external:yap8,-1,0,all,11,2021,roro,10000,654,529,0.043478260869565216,0.8204158790170132,0.10320206230155483,56186.29529953003,,,,
external:yap8|-1|0|all,external:yap8,-1,0,all,11,2022,roro,5000,668,607,0.009884678747940691,0.8105436573311368,0.0430546365610272,54766.987082481384,,,,
external:yap8|-1|0|all,external:yap8,-1,0,all,11,2022,roro,7000,668,607,0.018121911037891267,0.8105436573311368,0.061960110333070896,54766.987082481384,,,,
external:yap8|-1|0|all,external:yap8,-1,0,all,11,2022,roro,10000,668,607,0.044481054365733116,0.8105436573311368,0.1053587354808402,54766.987082481384,,,,
external:yap8|-1|0|all,external:yap8,-1,0,all,11,2023,roro,5000,650,601,0.0033277870216306157,0.8452579034941764,0.03729716154707411,54146.68193435669,,,,
external:yap8|-1|0|all,external:yap8,-1,0,all,11,2023,roro,7000,650,601,0.004991680532445923,0.8452579034941764,0.05395821617462625,54146.68193435669,,,,
external:yap8|-1|0|all,external:yap8,-1,0,all,11,2023,roro,10000,650,601,0.029950083194675542,0.8452579034941764,0.08971038346588955,54146.68193435669,,,,
external:yap8|-1|0|all,external:yap8,-1,0,all,11,2024,roro,5000,642,561,0.0,0.8306595365418895,0.03154266639563363,52959.70130443573,,,,
external:yap8|-1|0|all,external:yap8,-1,0,all,11,2024,roro,7000,642,561,0.012477718360071301,0.8306595365418895,0.047127843521612145,52959.70130443573,,,,
external:yap8|-1|0|all,external:yap8,-1,0,all,11,2024,roro,10000,642,561,0.030303030303030304,0.8306595365418895,0.08337772795537583,52959.70130443573,,,,
external:yap8|-1|0|all,external:yap8,-1,0,all,11,2025,roro,5000,646,588,0.01020408163265306,0.8299319727891157,0.03694363453958046,48707.83953106403,,,,
external:yap8|-1|0|all,external:yap8,-1,0,all,11,2025,roro,7000,646,588,0.01870748299319728,0.8299319727891157,0.05180310677026566,48707.83953106403,,,,
external:yap8|-1|0|all,external:yap8,-1,0,all,11,2025,roro,10000,646,588,0.047619047619047616,0.8299319727891157,0.08582868177536233,48707.83953106403,,,,
external:yap8|-1|0|all,external:yap8,-1,0,all,11,2018,tanker,5000,4618,3798,0.03765139547130068,0.6155871511321749,0.026576104774485448,46435.29694581032,,,,
external:yap8|-1|0|all,external:yap8,-1,0,all,11,2018,tanker,7000,4618,3798,0.04897314375987362,0.6155871511321749,0.03938865234362333,46435.29694581032,,,,
external:yap8|-1|0|all,external:yap8,-1,0,all,11,2018,tanker,10000,4618,3798,0.06608741442864666,0.6155871511321749,0.0610368886687407,46435.29694581032,,,,
external:yap8|-1|0|all,external:yap8,-1,0,all,11,2019,tanker,5000,4875,3924,0.026503567787971458,0.6174821610601428,0.03148163120203461,57833.805136203766,,,,
external:yap8|-1|0|all,external:yap8,-1,0,all,11,2019,tanker,7000,4875,3924,0.03746177370030581,0.6174821610601428,0.04700952676094019,57833.805136203766,,,,
external:yap8|-1|0|all,external:yap8,-1,0,all,11,2019,tanker,10000,4875,3924,0.05682976554536188,0.6174821610601428,0.0740943511914022,57833.805136203766,,,,
external:yap8|-1|0|all,external:yap8,-1,0,all,11,2020,tanker,5000,4919,3944,0.024594320486815417,0.6407200811359026,0.03107012453340079,59207.7330186367,,,,
external:yap8|-1|0|all,external:yap8,-1,0,all,11,2020,tanker,7000,4919,3944,0.03600405679513185,0.6407200811359026,0.04785897751224967,59207.7330186367,,,,
external:yap8|-1|0|all,external:yap8,-1,0,all,11,2020,tanker,10000,4919,3944,0.05070993914807302,0.6407200811359026,0.07581046778592888,59207.7330186367,,,,
external:yap8|-1|0|all,external:yap8,-1,0,all,11,2021,tanker,5000,4987,4085,0.02839657282741738,0.6283965728274173,0.03242887315305473,60930.168841362,,,,
external:yap8|-1|0|all,external:yap8,-1,0,all,11,2021,tanker,7000,4987,4085,0.039902080783353736,0.6283965728274173,0.04740614681056359,60930.168841362,,,,
external:yap8|-1|0|all,external:yap8,-1,0,all,11,2021,tanker,10000,4987,4085,0.05507955936352509,0.6283965728274173,0.0780910155852195,60930.168841362,,,,
external:yap8|-1|0|all,external:yap8,-1,0,all,11,2022,tanker,5000,4893,4229,0.026483802317332703,0.6169307164814377,0.03458024935546832,63601.47387123108,,,,
external:yap8|-1|0|all,external:yap8,-1,0,all,11,2022,tanker,7000,4893,4229,0.03807046583116576,0.6169307164814377,0.05107672740125034,63601.47387123108,,,,
external:yap8|-1|0|all,external:yap8,-1,0,all,11,2022,tanker,10000,4893,4229,0.05509576732087964,0.6169307164814377,0.07692147542537628,63601.47387123108,,,,
external:yap8|-1|0|all,external:yap8,-1,0,all,11,2023,tanker,5000,4791,4262,0.020882214922571564,0.6011262318160489,0.0336055293477324,62281.25427746773,,,,
external:yap8|-1|0|all,external:yap8,-1,0,all,11,2023,tanker,7000,4791,4262,0.031675269826372594,0.6011262318160489,0.04789246391265631,62281.25427746773,,,,
external:yap8|-1|0|all,external:yap8,-1,0,all,11,2023,tanker,10000,4791,4262,0.04950727358047865,0.6011262318160489,0.07326699302680047,62281.25427746773,,,,
external:yap8|-1|0|all,external:yap8,-1,0,all,11,2024,tanker,5000,4777,4087,0.028382676780034255,0.5987276731098605,0.035390685102104975,62267.7986869812,,,,
external:yap8|-1|0|all,external:yap8,-1,0,all,11,2024,tanker,7000,4777,4087,0.04306337166625887,0.5987276731098605,0.05079627017376657,62267.7986869812,,,,
external:yap8|-1|0|all,external:yap8,-1,0,all,11,2024,tanker,10000,4777,4087,0.0628823097626621,0.5987276731098605,0.07528834447265269,62267.7986869812,,,,
external:yap8|-1|0|all,external:yap8,-1,0,all,11,2025,tanker,5000,4763,4099,0.03781410100024396,0.5630641619907294,0.032980581496281684,53794.04238772392,,,,
external:yap8|-1|0|all,external:yap8,-1,0,all,11,2025,tanker,7000,4763,4099,0.05074408392290802,0.5630641619907294,0.048905128175396835,53794.04238772392,,,,
external:yap8|-1|0|all,external:yap8,-1,0,all,11,2025,tanker,10000,4763,4099,0.06952915345206148,0.5630641619907294,0.07393532926713002,53794.04238772392,,,,
greedy|2019|7000|all,greedy,2019,7000,all,20,2018,all,5000,18359,15321,0.06109261797532798,0.8918477906141897,0.16814345659886187,19584.157985687256,,,,
greedy|2019|7000|all,greedy,2019,7000,all,20,2018,all,7000,18359,15321,0.1060635728738333,0.8918477906141897,0.26815068625036736,19584.157985687256,,,,
greedy|2019|7000|all,greedy,2019,7000,all,20,2018,all,10000,18359,15321,0.19306833757587624,0.8918477906141897,0.38639426647948266,19584.157985687256,,,,
greedy|2019|7000|all,greedy,2019,7000,all,20,2019,all,5000,19082,15502,0.05296090826990066,0.884272997032641,0.16607079236848293,21497.269012212753,,,,
greedy|2019|7000|all,greedy,2019,7000,all,20,2019,all,7000,19082,15502,0.09121403689846472,0.884272997032641,0.2741391728115671,21497.269012212753,,,,
greedy|2019|7000|all,greedy,2019,7000,all,20,2019,all,10000,19082,15502,0.17004257515159335,0.884272997032641,0.39808627063784735,21497.269012212753,,,,
greedy|2019|7000|all,greedy,2019,7000,all,20,2020,all,5000,19477,15740,0.05184243964421855,0.8881194409148666,0.1648161569220466,21496.916381835938,,,,
greedy|2019|7000|all,greedy,2019,7000,all,20,2020,all,7000,19477,15740,0.08983481575603558,0.8881194409148666,0.27060203871471183,21496.916381835938,,,,
greedy|2019|7000|all,greedy,2019,7000,all,20,2020,all,10000,19477,15740,0.1648030495552732,0.8881194409148666,0.3959429765480962,21496.916381835938,,,,
greedy|2019|7000|all,greedy,2019,7000,all,20,2021,all,5000,19938,16620,0.04470517448856799,0.8881468110709988,0.15782660199956594,21753.747695446014,,,,
greedy|2019|7000|all,greedy,2019,7000,all,20,2021,all,7000,19938,16620,0.08327316486161251,0.8881468110709988,0.26370253199450333,21753.747695446014,,,,
greedy|2019|7000|all,greedy,2019,7000,all,20,2021,all,10000,19938,16620,0.15336943441636583,0.8881468110709988,0.39134600841062,21753.747695446014,,,,
greedy|2019|7000|all,greedy,2019,7000,all,20,2022,all,5000,19678,17691,0.050138488496975865,0.8892657283364422,0.17002122259057845,20838.98983478546,,,,
greedy|2019|7000|all,greedy,2019,7000,all,20,2022,all,7000,19678,17691,0.08829348256175457,0.8892657283364422,0.27911795526180305,20838.98983478546,,,,
greedy|2019|7000|all,greedy,2019,7000,all,20,2022,all,10000,19678,17691,0.1617206489175287,0.8892657283364422,0.41293456305038656,20838.98983478546,,,,
greedy|2019|7000|all,greedy,2019,7000,all,20,2023,all,5000,19387,17714,0.05154115388957886,0.8854578299649994,0.17598802908641847,20682.77269744873,,,,
greedy|2019|7000|all,greedy,2019,7000,all,20,2023,all,7000,19387,17714,0.08704979112566331,0.8854578299649994,0.28710909656758443,20682.77269744873,,,,
greedy|2019|7000|all,greedy,2019,7000,all,20,2023,all,10000,19387,17714,0.16817206729140793,0.8854578299649994,0.4254627042245422,20682.77269744873,,,,
greedy|2019|7000|all,greedy,2019,7000,all,20,2024,all,5000,19307,16746,0.05129583184043951,0.8737011823719097,0.15634210582786784,21576.585537672043,,,,
greedy|2019|7000|all,greedy,2019,7000,all,20,2024,all,7000,19307,16746,0.089454198017437,0.8737011823719097,0.23872486672752422,21576.585537672043,,,,
greedy|2019|7000|all,greedy,2019,7000,all,20,2024,all,10000,19307,16746,0.15669413591305387,0.8737011823719097,0.36382199091635586,21576.585537672043,,,,
greedy|2019|7000|all,greedy,2019,7000,all,20,2025,all,5000,19237,17006,0.050687992473244736,0.8744560743267082,0.15386230154942981,21524.28858947754,,,,
greedy|2019|7000|all,greedy,2019,7000,all,20,2025,all,7000,19237,17006,0.08549923556391861,0.8744560743267082,0.23390744930210194,21524.28858947754,,,,
greedy|2019|7000|all,greedy,2019,7000,all,20,2025,all,10000,19237,17006,0.1499470775020581,0.8744560743267082,0.3629898590239262,21524.28858947754,,,,
greedy|2019|7000|all,greedy,2019,7000,all,20,2018,bulk,5000,7047,6294,0.03257070225611694,0.9264378773435017,0.08592233005522626,22910.98425349593,,,,
greedy|2019|7000|all,greedy,2019,7000,all,20,2018,bulk,7000,7047,6294,0.053066412456307596,0.9264378773435017,0.1413322169885723,22910.98425349593,,,,
greedy|2019|7000|all,greedy,2019,7000,all,20,2018,bulk,10000,7047,6294,0.09723546234509056,0.9264378773435017,0.22792129309189965,22910.98425349593,,,,
greedy|2019|7000|all,greedy,2019,7000,all,20,2019,bulk,5000,7336,6371,0.02888086642599278,0.9205776173285198,0.08523996320703182,24920.022272109985,,,,
greedy|2019|7000|all,greedy,2019,7000,all,20,2019,bulk,7000,7336,6371,0.04253649348610893,0.9205776173285198,0.14859513179178746,24920.022272109985,,,,
greedy|2019|7000|all,greedy,2019,7000,all,20,2019,bulk,10000,7336,6371,0.08130591743839272,0.9205776173285198,0.24520636717116037,24920.022272109985,,,,
greedy|2019|7000|all,greedy,2019,7000,all,20,2020,bulk,5000,7551,6573,0.023429179978700747,0.9208884831888027,0.0831948987944176,24979.689613819122,,,,
greedy|2019|7000|all,greedy,2019,7000,all,20,2020,bulk,7000,7551,6573,0.0380343830823064,0.9208884831888027,0.1476546070437115,24979.689613819122,,,,
greedy|2019|7000|all,greedy,2019,7000,all,20,2020,bulk,10000,7551,6573,0.07028753993610223,0.9208884831888027,0.25062493346362946,24979.689613819122,,,,
greedy|2019|7000|all,greedy,2019,7000,all,20,2021,bulk,5000,7737,6773,0.015355086372360844,0.9162852502583788,0.07395413058707791,25471.539308547974,,,,
greedy|2019|7000|all,greedy,2019,7000,all,20,2021,bulk,7000,7737,6773,0.02716669127417688,0.9162852502583788,0.1403105610600067,25471.539308547974,,,,
greedy|2019|7000|all,greedy,2019,7000,all,20,2021,bulk,10000,7737,6773,0.05758157389635317,0.9162852502583788,0.24423351739147994,25471.539308547974,,,,
greedy|2019|7000|all,greedy,2019,7000,all,20,2022,bulk,5000,7632,7090,0.018899858956276445,0.9104372355430184,0.07949688610323552,24397.23945081234,,,,
greedy|2019|7000|all,greedy,2019,7000,all,20,2022,bulk,7000,7632,7090,0.03385049365303244,0.9104372355430184,0.15014652729396769,24397.23945081234,,,,
greedy|2019|7000|all,greedy,2019,7000,all,20,2022,bulk,10000,7632,7090,0.06375176304654442,0.9104372355430184,0.26080071000554733,24397.23945081234,,,,
greedy|2019|7000|all,greedy,2019,7000,all,20,2023,bulk,5000,7477,7061,0.021526695935419914,0.9181419062455742,0.08846350366725256,23539.214549064636,,,,
greedy|2019|7000|all,greedy,2019,7000,all,20,2023,bulk,7000,7477,7061,0.03908794788273615,0.9181419062455742,0.1705350535943882,23539.214549064636,,,,
greedy|2019|7000|all,greedy,2019,7000,all,20,2023,bulk,10000,7477,7061,0.08001699475994901,0.9181419062455742,0.29074287564259504,23539.214549064636,,,,
greedy|2019|7000|all,greedy,2019,7000,all,20,2024,bulk,5000,7486,6665,0.01965491372843211,0.9122280570142536,0.0783085641286268,24305.97000312805,,,,
greedy|2019|7000|all,greedy,2019,7000,all,20,2024,bulk,7000,7486,6665,0.035558889722430605,0.9122280570142536,0.14039093388254248,24305.97000312805,,,,
greedy|2019|7000|all,greedy,2019,7000,all,20,2024,bulk,10000,7486,6665,0.07561890472618155,0.9122280570142536,0.24473250443923228,24305.97000312805,,,,
greedy|2019|7000|all,greedy,2019,7000,all,20,2025,bulk,5000,7455,6820,0.020087976539589443,0.91158357771261,0.07569032468742778,24356.064298450947,,,,
greedy|2019|7000|all,greedy,2019,7000,all,20,2025,bulk,7000,7455,6820,0.03401759530791789,0.91158357771261,0.1344522201602011,24356.064298450947,,,,
greedy|2019|7000|all,greedy,2019,7000,all,20,2025,bulk,10000,7455,6820,0.06803519061583578,0.91158357771261,0.24149743195462417,24356.064298450947,,,,
greedy|2019|7000|all,greedy,2019,7000,all,20,2018,container,5000,3087,2234,0.13339301700984782,0.8692927484333035,0.31323695690592473,11170.74649912119,,,,
greedy|2019|7000|all,greedy,2019,7000,all,20,2018,container,7000,3087,2234,0.25514771709937334,0.8692927484333035,0.4963962160766688,11170.74649912119,,,,
greedy|2019|7000|all,greedy,2019,7000,all,20,2018,container,10000,3087,2234,0.44538943598925695,0.8692927484333035,0.6528065876565569,11170.74649912119,,,,
greedy|2019|7000|all,greedy,2019,7000,all,20,2019,container,5000,3179,2209,0.12720688094160254,0.8515165233137166,0.3093320293916803,11481.111669540405,,,,
greedy|2019|7000|all,greedy,2019,7000,all,20,2019,container,7000,3179,2209,0.24807605251244907,0.8515165233137166,0.5032265039458795,11481.111669540405,,,,
greedy|2019|7000|all,greedy,2019,7000,all,20,2019,container,10000,3179,2209,0.4196468990493436,0.8515165233137166,0.6607130209750792,11481.111669540405,,,,
greedy|2019|7000|all,greedy,2019,7000,all,20,2020,container,5000,3213,2212,0.1301989150090416,0.8675406871609403,0.3218984689465376,11798.673629522324,,,,
greedy|2019|7000|all,greedy,2019,7000,all,20,2020,container,7000,3213,2212,0.23010849909584086,0.8675406871609403,0.5027044005920682,11798.673629522324,,,,
greedy|2019|7000|all,greedy,2019,7000,all,20,2020,container,10000,3213,2212,0.4028028933092224,0.8675406871609403,0.6530178421310988,11798.673629522324,,,,
greedy|2019|7000|all,greedy,2019,7000,all,20,2021,container,5000,3329,2505,0.11457085828343314,0.8634730538922155,0.29090759159980967,12215.212933540344,,,,
greedy|2019|7000|all,greedy,2019,7000,all,20,2021,container,7000,3329,2505,0.21277445109780438,0.8634730538922155,0.4701176971928841,12215.212933540344,,,,
greedy|2019|7000|all,greedy,2019,7000,all,20,2021,container,10000,3329,2505,0.36447105788423156,0.8634730538922155,0.6285615428499658,12215.212933540344,,,,
greedy|2019|7000|all,greedy,2019,7000,all,20,2022,container,5000,3281,2890,0.11695501730103806,0.8871972318339101,0.3052686593829848,12161.54881465435,,,,
greedy|2019|7000|all,greedy,2019,7000,all,20,2022,container,7000,3281,2890,0.2079584775086505,0.8871972318339101,0.4695667113931306,12161.54881465435,,,,
greedy|2019|7000|all,greedy,2019,7000,all,20,2022,container,10000,3281,2890,0.36401384083044985,0.8871972318339101,0.6278255030475006,12161.54881465435,,,,
greedy|2019|7000|all,greedy,2019,7000,all,20,2023,container,5000,3293,2948,0.12381275440976934,0.8721166892808684,0.32291228572445524,12490.745609283447,,,,
greedy|2019|7000|all,greedy,2019,7000,all,20,2023,container,7000,3293,2948,0.1997964721845319,0.8721166892808684,0.47761149359003063,12490.745609283447,,,,
greedy|2019|7000|all,greedy,2019,7000,all,20,2023,container,10000,3293,2948,0.3568521031207598,0.8721166892808684,0.6300510562751914,12490.745609283447,,,,
greedy|2019|7000|all,greedy,2019,7000,all,20,2024,container,5000,3234,2715,0.11528545119705341,0.8548802946593002,0.29498380326612444,13591.40861916542,,,,
greedy|2019|7000|all,greedy,2019,7000,all,20,2024,container,7000,3234,2715,0.20257826887661143,0.8548802946593002,0.41293865237095817,13591.40861916542,,,,
greedy|2019|7000|all,greedy,2019,7000,all,20,2024,container,10000,3234,2715,0.3178637200736648,0.8548802946593002,0.5659830275648844,13591.40861916542,,,,
greedy|2019|7000|all,greedy,2019,7000,all,20,2025,container,5000,3231,2779,0.09643756747031307,0.8618207988485067,0.2893272818809722,14136.62535238266,,,,
greedy|2019|7000|all,greedy,2019,7000,all,20,2025,container,7000,3231,2779,0.17992083483267363,0.8618207988485067,0.40041464744372246,14136.62535238266,,,,
greedy|2019|7000|all,greedy,2019,7000,all,20,2025,container,10000,3231,2779,0.302626844188557,0.8618207988485067,0.5599663824467188,14136.62535238266,,,,
greedy|2019|7000|all,greedy,2019,7000,all,20,2018,gas,5000,939,820,0.042682926829268296,0.8878048780487805,0.12122210014080714,21543.782202482224,,,,
greedy|2019|7000|all,greedy,2019,7000,all,20,2018,gas,7000,939,820,0.08414634146341464,0.8878048780487805,0.21334848865485526,21543.782202482224,,,,
greedy|2019|7000|all,greedy,2019,7000,all,20,2018,gas,10000,939,820,0.1573170731707317,0.8878048780487805,0.3342775154228427,21543.782202482224,,,,
greedy|2019|7000|all,greedy,2019,7000,all,20,2019,gas,5000,988,874,0.036613272311212815,0.8821510297482837,0.1162474106836194,24583.77956342697,,,,
greedy|2019|7000|all,greedy,2019,7000,all,20,2019,gas,7000,988,874,0.06178489702517163,0.8821510297482837,0.20526069454318943,24583.77956342697,,,,
greedy|2019|7000|all,greedy,2019,7000,all,20,2019,gas,10000,988,874,0.12814645308924486,0.8821510297482837,0.32947188000860567,24583.77956342697,,,,
greedy|2019|7000|all,greedy,2019,7000,all,20,2020,gas,5000,1039,913,0.03504928806133625,0.872946330777656,0.10381353863602863,25210.140194892883,,,,
greedy|2019|7000|all,greedy,2019,7000,all,20,2020,gas,7000,1039,913,0.05366922234392114,0.872946330777656,0.1966523680513244,25210.140194892883,,,,
greedy|2019|7000|all,greedy,2019,7000,all,20,2020,gas,10000,1039,913,0.10624315443592552,0.872946330777656,0.3219951178719741,25210.140194892883,,,,
greedy|2019|7000|all,greedy,2019,7000,all,20,2021,gas,5000,1084,977,0.02047082906857728,0.9058341862845445,0.09726441285844642,27654.012768745422,,,,
greedy|2019|7000|all,greedy,2019,7000,all,20,2021,gas,7000,1084,977,0.04503582395087001,0.9058341862845445,0.17923210550331378,27654.012768745422,,,,
greedy|2019|7000|all,greedy,2019,7000,all,20,2021,gas,10000,1084,977,0.09007164790174002,0.9058341862845445,0.2919016601653287,27654.012768745422,,,,
greedy|2019|7000|all,greedy,2019,7000,all,20,2022,gas,5000,1068,991,0.024217961654894045,0.9132189707366297,0.09931963255492565,26565.549041748047,,,,
greedy|2019|7000|all,greedy,2019,7000,all,20,2022,gas,7000,1068,991,0.05146316851664985,0.9132189707366297,0.19993297205167965,26565.549041748047,,,,
greedy|2019|7000|all,greedy,2019,7000,all,20,2022,gas,10000,1068,991,0.08678102926337034,0.9132189707366297,0.32652985245034943,26565.549041748047,,,,
greedy|2019|7000|all,greedy,2019,7000,all,20,2023,gas,5000,1062,993,0.02416918429003021,0.8862034239677744,0.0902443872320077,29266.166222810745,,,,
greedy|2019|7000|all,greedy,2019,7000,all,20,2023,gas,7000,1062,993,0.0473313192346425,0.8862034239677744,0.18013845242378657,29266.166222810745,,,,
greedy|2019|7000|all,greedy,2019,7000,all,20,2023,gas,10000,1062,993,0.07955689828801611,0.8862034239677744,0.30312681181418344,29266.166222810745,,,,
greedy|2019|7000|all,greedy,2019,7000,all,20,2024,gas,5000,1069,951,0.03470031545741325,0.8654048370136698,0.07361212020736652,32628.15915775299,,,,
greedy|2019|7000|all,greedy,2019,7000,all,20,2024,gas,7000,1069,951,0.046267087276550996,0.8654048370136698,0.11666779068847047,32628.15915775299,,,,
greedy|2019|7000|all,greedy,2019,7000,all,20,2024,gas,10000,1069,951,0.08622502628811778,0.8654048370136698,0.20924535435334088,32628.15915775299,,,,
greedy|2019|7000|all,greedy,2019,7000,all,20,2025,gas,5000,1057,951,0.03785488958990536,0.8811777076761304,0.07116187413176532,29951.790278434753,,,,
greedy|2019|7000|all,greedy,2019,7000,all,20,2025,gas,7000,1057,951,0.05362776025236593,0.8811777076761304,0.11603272107994704,29951.790278434753,,,,
greedy|2019|7000|all,greedy,2019,7000,all,20,2025,gas,10000,1057,951,0.09568874868559411,0.8811777076761304,0.20894199708392025,29951.790278434753,,,,
greedy|2019|7000|all,greedy,2019,7000,all,20,2018,general,5000,2053,1646,0.044349939246658567,0.8256379100850547,0.13044591306140793,20505.002758026123,,,,
greedy|2019|7000|all,greedy,2019,7000,all,20,2018,general,7000,2053,1646,0.06804374240583232,0.8256379100850547,0.21131926017250122,20505.002758026123,,,,
greedy|2019|7000|all,greedy,2019,7000,all,20,2018,general,10000,2053,1646,0.1500607533414338,0.8256379100850547,0.32986488507566,20505.002758026123,,,,
greedy|2019|7000|all,greedy,2019,7000,all,20,2019,general,5000,2084,1607,0.03546981953951462,0.7946484131922837,0.12307009817930495,23978.010640144348,,,,
greedy|2019|7000|all,greedy,2019,7000,all,20,2019,general,7000,2084,1607,0.054138145612943375,0.7946484131922837,0.21146906939684412,23978.010640144348,,,,
greedy|2019|7000|all,greedy,2019,7000,all,20,2019,general,10000,2084,1607,0.10329807093963908,0.7946484131922837,0.3238968887481515,23978.010640144348,,,,
greedy|2019|7000|all,greedy,2019,7000,all,20,2020,general,5000,2118,1592,0.03768844221105527,0.7958542713567839,0.12089715745683079,24494.94828224182,,,,
greedy|2019|7000|all,greedy,2019,7000,all,20,2020,general,7000,2118,1592,0.06281407035175879,0.7958542713567839,0.2047283031723988,24494.94828224182,,,,
greedy|2019|7000|all,greedy,2019,7000,all,20,2020,general,10000,2118,1592,0.11683417085427136,0.7958542713567839,0.32102097618619607,24494.94828224182,,,,
greedy|2019|7000|all,greedy,2019,7000,all,20,2021,general,5000,2147,1751,0.024557395773843516,0.7972587093089663,0.12908408157701498,23924.178308665752,,,,
greedy|2019|7000|all,greedy,2019,7000,all,20,2021,general,7000,2147,1751,0.0422615648201028,0.7972587093089663,0.2215216837174422,23924.178308665752,,,,
greedy|2019|7000|all,greedy,2019,7000,all,20,2021,general,10000,2147,1751,0.09765848086807538,0.7972587093089663,0.34143208499477057,23924.178308665752,,,,
greedy|2019|7000|all,greedy,2019,7000,all,20,2022,general,5000,2136,1884,0.02653927813163482,0.7951167728237792,0.12586995175877008,23623.78824275732,,,,
greedy|2019|7000|all,greedy,2019,7000,all,20,2022,general,7000,2136,1884,0.04670912951167728,0.7951167728237792,0.21952984537350265,23623.78824275732,,,,
greedy|2019|7000|all,greedy,2019,7000,all,20,2022,general,10000,2136,1884,0.10881104033970276,0.7951167728237792,0.34875743814991633,23623.78824275732,,,,
greedy|2019|7000|all,greedy,2019,7000,all,20,2023,general,5000,2114,1849,0.03569497025419145,0.7782585181179016,0.13186990465350015,23640.684238433838,,,,
greedy|2019|7000|all,greedy,2019,7000,all,20,2023,general,7000,2114,1849,0.04975662520281233,0.7782585181179016,0.22166278653643307,23640.684238433838,,,,
greedy|2019|7000|all,greedy,2019,7000,all,20,2023,general,10000,2114,1849,0.10492157923201731,0.7782585181179016,0.3545414869576626,23640.684238433838,,,,
greedy|2019|7000|all,greedy,2019,7000,all,20,2024,general,5000,2099,1767,0.02942840973401245,0.7719298245614035,0.11932223273952644,23862.213094711304,,,,
greedy|2019|7000|all,greedy,2019,7000,all,20,2024,general,7000,2099,1767,0.053763440860215055,0.7719298245614035,0.1974794195241771,23862.213094711304,,,,
greedy|2019|7000|all,greedy,2019,7000,all,20,2024,general,10000,2099,1767,0.10809281267685342,0.7719298245614035,0.3092426979134433,23862.213094711304,,,,
greedy|2019|7000|all,greedy,2019,7000,all,20,2025,general,5000,2085,1769,0.027133973996608253,0.7687959299039006,0.11965002594055191,23496.500882983208,,,,
greedy|2019|7000|all,greedy,2019,7000,all,20,2025,general,7000,2085,1769,0.04352741661955907,0.7687959299039006,0.2016743497522723,23496.500882983208,,,,
greedy|2019|7000|all,greedy,2019,7000,all,20,2025,general,10000,2085,1769,0.09892594686263426,0.7687959299039006,0.3181225088397575,23496.500882983208,,,,
greedy|2019|7000|all,greedy,2019,7000,all,20,2018,roro,5000,615,529,0.043478260869565216,0.9035916824196597,0.18178078362257144,20442.493927955627,,,,
greedy|2019|7000|all,greedy,2019,7000,all,20,2018,roro,7000,615,529,0.062381852551984876,0.9035916824196597,0.27389397324855497,20442.493927955627,,,,
greedy|2019|7000|all,greedy,2019,7000,all,20,2018,roro,10000,615,529,0.11342155009451796,0.9035916824196597,0.42507885204074497,20442.493927955627,,,,
greedy|2019|7000|all,greedy,2019,7000,all,20,2019,roro,5000,620,517,0.048355899419729204,0.9032882011605415,0.1819824674877967,20529.401928186417,,,,
greedy|2019|7000|all,greedy,2019,7000,all,20,2019,roro,7000,620,517,0.07543520309477757,0.9032882011605415,0.28908313526408663,20529.401928186417,,,,
greedy|2019|7000|all,greedy,2019,7000,all,20,2019,roro,10000,620,517,0.1102514506769826,0.9032882011605415,0.45500679149555023,20529.401928186417,,,,
greedy|2019|7000|all,greedy,2019,7000,all,20,2020,roro,5000,637,506,0.05731225296442688,0.8814229249011858,0.1864477582447822,19052.594032883644,,,,
greedy|2019|7000|all,greedy,2019,7000,all,20,2020,roro,7000,637,506,0.06719367588932806,0.8814229249011858,0.2809631701291231,19052.594032883644,,,,
greedy|2019|7000|all,greedy,2019,7000,all,20,2020,roro,10000,637,506,0.11462450592885376,0.8814229249011858,0.44884654758587916,19052.594032883644,,,,
greedy|2019|7000|all,greedy,2019,7000,all,20,2021,roro,5000,654,529,0.05103969754253308,0.8998109640831758,0.18224140136654365,20176.947780311108,,,,
greedy|2019|7000|all,greedy,2019,7000,all,20,2021,roro,7000,654,529,0.0661625708884688,0.8998109640831758,0.28144141005900514,20176.947780311108,,,,
greedy|2019|7000|all,greedy,2019,7000,all,20,2021,roro,10000,654,529,0.10207939508506617,0.8998109640831758,0.4454522638382883,20176.947780311108,,,,
greedy|2019|7000|all,greedy,2019,7000,all,20,2022,roro,5000,668,607,0.04942339373970346,0.9093904448105437,0.1856036745226606,19474.56001853943,,,,
greedy|2019|7000|all,greedy,2019,7000,all,20,2022,roro,7000,668,607,0.06754530477759473,0.9093904448105437,0.28741760812227574,19474.56001853943,,,,
greedy|2019|7000|all,greedy,2019,7000,all,20,2022,roro,10000,668,607,0.128500823723229,0.9093904448105437,0.45442083192649363,19474.56001853943,,,,
greedy|2019|7000|all,greedy,2019,7000,all,20,2023,roro,5000,650,601,0.03993344425956739,0.9267886855241264,0.18244799913980222,20365.189033031464,,,,
greedy|2019|7000|all,greedy,2019,7000,all,20,2023,roro,7000,650,601,0.05490848585690516,0.9267886855241264,0.28189614729027346,20365.189033031464,,,,
greedy|2019|7000|all,greedy,2019,7000,all,20,2023,roro,10000,650,601,0.09151414309484193,0.9267886855241264,0.4499196339791501,20365.189033031464,,,,
greedy|2019|7000|all,greedy,2019,7000,all,20,2024,roro,5000,642,561,0.035650623885918005,0.9215686274509803,0.14908989068613304,21570.212493419647,,,,
greedy|2019|7000|all,greedy,2019,7000,all,20,2024,roro,7000,642,561,0.05169340463458111,0.9215686274509803,0.20202046169783355,21570.212493419647,,,,
greedy|2019|7000|all,greedy,2019,7000,all,20,2024,roro,10000,642,561,0.08199643493761141,0.9215686274509803,0.3616958893862362,21570.212493419647,,,,
greedy|2019|7000|all,greedy,2019,7000,all,20,2025,roro,5000,646,588,0.04251700680272109,0.9183673469387755,0.15421806842219657,21532.006205916405,,,,
greedy|2019|7000|all,greedy,2019,7000,all,20,2025,roro,7000,646,588,0.05612244897959184,0.9183673469387755,0.20837554075395323,21532.006205916405,,,,
greedy|2019|7000|all,greedy,2019,7000,all,20,2025,roro,10000,646,588,0.0935374149659864,0.9183673469387755,0.374286724734698,21532.006205916405,,,,
greedy|2019|7000|all,greedy,2019,7000,all,20,2018,tanker,5000,4618,3798,0.0795155344918378,0.875724065297525,0.20567913657077944,16050.751127004623,,,,
greedy|2019|7000|all,greedy,2019,7000,all,20,2018,tanker,7000,4618,3798,0.1334913112164297,0.875724065297525,0.31965493717910887,16050.751127004623,,,,
greedy|2019|7000|all,greedy,2019,7000,all,20,2018,tanker,10000,4618,3798,0.24091627172195892,0.875724065297525,0.44913914508587066,16050.751127004623,,,,
greedy|2019|7000|all,greedy,2019,7000,all,20,2019,tanker,5000,4875,3924,0.06167176350662589,0.8784403669724771,0.21279638014232408,17550.585761785507,,,,
greedy|2019|7000|all,greedy,2019,7000,all,20,2019,tanker,7000,4875,3924,0.10575942915392457,0.8784403669724771,0.3387567016752196,17550.585761785507,,,,
greedy|2019|7000|all,greedy,2019,7000,all,20,2019,tanker,10000,4875,3924,0.218144750254842,0.8784403669724771,0.4757955554882588,17550.585761785507,,,,
greedy|2019|7000|all,greedy,2019,7000,all,20,2020,tanker,5000,4919,3944,0.06414807302231237,0.8866632860040567,0.21594687647329722,17190.911610364914,,,,
greedy|2019|7000|all,greedy,2019,7000,all,20,2020,tanker,7000,4919,3944,0.11967545638945233,0.8866632860040567,0.34947626553369016,17190.911610364914,,,,
greedy|2019|7000|all,greedy,2019,7000,all,20,2020,tanker,10000,4919,3944,0.2281947261663286,0.8866632860040567,0.49010371276866327,17190.911610364914,,,,
greedy|2019|7000|all,greedy,2019,7000,all,20,2021,tanker,5000,4987,4085,0.06413708690330477,0.8898408812729498,0.2181233872009574,16949.400323867798,,,,
greedy|2019|7000|all,greedy,2019,7000,all,20,2021,tanker,7000,4987,4085,0.12582619339045287,0.8898408812729498,0.3447364218968644,16949.400323867798,,,,
greedy|2019|7000|all,greedy,2019,7000,all,20,2021,tanker,10000,4987,4085,0.22839657282741738,0.8898408812729498,0.4879076720858856,16949.400323867798,,,,
greedy|2019|7000|all,greedy,2019,7000,all,20,2022,tanker,5000,4893,4229,0.07353984393473634,0.8886261527547884,0.22909381213377897,16725.63580417633,,,,
greedy|2019|7000|all,greedy,2019,7000,all,20,2022,tanker,7000,4893,4229,0.12792622369354456,0.8886261527547884,0.35971501720143206,16725.63580417633,,,,
greedy|2019|7000|all,greedy,2019,7000,all,20,2022,tanker,10000,4893,4229,0.23362497044218491,0.8886261527547884,0.5049138484179189,16725.63580417633,,,,
greedy|2019|7000|all,greedy,2019,7000,all,20,2023,tanker,5000,4791,4262,0.0661661191928672,0.8810417644298452,0.22519819142175995,16556.535781145096,,,,
greedy|2019|7000|all,greedy,2019,7000,all,20,2023,tanker,7000,4791,4262,0.11848897231346786,0.8810417644298452,0.36195169390103876,16556.535781145096,,,,
greedy|2019|7000|all,greedy,2019,7000,all,20,2023,tanker,10000,4791,4262,0.24260910370717972,0.8810417644298452,0.5181849928531296,16556.535781145096,,,,
greedy|2019|7000|all,greedy,2019,7000,all,20,2024,tanker,5000,4777,4087,0.0758502569121605,0.8627355028137998,0.20174512936046632,17162.635257720947,,,,
greedy|2019|7000|all,greedy,2019,7000,all,20,2024,tanker,7000,4777,4087,0.13286028872033276,0.8627355028137998,0.30765374557263914,17162.635257720947,,,,
greedy|2019|7000|all,greedy,2019,7000,all,20,2024,tanker,10000,4777,4087,0.22950819672131148,0.8627355028137998,0.449939500850115,17162.635257720947,,,,
greedy|2019|7000|all,greedy,2019,7000,all,20,2025,tanker,5000,4763,4099,0.08489875579409611,0.8589899975603806,0.20013406995622643,17261.54535484314,,,,
greedy|2019|7000|all,greedy,2019,7000,all,20,2025,tanker,7000,4763,4099,0.13686264942668944,0.8589899975603806,0.305683391629857,17261.54535484314,,,,
greedy|2019|7000|all,greedy,2019,7000,all,20,2025,tanker,10000,4763,4099,0.22542083434984142,0.8589899975603806,0.45170998489180497,17261.54535484314,,,,
greedy|2024|7000|all,greedy,2024,7000,all,20,2018,all,5000,18359,15321,0.06559624045427843,0.8423079433457347,0.17119534165908531,23101.87256526947,,,,
greedy|2024|7000|all,greedy,2024,7000,all,20,2018,all,7000,18359,15321,0.11076300502578161,0.8423079433457347,0.2544173980948885,23101.87256526947,,,,
greedy|2024|7000|all,greedy,2024,7000,all,20,2018,all,10000,18359,15321,0.18712877749494158,0.8423079433457347,0.33185378048303354,23101.87256526947,,,,
greedy|2024|7000|all,greedy,2024,7000,all,20,2019,all,5000,19082,15502,0.05863759514901303,0.8372468068636305,0.16702991926583374,25991.534876585007,,,,
greedy|2024|7000|all,greedy,2024,7000,all,20,2019,all,7000,19082,15502,0.09901948135724423,0.8372468068636305,0.2547157515492392,25991.534876585007,,,,
greedy|2024|7000|all,greedy,2024,7000,all,20,2019,all,10000,19082,15502,0.16539801315959232,0.8372468068636305,0.33629117086077825,25991.534876585007,,,,
greedy|2024|7000|all,greedy,2024,7000,all,20,2020,all,5000,19477,15740,0.05889453621346887,0.8492376111817027,0.16893852761564387,25340.803545475006,,,,
greedy|2024|7000|all,greedy,2024,7000,all,20,2020,all,7000,19477,15740,0.09669631512071156,0.8492376111817027,0.25670961768647116,25340.803545475006,,,,
greedy|2024|7000|all,greedy,2024,7000,all,20,2020,all,10000,19477,15740,0.16156289707750954,0.8492376111817027,0.33955367899837535,25340.803545475006,,,,
greedy|2024|7000|all,greedy,2024,7000,all,20,2021,all,5000,19938,16620,0.050842358604091455,0.8517448856799037,0.16240877619765798,25633.850296020508,,,,
greedy|2024|7000|all,greedy,2024,7000,all,20,2021,all,7000,19938,16620,0.08892900120336944,0.8517448856799037,0.2511940699596336,25633.850296020508,,,,
greedy|2024|7000|all,greedy,2024,7000,all,20,2021,all,10000,19938,16620,0.1542117930204573,0.8517448856799037,0.3345825752241469,25633.850296020508,,,,
greedy|2024|7000|all,greedy,2024,7000,all,20,2022,all,5000,19678,17691,0.05946526482392177,0.856650274150698,0.17866222682648422,24208.611735343933,,,,
greedy|2024|7000|all,greedy,2024,7000,all,20,2022,all,7000,19678,17691,0.10191622859080889,0.856650274150698,0.2722388663087151,24208.611735343933,,,,
greedy|2024|7000|all,greedy,2024,7000,all,20,2022,all,10000,19678,17691,0.17025606240461252,0.856650274150698,0.36281150692798125,24208.611735343933,,,,
greedy|2024|7000|all,greedy,2024,7000,all,20,2023,all,5000,19387,17714,0.060517105114598624,0.8475781867449474,0.18893875317092604,23762.848383903503,,,,
greedy|2024|7000|all,greedy,2024,7000,all,20,2023,all,7000,19387,17714,0.10251778254487975,0.8475781867449474,0.2826789788336486,23762.848383903503,,,,
greedy|2024|7000|all,greedy,2024,7000,all,20,2023,all,10000,19387,17714,0.17443829739189343,0.8475781867449474,0.376881626024257,23762.848383903503,,,,
greedy|2024|7000|all,greedy,2024,7000,all,20,2024,all,5000,19307,16746,0.06132807834706796,0.8333333333333334,0.1710559458320375,24859.02304458618,,,,
greedy|2024|7000|all,greedy,2024,7000,all,20,2024,all,7000,19307,16746,0.10312910545801983,0.8333333333333334,0.24353887404147026,24859.02304458618,,,,
greedy|2024|7000|all,greedy,2024,7000,all,20,2024,all,10000,19307,16746,0.17281738922727816,0.8333333333333334,0.3338085152132112,24859.02304458618,,,,
greedy|2024|7000|all,greedy,2024,7000,all,20,2025,all,5000,19237,17006,0.060390450429260265,0.8301187816064918,0.16746246371466433,24712.869050979614,,,,
greedy|2024|7000|all,greedy,2024,7000,all,20,2025,all,7000,19237,17006,0.09696577678466424,0.8301187816064918,0.2385267193435423,24712.869050979614,,,,
greedy|2024|7000|all,greedy,2024,7000,all,20,2025,all,10000,19237,17006,0.16899917676114312,0.8301187816064918,0.3305208674335499,24712.869050979614,,,,
greedy|2024|7000|all,greedy,2024,7000,all,20,2018,bulk,5000,7047,6294,0.037178265014299335,0.8921194788687639,0.10894521890952334,25430.878819704056,,,,
greedy|2024|7000|all,greedy,2024,7000,all,20,2018,bulk,7000,7047,6294,0.060216078805211314,0.8921194788687639,0.16092058042247118,25430.878819704056,,,,
greedy|2024|7000|all,greedy,2024,7000,all,20,2018,bulk,10000,7047,6294,0.11280584683825866,0.8921194788687639,0.22435655156144954,25430.878819704056,,,,
greedy|2024|7000|all,greedy,2024,7000,all,20,2019,bulk,5000,7336,6371,0.03515931564903469,0.8890284099827342,0.10763646063661361,28059.79997253418,,,,
greedy|2024|7000|all,greedy,2024,7000,all,20,2019,bulk,7000,7336,6371,0.053680740857008316,0.8890284099827342,0.1683110466334178,28059.79997253418,,,,
greedy|2024|7000|all,greedy,2024,7000,all,20,2019,bulk,10000,7336,6371,0.10076911002982264,0.8890284099827342,0.23974015041514082,28059.79997253418,,,,
greedy|2024|7000|all,greedy,2024,7000,all,20,2020,bulk,5000,7551,6573,0.02921040620721132,0.9017191541153202,0.10851618501562392,26923.158102035522,,,,
greedy|2024|7000|all,greedy,2024,7000,all,20,2020,bulk,7000,7551,6573,0.04792332268370607,0.9017191541153202,0.17135389429081885,26923.158102035522,,,,
greedy|2024|7000|all,greedy,2024,7000,all,20,2020,bulk,10000,7551,6573,0.09067396926821847,0.9017191541153202,0.24755790731565488,26923.158102035522,,,,
greedy|2024|7000|all,greedy,2024,7000,all,20,2021,bulk,5000,7737,6773,0.019932083271814557,0.896500812047837,0.09599540689489568,28122.58417892456,,,,
greedy|2024|7000|all,greedy,2024,7000,all,20,2021,bulk,7000,7737,6773,0.035139524582902704,0.896500812047837,0.16048302783572305,28122.58417892456,,,,
greedy|2024|7000|all,greedy,2024,7000,all,20,2021,bulk,10000,7737,6773,0.07766130222944043,0.896500812047837,0.23773571850870703,28122.58417892456,,,,
greedy|2024|7000|all,greedy,2024,7000,all,20,2022,bulk,5000,7632,7090,0.024259520451339917,0.8960507757404795,0.10586676904021665,26858.789362430573,,,,
greedy|2024|7000|all,greedy,2024,7000,all,20,2022,bulk,7000,7632,7090,0.045275035260930886,0.8960507757404795,0.17503955338028238,26858.789362430573,,,,
greedy|2024|7000|all,greedy,2024,7000,all,20,2022,bulk,10000,7632,7090,0.0918194640338505,0.8960507757404795,0.25869891376808374,26858.789362430573,,,,
greedy|2024|7000|all,greedy,2024,7000,all,20,2023,bulk,5000,7477,7061,0.028749468913751592,0.898314686305056,0.12080220378101694,25036.33177280426,,,,
greedy|2024|7000|all,greedy,2024,7000,all,20,2023,bulk,7000,7477,7061,0.05084265684747203,0.898314686305056,0.1977140121438394,25036.33177280426,,,,
greedy|2024|7000|all,greedy,2024,7000,all,20,2023,bulk,10000,7477,7061,0.10423452768729642,0.898314686305056,0.28876819713500357,25036.33177280426,,,,
greedy|2024|7000|all,greedy,2024,7000,all,20,2024,bulk,5000,7486,6665,0.028207051762940735,0.8916729182295574,0.11516869574947268,25898.907453536987,,,,
greedy|2024|7000|all,greedy,2024,7000,all,20,2024,bulk,7000,7486,6665,0.04876219054763691,0.8916729182295574,0.17670371489498957,25898.907453536987,,,,
greedy|2024|7000|all,greedy,2024,7000,all,20,2024,bulk,10000,7486,6665,0.10427606901725431,0.8916729182295574,0.2608360088454439,25898.907453536987,,,,
greedy|2024|7000|all,greedy,2024,7000,all,20,2025,bulk,5000,7455,6820,0.02624633431085044,0.8819648093841642,0.11196090361300408,26052.714490890503,,,,
greedy|2024|7000|all,greedy,2024,7000,all,20,2025,bulk,7000,7455,6820,0.046041055718475075,0.8819648093841642,0.17105145818125972,26052.714490890503,,,,
greedy|2024|7000|all,greedy,2024,7000,all,20,2025,bulk,10000,7455,6820,0.10219941348973607,0.8819648093841642,0.25685479311719994,26052.714490890503,,,,
greedy|2024|7000|all,greedy,2024,7000,all,20,2018,container,5000,3087,2234,0.14995523724261414,0.8155774395702775,0.31458195505774034,13399.778821468353,,,,
greedy|2024|7000|all,greedy,2024,7000,all,20,2018,container,7000,3087,2234,0.26633840644583706,0.8155774395702775,0.45818235648238537,13399.778821468353,,,,
greedy|2024|7000|all,greedy,2024,7000,all,20,2018,container,10000,3087,2234,0.40957923008057295,0.8155774395702775,0.5472109051032755,13399.778821468353,,,,
greedy|2024|7000|all,greedy,2024,7000,all,20,2019,container,5000,3179,2209,0.15210502489814395,0.7944771389769126,0.3104050373141138,15582.429194450378,,,,
greedy|2024|7000|all,greedy,2024,7000,all,20,2019,container,7000,3179,2209,0.2688999547306474,0.7944771389769126,0.4490121973671616,15582.429194450378,,,,
greedy|2024|7000|all,greedy,2024,7000,all,20,2019,container,10000,3179,2209,0.37799909461294706,0.7944771389769126,0.535123993092478,15582.429194450378,,,,
greedy|2024|7000|all,greedy,2024,7000,all,20,2020,container,5000,3213,2212,0.16320072332730562,0.8137432188065099,0.32955072740799113,15075.156667172909,,,,
greedy|2024|7000|all,greedy,2024,7000,all,20,2020,container,7000,3213,2212,0.2603978300180832,0.8137432188065099,0.4627648110200998,15075.156667172909,,,,
greedy|2024|7000|all,greedy,2024,7000,all,20,2020,container,10000,3213,2212,0.38155515370705245,0.8137432188065099,0.5419495670518735,15075.156667172909,,,,
greedy|2024|7000|all,greedy,2024,7000,all,20,2021,container,5000,3329,2505,0.13612774451097803,0.8139720558882235,0.3057277158158584,15604.4143075943,,,,
greedy|2024|7000|all,greedy,2024,7000,all,20,2021,container,7000,3329,2505,0.23233532934131737,0.8139720558882235,0.4394622559269927,15604.4143075943,,,,
greedy|2024|7000|all,greedy,2024,7000,all,20,2021,container,10000,3329,2505,0.35169660678642717,0.8139720558882235,0.5188674797588455,15604.4143075943,,,,
greedy|2024|7000|all,greedy,2024,7000,all,20,2022,container,5000,3281,2890,0.15709342560553632,0.8491349480968858,0.3260838130496685,15161.602794885635,,,,
greedy|2024|7000|all,greedy,2024,7000,all,20,2022,container,7000,3281,2890,0.2643598615916955,0.8491349480968858,0.4597965508561006,15161.602794885635,,,,
greedy|2024|7000|all,greedy,2024,7000,all,20,2022,container,10000,3281,2890,0.3726643598615917,0.8491349480968858,0.537431213481239,15161.602794885635,,,,
greedy|2024|7000|all,greedy,2024,7000,all,20,2023,container,5000,3293,2948,0.15943012211668928,0.8310719131614654,0.3498364512388354,16288.503604829311,,,,
greedy|2024|7000|all,greedy,2024,7000,all,20,2023,container,7000,3293,2948,0.25237449118046135,0.8310719131614654,0.4706133059381611,16288.503604829311,,,,
greedy|2024|7000|all,greedy,2024,7000,all,20,2023,container,10000,3293,2948,0.36092265943012214,0.8310719131614654,0.5525528616482855,16288.503604829311,,,,
greedy|2024|7000|all,greedy,2024,7000,all,20,2024,container,5000,3234,2715,0.15359116022099448,0.8081031307550645,0.317136393286147,17094.873729467392,,,,
greedy|2024|7000|all,greedy,2024,7000,all,20,2024,container,7000,3234,2715,0.2430939226519337,0.8081031307550645,0.40979580697954104,17094.873729467392,,,,
greedy|2024|7000|all,greedy,2024,7000,all,20,2024,container,10000,3234,2715,0.343646408839779,0.8081031307550645,0.507810609977504,17094.873729467392,,,,
greedy|2024|7000|all,greedy,2024,7000,all,20,2025,container,5000,3231,2779,0.13889888449082405,0.8240374235336452,0.3098807194526056,18823.383536577225,,,,
greedy|2024|7000|all,greedy,2024,7000,all,20,2025,container,7000,3231,2779,0.21806405181720043,0.8240374235336452,0.40273096063528435,18823.383536577225,,,,
greedy|2024|7000|all,greedy,2024,7000,all,20,2025,container,10000,3231,2779,0.32601655271680463,0.8240374235336452,0.5047914897060564,18823.383536577225,,,,
greedy|2024|7000|all,greedy,2024,7000,all,20,2018,gas,5000,939,820,0.041463414634146344,0.8341463414634146,0.08019155295348614,33483.34799563885,,,,
greedy|2024|7000|all,greedy,2024,7000,all,20,2018,gas,7000,939,820,0.06707317073170732,0.8341463414634146,0.14852380619930305,33483.34799563885,,,,
greedy|2024|7000|all,greedy,2024,7000,all,20,2018,gas,10000,939,820,0.12682926829268293,0.8341463414634146,0.22588637123333233,33483.34799563885,,,,
greedy|2024|7000|all,greedy,2024,7000,all,20,2019,gas,5000,988,874,0.034324942791762014,0.8283752860411899,0.07364636580165654,40392.719353199005,,,,
greedy|2024|7000|all,greedy,2024,7000,all,20,2019,gas,7000,988,874,0.05148741418764302,0.8283752860411899,0.14553992222643347,40392.719353199005,,,,
greedy|2024|7000|all,greedy,2024,7000,all,20,2019,gas,10000,988,874,0.09496567505720824,0.8283752860411899,0.22438043350281983,40392.719353199005,,,,
greedy|2024|7000|all,greedy,2024,7000,all,20,2020,gas,5000,1039,913,0.033953997809419496,0.8181818181818182,0.06288934344349123,40509.843779563904,,,,
greedy|2024|7000|all,greedy,2024,7000,all,20,2020,gas,7000,1039,913,0.04819277108433735,0.8181818181818182,0.1342963704403339,40509.843779563904,,,,
greedy|2024|7000|all,greedy,2024,7000,all,20,2020,gas,10000,1039,913,0.08214676889375684,0.8181818181818182,0.20967319645833046,40509.843779563904,,,,
greedy|2024|7000|all,greedy,2024,7000,all,20,2021,gas,5000,1084,977,0.02047082906857728,0.849539406345957,0.06142015446929414,41551.80088806152,,,,
greedy|2024|7000|all,greedy,2024,7000,all,20,2021,gas,7000,1084,977,0.033776867963152504,0.849539406345957,0.12416439974255089,41551.80088806152,,,,
greedy|2024|7000|all,greedy,2024,7000,all,20,2021,gas,10000,1084,977,0.06038894575230297,0.849539406345957,0.1890082270964146,41551.80088806152,,,,
greedy|2024|7000|all,greedy,2024,7000,all,20,2022,gas,5000,1068,991,0.024217961654894045,0.851664984863774,0.06482983362512235,40832.90608501434,,,,
greedy|2024|7000|all,greedy,2024,7000,all,20,2022,gas,7000,1068,991,0.03834510595358224,0.851664984863774,0.13968505748438284,40832.90608501434,,,,
greedy|2024|7000|all,greedy,2024,7000,all,20,2022,gas,10000,1068,991,0.06659939455095863,0.851664984863774,0.2319013917531011,40832.90608501434,,,,
greedy|2024|7000|all,greedy,2024,7000,all,20,2023,gas,5000,1062,993,0.025176233635448138,0.8157099697885196,0.05720302205154506,42660.956983566284,,,,
greedy|2024|7000|all,greedy,2024,7000,all,20,2023,gas,7000,1062,993,0.0433031218529708,0.8157099697885196,0.12213842520509688,42660.956983566284,,,,
greedy|2024|7000|all,greedy,2024,7000,all,20,2023,gas,10000,1062,993,0.0634441087613293,0.8157099697885196,0.19715869775215525,42660.956983566284,,,,
greedy|2024|7000|all,greedy,2024,7000,all,20,2024,gas,5000,1069,951,0.033648790746582544,0.8002103049421662,0.05153590082794737,47678.49112224579,,,,
greedy|2024|7000|all,greedy,2024,7000,all,20,2024,gas,7000,1069,951,0.050473186119873815,0.8002103049421662,0.08200905164234915,47678.49112224579,,,,
greedy|2024|7000|all,greedy,2024,7000,all,20,2024,gas,10000,1069,951,0.07781282860147214,0.8002103049421662,0.13678196069097967,47678.49112224579,,,,
greedy|2024|7000|all,greedy,2024,7000,all,20,2025,gas,5000,1057,951,0.03890641430073607,0.7981072555205048,0.048224754902485796,46330.052227020264,,,,
greedy|2024|7000|all,greedy,2024,7000,all,20,2025,gas,7000,1057,951,0.05362776025236593,0.7981072555205048,0.07789466336438465,46330.052227020264,,,,
greedy|2024|7000|all,greedy,2024,7000,all,20,2025,gas,10000,1057,951,0.08937960042060988,0.7981072555205048,0.1327507492804944,46330.052227020264,,,,
greedy|2024|7000|all,greedy,2024,7000,all,20,2018,general,5000,2053,1646,0.04860267314702309,0.7569866342648846,0.1330735174505301,26331.94675731659,,,,
greedy|2024|7000|all,greedy,2024,7000,all,20,2018,general,7000,2053,1646,0.08140947752126367,0.7569866342648846,0.1960330938094123,26331.94675731659,,,,
greedy|2024|7000|all,greedy,2024,7000,all,20,2018,general,10000,2053,1646,0.16099635479951396,0.7569866342648846,0.26778148621246667,26331.94675731659,,,,
greedy|2024|7000|all,greedy,2024,7000,all,20,2019,general,5000,2084,1607,0.037958929682638455,0.7367766023646546,0.118518248345281,32835.69294691086,,,,
greedy|2024|7000|all,greedy,2024,7000,all,20,2019,general,7000,2084,1607,0.060983198506533914,0.7367766023646546,0.18532184614498198,32835.69294691086,,,,
greedy|2024|7000|all,greedy,2024,7000,all,20,2019,general,10000,2084,1607,0.11512134411947729,0.7367766023646546,0.2536215139965728,32835.69294691086,,,,
greedy|2024|7000|all,greedy,2024,7000,all,20,2020,general,5000,2118,1592,0.038316582914572864,0.7399497487437185,0.11744620425029892,32522.799728393555,,,,
greedy|2024|7000|all,greedy,2024,7000,all,20,2020,general,7000,2118,1592,0.06595477386934673,0.7399497487437185,0.18479383721441442,32522.799728393555,,,,
greedy|2024|7000|all,greedy,2024,7000,all,20,2020,general,10000,2118,1592,0.11934673366834171,0.7399497487437185,0.25496200265856284,32522.799728393555,,,,
greedy|2024|7000|all,greedy,2024,7000,all,20,2021,general,5000,2147,1751,0.023986293546544833,0.750428326670474,0.12277489861431824,31993.41295528412,,,,
greedy|2024|7000|all,greedy,2024,7000,all,20,2021,general,7000,2147,1751,0.04683038263849229,0.750428326670474,0.1974692163822181,31993.41295528412,,,,
greedy|2024|7000|all,greedy,2024,7000,all,20,2021,general,10000,2147,1751,0.105653912050257,0.750428326670474,0.27569915900498737,31993.41295528412,,,,
greedy|2024|7000|all,greedy,2024,7000,all,20,2022,general,5000,2136,1884,0.03131634819532909,0.7574309978768577,0.1297485500888436,30255.240243434906,,,,
greedy|2024|7000|all,greedy,2024,7000,all,20,2022,general,7000,2136,1884,0.05573248407643312,0.7574309978768577,0.203584940246542,30255.240243434906,,,,
greedy|2024|7000|all,greedy,2024,7000,all,20,2022,general,10000,2136,1884,0.12101910828025478,0.7574309978768577,0.2925238442105739,30255.240243434906,,,,
greedy|2024|7000|all,greedy,2024,7000,all,20,2023,general,5000,2114,1849,0.04056246619794483,0.7398593834505138,0.13818804882179653,29676.81074810028,,,,
greedy|2024|7000|all,greedy,2024,7000,all,20,2023,general,7000,2114,1849,0.06544077879935101,0.7398593834505138,0.21603163290004299,29676.81074810028,,,,
greedy|2024|7000|all,greedy,2024,7000,all,20,2023,general,10000,2114,1849,0.1233098972417523,0.7398593834505138,0.30184157893502545,29676.81074810028,,,,
greedy|2024|7000|all,greedy,2024,7000,all,20,2024,general,5000,2099,1767,0.03338992642897567,0.722693831352575,0.12891947284604324,30443.82021999359,,,,
greedy|2024|7000|all,greedy,2024,7000,all,20,2024,general,7000,2099,1767,0.06281833616298811,0.722693831352575,0.19671993880491617,30443.82021999359,,,,
greedy|2024|7000|all,greedy,2024,7000,all,20,2024,general,10000,2099,1767,0.13695529145444255,0.722693831352575,0.2839076878978749,30443.82021999359,,,,
greedy|2024|7000|all,greedy,2024,7000,all,20,2025,general,5000,2085,1769,0.029395138496325607,0.7088750706613907,0.1281359807346022,29316.273015409708,,,,
greedy|2024|7000|all,greedy,2024,7000,all,20,2025,general,7000,2085,1769,0.0497456189937818,0.7088750706613907,0.1943915390489248,29316.273015409708,,,,
greedy|2024|7000|all,greedy,2024,7000,all,20,2025,general,10000,2085,1769,0.13227812323346524,0.7088750706613907,0.28203857446834424,29316.273015409708,,,,
greedy|2024|7000|all,greedy,2024,7000,all,20,2018,roro,5000,615,529,0.04725897920604915,0.8695652173913043,0.1888821771507193,24611.05667233467,,,,
greedy|2024|7000|all,greedy,2024,7000,all,20,2018,roro,7000,615,529,0.06994328922495274,0.8695652173913043,0.29187971907306637,24611.05667233467,,,,
greedy|2024|7000|all,greedy,2024,7000,all,20,2018,roro,10000,615,529,0.11531190926275993,0.8695652173913043,0.379850642040689,24611.05667233467,,,,
greedy|2024|7000|all,greedy,2024,7000,all,20,2019,roro,5000,620,517,0.05222437137330754,0.8820116054158608,0.19061879827244355,26930.1673951149,,,,
greedy|2024|7000|all,greedy,2024,7000,all,20,2019,roro,7000,620,517,0.07543520309477757,0.8820116054158608,0.30107035930798237,26930.1673951149,,,,
greedy|2024|7000|all,greedy,2024,7000,all,20,2019,roro,10000,620,517,0.10831721470019343,0.8820116054158608,0.39050832313862505,26930.1673951149,,,,
greedy|2024|7000|all,greedy,2024,7000,all,20,2020,roro,5000,637,506,0.05731225296442688,0.8636363636363636,0.1928997635949016,24784.500903367996,,,,
greedy|2024|7000|all,greedy,2024,7000,all,20,2020,roro,7000,637,506,0.07312252964426877,0.8636363636363636,0.30216743522353595,24784.500903367996,,,,
greedy|2024|7000|all,greedy,2024,7000,all,20,2020,roro,10000,637,506,0.12845849802371542,0.8636363636363636,0.4067660419009833,24784.500903367996,,,,
greedy|2024|7000|all,greedy,2024,7000,all,20,2021,roro,5000,654,529,0.05860113421550094,0.8922495274102079,0.19359061115509227,24697.68424332142,,,,
greedy|2024|7000|all,greedy,2024,7000,all,20,2021,roro,7000,654,529,0.07561436672967864,0.8922495274102079,0.3114813628234379,24697.68424332142,,,,
greedy|2024|7000|all,greedy,2024,7000,all,20,2021,roro,10000,654,529,0.10586011342155009,0.8922495274102079,0.4050155193662446,24697.68424332142,,,,
greedy|2024|7000|all,greedy,2024,7000,all,20,2022,roro,5000,668,607,0.060955518945634266,0.8912685337726524,0.19631994600806335,23711.632356524467,,,,
greedy|2024|7000|all,greedy,2024,7000,all,20,2022,roro,7000,668,607,0.08072487644151564,0.8912685337726524,0.31199249326509854,23711.632356524467,,,,
greedy|2024|7000|all,greedy,2024,7000,all,20,2022,roro,10000,668,607,0.1416803953871499,0.8912685337726524,0.4203391521871517,23711.632356524467,,,,
greedy|2024|7000|all,greedy,2024,7000,all,20,2023,roro,5000,650,601,0.04658901830282862,0.9118136439267887,0.19788990451770283,24290.878670692444,,,,
greedy|2024|7000|all,greedy,2024,7000,all,20,2023,roro,7000,650,601,0.06821963394342762,0.9118136439267887,0.30838703284448826,24290.878670692444,,,,
greedy|2024|7000|all,greedy,2024,7000,all,20,2023,roro,10000,650,601,0.11813643926788686,0.9118136439267887,0.4175835783252466,24290.878670692444,,,,
greedy|2024|7000|all,greedy,2024,7000,all,20,2024,roro,5000,642,561,0.04634581105169341,0.9055258467023173,0.16552795716180482,25570.888805389404,,,,
greedy|2024|7000|all,greedy,2024,7000,all,20,2024,roro,7000,642,561,0.062388591800356503,0.9055258467023173,0.2515224530314644,25570.888805389404,,,,
greedy|2024|7000|all,greedy,2024,7000,all,20,2024,roro,10000,642,561,0.09803921568627451,0.9055258467023173,0.3492092135062107,25570.888805389404,,,,
greedy|2024|7000|all,greedy,2024,7000,all,20,2025,roro,5000,646,588,0.05102040816326531,0.9098639455782312,0.17178815931927163,26871.90889286995,,,,
greedy|2024|7000|all,greedy,2024,7000,all,20,2025,roro,7000,646,588,0.06462585034013606,0.9098639455782312,0.25995454014710595,26871.90889286995,,,,
greedy|2024|7000|all,greedy,2024,7000,all,20,2025,roro,10000,646,588,0.11224489795918367,0.9098639455782312,0.3564457143811567,26871.90889286995,,,,
greedy|2024|7000|all,greedy,2024,7000,all,20,2018,tanker,5000,4618,3798,0.07819905213270142,0.8104265402843602,0.18738250753138866,20592.338138461113,,,,
greedy|2024|7000|all,greedy,2024,7000,all,20,2018,tanker,7000,4618,3798,0.13085834649815692,0.8104265402843602,0.277796179473539,20592.338138461113,,,,
greedy|2024|7000|all,greedy,2024,7000,all,20,2018,tanker,10000,4618,3798,0.21379673512374933,0.8104265402843602,0.3691907636224159,20592.338138461113,,,,
greedy|2024|7000|all,greedy,2024,7000,all,20,2019,tanker,5000,4875,3924,0.058868501529051986,0.8144750254841998,0.19033674475853926,23237.75887489319,,,,
greedy|2024|7000|all,greedy,2024,7000,all,20,2019,tanker,7000,4875,3924,0.10626911314984709,0.8144750254841998,0.2890135954266939,23237.75887489319,,,,
greedy|2024|7000|all,greedy,2024,7000,all,20,2019,tanker,10000,4875,3924,0.19444444444444445,0.8144750254841998,0.3890452205942278,23237.75887489319,,,,
greedy|2024|7000|all,greedy,2024,7000,all,20,2020,tanker,5000,4919,3944,0.06414807302231237,0.8311359026369168,0.1960279370108559,22696.440776348114,,,,
greedy|2024|7000|all,greedy,2024,7000,all,20,2020,tanker,7000,4919,3944,0.11282961460446247,0.8311359026369168,0.3007153848808323,22696.440776348114,,,,
greedy|2024|7000|all,greedy,2024,7000,all,20,2020,tanker,10000,4919,3944,0.19599391480730224,0.8311359026369168,0.40266880721385584,22696.440776348114,,,,
greedy|2024|7000|all,greedy,2024,7000,all,20,2021,tanker,5000,4987,4085,0.06756425948592411,0.8394124847001224,0.19966118006047162,22542.68651485443,,,,
greedy|2024|7000|all,greedy,2024,7000,all,20,2021,tanker,7000,4987,4085,0.12313341493268054,0.8394124847001224,0.30047198304821854,22542.68651485443,,,,
greedy|2024|7000|all,greedy,2024,7000,all,20,2021,tanker,10000,4987,4085,0.209547123623011,0.8394124847001224,0.40626622770466664,22542.68651485443,,,,
greedy|2024|7000|all,greedy,2024,7000,all,20,2022,tanker,5000,4893,4229,0.07235753133128399,0.8361314731615039,0.2107442640978141,20955.27240753174,,,,
greedy|2024|7000|all,greedy,2024,7000,all,20,2022,tanker,7000,4893,4229,0.12437928588318752,0.8361314731615039,0.3150051901047576,20955.27240753174,,,,
greedy|2024|7000|all,greedy,2024,7000,all,20,2022,tanker,10000,4893,4229,0.21376211870418538,0.8361314731615039,0.42732124447411024,20955.27240753174,,,,
greedy|2024|7000|all,greedy,2024,7000,all,20,2023,tanker,5000,4791,4262,0.06358517128108869,0.820037541060535,0.20776666244170655,21344.43274831772,,,,
greedy|2024|7000|all,greedy,2024,7000,all,20,2023,tanker,7000,4791,4262,0.11919286719849835,0.820037541060535,0.3160068125640004,21344.43274831772,,,,
greedy|2024|7000|all,greedy,2024,7000,all,20,2023,tanker,10000,4791,4262,0.21773815110276865,0.820037541060535,0.4358393803180581,21344.43274831772,,,,
greedy|2024|7000|all,greedy,2024,7000,all,20,2024,tanker,5000,4777,4087,0.07462686567164178,0.800587227795449,0.1840858840810977,22486.54566001892,,,,
greedy|2024|7000|all,greedy,2024,7000,all,20,2024,tanker,7000,4777,4087,0.1340836799608515,0.800587227795449,0.2692438760287437,22486.54566001892,,,,
greedy|2024|7000|all,greedy,2024,7000,all,20,2024,tanker,10000,4777,4087,0.2189870320528505,0.800587227795449,0.37485323250611247,22486.54566001892,,,,
greedy|2024|7000|all,greedy,2024,7000,all,20,2025,tanker,5000,4763,4099,0.08367894608441083,0.7962917784825567,0.17880704507367196,22329.346987724304,,,,
greedy|2024|7000|all,greedy,2024,7000,all,20,2025,tanker,7000,4763,4099,0.1346669919492559,0.7962917784825567,0.2612727442102209,22329.346987724304,,,,
greedy|2024|7000|all,greedy,2024,7000,all,20,2025,tanker,10000,4763,4099,0.21615028055623323,0.7962917784825567,0.36799951045384605,22329.346987724304,,,,
volume|2019|0|all,volume,2019,0,all,20,2018,all,5000,18359,15321,0.07453821552118008,0.865544024541479,0.16268873836791328,22072.64245223999,,,,
volume|2019|0|all,volume,2019,0,all,20,2018,all,7000,18359,15321,0.1155277070687292,0.865544024541479,0.23611681538263848,22072.64245223999,,,,
volume|2019|0|all,volume,2019,0,all,20,2018,all,10000,18359,15321,0.18451798185497031,0.865544024541479,0.31780289915734694,22072.64245223999,,,,
volume|2019|0|all,volume,2019,0,all,20,2019,all,5000,19082,15502,0.06528189910979229,0.8607276480454135,0.15739858369417561,24313.19074076414,,,,
volume|2019|0|all,volume,2019,0,all,20,2019,all,7000,19082,15502,0.10127725454780029,0.8607276480454135,0.24031732243486612,24313.19074076414,,,,
volume|2019|0|all,volume,2019,0,all,20,2019,all,10000,19082,15502,0.16591407560314797,0.8607276480454135,0.3280054853140726,24313.19074076414,,,,
volume|2019|0|all,volume,2019,0,all,20,2020,all,5000,19477,15740,0.06626429479034307,0.8681067344345617,0.15958216061697517,23954.397738456726,,,,
volume|2019|0|all,volume,2019,0,all,20,2020,all,7000,19477,15740,0.09961880559085133,0.8681067344345617,0.24155267427927132,23954.397738456726,,,,
volume|2019|0|all,volume,2019,0,all,20,2020,all,10000,19477,15740,0.16048284625158832,0.8681067344345617,0.3307627747233147,23954.397738456726,,,,
volume|2019|0|all,volume,2019,0,all,20,2021,all,5000,19938,16620,0.05890493381468111,0.8697352587244284,0.15273467982022795,24554.72937655449,,,,
volume|2019|0|all,volume,2019,0,all,20,2021,all,7000,19938,16620,0.09157641395908545,0.8697352587244284,0.23279223834394291,24554.72937655449,,,,
volume|2019|0|all,volume,2019,0,all,20,2021,all,10000,19938,16620,0.1519253910950662,0.8697352587244284,0.31953019437087915,24554.72937655449,,,,
volume|2019|0|all,volume,2019,0,all,20,2022,all,5000,19678,17691,0.06783110055960657,0.8725905827822057,0.16967427455228737,23463.128232955933,,,,
volume|2019|0|all,volume,2019,0,all,20,2022,all,7000,19678,17691,0.10553388728732124,0.8725905827822057,0.2519351726960092,23463.128232955933,,,,
volume|2019|0|all,volume,2019,0,all,20,2022,all,10000,19678,17691,0.1679384998021593,0.8725905827822057,0.3428299465364561,23463.128232955933,,,,
volume|2019|0|all,volume,2019,0,all,20,2023,all,5000,19387,17714,0.06938015129276279,0.8642881336795755,0.1777448972019705,23319.543957829475,,,,
volume|2019|0|all,volume,2019,0,all,20,2023,all,7000,19387,17714,0.10545331376312521,0.8642881336795755,0.26310801963926195,23319.543957829475,,,,
volume|2019|0|all,volume,2019,0,all,20,2023,all,10000,19387,17714,0.17172857626735916,0.8642881336795755,0.3587224822102588,23319.543957829475,,,,
volume|2019|0|all,volume,2019,0,all,20,2024,all,5000,19307,16746,0.06891197898005494,0.8516063537561208,0.16167287019662102,24068.401951789856,,,,
volume|2019|0|all,volume,2019,0,all,20,2024,all,7000,19307,16746,0.1062343246148334,0.8516063537561208,0.2211365863736916,24068.401951789856,,,,
volume|2019|0|all,volume,2019,0,all,20,2024,all,10000,19307,16746,0.1669652454317449,0.8516063537561208,0.3111728034154662,24068.401951789856,,,,
volume|2019|0|all,volume,2019,0,all,20,2025,all,5000,19237,17006,0.06809361401858167,0.8467011642949547,0.15644586506639216,24122.632610321045,,,,
volume|2019|0|all,volume,2019,0,all,20,2025,all,7000,19237,17006,0.10043514053863342,0.8467011642949547,0.21474590132367802,24122.632610321045,,,,
volume|2019|0|all,volume,2019,0,all,20,2025,all,10000,19237,17006,0.16335411031400682,0.8467011642949547,0.3068861820100728,24122.632610321045,,,,
volume|2019|0|all,volume,2019,0,all,20,2018,bulk,5000,7047,6294,0.038608198284080075,0.9053066412456308,0.09033518602831918,24793.990671157837,,,,
volume|2019|0|all,volume,2019,0,all,20,2018,bulk,7000,7047,6294,0.061010486177311724,0.9053066412456308,0.14167906311176767,24793.990671157837,,,,
volume|2019|0|all,volume,2019,0,all,20,2018,bulk,10000,7047,6294,0.10279631394979345,0.9053066412456308,0.20682997479156098,24793.990671157837,,,,
volume|2019|0|all,volume,2019,0,all,20,2019,bulk,5000,7336,6371,0.034688431957306545,0.9028409982734265,0.09016008542756145,27711.77609243989,,,,
volume|2019|0|all,volume,2019,0,all,20,2019,bulk,7000,7336,6371,0.053366818395856226,0.9028409982734265,0.1508501921541064,27711.77609243989,,,,
volume|2019|0|all,volume,2019,0,all,20,2019,bulk,10000,7336,6371,0.08978182388949929,0.9028409982734265,0.22398857937045488,27711.77609243989,,,,
volume|2019|0|all,volume,2019,0,all,20,2020,bulk,5000,7551,6573,0.029058268674882093,0.9108474060550737,0.0893276236573943,27476.306485176086,,,,
volume|2019|0|all,volume,2019,0,all,20,2020,bulk,7000,7551,6573,0.04777118515137684,0.9108474060550737,0.15214562006902058,27476.306485176086,,,,
volume|2019|0|all,volume,2019,0,all,20,2020,bulk,10000,7551,6573,0.08200212992545261,0.9108474060550737,0.22966090676709727,27476.306485176086,,,,
volume|2019|0|all,volume,2019,0,all,20,2021,bulk,5000,7737,6773,0.020079728333087257,0.9069836113981987,0.07751899786390007,28410.072197914124,,,,
volume|2019|0|all,volume,2019,0,all,20,2021,bulk,7000,7737,6773,0.0342536542152665,0.9069836113981987,0.140591667376641,28410.072197914124,,,,
volume|2019|0|all,volume,2019,0,all,20,2021,bulk,10000,7737,6773,0.0688025985530784,0.9069836113981987,0.21462512481207546,28410.072197914124,,,,
volume|2019|0|all,volume,2019,0,all,20,2022,bulk,5000,7632,7090,0.02369534555712271,0.902820874471086,0.08543543478979748,27142.799110889435,,,,
volume|2019|0|all,volume,2019,0,all,20,2022,bulk,7000,7632,7090,0.045557122708039494,0.902820874471086,0.1537254203582189,27142.799110889435,,,,
volume|2019|0|all,volume,2019,0,all,20,2022,bulk,10000,7632,7090,0.08236953455571228,0.902820874471086,0.2340401226192534,27142.799110889435,,,,
volume|2019|0|all,volume,2019,0,all,20,2023,bulk,5000,7477,7061,0.0283245999150262,0.904829344285512,0.09694629705263638,25668.48979663849,,,,
volume|2019|0|all,volume,2019,0,all,20,2023,bulk,7000,7477,7061,0.049992918850021245,0.904829344285512,0.17526000314399023,25668.48979663849,,,,
volume|2019|0|all,volume,2019,0,all,20,2023,bulk,10000,7477,7061,0.09290468772128593,0.904829344285512,0.26173749351876613,25668.48979663849,,,,
volume|2019|0|all,volume,2019,0,all,20,2024,bulk,5000,7486,6665,0.026406601650412604,0.8985746436609152,0.09260315604202243,26475.535178661346,,,,
volume|2019|0|all,volume,2019,0,all,20,2024,bulk,7000,7486,6665,0.048162040510127534,0.8985746436609152,0.14992147198253628,26475.535178661346,,,,
volume|2019|0|all,volume,2019,0,all,20,2024,bulk,10000,7486,6665,0.09152288072018004,0.8985746436609152,0.23017424194999445,26475.535178661346,,,,
volume|2019|0|all,volume,2019,0,all,20,2025,bulk,5000,7455,6820,0.025073313782991203,0.8891495601173021,0.08883153427440232,26623.374435424805,,,,
volume|2019|0|all,volume,2019,0,all,20,2025,bulk,7000,7455,6820,0.04472140762463343,0.8891495601173021,0.14463063692453232,26623.374435424805,,,,
volume|2019|0|all,volume,2019,0,all,20,2025,bulk,10000,7455,6820,0.08885630498533724,0.8891495601173021,0.2243656155665771,26623.374435424805,,,,
volume|2019|0|all,volume,2019,0,all,20,2018,container,5000,3087,2234,0.18173679498657117,0.8106535362578334,0.3050443689737869,13497.141882240772,,,,
volume|2019|0|all,volume,2019,0,all,20,2018,container,7000,3087,2234,0.25470008952551476,0.8106535362578334,0.3997633112657404,13497.141882240772,,,,
volume|2019|0|all,volume,2019,0,all,20,2018,container,10000,3087,2234,0.3746642793196061,0.8106535362578334,0.4896454587179705,13497.141882240772,,,,
volume|2019|0|all,volume,2019,0,all,20,2019,container,5000,3179,2209,0.17202354006337708,0.7953825260298778,0.2925851083562992,14584.172743558884,,,,
volume|2019|0|all,volume,2019,0,all,20,2019,container,7000,3179,2209,0.24852874603893163,0.7953825260298778,0.3970909146474861,14584.172743558884,,,,
volume|2019|0|all,volume,2019,0,all,20,2019,container,10000,3179,2209,0.3594386600271616,0.7953825260298778,0.49259894041712193,14584.172743558884,,,,
volume|2019|0|all,volume,2019,0,all,20,2020,container,5000,3213,2212,0.19077757685352623,0.8178119349005425,0.3123497172478295,14261.557584881783,,,,
volume|2019|0|all,volume,2019,0,all,20,2020,container,7000,3213,2212,0.24367088607594936,0.8178119349005425,0.4066411206447631,14261.557584881783,,,,
volume|2019|0|all,volume,2019,0,all,20,2020,container,10000,3213,2212,0.35171790235081374,0.8178119349005425,0.4973787789398118,14261.557584881783,,,,
volume|2019|0|all,volume,2019,0,all,20,2021,container,5000,3329,2505,0.16846307385229542,0.8127744510978044,0.29429293586244615,15348.430950164795,,,,
volume|2019|0|all,volume,2019,0,all,20,2021,container,7000,3329,2505,0.22315369261477047,0.8127744510978044,0.3830996244893489,15348.430950164795,,,,
volume|2019|0|all,volume,2019,0,all,20,2021,container,10000,3329,2505,0.3197604790419162,0.8127744510978044,0.4720450129548194,15348.430950164795,,,,
volume|2019|0|all,volume,2019,0,all,20,2022,container,5000,3281,2890,0.185121107266436,0.8460207612456747,0.3178297911306942,14410.96497452259,,,,
volume|2019|0|all,volume,2019,0,all,20,2022,container,7000,3281,2890,0.24878892733564015,0.8460207612456747,0.39744200663964196,14410.96497452259,,,,
volume|2019|0|all,volume,2019,0,all,20,2022,container,10000,3281,2890,0.3394463667820069,0.8460207612456747,0.4809662296777549,14410.96497452259,,,,
volume|2019|0|all,volume,2019,0,all,20,2023,container,5000,3293,2948,0.1926729986431479,0.8283582089552238,0.34050818993135074,15821.852787137032,,,,
volume|2019|0|all,volume,2019,0,all,20,2023,container,7000,3293,2948,0.24864314789687925,0.8283582089552238,0.4156310556023194,15821.852787137032,,,,
volume|2019|0|all,volume,2019,0,all,20,2023,container,10000,3293,2948,0.34260515603799185,0.8283582089552238,0.5040061568911468,15821.852787137032,,,,
volume|2019|0|all,volume,2019,0,all,20,2024,container,5000,3234,2715,0.18121546961325966,0.8128913443830571,0.31325090858267646,17239.97142124176,,,,
volume|2019|0|all,volume,2019,0,all,20,2024,container,7000,3234,2715,0.23720073664825045,0.8128913443830571,0.36009656070675633,17239.97142124176,,,,
volume|2019|0|all,volume,2019,0,all,20,2024,container,10000,3234,2715,0.3134438305709024,0.8128913443830571,0.45357476545622266,17239.97142124176,,,,
volume|2019|0|all,volume,2019,0,all,20,2025,container,5000,3231,2779,0.17164447643037065,0.8154012234616769,0.3037541165807109,18503.423695087433,,,,
volume|2019|0|all,volume,2019,0,all,20,2025,container,7000,3231,2779,0.21878373515653113,0.8154012234616769,0.34984018481283136,18503.423695087433,,,,
volume|2019|0|all,volume,2019,0,all,20,2025,container,10000,3231,2779,0.30298668585822236,0.8154012234616769,0.4482845871429964,18503.423695087433,,,,
volume|2019|0|all,volume,2019,0,all,20,2018,gas,5000,939,820,0.04390243902439024,0.8646341463414634,0.08851941441366978,27798.096905469894,,,,
volume|2019|0|all,volume,2019,0,all,20,2018,gas,7000,939,820,0.08292682926829269,0.8646341463414634,0.172974798510975,27798.096905469894,,,,
volume|2019|0|all,volume,2019,0,all,20,2018,gas,10000,939,820,0.14146341463414633,0.8646341463414634,0.26015490680118897,27798.096905469894,,,,
volume|2019|0|all,volume,2019,0,all,20,2019,gas,5000,988,874,0.036613272311212815,0.8489702517162472,0.07942438645563173,33438.68264245987,,,,
volume|2019|0|all,volume,2019,0,all,20,2019,gas,7000,988,874,0.06521739130434782,0.8489702517162472,0.16710042260840977,33438.68264245987,,,,
volume|2019|0|all,volume,2019,0,all,20,2019,gas,10000,988,874,0.11556064073226545,0.8489702517162472,0.2591038195128847,33438.68264245987,,,,
volume|2019|0|all,volume,2019,0,all,20,2020,gas,5000,1039,913,0.03066812705366922,0.8291347207009858,0.06596340081802114,35149.58988016471,,,,
volume|2019|0|all,volume,2019,0,all,20,2020,gas,7000,1039,913,0.05147864184008762,0.8291347207009858,0.15330411294631774,35149.58988016471,,,,
volume|2019|0|all,volume,2019,0,all,20,2020,gas,10000,1039,913,0.08762322015334063,0.8291347207009858,0.2380133684612624,35149.58988016471,,,,
volume|2019|0|all,volume,2019,0,all,20,2021,gas,5000,1084,977,0.019447287615148412,0.8710337768679631,0.06307970442095151,37723.830534935,,,,
volume|2019|0|all,volume,2019,0,all,20,2021,gas,7000,1084,977,0.042988741044012284,0.8710337768679631,0.1392344932955754,37723.830534935,,,,
volume|2019|0|all,volume,2019,0,all,20,2021,gas,10000,1084,977,0.0767656090071648,0.8710337768679631,0.20974061049514864,37723.830534935,,,,
volume|2019|0|all,volume,2019,0,all,20,2022,gas,5000,1068,991,0.026236125126135216,0.8738647830474269,0.06716791868863627,37768.56868648529,,,,
volume|2019|0|all,volume,2019,0,all,20,2022,gas,7000,1068,991,0.050454086781029264,0.8738647830474269,0.15865044136907852,37768.56868648529,,,,
volume|2019|0|all,volume,2019,0,all,20,2022,gas,10000,1068,991,0.08173562058526741,0.8738647830474269,0.24788327433576426,37768.56868648529,,,,
volume|2019|0|all,volume,2019,0,all,20,2023,gas,5000,1062,993,0.030211480362537766,0.851963746223565,0.06194996621801,39086.24828529358,,,,
volume|2019|0|all,volume,2019,0,all,20,2023,gas,7000,1062,993,0.05236656596173213,0.851963746223565,0.14842753425232874,39086.24828529358,,,,
volume|2019|0|all,volume,2019,0,all,20,2023,gas,10000,1062,993,0.0755287009063444,0.851963746223565,0.2305091837119217,39086.24828529358,,,,
volume|2019|0|all,volume,2019,0,all,20,2024,gas,5000,1069,951,0.03995793901156677,0.8359621451104101,0.054563802187671616,40751.81089758873,,,,
volume|2019|0|all,volume,2019,0,all,20,2024,gas,7000,1069,951,0.052576235541535225,0.8359621451104101,0.0924661419913171,40751.81089758873,,,,
volume|2019|0|all,volume,2019,0,all,20,2024,gas,10000,1069,951,0.07781282860147214,0.8359621451104101,0.1538662536828813,40751.81089758873,,,,
volume|2019|0|all,volume,2019,0,all,20,2025,gas,5000,1057,951,0.03680336487907466,0.8349106203995794,0.050563591579874646,39985.36433696747,,,,
volume|2019|0|all,volume,2019,0,all,20,2025,gas,7000,1057,951,0.05152471083070452,0.8349106203995794,0.08964721360850092,39985.36433696747,,,,
volume|2019|0|all,volume,2019,0,all,20,2025,gas,10000,1057,951,0.0914826498422713,0.8349106203995794,0.15248175957546448,39985.36433696747,,,,
volume|2019|0|all,volume,2019,0,all,20,2018,general,5000,2053,1646,0.06622114216281895,0.8153098420413123,0.15411750249316794,21887.392043054104,,,,
volume|2019|0|all,volume,2019,0,all,20,2018,general,7000,2053,1646,0.11239368165249089,0.8153098420413123,0.22167616937909082,21887.392043054104,,,,
volume|2019|0|all,volume,2019,0,all,20,2018,general,10000,2053,1646,0.1968408262454435,0.8153098420413123,0.3029473451876999,21887.392043054104,,,,
volume|2019|0|all,volume,2019,0,all,20,2019,general,5000,2084,1607,0.056004978220286245,0.8089607965152458,0.14035785170197856,26124.393112182617,,,,
volume|2019|0|all,volume,2019,0,all,20,2019,general,7000,2084,1607,0.09147479775980087,0.8089607965152458,0.21516012387973996,26124.393112182617,,,,
volume|2019|0|all,volume,2019,0,all,20,2019,general,10000,2084,1607,0.15743621655258244,0.8089607965152458,0.29488597678564166,26124.393112182617,,,,
volume|2019|0|all,volume,2019,0,all,20,2020,general,5000,2118,1592,0.059045226130653265,0.803391959798995,0.14219613672309211,26373.629933595657,,,,
volume|2019|0|all,volume,2019,0,all,20,2020,general,7000,2118,1592,0.0986180904522613,0.803391959798995,0.21396092173787634,26373.629933595657,,,,
volume|2019|0|all,volume,2019,0,all,20,2020,general,10000,2118,1592,0.16896984924623115,0.803391959798995,0.29236019502980476,26373.629933595657,,,,
volume|2019|0|all,volume,2019,0,all,20,2021,general,5000,2147,1751,0.04454597372929754,0.810394060536836,0.14666297959020622,24575.15353870392,,,,
volume|2019|0|all,volume,2019,0,all,20,2021,general,7000,2147,1751,0.07310108509423187,0.810394060536836,0.2242499728318682,24575.15353870392,,,,
volume|2019|0|all,volume,2019,0,all,20,2021,general,10000,2147,1751,0.14677327241576243,0.810394060536836,0.3125528210777373,24575.15353870392,,,,
volume|2019|0|all,volume,2019,0,all,20,2022,general,5000,2136,1884,0.052547770700636945,0.814755838641189,0.15741155831523537,23600.50801193714,,,,
volume|2019|0|all,volume,2019,0,all,20,2022,general,7000,2136,1884,0.08970276008492568,0.814755838641189,0.23997758769257185,23600.50801193714,,,,
volume|2019|0|all,volume,2019,0,all,20,2022,general,10000,2136,1884,0.16932059447983014,0.814755838641189,0.3365438427416204,23600.50801193714,,,,
volume|2019|0|all,volume,2019,0,all,20,2023,general,5000,2114,1849,0.05570578691184424,0.7934018388318009,0.1627022530137439,24795.138425827026,,,,
volume|2019|0|all,volume,2019,0,all,20,2023,general,7000,2114,1849,0.09248242293131423,0.7934018388318009,0.24422958051691904,24795.138425827026,,,,
volume|2019|0|all,volume,2019,0,all,20,2023,general,10000,2114,1849,0.167658193618172,0.7934018388318009,0.3388413495739261,24795.138425827026,,,,
volume|2019|0|all,volume,2019,0,all,20,2024,general,5000,2099,1767,0.055461233729485006,0.77815506508206,0.15225630740672452,24509.343816757202,,,,
volume|2019|0|all,volume,2019,0,all,20,2024,general,7000,2099,1767,0.09847198641765705,0.77815506508206,0.22366826389155836,24509.343816757202,,,,
volume|2019|0|all,volume,2019,0,all,20,2024,general,10000,2099,1767,0.17713638936049803,0.77815506508206,0.31772792803941813,24509.343816757202,,,,
volume|2019|0|all,volume,2019,0,all,20,2025,general,5000,2085,1769,0.04465799886941775,0.7620124364047485,0.14961036120269358,24196.338658332825,,,,
volume|2019|0|all,volume,2019,0,all,20,2025,general,7000,2085,1769,0.07857546636517806,0.7620124364047485,0.21762684689564762,24196.338658332825,,,,
volume|2019|0|all,volume,2019,0,all,20,2025,general,10000,2085,1769,0.16393442622950818,0.7620124364047485,0.3101556192575939,24196.338658332825,,,,
volume|2019|0|all,volume,2019,0,all,20,2018,roro,5000,615,529,0.05103969754253308,0.8827977315689981,0.15484124668590268,26047.42289018631,,,,
volume|2019|0|all,volume,2019,0,all,20,2018,roro,7000,615,529,0.06994328922495274,0.8827977315689981,0.2122036636269669,26047.42289018631,,,,
volume|2019|0|all,volume,2019,0,all,20,2018,roro,10000,615,529,0.11342155009451796,0.8827977315689981,0.29195554358608694,26047.42289018631,,,,
volume|2019|0|all,volume,2019,0,all,20,2019,roro,5000,620,517,0.05415860735009671,0.8839458413926499,0.15530978126038564,29033.66979789734,,,,
volume|2019|0|all,volume,2019,0,all,20,2019,roro,7000,620,517,0.07736943907156674,0.8839458413926499,0.22724339640119487,29033.66979789734,,,,
volume|2019|0|all,volume,2019,0,all,20,2019,roro,10000,620,517,0.10831721470019343,0.8839458413926499,0.30762134837199007,29033.66979789734,,,,
volume|2019|0|all,volume,2019,0,all,20,2020,roro,5000,637,506,0.05731225296442688,0.8675889328063241,0.16237797745323695,27028.516417980194,,,,
volume|2019|0|all,volume,2019,0,all,20,2020,roro,7000,637,506,0.07114624505928854,0.8675889328063241,0.22312396844735136,27028.516417980194,,,,
volume|2019|0|all,volume,2019,0,all,20,2020,roro,10000,637,506,0.11857707509881422,0.8675889328063241,0.31124045550605134,27028.516417980194,,,,
volume|2019|0|all,volume,2019,0,all,20,2021,roro,5000,654,529,0.062381852551984876,0.8827977315689981,0.15685568579422182,29143.839673519135,,,,
volume|2019|0|all,volume,2019,0,all,20,2021,roro,7000,654,529,0.07372400756143667,0.8827977315689981,0.22325733808218648,29143.839673519135,,,,
volume|2019|0|all,volume,2019,0,all,20,2021,roro,10000,654,529,0.10207939508506617,0.8827977315689981,0.3088936185646766,29143.839673519135,,,,
volume|2019|0|all,volume,2019,0,all,20,2022,roro,5000,668,607,0.06260296540362438,0.8978583196046128,0.16245195125480236,28467.18913078308,,,,
volume|2019|0|all,volume,2019,0,all,20,2022,roro,7000,668,607,0.08072487644151564,0.8978583196046128,0.2323180383512097,28467.18913078308,,,,
volume|2019|0|all,volume,2019,0,all,20,2022,roro,10000,668,607,0.13509060955518945,0.8978583196046128,0.3124798395693381,28467.18913078308,,,,
volume|2019|0|all,volume,2019,0,all,20,2023,roro,5000,650,601,0.05324459234608985,0.908485856905158,0.16781793414644722,28334.640110254288,,,,
volume|2019|0|all,volume,2019,0,all,20,2023,roro,7000,650,601,0.07154742096505824,0.908485856905158,0.23404384148065624,28334.640110254288,,,,
volume|2019|0|all,volume,2019,0,all,20,2023,roro,10000,650,601,0.1064891846921797,0.908485856905158,0.3214430102175549,28334.640110254288,,,,
volume|2019|0|all,volume,2019,0,all,20,2024,roro,5000,642,561,0.049910873440285206,0.8912655971479501,0.1272757980492828,30199.86376285553,,,,
volume|2019|0|all,volume,2019,0,all,20,2024,roro,7000,642,561,0.058823529411764705,0.8912655971479501,0.15159279797714567,30199.86376285553,,,,
volume|2019|0|all,volume,2019,0,all,20,2024,roro,10000,642,561,0.0873440285204991,0.8912655971479501,0.22975569329168397,30199.86376285553,,,,
volume|2019|0|all,volume,2019,0,all,20,2025,roro,5000,646,588,0.05442176870748299,0.8826530612244898,0.12892913110062285,31757.933306217194,,,,
volume|2019|0|all,volume,2019,0,all,20,2025,roro,7000,646,588,0.06292517006802721,0.8826530612244898,0.15445011536210257,31757.933306217194,,,,
volume|2019|0|all,volume,2019,0,all,20,2025,roro,10000,646,588,0.10714285714285714,0.8826530612244898,0.2412047439956673,31757.933306217194,,,,
volume|2019|0|all,volume,2019,0,all,20,2018,tanker,5000,4618,3798,0.08451816745655608,0.8515007898894155,0.18649064136979562,18947.824521541595,,,,
volume|2019|0|all,volume,2019,0,all,20,2018,tanker,7000,4618,3798,0.13875724065297526,0.8515007898894155,0.2826222052781332,18947.824521541595,,,,
volume|2019|0|all,volume,2019,0,all,20,2018,tanker,10000,4618,3798,0.22195892575039494,0.8515007898894155,0.3852235564883178,18947.824521541595,,,,
volume|2019|0|all,volume,2019,0,all,20,2019,tanker,5000,4875,3924,0.06651376146788991,0.8498980632008155,0.19020597999867123,20968.891595602036,,,,
volume|2019|0|all,volume,2019,0,all,20,2019,tanker,7000,4875,3924,0.11136595310907238,0.8498980632008155,0.2979597918237524,20968.891595602036,,,,
volume|2019|0|all,volume,2019,0,all,20,2019,tanker,10000,4875,3924,0.20285423037716616,0.8498980632008155,0.40823983370147476,20968.891595602036,,,,
volume|2019|0|all,volume,2019,0,all,20,2020,tanker,5000,4919,3944,0.07074036511156187,0.8602941176470589,0.19776470491430978,20179.932972431183,,,,
volume|2019|0|all,volume,2019,0,all,20,2020,tanker,7000,4919,3944,0.12043610547667342,0.8602941176470589,0.3113090556621873,20179.932972431183,,,,
volume|2019|0|all,volume,2019,0,all,20,2020,tanker,10000,4919,3944,0.2028397565922921,0.8602941176470589,0.42730154036911916,20179.932972431183,,,,
volume|2019|0|all,volume,2019,0,all,20,2021,tanker,5000,4987,4085,0.07123623011015912,0.8663402692778458,0.19545871318859137,20115.09797525406,,,,
volume|2019|0|all,volume,2019,0,all,20,2021,tanker,7000,4987,4085,0.1277845777233782,0.8663402692778458,0.30467456841259305,20115.09797525406,,,,
volume|2019|0|all,volume,2019,0,all,20,2021,tanker,10000,4987,4085,0.2134638922888617,0.8663402692778458,0.41900387102608,20115.09797525406,,,,
volume|2019|0|all,volume,2019,0,all,20,2022,tanker,5000,4893,4229,0.07897848191061717,0.8619058879167651,0.20741604911700054,19647.425404548645,,,,
volume|2019|0|all,volume,2019,0,all,20,2022,tanker,7000,4893,4229,0.1317096240245921,0.8619058879167651,0.3171324860212844,19647.425404548645,,,,
volume|2019|0|all,volume,2019,0,all,20,2022,tanker,10000,4893,4229,0.2184913691179948,0.8619058879167651,0.43576559087421285,19647.425404548645,,,,
volume|2019|0|all,volume,2019,0,all,20,2023,tanker,5000,4791,4262,0.06945096198967621,0.8493664946034726,0.20098198788020216,19726.424015522003,,,,
volume|2019|0|all,volume,2019,0,all,20,2023,tanker,7000,4791,4262,0.12106992022524636,0.8493664946034726,0.3161562916869031,19726.424015522003,,,,
volume|2019|0|all,volume,2019,0,all,20,2023,tanker,10000,4791,4262,0.21750351947442514,0.8493664946034726,0.4435398398691038,19726.424015522003,,,,
volume|2019|0|all,volume,2019,0,all,20,2024,tanker,5000,4777,4087,0.07878639588940543,0.8306826523122094,0.1815335142905632,20607.451015472412,,,,
volume|2019|0|all,volume,2019,0,all,20,2024,tanker,7000,4777,4087,0.13628578419378518,0.8306826523122094,0.26952769767752377,20607.451015472412,,,,
volume|2019|0|all,volume,2019,0,all,20,2024,tanker,10000,4777,4087,0.21996574504526548,0.8306826523122094,0.3852941920057884,20607.451015472412,,,,
volume|2019|0|all,volume,2019,0,all,20,2025,tanker,5000,4763,4099,0.08880214686508904,0.831422298121493,0.17510132911128637,20363.752549171448,,,,
volume|2019|0|all,volume,2019,0,all,20,2025,tanker,7000,4763,4099,0.13905830690412296,0.831422298121493,0.2624444745510724,20363.752549171448,,,,
volume|2019|0|all,volume,2019,0,all,20,2025,tanker,10000,4763,4099,0.21712612832398145,0.831422298121493,0.3825934572242867,20363.752549171448,,,,
volume|2024|0|all,volume,2024,0,all,20,2018,all,5000,18359,15321,0.07564780366816787,0.8585601462045558,0.14695112218354772,23323.167836904526,,,,
volume|2024|0|all,volume,2024,0,all,20,2018,all,7000,18359,15321,0.10743424058481822,0.8585601462045558,0.19361016680923043,23323.167836904526,,,,
volume|2024|0|all,volume,2024,0,all,20,2018,all,10000,18359,15321,0.16291364793420796,0.8585601462045558,0.275479378215315,23323.167836904526,,,,
volume|2024|0|all,volume,2024,0,all,20,2019,all,5000,19082,15502,0.06908785963101535,0.8531157270029673,0.1427686043362508,26267.19904884696,,,,
volume|2024|0|all,volume,2024,0,all,20,2019,all,7000,19082,15502,0.09747129402657721,0.8531157270029673,0.19301677549285645,26267.19904884696,,,,
volume|2024|0|all,volume,2024,0,all,20,2019,all,10000,19082,15502,0.14707779641336602,0.8531157270029673,0.28179421336317073,26267.19904884696,,,,
volume|2024|0|all,volume,2024,0,all,20,2020,all,5000,19477,15740,0.06918678526048284,0.8620711562897078,0.14591477852471843,25657.804576396942,,,,
volume|2024|0|all,volume,2024,0,all,20,2020,all,7000,19477,15740,0.0963151207115629,0.8620711562897078,0.19643528086859588,25657.804576396942,,,,
volume|2024|0|all,volume,2024,0,all,20,2020,all,10000,19477,15740,0.14675984752223634,0.8620711562897078,0.28828944572665394,25657.804576396942,,,,
volume|2024|0|all,volume,2024,0,all,20,2021,all,5000,19938,16620,0.06125150421179302,0.8635379061371841,0.13933614269297634,26278.949755191803,,,,
volume|2024|0|all,volume,2024,0,all,20,2021,all,7000,19938,16620,0.08941034897713598,0.8635379061371841,0.18668601015848638,26278.949755191803,,,,
volume|2024|0|all,volume,2024,0,all,20,2021,all,10000,19938,16620,0.13862815884476534,0.8635379061371841,0.27654135302011357,26278.949755191803,,,,
volume|2024|0|all,volume,2024,0,all,20,2022,all,5000,19678,17691,0.07178791475891697,0.8637725397094568,0.15892329310845119,24822.076974868774,,,,
volume|2024|0|all,volume,2024,0,all,20,2022,all,7000,19678,17691,0.10581651687298627,0.8637725397094568,0.20793285480958507,24822.076974868774,,,,
volume|2024|0|all,volume,2024,0,all,20,2022,all,10000,19678,17691,0.15522016844723305,0.8637725397094568,0.3000713568346053,24822.076974868774,,,,
volume|2024|0|all,volume,2024,0,all,20,2023,all,5000,19387,17714,0.07288020774528621,0.8544653946031388,0.16810986913507714,24670.573401927948,,,,
volume|2024|0|all,volume,2024,0,all,20,2023,all,7000,19387,17714,0.10630010161454218,0.8544653946031388,0.2191358589889783,24670.573401927948,,,,
volume|2024|0|all,volume,2024,0,all,20,2023,all,10000,19387,17714,0.158405780738399,0.8544653946031388,0.3093284484247502,24670.573401927948,,,,
volume|2024|0|all,volume,2024,0,all,20,2024,all,5000,19307,16746,0.07261435566702495,0.8450376209243998,0.16703890791579185,24609.663746356964,,,,
volume|2024|0|all,volume,2024,0,all,20,2024,all,7000,19307,16746,0.10892153350053745,0.8450376209243998,0.2173781922208189,24609.663746356964,,,,
volume|2024|0|all,volume,2024,0,all,20,2024,all,10000,19307,16746,0.16153111190732114,0.8450376209243998,0.30357797906418843,24609.663746356964,,,,
volume|2024|0|all,volume,2024,0,all,20,2025,all,5000,19237,17006,0.07009290838527578,0.8387627896036693,0.16320783644426798,24399.385932445526,,,,
volume|2024|0|all,volume,2024,0,all,20,2025,all,7000,19237,17006,0.1034928848641656,0.8387627896036693,0.2141530346757422,24399.385932445526,,,,
volume|2024|0|all,volume,2024,0,all,20,2025,all,10000,19237,17006,0.16059037986592967,0.8387627896036693,0.30472053082770684,24399.385932445526,,,,
volume|2024|0|all,volume,2024,0,all,20,2018,bulk,5000,7047,6294,0.03813155386081983,0.8910073085478233,0.08624177727250558,27148.316793441772,,,,
volume|2024|0|all,volume,2024,0,all,20,2018,bulk,7000,7047,6294,0.05894502700985065,0.8910073085478233,0.1250111741587976,27148.316793441772,,,,
volume|2024|0|all,volume,2024,0,all,20,2018,bulk,10000,7047,6294,0.09564664760088974,0.8910073085478233,0.18889577437335878,27148.316793441772,,,,
volume|2024|0|all,volume,2024,0,all,20,2019,bulk,5000,7336,6371,0.03563019934076283,0.8904410610579186,0.08465304071796326,30217.134592950344,,,,
volume|2024|0|all,volume,2024,0,all,20,2019,bulk,7000,7336,6371,0.05273897347355203,0.8904410610579186,0.12803048581594123,30217.134592950344,,,,
volume|2024|0|all,volume,2024,0,all,20,2019,bulk,10000,7336,6371,0.08727044420028253,0.8904410610579186,0.19996280007354497,30217.134592950344,,,,
volume|2024|0|all,volume,2024,0,all,20,2020,bulk,5000,7551,6573,0.029666818804198997,0.8998935037273695,0.08343880509046522,29680.86968231201,,,,
volume|2024|0|all,volume,2024,0,all,20,2020,bulk,7000,7551,6573,0.047162635022059946,0.8998935037273695,0.12647577948986208,29680.86968231201,,,,
volume|2024|0|all,volume,2024,0,all,20,2020,bulk,10000,7551,6573,0.07987220447284345,0.8998935037273695,0.20270468385804233,29680.86968231201,,,,
volume|2024|0|all,volume,2024,0,all,20,2021,bulk,5000,7737,6773,0.02037501845563266,0.8969437472316552,0.07073592407855196,30462.96732521057,,,,
volume|2024|0|all,volume,2024,0,all,20,2021,bulk,7000,7737,6773,0.032777203602539495,0.8969437472316552,0.10932865840119435,30462.96732521057,,,,
volume|2024|0|all,volume,2024,0,all,20,2021,bulk,10000,7737,6773,0.06481618189871549,0.8969437472316552,0.18234101846606768,30462.96732521057,,,,
volume|2024|0|all,volume,2024,0,all,20,2022,bulk,5000,7632,7090,0.022990126939351197,0.8870239774330042,0.07985060441568145,29593.939040660858,,,,
volume|2024|0|all,volume,2024,0,all,20,2022,bulk,7000,7632,7090,0.04315937940761636,0.8870239774330042,0.1217883724829064,29593.939040660858,,,,
volume|2024|0|all,volume,2024,0,all,20,2022,bulk,10000,7632,7090,0.07503526093088858,0.8870239774330042,0.19969062388218534,29593.939040660858,,,,
volume|2024|0|all,volume,2024,0,all,20,2023,bulk,5000,7477,7061,0.02846622291460133,0.8892508143322475,0.09155599760664258,28334.588333129883,,,,
volume|2024|0|all,volume,2024,0,all,20,2023,bulk,7000,7477,7061,0.04801019685596941,0.8892508143322475,0.13809570896731618,28334.588333129883,,,,
volume|2024|0|all,volume,2024,0,all,20,2023,bulk,10000,7477,7061,0.08440730774677807,0.8892508143322475,0.21815913277752697,28334.588333129883,,,,
volume|2024|0|all,volume,2024,0,all,20,2024,bulk,5000,7486,6665,0.027606901725431357,0.8870217554388597,0.09304307753012006,27663.18235683441,,,,
volume|2024|0|all,volume,2024,0,all,20,2024,bulk,7000,7486,6665,0.04696174043510878,0.8870217554388597,0.13679078960560087,27663.18235683441,,,,
volume|2024|0|all,volume,2024,0,all,20,2024,bulk,10000,7486,6665,0.08192048012003,0.8870217554388597,0.21461001718143397,27663.18235683441,,,,
volume|2024|0|all,volume,2024,0,all,20,2025,bulk,5000,7455,6820,0.025366568914956013,0.8796187683284458,0.09176446741364407,27177.80858707428,,,,
volume|2024|0|all,volume,2024,0,all,20,2025,bulk,7000,7455,6820,0.045894428152492665,0.8796187683284458,0.1373522350200706,27177.80858707428,,,,
volume|2024|0|all,volume,2024,0,all,20,2025,bulk,10000,7455,6820,0.08357771260997067,0.8796187683284458,0.2199134505560408,27177.80858707428,,,,
volume|2024|0|all,volume,2024,0,all,20,2018,container,5000,3087,2234,0.18755595344673232,0.8182632050134289,0.2736974799724222,14655.560501754284,,,,
volume|2024|0|all,volume,2024,0,all,20,2018,container,7000,3087,2234,0.2305282005371531,0.8182632050134289,0.3114984047274789,14655.560501754284,,,,
volume|2024|0|all,volume,2024,0,all,20,2018,container,10000,3087,2234,0.30483437779767236,0.8182632050134289,0.41212077969580097,14655.560501754284,,,,
volume|2024|0|all,volume,2024,0,all,20,2019,container,5000,3179,2209,0.18650973291081938,0.7976459936622906,0.26607062301866913,16119.541959762573,,,,
volume|2024|0|all,volume,2024,0,all,20,2019,container,7000,3179,2209,0.22906292440018108,0.7976459936622906,0.30899794978060124,16119.541959762573,,,,
volume|2024|0|all,volume,2024,0,all,20,2019,container,10000,3179,2209,0.29289271163422365,0.7976459936622906,0.41360284917003154,16119.541959762573,,,,
volume|2024|0|all,volume,2024,0,all,20,2020,container,5000,3213,2212,0.20524412296564196,0.8155515370705244,0.29330506554426294,15571.606080770493,,,,
volume|2024|0|all,volume,2024,0,all,20,2020,container,7000,3213,2212,0.24050632911392406,0.8155515370705244,0.3319883013442418,15571.606080770493,,,,
volume|2024|0|all,volume,2024,0,all,20,2020,container,10000,3213,2212,0.31103074141048825,0.8155515370705244,0.43602601872354946,15571.606080770493,,,,
volume|2024|0|all,volume,2024,0,all,20,2021,container,5000,3329,2505,0.17884231536926148,0.8183632734530938,0.2748326629266091,16482.888215065002,,,,
volume|2024|0|all,volume,2024,0,all,20,2021,container,7000,3329,2505,0.22594810379241517,0.8183632734530938,0.31414137229854106,16482.888215065002,,,,
volume|2024|0|all,volume,2024,0,all,20,2021,container,10000,3329,2505,0.2878243512974052,0.8183632734530938,0.4125451821532186,16482.888215065002,,,,
volume|2024|0|all,volume,2024,0,all,20,2022,container,5000,3281,2890,0.20588235294117646,0.8460207612456747,0.3139217112577716,14763.314380764961,,,,
volume|2024|0|all,volume,2024,0,all,20,2022,container,7000,3281,2890,0.26089965397923875,0.8460207612456747,0.35526395218844065,14763.314380764961,,,,
volume|2024|0|all,volume,2024,0,all,20,2022,container,10000,3281,2890,0.3238754325259516,0.8460207612456747,0.4404655152677378,14763.314380764961,,,,
volume|2024|0|all,volume,2024,0,all,20,2023,container,5000,3293,2948,0.21132971506105835,0.8361601085481682,0.33951217274320267,15926.00405716896,,,,
volume|2024|0|all,volume,2024,0,all,20,2023,container,7000,3293,2948,0.2639077340569878,0.8361601085481682,0.38459073682882994,15926.00405716896,,,,
volume|2024|0|all,volume,2024,0,all,20,2023,container,10000,3293,2948,0.3273405698778833,0.8361601085481682,0.4689141746850863,15926.00405716896,,,,
volume|2024|0|all,volume,2024,0,all,20,2024,container,5000,3234,2715,0.1992633517495396,0.8220994475138121,0.33070292730169687,16716.952787399292,,,,
volume|2024|0|all,volume,2024,0,all,20,2024,container,7000,3234,2715,0.2559852670349908,0.8220994475138121,0.37108795935283195,16716.952787399292,,,,
volume|2024|0|all,volume,2024,0,all,20,2024,container,10000,3234,2715,0.3237569060773481,0.8220994475138121,0.46036543407525354,16716.952787399292,,,,
volume|2024|0|all,volume,2024,0,all,20,2025,container,5000,3231,2779,0.18675782655631523,0.8265563152213026,0.322365611490516,17545.84228181839,,,,
volume|2024|0|all,volume,2024,0,all,20,2025,container,7000,3231,2779,0.23821518531845987,0.8265563152213026,0.3642042543299176,17545.84228181839,,,,
volume|2024|0|all,volume,2024,0,all,20,2025,container,10000,3231,2779,0.3216984526808204,0.8265563152213026,0.4566001550567598,17545.84228181839,,,,
volume|2024|0|all,volume,2024,0,all,20,2018,gas,5000,939,820,0.045121951219512194,0.8573170731707317,0.07360029857579185,29669.737541675568,,,,
volume|2024|0|all,volume,2024,0,all,20,2018,gas,7000,939,820,0.07073170731707316,0.8573170731707317,0.1243788495561223,29669.737541675568,,,,
volume|2024|0|all,volume,2024,0,all,20,2018,gas,10000,939,820,0.12073170731707317,0.8573170731707317,0.21465608456486765,29669.737541675568,,,,
volume|2024|0|all,volume,2024,0,all,20,2019,gas,5000,988,874,0.038901601830663615,0.8398169336384439,0.06579958190606643,38206.50358057022,,,,
volume|2024|0|all,volume,2024,0,all,20,2019,gas,7000,988,874,0.05263157894736842,0.8398169336384439,0.1103075660904143,38206.50358057022,,,,
volume|2024|0|all,volume,2024,0,all,20,2019,gas,10000,988,874,0.09496567505720824,0.8398169336384439,0.20225193018594617,38206.50358057022,,,,
volume|2024|0|all,volume,2024,0,all,20,2020,gas,5000,1039,913,0.038335158817086525,0.8313253012048193,0.05539698503970857,38591.871623039246,,,,
volume|2024|0|all,volume,2024,0,all,20,2020,gas,7000,1039,913,0.050383351588170866,0.8313253012048193,0.09699353463405995,38591.871623039246,,,,
volume|2024|0|all,volume,2024,0,all,20,2020,gas,10000,1039,913,0.08105147864184009,0.8313253012048193,0.19445188763582794,38591.871623039246,,,,
volume|2024|0|all,volume,2024,0,all,20,2021,gas,5000,1084,977,0.019447287615148412,0.8607983623336745,0.053481052874627996,38940.50673484802,,,,
volume|2024|0|all,volume,2024,0,all,20,2021,gas,7000,1084,977,0.03480040941658137,0.8607983623336745,0.09166181734933948,38940.50673484802,,,,
volume|2024|0|all,volume,2024,0,all,20,2021,gas,10000,1084,977,0.06755373592630501,0.8607983623336745,0.17640829630981905,38940.50673484802,,,,
volume|2024|0|all,volume,2024,0,all,20,2022,gas,5000,1068,991,0.03229061553985873,0.8647830474268415,0.057600919796375834,39724.16105556488,,,,
volume|2024|0|all,volume,2024,0,all,20,2022,gas,7000,1068,991,0.04742684157416751,0.8647830474268415,0.10649096578469242,39724.16105556488,,,,
volume|2024|0|all,volume,2024,0,all,20,2022,gas,10000,1068,991,0.07769929364278506,0.8647830474268415,0.21424427012082667,39724.16105556488,,,,
volume|2024|0|all,volume,2024,0,all,20,2023,gas,5000,1062,993,0.02920443101711984,0.8418932527693856,0.052145381580856326,40913.905316352844,,,,
volume|2024|0|all,volume,2024,0,all,20,2023,gas,7000,1062,993,0.04833836858006042,0.8418932527693856,0.09413421901177815,40913.905316352844,,,,
volume|2024|0|all,volume,2024,0,all,20,2023,gas,10000,1062,993,0.07049345417925479,0.8418932527693856,0.18896930209309384,40913.905316352844,,,,
volume|2024|0|all,volume,2024,0,all,20,2024,gas,5000,1069,951,0.04311251314405889,0.832807570977918,0.057418451893931084,40398.306816101074,,,,
volume|2024|0|all,volume,2024,0,all,20,2024,gas,7000,1069,951,0.058885383806519455,0.832807570977918,0.09570217869875376,40398.306816101074,,,,
volume|2024|0|all,volume,2024,0,all,20,2024,gas,10000,1069,951,0.08307045215562565,0.832807570977918,0.17380978515387185,40398.306816101074,,,,
volume|2024|0|all,volume,2024,0,all,20,2025,gas,5000,1057,951,0.0452155625657203,0.8264984227129337,0.05206872777154866,38508.82307243347,,,,
volume|2024|0|all,volume,2024,0,all,20,2025,gas,7000,1057,951,0.05993690851735016,0.8264984227129337,0.0916781321390896,38508.82307243347,,,,
volume|2024|0|all,volume,2024,0,all,20,2025,gas,10000,1057,951,0.0904311251314406,0.8264984227129337,0.17355449013855057,38508.82307243347,,,,
volume|2024|0|all,volume,2024,0,all,20,2018,general,5000,2053,1646,0.06986634264884568,0.7982989064398542,0.144042543316174,23920.97672843933,,,,
volume|2024|0|all,volume,2024,0,all,20,2018,general,7000,2053,1646,0.10996354799513973,0.7982989064398542,0.19353244500486108,23920.97672843933,,,,
volume|2024|0|all,volume,2024,0,all,20,2018,general,10000,2053,1646,0.1913730255164034,0.7982989064398542,0.261793887110404,23920.97672843933,,,,
volume|2024|0|all,volume,2024,0,all,20,2019,general,5000,2084,1607,0.06347230864965775,0.7958929682638457,0.1332141557069103,28628.630748271942,,,,
volume|2024|0|all,volume,2024,0,all,20,2019,general,7000,2084,1607,0.09831985065339141,0.7958929682638457,0.1813297303889,28628.630748271942,,,,
volume|2024|0|all,volume,2024,0,all,20,2019,general,10000,2084,1607,0.15245799626633477,0.7958929682638457,0.24750738024886795,28628.630748271942,,,,
volume|2024|0|all,volume,2024,0,all,20,2020,general,5000,2118,1592,0.06407035175879397,0.7883165829145728,0.13294761690389367,28377.687300682068,,,,
volume|2024|0|all,volume,2024,0,all,20,2020,general,7000,2118,1592,0.10427135678391959,0.7883165829145728,0.1836809708093216,28377.687300682068,,,,
volume|2024|0|all,volume,2024,0,all,20,2020,general,10000,2118,1592,0.16457286432160803,0.7883165829145728,0.2476935370518266,28377.687300682068,,,,
volume|2024|0|all,volume,2024,0,all,20,2021,general,5000,2147,1751,0.047972587093089665,0.7972587093089663,0.13399712965163915,27590.973580360413,,,,
volume|2024|0|all,volume,2024,0,all,20,2021,general,7000,2147,1751,0.07766990291262135,0.7972587093089663,0.18383464641064493,27590.973580360413,,,,
volume|2024|0|all,volume,2024,0,all,20,2021,general,10000,2147,1751,0.13706453455168474,0.7972587093089663,0.258218430799861,27590.973580360413,,,,
volume|2024|0|all,volume,2024,0,all,20,2022,general,5000,2136,1884,0.059447983014861996,0.8009554140127388,0.1478103148983141,25729.950345516205,,,,
volume|2024|0|all,volume,2024,0,all,20,2022,general,7000,2136,1884,0.09978768577494693,0.8009554140127388,0.20000629975107875,25729.950345516205,,,,
volume|2024|0|all,volume,2024,0,all,20,2022,general,10000,2136,1884,0.16401273885350318,0.8009554140127388,0.2806056874593337,25729.950345516205,,,,
volume|2024|0|all,volume,2024,0,all,20,2023,general,5000,2114,1849,0.06273661438615467,0.777176852352623,0.1575675048413513,27289.8616117239,,,,
volume|2024|0|all,volume,2024,0,all,20,2023,general,7000,2114,1849,0.0989724175229854,0.777176852352623,0.21194873220814253,27289.8616117239,,,,
volume|2024|0|all,volume,2024,0,all,20,2023,general,10000,2114,1849,0.17306652244456464,0.777176852352623,0.2931113555956237,27289.8616117239,,,,
volume|2024|0|all,volume,2024,0,all,20,2024,general,5000,2099,1767,0.06055461233729485,0.765704584040747,0.1576441889754303,26926.655398845673,,,,
volume|2024|0|all,volume,2024,0,all,20,2024,general,7000,2099,1767,0.100169779286927,0.765704584040747,0.21492032730577385,26926.655398845673,,,,
volume|2024|0|all,volume,2024,0,all,20,2024,general,10000,2099,1767,0.17826825127334464,0.765704584040747,0.2977928632458484,26926.655398845673,,,,
volume|2024|0|all,volume,2024,0,all,20,2025,general,5000,2085,1769,0.047484454494064444,0.7507066139061617,0.1537886394182593,25516.024410247803,,,,
volume|2024|0|all,volume,2024,0,all,20,2025,general,7000,2085,1769,0.08535895986433013,0.7507066139061617,0.21019612416321773,25516.024410247803,,,,
volume|2024|0|all,volume,2024,0,all,20,2025,general,10000,2085,1769,0.16789146410401357,0.7507066139061617,0.29526094593321006,25516.024410247803,,,,
volume|2024|0|all,volume,2024,0,all,20,2018,roro,5000,615,529,0.04725897920604915,0.8695652173913043,0.14681870395189262,26081.507210731506,,,,
volume|2024|0|all,volume,2024,0,all,20,2018,roro,7000,615,529,0.06805293005671077,0.8695652173913043,0.17358562027308197,26081.507210731506,,,,
volume|2024|0|all,volume,2024,0,all,20,2018,roro,10000,615,529,0.11720226843100189,0.8695652173913043,0.2535002105569473,26081.507210731506,,,,
volume|2024|0|all,volume,2024,0,all,20,2019,roro,5000,620,517,0.05415860735009671,0.8839458413926499,0.14859848604186318,30094.846341133118,,,,
volume|2024|0|all,volume,2024,0,all,20,2019,roro,7000,620,517,0.07930367504835589,0.8839458413926499,0.18604718298872575,30094.846341133118,,,,
volume|2024|0|all,volume,2024,0,all,20,2019,roro,10000,620,517,0.10831721470019343,0.8839458413926499,0.27941407577098476,30094.846341133118,,,,
volume|2024|0|all,volume,2024,0,all,20,2020,roro,5000,637,506,0.05731225296442688,0.8557312252964426,0.15407119987007994,28662.75700187683,,,,
volume|2024|0|all,volume,2024,0,all,20,2020,roro,7000,637,506,0.0691699604743083,0.8557312252964426,0.18704868522684895,28662.75700187683,,,,
volume|2024|0|all,volume,2024,0,all,20,2020,roro,10000,637,506,0.11462450592885376,0.8557312252964426,0.2811201448942171,28662.75700187683,,,,
volume|2024|0|all,volume,2024,0,all,20,2021,roro,5000,654,529,0.062381852551984876,0.8790170132325141,0.14943216420265915,29355.448789596558,,,,
volume|2024|0|all,volume,2024,0,all,20,2021,roro,7000,654,529,0.07561436672967864,0.8790170132325141,0.18384641607794025,29355.448789596558,,,,
volume|2024|0|all,volume,2024,0,all,20,2021,roro,10000,654,529,0.1001890359168242,0.8790170132325141,0.272987319914493,29355.448789596558,,,,
volume|2024|0|all,volume,2024,0,all,20,2022,roro,5000,668,607,0.05930807248764415,0.8879736408566722,0.15334743865083864,27924.71502971649,,,,
volume|2024|0|all,volume,2024,0,all,20,2022,roro,7000,668,607,0.08237232289950576,0.8879736408566722,0.1802136253851026,27924.71502971649,,,,
volume|2024|0|all,volume,2024,0,all,20,2022,roro,10000,668,607,0.1186161449752883,0.8879736408566722,0.28425390336740225,27924.71502971649,,,,
volume|2024|0|all,volume,2024,0,all,20,2023,roro,5000,650,601,0.04658901830282862,0.9051580698835274,0.15557943559231097,27277.962597846985,,,,
volume|2024|0|all,volume,2024,0,all,20,2023,roro,7000,650,601,0.0632279534109817,0.9051580698835274,0.18831967387808624,27277.962597846985,,,,
volume|2024|0|all,volume,2024,0,all,20,2023,roro,10000,650,601,0.09816971713810316,0.9051580698835274,0.2812606521576224,27277.962597846985,,,,
volume|2024|0|all,volume,2024,0,all,20,2024,roro,5000,642,561,0.0481283422459893,0.8983957219251337,0.15318967063835454,28101.35361266136,,,,
volume|2024|0|all,volume,2024,0,all,20,2024,roro,7000,642,561,0.06060606060606061,0.8983957219251337,0.19089993665844723,28101.35361266136,,,,
volume|2024|0|all,volume,2024,0,all,20,2024,roro,10000,642,561,0.0873440285204991,0.8983957219251337,0.26605641783347767,28101.35361266136,,,,
volume|2024|0|all,volume,2024,0,all,20,2025,roro,5000,646,588,0.04931972789115646,0.8860544217687075,0.15744410679378093,29173.979800879955,,,,
volume|2024|0|all,volume,2024,0,all,20,2025,roro,7000,646,588,0.061224489795918366,0.8860544217687075,0.19675710750437153,29173.979800879955,,,,
volume|2024|0|all,volume,2024,0,all,20,2025,roro,10000,646,588,0.11564625850340136,0.8860544217687075,0.27460790365103144,29173.979800879955,,,,
volume|2024|0|all,volume,2024,0,all,20,2018,tanker,5000,4618,3798,0.08504476040021064,0.8533438651922064,0.15995131218764755,20422.09049642086,,,,
volume|2024|0|all,volume,2024,0,all,20,2018,tanker,7000,4618,3798,0.1276987888362296,0.8533438651922064,0.2318176574174808,20422.09049642086,,,,
volume|2024|0|all,volume,2024,0,all,20,2018,tanker,10000,4618,3798,0.19404949973670352,0.8533438651922064,0.3319845746782575,20422.09049642086,,,,
volume|2024|0|all,volume,2024,0,all,20,2019,tanker,5000,4875,3924,0.06829765545361875,0.8460754332313966,0.16453607686550809,22829.78077685833,,,,
volume|2024|0|all,volume,2024,0,all,20,2019,tanker,7000,4875,3924,0.10805300713557595,0.8460754332313966,0.23946873718819692,22829.78077685833,,,,
volume|2024|0|all,volume,2024,0,all,20,2019,tanker,10000,4875,3924,0.17660550458715596,0.8460754332313966,0.3512747997544777,22829.78077685833,,,,
volume|2024|0|all,volume,2024,0,all,20,2020,tanker,5000,4919,3944,0.06947261663286004,0.8628296146044625,0.17025429800369113,21889.13373219967,,,,
volume|2024|0|all,volume,2024,0,all,20,2020,tanker,7000,4919,3944,0.1082657200811359,0.8628296146044625,0.25168636601491334,21889.13373219967,,,,
volume|2024|0|all,volume,2024,0,all,20,2020,tanker,10000,4919,3944,0.17824543610547666,0.8628296146044625,0.37107739889635993,21889.13373219967,,,,
volume|2024|0|all,volume,2024,0,all,20,2021,tanker,5000,4987,4085,0.07246022031823746,0.8629130966952264,0.1722628619057848,21558.76942062378,,,,
volume|2024|0|all,volume,2024,0,all,20,2021,tanker,7000,4987,4085,0.11946144430844553,0.8629130966952264,0.24920272605771712,21558.76942062378,,,,
volume|2024|0|all,volume,2024,0,all,20,2021,tanker,10000,4987,4085,0.19216646266829865,0.8629130966952264,0.3711672653297191,21558.76942062378,,,,
volume|2024|0|all,volume,2024,0,all,20,2022,tanker,5000,4893,4229,0.07850555686923623,0.8611965003546938,0.17869880801949992,21261.44917201996,,,,
volume|2024|0|all,volume,2024,0,all,20,2022,tanker,7000,4893,4229,0.12461574840387799,0.8611965003546938,0.2529653890077365,21261.44917201996,,,,
volume|2024|0|all,volume,2024,0,all,20,2022,tanker,10000,4893,4229,0.19389926696618587,0.8611965003546938,0.374170202152742,21261.44917201996,,,,
volume|2024|0|all,volume,2024,0,all,20,2023,tanker,5000,4791,4262,0.0689816987329892,0.838808071328015,0.17329949237907263,22019.80898499489,,,,
volume|2024|0|all,volume,2024,0,all,20,2023,tanker,7000,4791,4262,0.11661191928671985,0.838808071328015,0.24543679371345223,22019.80898499489,,,,
volume|2024|0|all,volume,2024,0,all,20,2023,tanker,10000,4791,4262,0.18676677616142656,0.838808071328015,0.36150836896723204,22019.80898499489,,,,
volume|2024|0|all,volume,2024,0,all,20,2024,tanker,5000,4777,4087,0.07731832640078297,0.821629557132371,0.17892920180085725,21994.54611492157,,,,
volume|2024|0|all,volume,2024,0,all,20,2024,tanker,7000,4777,4087,0.13432835820895522,0.821629557132371,0.25597925235968055,21994.54611492157,,,,
volume|2024|0|all,volume,2024,0,all,20,2024,tanker,10000,4777,4087,0.20479569366283337,0.821629557132371,0.36128539301854196,21994.54611492157,,,,
volume|2024|0|all,volume,2024,0,all,20,2025,tanker,5000,4763,4099,0.08392290802634789,0.8131251524762138,0.17355864097910734,21477.606073379517,,,,
volume|2024|0|all,volume,2024,0,all,20,2025,tanker,7000,4763,4099,0.13198341058794827,0.8131251524762138,0.24878858078997787,21477.606073379517,,,,
volume|2024|0|all,volume,2024,0,all,20,2025,tanker,10000,4763,4099,0.19907294462063918,0.8131251524762138,0.3611040711451687,21477.606073379517,,,,
all|-1|0|all,all,-1,0,all,3461,2018,all,5000,18359,15321,0.4311076300502578,1.0,0.7400567387571633,5409.5120730400085,,,,
all|-1|0|all,all,-1,0,all,3461,2018,all,7000,18359,15321,0.6444096338359115,1.0,0.8600551413856458,5409.5120730400085,,,,
all|-1|0|all,all,-1,0,all,3461,2018,all,10000,18359,15321,0.9138437438809477,1.0,0.9767553404451508,5409.5120730400085,,,,
all|-1|0|all,all,-1,0,all,3461,2019,all,5000,19082,15502,0.4229776802993162,1.0,0.7307027723106888,5443.3354288339615,,,,
all|-1|0|all,all,-1,0,all,3461,2019,all,7000,19082,15502,0.637788672429364,1.0,0.8517635334292234,5443.3354288339615,,,,
all|-1|0|all,all,-1,0,all,3461,2019,all,10000,19082,15502,0.9054960650238679,1.0,0.9738195011156441,5443.3354288339615,,,,
all|-1|0|all,all,-1,0,all,3461,2020,all,5000,19477,15740,0.4128335451080051,1.0,0.718026337006624,5623.333949446678,,,,
all|-1|0|all,all,-1,0,all,3461,2020,all,7000,19477,15740,0.61569250317662,1.0,0.8375303338234495,5623.333949446678,,,,
all|-1|0|all,all,-1,0,all,3461,2020,all,10000,19477,15740,0.8893265565438374,1.0,0.9684441330071534,5623.333949446678,,,,
all|-1|0|all,all,-1,0,all,3461,2021,all,5000,19938,16620,0.40740072202166067,1.0,0.7083812644991624,5659.400408744812,,,,
all|-1|0|all,all,-1,0,all,3461,2021,all,7000,19938,16620,0.6219013237063779,1.0,0.8400010474882511,5659.400408744812,,,,
all|-1|0|all,all,-1,0,all,3461,2021,all,10000,19938,16620,0.8975932611311672,1.0,0.9690566748927978,5659.400408744812,,,,
all|-1|0|all,all,-1,0,all,3461,2022,all,5000,19678,17691,0.42637499293426034,1.0,0.7247488813438352,5447.8141803741455,,,,
all|-1|0|all,all,-1,0,all,3461,2022,all,7000,19678,17691,0.6399864337798881,1.0,0.8547509249547287,5447.8141803741455,,,,
all|-1|0|all,all,-1,0,all,3461,2022,all,10000,19678,17691,0.9152111243004918,1.0,0.9735342389474897,5447.8141803741455,,,,
all|-1|0|all,all,-1,0,all,3461,2023,all,5000,19387,17714,0.4350231455346054,1.0,0.7321354100614096,5342.29540014267,,,,
all|-1|0|all,all,-1,0,all,3461,2023,all,7000,19387,17714,0.646437845771706,1.0,0.8568887307017307,5342.29540014267,,,,
all|-1|0|all,all,-1,0,all,3461,2023,all,10000,19387,17714,0.9068533363441346,1.0,0.9732300138131925,5342.29540014267,,,,
all|-1|0|all,all,-1,0,all,3461,2024,all,5000,19307,16746,0.42738564433297505,1.0,0.6933068216472862,5660.221650928259,,,,
all|-1|0|all,all,-1,0,all,3461,2024,all,7000,19307,16746,0.6033082527170668,1.0,0.8128689364426788,5660.221650928259,,,,
all|-1|0|all,all,-1,0,all,3461,2024,all,10000,19307,16746,0.8646841036665472,1.0,0.9537354265774148,5660.221650928259,,,,
all|-1|0|all,all,-1,0,all,3461,2025,all,5000,19237,17006,0.42649653063624604,1.0,0.6931490917580536,5714.2680695056915,,,,
all|-1|0|all,all,-1,0,all,3461,2025,all,7000,19237,17006,0.5968481712336823,1.0,0.8096113714114324,5714.2680695056915,,,,
all|-1|0|all,all,-1,0,all,3461,2025,all,10000,19237,17006,0.8781606491826415,1.0,0.9617586525036973,5714.2680695056915,,,,
all|-1|0|all,all,-1,0,all,3461,2018,bulk,5000,7047,6294,0.30394026056561807,1.0,0.6803060972684989,6798.369982719421,,,,
all|-1|0|all,all,-1,0,all,3461,2018,bulk,7000,7047,6294,0.5090562440419447,1.0,0.7915199731006378,6798.369982719421,,,,
all|-1|0|all,all,-1,0,all,3461,2018,bulk,10000,7047,6294,0.8763902129011757,1.0,0.9622977298167412,6798.369982719421,,,,
all|-1|0|all,all,-1,0,all,3461,2019,bulk,5000,7336,6371,0.30183644639773977,1.0,0.6728252498677372,6827.063281536102,,,,
all|-1|0|all,all,-1,0,all,3461,2019,bulk,7000,7336,6371,0.5076126196829384,1.0,0.7841149507750276,6827.063281536102,,,,
all|-1|0|all,all,-1,0,all,3461,2019,bulk,10000,7336,6371,0.8642285355517187,1.0,0.9587339093172881,6827.063281536102,,,,
all|-1|0|all,all,-1,0,all,3461,2020,bulk,5000,7551,6573,0.29377757492773465,1.0,0.6530916301870986,7231.951635360718,,,,
all|-1|0|all,all,-1,0,all,3461,2020,bulk,7000,7551,6573,0.4798417769663776,1.0,0.7640301633691587,7231.951635360718,,,,
all|-1|0|all,all,-1,0,all,3461,2020,bulk,10000,7551,6573,0.8439068918302145,1.0,0.951388925208333,7231.951635360718,,,,
all|-1|0|all,all,-1,0,all,3461,2021,bulk,5000,7737,6773,0.276982134947586,1.0,0.6480342813619273,7184.663220882416,,,,
all|-1|0|all,all,-1,0,all,3461,2021,bulk,7000,7737,6773,0.4832422855455485,1.0,0.7732260981422262,7184.663220882416,,,,
all|-1|0|all,all,-1,0,all,3461,2021,bulk,10000,7737,6773,0.8554554850140262,1.0,0.9527882075032531,7184.663220882416,,,,
all|-1|0|all,all,-1,0,all,3461,2022,bulk,5000,7632,7090,0.30084626234132583,1.0,0.6678718922069474,6768.086815357208,,,,
all|-1|0|all,all,-1,0,all,3461,2022,bulk,7000,7632,7090,0.5124118476727786,1.0,0.7896173888337866,6768.086815357208,,,,
all|-1|0|all,all,-1,0,all,3461,2022,bulk,10000,7632,7090,0.8834978843441467,1.0,0.9587239530912236,6768.086815357208,,,,
all|-1|0|all,all,-1,0,all,3461,2023,bulk,5000,7477,7061,0.30576405608270785,1.0,0.6645752429521805,6781.773660898209,,,,
all|-1|0|all,all,-1,0,all,3461,2023,bulk,7000,7477,7061,0.5128168814615494,1.0,0.7830090038586639,6781.773660898209,,,,
all|-1|0|all,all,-1,0,all,3461,2023,bulk,10000,7477,7061,0.8708398243874805,1.0,0.958746204669291,6781.773660898209,,,,
all|-1|0|all,all,-1,0,all,3461,2024,bulk,5000,7486,6665,0.299774943735934,1.0,0.6316513508611528,7543.662278175354,,,,
all|-1|0|all,all,-1,0,all,3461,2024,bulk,7000,7486,6665,0.4627156789197299,1.0,0.7364473041049555,7543.662278175354,,,,
all|-1|0|all,all,-1,0,all,3461,2024,bulk,10000,7486,6665,0.8081020255063766,1.0,0.9342172654468844,7543.662278175354,,,,
all|-1|0|all,all,-1,0,all,3461,2025,bulk,5000,7455,6820,0.29897360703812315,1.0,0.6318350398221495,7716.836695492268,,,,
all|-1|0|all,all,-1,0,all,3461,2025,bulk,7000,7455,6820,0.4536656891495601,1.0,0.7301436722499995,7716.836695492268,,,,
all|-1|0|all,all,-1,0,all,3461,2025,bulk,10000,7455,6820,0.8316715542521994,1.0,0.9451028462586705,7716.836695492268,,,,
all|-1|0|all,all,-1,0,all,3461,2018,container,5000,3087,2234,0.6365264100268576,1.0,0.8187319142154326,3820.6789016723633,,,,
all|-1|0|all,all,-1,0,all,3461,2018,container,7000,3087,2234,0.8388540734109221,1.0,0.940601301466088,3820.6789016723633,,,,
all|-1|0|all,all,-1,0,all,3461,2018,container,10000,3087,2234,0.9794091316025068,1.0,0.9954343297401923,3820.6789016723633,,,,
all|-1|0|all,all,-1,0,all,3461,2019,container,5000,3179,2209,0.6355817111815301,1.0,0.8163917257242286,3860.614143371582,,,,
all|-1|0|all,all,-1,0,all,3461,2019,container,7000,3179,2209,0.8415572657311,1.0,0.9354048154714323,3860.614143371582,,,,
all|-1|0|all,all,-1,0,all,3461,2019,container,10000,3179,2209,0.9737437754640109,1.0,0.9926099795472868,3860.614143371582,,,,
all|-1|0|all,all,-1,0,all,3461,2020,container,5000,3213,2212,0.6243218806509946,1.0,0.8182581135476211,3794.2801387738436,,,,
all|-1|0|all,all,-1,0,all,3461,2020,container,7000,3213,2212,0.8250452079566004,1.0,0.934043309041408,3794.2801387738436,,,,
all|-1|0|all,all,-1,0,all,3461,2020,container,10000,3213,2212,0.9665461121157324,1.0,0.9926447462858233,3794.2801387738436,,,,
all|-1|0|all,all,-1,0,all,3461,2021,container,5000,3329,2505,0.5864271457085828,1.0,0.782637515225008,4053.377546310425,,,,
all|-1|0|all,all,-1,0,all,3461,2021,container,7000,3329,2505,0.8111776447105788,1.0,0.9234920813238795,4053.377546310425,,,,
all|-1|0|all,all,-1,0,all,3461,2021,container,10000,3329,2505,0.9584830339321357,1.0,0.9899880728591257,4053.377546310425,,,,
all|-1|0|all,all,-1,0,all,3461,2022,container,5000,3281,2890,0.5875432525951557,1.0,0.7762422490606476,4080.975530385971,,,,
all|-1|0|all,all,-1,0,all,3461,2022,container,7000,3281,2890,0.7823529411764706,1.0,0.9091034585502572,4080.975530385971,,,,
all|-1|0|all,all,-1,0,all,3461,2022,container,10000,3281,2890,0.9491349480968858,1.0,0.9863917837782912,4080.975530385971,,,,
all|-1|0|all,all,-1,0,all,3461,2023,container,5000,3293,2948,0.6190637720488467,1.0,0.8216421431794901,3825.969521522522,,,,
all|-1|0|all,all,-1,0,all,3461,2023,container,7000,3293,2948,0.7913839891451832,1.0,0.9232519011550967,3825.969521522522,,,,
all|-1|0|all,all,-1,0,all,3461,2023,container,10000,3293,2948,0.9382632293080054,1.0,0.9851441077601797,3825.969521522522,,,,
all|-1|0|all,all,-1,0,all,3461,2024,container,5000,3234,2715,0.5878453038674033,1.0,0.7715671630602922,3971.893811225891,,,,
all|-1|0|all,all,-1,0,all,3461,2024,container,7000,3234,2715,0.7388581952117864,1.0,0.8749591107236928,3971.893811225891,,,,
all|-1|0|all,all,-1,0,all,3461,2024,container,10000,3234,2715,0.9193370165745857,1.0,0.9733931959954861,3971.893811225891,,,,
all|-1|0|all,all,-1,0,all,3461,2025,container,5000,3231,2779,0.578265563152213,1.0,0.7673611900057398,4166.2443861961365,,,,
all|-1|0|all,all,-1,0,all,3461,2025,container,7000,3231,2779,0.7182439726520331,1.0,0.8660144920331418,4166.2443861961365,,,,
all|-1|0|all,all,-1,0,all,3461,2025,container,10000,3231,2779,0.9183159409859661,1.0,0.9763457056296502,4166.2443861961365,,,,
all|-1|0|all,all,-1,0,all,3461,2018,gas,5000,939,820,0.4,1.0,0.6350734893826283,6137.54232186079,,,,
all|-1|0|all,all,-1,0,all,3461,2018,gas,7000,939,820,0.5878048780487805,1.0,0.7914196544501102,6137.54232186079,,,,
all|-1|0|all,all,-1,0,all,3461,2018,gas,10000,939,820,0.8573170731707317,1.0,0.9701536490296543,6137.54232186079,,,,
all|-1|0|all,all,-1,0,all,3461,2019,gas,5000,988,874,0.37528604118993136,1.0,0.6359632808727549,6406.389501452446,,,,
all|-1|0|all,all,-1,0,all,3461,2019,gas,7000,988,874,0.5709382151029748,1.0,0.7844616797796569,6406.389501452446,,,,
all|-1|0|all,all,-1,0,all,3461,2019,gas,10000,988,874,0.8558352402745996,1.0,0.9685045657223673,6406.389501452446,,,,
all|-1|0|all,all,-1,0,all,3461,2020,gas,5000,1039,913,0.34611171960569553,1.0,0.6114434247979678,6595.915684700012,,,,
all|-1|0|all,all,-1,0,all,3461,2020,gas,7000,1039,913,0.5323110624315444,1.0,0.7533807797266237,6595.915684700012,,,,
all|-1|0|all,all,-1,0,all,3461,2020,gas,10000,1039,913,0.8116100766703176,1.0,0.9581203998433445,6595.915684700012,,,,
all|-1|0|all,all,-1,0,all,3461,2021,gas,5000,1084,977,0.31218014329580346,1.0,0.5772107859753037,6818.684414863586,,,,
all|-1|0|all,all,-1,0,all,3461,2021,gas,7000,1084,977,0.5015353121801432,1.0,0.742412648876051,6818.684414863586,,,,
all|-1|0|all,all,-1,0,all,3461,2021,gas,10000,1084,977,0.7942681678607983,1.0,0.9520893268739568,6818.684414863586,,,,
all|-1|0|all,all,-1,0,all,3461,2022,gas,5000,1068,991,0.3481331987891019,1.0,0.6509881314221951,6358.070605278015,,,,
all|-1|0|all,all,-1,0,all,3461,2022,gas,7000,1068,991,0.5872855701311807,1.0,0.8131701543951352,6358.070605278015,,,,
all|-1|0|all,all,-1,0,all,3461,2022,gas,10000,1068,991,0.8698284561049445,1.0,0.9701692451739315,6358.070605278015,,,,
all|-1|0|all,all,-1,0,all,3461,2023,gas,5000,1062,993,0.3595166163141994,1.0,0.6145431671170197,6318.4263162612915,,,,
all|-1|0|all,all,-1,0,all,3461,2023,gas,7000,1062,993,0.5830815709969789,1.0,0.8028462773649683,6318.4263162612915,,,,
all|-1|0|all,all,-1,0,all,3461,2023,gas,10000,1062,993,0.8388721047331319,1.0,0.9659010143491878,6318.4263162612915,,,,
all|-1|0|all,all,-1,0,all,3461,2024,gas,5000,1069,951,0.36803364879074657,1.0,0.5525307590724695,6423.57515245676,,,,
all|-1|0|all,all,-1,0,all,3461,2024,gas,7000,1069,951,0.5394321766561514,1.0,0.7057242993203353,6423.57515245676,,,,
all|-1|0|all,all,-1,0,all,3461,2024,gas,10000,1069,951,0.6992639327024185,1.0,0.8965201908605497,6423.57515245676,,,,
all|-1|0|all,all,-1,0,all,3461,2025,gas,5000,1057,951,0.36908517350157727,1.0,0.5761655465948882,6379.352723121643,,,,
all|-1|0|all,all,-1,0,all,3461,2025,gas,7000,1057,951,0.562565720294427,1.0,0.7437493936287318,6379.352723121643,,,,
all|-1|0|all,all,-1,0,all,3461,2025,gas,10000,1057,951,0.750788643533123,1.0,0.9230700305714935,6379.352723121643,,,,
all|-1|0|all,all,-1,0,all,3461,2018,general,5000,2053,1646,0.594775212636695,1.0,0.8335361890622071,4238.883906066418,,,,
all|-1|0|all,all,-1,0,all,3461,2018,general,7000,2053,1646,0.7721749696233293,1.0,0.9206534743875147,4238.883906066418,,,,
all|-1|0|all,all,-1,0,all,3461,2018,general,10000,2053,1646,0.956865127582017,1.0,0.9873370142485889,4238.883906066418,,,,
all|-1|0|all,all,-1,0,all,3461,2019,general,5000,2084,1607,0.5818294959551961,1.0,0.8195156172043035,4242.5102825164795,,,,
all|-1|0|all,all,-1,0,all,3461,2019,general,7000,2084,1607,0.7622899813316739,1.0,0.9140796266123257,4242.5102825164795,,,,
all|-1|0|all,all,-1,0,all,3461,2019,general,10000,2084,1607,0.9520846297448662,1.0,0.9864275334296624,4242.5102825164795,,,,
all|-1|0|all,all,-1,0,all,3461,2020,general,5000,2118,1592,0.5753768844221105,1.0,0.8063444968675012,4341.253607064486,,,,
all|-1|0|all,all,-1,0,all,3461,2020,general,7000,2118,1592,0.7449748743718593,1.0,0.9051556666263618,4341.253607064486,,,,
all|-1|0|all,all,-1,0,all,3461,2020,general,10000,2118,1592,0.9309045226130653,1.0,0.9786903689611234,4341.253607064486,,,,
all|-1|0|all,all,-1,0,all,3461,2021,general,5000,2147,1751,0.5728155339805825,1.0,0.803462246120151,4282.838244765997,,,,
all|-1|0|all,all,-1,0,all,3461,2021,general,7000,2147,1751,0.7709880068532268,1.0,0.9132872670046528,4282.838244765997,,,,
all|-1|0|all,all,-1,0,all,3461,2021,general,10000,2147,1751,0.9377498572244432,1.0,0.9760439779616155,4282.838244765997,,,,
all|-1|0|all,all,-1,0,all,3461,2022,general,5000,2136,1884,0.5923566878980892,1.0,0.7986556017106121,4061.1149413585663,,,,
all|-1|0|all,all,-1,0,all,3461,2022,general,7000,2136,1884,0.7643312101910829,1.0,0.907211922665061,4061.1149413585663,,,,
all|-1|0|all,all,-1,0,all,3461,2022,general,10000,2136,1884,0.9341825902335457,1.0,0.9793654534166619,4061.1149413585663,,,,
all|-1|0|all,all,-1,0,all,3461,2023,general,5000,2114,1849,0.5851811790156841,1.0,0.8074128405828034,4101.719638347626,,,,
all|-1|0|all,all,-1,0,all,3461,2023,general,7000,2114,1849,0.7641968631692807,1.0,0.9098786840812135,4101.719638347626,,,,
all|-1|0|all,all,-1,0,all,3461,2023,general,10000,2114,1849,0.92644672796106,1.0,0.9768370600038937,4101.719638347626,,,,
all|-1|0|all,all,-1,0,all,3461,2024,general,5000,2099,1767,0.590265987549519,1.0,0.7869256095803328,4058.2452389597893,,,,
all|-1|0|all,all,-1,0,all,3461,2024,general,7000,2099,1767,0.745897000565931,1.0,0.8948184578785299,4058.2452389597893,,,,
all|-1|0|all,all,-1,0,all,3461,2024,general,10000,2099,1767,0.9213355970571591,1.0,0.9701822253917322,4058.2452389597893,,,,
all|-1|0|all,all,-1,0,all,3461,2025,general,5000,2085,1769,0.5952515545505935,1.0,0.7965578433796772,4242.510282337666,,,,
all|-1|0|all,all,-1,0,all,3461,2025,general,7000,2085,1769,0.7574901074053138,1.0,0.899017268661755,4242.510282337666,,,,
all|-1|0|all,all,-1,0,all,3461,2025,general,10000,2085,1769,0.9259468626342566,1.0,0.9780865509852856,4242.510282337666,,,,
all|-1|0|all,all,-1,0,all,3461,2018,roro,5000,615,529,0.332703213610586,1.0,0.7661476219296405,6544.263502597809,,,,
all|-1|0|all,all,-1,0,all,3461,2018,roro,7000,615,529,0.553875236294896,1.0,0.9025725610302664,6544.263502597809,,,,
all|-1|0|all,all,-1,0,all,3461,2018,roro,10000,615,529,0.9338374291115312,1.0,0.9913924118377165,6544.263502597809,,,,
all|-1|0|all,all,-1,0,all,3461,2019,roro,5000,620,517,0.31721470019342357,1.0,0.7549284262190472,6910.075616359711,,,,
all|-1|0|all,all,-1,0,all,3461,2019,roro,7000,620,517,0.5203094777562862,1.0,0.8892054412558569,6910.075616359711,,,,
all|-1|0|all,all,-1,0,all,3461,2019,roro,10000,620,517,0.8994197292069632,1.0,0.9870247000060656,6910.075616359711,,,,
all|-1|0|all,all,-1,0,all,3461,2020,roro,5000,637,506,0.3577075098814229,1.0,0.7753067228317274,6246.818514466286,,,,
all|-1|0|all,all,-1,0,all,3461,2020,roro,7000,637,506,0.5612648221343873,1.0,0.8967934339891953,6246.818514466286,,,,
all|-1|0|all,all,-1,0,all,3461,2020,roro,10000,637,506,0.9110671936758893,1.0,0.9860182094503384,6246.818514466286,,,,
all|-1|0|all,all,-1,0,all,3461,2021,roro,5000,654,529,0.31379962192816635,1.0,0.748923305950978,6917.810544490814,,,,
all|-1|0|all,all,-1,0,all,3461,2021,roro,7000,654,529,0.5066162570888468,1.0,0.8863358030585526,6917.810544490814,,,,
all|-1|0|all,all,-1,0,all,3461,2021,roro,10000,654,529,0.9357277882797732,1.0,0.9916361515861936,6917.810544490814,,,,
all|-1|0|all,all,-1,0,all,3461,2022,roro,5000,668,607,0.3163097199341021,1.0,0.7082045268943383,7238.014530658722,,,,
all|-1|0|all,all,-1,0,all,3461,2022,roro,7000,668,607,0.471169686985173,1.0,0.8573030873276448,7238.014530658722,,,,
all|-1|0|all,all,-1,0,all,3461,2022,roro,10000,668,607,0.9060955518945635,1.0,0.9822589471142813,7238.014530658722,,,,
all|-1|0|all,all,-1,0,all,3461,2023,roro,5000,650,601,0.27454242928452577,1.0,0.7038658707247266,7186.98954719305,,,,
all|-1|0|all,all,-1,0,all,3461,2023,roro,7000,650,601,0.47753743760399336,1.0,0.8739411982233107,7186.98954719305,,,,
all|-1|0|all,all,-1,0,all,3461,2023,roro,10000,650,601,0.9500831946755408,1.0,0.994234053226872,7186.98954719305,,,,
all|-1|0|all,all,-1,0,all,3461,2024,roro,5000,642,561,0.27629233511586454,1.0,0.6589635555429545,7822.294020652771,,,,
all|-1|0|all,all,-1,0,all,3461,2024,roro,7000,642,561,0.43672014260249553,1.0,0.8269943263261381,7822.294020652771,,,,
all|-1|0|all,all,-1,0,all,3461,2024,roro,10000,642,561,0.8734402852049911,1.0,0.9777280400384696,7822.294020652771,,,,
all|-1|0|all,all,-1,0,all,3461,2025,roro,5000,646,588,0.28741496598639454,1.0,0.6575693573246909,7822.294020652771,,,,
all|-1|0|all,all,-1,0,all,3461,2025,roro,7000,646,588,0.4217687074829932,1.0,0.8101524942738773,7822.294020652771,,,,
all|-1|0|all,all,-1,0,all,3461,2025,roro,10000,646,588,0.8826530612244898,1.0,0.979162803138833,7822.294020652771,,,,
all|-1|0|all,all,-1,0,all,3461,2018,tanker,5000,4618,3798,0.47051079515534494,1.0,0.7584274444930865,5074.441877007484,,,,
all|-1|0|all,all,-1,0,all,3461,2018,tanker,7000,4618,3798,0.7238020010531859,1.0,0.8911082630805055,5074.441877007484,,,,
all|-1|0|all,all,-1,0,all,3461,2018,tanker,10000,4618,3798,0.9281200631911533,1.0,0.9787317771393792,5074.441877007484,,,,
all|-1|0|all,all,-1,0,all,3461,2019,tanker,5000,4875,3924,0.459480122324159,1.0,0.7462861906646754,5113.099660992622,,,,
all|-1|0|all,all,-1,0,all,3461,2019,tanker,7000,4875,3924,0.7138124362895005,1.0,0.8851100043681979,5113.099660992622,,,,
all|-1|0|all,all,-1,0,all,3461,2019,tanker,10000,4875,3924,0.9268603465851172,1.0,0.9772475941460227,5113.099660992622,,,,
all|-1|0|all,all,-1,0,all,3461,2020,tanker,5000,4919,3944,0.44954361054766734,1.0,0.7426415683712394,5118.79500246048,,,,
all|-1|0|all,all,-1,0,all,3461,2020,tanker,7000,4919,3944,0.6987829614604463,1.0,0.8814644337144095,5118.79500246048,,,,
all|-1|0|all,all,-1,0,all,3461,2020,tanker,10000,4919,3944,0.920131845841785,1.0,0.9752446982521248,5118.79500246048,,,,
all|-1|0|all,all,-1,0,all,3461,2021,tanker,5000,4987,4085,0.47784577723378213,1.0,0.7515781107047727,5051.5996816158295,,,,
all|-1|0|all,all,-1,0,all,3461,2021,tanker,7000,4987,4085,0.7155446756425948,1.0,0.8810615598897947,5051.5996816158295,,,,
all|-1|0|all,all,-1,0,all,3461,2021,tanker,10000,4987,4085,0.9326805385556916,1.0,0.9778044262912572,5051.5996816158295,,,,
all|-1|0|all,all,-1,0,all,3461,2022,tanker,5000,4893,4229,0.4868763301016789,1.0,0.7706401269100905,5015.230248451233,,,,
all|-1|0|all,all,-1,0,all,3461,2022,tanker,7000,4893,4229,0.7377630645542681,1.0,0.9047884544383872,5015.230248451233,,,,
all|-1|0|all,all,-1,0,all,3461,2022,tanker,10000,4893,4229,0.9486876330101679,1.0,0.9826733128233114,5015.230248451233,,,,
all|-1|0|all,all,-1,0,all,3461,2023,tanker,5000,4791,4262,0.4969497888315345,1.0,0.7767546134114958,5009.600793361664,,,,
all|-1|0|all,all,-1,0,all,3461,2023,tanker,7000,4791,4262,0.7550445800093852,1.0,0.9116215066499872,5009.600793361664,,,,
all|-1|0|all,all,-1,0,all,3461,2023,tanker,10000,4791,4262,0.9460347254809949,1.0,0.9822225855233593,5009.600793361664,,,,
all|-1|0|all,all,-1,0,all,3461,2024,tanker,5000,4777,4087,0.4930266699290433,1.0,0.7429513347259047,5009.600793600082,,,,
all|-1|0|all,all,-1,0,all,3461,2024,tanker,7000,4777,4087,0.7186200146806949,1.0,0.8860912621906993,5009.600793600082,,,,
all|-1|0|all,all,-1,0,all,3461,2024,tanker,10000,4777,4087,0.9334475165157817,1.0,0.9760290201514902,5009.600793600082,,,,
all|-1|0|all,all,-1,0,all,3461,2025,tanker,5000,4763,4099,0.4962185898999756,1.0,0.7358912968808098,5009.600793361664,,,,
all|-1|0|all,all,-1,0,all,3461,2025,tanker,7000,4763,4099,0.7165162234691388,1.0,0.8823053849267891,5009.600793361664,,,,
all|-1|0|all,all,-1,0,all,3461,2025,tanker,10000,4763,4099,0.936569895096365,1.0,0.9792746566881106,5009.600793361664,,,,
