set_key,method,train_year,sel_range_nm,groups,n_ports,eval_year,vessel_group,range_nm,n_active,n_full,feasible_share,touch_share,covered_share,median_req_lb,feasible_share_w,touch_share_w,covered_share_w,w_full
external:yap4|-1|0|all,external:yap4,-1,0,all,5,2018,all,5000,18359,15321,0.025128908034723584,0.5941518177664643,0.026736829938620466,53657.81670284271,,,,
external:yap4|-1|0|all,external:yap4,-1,0,all,5,2018,all,7000,18359,15321,0.03433196266562235,0.5941518177664643,0.03773607035038043,53657.81670284271,,,,
external:yap4|-1|0|all,external:yap4,-1,0,all,5,2018,all,10000,18359,15321,0.04953984726845506,0.5941518177664643,0.0571642934703717,53657.81670284271,,,,
external:yap4|-1|0|all,external:yap4,-1,0,all,5,2019,all,5000,19082,15502,0.01967488066055993,0.5875370919881305,0.026612843033392883,69031.0687828064,,,,
external:yap4|-1|0|all,external:yap4,-1,0,all,5,2019,all,7000,19082,15502,0.027609340730228357,0.5875370919881305,0.039518014045653665,69031.0687828064,,,,
external:yap4|-1|0|all,external:yap4,-1,0,all,5,2019,all,10000,19082,15502,0.040897948651786864,0.5875370919881305,0.05999793964469437,69031.0687828064,,,,
external:yap4|-1|0|all,external:yap4,-1,0,all,5,2020,all,5000,19477,15740,0.01804320203303685,0.5978398983481575,0.025177687303757336,74273.04228973389,,,,
external:yap4|-1|0|all,external:yap4,-1,0,all,5,2020,all,7000,19477,15740,0.024841168996188056,0.5978398983481575,0.03622936199642574,74273.04228973389,,,,
external:yap4|-1|0|all,external:yap4,-1,0,all,5,2020,all,10000,19477,15740,0.036149936467598474,0.5978398983481575,0.05605602978557374,74273.04228973389,,,,
external:yap4|-1|0|all,external:yap4,-1,0,all,5,2021,all,5000,19938,16620,0.015282791817087846,0.5855595667870036,0.023000052315152862,77031.72780704498,,,,
external:yap4|-1|0|all,external:yap4,-1,0,all,5,2021,all,7000,19938,16620,0.02111913357400722,0.5855595667870036,0.0343413060907265,77031.72780704498,,,,
external:yap4|-1|0|all,external:yap4,-1,0,all,5,2021,all,10000,19938,16620,0.0322503008423586,0.5855595667870036,0.054983598546776154,77031.72780704498,,,,
external:yap4|-1|0|all,external:yap4,-1,0,all,5,2022,all,5000,19678,17691,0.01475326437171443,0.5848171386580747,0.026389190050189516,76281.31154584885,,,,
external:yap4|-1|0|all,external:yap4,-1,0,all,5,2022,all,7000,19678,17691,0.02114069300774405,0.5848171386580747,0.039364935074916,76281.31154584885,,,,
external:yap4|-1|0|all,external:yap4,-1,0,all,5,2022,all,10000,19678,17691,0.03380249844553728,0.5848171386580747,0.05962164550266617,76281.31154584885,,,,
external:yap4|-1|0|all,external:yap4,-1,0,all,5,2023,all,5000,19387,17714,0.015806706559783223,0.5908321101953258,0.02892972098938117,74250.77946901321,,,,
external:yap4|-1|0|all,external:yap4,-1,0,all,5,2023,all,7000,19387,17714,0.022919724511685672,0.5908321101953258,0.04238797710907461,74250.77946901321,,,,
external:yap4|-1|0|all,external:yap4,-1,0,all,5,2023,all,10000,19387,17714,0.03516992209551767,0.5908321101953258,0.06399767313056634,74250.77946901321,,,,
external:yap4|-1|0|all,external:yap4,-1,0,all,5,2024,all,5000,19307,16746,0.01642183207930252,0.5747044070225725,0.027792726394288803,71662.25714331865,,,,
external:yap4|-1|0|all,external:yap4,-1,0,all,5,2024,all,7000,19307,16746,0.024364027230383375,0.5747044070225725,0.04113849692875766,71662.25714331865,,,,
external:yap4|-1|0|all,external:yap4,-1,0,all,5,2024,all,10000,19307,16746,0.03720291412874716,0.5747044070225725,0.06181485888113584,71662.25714331865,,,,
external:yap4|-1|0|all,external:yap4,-1,0,all,5,2025,all,5000,19237,17006,0.017523227096318945,0.5730918499353169,0.026510132638878404,61009.99055862427,,,,
external:yap4|-1|0|all,external:yap4,-1,0,all,5,2025,all,7000,19237,17006,0.024755968481712336,0.5730918499353169,0.03938834272068602,61009.99055862427,,,,
external:yap4|-1|0|all,external:yap4,-1,0,all,5,2025,all,10000,19237,17006,0.036986945783841,0.5730918499353169,0.061286341096283635,61009.99055862427,,,,
external:yap4|-1|0|all,external:yap4,-1,0,all,5,2018,bulk,5000,7047,6294,0.01986018430251033,0.6628535112805847,0.020430905763826317,52470.10189270973,,,,
external:yap4|-1|0|all,external:yap4,-1,0,all,5,2018,bulk,7000,7047,6294,0.027486495074674294,0.6628535112805847,0.029925430184406195,52470.10189270973,,,,
external:yap4|-1|0|all,external:yap4,-1,0,all,5,2018,bulk,10000,7047,6294,0.039243724181760406,0.6628535112805847,0.04131486543453353,52470.10189270973,,,,
external:yap4|-1|0|all,external:yap4,-1,0,all,5,2019,bulk,5000,7336,6371,0.016167006749332916,0.661120703186313,0.01941185333121025,66172.07782030106,,,,
external:yap4|-1|0|all,external:yap4,-1,0,all,5,2019,bulk,7000,7336,6371,0.02134672735834249,0.661120703186313,0.029878469337388008,66172.07782030106,,,,
external:yap4|-1|0|all,external:yap4,-1,0,all,5,2019,bulk,10000,7336,6371,0.03107832365405745,0.661120703186313,0.04378578412429102,66172.07782030106,,,,
external:yap4|-1|0|all,external:yap4,-1,0,all,5,2020,bulk,5000,7551,6573,0.014453065571276433,0.6683401795222882,0.01732529377809019,70161.63877487183,,,,
external:yap4|-1|0|all,external:yap4,-1,0,all,5,2020,bulk,7000,7551,6573,0.019169329073482427,0.6683401795222882,0.026205656113064302,70161.63877487183,,,,
external:yap4|-1|0|all,external:yap4,-1,0,all,5,2020,bulk,10000,7551,6573,0.02571124296363913,0.6683401795222882,0.038738492918212006,70161.63877487183,,,,
external:yap4|-1|0|all,external:yap4,-1,0,all,5,2021,bulk,5000,7737,6773,0.009744574043998228,0.6434371770264284,0.012975368444941406,73446.61130833626,,,,
external:yap4|-1|0|all,external:yap4,-1,0,all,5,2021,bulk,7000,7737,6773,0.012106895024361436,0.6434371770264284,0.021949863722770815,73446.61130833626,,,,
external:yap4|-1|0|all,external:yap4,-1,0,all,5,2021,bulk,10000,7737,6773,0.018603277720360255,0.6434371770264284,0.03339440335216779,73446.61130833626,,,,
external:yap4|-1|0|all,external:yap4,-1,0,all,5,2022,bulk,5000,7632,7090,0.011706629055007052,0.6328631875881523,0.016475247088182633,71819.61214905977,,,,
external:yap4|-1|0|all,external:yap4,-1,0,all,5,2022,bulk,7000,7632,7090,0.015796897038081806,0.6328631875881523,0.02599793287566632,71819.61214905977,,,,
external:yap4|-1|0|all,external:yap4,-1,0,all,5,2022,bulk,10000,7632,7090,0.024118476727785613,0.6328631875881523,0.03739371647155656,71819.61214905977,,,,
external:yap4|-1|0|all,external:yap4,-1,0,all,5,2023,bulk,5000,7477,7061,0.014728791955813624,0.6657697210026908,0.018954023985501868,67656.1110496521,,,,
external:yap4|-1|0|all,external:yap4,-1,0,all,5,2023,bulk,7000,7477,7061,0.020535334938393997,0.6657697210026908,0.030042356647296053,67656.1110496521,,,,
external:yap4|-1|0|all,external:yap4,-1,0,all,5,2023,bulk,10000,7477,7061,0.028607845914176463,0.6657697210026908,0.04434195663910082,67656.1110496521,,,,
external:yap4|-1|0|all,external:yap4,-1,0,all,5,2024,bulk,5000,7486,6665,0.011552888222055514,0.653563390847712,0.017476343667298486,64669.22477245331,,,,
external:yap4|-1|0|all,external:yap4,-1,0,all,5,2024,bulk,7000,7486,6665,0.01665416354088522,0.653563390847712,0.02760593362072024,64669.22477245331,,,,
external:yap4|-1|0|all,external:yap4,-1,0,all,5,2024,bulk,10000,7486,6665,0.02565641410352588,0.653563390847712,0.04172286300568896,64669.22477245331,,,,
external:yap4|-1|0|all,external:yap4,-1,0,all,5,2025,bulk,5000,7455,6820,0.011143695014662757,0.6595307917888563,0.015229083855260213,56354.22538518906,,,,
external:yap4|-1|0|all,external:yap4,-1,0,all,5,2025,bulk,7000,7455,6820,0.015249266862170088,0.6595307917888563,0.024934032298243335,56354.22538518906,,,,
external:yap4|-1|0|all,external:yap4,-1,0,all,5,2025,bulk,10000,7455,6820,0.022434017595307918,0.6595307917888563,0.03878000393561822,56354.22538518906,,,,
external:yap4|-1|0|all,external:yap4,-1,0,all,5,2018,container,5000,3087,2234,0.03581020590868397,0.622202327663384,0.05331953322172601,40837.73792159557,,,,
external:yap4|-1|0|all,external:yap4,-1,0,all,5,2018,container,7000,3087,2234,0.05416293643688451,0.622202327663384,0.07272980018783369,40837.73792159557,,,,
external:yap4|-1|0|all,external:yap4,-1,0,all,5,2018,container,10000,3087,2234,0.07609668755595345,0.622202327663384,0.11027722173180846,40837.73792159557,,,,
external:yap4|-1|0|all,external:yap4,-1,0,all,5,2019,container,5000,3179,2209,0.03485740153915799,0.6057039384336804,0.05347670136397134,59865.43011331558,,,,
external:yap4|-1|0|all,external:yap4,-1,0,all,5,2019,container,7000,3179,2209,0.05070167496604799,0.6057039384336804,0.07898380458499879,59865.43011331558,,,,
external:yap4|-1|0|all,external:yap4,-1,0,all,5,2019,container,10000,3179,2209,0.0724309642372114,0.6057039384336804,0.11393205016461834,59865.43011331558,,,,
external:yap4|-1|0|all,external:yap4,-1,0,all,5,2020,container,5000,3213,2212,0.03074141048824593,0.6130198915009042,0.05520263894602104,69425.87957134843,,,,
external:yap4|-1|0|all,external:yap4,-1,0,all,5,2020,container,7000,3213,2212,0.045660036166365284,0.6130198915009042,0.07528405384277452,69425.87957134843,,,,
external:yap4|-1|0|all,external:yap4,-1,0,all,5,2020,container,10000,3213,2212,0.07097649186256781,0.6130198915009042,0.112960702375068,69425.87957134843,,,,
external:yap4|-1|0|all,external:yap4,-1,0,all,5,2021,container,5000,3329,2505,0.026746506986027943,0.6355289421157685,0.05109375945379906,64661.44174480438,,,,
external:yap4|-1|0|all,external:yap4,-1,0,all,5,2021,container,7000,3329,2505,0.038722554890219564,0.6355289421157685,0.07177827761925787,64661.44174480438,,,,
external:yap4|-1|0|all,external:yap4,-1,0,all,5,2021,container,10000,3329,2505,0.06387225548902195,0.6355289421157685,0.11180299967770059,64661.44174480438,,,,
external:yap4|-1|0|all,external:yap4,-1,0,all,5,2022,container,5000,3281,2890,0.02387543252595156,0.6657439446366782,0.05591794569393793,64220.3295275867,,,,
external:yap4|-1|0|all,external:yap4,-1,0,all,5,2022,container,7000,3281,2890,0.03529411764705882,0.6657439446366782,0.08021576169864889,64220.3295275867,,,,
external:yap4|-1|0|all,external:yap4,-1,0,all,5,2022,container,10000,3281,2890,0.056055363321799306,0.6657439446366782,0.11635168569880623,64220.3295275867,,,,
external:yap4|-1|0|all,external:yap4,-1,0,all,5,2023,container,5000,3293,2948,0.025780189959294438,0.6448439620081411,0.06198554230074389,67554.91550970078,,,,
external:yap4|-1|0|all,external:yap4,-1,0,all,5,2023,container,7000,3293,2948,0.03867028493894165,0.6448439620081411,0.08697718684250987,67554.91550970078,,,,
external:yap4|-1|0|all,external:yap4,-1,0,all,5,2023,container,10000,3293,2948,0.06173677069199457,0.6448439620081411,0.12658823058766852,67554.91550970078,,,,
external:yap4|-1|0|all,external:yap4,-1,0,all,5,2024,container,5000,3234,2715,0.03130755064456722,0.6232044198895028,0.06039117550947466,66878.98430728912,,,,
external:yap4|-1|0|all,external:yap4,-1,0,all,5,2024,container,7000,3234,2715,0.04383057090239411,0.6232044198895028,0.08592944200412612,66878.98430728912,,,,
external:yap4|-1|0|all,external:yap4,-1,0,all,5,2024,container,10000,3234,2715,0.06372007366482504,0.6232044198895028,0.12475382041805214,66878.98430728912,,,,
external:yap4|-1|0|all,external:yap4,-1,0,all,5,2025,container,5000,3231,2779,0.02195034184958618,0.6358402302986685,0.06077651753137827,57316.81828165054,,,,
external:yap4|-1|0|all,external:yap4,-1,0,all,5,2025,container,7000,3231,2779,0.034184958618207986,0.6358402302986685,0.08544597976616161,57316.81828165054,,,,
external:yap4|-1|0|all,external:yap4,-1,0,all,5,2025,container,10000,3231,2779,0.056854983807124865,0.6358402302986685,0.12896998634736567,57316.81828165054,,,,
external:yap4|-1|0|all,external:yap4,-1,0,all,5,2018,gas,5000,939,820,0.018292682926829267,0.2890243902439024,0.017201881863515164,146958.73622989655,,,,
external:yap4|-1|0|all,external:yap4,-1,0,all,5,2018,gas,7000,939,820,0.025609756097560974,0.2890243902439024,0.02057434284605335,146958.73622989655,,,,
external:yap4|-1|0|all,external:yap4,-1,0,all,5,2018,gas,10000,939,820,0.03780487804878049,0.2890243902439024,0.026747316207782323,146958.73622989655,,,,
external:yap4|-1|0|all,external:yap4,-1,0,all,5,2019,gas,5000,988,874,0.014874141876430207,0.30434782608695654,0.014690749160502701,207433.25909280777,,,,
external:yap4|-1|0|all,external:yap4,-1,0,all,5,2019,gas,7000,988,874,0.021739130434782608,0.30434782608695654,0.019534987637728086,207433.25909280777,,,,
external:yap4|-1|0|all,external:yap4,-1,0,all,5,2019,gas,10000,988,874,0.030892448512585814,0.30434782608695654,0.025203715706580962,207433.25909280777,,,,
external:yap4|-1|0|all,external:yap4,-1,0,all,5,2020,gas,5000,1039,913,0.012048192771084338,0.2836801752464403,0.009928945902198465,241354.9224834442,,,,
external:yap4|-1|0|all,external:yap4,-1,0,all,5,2020,gas,7000,1039,913,0.014238773274917854,0.2836801752464403,0.01450947887011537,241354.9224834442,,,,
external:yap4|-1|0|all,external:yap4,-1,0,all,5,2020,gas,10000,1039,913,0.025191675794085433,0.2836801752464403,0.018750571098187726,241354.9224834442,,,,
external:yap4|-1|0|all,external:yap4,-1,0,all,5,2021,gas,5000,1084,977,0.011258955987717503,0.27226202661207777,0.011016919277120046,280309.76261615753,,,,
external:yap4|-1|0|all,external:yap4,-1,0,all,5,2021,gas,7000,1084,977,0.014329580348004094,0.27226202661207777,0.014679412208178979,280309.76261615753,,,,
external:yap4|-1|0|all,external:yap4,-1,0,all,5,2021,gas,10000,1084,977,0.021494370522006142,0.27226202661207777,0.018425017288814526,280309.76261615753,,,,
external:yap4|-1|0|all,external:yap4,-1,0,all,5,2022,gas,5000,1068,991,0.009081735620585268,0.289606458123108,0.010684635277917142,284153.21389484406,,,,
external:yap4|-1|0|all,external:yap4,-1,0,all,5,2022,gas,7000,1068,991,0.012108980827447022,0.289606458123108,0.015285919462779142,284153.21389484406,,,,
external:yap4|-1|0|all,external:yap4,-1,0,all,5,2022,gas,10000,1068,991,0.020181634712411706,0.289606458123108,0.01930024668136629,284153.21389484406,,,,
external:yap4|-1|0|all,external:yap4,-1,0,all,5,2023,gas,5000,1062,993,0.008056394763343404,0.24874118831822759,0.00821240761021965,281738.54329299927,,,,
external:yap4|-1|0|all,external:yap4,-1,0,all,5,2023,gas,7000,1062,993,0.011077542799597181,0.24874118831822759,0.011992708513064108,281738.54329299927,,,,
external:yap4|-1|0|all,external:yap4,-1,0,all,5,2023,gas,10000,1062,993,0.014098690835850957,0.24874118831822759,0.01664763866329619,281738.54329299927,,,,
external:yap4|-1|0|all,external:yap4,-1,0,all,5,2024,gas,5000,1069,951,0.011566771819137749,0.21661409043112514,0.008709247284924827,253566.01905155182,,,,
external:yap4|-1|0|all,external:yap4,-1,0,all,5,2024,gas,7000,1069,951,0.016824395373291272,0.21661409043112514,0.012020896857977189,253566.01905155182,,,,
external:yap4|-1|0|all,external:yap4,-1,0,all,5,2024,gas,10000,1069,951,0.02103049421661409,0.21661409043112514,0.015378404441268267,253566.01905155182,,,,
external:yap4|-1|0|all,external:yap4,-1,0,all,5,2025,gas,5000,1057,951,0.01892744479495268,0.2334384858044164,0.007702694850889383,206095.08907222748,,,,
external:yap4|-1|0|all,external:yap4,-1,0,all,5,2025,gas,7000,1057,951,0.027339642481598318,0.2334384858044164,0.011514245185136128,206095.08907222748,,,,
external:yap4|-1|0|all,external:yap4,-1,0,all,5,2025,gas,10000,1057,951,0.031545741324921134,0.2334384858044164,0.015782896780319293,206095.08907222748,,,,
external:yap4|-1|0|all,external:yap4,-1,0,all,5,2018,general,5000,2053,1646,0.0212636695018226,0.5795868772782503,0.02583383526379409,47854.35378241539,,,,
external:yap4|-1|0|all,external:yap4,-1,0,all,5,2018,general,7000,2053,1646,0.026731470230862697,0.5795868772782503,0.0369293582562393,47854.35378241539,,,,
external:yap4|-1|0|all,external:yap4,-1,0,all,5,2018,general,10000,2053,1646,0.05224787363304982,0.5795868772782503,0.058729856062037726,47854.35378241539,,,,
external:yap4|-1|0|all,external:yap4,-1,0,all,5,2019,general,5000,2084,1607,0.016179215930304917,0.5420037336652147,0.022414557982003185,64308.24424982071,,,,
external:yap4|-1|0|all,external:yap4,-1,0,all,5,2019,general,7000,2084,1607,0.021157436216552583,0.5420037336652147,0.03097083088397583,64308.24424982071,,,,
external:yap4|-1|0|all,external:yap4,-1,0,all,5,2019,general,10000,2084,1607,0.03360298693217175,0.5420037336652147,0.052382483277603156,64308.24424982071,,,,
external:yap4|-1|0|all,external:yap4,-1,0,all,5,2020,general,5000,2118,1592,0.019472361809045227,0.5590452261306532,0.020679857373494228,69097.2649307251,,,,
external:yap4|-1|0|all,external:yap4,-1,0,all,5,2020,general,7000,2118,1592,0.022613065326633167,0.5590452261306532,0.029176045849189276,69097.2649307251,,,,
external:yap4|-1|0|all,external:yap4,-1,0,all,5,2020,general,10000,2118,1592,0.031407035175879394,0.5590452261306532,0.0468659798051426,69097.2649307251,,,,
external:yap4|-1|0|all,external:yap4,-1,0,all,5,2021,general,5000,2147,1751,0.011422044545973729,0.5705311250713878,0.020470905847481548,68832.99191525578,,,,
external:yap4|-1|0|all,external:yap4,-1,0,all,5,2021,general,7000,2147,1751,0.01599086236436322,0.5705311250713878,0.030294368740051817,68832.99191525578,,,,
external:yap4|-1|0|all,external:yap4,-1,0,all,5,2021,general,10000,2147,1751,0.023986293546544833,0.5705311250713878,0.051383539973765845,68832.99191525578,,,,
external:yap4|-1|0|all,external:yap4,-1,0,all,5,2022,general,5000,2136,1884,0.01167728237791932,0.5573248407643312,0.020245967888522093,66647.5671467185,,,,
external:yap4|-1|0|all,external:yap4,-1,0,all,5,2022,general,7000,2136,1884,0.018046709129511677,0.5573248407643312,0.03145263464135008,66647.5671467185,,,,
external:yap4|-1|0|all,external:yap4,-1,0,all,5,2022,general,10000,2136,1884,0.02813163481953291,0.5573248407643312,0.054378148763678004,66647.5671467185,,,,
external:yap4|-1|0|all,external:yap4,-1,0,all,5,2023,general,5000,2114,1849,0.01838831800973499,0.5592212006489995,0.027323014663297285,66566.43181228638,,,,
external:yap4|-1|0|all,external:yap4,-1,0,all,5,2023,general,7000,2114,1849,0.02055164954029205,0.5592212006489995,0.040410096556729884,66566.43181228638,,,,
external:yap4|-1|0|all,external:yap4,-1,0,all,5,2023,general,10000,2114,1849,0.03299080584099513,0.5592212006489995,0.06649381441638834,66566.43181228638,,,,
external:yap4|-1|0|all,external:yap4,-1,0,all,5,2024,general,5000,2099,1767,0.013582342954159592,0.5365025466893039,0.026089432074241425,63319.68444311619,,,,
external:yap4|-1|0|all,external:yap4,-1,0,all,5,2024,general,7000,2099,1767,0.019241652518392757,0.5365025466893039,0.04013886691613145,63319.68444311619,,,,
external:yap4|-1|0|all,external:yap4,-1,0,all,5,2024,general,10000,2099,1767,0.03338992642897567,0.5365025466893039,0.06313544940296015,63319.68444311619,,,,
external:yap4|-1|0|all,external:yap4,-1,0,all,5,2025,general,5000,2085,1769,0.013001695873374788,0.539287733182589,0.025473684887654845,53254.01281738281,,,,
external:yap4|-1|0|all,external:yap4,-1,0,all,5,2025,general,7000,2085,1769,0.017524024872809497,0.539287733182589,0.037358372588841324,53254.01281738281,,,,
external:yap4|-1|0|all,external:yap4,-1,0,all,5,2025,general,10000,2085,1769,0.03335217637083098,0.539287733182589,0.06423828648880331,53254.01281738281,,,,
external:yap4|-1|0|all,external:yap4,-1,0,all,5,2018,roro,5000,615,529,0.013232514177693762,0.7334593572778828,0.02034751458588084,59463.42357087135,,,,
external:yap4|-1|0|all,external:yap4,-1,0,all,5,2018,roro,7000,615,529,0.017013232514177693,0.7334593572778828,0.029469510691810676,59463.42357087135,,,,
external:yap4|-1|0|all,external:yap4,-1,0,all,5,2018,roro,10000,615,529,0.02835538752362949,0.7334593572778828,0.06657979385611236,59463.42357087135,,,,
external:yap4|-1|0|all,external:yap4,-1,0,all,5,2019,roro,5000,620,517,0.009671179883945842,0.7640232108317214,0.022817340298194915,67655.97913706303,,,,
external:yap4|-1|0|all,external:yap4,-1,0,all,5,2019,roro,7000,620,517,0.015473887814313346,0.7640232108317214,0.036249368369336524,67655.97913706303,,,,
external:yap4|-1|0|all,external:yap4,-1,0,all,5,2019,roro,10000,620,517,0.03868471953578337,0.7640232108317214,0.07752814102262408,67655.97913706303,,,,
external:yap4|-1|0|all,external:yap4,-1,0,all,5,2020,roro,5000,637,506,0.015810276679841896,0.7450592885375494,0.027328363525848335,61153.74261689186,,,,
external:yap4|-1|0|all,external:yap4,-1,0,all,5,2020,roro,7000,637,506,0.023715415019762844,0.7450592885375494,0.036857303657609246,61153.74261689186,,,,
external:yap4|-1|0|all,external:yap4,-1,0,all,5,2020,roro,10000,637,506,0.041501976284584984,0.7450592885375494,0.07649707232380071,61153.74261689186,,,,
external:yap4|-1|0|all,external:yap4,-1,0,all,5,2021,roro,5000,654,529,0.005671077504725898,0.776937618147448,0.024203493471015344,67044.90615332127,,,,
external:yap4|-1|0|all,external:yap4,-1,0,all,5,2021,roro,7000,654,529,0.01890359168241966,0.776937618147448,0.03525965749955752,67044.90615332127,,,,
external:yap4|-1|0|all,external:yap4,-1,0,all,5,2021,roro,10000,654,529,0.03213610586011342,0.776937618147448,0.07114814733438618,67044.90615332127,,,,
external:yap4|-1|0|all,external:yap4,-1,0,all,5,2022,roro,5000,668,607,0.0032948929159802307,0.7528830313014827,0.019918765836770713,69546.41737914085,,,,
external:yap4|-1|0|all,external:yap4,-1,0,all,5,2022,roro,7000,668,607,0.006589785831960461,0.7528830313014827,0.02790530843070075,69546.41737914085,,,,
external:yap4|-1|0|all,external:yap4,-1,0,all,5,2022,roro,10000,668,607,0.026359143327841845,0.7528830313014827,0.069043456676409,69546.41737914085,,,,
external:yap4|-1|0|all,external:yap4,-1,0,all,5,2023,roro,5000,650,601,0.0033277870216306157,0.757071547420965,0.016593230413888,71018.41932678223,,,,
external:yap4|-1|0|all,external:yap4,-1,0,all,5,2023,roro,7000,650,601,0.004991680532445923,0.757071547420965,0.023599700780511334,71018.41932678223,,,,
external:yap4|-1|0|all,external:yap4,-1,0,all,5,2023,roro,10000,650,601,0.014975041597337771,0.757071547420965,0.05004641396332488,71018.41932678223,,,,
external:yap4|-1|0|all,external:yap4,-1,0,all,5,2024,roro,5000,642,561,0.0,0.7450980392156863,0.01760680679621096,72370.77019691467,,,,
external:yap4|-1|0|all,external:yap4,-1,0,all,5,2024,roro,7000,642,561,0.0071301247771836,0.7450980392156863,0.02573872540950977,72370.77019691467,,,,
external:yap4|-1|0|all,external:yap4,-1,0,all,5,2024,roro,10000,642,561,0.0196078431372549,0.7450980392156863,0.05104251807799015,72370.77019691467,,,,
external:yap4|-1|0|all,external:yap4,-1,0,all,5,2025,roro,5000,646,588,0.006802721088435374,0.7585034013605442,0.018087370746317784,66407.17778611183,,,,
external:yap4|-1|0|all,external:yap4,-1,0,all,5,2025,roro,7000,646,588,0.011904761904761904,0.7585034013605442,0.026847253637639047,66407.17778611183,,,,
external:yap4|-1|0|all,external:yap4,-1,0,all,5,2025,roro,10000,646,588,0.027210884353741496,0.7585034013605442,0.05194994572395034,66407.17778611183,,,,
external:yap4|-1|0|all,external:yap4,-1,0,all,5,2018,tanker,5000,4618,3798,0.03238546603475513,0.5165876777251185,0.017822608165662435,54759.08794951439,,,,
external:yap4|-1|0|all,external:yap4,-1,0,all,5,2018,tanker,7000,4618,3798,0.04160084254870985,0.5165876777251185,0.026361297096887892,54759.08794951439,,,,
external:yap4|-1|0|all,external:yap4,-1,0,all,5,2018,tanker,10000,4618,3798,0.05529225908372828,0.5165876777251185,0.041613667929816564,54759.08794951439,,,,
external:yap4|-1|0|all,external:yap4,-1,0,all,5,2019,tanker,5000,4875,3924,0.020642201834862386,0.5163098878695209,0.022156362690043924,68401.533700943,,,,
external:yap4|-1|0|all,external:yap4,-1,0,all,5,2019,tanker,7000,4875,3924,0.030326197757390417,0.5163098878695209,0.032529031096558914,68401.533700943,,,,
external:yap4|-1|0|all,external:yap4,-1,0,all,5,2019,tanker,10000,4875,3924,0.0445973496432212,0.5163098878695209,0.05122224033762933,68401.533700943,,,,
external:yap4|-1|0|all,external:yap4,-1,0,all,5,2020,tanker,5000,4919,3944,0.018002028397565924,0.5413286004056795,0.020540080591238335,73823.90448379517,,,,
external:yap4|-1|0|all,external:yap4,-1,0,all,5,2020,tanker,7000,4919,3944,0.026115618661257608,0.5413286004056795,0.03143737272622234,73823.90448379517,,,,
external:yap4|-1|0|all,external:yap4,-1,0,all,5,2020,tanker,10000,4919,3944,0.0377789046653144,0.5413286004056795,0.051826415533346125,73823.90448379517,,,,
external:yap4|-1|0|all,external:yap4,-1,0,all,5,2021,tanker,5000,4987,4085,0.021297429620563035,0.5155446756425949,0.02052300080980034,77996.38920116425,,,,
external:yap4|-1|0|all,external:yap4,-1,0,all,5,2021,tanker,7000,4987,4085,0.02937576499388005,0.5155446756425949,0.03116506983810607,77996.38920116425,,,,
external:yap4|-1|0|all,external:yap4,-1,0,all,5,2021,tanker,10000,4987,4085,0.0416156670746634,0.5155446756425949,0.0534074294134794,77996.38920116425,,,,
external:yap4|-1|0|all,external:yap4,-1,0,all,5,2022,tanker,5000,4893,4229,0.017971151572475762,0.5062662567982975,0.022770453778723162,80726.09500789642,,,,
external:yap4|-1|0|all,external:yap4,-1,0,all,5,2022,tanker,7000,4893,4229,0.026010877275951763,0.5062662567982975,0.03501161894803741,80726.09500789642,,,,
external:yap4|-1|0|all,external:yap4,-1,0,all,5,2022,tanker,10000,4893,4229,0.04161740364152282,0.5062662567982975,0.053610450670676144,80726.09500789642,,,,
external:yap4|-1|0|all,external:yap4,-1,0,all,5,2023,tanker,5000,4791,4262,0.01313937118723604,0.4992961051149695,0.023115626612514793,80285.65131998062,,,,
external:yap4|-1|0|all,external:yap4,-1,0,all,5,2023,tanker,7000,4791,4262,0.022290004692632568,0.4992961051149695,0.03394374001306108,80285.65131998062,,,,
external:yap4|-1|0|all,external:yap4,-1,0,all,5,2023,tanker,10000,4791,4262,0.036367902393242606,0.4992961051149695,0.05258393210226683,80285.65131998062,,,,
external:yap4|-1|0|all,external:yap4,-1,0,all,5,2024,tanker,5000,4777,4087,0.019084903352091998,0.49033520919990214,0.02305447939234146,79255.36348247528,,,,
external:yap4|-1|0|all,external:yap4,-1,0,all,5,2024,tanker,7000,4777,4087,0.030340102764864204,0.49033520919990214,0.034304237191881956,79255.36348247528,,,,
external:yap4|-1|0|all,external:yap4,-1,0,all,5,2024,tanker,10000,4777,4087,0.046244188891607536,0.49033520919990214,0.052172507795729295,79255.36348247528,,,,
external:yap4|-1|0|all,external:yap4,-1,0,all,5,2025,tanker,5000,4763,4099,0.028299585264698706,0.4535252500609905,0.020898288308887583,66629.2611207962,,,,
external:yap4|-1|0|all,external:yap4,-1,0,all,5,2025,tanker,7000,4763,4099,0.03854598682605514,0.4535252500609905,0.032068623838996106,66629.2611207962,,,,
external:yap4|-1|0|all,external:yap4,-1,0,all,5,2025,tanker,10000,4763,4099,0.051963893632593315,0.4535252500609905,0.04947063073485259,66629.2611207962,,,,
external:yap8|-1|0|all,external:yap8,-1,0,all,10,2018,all,5000,18359,15321,0.03420142288362379,0.6884015403694276,0.04513907286320957,44317.670078754425,,,,
external:yap8|-1|0|all,external:yap8,-1,0,all,10,2018,all,7000,18359,15321,0.04712486130148163,0.6884015403694276,0.06563800322367452,44317.670078754425,,,,
external:yap8|-1|0|all,external:yap8,-1,0,all,10,2018,all,10000,18359,15321,0.0700998629332289,0.6884015403694276,0.09795846676334613,44317.670078754425,,,,
external:yap8|-1|0|all,external:yap8,-1,0,all,10,2019,all,5000,19082,15502,0.02857695781189524,0.6804283318281512,0.04487878547772155,56339.59053468704,,,,
external:yap8|-1|0|all,external:yap8,-1,0,all,10,2019,all,7000,19082,15502,0.04076893304089795,0.6804283318281512,0.06752293050689234,56339.59053468704,,,,
external:yap8|-1|0|all,external:yap8,-1,0,all,10,2019,all,10000,19082,15502,0.060572829312346796,0.6804283318281512,0.10204285552424336,56339.59053468704,,,,
external:yap8|-1|0|all,external:yap8,-1,0,all,10,2020,all,5000,19477,15740,0.028335451080050825,0.7023506988564168,0.045518550998038025,57907.395986795425,,,,
external:yap8|-1|0|all,external:yap8,-1,0,all,10,2020,all,7000,19477,15740,0.0391994917407878,0.7023506988564168,0.06689483510308815,57907.395986795425,,,,
external:yap8|-1|0|all,external:yap8,-1,0,all,10,2020,all,10000,19477,15740,0.05679796696315121,0.7023506988564168,0.09991370202547137,57907.395986795425,,,,
external:yap8|-1|0|all,external:yap8,-1,0,all,10,2021,all,5000,19938,16620,0.024067388688327317,0.6923586040914561,0.042191796009278144,58705.74869143963,,,,
external:yap8|-1|0|all,external:yap8,-1,0,all,10,2021,all,7000,19938,16620,0.0345367027677497,0.6923586040914561,0.06515759486231201,58705.74869143963,,,,
external:yap8|-1|0|all,external:yap8,-1,0,all,10,2021,all,10000,19938,16620,0.05162454873646209,0.6923586040914561,0.09835940283045587,58705.74869143963,,,,
external:yap8|-1|0|all,external:yap8,-1,0,all,10,2022,all,5000,19678,17691,0.024588773952857385,0.6975298174212876,0.047345833392130665,57594.91239452362,,,,
external:yap8|-1|0|all,external:yap8,-1,0,all,10,2022,all,7000,19678,17691,0.03736363122491662,0.6975298174212876,0.07350712187954149,57594.91239452362,,,,
external:yap8|-1|0|all,external:yap8,-1,0,all,10,2022,all,10000,19678,17691,0.056017183878808434,0.6975298174212876,0.10694134971250993,57594.91239452362,,,,
external:yap8|-1|0|all,external:yap8,-1,0,all,10,2023,all,5000,19387,17714,0.025460088065936547,0.6967934966693011,0.05071487435089301,55306.63862991333,,,,
external:yap8|-1|0|all,external:yap8,-1,0,all,10,2023,all,7000,19387,17714,0.0385570735011855,0.6967934966693011,0.07927485593423335,55306.63862991333,,,,
external:yap8|-1|0|all,external:yap8,-1,0,all,10,2023,all,10000,19387,17714,0.057807383990064354,0.6967934966693011,0.1147889079654722,55306.63862991333,,,,
external:yap8|-1|0|all,external:yap8,-1,0,all,10,2024,all,5000,19307,16746,0.026633225844977904,0.6839245192881882,0.04862152767595204,54537.91798353195,,,,
external:yap8|-1|0|all,external:yap8,-1,0,all,10,2024,all,7000,19307,16746,0.041024722321748475,0.6839245192881882,0.07485360873558862,54537.91798353195,,,,
external:yap8|-1|0|all,external:yap8,-1,0,all,10,2024,all,10000,19307,16746,0.06114893108802102,0.6839245192881882,0.10891077663073866,54537.91798353195,,,,
external:yap8|-1|0|all,external:yap8,-1,0,all,10,2025,all,5000,19237,17006,0.027108079501352463,0.6799952957779607,0.04735199859738385,48442.323638916016,,,,
external:yap8|-1|0|all,external:yap8,-1,0,all,10,2025,all,7000,19237,17006,0.04139715394566624,0.6799952957779607,0.07355620793982748,48442.323638916016,,,,
external:yap8|-1|0|all,external:yap8,-1,0,all,10,2025,all,10000,19237,17006,0.060449253204751266,0.6799952957779607,0.11089908206537104,48442.323638916016,,,,
external:yap8|-1|0|all,external:yap8,-1,0,all,10,2018,bulk,5000,7047,6294,0.023514458214172227,0.726882745471878,0.02737139775388933,46443.90810585022,,,,
external:yap8|-1|0|all,external:yap8,-1,0,all,10,2018,bulk,7000,7047,6294,0.031617413409596444,0.726882745471878,0.041664447420641765,46443.90810585022,,,,
external:yap8|-1|0|all,external:yap8,-1,0,all,10,2018,bulk,10000,7047,6294,0.047505560851604706,0.726882745471878,0.061714701950081524,46443.90810585022,,,,
external:yap8|-1|0|all,external:yap8,-1,0,all,10,2019,bulk,5000,7336,6371,0.01993407628315806,0.7295557997174698,0.026095453673912243,58004.31527042389,,,,
external:yap8|-1|0|all,external:yap8,-1,0,all,10,2019,bulk,7000,7336,6371,0.025741641814471826,0.7295557997174698,0.04143789650238398,58004.31527042389,,,,
external:yap8|-1|0|all,external:yap8,-1,0,all,10,2019,bulk,10000,7336,6371,0.03767069533825145,0.7295557997174698,0.06426661948547817,58004.31527042389,,,,
external:yap8|-1|0|all,external:yap8,-1,0,all,10,2020,bulk,5000,7551,6573,0.01734367868553172,0.7465388711395101,0.024907692039238254,59965.01716995239,,,,
external:yap8|-1|0|all,external:yap8,-1,0,all,10,2020,bulk,7000,7551,6573,0.023124904914042295,0.7465388711395101,0.038999152019292056,59965.01716995239,,,,
external:yap8|-1|0|all,external:yap8,-1,0,all,10,2020,bulk,10000,7551,6573,0.03225315685379583,0.7465388711395101,0.06054679068046089,59965.01716995239,,,,
external:yap8|-1|0|all,external:yap8,-1,0,all,10,2021,bulk,5000,7737,6773,0.011663959840543334,0.7206555440720508,0.01884709247563972,61697.87803077698,,,,
external:yap8|-1|0|all,external:yap8,-1,0,all,10,2021,bulk,7000,7737,6773,0.015355086372360844,0.7206555440720508,0.031745745321088016,61697.87803077698,,,,
external:yap8|-1|0|all,external:yap8,-1,0,all,10,2021,bulk,10000,7737,6773,0.02450908017126827,0.7206555440720508,0.05062294809191535,61697.87803077698,,,,
external:yap8|-1|0|all,external:yap8,-1,0,all,10,2022,bulk,5000,7632,7090,0.014104372355430184,0.7176304654442878,0.023681256155090653,60224.91795194149,,,,
external:yap8|-1|0|all,external:yap8,-1,0,all,10,2022,bulk,7000,7632,7090,0.020451339915373765,0.7176304654442878,0.038301309404703006,60224.91795194149,,,,
external:yap8|-1|0|all,external:yap8,-1,0,all,10,2022,bulk,10000,7632,7090,0.0307475317348378,0.7176304654442878,0.05818319949375337,60224.91795194149,,,,
external:yap8|-1|0|all,external:yap8,-1,0,all,10,2023,bulk,5000,7477,7061,0.01713638294859085,0.7333238918000283,0.026484458105805905,56863.684823036194,,,,
external:yap8|-1|0|all,external:yap8,-1,0,all,10,2023,bulk,7000,7477,7061,0.02506727092479819,0.7333238918000283,0.04358459124415554,56863.684823036194,,,,
external:yap8|-1|0|all,external:yap8,-1,0,all,10,2023,bulk,10000,7477,7061,0.03554737289335788,0.7333238918000283,0.06727247286744854,56863.684823036194,,,,
external:yap8|-1|0|all,external:yap8,-1,0,all,10,2024,bulk,5000,7486,6665,0.01350337584396099,0.7264816204051012,0.0251342117550299,54726.15463781357,,,,
external:yap8|-1|0|all,external:yap8,-1,0,all,10,2024,bulk,7000,7486,6665,0.020705176294073518,0.7264816204051012,0.04113249602095134,54726.15463781357,,,,
external:yap8|-1|0|all,external:yap8,-1,0,all,10,2024,bulk,10000,7486,6665,0.03375843960990248,0.7264816204051012,0.06460280457989775,54726.15463781357,,,,
external:yap8|-1|0|all,external:yap8,-1,0,all,10,2025,bulk,5000,7455,6820,0.012609970674486803,0.7329912023460411,0.02367408766902107,48896.746235609055,,,,
external:yap8|-1|0|all,external:yap8,-1,0,all,10,2025,bulk,7000,7455,6820,0.019208211143695014,0.7329912023460411,0.040475435017706014,48896.746235609055,,,,
external:yap8|-1|0|all,external:yap8,-1,0,all,10,2025,bulk,10000,7455,6820,0.029618768328445746,0.7329912023460411,0.06548470770144524,48896.746235609055,,,,
external:yap8|-1|0|all,external:yap8,-1,0,all,10,2018,container,5000,3087,2234,0.06266786034019696,0.7381378692927484,0.10402013486773028,24316.31763601303,,,,
external:yap8|-1|0|all,external:yap8,-1,0,all,10,2018,container,7000,3087,2234,0.09489704565801253,0.7381378692927484,0.14829350216740428,24316.31763601303,,,,
external:yap8|-1|0|all,external:yap8,-1,0,all,10,2018,container,10000,3087,2234,0.14010743061772604,0.7381378692927484,0.21584756913892555,24316.31763601303,,,,
external:yap8|-1|0|all,external:yap8,-1,0,all,10,2019,container,5000,3179,2209,0.0615663196016297,0.7134449977365324,0.10397322496699964,25432.52730846405,,,,
external:yap8|-1|0|all,external:yap8,-1,0,all,10,2019,container,7000,3179,2209,0.0946129470348574,0.7134449977365324,0.1563338343310675,25432.52730846405,,,,
external:yap8|-1|0|all,external:yap8,-1,0,all,10,2019,container,10000,3179,2209,0.13580805794477138,0.7134449977365324,0.22458160653576878,25432.52730846405,,,,
external:yap8|-1|0|all,external:yap8,-1,0,all,10,2020,container,5000,3213,2212,0.06781193490054249,0.7328209764918626,0.11658942649371878,26406.198417067528,,,,
external:yap8|-1|0|all,external:yap8,-1,0,all,10,2020,container,7000,3213,2212,0.09584086799276673,0.7328209764918626,0.16326782068429116,26406.198417067528,,,,
external:yap8|-1|0|all,external:yap8,-1,0,all,10,2020,container,10000,3213,2212,0.13788426763110306,0.7328209764918626,0.2303850047428312,26406.198417067528,,,,
external:yap8|-1|0|all,external:yap8,-1,0,all,10,2021,container,5000,3329,2505,0.05429141716566866,0.7552894211576846,0.10749631684010488,25353.68116378784,,,,
external:yap8|-1|0|all,external:yap8,-1,0,all,10,2021,container,7000,3329,2505,0.08343313373253493,0.7552894211576846,0.1642541376855246,25353.68116378784,,,,
external:yap8|-1|0|all,external:yap8,-1,0,all,10,2021,container,10000,3329,2505,0.13013972055888223,0.7552894211576846,0.23366926021711742,25353.68116378784,,,,
external:yap8|-1|0|all,external:yap8,-1,0,all,10,2022,container,5000,3281,2890,0.05121107266435986,0.78719723183391,0.1097943380816183,25144.93319606781,,,,
external:yap8|-1|0|all,external:yap8,-1,0,all,10,2022,container,7000,3281,2890,0.0847750865051903,0.78719723183391,0.17144976076270493,25144.93319606781,,,,
external:yap8|-1|0|all,external:yap8,-1,0,all,10,2022,container,10000,3281,2890,0.12629757785467127,0.78719723183391,0.2346707691133824,25144.93319606781,,,,
external:yap8|-1|0|all,external:yap8,-1,0,all,10,2023,container,5000,3293,2948,0.054274084124830396,0.7689959294436907,0.12135230652164797,25585.50865828991,,,,
external:yap8|-1|0|all,external:yap8,-1,0,all,10,2023,container,7000,3293,2948,0.08853459972862958,0.7689959294436907,0.19286920738570387,25585.50865828991,,,,
external:yap8|-1|0|all,external:yap8,-1,0,all,10,2023,container,10000,3293,2948,0.13263229308005428,0.7689959294436907,0.2598565340897847,25585.50865828991,,,,
external:yap8|-1|0|all,external:yap8,-1,0,all,10,2024,container,5000,3234,2715,0.05966850828729282,0.7576427255985267,0.11374116325301596,26559.72654724121,,,,
external:yap8|-1|0|all,external:yap8,-1,0,all,10,2024,container,7000,3234,2715,0.09465930018416206,0.7576427255985267,0.1768566618581669,26559.72654724121,,,,
external:yap8|-1|0|all,external:yap8,-1,0,all,10,2024,container,10000,3234,2715,0.13222836095764273,0.7576427255985267,0.24476442876592602,26559.72654724121,,,,
external:yap8|-1|0|all,external:yap8,-1,0,all,10,2025,container,5000,3231,2779,0.04893846707448723,0.7538682979489025,0.11308490703288603,26408.16655063629,,,,
external:yap8|-1|0|all,external:yap8,-1,0,all,10,2025,container,7000,3231,2779,0.08744152572867939,0.7538682979489025,0.17438541766370597,26408.16655063629,,,,
external:yap8|-1|0|all,external:yap8,-1,0,all,10,2025,container,10000,3231,2779,0.12198632601655272,0.7538682979489025,0.25045340429116364,26408.16655063629,,,,
external:yap8|-1|0|all,external:yap8,-1,0,all,10,2018,gas,5000,939,820,0.023170731707317073,0.4402439024390244,0.01901373482728577,109612.76739704609,,,,
external:yap8|-1|0|all,external:yap8,-1,0,all,10,2018,gas,7000,939,820,0.03048780487804878,0.4402439024390244,0.02321712573213364,109612.76739704609,,,,
external:yap8|-1|0|all,external:yap8,-1,0,all,10,2018,gas,10000,939,820,0.046341463414634146,0.4402439024390244,0.032208770822686014,109612.76739704609,,,,
external:yap8|-1|0|all,external:yap8,-1,0,all,10,2019,gas,5000,988,874,0.019450800915331808,0.45194508009153317,0.016632381511147928,137521.73379945755,,,,
external:yap8|-1|0|all,external:yap8,-1,0,all,10,2019,gas,7000,988,874,0.02745995423340961,0.45194508009153317,0.021867769758885183,137521.73379945755,,,,
external:yap8|-1|0|all,external:yap8,-1,0,all,10,2019,gas,10000,988,874,0.036613272311212815,0.45194508009153317,0.030008509621067703,137521.73379945755,,,,
external:yap8|-1|0|all,external:yap8,-1,0,all,10,2020,gas,5000,1039,913,0.01533406352683461,0.4928806133625411,0.011982252308129184,160081.48752975464,,,,
external:yap8|-1|0|all,external:yap8,-1,0,all,10,2020,gas,7000,1039,913,0.018619934282584884,0.4928806133625411,0.01776650352761525,160081.48752975464,,,,
external:yap8|-1|0|all,external:yap8,-1,0,all,10,2020,gas,10000,1039,913,0.03504928806133625,0.4928806133625411,0.02522429863795145,160081.48752975464,,,,
external:yap8|-1|0|all,external:yap8,-1,0,all,10,2021,gas,5000,1084,977,0.012282497441146366,0.48004094165813715,0.013039389662300354,169485.71456336975,,,,
external:yap8|-1|0|all,external:yap8,-1,0,all,10,2021,gas,7000,1084,977,0.015353121801432957,0.48004094165813715,0.018040974232643142,169485.71456336975,,,,
external:yap8|-1|0|all,external:yap8,-1,0,all,10,2021,gas,10000,1084,977,0.022517911975435005,0.48004094165813715,0.024271197726910627,169485.71456336975,,,,
external:yap8|-1|0|all,external:yap8,-1,0,all,10,2022,gas,5000,1068,991,0.011099899091826439,0.4954591321897074,0.013832964246453403,169485.71456336975,,,,
external:yap8|-1|0|all,external:yap8,-1,0,all,10,2022,gas,7000,1068,991,0.017154389505549948,0.4954591321897074,0.019253206123992967,169485.71456336975,,,,
external:yap8|-1|0|all,external:yap8,-1,0,all,10,2022,gas,10000,1068,991,0.025227043390514632,0.4954591321897074,0.02660458530520101,169485.71456336975,,,,
external:yap8|-1|0|all,external:yap8,-1,0,all,10,2023,gas,5000,1062,993,0.011077542799597181,0.4662638469284995,0.011612967412103475,165113.8211927414,,,,
external:yap8|-1|0|all,external:yap8,-1,0,all,10,2023,gas,7000,1062,993,0.015105740181268883,0.4662638469284995,0.016772541093450544,165113.8211927414,,,,
external:yap8|-1|0|all,external:yap8,-1,0,all,10,2023,gas,10000,1062,993,0.01812688821752266,0.4662638469284995,0.02415391222529117,165113.8211927414,,,,
external:yap8|-1|0|all,external:yap8,-1,0,all,10,2024,gas,5000,1069,951,0.014721345951629864,0.42797055730809674,0.013947560517063959,154849.53309631348,,,,
external:yap8|-1|0|all,external:yap8,-1,0,all,10,2024,gas,7000,1069,951,0.02103049421661409,0.42797055730809674,0.018436462784014725,154849.53309631348,,,,
external:yap8|-1|0|all,external:yap8,-1,0,all,10,2024,gas,10000,1069,951,0.030494216614090432,0.42797055730809674,0.023963855580807394,154849.53309631348,,,,
external:yap8|-1|0|all,external:yap8,-1,0,all,10,2025,gas,5000,1057,951,0.023133543638275498,0.4426919032597266,0.013800444379232555,125633.65368795395,,,,
external:yap8|-1|0|all,external:yap8,-1,0,all,10,2025,gas,7000,1057,951,0.03259726603575184,0.4426919032597266,0.01880293864756714,125633.65368795395,,,,
external:yap8|-1|0|all,external:yap8,-1,0,all,10,2025,gas,10000,1057,951,0.03995793901156677,0.4426919032597266,0.024883353162671186,125633.65368795395,,,,
external:yap8|-1|0|all,external:yap8,-1,0,all,10,2018,general,5000,2053,1646,0.03645200486026731,0.6701093560145808,0.04188653990831052,40092.107382535934,,,,
external:yap8|-1|0|all,external:yap8,-1,0,all,10,2018,general,7000,2053,1646,0.0479951397326853,0.6701093560145808,0.05899796154719279,40092.107382535934,,,,
external:yap8|-1|0|all,external:yap8,-1,0,all,10,2018,general,10000,2053,1646,0.0795868772782503,0.6701093560145808,0.08934049975590912,40092.107382535934,,,,
external:yap8|-1|0|all,external:yap8,-1,0,all,10,2019,general,5000,2084,1607,0.031113876789047916,0.6260112009956441,0.03954010331735774,52709.65377521515,,,,
external:yap8|-1|0|all,external:yap8,-1,0,all,10,2019,general,7000,2084,1607,0.042314872433105166,0.6260112009956441,0.05455859593040585,52709.65377521515,,,,
external:yap8|-1|0|all,external:yap8,-1,0,all,10,2019,general,10000,2084,1607,0.0672059738643435,0.6260112009956441,0.08483492130763517,52709.65377521515,,,,
external:yap8|-1|0|all,external:yap8,-1,0,all,10,2020,general,5000,2118,1592,0.0364321608040201,0.6538944723618091,0.039395761764953005,53005.876143455505,,,,
external:yap8|-1|0|all,external:yap8,-1,0,all,10,2020,general,7000,2118,1592,0.04648241206030151,0.6538944723618091,0.0561227942729817,53005.876143455505,,,,
external:yap8|-1|0|all,external:yap8,-1,0,all,10,2020,general,10000,2118,1592,0.06595477386934673,0.6538944723618091,0.0825343542354655,53005.876143455505,,,,
external:yap8|-1|0|all,external:yap8,-1,0,all,10,2021,general,5000,2147,1751,0.025128498001142203,0.6641918903483723,0.03712008204732176,52564.96941947937,,,,
external:yap8|-1|0|all,external:yap8,-1,0,all,10,2021,general,7000,2147,1751,0.0336950314106225,0.6641918903483723,0.05465786315950807,52564.96941947937,,,,
external:yap8|-1|0|all,external:yap8,-1,0,all,10,2021,general,10000,2147,1751,0.04854368932038835,0.6641918903483723,0.08536412335174419,52564.96941947937,,,,
external:yap8|-1|0|all,external:yap8,-1,0,all,10,2022,general,5000,2136,1884,0.027070063694267517,0.6666666666666666,0.0405066239227522,49659.62894964218,,,,
external:yap8|-1|0|all,external:yap8,-1,0,all,10,2022,general,7000,2136,1884,0.03980891719745223,0.6666666666666666,0.06084884720628674,49659.62894964218,,,,
external:yap8|-1|0|all,external:yap8,-1,0,all,10,2022,general,10000,2136,1884,0.05626326963906582,0.6666666666666666,0.09496687006769121,49659.62894964218,,,,
external:yap8|-1|0|all,external:yap8,-1,0,all,10,2023,general,5000,2114,1849,0.03244997295835587,0.6614386154678205,0.047227556936723265,50146.691647052765,,,,
external:yap8|-1|0|all,external:yap8,-1,0,all,10,2023,general,7000,2114,1849,0.04434829637641969,0.6614386154678205,0.06880470310995385,50146.691647052765,,,,
external:yap8|-1|0|all,external:yap8,-1,0,all,10,2023,general,10000,2114,1849,0.06327744726879395,0.6614386154678205,0.1062448320676548,50146.691647052765,,,,
external:yap8|-1|0|all,external:yap8,-1,0,all,10,2024,general,5000,2099,1767,0.03225806451612903,0.6383701188455009,0.047212263998658806,48484.31558084488,,,,
external:yap8|-1|0|all,external:yap8,-1,0,all,10,2024,general,7000,2099,1767,0.042444821731748725,0.6383701188455009,0.06846638947521076,48484.31558084488,,,,
external:yap8|-1|0|all,external:yap8,-1,0,all,10,2024,general,10000,2099,1767,0.06281833616298811,0.6383701188455009,0.09978574874783566,48484.31558084488,,,,
external:yap8|-1|0|all,external:yap8,-1,0,all,10,2025,general,5000,2085,1769,0.026568682871678916,0.6387789711701526,0.043171318459075715,42059.361808776855,,,,
external:yap8|-1|0|all,external:yap8,-1,0,all,10,2025,general,7000,2085,1769,0.03674392312040701,0.6387789711701526,0.0632793337023187,42059.361808776855,,,,
external:yap8|-1|0|all,external:yap8,-1,0,all,10,2025,general,10000,2085,1769,0.06218202374222725,0.6387789711701526,0.10231515114851086,42059.361808776855,,,,
external:yap8|-1|0|all,external:yap8,-1,0,all,10,2018,roro,5000,615,529,0.017013232514177693,0.8204158790170132,0.04774860883421406,45784.905772009864,,,,
external:yap8|-1|0|all,external:yap8,-1,0,all,10,2018,roro,7000,615,529,0.022684310018903593,0.8204158790170132,0.06498704192217065,45784.905772009864,,,,
external:yap8|-1|0|all,external:yap8,-1,0,all,10,2018,roro,10000,615,529,0.05671077504725898,0.8204158790170132,0.11028363687795162,45784.905772009864,,,,
external:yap8|-1|0|all,external:yap8,-1,0,all,10,2019,roro,5000,620,517,0.013539651837524178,0.8355899419729207,0.05517162799317809,50844.57314682007,,,,
external:yap8|-1|0|all,external:yap8,-1,0,all,10,2019,roro,7000,620,517,0.02127659574468085,0.8355899419729207,0.07514343722181871,50844.57314682007,,,,
external:yap8|-1|0|all,external:yap8,-1,0,all,10,2019,roro,10000,620,517,0.058027079303675046,0.8355899419729207,0.12515852012685655,50844.57314682007,,,,
external:yap8|-1|0|all,external:yap8,-1,0,all,10,2020,roro,5000,637,506,0.017786561264822136,0.8280632411067194,0.05306373069819639,48195.21503782272,,,,
external:yap8|-1|0|all,external:yap8,-1,0,all,10,2020,roro,7000,637,506,0.029644268774703556,0.8280632411067194,0.07385361142467266,48195.21503782272,,,,
external:yap8|-1|0|all,external:yap8,-1,0,all,10,2020,roro,10000,637,506,0.06126482213438735,0.8280632411067194,0.12439230716294694,48195.21503782272,,,,
external:yap8|-1|0|all,external:yap8,-1,0,all,10,2021,roro,5000,654,529,0.013232514177693762,0.8260869565217391,0.04729294870682297,54720.48778438568,,,,
external:yap8|-1|0|all,external:yap8,-1,0,all,10,2021,roro,7000,654,529,0.024574669187145556,0.8260869565217391,0.0672894440804551,54720.48778438568,,,,
external:yap8|-1|0|all,external:yap8,-1,0,all,10,2021,roro,10000,654,529,0.04725897920604915,0.8260869565217391,0.1090325989994068,54720.48778438568,,,,
external:yap8|-1|0|all,external:yap8,-1,0,all,10,2022,roro,5000,668,607,0.009884678747940691,0.8171334431630972,0.0457069234817089,53350.964369773865,,,,
external:yap8|-1|0|all,external:yap8,-1,0,all,10,2022,roro,7000,668,607,0.018121911037891267,0.8171334431630972,0.06492334209982213,53350.964369773865,,,,
external:yap8|-1|0|all,external:yap8,-1,0,all,10,2022,roro,10000,668,607,0.04612850082372323,0.8171334431630972,0.11045049586433962,53350.964369773865,,,,
external:yap8|-1|0|all,external:yap8,-1,0,all,10,2023,roro,5000,650,601,0.0033277870216306157,0.8535773710482529,0.03996394254840795,52886.778405189514,,,,
external:yap8|-1|0|all,external:yap8,-1,0,all,10,2023,roro,7000,650,601,0.004991680532445923,0.8535773710482529,0.056595452124904494,52886.778405189514,,,,
external:yap8|-1|0|all,external:yap8,-1,0,all,10,2023,roro,10000,650,601,0.033277870216306155,0.8535773710482529,0.09639402468640795,52886.778405189514,,,,
external:yap8|-1|0|all,external:yap8,-1,0,all,10,2024,roro,5000,642,561,0.0,0.8360071301247772,0.03594762622924736,52473.92277789116,,,,
external:yap8|-1|0|all,external:yap8,-1,0,all,10,2024,roro,7000,642,561,0.012477718360071301,0.8360071301247772,0.051628601648052094,52473.92277789116,,,,
external:yap8|-1|0|all,external:yap8,-1,0,all,10,2024,roro,10000,642,561,0.035650623885918005,0.8360071301247772,0.08732460518340186,52473.92277789116,,,,
external:yap8|-1|0|all,external:yap8,-1,0,all,10,2025,roro,5000,646,588,0.01020408163265306,0.8316326530612245,0.04107380234424051,47226.85844993591,,,,
external:yap8|-1|0|all,external:yap8,-1,0,all,10,2025,roro,7000,646,588,0.01870748299319728,0.8316326530612245,0.056809574400641445,47226.85844993591,,,,
external:yap8|-1|0|all,external:yap8,-1,0,all,10,2025,roro,10000,646,588,0.05442176870748299,0.8316326530612245,0.09297767591003735,47226.85844993591,,,,
external:yap8|-1|0|all,external:yap8,-1,0,all,10,2018,tanker,5000,4618,3798,0.03896787783043707,0.638493944181148,0.030045017503058328,44165.95873594284,,,,
external:yap8|-1|0|all,external:yap8,-1,0,all,10,2018,tanker,7000,4618,3798,0.05134281200631911,0.638493944181148,0.04651589910002544,44165.95873594284,,,,
external:yap8|-1|0|all,external:yap8,-1,0,all,10,2018,tanker,10000,4618,3798,0.06924697209057398,0.638493944181148,0.07225109414815525,44165.95873594284,,,,
external:yap8|-1|0|all,external:yap8,-1,0,all,10,2019,tanker,5000,4875,3924,0.027013251783893986,0.6348114169215087,0.034766283260985985,54729.368221998215,,,,
external:yap8|-1|0|all,external:yap8,-1,0,all,10,2019,tanker,7000,4875,3924,0.039755351681957186,0.6348114169215087,0.05355176367758643,54729.368221998215,,,,
external:yap8|-1|0|all,external:yap8,-1,0,all,10,2019,tanker,10000,4875,3924,0.05835881753312946,0.6348114169215087,0.08554519236109398,54729.368221998215,,,,
external:yap8|-1|0|all,external:yap8,-1,0,all,10,2020,tanker,5000,4919,3944,0.025608519269776878,0.6635395537525355,0.03507759692397914,55305.44538009167,,,,
external:yap8|-1|0|all,external:yap8,-1,0,all,10,2020,tanker,7000,4919,3944,0.03727180527383367,0.6635395537525355,0.05560151163563641,55305.44538009167,,,,
external:yap8|-1|0|all,external:yap8,-1,0,all,10,2020,tanker,10000,4919,3944,0.05299188640973631,0.6635395537525355,0.08867415287992438,55305.44538009167,,,,
external:yap8|-1|0|all,external:yap8,-1,0,all,10,2021,tanker,5000,4987,4085,0.029865361077111383,0.6523867809057528,0.03613232388871575,56478.4753446579,,,,
external:yap8|-1|0|all,external:yap8,-1,0,all,10,2021,tanker,7000,4987,4085,0.04259485924112607,0.6523867809057528,0.055905948706934556,56478.4753446579,,,,
external:yap8|-1|0|all,external:yap8,-1,0,all,10,2021,tanker,10000,4987,4085,0.05728274173806609,0.6523867809057528,0.09112062620723087,56478.4753446579,,,,
external:yap8|-1|0|all,external:yap8,-1,0,all,10,2022,tanker,5000,4893,4229,0.028139039962165997,0.6464885315677465,0.03878693813405641,58435.29004096985,,,,
external:yap8|-1|0|all,external:yap8,-1,0,all,10,2022,tanker,7000,4893,4229,0.039725703475999054,0.6464885315677465,0.059718621802812455,58435.29004096985,,,,
external:yap8|-1|0|all,external:yap8,-1,0,all,10,2022,tanker,10000,4893,4229,0.05887916765192717,0.6464885315677465,0.0918364176286603,58435.29004096985,,,,
external:yap8|-1|0|all,external:yap8,-1,0,all,10,2023,tanker,5000,4791,4262,0.022759267949319567,0.6332707648991084,0.03755372879576226,56058.971516132355,,,,
external:yap8|-1|0|all,external:yap8,-1,0,all,10,2023,tanker,7000,4791,4262,0.0340215861098076,0.6332707648991084,0.05557017023651877,56058.971516132355,,,,
external:yap8|-1|0|all,external:yap8,-1,0,all,10,2023,tanker,10000,4791,4262,0.05326137963397466,0.6332707648991084,0.08722212044324888,56058.971516132355,,,,
external:yap8|-1|0|all,external:yap8,-1,0,all,10,2024,tanker,5000,4777,4087,0.03009542451676046,0.6239295326645461,0.040247047166454664,57314.48536539078,,,,
external:yap8|-1|0|all,external:yap8,-1,0,all,10,2024,tanker,7000,4777,4087,0.04648886713971128,0.6239295326645461,0.059654673128658034,57314.48536539078,,,,
external:yap8|-1|0|all,external:yap8,-1,0,all,10,2024,tanker,10000,4777,4087,0.0685099094690482,0.6239295326645461,0.08899695946446488,57314.48536539078,,,,
external:yap8|-1|0|all,external:yap8,-1,0,all,10,2025,tanker,5000,4763,4099,0.04000975847767748,0.5928275189070505,0.03767627783095558,50307.26219511032,,,,
external:yap8|-1|0|all,external:yap8,-1,0,all,10,2025,tanker,7000,4763,4099,0.05440351305196389,0.5928275189070505,0.05750502146697798,50307.26219511032,,,,
external:yap8|-1|0|all,external:yap8,-1,0,all,10,2025,tanker,10000,4763,4099,0.07489631617467675,0.5928275189070505,0.0878098728170085,50307.26219511032,,,,
greedy|2019|7000|all,greedy,2019,7000,all,20,2018,all,5000,18359,15321,0.06722798772926049,0.9133215847529534,0.16585367288360672,19498.474547863007,,,,
greedy|2019|7000|all,greedy,2019,7000,all,20,2018,all,7000,18359,15321,0.10638992232882971,0.9133215847529534,0.2532632055192701,19498.474547863007,,,,
greedy|2019|7000|all,greedy,2019,7000,all,20,2018,all,10000,18359,15321,0.19359049670387052,0.9133215847529534,0.3638604283780569,19498.474547863007,,,,
greedy|2019|7000|all,greedy,2019,7000,all,20,2019,all,5000,19082,15502,0.06341117275190299,0.9073667913817572,0.1661244576390548,21148.569263219833,,,,
greedy|2019|7000|all,greedy,2019,7000,all,20,2019,all,7000,19082,15502,0.09940652818991098,0.9073667913817572,0.25772114805152785,21148.569263219833,,,,
greedy|2019|7000|all,greedy,2019,7000,all,20,2019,all,10000,19082,15502,0.17642884789059476,0.9073667913817572,0.3778638384326899,21148.569263219833,,,,
greedy|2019|7000|all,greedy,2019,7000,all,20,2020,all,5000,19477,15740,0.05940279542566709,0.9126429479034307,0.16635463617346483,21218.317365646362,,,,
greedy|2019|7000|all,greedy,2019,7000,all,20,2020,all,7000,19477,15740,0.09466327827191867,0.9126429479034307,0.2582411050282124,21218.317365646362,,,,
greedy|2019|7000|all,greedy,2019,7000,all,20,2020,all,10000,19477,15740,0.1724269377382465,0.9126429479034307,0.3804688311079833,21218.317365646362,,,,
greedy|2019|7000|all,greedy,2019,7000,all,20,2021,all,5000,19938,16620,0.05451263537906137,0.9139590854392299,0.1566341602784661,21466.89488863945,,,,
greedy|2019|7000|all,greedy,2019,7000,all,20,2021,all,7000,19938,16620,0.09265944645006016,0.9139590854392299,0.24758817928238727,21466.89488863945,,,,
greedy|2019|7000|all,greedy,2019,7000,all,20,2021,all,10000,19938,16620,0.16173285198555956,0.9139590854392299,0.37101151499516305,21466.89488863945,,,,
greedy|2019|7000|all,greedy,2019,7000,all,20,2022,all,5000,19678,17691,0.06104799050364592,0.9165677463116839,0.17017971942970095,20586.925409793854,,,,
greedy|2019|7000|all,greedy,2019,7000,all,20,2022,all,7000,19678,17691,0.10327285060200102,0.9165677463116839,0.2642753634422751,20586.925409793854,,,,
greedy|2019|7000|all,greedy,2019,7000,all,20,2022,all,10000,19678,17691,0.17556949861511503,0.9165677463116839,0.3892061878487479,20586.925409793854,,,,
greedy|2019|7000|all,greedy,2019,7000,all,20,2023,all,5000,19387,17714,0.06384780399683866,0.9141921643897483,0.1817071802845386,20511.66650867462,,,,
greedy|2019|7000|all,greedy,2019,7000,all,20,2023,all,7000,19387,17714,0.10630010161454218,0.9141921643897483,0.27656910395775297,20511.66650867462,,,,
greedy|2019|7000|all,greedy,2019,7000,all,20,2023,all,10000,19387,17714,0.18132550525008467,0.9141921643897483,0.40266283005796855,20511.66650867462,,,,
greedy|2019|7000|all,greedy,2019,7000,all,20,2024,all,5000,19307,16746,0.0661053385883196,0.9015884390302161,0.17187658896328736,21031.54726099968,,,,
greedy|2019|7000|all,greedy,2019,7000,all,20,2024,all,7000,19307,16746,0.11089215335005374,0.9015884390302161,0.25512573504858077,21031.54726099968,,,,
greedy|2019|7000|all,greedy,2019,7000,all,20,2024,all,10000,19307,16746,0.18249134121581273,0.9015884390302161,0.3690941010442017,21031.54726099968,,,,
greedy|2019|7000|all,greedy,2019,7000,all,20,2025,all,5000,19237,17006,0.061978125367517345,0.9016817593790427,0.16831716072885416,21097.168681263924,,,,
greedy|2019|7000|all,greedy,2019,7000,all,20,2025,all,7000,19237,17006,0.10655062918969775,0.9016817593790427,0.25057241693751886,21097.168681263924,,,,
greedy|2019|7000|all,greedy,2019,7000,all,20,2025,all,10000,19237,17006,0.17611431259555452,0.9016817593790427,0.36548608534639815,21097.168681263924,,,,
greedy|2019|7000|all,greedy,2019,7000,all,20,2018,bulk,5000,7047,6294,0.03336510962821735,0.9381951064505879,0.08984126398194665,22724.50706386566,,,,
greedy|2019|7000|all,greedy,2019,7000,all,20,2018,bulk,7000,7047,6294,0.05370193835398793,0.9381951064505879,0.1376618017293572,22724.50706386566,,,,
greedy|2019|7000|all,greedy,2019,7000,all,20,2018,bulk,10000,7047,6294,0.09564664760088974,0.9381951064505879,0.2134934615668518,22724.50706386566,,,,
greedy|2019|7000|all,greedy,2019,7000,all,20,2019,bulk,5000,7336,6371,0.032020091037513736,0.9314079422382672,0.09092043668989157,24472.344136238098,,,,
greedy|2019|7000|all,greedy,2019,7000,all,20,2019,bulk,7000,7336,6371,0.04693140794223827,0.9314079422382672,0.14677277544375394,24472.344136238098,,,,
greedy|2019|7000|all,greedy,2019,7000,all,20,2019,bulk,10000,7336,6371,0.08318945220530528,0.9314079422382672,0.23348549676944325,24472.344136238098,,,,
greedy|2019|7000|all,greedy,2019,7000,all,20,2020,bulk,5000,7551,6573,0.02525483036665145,0.937319336680359,0.08955117855642732,24769.475657463074,,,,
greedy|2019|7000|all,greedy,2019,7000,all,20,2020,bulk,7000,7551,6573,0.04092499619656169,0.937319336680359,0.14771134576086675,24769.475657463074,,,,
greedy|2019|7000|all,greedy,2019,7000,all,20,2020,bulk,10000,7551,6573,0.07424311577666211,0.937319336680359,0.24089851833416062,24769.475657463074,,,,
greedy|2019|7000|all,greedy,2019,7000,all,20,2021,bulk,5000,7737,6773,0.019784438210541856,0.93547910822383,0.07659495984785245,24965.828108787537,,,,
greedy|2019|7000|all,greedy,2019,7000,all,20,2021,bulk,7000,7737,6773,0.03159604311235789,0.93547910822383,0.13322531994841103,24965.828108787537,,,,
greedy|2019|7000|all,greedy,2019,7000,all,20,2021,bulk,10000,7737,6773,0.05994389487671637,0.93547910822383,0.22889962534055394,24965.828108787537,,,,
greedy|2019|7000|all,greedy,2019,7000,all,20,2022,bulk,5000,7632,7090,0.025669957686882933,0.9335684062059239,0.08682651948202554,23915.656413555145,,,,
greedy|2019|7000|all,greedy,2019,7000,all,20,2022,bulk,7000,7632,7090,0.04386459802538787,0.9335684062059239,0.14650329750264743,23915.656413555145,,,,
greedy|2019|7000|all,greedy,2019,7000,all,20,2022,bulk,10000,7632,7090,0.08081805359661495,0.9335684062059239,0.2467443636897375,23915.656413555145,,,,
greedy|2019|7000|all,greedy,2019,7000,all,20,2023,bulk,5000,7477,7061,0.02959920691120238,0.9372610111882169,0.0996964379344266,23423.946662425995,,,,
greedy|2019|7000|all,greedy,2019,7000,all,20,2023,bulk,7000,7477,7061,0.04956804985129585,0.9372610111882169,0.16624135575940996,23423.946662425995,,,,
greedy|2019|7000|all,greedy,2019,7000,all,20,2023,bulk,10000,7477,7061,0.08993060473020818,0.9372610111882169,0.26993612045893123,23423.946662425995,,,,
greedy|2019|7000|all,greedy,2019,7000,all,20,2024,bulk,5000,7486,6665,0.02595648912228057,0.9287321830457614,0.09565649038932471,23719.305877685547,,,,
greedy|2019|7000|all,greedy,2019,7000,all,20,2024,bulk,7000,7486,6665,0.0490622655663916,0.9287321830457614,0.1523486817031673,23719.305877685547,,,,
greedy|2019|7000|all,greedy,2019,7000,all,20,2024,bulk,10000,7486,6665,0.09122280570142535,0.9287321830457614,0.2456389502094179,23719.305877685547,,,,
greedy|2019|7000|all,greedy,2019,7000,all,20,2025,bulk,5000,7455,6820,0.02375366568914956,0.9281524926686217,0.09333241455055354,23665.227536201477,,,,
greedy|2019|7000|all,greedy,2019,7000,all,20,2025,bulk,7000,7455,6820,0.04780058651026393,0.9281524926686217,0.14715242513886778,23665.227536201477,,,,
greedy|2019|7000|all,greedy,2019,7000,all,20,2025,bulk,10000,7455,6820,0.08709677419354839,0.9281524926686217,0.239881281153379,23665.227536201477,,,,
greedy|2019|7000|all,greedy,2019,7000,all,20,2018,container,5000,3087,2234,0.14547896150402864,0.887645478961504,0.3031199497758084,11879.634526968002,,,,
greedy|2019|7000|all,greedy,2019,7000,all,20,2018,container,7000,3087,2234,0.23813786929274844,0.887645478961504,0.453118123806897,11879.634526968002,,,,
greedy|2019|7000|all,greedy,2019,7000,all,20,2018,container,10000,3087,2234,0.40555058191584603,0.887645478961504,0.6026709017271143,11879.634526968002,,,,
greedy|2019|7000|all,greedy,2019,7000,all,20,2019,container,5000,3179,2209,0.1480307831598008,0.8786781349026709,0.3011483383242716,12645.045206546783,,,,
greedy|2019|7000|all,greedy,2019,7000,all,20,2019,container,7000,3179,2209,0.23675871435038479,0.8786781349026709,0.45316193429836016,12645.045206546783,,,,
greedy|2019|7000|all,greedy,2019,7000,all,20,2019,container,10000,3179,2209,0.39474875509280216,0.8786781349026709,0.6155821344919342,12645.045206546783,,,,
greedy|2019|7000|all,greedy,2019,7000,all,20,2020,container,5000,3213,2212,0.15641952983725135,0.8892405063291139,0.3194098850786695,12701.597970306873,,,,
greedy|2019|7000|all,greedy,2019,7000,all,20,2020,container,7000,3213,2212,0.2359855334538879,0.8892405063291139,0.4634858561201039,12701.597970306873,,,,
greedy|2019|7000|all,greedy,2019,7000,all,20,2020,container,10000,3213,2212,0.39421338155515373,0.8892405063291139,0.6155323248047362,12701.597970306873,,,,
greedy|2019|7000|all,greedy,2019,7000,all,20,2021,container,5000,3329,2505,0.1409181636726547,0.888622754491018,0.2914101394321795,13228.082187652588,,,,
greedy|2019|7000|all,greedy,2019,7000,all,20,2021,container,7000,3329,2505,0.2307385229540918,0.888622754491018,0.43517985852473084,13228.082187652588,,,,
greedy|2019|7000|all,greedy,2019,7000,all,20,2021,container,10000,3329,2505,0.36447105788423156,0.888622754491018,0.5821869300508116,13228.082187652588,,,,
greedy|2019|7000|all,greedy,2019,7000,all,20,2022,container,5000,3281,2890,0.1411764705882353,0.9166089965397924,0.30391587218518656,13198.912427902222,,,,
greedy|2019|7000|all,greedy,2019,7000,all,20,2022,container,7000,3281,2890,0.23840830449826989,0.9166089965397924,0.44542666536052644,13198.912427902222,,,,
greedy|2019|7000|all,greedy,2019,7000,all,20,2022,container,10000,3281,2890,0.3546712802768166,0.9166089965397924,0.5813003739091083,13198.912427902222,,,,
greedy|2019|7000|all,greedy,2019,7000,all,20,2023,container,5000,3293,2948,0.15298507462686567,0.9033242876526458,0.3337956433987532,13729.460136175156,,,,
greedy|2019|7000|all,greedy,2019,7000,all,20,2023,container,7000,3293,2948,0.24084124830393486,0.9033242876526458,0.465771079852206,13729.460136175156,,,,
greedy|2019|7000|all,greedy,2019,7000,all,20,2023,container,10000,3293,2948,0.3558344640434193,0.9033242876526458,0.6000166788313909,13729.460136175156,,,,
greedy|2019|7000|all,greedy,2019,7000,all,20,2024,container,5000,3234,2715,0.14990791896869246,0.8869244935543278,0.3171396974641555,14045.53588962555,,,,
greedy|2019|7000|all,greedy,2019,7000,all,20,2024,container,7000,3234,2715,0.2408839779005525,0.8869244935543278,0.43477510604671715,14045.53588962555,,,,
greedy|2019|7000|all,greedy,2019,7000,all,20,2024,container,10000,3234,2715,0.34585635359116024,0.8869244935543278,0.5622426648731027,14045.53588962555,,,,
greedy|2019|7000|all,greedy,2019,7000,all,20,2025,container,5000,3231,2779,0.1241453760345448,0.8902482907520691,0.30500249994508366,14633.510159492493,,,,
greedy|2019|7000|all,greedy,2019,7000,all,20,2025,container,7000,3231,2779,0.2209427851745232,0.8902482907520691,0.42315428481300066,14633.510159492493,,,,
greedy|2019|7000|all,greedy,2019,7000,all,20,2025,container,10000,3231,2779,0.3350125944584383,0.8902482907520691,0.5534135980994273,14633.510159492493,,,,
greedy|2019|7000|all,greedy,2019,7000,all,20,2018,gas,5000,939,820,0.04390243902439024,0.9121951219512195,0.09310097090033362,21494.362944364548,,,,
greedy|2019|7000|all,greedy,2019,7000,all,20,2018,gas,7000,939,820,0.07195121951219512,0.9121951219512195,0.16623608274585855,21494.362944364548,,,,
greedy|2019|7000|all,greedy,2019,7000,all,20,2018,gas,10000,939,820,0.15,0.9121951219512195,0.2905704826918829,21494.362944364548,,,,
greedy|2019|7000|all,greedy,2019,7000,all,20,2019,gas,5000,988,874,0.038901601830663615,0.9004576659038902,0.08857196067603784,24925.166279435158,,,,
greedy|2019|7000|all,greedy,2019,7000,all,20,2019,gas,7000,988,874,0.06064073226544622,0.9004576659038902,0.1483366847781605,24925.166279435158,,,,
greedy|2019|7000|all,greedy,2019,7000,all,20,2019,gas,10000,988,874,0.12128146453089245,0.9004576659038902,0.26831548996626675,24925.166279435158,,,,
greedy|2019|7000|all,greedy,2019,7000,all,20,2020,gas,5000,1039,913,0.03285870755750274,0.9112814895947426,0.08113008465892486,26455.56357574463,,,,
greedy|2019|7000|all,greedy,2019,7000,all,20,2020,gas,7000,1039,913,0.05366922234392114,0.9112814895947426,0.13948034698693945,26455.56357574463,,,,
greedy|2019|7000|all,greedy,2019,7000,all,20,2020,gas,10000,1039,913,0.09857612267250822,0.9112814895947426,0.26515785214724125,26455.56357574463,,,,
greedy|2019|7000|all,greedy,2019,7000,all,20,2021,gas,5000,1084,977,0.021494370522006142,0.9191402251791198,0.07383355277190964,27734.648733615875,,,,
greedy|2019|7000|all,greedy,2019,7000,all,20,2021,gas,7000,1084,977,0.04605936540429888,0.9191402251791198,0.13008758479226157,27734.648733615875,,,,
greedy|2019|7000|all,greedy,2019,7000,all,20,2021,gas,10000,1084,977,0.0767656090071648,0.9191402251791198,0.24207269931768322,27734.648733615875,,,,
greedy|2019|7000|all,greedy,2019,7000,all,20,2022,gas,5000,1068,991,0.029263370332996974,0.9313824419778002,0.08179544965964934,26975.417289733887,,,,
greedy|2019|7000|all,greedy,2019,7000,all,20,2022,gas,7000,1068,991,0.05247225025227043,0.9313824419778002,0.14952103061421246,26975.417289733887,,,,
greedy|2019|7000|all,greedy,2019,7000,all,20,2022,gas,10000,1068,991,0.08980827447023208,0.9313824419778002,0.27237061479598557,26975.417289733887,,,,
greedy|2019|7000|all,greedy,2019,7000,all,20,2023,gas,5000,1062,993,0.030211480362537766,0.9154078549848943,0.07788368036404787,28265.337670326233,,,,
greedy|2019|7000|all,greedy,2019,7000,all,20,2023,gas,7000,1062,993,0.054380664652567974,0.9154078549848943,0.1365081024338606,28265.337670326233,,,,
greedy|2019|7000|all,greedy,2019,7000,all,20,2023,gas,10000,1062,993,0.0986908358509567,0.9154078549848943,0.25422480847093976,28265.337670326233,,,,
greedy|2019|7000|all,greedy,2019,7000,all,20,2024,gas,5000,1069,951,0.03890641430073607,0.9032597266035752,0.07281387417442385,29539.941848278046,,,,
greedy|2019|7000|all,greedy,2019,7000,all,20,2024,gas,7000,1069,951,0.058885383806519455,0.9032597266035752,0.11921435251142355,29539.941848278046,,,,
greedy|2019|7000|all,greedy,2019,7000,all,20,2024,gas,10000,1069,951,0.11461619348054679,0.9032597266035752,0.2091578961109063,29539.941848278046,,,,
greedy|2019|7000|all,greedy,2019,7000,all,20,2025,gas,5000,1057,951,0.04416403785488959,0.9011566771819137,0.06912006808119919,29698.056615829468,,,,
greedy|2019|7000|all,greedy,2019,7000,all,20,2025,gas,7000,1057,951,0.06519453207150368,0.9011566771819137,0.1169556613351354,29698.056615829468,,,,
greedy|2019|7000|all,greedy,2019,7000,all,20,2025,gas,10000,1057,951,0.11146161934805468,0.9011566771819137,0.20601561832933765,29698.056615829468,,,,
greedy|2019|7000|all,greedy,2019,7000,all,20,2018,general,5000,2053,1646,0.06804374240583232,0.8948967193195626,0.1574591543149203,17604.8925101161,,,,
greedy|2019|7000|all,greedy,2019,7000,all,20,2018,general,7000,2053,1646,0.10206561360874848,0.8948967193195626,0.23994056265472893,17604.8925101161,,,,
greedy|2019|7000|all,greedy,2019,7000,all,20,2018,general,10000,2053,1646,0.20959902794653706,0.8948967193195626,0.3457505391562838,17604.8925101161,,,,
greedy|2019|7000|all,greedy,2019,7000,all,20,2019,general,5000,2084,1607,0.06471686372121967,0.8823895457373989,0.1597837017374253,20624.86273175478,,,,
greedy|2019|7000|all,greedy,2019,7000,all,20,2019,general,7000,2084,1607,0.1001866832607343,0.8823895457373989,0.24731040398227153,20624.86273175478,,,,
greedy|2019|7000|all,greedy,2019,7000,all,20,2019,general,10000,2084,1607,0.18170504044803984,0.8823895457373989,0.3524605030190148,20624.86273175478,,,,
greedy|2019|7000|all,greedy,2019,7000,all,20,2020,general,5000,2118,1592,0.06407035175879397,0.8793969849246231,0.15452115782632866,20965.09349012375,,,,
greedy|2019|7000|all,greedy,2019,7000,all,20,2020,general,7000,2118,1592,0.10678391959798995,0.8793969849246231,0.24498540244900283,20965.09349012375,,,,
greedy|2019|7000|all,greedy,2019,7000,all,20,2020,general,10000,2118,1592,0.1884422110552764,0.8793969849246231,0.3593313582534711,20965.09349012375,,,,
greedy|2019|7000|all,greedy,2019,7000,all,20,2021,general,5000,2147,1751,0.051970302684180465,0.885208452312964,0.1518104653679007,20893.056365966797,,,,
greedy|2019|7000|all,greedy,2019,7000,all,20,2021,general,7000,2147,1751,0.08338092518560822,0.885208452312964,0.23723770246693313,20893.056365966797,,,,
greedy|2019|7000|all,greedy,2019,7000,all,20,2021,general,10000,2147,1751,0.16333523700742433,0.885208452312964,0.3613287405042554,20893.056365966797,,,,
greedy|2019|7000|all,greedy,2019,7000,all,20,2022,general,5000,2136,1884,0.058386411889596604,0.8736730360934183,0.1470242485703455,20477.436283826828,,,,
greedy|2019|7000|all,greedy,2019,7000,all,20,2022,general,7000,2136,1884,0.08864118895966029,0.8736730360934183,0.23472355872543713,20477.436283826828,,,,
greedy|2019|7000|all,greedy,2019,7000,all,20,2022,general,10000,2136,1884,0.17197452229299362,0.8736730360934183,0.3566374012393778,20477.436283826828,,,,
greedy|2019|7000|all,greedy,2019,7000,all,20,2023,general,5000,2114,1849,0.06435911303407248,0.8707409410492158,0.1601588590001875,19917.587369441986,,,,
greedy|2019|7000|all,greedy,2019,7000,all,20,2023,general,7000,2114,1849,0.10275824770146025,0.8707409410492158,0.25133972529831455,19917.587369441986,,,,
greedy|2019|7000|all,greedy,2019,7000,all,20,2023,general,10000,2114,1849,0.18442401297998917,0.8707409410492158,0.38064896573023094,19917.587369441986,,,,
greedy|2019|7000|all,greedy,2019,7000,all,20,2024,general,5000,2099,1767,0.06395019807583475,0.8596491228070176,0.15129975640460444,20657.304581165314,,,,
greedy|2019|7000|all,greedy,2019,7000,all,20,2024,general,7000,2099,1767,0.10526315789473684,0.8596491228070176,0.23736116588715675,20657.304581165314,,,,
greedy|2019|7000|all,greedy,2019,7000,all,20,2024,general,10000,2099,1767,0.19298245614035087,0.8596491228070176,0.35126828025697276,20657.304581165314,,,,
greedy|2019|7000|all,greedy,2019,7000,all,20,2025,general,5000,2085,1769,0.059920859242509894,0.861503674392312,0.1519063983020827,20607.056970119476,,,,
greedy|2019|7000|all,greedy,2019,7000,all,20,2025,general,7000,2085,1769,0.09270774448841153,0.861503674392312,0.24121783297264732,20607.056970119476,,,,
greedy|2019|7000|all,greedy,2019,7000,all,20,2025,general,10000,2085,1769,0.1814584511023177,0.861503674392312,0.3579826126155652,20607.056970119476,,,,
greedy|2019|7000|all,greedy,2019,7000,all,20,2018,roro,5000,615,529,0.03780718336483932,0.9035916824196597,0.153938970018851,22531.422203540802,,,,
greedy|2019|7000|all,greedy,2019,7000,all,20,2018,roro,7000,615,529,0.04914933837429111,0.9035916824196597,0.24788679236202033,22531.422203540802,,,,
greedy|2019|7000|all,greedy,2019,7000,all,20,2018,roro,10000,615,529,0.10775047258979206,0.9035916824196597,0.37586462005844257,22531.422203540802,,,,
greedy|2019|7000|all,greedy,2019,7000,all,20,2019,roro,5000,620,517,0.04448742746615087,0.9090909090909091,0.15884262634160765,24432.77089738846,,,,
greedy|2019|7000|all,greedy,2019,7000,all,20,2019,roro,7000,620,517,0.061895551257253385,0.9090909090909091,0.26021737929225774,24432.77089738846,,,,
greedy|2019|7000|all,greedy,2019,7000,all,20,2019,roro,10000,620,517,0.1102514506769826,0.9090909090909091,0.398265519013462,24432.77089738846,,,,
greedy|2019|7000|all,greedy,2019,7000,all,20,2020,roro,5000,637,506,0.045454545454545456,0.8893280632411067,0.1655948091594693,22670.090265750885,,,,
greedy|2019|7000|all,greedy,2019,7000,all,20,2020,roro,7000,637,506,0.05533596837944664,0.8893280632411067,0.26207583266814205,22670.090265750885,,,,
greedy|2019|7000|all,greedy,2019,7000,all,20,2020,roro,10000,637,506,0.11067193675889328,0.8893280632411067,0.39517366131888876,22670.090265750885,,,,
greedy|2019|7000|all,greedy,2019,7000,all,20,2021,roro,5000,654,529,0.045368620037807186,0.9035916824196597,0.15327732102981054,23049.206260681152,,,,
greedy|2019|7000|all,greedy,2019,7000,all,20,2021,roro,7000,654,529,0.054820415879017016,0.9035916824196597,0.2570814852620816,23049.206260681152,,,,
greedy|2019|7000|all,greedy,2019,7000,all,20,2021,roro,10000,654,529,0.09640831758034027,0.9035916824196597,0.3909979353924498,23049.206260681152,,,,
greedy|2019|7000|all,greedy,2019,7000,all,20,2022,roro,5000,668,607,0.03459637561779242,0.9011532125205931,0.14991242245787018,22442.095867156982,,,,
greedy|2019|7000|all,greedy,2019,7000,all,20,2022,roro,7000,668,607,0.04612850082372323,0.9011532125205931,0.2463774329191712,22442.095867156982,,,,
greedy|2019|7000|all,greedy,2019,7000,all,20,2022,roro,10000,668,607,0.11532125205930807,0.9011532125205931,0.3947769664264877,22442.095867156982,,,,
greedy|2019|7000|all,greedy,2019,7000,all,20,2023,roro,5000,650,601,0.029950083194675542,0.9351081530782029,0.15054083427970696,22243.424629211426,,,,
greedy|2019|7000|all,greedy,2019,7000,all,20,2023,roro,7000,650,601,0.03993344425956739,0.9351081530782029,0.24023199339024867,22243.424629211426,,,,
greedy|2019|7000|all,greedy,2019,7000,all,20,2023,roro,10000,650,601,0.08485856905158069,0.9351081530782029,0.37967979993286216,22243.424629211426,,,,
greedy|2019|7000|all,greedy,2019,7000,all,20,2024,roro,5000,642,561,0.035650623885918005,0.9162210338680927,0.1352859146019881,22474.81793665886,,,,
greedy|2019|7000|all,greedy,2019,7000,all,20,2024,roro,7000,642,561,0.044563279857397504,0.9162210338680927,0.2140767853527509,22474.81793665886,,,,
greedy|2019|7000|all,greedy,2019,7000,all,20,2024,roro,10000,642,561,0.08377896613190731,0.9162210338680927,0.35174559169006275,22474.81793665886,,,,
greedy|2019|7000|all,greedy,2019,7000,all,20,2025,roro,5000,646,588,0.04081632653061224,0.9166666666666666,0.1434345581474838,23119.564806103706,,,,
greedy|2019|7000|all,greedy,2019,7000,all,20,2025,roro,7000,646,588,0.05102040816326531,0.9166666666666666,0.22165498014953497,23119.564806103706,,,,
greedy|2019|7000|all,greedy,2019,7000,all,20,2025,roro,10000,646,588,0.09523809523809523,0.9166666666666666,0.35573499658908625,23119.564806103706,,,,
greedy|2019|7000|all,greedy,2019,7000,all,20,2018,tanker,5000,4618,3798,0.08609794628751975,0.8967877830437072,0.20160342958736288,15818.91683793068,,,,
greedy|2019|7000|all,greedy,2019,7000,all,20,2018,tanker,7000,4618,3798,0.1334913112164297,0.8967877830437072,0.30566581676104415,15818.91683793068,,,,
greedy|2019|7000|all,greedy,2019,7000,all,20,2018,tanker,10000,4618,3798,0.2456556082148499,0.8967877830437072,0.43508680975341446,15818.91683793068,,,,
greedy|2019|7000|all,greedy,2019,7000,all,20,2019,tanker,5000,4875,3924,0.07415902140672782,0.8960244648318043,0.20998115819059682,16943.27409553528,,,,
greedy|2019|7000|all,greedy,2019,7000,all,20,2019,tanker,7000,4875,3924,0.12054026503567788,0.8960244648318043,0.3212611871315415,16943.27409553528,,,,
greedy|2019|7000|all,greedy,2019,7000,all,20,2019,tanker,10000,4875,3924,0.2237512742099898,0.8960244648318043,0.46509196878168907,16943.27409553528,,,,
greedy|2019|7000|all,greedy,2019,7000,all,20,2020,tanker,5000,4919,3944,0.06795131845841786,0.901369168356998,0.21198570295386762,16627.058272361755,,,,
greedy|2019|7000|all,greedy,2019,7000,all,20,2020,tanker,7000,4919,3944,0.11460446247464504,0.901369168356998,0.33309222876976585,16627.058272361755,,,,
greedy|2019|7000|all,greedy,2019,7000,all,20,2020,tanker,10000,4919,3944,0.2302231237322515,0.901369168356998,0.48347162862135984,16627.058272361755,,,,
greedy|2019|7000|all,greedy,2019,7000,all,20,2021,tanker,5000,4987,4085,0.06927784577723378,0.9062423500611995,0.21329359718640842,16470.15419960022,,,,
greedy|2019|7000|all,greedy,2019,7000,all,20,2021,tanker,7000,4987,4085,0.12925336597307222,0.9062423500611995,0.3310600212262221,16470.15419960022,,,,
greedy|2019|7000|all,greedy,2019,7000,all,20,2021,tanker,10000,4987,4085,0.23427172582619338,0.9062423500611995,0.48547870786416597,16470.15419960022,,,,
greedy|2019|7000|all,greedy,2019,7000,all,20,2022,tanker,5000,4893,4229,0.07803263182785529,0.9058879167651928,0.2246935940895282,16226.985536575317,,,,
greedy|2019|7000|all,greedy,2019,7000,all,20,2022,tanker,7000,4893,4229,0.13714826200047292,0.9058879167651928,0.3416776039204432,16226.985536575317,,,,
greedy|2019|7000|all,greedy,2019,7000,all,20,2022,tanker,10000,4893,4229,0.24237408370773234,0.9058879167651928,0.49509294744501,16226.985536575317,,,,
greedy|2019|7000|all,greedy,2019,7000,all,20,2023,tanker,5000,4791,4262,0.07132801501642422,0.8991083998122947,0.22237324892126673,16000.144310832024,,,,
greedy|2019|7000|all,greedy,2019,7000,all,20,2023,tanker,7000,4791,4262,0.1302205537306429,0.8991083998122947,0.3448328566334146,16000.144310832024,,,,
greedy|2019|7000|all,greedy,2019,7000,all,20,2023,tanker,10000,4791,4262,0.24354763022055373,0.8991083998122947,0.5007022993111692,16000.144310832024,,,,
greedy|2019|7000|all,greedy,2019,7000,all,20,2024,tanker,5000,4777,4087,0.08735013457303646,0.8827991191583068,0.2135625875165645,16494.47824859619,,,,
greedy|2019|7000|all,greedy,2019,7000,all,20,2024,tanker,7000,4777,4087,0.14900905309517984,0.8827991191583068,0.3224351214157112,16494.47824859619,,,,
greedy|2019|7000|all,greedy,2019,7000,all,20,2024,tanker,10000,4777,4087,0.2476143870809885,0.8827991191583068,0.4623092622431357,16494.47824859619,,,,
greedy|2019|7000|all,greedy,2019,7000,all,20,2025,tanker,5000,4763,4099,0.09148572822639668,0.8807026103927788,0.2126343797553836,16349.244856834412,,,,
greedy|2019|7000|all,greedy,2019,7000,all,20,2025,tanker,7000,4763,4099,0.1502805562332276,0.8807026103927788,0.32009806220318565,16349.244856834412,,,,
greedy|2019|7000|all,greedy,2019,7000,all,20,2025,tanker,10000,4763,4099,0.24079043669187608,0.8807026103927788,0.46302620594902305,16349.244856834412,,,,
greedy|2024|7000|all,greedy,2024,7000,all,20,2018,all,5000,18359,15321,0.06977351347823249,0.8897591541022126,0.16693288284397595,21305.8060836792,,,,
greedy|2024|7000|all,greedy,2024,7000,all,20,2018,all,7000,18359,15321,0.10854382873180601,0.8897591541022126,0.24512649606458048,21305.8060836792,,,,
greedy|2024|7000|all,greedy,2024,7000,all,20,2018,all,10000,18359,15321,0.18993538280791072,0.8897591541022126,0.338962700300726,21305.8060836792,,,,
greedy|2024|7000|all,greedy,2024,7000,all,20,2019,all,5000,19082,15502,0.06534640691523674,0.886530770223197,0.16528546177091313,23217.29418361187,,,,
greedy|2024|7000|all,greedy,2024,7000,all,20,2019,all,7000,19082,15502,0.09824538769191073,0.886530770223197,0.24641994412651058,23217.29418361187,,,,
greedy|2024|7000|all,greedy,2024,7000,all,20,2019,all,10000,19082,15502,0.17268739517481616,0.886530770223197,0.3471987739171753,23217.29418361187,,,,
greedy|2024|7000|all,greedy,2024,7000,all,20,2020,all,5000,19477,15740,0.06372299872935197,0.8940914866581957,0.16668807051450743,23124.251517653465,,,,
greedy|2024|7000|all,greedy,2024,7000,all,20,2020,all,7000,19477,15740,0.09758576874205845,0.8940914866581957,0.24923086872958775,23124.251517653465,,,,
greedy|2024|7000|all,greedy,2024,7000,all,20,2020,all,10000,19477,15740,0.16969504447268108,0.8940914866581957,0.3504034461935877,23124.251517653465,,,,
greedy|2024|7000|all,greedy,2024,7000,all,20,2021,all,5000,19938,16620,0.05703971119133574,0.8953068592057761,0.1570422288310092,23435.438514232635,,,,
greedy|2024|7000|all,greedy,2024,7000,all,20,2021,all,7000,19938,16620,0.0934416365824308,0.8953068592057761,0.2384926167853776,23435.438514232635,,,,
greedy|2024|7000|all,greedy,2024,7000,all,20,2021,all,10000,19938,16620,0.16064981949458484,0.8953068592057761,0.339646124911823,23435.438514232635,,,,
greedy|2024|7000|all,greedy,2024,7000,all,20,2022,all,5000,19678,17691,0.06607879712848341,0.8981402973263242,0.1733705281540125,22613.785336494446,,,,
greedy|2024|7000|all,greedy,2024,7000,all,20,2022,all,7000,19678,17691,0.10949070148663162,0.8981402973263242,0.2579469645083058,22613.785336494446,,,,
greedy|2024|7000|all,greedy,2024,7000,all,20,2022,all,10000,19678,17691,0.17941326098015942,0.8981402973263242,0.36039734545182694,22613.785336494446,,,,
greedy|2024|7000|all,greedy,2024,7000,all,20,2023,all,5000,19387,17714,0.06808174325392345,0.8929660155808965,0.1853756660854109,22175.632526516914,,,,
greedy|2024|7000|all,greedy,2024,7000,all,20,2023,all,7000,19387,17714,0.11222761657446088,0.8929660155808965,0.2710592497396169,22175.632526516914,,,,
greedy|2024|7000|all,greedy,2024,7000,all,20,2023,all,10000,19387,17714,0.18516427684317488,0.8929660155808965,0.37509677946554726,22175.632526516914,,,,
greedy|2024|7000|all,greedy,2024,7000,all,20,2024,all,5000,19307,16746,0.07177833512480593,0.8825988295712409,0.1778553213324989,22533.490321159363,,,,
greedy|2024|7000|all,greedy,2024,7000,all,20,2024,all,7000,19307,16746,0.11704287591066523,0.8825988295712409,0.2546771894192263,22533.490321159363,,,,
greedy|2024|7000|all,greedy,2024,7000,all,20,2024,all,10000,19307,16746,0.18858234802340856,0.8825988295712409,0.35185733538298514,22533.490321159363,,,,
greedy|2024|7000|all,greedy,2024,7000,all,20,2025,all,5000,19237,17006,0.06827002234505469,0.8804539574267906,0.174726319547801,22649.27645111084,,,,
greedy|2024|7000|all,greedy,2024,7000,all,20,2025,all,7000,19237,17006,0.11090203457603198,0.8804539574267906,0.2513980750167391,22649.27645111084,,,,
greedy|2024|7000|all,greedy,2024,7000,all,20,2025,all,10000,19237,17006,0.18305304010349288,0.8804539574267906,0.34961159980876394,22649.27645111084,,,,
greedy|2024|7000|all,greedy,2024,7000,all,20,2018,bulk,5000,7047,6294,0.03527168732125834,0.9140451223387352,0.10515350463782236,24522.104974269867,,,,
greedy|2024|7000|all,greedy,2024,7000,all,20,2018,bulk,7000,7047,6294,0.057515093740069904,0.9140451223387352,0.1533698947499781,24522.104974269867,,,,
greedy|2024|7000|all,greedy,2024,7000,all,20,2018,bulk,10000,7047,6294,0.11058150619637751,0.9140451223387352,0.22020618521844962,24522.104974269867,,,,
greedy|2024|7000|all,greedy,2024,7000,all,20,2019,bulk,5000,7336,6371,0.03406058703500235,0.9133574007220217,0.1046517276429866,27216.92726135254,,,,
greedy|2024|7000|all,greedy,2024,7000,all,20,2019,bulk,7000,7336,6371,0.05054151624548736,0.9133574007220217,0.16139879615855565,27216.92726135254,,,,
greedy|2024|7000|all,greedy,2024,7000,all,20,2019,bulk,10000,7336,6371,0.09904253649348611,0.9133574007220217,0.23593338970449068,27216.92726135254,,,,
greedy|2024|7000|all,greedy,2024,7000,all,20,2020,bulk,5000,7551,6573,0.028449718545565193,0.923779096303058,0.10485828485199825,26525.825840950012,,,,
greedy|2024|7000|all,greedy,2024,7000,all,20,2020,bulk,7000,7551,6573,0.04670622242507227,0.923779096303058,0.16295566896717206,26525.825840950012,,,,
greedy|2024|7000|all,greedy,2024,7000,all,20,2020,bulk,10000,7551,6573,0.09036969420356002,0.923779096303058,0.24224123186556837,26525.825840950012,,,,
greedy|2024|7000|all,greedy,2024,7000,all,20,2021,bulk,5000,7737,6773,0.021851469068359664,0.9186475712387421,0.08826535200327973,27663.23034954071,,,,
greedy|2024|7000|all,greedy,2024,7000,all,20,2021,bulk,7000,7737,6773,0.0342536542152665,0.9186475712387421,0.14407368740677448,27663.23034954071,,,,
greedy|2024|7000|all,greedy,2024,7000,all,20,2021,bulk,10000,7737,6773,0.07426546582016831,0.9186475712387421,0.22398335472005662,27663.23034954071,,,,
greedy|2024|7000|all,greedy,2024,7000,all,20,2022,bulk,5000,7632,7090,0.027362482369534556,0.9200282087447108,0.10016620200697328,26484.820923686028,,,,
greedy|2024|7000|all,greedy,2024,7000,all,20,2022,bulk,7000,7632,7090,0.048095909732016925,0.9200282087447108,0.15879016653998618,26484.820923686028,,,,
greedy|2024|7000|all,greedy,2024,7000,all,20,2022,bulk,10000,7632,7090,0.09548660084626234,0.9200282087447108,0.2409709883948869,26484.820923686028,,,,
greedy|2024|7000|all,greedy,2024,7000,all,20,2023,bulk,5000,7477,7061,0.03229004390312987,0.9196997592409007,0.1157268232206259,24802.436710357666,,,,
greedy|2024|7000|all,greedy,2024,7000,all,20,2023,bulk,7000,7477,7061,0.0548081008355757,0.9196997592409007,0.18121027051617788,24802.436710357666,,,,
greedy|2024|7000|all,greedy,2024,7000,all,20,2023,bulk,10000,7477,7061,0.10763347967709956,0.9196997592409007,0.2691206509829074,24802.436710357666,,,,
greedy|2024|7000|all,greedy,2024,7000,all,20,2024,bulk,5000,7486,6665,0.030607651912978245,0.9138784696174044,0.11466280004022275,25308.27485024929,,,,
greedy|2024|7000|all,greedy,2024,7000,all,20,2024,bulk,7000,7486,6665,0.05431357839459865,0.9138784696174044,0.17270866408487306,25308.27485024929,,,,
greedy|2024|7000|all,greedy,2024,7000,all,20,2024,bulk,10000,7486,6665,0.10817704426106527,0.9138784696174044,0.2534254889904974,25308.27485024929,,,,
greedy|2024|7000|all,greedy,2024,7000,all,20,2025,bulk,5000,7455,6820,0.027126099706744868,0.9102639296187683,0.11435615811375678,25247.658645391464,,,,
greedy|2024|7000|all,greedy,2024,7000,all,20,2025,bulk,7000,7455,6820,0.05366568914956012,0.9102639296187683,0.16909094302482336,25247.658645391464,,,,
greedy|2024|7000|all,greedy,2024,7000,all,20,2025,bulk,10000,7455,6820,0.10659824046920821,0.9102639296187683,0.25006672035990607,25247.658645391464,,,,
greedy|2024|7000|all,greedy,2024,7000,all,20,2018,container,5000,3087,2234,0.1593554162936437,0.8630259623992838,0.30880498462071154,13211.59580719471,,,,
greedy|2024|7000|all,greedy,2024,7000,all,20,2018,container,7000,3087,2234,0.2412712623097583,0.8630259623992838,0.4263013571290361,13211.59580719471,,,,
greedy|2024|7000|all,greedy,2024,7000,all,20,2018,container,10000,3087,2234,0.38585496866606983,0.8630259623992838,0.5494120592137175,13211.59580719471,,,,
greedy|2024|7000|all,greedy,2024,7000,all,20,2019,container,5000,3179,2209,0.15980081484834766,0.8438207333635129,0.3037503489150102,14362.278140068054,,,,
greedy|2024|7000|all,greedy,2024,7000,all,20,2019,container,7000,3179,2209,0.23087369850611136,0.8438207333635129,0.41746950585456644,14362.278140068054,,,,
greedy|2024|7000|all,greedy,2024,7000,all,20,2019,container,10000,3179,2209,0.3644182888184699,0.8438207333635129,0.5420538063262421,14362.278140068054,,,,
greedy|2024|7000|all,greedy,2024,7000,all,20,2020,container,5000,3213,2212,0.1767631103074141,0.8612115732368897,0.3242690458764466,14091.604331672192,,,,
greedy|2024|7000|all,greedy,2024,7000,all,20,2020,container,7000,3213,2212,0.2472875226039783,0.8612115732368897,0.43666484264822086,14091.604331672192,,,,
greedy|2024|7000|all,greedy,2024,7000,all,20,2020,container,10000,3213,2212,0.3720614828209765,0.8612115732368897,0.5525439132913134,14091.604331672192,,,,
greedy|2024|7000|all,greedy,2024,7000,all,20,2021,container,5000,3329,2505,0.15089820359281436,0.856686626746507,0.3018022390952733,14389.15472471714,,,,
greedy|2024|7000|all,greedy,2024,7000,all,20,2021,container,7000,3329,2505,0.24191616766467067,0.856686626746507,0.4177141696594599,14389.15472471714,,,,
greedy|2024|7000|all,greedy,2024,7000,all,20,2021,container,10000,3329,2505,0.35728542914171657,0.856686626746507,0.5289176837861449,14389.15472471714,,,,
greedy|2024|7000|all,greedy,2024,7000,all,20,2022,container,5000,3281,2890,0.16470588235294117,0.8868512110726644,0.32012895947457376,14078.334876537323,,,,
greedy|2024|7000|all,greedy,2024,7000,all,20,2022,container,7000,3281,2890,0.2671280276816609,0.8868512110726644,0.4388818400131148,14078.334876537323,,,,
greedy|2024|7000|all,greedy,2024,7000,all,20,2022,container,10000,3281,2890,0.3698961937716263,0.8868512110726644,0.5399099273665965,14078.334876537323,,,,
greedy|2024|7000|all,greedy,2024,7000,all,20,2023,container,5000,3293,2948,0.16587516960651288,0.8717774762550882,0.3470886293396244,14612.310006380081,,,,
greedy|2024|7000|all,greedy,2024,7000,all,20,2023,container,7000,3293,2948,0.2618724559023066,0.8717774762550882,0.456198669434313,14612.310006380081,,,,
greedy|2024|7000|all,greedy,2024,7000,all,20,2023,container,10000,3293,2948,0.3616010854816825,0.8717774762550882,0.5593917360436655,14612.310006380081,,,,
greedy|2024|7000|all,greedy,2024,7000,all,20,2024,container,5000,3234,2715,0.1712707182320442,0.856353591160221,0.3284949890928102,14979.10131931305,,,,
greedy|2024|7000|all,greedy,2024,7000,all,20,2024,container,7000,3234,2715,0.2596685082872928,0.856353591160221,0.42727626315923883,14979.10131931305,,,,
greedy|2024|7000|all,greedy,2024,7000,all,20,2024,container,10000,3234,2715,0.3565377532228361,0.856353591160221,0.531961931643081,14979.10131931305,,,,
greedy|2024|7000|all,greedy,2024,7000,all,20,2025,container,5000,3231,2779,0.15293270960777258,0.863260165527168,0.3174514646876933,16359.170412540436,,,,
greedy|2024|7000|all,greedy,2024,7000,all,20,2025,container,7000,3231,2779,0.24073407700611732,0.863260165527168,0.42024488459437775,16359.170412540436,,,,
greedy|2024|7000|all,greedy,2024,7000,all,20,2025,container,10000,3231,2779,0.34364879453040664,0.863260165527168,0.5297196290936653,16359.170412540436,,,,
greedy|2024|7000|all,greedy,2024,7000,all,20,2018,gas,5000,939,820,0.041463414634146344,0.8829268292682927,0.07578279338132464,27222.4821549654,,,,
greedy|2024|7000|all,greedy,2024,7000,all,20,2018,gas,7000,939,820,0.07317073170731707,0.8829268292682927,0.14383595636179874,27222.4821549654,,,,
greedy|2024|7000|all,greedy,2024,7000,all,20,2018,gas,10000,939,820,0.13414634146341464,0.8829268292682927,0.24568662824815846,27222.4821549654,,,,
greedy|2024|7000|all,greedy,2024,7000,all,20,2019,gas,5000,988,874,0.038901601830663615,0.8729977116704806,0.07114900150211312,32637.65219077468,,,,
greedy|2024|7000|all,greedy,2024,7000,all,20,2019,gas,7000,988,874,0.05835240274599542,0.8729977116704806,0.12676413793133345,32637.65219077468,,,,
greedy|2024|7000|all,greedy,2024,7000,all,20,2019,gas,10000,988,874,0.11327231121281464,0.8729977116704806,0.2287602210295749,32637.65219077468,,,,
greedy|2024|7000|all,greedy,2024,7000,all,20,2020,gas,5000,1039,913,0.03176341730558598,0.872946330777656,0.05839001644863136,34647.73394870758,,,,
greedy|2024|7000|all,greedy,2024,7000,all,20,2020,gas,7000,1039,913,0.05257393209200438,0.872946330777656,0.11045847667102013,34647.73394870758,,,,
greedy|2024|7000|all,greedy,2024,7000,all,20,2020,gas,10000,1039,913,0.09419496166484119,0.872946330777656,0.21037152864925804,34647.73394870758,,,,
greedy|2024|7000|all,greedy,2024,7000,all,20,2021,gas,5000,1084,977,0.019447287615148412,0.8925281473899693,0.05649614135434742,36630.4200296402,,,,
greedy|2024|7000|all,greedy,2024,7000,all,20,2021,gas,7000,1084,977,0.03991811668372569,0.8925281473899693,0.10704936505306101,36630.4200296402,,,,
greedy|2024|7000|all,greedy,2024,7000,all,20,2021,gas,10000,1084,977,0.07062436028659161,0.8925281473899693,0.18978275612434015,36630.4200296402,,,,
greedy|2024|7000|all,greedy,2024,7000,all,20,2022,gas,5000,1068,991,0.026236125126135216,0.8950554994954592,0.06300947972964674,36113.389147758484,,,,
greedy|2024|7000|all,greedy,2024,7000,all,20,2022,gas,7000,1068,991,0.04944500504540868,0.8950554994954592,0.12162821997295746,36113.389147758484,,,,
greedy|2024|7000|all,greedy,2024,7000,all,20,2022,gas,10000,1068,991,0.08375378405650857,0.8950554994954592,0.21674915858240412,36113.389147758484,,,,
greedy|2024|7000|all,greedy,2024,7000,all,20,2023,gas,5000,1062,993,0.03323262839879154,0.878147029204431,0.058070080319746205,36727.98461437225,,,,
greedy|2024|7000|all,greedy,2024,7000,all,20,2023,gas,7000,1062,993,0.054380664652567974,0.878147029204431,0.10995951703107329,36727.98461437225,,,,
greedy|2024|7000|all,greedy,2024,7000,all,20,2023,gas,10000,1062,993,0.08559919436052367,0.878147029204431,0.19726192364407863,36727.98461437225,,,,
greedy|2024|7000|all,greedy,2024,7000,all,20,2024,gas,5000,1069,951,0.04100946372239748,0.8769716088328076,0.057824264860405934,37807.14344882965,,,,
greedy|2024|7000|all,greedy,2024,7000,all,20,2024,gas,7000,1069,951,0.056782334384858045,0.8769716088328076,0.0969141533802974,37807.14344882965,,,,
greedy|2024|7000|all,greedy,2024,7000,all,20,2024,gas,10000,1069,951,0.09568874868559411,0.8769716088328076,0.16494739292215194,37807.14344882965,,,,
greedy|2024|7000|all,greedy,2024,7000,all,20,2025,gas,5000,1057,951,0.04416403785488959,0.861198738170347,0.05301463529129895,36087.612277030945,,,,
greedy|2024|7000|all,greedy,2024,7000,all,20,2025,gas,7000,1057,951,0.05783385909568875,0.861198738170347,0.09654418286247875,36087.612277030945,,,,
greedy|2024|7000|all,greedy,2024,7000,all,20,2025,gas,10000,1057,951,0.10094637223974763,0.861198738170347,0.16647143391469466,36087.612277030945,,,,
greedy|2024|7000|all,greedy,2024,7000,all,20,2018,general,5000,2053,1646,0.07047387606318348,0.8493317132442284,0.1552843990071449,20267.676162241958,,,,
greedy|2024|7000|all,greedy,2024,7000,all,20,2018,general,7000,2053,1646,0.10874848116646416,0.8493317132442284,0.22711062497276902,20267.676162241958,,,,
greedy|2024|7000|all,greedy,2024,7000,all,20,2018,general,10000,2053,1646,0.2077764277035237,0.8493317132442284,0.3114307391145122,20267.676162241958,,,,
greedy|2024|7000|all,greedy,2024,7000,all,20,2019,general,5000,2084,1607,0.06533914125700062,0.8543870566272558,0.15134344639433808,23961.548540115356,,,,
greedy|2024|7000|all,greedy,2024,7000,all,20,2019,general,7000,2084,1607,0.09583074051026758,0.8543870566272558,0.22523380496234924,23961.548540115356,,,,
greedy|2024|7000|all,greedy,2024,7000,all,20,2019,general,10000,2084,1607,0.1748599875544493,0.8543870566272558,0.31092570848165085,23961.548540115356,,,,
greedy|2024|7000|all,greedy,2024,7000,all,20,2020,general,5000,2118,1592,0.06532663316582915,0.8511306532663316,0.15232797660158315,23789.702756643295,,,,
greedy|2024|7000|all,greedy,2024,7000,all,20,2020,general,7000,2118,1592,0.10678391959798995,0.8511306532663316,0.23019171631303184,23789.702756643295,,,,
greedy|2024|7000|all,greedy,2024,7000,all,20,2020,general,10000,2118,1592,0.1922110552763819,0.8511306532663316,0.3162765833836944,23789.702756643295,,,,
greedy|2024|7000|all,greedy,2024,7000,all,20,2021,general,5000,2147,1751,0.04968589377498572,0.857795545402627,0.14783696518152015,23414.16188621521,,,,
greedy|2024|7000|all,greedy,2024,7000,all,20,2021,general,7000,2147,1751,0.0799543118218161,0.857795545402627,0.2210976899650867,23414.16188621521,,,,
greedy|2024|7000|all,greedy,2024,7000,all,20,2021,general,10000,2147,1751,0.16219303255282697,0.857795545402627,0.3178003052582997,23414.16188621521,,,,
greedy|2024|7000|all,greedy,2024,7000,all,20,2022,general,5000,2136,1884,0.06050955414012739,0.8455414012738853,0.15076596654113186,22268.700217485428,,,,
greedy|2024|7000|all,greedy,2024,7000,all,20,2022,general,7000,2136,1884,0.09713375796178345,0.8455414012738853,0.22711104953654082,22268.700217485428,,,,
greedy|2024|7000|all,greedy,2024,7000,all,20,2022,general,10000,2136,1884,0.1762208067940552,0.8455414012738853,0.3274866660074858,22268.700217485428,,,,
greedy|2024|7000|all,greedy,2024,7000,all,20,2023,general,5000,2114,1849,0.06544077879935101,0.8426176311519741,0.16317313561441069,22089.28186607361,,,,
greedy|2024|7000|all,greedy,2024,7000,all,20,2023,general,7000,2114,1849,0.10870740941049216,0.8426176311519741,0.24367351593360853,22089.28186607361,,,,
greedy|2024|7000|all,greedy,2024,7000,all,20,2023,general,10000,2114,1849,0.19848566792861005,0.8426176311519741,0.3445727168788653,22089.28186607361,,,,
greedy|2024|7000|all,greedy,2024,7000,all,20,2024,general,5000,2099,1767,0.06564799094510469,0.8285229202037352,0.15623401859546932,22608.13125038147,,,,
greedy|2024|7000|all,greedy,2024,7000,all,20,2024,general,7000,2099,1767,0.11035653650254669,0.8285229202037352,0.23217499861827803,22608.13125038147,,,,
greedy|2024|7000|all,greedy,2024,7000,all,20,2024,general,10000,2099,1767,0.20656479909451048,0.8285229202037352,0.3292948346802459,22608.13125038147,,,,
greedy|2024|7000|all,greedy,2024,7000,all,20,2025,general,5000,2085,1769,0.060486150367439234,0.8219332956472584,0.15648991358357212,22638.827100753784,,,,
greedy|2024|7000|all,greedy,2024,7000,all,20,2025,general,7000,2085,1769,0.09440361786319955,0.8219332956472584,0.23253758784755205,22638.827100753784,,,,
greedy|2024|7000|all,greedy,2024,7000,all,20,2025,general,10000,2085,1769,0.19841718485019785,0.8219332956472584,0.3308369261761147,22638.827100753784,,,,
greedy|2024|7000|all,greedy,2024,7000,all,20,2018,roro,5000,615,529,0.03780718336483932,0.8922495274102079,0.17456650137139212,24331.92603123188,,,,
greedy|2024|7000|all,greedy,2024,7000,all,20,2018,roro,7000,615,529,0.062381852551984876,0.8922495274102079,0.26075222997119263,24331.92603123188,,,,
greedy|2024|7000|all,greedy,2024,7000,all,20,2018,roro,10000,615,529,0.12287334593572778,0.8922495274102079,0.3568017863969449,24331.92603123188,,,,
greedy|2024|7000|all,greedy,2024,7000,all,20,2019,roro,5000,620,517,0.05029013539651837,0.9052224371373307,0.17985003416114553,26864.828395843506,,,,
greedy|2024|7000|all,greedy,2024,7000,all,20,2019,roro,7000,620,517,0.07156673114119923,0.9052224371373307,0.2734051440638182,26864.828395843506,,,,
greedy|2024|7000|all,greedy,2024,7000,all,20,2019,roro,10000,620,517,0.11218568665377177,0.9052224371373307,0.3785441341695026,26864.828395843506,,,,
greedy|2024|7000|all,greedy,2024,7000,all,20,2020,roro,5000,637,506,0.04743083003952569,0.883399209486166,0.18423514945814906,24754.627530813217,,,,
greedy|2024|7000|all,greedy,2024,7000,all,20,2020,roro,7000,637,506,0.06324110671936758,0.883399209486166,0.2756013789972807,24754.627530813217,,,,
greedy|2024|7000|all,greedy,2024,7000,all,20,2020,roro,10000,637,506,0.1225296442687747,0.883399209486166,0.38580718361930755,24754.627530813217,,,,
greedy|2024|7000|all,greedy,2024,7000,all,20,2021,roro,5000,654,529,0.04914933837429111,0.9017013232514177,0.17404936528039297,25948.414777755737,,,,
greedy|2024|7000|all,greedy,2024,7000,all,20,2021,roro,7000,654,529,0.062381852551984876,0.9017013232514177,0.27472263142198,25948.414777755737,,,,
greedy|2024|7000|all,greedy,2024,7000,all,20,2021,roro,10000,654,529,0.09262759924385633,0.9017013232514177,0.37492564052220034,25948.414777755737,,,,
greedy|2024|7000|all,greedy,2024,7000,all,20,2022,roro,5000,668,607,0.042833607907743,0.8978583196046128,0.17152732196178763,24742.30664920807,,,,
greedy|2024|7000|all,greedy,2024,7000,all,20,2022,roro,7000,668,607,0.06260296540362438,0.8978583196046128,0.2631497599966457,24742.30664920807,,,,
greedy|2024|7000|all,greedy,2024,7000,all,20,2022,roro,10000,668,607,0.128500823723229,0.8978583196046128,0.3852408936394575,24742.30664920807,,,,
greedy|2024|7000|all,greedy,2024,7000,all,20,2023,roro,5000,650,601,0.03161397670549085,0.9234608985024958,0.17566695544384828,24756.897230148315,,,,
greedy|2024|7000|all,greedy,2024,7000,all,20,2023,roro,7000,650,601,0.04991680532445923,0.9234608985024958,0.2644845082906416,24756.897230148315,,,,
greedy|2024|7000|all,greedy,2024,7000,all,20,2023,roro,10000,650,601,0.1048252911813644,0.9234608985024958,0.37353665458104013,24756.897230148315,,,,
greedy|2024|7000|all,greedy,2024,7000,all,20,2024,roro,5000,642,561,0.04634581105169341,0.9126559714795008,0.16124910670674064,25327.55445766449,,,,
greedy|2024|7000|all,greedy,2024,7000,all,20,2024,roro,7000,642,561,0.0570409982174688,0.9126559714795008,0.24897022827422025,25327.55445766449,,,,
greedy|2024|7000|all,greedy,2024,7000,all,20,2024,roro,10000,642,561,0.10160427807486631,0.9126559714795008,0.34722289317192007,25327.55445766449,,,,
greedy|2024|7000|all,greedy,2024,7000,all,20,2025,roro,5000,646,588,0.04591836734693878,0.9149659863945578,0.17330954620794203,25752.291906774044,,,,
greedy|2024|7000|all,greedy,2024,7000,all,20,2025,roro,7000,646,588,0.05952380952380952,0.9149659863945578,0.2630598347539873,25752.291906774044,,,,
greedy|2024|7000|all,greedy,2024,7000,all,20,2025,roro,10000,646,588,0.11904761904761904,0.9149659863945578,0.35714842139419267,25752.291906774044,,,,
greedy|2024|7000|all,greedy,2024,7000,all,20,2018,tanker,5000,4618,3798,0.08451816745655608,0.8838862559241706,0.17485309210054853,17536.958547115326,,,,
greedy|2024|7000|all,greedy,2024,7000,all,20,2018,tanker,7000,4618,3798,0.129015271195366,0.8838862559241706,0.27350481658887194,17536.958547115326,,,,
greedy|2024|7000|all,greedy,2024,7000,all,20,2018,tanker,10000,4618,3798,0.21985255397577672,0.8838862559241706,0.3891347940070738,17536.958547115326,,,,
greedy|2024|7000|all,greedy,2024,7000,all,20,2019,tanker,5000,4875,3924,0.07084607543323139,0.8807339449541285,0.18339216038644457,19579.648472309113,,,,
greedy|2024|7000|all,greedy,2024,7000,all,20,2019,tanker,7000,4875,3924,0.11442405708460754,0.8807339449541285,0.2873192328218032,19579.648472309113,,,,
greedy|2024|7000|all,greedy,2024,7000,all,20,2019,tanker,10000,4875,3924,0.204638124362895,0.8807339449541285,0.41835991227331376,19579.648472309113,,,,
greedy|2024|7000|all,greedy,2024,7000,all,20,2020,tanker,5000,4919,3944,0.06795131845841786,0.8866632860040567,0.18597159238567723,19196.93290758133,,,,
greedy|2024|7000|all,greedy,2024,7000,all,20,2020,tanker,7000,4919,3944,0.10953346855983773,0.8866632860040567,0.29923765720721923,19196.93290758133,,,,
greedy|2024|7000|all,greedy,2024,7000,all,20,2020,tanker,10000,4919,3944,0.2028397565922921,0.8866632860040567,0.43334116715981763,19196.93290758133,,,,
greedy|2024|7000|all,greedy,2024,7000,all,20,2021,tanker,5000,4987,4085,0.07099143206854346,0.8962056303549572,0.1873651823921749,18877.123207092285,,,,
greedy|2024|7000|all,greedy,2024,7000,all,20,2021,tanker,7000,4987,4085,0.12313341493268054,0.8962056303549572,0.2950439479732857,18877.123207092285,,,,
greedy|2024|7000|all,greedy,2024,7000,all,20,2021,tanker,10000,4987,4085,0.21297429620563035,0.8962056303549572,0.4356604144886592,18877.123207092285,,,,
greedy|2024|7000|all,greedy,2024,7000,all,20,2022,tanker,5000,4893,4229,0.0787420193899267,0.8933554031685977,0.19899989401326457,18266.025012016296,,,,
greedy|2024|7000|all,greedy,2024,7000,all,20,2022,tanker,7000,4893,4229,0.13100023646252068,0.8933554031685977,0.30495415326523867,18266.025012016296,,,,
greedy|2024|7000|all,greedy,2024,7000,all,20,2022,tanker,10000,4893,4229,0.22109245684558998,0.8933554031685977,0.4437891125542775,18266.025012016296,,,,
greedy|2024|7000|all,greedy,2024,7000,all,20,2023,tanker,5000,4791,4262,0.07414359455654622,0.8843266072266541,0.19702613076082134,18113.292620539665,,,,
greedy|2024|7000|all,greedy,2024,7000,all,20,2023,tanker,7000,4791,4262,0.12763960581886438,0.8843266072266541,0.30794619016275443,18113.292620539665,,,,
greedy|2024|7000|all,greedy,2024,7000,all,20,2023,tanker,10000,4791,4262,0.22031909901454716,0.8843266072266541,0.4481325851631085,18113.292620539665,,,,
greedy|2024|7000|all,greedy,2024,7000,all,20,2024,tanker,5000,4777,4087,0.08612674333251774,0.8695864937607046,0.19349413690900705,18453.253819465637,,,,
greedy|2024|7000|all,greedy,2024,7000,all,20,2024,tanker,7000,4777,4087,0.14974308783949106,0.8695864937607046,0.2927073149102411,18453.253819465637,,,,
greedy|2024|7000|all,greedy,2024,7000,all,20,2024,tanker,10000,4777,4087,0.23391240518717887,0.8695864937607046,0.4220619056113364,18453.253819465637,,,,
greedy|2024|7000|all,greedy,2024,7000,all,20,2025,tanker,5000,4763,4099,0.09148572822639668,0.8672847035862405,0.18819477415393865,18564.841018676758,,,,
greedy|2024|7000|all,greedy,2024,7000,all,20,2025,tanker,7000,4763,4099,0.14491339351061233,0.8672847035862405,0.28646666783663294,18564.841018676758,,,,
greedy|2024|7000|all,greedy,2024,7000,all,20,2025,tanker,10000,4763,4099,0.22298121493047085,0.8672847035862405,0.41582886524753104,18564.841018676758,,,,
volume|2019|0|all,volume,2019,0,all,20,2018,all,5000,18359,15321,0.080999934730109,0.8928921088701782,0.1640723279015461,21303.523726701736,,,,
volume|2019|0|all,volume,2019,0,all,20,2018,all,7000,18359,15321,0.11676783499771555,0.8928921088701782,0.2272803528957042,21303.523726701736,,,,
volume|2019|0|all,volume,2019,0,all,20,2018,all,10000,18359,15321,0.18928268389791789,0.8928921088701782,0.31961492186856166,21303.523726701736,,,,
volume|2019|0|all,volume,2019,0,all,20,2019,all,5000,19082,15502,0.07373242162301638,0.8885305121919752,0.16059337241672156,23137.27948665619,,,,
volume|2019|0|all,volume,2019,0,all,20,2019,all,7000,19082,15502,0.10566378531802348,0.8885305121919752,0.22970620899312771,23137.27948665619,,,,
volume|2019|0|all,volume,2019,0,all,20,2019,all,10000,19082,15502,0.17333247322926074,0.8885305121919752,0.3293280617683958,23137.27948665619,,,,
volume|2019|0|all,volume,2019,0,all,20,2020,all,5000,19477,15740,0.07255400254129606,0.8947268106734435,0.16247113825216142,22979.031043857336,,,,
volume|2019|0|all,volume,2019,0,all,20,2020,all,7000,19477,15740,0.10355781448538755,0.8947268106734435,0.23253709264883776,22979.031043857336,,,,
volume|2019|0|all,volume,2019,0,all,20,2020,all,10000,19477,15740,0.1673443456162643,0.8947268106734435,0.33274360429595895,22979.031043857336,,,,
volume|2019|0|all,volume,2019,0,all,20,2021,all,5000,19938,16620,0.06630565583634175,0.8968110709987966,0.15421420681857567,23463.0654129982,,,,
volume|2019|0|all,volume,2019,0,all,20,2021,all,7000,19938,16620,0.099338146811071,0.8968110709987966,0.22025444207187223,23463.0654129982,,,,
volume|2019|0|all,volume,2019,0,all,20,2021,all,10000,19938,16620,0.16034897713598076,0.8968110709987966,0.3190106069534079,23463.0654129982,,,,
volume|2019|0|all,volume,2019,0,all,20,2022,all,5000,19678,17691,0.07580125487536035,0.897405460403595,0.17107508288927656,22569.25729560852,,,,
volume|2019|0|all,volume,2019,0,all,20,2022,all,7000,19678,17691,0.11514329319993218,0.897405460403595,0.23717261659822997,22569.25729560852,,,,
volume|2019|0|all,volume,2019,0,all,20,2022,all,10000,19678,17691,0.1782262167203663,0.897405460403595,0.33710099888098227,22569.25729560852,,,,
volume|2019|0|all,volume,2019,0,all,20,2023,all,5000,19387,17714,0.07988032065033307,0.8933047307214632,0.1809788919448056,22287.771438598633,,,,
volume|2019|0|all,volume,2019,0,all,20,2023,all,7000,19387,17714,0.11764705882352941,0.8933047307214632,0.251177255624467,22287.771438598633,,,,
volume|2019|0|all,volume,2019,0,all,20,2023,all,10000,19387,17714,0.1852207293666027,0.8933047307214632,0.35374970493282815,22287.771438598633,,,,
volume|2019|0|all,volume,2019,0,all,20,2024,all,5000,19307,16746,0.07852621521557387,0.8836737131255226,0.17409317081333708,22614.938163518906,,,,
volume|2019|0|all,volume,2019,0,all,20,2024,all,7000,19307,16746,0.12050638958557268,0.8836737131255226,0.23338300520995306,22614.938163518906,,,,
volume|2019|0|all,volume,2019,0,all,20,2024,all,10000,19307,16746,0.1853576973605637,0.8836737131255226,0.3299889782706221,22614.938163518906,,,,
volume|2019|0|all,volume,2019,0,all,20,2025,all,5000,19237,17006,0.07573797483241208,0.8807479713042455,0.1691017925295622,22667.80585718155,,,,
volume|2019|0|all,volume,2019,0,all,20,2025,all,7000,19237,17006,0.11378337057509115,0.8807479713042455,0.22828800003722757,22667.80585718155,,,,
volume|2019|0|all,volume,2019,0,all,20,2025,all,10000,19237,17006,0.17993649300246972,0.8807479713042455,0.3266412828848676,22667.80585718155,,,,
volume|2019|0|all,volume,2019,0,all,20,2018,bulk,5000,7047,6294,0.04099142040038131,0.9240546552272005,0.09277719845256768,23984.130965441465,,,,
volume|2019|0|all,volume,2019,0,all,20,2018,bulk,7000,7047,6294,0.06482364156339371,0.9240546552272005,0.1406275216231856,23984.130965441465,,,,
volume|2019|0|all,volume,2019,0,all,20,2018,bulk,10000,7047,6294,0.11026374324753734,0.9240546552272005,0.21222952588847074,23984.130965441465,,,,
volume|2019|0|all,volume,2019,0,all,20,2019,bulk,5000,7336,6371,0.038455501491131694,0.9221472296342803,0.09408255071034721,26571.286479711533,,,,
volume|2019|0|all,volume,2019,0,all,20,2019,bulk,7000,7336,6371,0.05807565531313765,0.9221472296342803,0.15208389132268393,26571.286479711533,,,,
volume|2019|0|all,volume,2019,0,all,20,2019,bulk,10000,7336,6371,0.09872861403233402,0.9221472296342803,0.23195158708206232,26571.286479711533,,,,
volume|2019|0|all,volume,2019,0,all,20,2020,bulk,5000,7551,6573,0.0314924691921497,0.9291039099345808,0.0913124956938107,26024.783670902252,,,,
volume|2019|0|all,volume,2019,0,all,20,2020,bulk,7000,7551,6573,0.050813935797961354,0.9291039099345808,0.150973861937962,26024.783670902252,,,,
volume|2019|0|all,volume,2019,0,all,20,2020,bulk,10000,7551,6573,0.08778335615396318,0.9291039099345808,0.23554582634715177,26024.783670902252,,,,
volume|2019|0|all,volume,2019,0,all,20,2021,bulk,5000,7737,6773,0.02377085486490477,0.9272109847925587,0.07728393997953717,27400.880232810974,,,,
volume|2019|0|all,volume,2019,0,all,20,2021,bulk,7000,7737,6773,0.03779713568581131,0.9272109847925587,0.13211980540005677,27400.880232810974,,,,
volume|2019|0|all,volume,2019,0,all,20,2021,bulk,10000,7737,6773,0.07382253063635022,0.9272109847925587,0.21493765768439957,27400.880232810974,,,,
volume|2019|0|all,volume,2019,0,all,20,2022,bulk,5000,7632,7090,0.028490832157968972,0.9255289139633286,0.08686915122015562,25897.193138837814,,,,
volume|2019|0|all,volume,2019,0,all,20,2022,bulk,7000,7632,7090,0.05218617771509168,0.9255289139633286,0.14403112920284708,25897.193138837814,,,,
volume|2019|0|all,volume,2019,0,all,20,2022,bulk,10000,7632,7090,0.0930888575458392,0.9255289139633286,0.22917308048910348,25897.193138837814,,,,
volume|2019|0|all,volume,2019,0,all,20,2023,bulk,5000,7477,7061,0.0346976348959071,0.926497663220507,0.09993996944620429,24565.999793052673,,,,
volume|2019|0|all,volume,2019,0,all,20,2023,bulk,7000,7477,7061,0.05679082282962753,0.926497663220507,0.16713762914747496,24565.999793052673,,,,
volume|2019|0|all,volume,2019,0,all,20,2023,bulk,10000,7477,7061,0.10395128168814616,0.926497663220507,0.2587375527842365,24565.999793052673,,,,
volume|2019|0|all,volume,2019,0,all,20,2024,bulk,5000,7486,6665,0.031357839459864964,0.9200300075018755,0.09973266277832168,24944.584896802902,,,,
volume|2019|0|all,volume,2019,0,all,20,2024,bulk,7000,7486,6665,0.05641410352588147,0.9200300075018755,0.15486913915552314,24944.584896802902,,,,
volume|2019|0|all,volume,2019,0,all,20,2024,bulk,10000,7486,6665,0.10307576894223557,0.9200300075018755,0.2406084518273271,24944.584896802902,,,,
volume|2019|0|all,volume,2019,0,all,20,2025,bulk,5000,7455,6820,0.028299120234604104,0.9173020527859238,0.09763551062703539,24959.55038547516,,,,
volume|2019|0|all,volume,2019,0,all,20,2025,bulk,7000,7455,6820,0.054252199413489736,0.9173020527859238,0.15234355894335586,24959.55038547516,,,,
volume|2019|0|all,volume,2019,0,all,20,2025,bulk,10000,7455,6820,0.10175953079178886,0.9173020527859238,0.23848394733976638,24959.55038547516,,,,
volume|2019|0|all,volume,2019,0,all,20,2018,container,5000,3087,2234,0.19650850492390332,0.8504923903312444,0.3077931011745561,13299.143919706345,,,,
volume|2019|0|all,volume,2019,0,all,20,2018,container,7000,3087,2234,0.24261414503133394,0.8504923903312444,0.3732935269373711,13299.143919706345,,,,
volume|2019|0|all,volume,2019,0,all,20,2018,container,10000,3087,2234,0.35810205908683973,0.8504923903312444,0.48600408684811425,13299.143919706345,,,,
volume|2019|0|all,volume,2019,0,all,20,2019,container,5000,3179,2209,0.18515165233137165,0.8284291534631055,0.2923280671064843,14454.790411949158,,,,
volume|2019|0|all,volume,2019,0,all,20,2019,container,7000,3179,2209,0.23087369850611136,0.8284291534631055,0.3618477757737137,14454.790411949158,,,,
volume|2019|0|all,volume,2019,0,all,20,2019,container,10000,3179,2209,0.3404255319148936,0.8284291534631055,0.4779549801064534,14454.790411949158,,,,
volume|2019|0|all,volume,2019,0,all,20,2020,container,5000,3213,2212,0.20840867992766726,0.8453887884267631,0.31603949027176576,14130.555491447449,,,,
volume|2019|0|all,volume,2019,0,all,20,2020,container,7000,3213,2212,0.24593128390596744,0.8453887884267631,0.3799322188163589,14130.555491447449,,,,
volume|2019|0|all,volume,2019,0,all,20,2020,container,10000,3213,2212,0.3426763110307414,0.8453887884267631,0.4896032238469391,14130.555491447449,,,,
volume|2019|0|all,volume,2019,0,all,20,2021,container,5000,3329,2505,0.18522954091816368,0.8423153692614771,0.29758759041003163,14561.30315876007,,,,
volume|2019|0|all,volume,2019,0,all,20,2021,container,7000,3329,2505,0.23992015968063873,0.8423153692614771,0.35621638457699356,14561.30315876007,,,,
volume|2019|0|all,volume,2019,0,all,20,2021,container,10000,3329,2505,0.3209580838323353,0.8423153692614771,0.4601082804542739,14561.30315876007,,,,
volume|2019|0|all,volume,2019,0,all,20,2022,container,5000,3281,2890,0.19896193771626297,0.870242214532872,0.32038854977102277,14105.59809756279,,,,
volume|2019|0|all,volume,2019,0,all,20,2022,container,7000,3281,2890,0.2629757785467128,0.870242214532872,0.37522053173353753,14105.59809756279,,,,
volume|2019|0|all,volume,2019,0,all,20,2022,container,10000,3281,2890,0.34013840830449826,0.870242214532872,0.4724796463988987,14105.59809756279,,,,
volume|2019|0|all,volume,2019,0,all,20,2023,container,5000,3293,2948,0.20488466757123475,0.8531207598371777,0.3455749429488269,15263.773034334183,,,,
volume|2019|0|all,volume,2019,0,all,20,2023,container,7000,3293,2948,0.26153324287652646,0.8531207598371777,0.39981660766517596,15263.773034334183,,,,
volume|2019|0|all,volume,2019,0,all,20,2023,container,10000,3293,2948,0.34294436906377207,0.8531207598371777,0.4983337536741284,15263.773034334183,,,,
volume|2019|0|all,volume,2019,0,all,20,2024,container,5000,3234,2715,0.19263351749539595,0.8464088397790055,0.33054543489928423,15712.567792892456,,,,
volume|2019|0|all,volume,2019,0,all,20,2024,container,7000,3234,2715,0.24972375690607734,0.8464088397790055,0.37545033096808167,15712.567792892456,,,,
volume|2019|0|all,volume,2019,0,all,20,2024,container,10000,3234,2715,0.3259668508287293,0.8464088397790055,0.4764472636984116,15712.567792892456,,,,
volume|2019|0|all,volume,2019,0,all,20,2025,container,5000,3231,2779,0.181360201511335,0.843468873695574,0.3192809803174098,16651.63145029545,,,,
volume|2019|0|all,volume,2019,0,all,20,2025,container,7000,3231,2779,0.23497661029147177,0.843468873695574,0.36564735045356095,16651.63145029545,,,,
volume|2019|0|all,volume,2019,0,all,20,2025,container,10000,3231,2779,0.3202590860021591,0.843468873695574,0.47112905383024284,16651.63145029545,,,,
volume|2019|0|all,volume,2019,0,all,20,2018,gas,5000,939,820,0.046341463414634146,0.8865853658536585,0.0836133204290008,26347.79245966673,,,,
volume|2019|0|all,volume,2019,0,all,20,2018,gas,7000,939,820,0.07804878048780488,0.8865853658536585,0.1540662521467973,26347.79245966673,,,,
volume|2019|0|all,volume,2019,0,all,20,2018,gas,10000,939,820,0.13902439024390245,0.8865853658536585,0.255985879557518,26347.79245966673,,,,
volume|2019|0|all,volume,2019,0,all,20,2019,gas,5000,988,874,0.041189931350114416,0.8752860411899314,0.07656298793005949,31354.069759130478,,,,
volume|2019|0|all,volume,2019,0,all,20,2019,gas,7000,988,874,0.059496567505720827,0.8752860411899314,0.13469636580706085,31354.069759130478,,,,
volume|2019|0|all,volume,2019,0,all,20,2019,gas,10000,988,874,0.11670480549199085,0.8752860411899314,0.23988237982475247,31354.069759130478,,,,
volume|2019|0|all,volume,2019,0,all,20,2020,gas,5000,1039,913,0.033953997809419496,0.8751369112814896,0.06412547213261044,33126.78148674965,,,,
volume|2019|0|all,volume,2019,0,all,20,2020,gas,7000,1039,913,0.054764512595837894,0.8751369112814896,0.11951880511008384,33126.78148674965,,,,
volume|2019|0|all,volume,2019,0,all,20,2020,gas,10000,1039,913,0.0963855421686747,0.8751369112814896,0.21768813838708853,33126.78148674965,,,,
volume|2019|0|all,volume,2019,0,all,20,2021,gas,5000,1084,977,0.02047082906857728,0.8935516888433982,0.06050551441263612,35702.867230176926,,,,
volume|2019|0|all,volume,2019,0,all,20,2021,gas,7000,1084,977,0.04196519959058342,0.8935516888433982,0.11160665511372973,35702.867230176926,,,,
volume|2019|0|all,volume,2019,0,all,20,2021,gas,10000,1084,977,0.07471852610030706,0.8935516888433982,0.1956513521877328,35702.867230176926,,,,
volume|2019|0|all,volume,2019,0,all,20,2022,gas,5000,1068,991,0.030272452068617558,0.8980827447023209,0.06771480056520211,35101.14970207214,,,,
volume|2019|0|all,volume,2019,0,all,20,2022,gas,7000,1068,991,0.055499495459132187,0.8980827447023209,0.12781973747061884,35101.14970207214,,,,
volume|2019|0|all,volume,2019,0,all,20,2022,gas,10000,1068,991,0.08980827447023208,0.8980827447023209,0.22185226530846655,35101.14970207214,,,,
volume|2019|0|all,volume,2019,0,all,20,2023,gas,5000,1062,993,0.04028197381671702,0.8872104733131924,0.06331290546474222,35817.74669456482,,,,
volume|2019|0|all,volume,2019,0,all,20,2023,gas,7000,1062,993,0.06042296072507553,0.8872104733131924,0.11782404931666998,35817.74669456482,,,,
volume|2019|0|all,volume,2019,0,all,20,2023,gas,10000,1062,993,0.09566968781470292,0.8872104733131924,0.2063428335748163,35817.74669456482,,,,
volume|2019|0|all,volume,2019,0,all,20,2024,gas,5000,1069,951,0.048370136698212406,0.886435331230284,0.063222688865691,37623.186182022095,,,,
volume|2019|0|all,volume,2019,0,all,20,2024,gas,7000,1069,951,0.06624605678233439,0.886435331230284,0.10471714750123123,37623.186182022095,,,,
volume|2019|0|all,volume,2019,0,all,20,2024,gas,10000,1069,951,0.10199789695057834,0.886435331230284,0.17320314225445108,37623.186182022095,,,,
volume|2019|0|all,volume,2019,0,all,20,2025,gas,5000,1057,951,0.04416403785488959,0.8727655099894848,0.058624924262380175,35703.861251831055,,,,
volume|2019|0|all,volume,2019,0,all,20,2025,gas,7000,1057,951,0.060988433228180865,0.8727655099894848,0.10327084502044068,35703.861251831055,,,,
volume|2019|0|all,volume,2019,0,all,20,2025,gas,10000,1057,951,0.10620399579390116,0.8727655099894848,0.17402313227307528,35703.861251831055,,,,
volume|2019|0|all,volume,2019,0,all,20,2018,general,5000,2053,1646,0.0795868772782503,0.8657351154313487,0.17611310298203928,19158.913978934288,,,,
volume|2019|0|all,volume,2019,0,all,20,2018,general,7000,2053,1646,0.12940461725394897,0.8657351154313487,0.24107465474093337,19158.913978934288,,,,
volume|2019|0|all,volume,2019,0,all,20,2018,general,10000,2053,1646,0.22721749696233293,0.8657351154313487,0.32649890849977686,19158.913978934288,,,,
volume|2019|0|all,volume,2019,0,all,20,2019,general,5000,2084,1607,0.07405102675793404,0.8718108276291225,0.17172933213339445,22412.11676311493,,,,
volume|2019|0|all,volume,2019,0,all,20,2019,general,7000,2084,1607,0.11387678904791537,0.8718108276291225,0.241850217301013,22412.11676311493,,,,
volume|2019|0|all,volume,2019,0,all,20,2019,general,10000,2084,1607,0.1985065339141257,0.8718108276291225,0.3277712321254737,22412.11676311493,,,,
volume|2019|0|all,volume,2019,0,all,20,2020,general,5000,2118,1592,0.0728643216080402,0.8662060301507538,0.17275343102496904,22876.421098709106,,,,
volume|2019|0|all,volume,2019,0,all,20,2020,general,7000,2118,1592,0.125,0.8662060301507538,0.24392966635255228,22876.421098709106,,,,
volume|2019|0|all,volume,2019,0,all,20,2020,general,10000,2118,1592,0.2135678391959799,0.8662060301507538,0.3304489857545947,22876.421098709106,,,,
volume|2019|0|all,volume,2019,0,all,20,2021,general,5000,2147,1751,0.05996573386636208,0.874357509994289,0.175009434278196,21283.68571662903,,,,
volume|2019|0|all,volume,2019,0,all,20,2021,general,7000,2147,1751,0.10051399200456881,0.874357509994289,0.24720980471198828,21283.68571662903,,,,
volume|2019|0|all,volume,2019,0,all,20,2021,general,10000,2147,1751,0.19588806396344946,0.874357509994289,0.3453838606969064,21283.68571662903,,,,
volume|2019|0|all,volume,2019,0,all,20,2022,general,5000,2136,1884,0.07112526539278131,0.8572186836518046,0.18086885858481364,20504.207642257214,,,,
volume|2019|0|all,volume,2019,0,all,20,2022,general,7000,2136,1884,0.11464968152866242,0.8572186836518046,0.2562577272855885,20504.207642257214,,,,
volume|2019|0|all,volume,2019,0,all,20,2022,general,10000,2136,1884,0.2091295116772824,0.8572186836518046,0.35961458876641733,20504.207642257214,,,,
volume|2019|0|all,volume,2019,0,all,20,2023,general,5000,2114,1849,0.07355327203893997,0.8626284478096268,0.19067488338407482,20256.543667793274,,,,
volume|2019|0|all,volume,2019,0,all,20,2023,general,7000,2114,1849,0.1276365603028664,0.8626284478096268,0.2666259465705967,20256.543667793274,,,,
volume|2019|0|all,volume,2019,0,all,20,2023,general,10000,2114,1849,0.22660897782585182,0.8626284478096268,0.3681999437495804,20256.543667793274,,,,
volume|2019|0|all,volume,2019,0,all,20,2024,general,5000,2099,1767,0.07470288624787776,0.8415393322014714,0.18249304968424984,20192.781217575073,,,,
volume|2019|0|all,volume,2019,0,all,20,2024,general,7000,2099,1767,0.13242784380305603,0.8415393322014714,0.2556605570709018,20192.781217575073,,,,
volume|2019|0|all,volume,2019,0,all,20,2024,general,10000,2099,1767,0.23769100169779286,0.8415393322014714,0.3583689390106546,20192.781217575073,,,,
volume|2019|0|all,volume,2019,0,all,20,2025,general,5000,2085,1769,0.06613906161673262,0.8377614471452798,0.17730108052159937,21098.62214899063,,,,
volume|2019|0|all,volume,2019,0,all,20,2025,general,7000,2085,1769,0.11136235161107971,0.8377614471452798,0.24727093290441762,21098.62214899063,,,,
volume|2019|0|all,volume,2019,0,all,20,2025,general,10000,2085,1769,0.21650650084793668,0.8377614471452798,0.3476860313923809,21098.62214899063,,,,
volume|2019|0|all,volume,2019,0,all,20,2018,roro,5000,615,529,0.052930056710775046,0.888468809073724,0.14837189821123828,26081.507210731506,,,,
volume|2019|0|all,volume,2019,0,all,20,2018,roro,7000,615,529,0.07372400756143667,0.888468809073724,0.18216549987299588,26081.507210731506,,,,
volume|2019|0|all,volume,2019,0,all,20,2018,roro,10000,615,529,0.11909262759924386,0.888468809073724,0.26708851122642835,26081.507210731506,,,,
volume|2019|0|all,volume,2019,0,all,20,2019,roro,5000,620,517,0.05609284332688588,0.8936170212765957,0.1494047816348178,29033.66979789734,,,,
volume|2019|0|all,volume,2019,0,all,20,2019,roro,7000,620,517,0.07930367504835589,0.8936170212765957,0.19297902226313618,29033.66979789734,,,,
volume|2019|0|all,volume,2019,0,all,20,2019,roro,10000,620,517,0.11218568665377177,0.8936170212765957,0.2914725672374704,29033.66979789734,,,,
volume|2019|0|all,volume,2019,0,all,20,2020,roro,5000,637,506,0.05731225296442688,0.8814229249011858,0.15957749769920182,27293.649393558502,,,,
volume|2019|0|all,volume,2019,0,all,20,2020,roro,7000,637,506,0.07114624505928854,0.8814229249011858,0.1973288078034229,27293.649393558502,,,,
volume|2019|0|all,volume,2019,0,all,20,2020,roro,10000,637,506,0.11462450592885376,0.8814229249011858,0.2890206206197192,27293.649393558502,,,,
volume|2019|0|all,volume,2019,0,all,20,2021,roro,5000,654,529,0.062381852551984876,0.8865784499054821,0.1502400286015045,29339.44407081604,,,,
volume|2019|0|all,volume,2019,0,all,20,2021,roro,7000,654,529,0.07939508506616257,0.8865784499054821,0.19453597971120742,29339.44407081604,,,,
volume|2019|0|all,volume,2019,0,all,20,2021,roro,10000,654,529,0.10586011342155009,0.8865784499054821,0.2836897635932175,29339.44407081604,,,,
volume|2019|0|all,volume,2019,0,all,20,2022,roro,5000,668,607,0.05930807248764415,0.8945634266886326,0.15023715076823135,28070.1489276886,,,,
volume|2019|0|all,volume,2019,0,all,20,2022,roro,7000,668,607,0.07907742998352553,0.8945634266886326,0.19111074422970348,28070.1489276886,,,,
volume|2019|0|all,volume,2019,0,all,20,2022,roro,10000,668,607,0.13179571663920922,0.8945634266886326,0.286004302499453,28070.1489276886,,,,
volume|2019|0|all,volume,2019,0,all,20,2023,roro,5000,650,601,0.05324459234608985,0.9151414309484193,0.1568005400890104,27650.693678855896,,,,
volume|2019|0|all,volume,2019,0,all,20,2023,roro,7000,650,601,0.06821963394342762,0.9151414309484193,0.20008762786801565,27650.693678855896,,,,
volume|2019|0|all,volume,2019,0,all,20,2023,roro,10000,650,601,0.1048252911813644,0.9151414309484193,0.29256563863702395,27650.693678855896,,,,
volume|2019|0|all,volume,2019,0,all,20,2024,roro,5000,642,561,0.05169340463458111,0.9055258467023173,0.13344224960111453,28608.205196380615,,,,
volume|2019|0|all,volume,2019,0,all,20,2024,roro,7000,642,561,0.06060606060606061,0.9055258467023173,0.15644521269828487,28608.205196380615,,,,
volume|2019|0|all,volume,2019,0,all,20,2024,roro,10000,642,561,0.0962566844919786,0.9055258467023173,0.24067553317699425,28608.205196380615,,,,
volume|2019|0|all,volume,2019,0,all,20,2025,roro,5000,646,588,0.05102040816326531,0.8962585034013606,0.13986690417746298,28684.2120988369,,,,
volume|2019|0|all,volume,2019,0,all,20,2025,roro,7000,646,588,0.06462585034013606,0.8962585034013606,0.16361101419628807,28684.2120988369,,,,
volume|2019|0|all,volume,2019,0,all,20,2025,roro,10000,646,588,0.10714285714285714,0.8962585034013606,0.2515115394353378,28684.2120988369,,,,
volume|2019|0|all,volume,2019,0,all,20,2018,tanker,5000,4618,3798,0.09136387572406529,0.8799368088467614,0.17971562483691136,17991.46475470066,,,,
volume|2019|0|all,volume,2019,0,all,20,2018,tanker,7000,4618,3798,0.13770405476566613,0.8799368088467614,0.2728955207870685,17991.46475470066,,,,
volume|2019|0|all,volume,2019,0,all,20,2018,tanker,10000,4618,3798,0.22511848341232227,0.8799368088467614,0.3850548566401272,17991.46475470066,,,,
volume|2019|0|all,volume,2019,0,all,20,2019,tanker,5000,4875,3924,0.07772680937818552,0.8769113149847095,0.18781616636097634,19909.175988852978,,,,
volume|2019|0|all,volume,2019,0,all,20,2019,tanker,7000,4875,3924,0.12283384301732926,0.8769113149847095,0.28587817327687853,19909.175988852978,,,,
volume|2019|0|all,volume,2019,0,all,20,2019,tanker,10000,4875,3924,0.21075433231396534,0.8769113149847095,0.4100682168003234,19909.175988852978,,,,
volume|2019|0|all,volume,2019,0,all,20,2020,tanker,5000,4919,3944,0.0755578093306288,0.8828600405679513,0.19316953087696784,19522.724160075188,,,,
volume|2019|0|all,volume,2019,0,all,20,2020,tanker,7000,4919,3944,0.1184077079107505,0.8828600405679513,0.2993043484430908,19522.724160075188,,,,
volume|2019|0|all,volume,2019,0,all,20,2020,tanker,10000,4919,3944,0.20613590263691683,0.8828600405679513,0.4285211553835041,19522.724160075188,,,,
volume|2019|0|all,volume,2019,0,all,20,2021,tanker,5000,4987,4085,0.0780905752753978,0.8915544675642595,0.19032957798019548,19256.153237342834,,,,
volume|2019|0|all,volume,2019,0,all,20,2021,tanker,7000,4987,4085,0.13096695226438188,0.8915544675642595,0.29271700707523995,19256.153237342834,,,,
volume|2019|0|all,volume,2019,0,all,20,2021,tanker,10000,4987,4085,0.21762545899632804,0.8915544675642595,0.42464104926274304,19256.153237342834,,,,
volume|2019|0|all,volume,2019,0,all,20,2022,tanker,5000,4893,4229,0.08607235753133129,0.8869709151099551,0.20160391448775475,18668.991377830505,,,,
volume|2019|0|all,volume,2019,0,all,20,2022,tanker,7000,4893,4229,0.13903996216599668,0.8869709151099551,0.3004587336550016,18668.991377830505,,,,
volume|2019|0|all,volume,2019,0,all,20,2022,tanker,10000,4893,4229,0.22393000709387562,0.8869709151099551,0.4317198061322952,18668.991377830505,,,,
volume|2019|0|all,volume,2019,0,all,20,2023,tanker,5000,4791,4262,0.08399812294697326,0.8777569216330361,0.1965046635607626,18528.338122844696,,,,
volume|2019|0|all,volume,2019,0,all,20,2023,tanker,7000,4791,4262,0.1349131862975129,0.8777569216330361,0.2995551929612117,18528.338122844696,,,,
volume|2019|0|all,volume,2019,0,all,20,2023,tanker,10000,4791,4262,0.22501173158141718,0.8777569216330361,0.4344676473735432,18528.338122844696,,,,
volume|2019|0|all,volume,2019,0,all,20,2024,tanker,5000,4777,4087,0.09199902128700758,0.8637142158062149,0.19371961493925963,19170.908509731293,,,,
volume|2019|0|all,volume,2019,0,all,20,2024,tanker,7000,4777,4087,0.1548813310496697,0.8637142158062149,0.28506338227690015,19170.908509731293,,,,
volume|2019|0|all,volume,2019,0,all,20,2024,tanker,10000,4777,4087,0.23513579642769758,0.8637142158062149,0.4074139755633411,19170.908509731293,,,,
volume|2019|0|all,volume,2019,0,all,20,2025,tanker,5000,4763,4099,0.09807270065869725,0.8633813125152476,0.18756005320197,19269.61009120941,,,,
volume|2019|0|all,volume,2019,0,all,20,2025,tanker,7000,4763,4099,0.1510124420590388,0.8633813125152476,0.2786724621473718,19269.61009120941,,,,
volume|2019|0|all,volume,2019,0,all,20,2025,tanker,10000,4763,4099,0.22664064405952672,0.8633813125152476,0.40388181149679864,19269.61009120941,,,,
volume|2024|0|all,volume,2024,0,all,20,2018,all,5000,18359,15321,0.07708374127015208,0.8866914692252464,0.15191792048812713,22251.39013195038,,,,
volume|2024|0|all,volume,2024,0,all,20,2018,all,7000,18359,15321,0.10997976633379022,0.8866914692252464,0.20221602921054743,22251.39013195038,,,,
volume|2024|0|all,volume,2024,0,all,20,2018,all,10000,18359,15321,0.17198616278310816,0.8866914692252464,0.2897619396432401,22251.39013195038,,,,
volume|2024|0|all,volume,2024,0,all,20,2019,all,5000,19082,15502,0.07044252354534898,0.8822732550638628,0.14942369764446903,24469.268171548843,,,,
volume|2024|0|all,volume,2024,0,all,20,2019,all,7000,19082,15502,0.09972906721713327,0.8822732550638628,0.20277545440758188,24469.268171548843,,,,
volume|2024|0|all,volume,2024,0,all,20,2019,all,10000,19082,15502,0.1569474906463682,0.8822732550638628,0.2975421892693711,24469.268171548843,,,,
volume|2024|0|all,volume,2024,0,all,20,2020,all,5000,19477,15740,0.07077509529860229,0.8898983481575603,0.15190276669119426,24121.0177795887,,,,
volume|2024|0|all,volume,2024,0,all,20,2020,all,7000,19477,15740,0.09847522236340533,0.8898983481575603,0.20601449795173113,24121.0177795887,,,,
volume|2024|0|all,volume,2024,0,all,20,2020,all,10000,19477,15740,0.15546378653113088,0.8898983481575603,0.3025194067842008,24121.0177795887,,,,
volume|2024|0|all,volume,2024,0,all,20,2021,all,5000,19938,16620,0.06768953068592058,0.89338146811071,0.14779826980677394,24422.184031009674,,,,
volume|2024|0|all,volume,2024,0,all,20,2021,all,7000,19938,16620,0.0963898916967509,0.89338146811071,0.19787259001871396,24422.184031009674,,,,
volume|2024|0|all,volume,2024,0,all,20,2021,all,10000,19938,16620,0.15403128760529483,0.89338146811071,0.2926949987624213,24422.184031009674,,,,
volume|2024|0|all,volume,2024,0,all,20,2022,all,5000,19678,17691,0.0792493358204737,0.8948617941326098,0.16790406648496006,23548.98011302948,,,,
volume|2024|0|all,volume,2024,0,all,20,2022,all,7000,19678,17691,0.1145215081114691,0.8948617941326098,0.21921343408261507,23548.98011302948,,,,
volume|2024|0|all,volume,2024,0,all,20,2022,all,10000,19678,17691,0.17206489175286868,0.8948617941326098,0.3132298492001991,23548.98011302948,,,,
volume|2024|0|all,volume,2024,0,all,20,2023,all,5000,19387,17714,0.08174325392345037,0.8896917692220843,0.1783244762559555,23364.561650276184,,,,
volume|2024|0|all,volume,2024,0,all,20,2023,all,7000,19387,17714,0.11567122050355651,0.8896917692220843,0.23186169805810203,23364.561650276184,,,,
volume|2024|0|all,volume,2024,0,all,20,2023,all,10000,19387,17714,0.17799480636784465,0.8896917692220843,0.32687707683325745,23364.561650276184,,,,
volume|2024|0|all,volume,2024,0,all,20,2024,all,5000,19307,16746,0.08175086587841873,0.8806879254747403,0.17634017185277032,23157.127173900604,,,,
volume|2024|0|all,volume,2024,0,all,20,2024,all,7000,19307,16746,0.12086468410366655,0.8806879254747403,0.22901619691614714,23157.127173900604,,,,
volume|2024|0|all,volume,2024,0,all,20,2024,all,10000,19307,16746,0.18058043711931207,0.8806879254747403,0.31910797295433974,23157.127173900604,,,,
volume|2024|0|all,volume,2024,0,all,20,2025,all,5000,19237,17006,0.07914853581089028,0.8768669881218394,0.17322802520148223,23128.504979610443,,,,
volume|2024|0|all,volume,2024,0,all,20,2025,all,7000,19237,17006,0.11725273432906033,0.8768669881218394,0.22680191465855346,23128.504979610443,,,,
volume|2024|0|all,volume,2024,0,all,20,2025,all,10000,19237,17006,0.17787839586028462,0.8768669881218394,0.3198995226882104,23128.504979610443,,,,
volume|2024|0|all,volume,2024,0,all,20,2018,bulk,5000,7047,6294,0.0374960279631395,0.9157928185573562,0.08462729006990803,25929.023817777634,,,,
volume|2024|0|all,volume,2024,0,all,20,2018,bulk,7000,7047,6294,0.057197330791229746,0.9157928185573562,0.12391155247201714,25929.023817777634,,,,
volume|2024|0|all,volume,2024,0,all,20,2018,bulk,10000,7047,6294,0.09580552907530981,0.9157928185573562,0.18990771592515773,25929.023817777634,,,,
volume|2024|0|all,volume,2024,0,all,20,2019,bulk,5000,7336,6371,0.034845393187882594,0.9149270130277821,0.08492964647029341,28915.0894613266,,,,
volume|2024|0|all,volume,2024,0,all,20,2019,bulk,7000,7336,6371,0.05069847747606341,0.9149270130277821,0.13017806417116073,28915.0894613266,,,,
volume|2024|0|all,volume,2024,0,all,20,2019,bulk,10000,7336,6371,0.08742740543085858,0.9149270130277821,0.2039596082146337,28915.0894613266,,,,
volume|2024|0|all,volume,2024,0,all,20,2020,bulk,5000,7551,6573,0.02951468127186977,0.9214970333181196,0.0831934274859221,28549.027974128723,,,,
volume|2024|0|all,volume,2024,0,all,20,2020,bulk,7000,7551,6573,0.04655408489274304,0.9214970333181196,0.12859331958987713,28549.027974128723,,,,
volume|2024|0|all,volume,2024,0,all,20,2020,bulk,10000,7551,6573,0.07911151681119732,0.9214970333181196,0.20512142419357374,28549.027974128723,,,,
volume|2024|0|all,volume,2024,0,all,20,2021,bulk,5000,7737,6773,0.02347556474235937,0.9217481175254688,0.07145588241181106,29430.41419506073,,,,
volume|2024|0|all,volume,2024,0,all,20,2021,bulk,7000,7737,6773,0.035730104827993506,0.9217481175254688,0.11133257582147175,29430.41419506073,,,,
volume|2024|0|all,volume,2024,0,all,20,2021,bulk,10000,7737,6773,0.06762143806289679,0.9217481175254688,0.18477431759707413,29430.41419506073,,,,
volume|2024|0|all,volume,2024,0,all,20,2022,bulk,5000,7632,7090,0.028490832157968972,0.9186177715091678,0.08170422217446066,28328.74264240265,,,,
volume|2024|0|all,volume,2024,0,all,20,2022,bulk,7000,7632,7090,0.05007052186177715,0.9186177715091678,0.12670220645132863,28328.74264240265,,,,
volume|2024|0|all,volume,2024,0,all,20,2022,bulk,10000,7632,7090,0.08758815232722143,0.9186177715091678,0.20379575339471093,28328.74264240265,,,,
volume|2024|0|all,volume,2024,0,all,20,2023,bulk,5000,7477,7061,0.032856535901430395,0.9187083982438748,0.09458120358796493,27148.713047981262,,,,
volume|2024|0|all,volume,2024,0,all,20,2023,bulk,7000,7477,7061,0.053391870839824385,0.9187083982438748,0.1449091985596499,27148.713047981262,,,,
volume|2024|0|all,volume,2024,0,all,20,2023,bulk,10000,7477,7061,0.09488740971533777,0.9187083982438748,0.22511787208837525,27148.713047981262,,,,
volume|2024|0|all,volume,2024,0,all,20,2024,bulk,5000,7486,6665,0.030007501875468866,0.9150787696924231,0.09688414033640773,26577.66058063507,,,,
volume|2024|0|all,volume,2024,0,all,20,2024,bulk,7000,7486,6665,0.054913728432108025,0.9150787696924231,0.14475307411918972,26577.66058063507,,,,
volume|2024|0|all,volume,2024,0,all,20,2024,bulk,10000,7486,6665,0.09362340585146287,0.9150787696924231,0.22011373115592472,26577.66058063507,,,,
volume|2024|0|all,volume,2024,0,all,20,2025,bulk,5000,7455,6820,0.028299120234604104,0.9117302052785924,0.09593759044563872,26388.981698989868,,,,
volume|2024|0|all,volume,2024,0,all,20,2025,bulk,7000,7455,6820,0.05469208211143695,0.9117302052785924,0.14394458354020548,26388.981698989868,,,,
volume|2024|0|all,volume,2024,0,all,20,2025,bulk,10000,7455,6820,0.09413489736070381,0.9117302052785924,0.22355251105064813,26388.981698989868,,,,
volume|2024|0|all,volume,2024,0,all,20,2018,container,5000,3087,2234,0.18576544315129812,0.8393017009847806,0.2818948358463404,14653.06413757801,,,,
volume|2024|0|all,volume,2024,0,all,20,2018,container,7000,3087,2234,0.22829006266786034,0.8393017009847806,0.3201810351295715,14653.06413757801,,,,
volume|2024|0|all,volume,2024,0,all,20,2018,container,10000,3087,2234,0.3124440465532677,0.8393017009847806,0.4298593897711559,14653.06413757801,,,,
volume|2024|0|all,volume,2024,0,all,20,2019,container,5000,3179,2209,0.17926663648709823,0.8207333635129017,0.2698701693795038,16309.746425628662,,,,
volume|2024|0|all,volume,2024,0,all,20,2019,container,7000,3179,2209,0.21638750565866907,0.8207333635129017,0.31057709018348933,16309.746425628662,,,,
volume|2024|0|all,volume,2024,0,all,20,2019,container,10000,3179,2209,0.29108193752829337,0.8207333635129017,0.4288150488587791,16309.746425628662,,,,
volume|2024|0|all,volume,2024,0,all,20,2020,container,5000,3213,2212,0.2038878842676311,0.8417721518987342,0.295949700839294,15999.054563045502,,,,
volume|2024|0|all,volume,2024,0,all,20,2020,container,7000,3213,2212,0.23282097649186256,0.8417721518987342,0.3319921709517783,15999.054563045502,,,,
volume|2024|0|all,volume,2024,0,all,20,2020,container,10000,3213,2212,0.3065099457504521,0.8417721518987342,0.4498591925294683,15999.054563045502,,,,
volume|2024|0|all,volume,2024,0,all,20,2021,container,5000,3329,2505,0.19121756487025948,0.8395209580838323,0.28727854586587914,15240.215244293213,,,,
volume|2024|0|all,volume,2024,0,all,20,2021,container,7000,3329,2505,0.22874251497005987,0.8395209580838323,0.321578936691989,15240.215244293213,,,,
volume|2024|0|all,volume,2024,0,all,20,2021,container,10000,3329,2505,0.2966067864271457,0.8395209580838323,0.4351558159467223,15240.215244293213,,,,
volume|2024|0|all,volume,2024,0,all,20,2022,container,5000,3281,2890,0.21314878892733563,0.871280276816609,0.3248824722082795,14465.987445116043,,,,
volume|2024|0|all,volume,2024,0,all,20,2022,container,7000,3281,2890,0.2577854671280277,0.871280276816609,0.35801930299159784,14465.987445116043,,,,
volume|2024|0|all,volume,2024,0,all,20,2022,container,10000,3281,2890,0.32283737024221454,0.871280276816609,0.45489763486450113,14465.987445116043,,,,
volume|2024|0|all,volume,2024,0,all,20,2023,container,5000,3293,2948,0.21845318860244234,0.8558344640434192,0.35653427429331785,15413.931416451931,,,,
volume|2024|0|all,volume,2024,0,all,20,2023,container,7000,3293,2948,0.2591587516960651,0.8558344640434192,0.3929846589766299,15413.931416451931,,,,
volume|2024|0|all,volume,2024,0,all,20,2023,container,10000,3293,2948,0.332089552238806,0.8558344640434192,0.4907602444482818,15413.931416451931,,,,
volume|2024|0|all,volume,2024,0,all,20,2024,container,5000,3234,2715,0.20847145488029467,0.8441988950276244,0.3430242894387735,15834.264349937439,,,,
volume|2024|0|all,volume,2024,0,all,20,2024,container,7000,3234,2715,0.2504604051565378,0.8441988950276244,0.3794744647728484,15834.264349937439,,,,
volume|2024|0|all,volume,2024,0,all,20,2024,container,10000,3234,2715,0.3278084714548803,0.8441988950276244,0.4803985697660475,15834.264349937439,,,,
volume|2024|0|all,volume,2024,0,all,20,2025,container,5000,3231,2779,0.1943145016192875,0.8506657070888809,0.33711383066711403,16599.877705574036,,,,
volume|2024|0|all,volume,2024,0,all,20,2025,container,7000,3231,2779,0.24541201871176682,0.8506657070888809,0.37586744121776033,16599.877705574036,,,,
volume|2024|0|all,volume,2024,0,all,20,2025,container,10000,3231,2779,0.3267362360561353,0.8506657070888809,0.4788957158784507,16599.877705574036,,,,
volume|2024|0|all,volume,2024,0,all,20,2018,gas,5000,939,820,0.04390243902439024,0.8646341463414634,0.07677229675840505,29980.78076171875,,,,
volume|2024|0|all,volume,2024,0,all,20,2018,gas,7000,939,820,0.07804878048780488,0.8646341463414634,0.13576641716819354,29980.78076171875,,,,
volume|2024|0|all,volume,2024,0,all,20,2018,gas,10000,939,820,0.13170731707317074,0.8646341463414634,0.22347763014053015,29980.78076171875,,,,
volume|2024|0|all,volume,2024,0,all,20,2019,gas,5000,988,874,0.041189931350114416,0.8546910755148741,0.07304303027535018,36979.841947078705,,,,
volume|2024|0|all,volume,2024,0,all,20,2019,gas,7000,988,874,0.06064073226544622,0.8546910755148741,0.11834221999134384,36979.841947078705,,,,
volume|2024|0|all,volume,2024,0,all,20,2019,gas,10000,988,874,0.11098398169336385,0.8546910755148741,0.20475062328146276,36979.841947078705,,,,
volume|2024|0|all,volume,2024,0,all,20,2020,gas,5000,1039,913,0.03176341730558598,0.859802847754655,0.05958750631875298,39901.66130065918,,,,
volume|2024|0|all,volume,2024,0,all,20,2020,gas,7000,1039,913,0.050383351588170866,0.859802847754655,0.1014455141275039,39901.66130065918,,,,
volume|2024|0|all,volume,2024,0,all,20,2020,gas,10000,1039,913,0.0887185104052574,0.859802847754655,0.18434128935876928,39901.66130065918,,,,
volume|2024|0|all,volume,2024,0,all,20,2021,gas,5000,1084,977,0.019447287615148412,0.8730808597748209,0.0556515522402986,41484.22333049774,,,,
volume|2024|0|all,volume,2024,0,all,20,2021,gas,7000,1084,977,0.038894575230296824,0.8730808597748209,0.09449395886696485,41484.22333049774,,,,
volume|2024|0|all,volume,2024,0,all,20,2021,gas,10000,1084,977,0.07062436028659161,0.8730808597748209,0.16535112177268085,41484.22333049774,,,,
volume|2024|0|all,volume,2024,0,all,20,2022,gas,5000,1068,991,0.030272452068617558,0.887991927346115,0.06224536994451476,40445.22288990021,,,,
volume|2024|0|all,volume,2024,0,all,20,2022,gas,7000,1068,991,0.05751765893037336,0.887991927346115,0.1106284265356669,40445.22288990021,,,,
volume|2024|0|all,volume,2024,0,all,20,2022,gas,10000,1068,991,0.08779011099899092,0.887991927346115,0.1894147240113906,40445.22288990021,,,,
volume|2024|0|all,volume,2024,0,all,20,2023,gas,5000,1062,993,0.03927492447129909,0.8700906344410876,0.05772649447414745,40218.64647769928,,,,
volume|2024|0|all,volume,2024,0,all,20,2023,gas,7000,1062,993,0.0553877139979859,0.8700906344410876,0.09861346584902499,40218.64647769928,,,,
volume|2024|0|all,volume,2024,0,all,20,2023,gas,10000,1062,993,0.08761329305135952,0.8700906344410876,0.17271781557007748,40218.64647769928,,,,
volume|2024|0|all,volume,2024,0,all,20,2024,gas,5000,1069,951,0.0452155625657203,0.8717139852786541,0.060903809068605805,39553.05731487274,,,,
volume|2024|0|all,volume,2024,0,all,20,2024,gas,7000,1069,951,0.06203995793901157,0.8717139852786541,0.09924175264377925,39553.05731487274,,,,
volume|2024|0|all,volume,2024,0,all,20,2024,gas,10000,1069,951,0.09779179810725552,0.8717139852786541,0.16387930099362102,39553.05731487274,,,,
volume|2024|0|all,volume,2024,0,all,20,2025,gas,5000,1057,951,0.04416403785488959,0.8496319663512093,0.056175247235719906,38016.58409023285,,,,
volume|2024|0|all,volume,2024,0,all,20,2025,gas,7000,1057,951,0.05993690851735016,0.8496319663512093,0.09792058386523639,38016.58409023285,,,,
volume|2024|0|all,volume,2024,0,all,20,2025,gas,10000,1057,951,0.09989484752891693,0.8496319663512093,0.16661083014226402,38016.58409023285,,,,
volume|2024|0|all,volume,2024,0,all,20,2018,general,5000,2053,1646,0.07654921020656136,0.8633049817739976,0.1684100313509797,19791.431553840637,,,,
volume|2024|0|all,volume,2024,0,all,20,2018,general,7000,2053,1646,0.1221142162818955,0.8633049817739976,0.22765714677205598,19791.431553840637,,,,
volume|2024|0|all,volume,2024,0,all,20,2018,general,10000,2053,1646,0.2187120291616039,0.8633049817739976,0.30925732303388637,19791.431553840637,,,,
volume|2024|0|all,volume,2024,0,all,20,2019,general,5000,2084,1607,0.07280647168637212,0.865588052271313,0.16539764853133715,23013.111002922058,,,,
volume|2024|0|all,volume,2024,0,all,20,2019,general,7000,2084,1607,0.11200995644057249,0.865588052271313,0.22571412812137742,23013.111002922058,,,,
volume|2024|0|all,volume,2024,0,all,20,2019,general,10000,2084,1607,0.1922837585563161,0.865588052271313,0.30850384901099465,23013.111002922058,,,,
volume|2024|0|all,volume,2024,0,all,20,2020,general,5000,2118,1592,0.07412060301507538,0.8662060301507538,0.16796211826767996,23174.053856372833,,,,
volume|2024|0|all,volume,2024,0,all,20,2020,general,7000,2118,1592,0.12437185929648241,0.8662060301507538,0.23221541602459358,23174.053856372833,,,,
volume|2024|0|all,volume,2024,0,all,20,2020,general,10000,2118,1592,0.2129396984924623,0.8662060301507538,0.3157872211268633,23174.053856372833,,,,
volume|2024|0|all,volume,2024,0,all,20,2021,general,5000,2147,1751,0.06453455168475157,0.8783552255853798,0.17865216278534826,21793.10194349289,,,,
volume|2024|0|all,volume,2024,0,all,20,2021,general,7000,2147,1751,0.10679611650485436,0.8783552255853798,0.24012556168128724,21793.10194349289,,,,
volume|2024|0|all,volume,2024,0,all,20,2021,general,10000,2147,1751,0.2067390062821245,0.8783552255853798,0.33447403985375074,21793.10194349289,,,,
volume|2024|0|all,volume,2024,0,all,20,2022,general,5000,2136,1884,0.07908704883227176,0.863588110403397,0.1853239706342845,20438.663263320923,,,,
volume|2024|0|all,volume,2024,0,all,20,2022,general,7000,2136,1884,0.12845010615711253,0.863588110403397,0.25021877607050463,20438.663263320923,,,,
volume|2024|0|all,volume,2024,0,all,20,2022,general,10000,2136,1884,0.21709129511677283,0.863588110403397,0.3470438309141438,20438.663263320923,,,,
volume|2024|0|all,volume,2024,0,all,20,2023,general,5000,2114,1849,0.0805840995132504,0.866955110870741,0.1915087722929036,20617.96230697632,,,,
volume|2024|0|all,volume,2024,0,all,20,2023,general,7000,2114,1849,0.1341265548945376,0.866955110870741,0.2591674729080062,20617.96230697632,,,,
volume|2024|0|all,volume,2024,0,all,20,2023,general,10000,2114,1849,0.23309897241752298,0.866955110870741,0.35766550186705437,20617.96230697632,,,,
volume|2024|0|all,volume,2024,0,all,20,2024,general,5000,2099,1767,0.08488964346349745,0.8505942275042445,0.19188408978491872,20192.781217575073,,,,
volume|2024|0|all,volume,2024,0,all,20,2024,general,7000,2099,1767,0.14091680814940577,0.8505942275042445,0.26263023224692095,20192.781217575073,,,,
volume|2024|0|all,volume,2024,0,all,20,2024,general,10000,2099,1767,0.23995472552348612,0.8505942275042445,0.3548864855047309,20192.781217575073,,,,
volume|2024|0|all,volume,2024,0,all,20,2025,general,5000,2085,1769,0.07744488411531938,0.8456755228942906,0.18649259742646251,20729.46329832077,,,,
volume|2024|0|all,volume,2024,0,all,20,2025,general,7000,2085,1769,0.12492933860938384,0.8456755228942906,0.2542531220660858,20729.46329832077,,,,
volume|2024|0|all,volume,2024,0,all,20,2025,general,10000,2085,1769,0.22611644997173544,0.8456755228942906,0.3494349883486725,20729.46329832077,,,,
volume|2024|0|all,volume,2024,0,all,20,2018,roro,5000,615,529,0.04158790170132325,0.888468809073724,0.1353045730841776,26378.113064289093,,,,
volume|2024|0|all,volume,2024,0,all,20,2018,roro,7000,615,529,0.06427221172022685,0.888468809073724,0.16019290821840265,26378.113064289093,,,,
volume|2024|0|all,volume,2024,0,all,20,2018,roro,10000,615,529,0.11531190926275993,0.888468809073724,0.24392840329988974,26378.113064289093,,,,
volume|2024|0|all,volume,2024,0,all,20,2019,roro,5000,620,517,0.05222437137330754,0.8955512572533849,0.137256187380366,29618.86899471283,,,,
volume|2024|0|all,volume,2024,0,all,20,2019,roro,7000,620,517,0.07736943907156674,0.8955512572533849,0.17203244258081257,29618.86899471283,,,,
volume|2024|0|all,volume,2024,0,all,20,2019,roro,10000,620,517,0.10638297872340426,0.8955512572533849,0.2695241962908318,29618.86899471283,,,,
volume|2024|0|all,volume,2024,0,all,20,2020,roro,5000,637,506,0.04743083003952569,0.8735177865612648,0.1476740879906143,28056.110999941826,,,,
volume|2024|0|all,volume,2024,0,all,20,2020,roro,7000,637,506,0.06324110671936758,0.8735177865612648,0.17774706849145455,28056.110999941826,,,,
volume|2024|0|all,volume,2024,0,all,20,2020,roro,10000,637,506,0.116600790513834,0.8735177865612648,0.27127150531875094,28056.110999941826,,,,
volume|2024|0|all,volume,2024,0,all,20,2021,roro,5000,654,529,0.052930056710775046,0.8865784499054821,0.13495454838509116,29356.38516998291,,,,
volume|2024|0|all,volume,2024,0,all,20,2021,roro,7000,654,529,0.06427221172022685,0.8865784499054821,0.16220414723514145,29356.38516998291,,,,
volume|2024|0|all,volume,2024,0,all,20,2021,roro,10000,654,529,0.10586011342155009,0.8865784499054821,0.25440240181720386,29356.38516998291,,,,
volume|2024|0|all,volume,2024,0,all,20,2022,roro,5000,668,607,0.039538714991762765,0.886326194398682,0.13697823038449936,28631.84458065033,,,,
volume|2024|0|all,volume,2024,0,all,20,2022,roro,7000,668,607,0.057660626029654036,0.886326194398682,0.15960747420068405,28631.84458065033,,,,
volume|2024|0|all,volume,2024,0,all,20,2022,roro,10000,668,607,0.11037891268533773,0.886326194398682,0.25732221457882154,28631.84458065033,,,,
volume|2024|0|all,volume,2024,0,all,20,2023,roro,5000,650,601,0.03494176372712146,0.9151414309484193,0.13918140732324458,28408.15256500244,,,,
volume|2024|0|all,volume,2024,0,all,20,2023,roro,7000,650,601,0.051580698835274545,0.9151414309484193,0.16561347496568188,28408.15256500244,,,,
volume|2024|0|all,volume,2024,0,all,20,2023,roro,10000,650,601,0.09816971713810316,0.9151414309484193,0.2564851147427158,28408.15256500244,,,,
volume|2024|0|all,volume,2024,0,all,20,2024,roro,5000,642,561,0.04634581105169341,0.9073083778966132,0.12997362519399414,27876.98367547989,,,,
volume|2024|0|all,volume,2024,0,all,20,2024,roro,7000,642,561,0.058823529411764705,0.9073083778966132,0.1534429164734168,27876.98367547989,,,,
volume|2024|0|all,volume,2024,0,all,20,2024,roro,10000,642,561,0.0962566844919786,0.9073083778966132,0.233890188894859,27876.98367547989,,,,
volume|2024|0|all,volume,2024,0,all,20,2025,roro,5000,646,588,0.04931972789115646,0.8979591836734694,0.1402928721287184,29224.713167369366,,,,
volume|2024|0|all,volume,2024,0,all,20,2025,roro,7000,646,588,0.06292517006802721,0.8979591836734694,0.16472298534375748,29224.713167369366,,,,
volume|2024|0|all,volume,2024,0,all,20,2025,roro,10000,646,588,0.10884353741496598,0.8979591836734694,0.2488332836743439,29224.713167369366,,,,
volume|2024|0|all,volume,2024,0,all,20,2018,tanker,5000,4618,3798,0.09110057925223802,0.8809899947340706,0.17006358412868144,19071.288296580315,,,,
volume|2024|0|all,volume,2024,0,all,20,2018,tanker,7000,4618,3798,0.1358609794628752,0.8809899947340706,0.25151723537697096,19071.288296580315,,,,
volume|2024|0|all,volume,2024,0,all,20,2018,tanker,10000,4618,3798,0.2119536598209584,0.8809899947340706,0.36029942722435265,19071.288296580315,,,,
volume|2024|0|all,volume,2024,0,all,20,2019,tanker,5000,4875,3924,0.07492354740061162,0.8751274209989807,0.1788075029065751,21031.92888367176,,,,
volume|2024|0|all,volume,2024,0,all,20,2019,tanker,7000,4875,3924,0.12028542303771661,0.8751274209989807,0.26221604710435775,21031.92888367176,,,,
volume|2024|0|all,volume,2024,0,all,20,2019,tanker,10000,4875,3924,0.1967380224260958,0.8751274209989807,0.3804831607418495,21031.92888367176,,,,
volume|2024|0|all,volume,2024,0,all,20,2020,tanker,5000,4919,3944,0.0755578093306288,0.8828600405679513,0.18207588607366532,20274.08250427246,,,,
volume|2024|0|all,volume,2024,0,all,20,2020,tanker,7000,4919,3944,0.1148580121703854,0.8828600405679513,0.27325794811542464,20274.08250427246,,,,
volume|2024|0|all,volume,2024,0,all,20,2020,tanker,10000,4919,3944,0.19523326572008112,0.8828600405679513,0.39923959689925126,20274.08250427246,,,,
volume|2024|0|all,volume,2024,0,all,20,2021,tanker,5000,4987,4085,0.08004895960832313,0.8915544675642595,0.1836593805507252,19962.725584983826,,,,
volume|2024|0|all,volume,2024,0,all,20,2021,tanker,7000,4987,4085,0.12925336597307222,0.8915544675642595,0.2726755218684332,19962.725584983826,,,,
volume|2024|0|all,volume,2024,0,all,20,2021,tanker,10000,4987,4085,0.2134638922888617,0.8915544675642595,0.3998250520369385,19962.725584983826,,,,
volume|2024|0|all,volume,2024,0,all,20,2022,tanker,5000,4893,4229,0.09009222038306929,0.887916765192717,0.19388608388846693,19969.72827243805,,,,
volume|2024|0|all,volume,2024,0,all,20,2022,tanker,7000,4893,4229,0.13998581224875858,0.887916765192717,0.27850532244322207,19969.72827243805,,,,
volume|2024|0|all,volume,2024,0,all,20,2022,tanker,10000,4893,4229,0.21920075668006622,0.887916765192717,0.4032670859399055,19969.72827243805,,,,
volume|2024|0|all,volume,2024,0,all,20,2023,tanker,5000,4791,4262,0.08517128108869075,0.8758798686062881,0.18763669006870157,20004.22395181656,,,,
volume|2024|0|all,volume,2024,0,all,20,2023,tanker,7000,4791,4262,0.1346785546691694,0.8758798686062881,0.27094373013432493,20004.22395181656,,,,
volume|2024|0|all,volume,2024,0,all,20,2023,tanker,10000,4791,4262,0.21750351947442514,0.8758798686062881,0.39698939882091333,20004.22395181656,,,,
volume|2024|0|all,volume,2024,0,all,20,2024,tanker,5000,4777,4087,0.09395644727183754,0.8602887203327624,0.19463223119861087,20171.42286157608,,,,
volume|2024|0|all,volume,2024,0,all,20,2024,tanker,7000,4777,4087,0.15586004404208467,0.8602887203327624,0.27754659104596796,20171.42286157608,,,,
volume|2024|0|all,volume,2024,0,all,20,2024,tanker,10000,4777,4087,0.2297528749694152,0.8602887203327624,0.39373369783714535,20171.42286157608,,,,
volume|2024|0|all,volume,2024,0,all,20,2025,tanker,5000,4763,4099,0.09880458648450842,0.8533788728958283,0.18927935211549182,19982.6432595253,,,,
volume|2024|0|all,volume,2024,0,all,20,2025,tanker,7000,4763,4099,0.15223225176872407,0.8533788728958283,0.27474365623078106,19982.6432595253,,,,
volume|2024|0|all,volume,2024,0,all,20,2025,tanker,10000,4763,4099,0.22346913881434496,0.8533788728958283,0.39257130981799865,19982.6432595253,,,,
all|-1|0|all,all,-1,0,all,2551,2018,all,5000,18359,15321,0.4311076300502578,1.0,0.7400567387571633,5409.5120730400085,,,,
all|-1|0|all,all,-1,0,all,2551,2018,all,7000,18359,15321,0.6444096338359115,1.0,0.8600551413856458,5409.5120730400085,,,,
all|-1|0|all,all,-1,0,all,2551,2018,all,10000,18359,15321,0.9138437438809477,1.0,0.9767553404451508,5409.5120730400085,,,,
all|-1|0|all,all,-1,0,all,2551,2019,all,5000,19082,15502,0.4229776802993162,1.0,0.7307027723106888,5443.3354288339615,,,,
all|-1|0|all,all,-1,0,all,2551,2019,all,7000,19082,15502,0.637788672429364,1.0,0.8517635334292234,5443.3354288339615,,,,
all|-1|0|all,all,-1,0,all,2551,2019,all,10000,19082,15502,0.9054960650238679,1.0,0.9738195011156441,5443.3354288339615,,,,
all|-1|0|all,all,-1,0,all,2551,2020,all,5000,19477,15740,0.4128335451080051,1.0,0.718026337006624,5623.333949446678,,,,
all|-1|0|all,all,-1,0,all,2551,2020,all,7000,19477,15740,0.61569250317662,1.0,0.8375303338234495,5623.333949446678,,,,
all|-1|0|all,all,-1,0,all,2551,2020,all,10000,19477,15740,0.8893265565438374,1.0,0.9684441330071534,5623.333949446678,,,,
all|-1|0|all,all,-1,0,all,2551,2021,all,5000,19938,16620,0.40740072202166067,1.0,0.7083812644991624,5659.400408744812,,,,
all|-1|0|all,all,-1,0,all,2551,2021,all,7000,19938,16620,0.6219013237063779,1.0,0.8400010474882511,5659.400408744812,,,,
all|-1|0|all,all,-1,0,all,2551,2021,all,10000,19938,16620,0.8975932611311672,1.0,0.9690566748927978,5659.400408744812,,,,
all|-1|0|all,all,-1,0,all,2551,2022,all,5000,19678,17691,0.42637499293426034,1.0,0.7247488813438352,5447.8141803741455,,,,
all|-1|0|all,all,-1,0,all,2551,2022,all,7000,19678,17691,0.6399864337798881,1.0,0.8547509249547287,5447.8141803741455,,,,
all|-1|0|all,all,-1,0,all,2551,2022,all,10000,19678,17691,0.9152111243004918,1.0,0.9735342389474897,5447.8141803741455,,,,
all|-1|0|all,all,-1,0,all,2551,2023,all,5000,19387,17714,0.4350231455346054,1.0,0.7321354100614096,5342.29540014267,,,,
all|-1|0|all,all,-1,0,all,2551,2023,all,7000,19387,17714,0.646437845771706,1.0,0.8568887307017307,5342.29540014267,,,,
all|-1|0|all,all,-1,0,all,2551,2023,all,10000,19387,17714,0.9068533363441346,1.0,0.9732300138131925,5342.29540014267,,,,
all|-1|0|all,all,-1,0,all,2551,2024,all,5000,19307,16746,0.42738564433297505,1.0,0.6933068216472862,5660.221650928259,,,,
all|-1|0|all,all,-1,0,all,2551,2024,all,7000,19307,16746,0.6033082527170668,1.0,0.8128689364426788,5660.221650928259,,,,
all|-1|0|all,all,-1,0,all,2551,2024,all,10000,19307,16746,0.8646841036665472,1.0,0.9537354265774148,5660.221650928259,,,,
all|-1|0|all,all,-1,0,all,2551,2025,all,5000,19237,17006,0.42649653063624604,1.0,0.6931490917580536,5714.2680695056915,,,,
all|-1|0|all,all,-1,0,all,2551,2025,all,7000,19237,17006,0.5968481712336823,1.0,0.8096113714114324,5714.2680695056915,,,,
all|-1|0|all,all,-1,0,all,2551,2025,all,10000,19237,17006,0.8781606491826415,1.0,0.9617586525036973,5714.2680695056915,,,,
all|-1|0|all,all,-1,0,all,2551,2018,bulk,5000,7047,6294,0.30394026056561807,1.0,0.6803060972684989,6798.369982719421,,,,
all|-1|0|all,all,-1,0,all,2551,2018,bulk,7000,7047,6294,0.5090562440419447,1.0,0.7915199731006378,6798.369982719421,,,,
all|-1|0|all,all,-1,0,all,2551,2018,bulk,10000,7047,6294,0.8763902129011757,1.0,0.9622977298167412,6798.369982719421,,,,
all|-1|0|all,all,-1,0,all,2551,2019,bulk,5000,7336,6371,0.30183644639773977,1.0,0.6728252498677372,6827.063281536102,,,,
all|-1|0|all,all,-1,0,all,2551,2019,bulk,7000,7336,6371,0.5076126196829384,1.0,0.7841149507750276,6827.063281536102,,,,
all|-1|0|all,all,-1,0,all,2551,2019,bulk,10000,7336,6371,0.8642285355517187,1.0,0.9587339093172881,6827.063281536102,,,,
all|-1|0|all,all,-1,0,all,2551,2020,bulk,5000,7551,6573,0.29377757492773465,1.0,0.6530916301870986,7231.951635360718,,,,
all|-1|0|all,all,-1,0,all,2551,2020,bulk,7000,7551,6573,0.4798417769663776,1.0,0.7640301633691587,7231.951635360718,,,,
all|-1|0|all,all,-1,0,all,2551,2020,bulk,10000,7551,6573,0.8439068918302145,1.0,0.951388925208333,7231.951635360718,,,,
all|-1|0|all,all,-1,0,all,2551,2021,bulk,5000,7737,6773,0.276982134947586,1.0,0.6480342813619273,7184.663220882416,,,,
all|-1|0|all,all,-1,0,all,2551,2021,bulk,7000,7737,6773,0.4832422855455485,1.0,0.7732260981422262,7184.663220882416,,,,
all|-1|0|all,all,-1,0,all,2551,2021,bulk,10000,7737,6773,0.8554554850140262,1.0,0.9527882075032531,7184.663220882416,,,,
all|-1|0|all,all,-1,0,all,2551,2022,bulk,5000,7632,7090,0.30084626234132583,1.0,0.6678718922069474,6768.086815357208,,,,
all|-1|0|all,all,-1,0,all,2551,2022,bulk,7000,7632,7090,0.5124118476727786,1.0,0.7896173888337866,6768.086815357208,,,,
all|-1|0|all,all,-1,0,all,2551,2022,bulk,10000,7632,7090,0.8834978843441467,1.0,0.9587239530912236,6768.086815357208,,,,
all|-1|0|all,all,-1,0,all,2551,2023,bulk,5000,7477,7061,0.30576405608270785,1.0,0.6645752429521805,6781.773660898209,,,,
all|-1|0|all,all,-1,0,all,2551,2023,bulk,7000,7477,7061,0.5128168814615494,1.0,0.7830090038586639,6781.773660898209,,,,
all|-1|0|all,all,-1,0,all,2551,2023,bulk,10000,7477,7061,0.8708398243874805,1.0,0.958746204669291,6781.773660898209,,,,
all|-1|0|all,all,-1,0,all,2551,2024,bulk,5000,7486,6665,0.299774943735934,1.0,0.6316513508611528,7543.662278175354,,,,
all|-1|0|all,all,-1,0,all,2551,2024,bulk,7000,7486,6665,0.4627156789197299,1.0,0.7364473041049555,7543.662278175354,,,,
all|-1|0|all,all,-1,0,all,2551,2024,bulk,10000,7486,6665,0.8081020255063766,1.0,0.9342172654468844,7543.662278175354,,,,
all|-1|0|all,all,-1,0,all,2551,2025,bulk,5000,7455,6820,0.29897360703812315,1.0,0.6318350398221495,7716.836695492268,,,,
all|-1|0|all,all,-1,0,all,2551,2025,bulk,7000,7455,6820,0.4536656891495601,1.0,0.7301436722499995,7716.836695492268,,,,
all|-1|0|all,all,-1,0,all,2551,2025,bulk,10000,7455,6820,0.8316715542521994,1.0,0.9451028462586705,7716.836695492268,,,,
all|-1|0|all,all,-1,0,all,2551,2018,container,5000,3087,2234,0.6365264100268576,1.0,0.8187319142154326,3820.6789016723633,,,,
all|-1|0|all,all,-1,0,all,2551,2018,container,7000,3087,2234,0.8388540734109221,1.0,0.940601301466088,3820.6789016723633,,,,
all|-1|0|all,all,-1,0,all,2551,2018,container,10000,3087,2234,0.9794091316025068,1.0,0.9954343297401923,3820.6789016723633,,,,
all|-1|0|all,all,-1,0,all,2551,2019,container,5000,3179,2209,0.6355817111815301,1.0,0.8163917257242286,3860.614143371582,,,,
all|-1|0|all,all,-1,0,all,2551,2019,container,7000,3179,2209,0.8415572657311,1.0,0.9354048154714323,3860.614143371582,,,,
all|-1|0|all,all,-1,0,all,2551,2019,container,10000,3179,2209,0.9737437754640109,1.0,0.9926099795472868,3860.614143371582,,,,
all|-1|0|all,all,-1,0,all,2551,2020,container,5000,3213,2212,0.6243218806509946,1.0,0.8182581135476211,3794.2801387738436,,,,
all|-1|0|all,all,-1,0,all,2551,2020,container,7000,3213,2212,0.8250452079566004,1.0,0.934043309041408,3794.2801387738436,,,,
all|-1|0|all,all,-1,0,all,2551,2020,container,10000,3213,2212,0.9665461121157324,1.0,0.9926447462858233,3794.2801387738436,,,,
all|-1|0|all,all,-1,0,all,2551,2021,container,5000,3329,2505,0.5864271457085828,1.0,0.782637515225008,4053.377546310425,,,,
all|-1|0|all,all,-1,0,all,2551,2021,container,7000,3329,2505,0.8111776447105788,1.0,0.9234920813238795,4053.377546310425,,,,
all|-1|0|all,all,-1,0,all,2551,2021,container,10000,3329,2505,0.9584830339321357,1.0,0.9899880728591257,4053.377546310425,,,,
all|-1|0|all,all,-1,0,all,2551,2022,container,5000,3281,2890,0.5875432525951557,1.0,0.7762422490606476,4080.975530385971,,,,
all|-1|0|all,all,-1,0,all,2551,2022,container,7000,3281,2890,0.7823529411764706,1.0,0.9091034585502572,4080.975530385971,,,,
all|-1|0|all,all,-1,0,all,2551,2022,container,10000,3281,2890,0.9491349480968858,1.0,0.9863917837782912,4080.975530385971,,,,
all|-1|0|all,all,-1,0,all,2551,2023,container,5000,3293,2948,0.6190637720488467,1.0,0.8216421431794901,3825.969521522522,,,,
all|-1|0|all,all,-1,0,all,2551,2023,container,7000,3293,2948,0.7913839891451832,1.0,0.9232519011550967,3825.969521522522,,,,
all|-1|0|all,all,-1,0,all,2551,2023,container,10000,3293,2948,0.9382632293080054,1.0,0.9851441077601797,3825.969521522522,,,,
all|-1|0|all,all,-1,0,all,2551,2024,container,5000,3234,2715,0.5878453038674033,1.0,0.7715671630602922,3971.893811225891,,,,
all|-1|0|all,all,-1,0,all,2551,2024,container,7000,3234,2715,0.7388581952117864,1.0,0.8749591107236928,3971.893811225891,,,,
all|-1|0|all,all,-1,0,all,2551,2024,container,10000,3234,2715,0.9193370165745857,1.0,0.9733931959954861,3971.893811225891,,,,
all|-1|0|all,all,-1,0,all,2551,2025,container,5000,3231,2779,0.578265563152213,1.0,0.7673611900057398,4166.2443861961365,,,,
all|-1|0|all,all,-1,0,all,2551,2025,container,7000,3231,2779,0.7182439726520331,1.0,0.8660144920331418,4166.2443861961365,,,,
all|-1|0|all,all,-1,0,all,2551,2025,container,10000,3231,2779,0.9183159409859661,1.0,0.9763457056296502,4166.2443861961365,,,,
all|-1|0|all,all,-1,0,all,2551,2018,gas,5000,939,820,0.4,1.0,0.6350734893826283,6137.54232186079,,,,
all|-1|0|all,all,-1,0,all,2551,2018,gas,7000,939,820,0.5878048780487805,1.0,0.7914196544501102,6137.54232186079,,,,
all|-1|0|all,all,-1,0,all,2551,2018,gas,10000,939,820,0.8573170731707317,1.0,0.9701536490296543,6137.54232186079,,,,
all|-1|0|all,all,-1,0,all,2551,2019,gas,5000,988,874,0.37528604118993136,1.0,0.6359632808727549,6406.389501452446,,,,
all|-1|0|all,all,-1,0,all,2551,2019,gas,7000,988,874,0.5709382151029748,1.0,0.7844616797796569,6406.389501452446,,,,
all|-1|0|all,all,-1,0,all,2551,2019,gas,10000,988,874,0.8558352402745996,1.0,0.9685045657223673,6406.389501452446,,,,
all|-1|0|all,all,-1,0,all,2551,2020,gas,5000,1039,913,0.34611171960569553,1.0,0.6114434247979678,6595.915684700012,,,,
all|-1|0|all,all,-1,0,all,2551,2020,gas,7000,1039,913,0.5323110624315444,1.0,0.7533807797266237,6595.915684700012,,,,
all|-1|0|all,all,-1,0,all,2551,2020,gas,10000,1039,913,0.8116100766703176,1.0,0.9581203998433445,6595.915684700012,,,,
all|-1|0|all,all,-1,0,all,2551,2021,gas,5000,1084,977,0.31218014329580346,1.0,0.5772107859753037,6818.684414863586,,,,
all|-1|0|all,all,-1,0,all,2551,2021,gas,7000,1084,977,0.5015353121801432,1.0,0.742412648876051,6818.684414863586,,,,
all|-1|0|all,all,-1,0,all,2551,2021,gas,10000,1084,977,0.7942681678607983,1.0,0.9520893268739568,6818.684414863586,,,,
all|-1|0|all,all,-1,0,all,2551,2022,gas,5000,1068,991,0.3481331987891019,1.0,0.6509881314221951,6358.070605278015,,,,
all|-1|0|all,all,-1,0,all,2551,2022,gas,7000,1068,991,0.5872855701311807,1.0,0.8131701543951352,6358.070605278015,,,,
all|-1|0|all,all,-1,0,all,2551,2022,gas,10000,1068,991,0.8698284561049445,1.0,0.9701692451739315,6358.070605278015,,,,
all|-1|0|all,all,-1,0,all,2551,2023,gas,5000,1062,993,0.3595166163141994,1.0,0.6145431671170197,6318.4263162612915,,,,
all|-1|0|all,all,-1,0,all,2551,2023,gas,7000,1062,993,0.5830815709969789,1.0,0.8028462773649683,6318.4263162612915,,,,
all|-1|0|all,all,-1,0,all,2551,2023,gas,10000,1062,993,0.8388721047331319,1.0,0.9659010143491878,6318.4263162612915,,,,
all|-1|0|all,all,-1,0,all,2551,2024,gas,5000,1069,951,0.36803364879074657,1.0,0.5525307590724695,6423.57515245676,,,,
all|-1|0|all,all,-1,0,all,2551,2024,gas,7000,1069,951,0.5394321766561514,1.0,0.7057242993203353,6423.57515245676,,,,
all|-1|0|all,all,-1,0,all,2551,2024,gas,10000,1069,951,0.6992639327024185,1.0,0.8965201908605497,6423.57515245676,,,,
all|-1|0|all,all,-1,0,all,2551,2025,gas,5000,1057,951,0.36908517350157727,1.0,0.5761655465948882,6379.352723121643,,,,
all|-1|0|all,all,-1,0,all,2551,2025,gas,7000,1057,951,0.562565720294427,1.0,0.7437493936287318,6379.352723121643,,,,
all|-1|0|all,all,-1,0,all,2551,2025,gas,10000,1057,951,0.750788643533123,1.0,0.9230700305714935,6379.352723121643,,,,
all|-1|0|all,all,-1,0,all,2551,2018,general,5000,2053,1646,0.594775212636695,1.0,0.8335361890622071,4238.883906066418,,,,
all|-1|0|all,all,-1,0,all,2551,2018,general,7000,2053,1646,0.7721749696233293,1.0,0.9206534743875147,4238.883906066418,,,,
all|-1|0|all,all,-1,0,all,2551,2018,general,10000,2053,1646,0.956865127582017,1.0,0.9873370142485889,4238.883906066418,,,,
all|-1|0|all,all,-1,0,all,2551,2019,general,5000,2084,1607,0.5818294959551961,1.0,0.8195156172043035,4242.5102825164795,,,,
all|-1|0|all,all,-1,0,all,2551,2019,general,7000,2084,1607,0.7622899813316739,1.0,0.9140796266123257,4242.5102825164795,,,,
all|-1|0|all,all,-1,0,all,2551,2019,general,10000,2084,1607,0.9520846297448662,1.0,0.9864275334296624,4242.5102825164795,,,,
all|-1|0|all,all,-1,0,all,2551,2020,general,5000,2118,1592,0.5753768844221105,1.0,0.8063444968675012,4341.253607064486,,,,
all|-1|0|all,all,-1,0,all,2551,2020,general,7000,2118,1592,0.7449748743718593,1.0,0.9051556666263618,4341.253607064486,,,,
all|-1|0|all,all,-1,0,all,2551,2020,general,10000,2118,1592,0.9309045226130653,1.0,0.9786903689611234,4341.253607064486,,,,
all|-1|0|all,all,-1,0,all,2551,2021,general,5000,2147,1751,0.5728155339805825,1.0,0.803462246120151,4282.838244765997,,,,
all|-1|0|all,all,-1,0,all,2551,2021,general,7000,2147,1751,0.7709880068532268,1.0,0.9132872670046528,4282.838244765997,,,,
all|-1|0|all,all,-1,0,all,2551,2021,general,10000,2147,1751,0.9377498572244432,1.0,0.9760439779616155,4282.838244765997,,,,
all|-1|0|all,all,-1,0,all,2551,2022,general,5000,2136,1884,0.5923566878980892,1.0,0.7986556017106121,4061.1149413585663,,,,
all|-1|0|all,all,-1,0,all,2551,2022,general,7000,2136,1884,0.7643312101910829,1.0,0.907211922665061,4061.1149413585663,,,,
all|-1|0|all,all,-1,0,all,2551,2022,general,10000,2136,1884,0.9341825902335457,1.0,0.9793654534166619,4061.1149413585663,,,,
all|-1|0|all,all,-1,0,all,2551,2023,general,5000,2114,1849,0.5851811790156841,1.0,0.8074128405828034,4101.719638347626,,,,
all|-1|0|all,all,-1,0,all,2551,2023,general,7000,2114,1849,0.7641968631692807,1.0,0.9098786840812135,4101.719638347626,,,,
all|-1|0|all,all,-1,0,all,2551,2023,general,10000,2114,1849,0.92644672796106,1.0,0.9768370600038937,4101.719638347626,,,,
all|-1|0|all,all,-1,0,all,2551,2024,general,5000,2099,1767,0.590265987549519,1.0,0.7869256095803328,4058.2452389597893,,,,
all|-1|0|all,all,-1,0,all,2551,2024,general,7000,2099,1767,0.745897000565931,1.0,0.8948184578785299,4058.2452389597893,,,,
all|-1|0|all,all,-1,0,all,2551,2024,general,10000,2099,1767,0.9213355970571591,1.0,0.9701822253917322,4058.2452389597893,,,,
all|-1|0|all,all,-1,0,all,2551,2025,general,5000,2085,1769,0.5952515545505935,1.0,0.7965578433796772,4242.510282337666,,,,
all|-1|0|all,all,-1,0,all,2551,2025,general,7000,2085,1769,0.7574901074053138,1.0,0.899017268661755,4242.510282337666,,,,
all|-1|0|all,all,-1,0,all,2551,2025,general,10000,2085,1769,0.9259468626342566,1.0,0.9780865509852856,4242.510282337666,,,,
all|-1|0|all,all,-1,0,all,2551,2018,roro,5000,615,529,0.332703213610586,1.0,0.7661476219296405,6544.263502597809,,,,
all|-1|0|all,all,-1,0,all,2551,2018,roro,7000,615,529,0.553875236294896,1.0,0.9025725610302664,6544.263502597809,,,,
all|-1|0|all,all,-1,0,all,2551,2018,roro,10000,615,529,0.9338374291115312,1.0,0.9913924118377165,6544.263502597809,,,,
all|-1|0|all,all,-1,0,all,2551,2019,roro,5000,620,517,0.31721470019342357,1.0,0.7549284262190472,6910.075616359711,,,,
all|-1|0|all,all,-1,0,all,2551,2019,roro,7000,620,517,0.5203094777562862,1.0,0.8892054412558569,6910.075616359711,,,,
all|-1|0|all,all,-1,0,all,2551,2019,roro,10000,620,517,0.8994197292069632,1.0,0.9870247000060656,6910.075616359711,,,,
all|-1|0|all,all,-1,0,all,2551,2020,roro,5000,637,506,0.3577075098814229,1.0,0.7753067228317274,6246.818514466286,,,,
all|-1|0|all,all,-1,0,all,2551,2020,roro,7000,637,506,0.5612648221343873,1.0,0.8967934339891953,6246.818514466286,,,,
all|-1|0|all,all,-1,0,all,2551,2020,roro,10000,637,506,0.9110671936758893,1.0,0.9860182094503384,6246.818514466286,,,,
all|-1|0|all,all,-1,0,all,2551,2021,roro,5000,654,529,0.31379962192816635,1.0,0.748923305950978,6917.810544490814,,,,
all|-1|0|all,all,-1,0,all,2551,2021,roro,7000,654,529,0.5066162570888468,1.0,0.8863358030585526,6917.810544490814,,,,
all|-1|0|all,all,-1,0,all,2551,2021,roro,10000,654,529,0.9357277882797732,1.0,0.9916361515861936,6917.810544490814,,,,
all|-1|0|all,all,-1,0,all,2551,2022,roro,5000,668,607,0.3163097199341021,1.0,0.7082045268943383,7238.014530658722,,,,
all|-1|0|all,all,-1,0,all,2551,2022,roro,7000,668,607,0.471169686985173,1.0,0.8573030873276448,7238.014530658722,,,,
all|-1|0|all,all,-1,0,all,2551,2022,roro,10000,668,607,0.9060955518945635,1.0,0.9822589471142813,7238.014530658722,,,,
all|-1|0|all,all,-1,0,all,2551,2023,roro,5000,650,601,0.27454242928452577,1.0,0.7038658707247266,7186.98954719305,,,,
all|-1|0|all,all,-1,0,all,2551,2023,roro,7000,650,601,0.47753743760399336,1.0,0.8739411982233107,7186.98954719305,,,,
all|-1|0|all,all,-1,0,all,2551,2023,roro,10000,650,601,0.9500831946755408,1.0,0.994234053226872,7186.98954719305,,,,
all|-1|0|all,all,-1,0,all,2551,2024,roro,5000,642,561,0.27629233511586454,1.0,0.6589635555429545,7822.294020652771,,,,
all|-1|0|all,all,-1,0,all,2551,2024,roro,7000,642,561,0.43672014260249553,1.0,0.8269943263261381,7822.294020652771,,,,
all|-1|0|all,all,-1,0,all,2551,2024,roro,10000,642,561,0.8734402852049911,1.0,0.9777280400384696,7822.294020652771,,,,
all|-1|0|all,all,-1,0,all,2551,2025,roro,5000,646,588,0.28741496598639454,1.0,0.6575693573246909,7822.294020652771,,,,
all|-1|0|all,all,-1,0,all,2551,2025,roro,7000,646,588,0.4217687074829932,1.0,0.8101524942738773,7822.294020652771,,,,
all|-1|0|all,all,-1,0,all,2551,2025,roro,10000,646,588,0.8826530612244898,1.0,0.979162803138833,7822.294020652771,,,,
all|-1|0|all,all,-1,0,all,2551,2018,tanker,5000,4618,3798,0.47051079515534494,1.0,0.7584274444930865,5074.441877007484,,,,
all|-1|0|all,all,-1,0,all,2551,2018,tanker,7000,4618,3798,0.7238020010531859,1.0,0.8911082630805055,5074.441877007484,,,,
all|-1|0|all,all,-1,0,all,2551,2018,tanker,10000,4618,3798,0.9281200631911533,1.0,0.9787317771393792,5074.441877007484,,,,
all|-1|0|all,all,-1,0,all,2551,2019,tanker,5000,4875,3924,0.459480122324159,1.0,0.7462861906646754,5113.099660992622,,,,
all|-1|0|all,all,-1,0,all,2551,2019,tanker,7000,4875,3924,0.7138124362895005,1.0,0.8851100043681979,5113.099660992622,,,,
all|-1|0|all,all,-1,0,all,2551,2019,tanker,10000,4875,3924,0.9268603465851172,1.0,0.9772475941460227,5113.099660992622,,,,
all|-1|0|all,all,-1,0,all,2551,2020,tanker,5000,4919,3944,0.44954361054766734,1.0,0.7426415683712394,5118.79500246048,,,,
all|-1|0|all,all,-1,0,all,2551,2020,tanker,7000,4919,3944,0.6987829614604463,1.0,0.8814644337144095,5118.79500246048,,,,
all|-1|0|all,all,-1,0,all,2551,2020,tanker,10000,4919,3944,0.920131845841785,1.0,0.9752446982521248,5118.79500246048,,,,
all|-1|0|all,all,-1,0,all,2551,2021,tanker,5000,4987,4085,0.47784577723378213,1.0,0.7515781107047727,5051.5996816158295,,,,
all|-1|0|all,all,-1,0,all,2551,2021,tanker,7000,4987,4085,0.7155446756425948,1.0,0.8810615598897947,5051.5996816158295,,,,
all|-1|0|all,all,-1,0,all,2551,2021,tanker,10000,4987,4085,0.9326805385556916,1.0,0.9778044262912572,5051.5996816158295,,,,
all|-1|0|all,all,-1,0,all,2551,2022,tanker,5000,4893,4229,0.4868763301016789,1.0,0.7706401269100905,5015.230248451233,,,,
all|-1|0|all,all,-1,0,all,2551,2022,tanker,7000,4893,4229,0.7377630645542681,1.0,0.9047884544383872,5015.230248451233,,,,
all|-1|0|all,all,-1,0,all,2551,2022,tanker,10000,4893,4229,0.9486876330101679,1.0,0.9826733128233114,5015.230248451233,,,,
all|-1|0|all,all,-1,0,all,2551,2023,tanker,5000,4791,4262,0.4969497888315345,1.0,0.7767546134114958,5009.600793361664,,,,
all|-1|0|all,all,-1,0,all,2551,2023,tanker,7000,4791,4262,0.7550445800093852,1.0,0.9116215066499872,5009.600793361664,,,,
all|-1|0|all,all,-1,0,all,2551,2023,tanker,10000,4791,4262,0.9460347254809949,1.0,0.9822225855233593,5009.600793361664,,,,
all|-1|0|all,all,-1,0,all,2551,2024,tanker,5000,4777,4087,0.4930266699290433,1.0,0.7429513347259047,5009.600793600082,,,,
all|-1|0|all,all,-1,0,all,2551,2024,tanker,7000,4777,4087,0.7186200146806949,1.0,0.8860912621906993,5009.600793600082,,,,
all|-1|0|all,all,-1,0,all,2551,2024,tanker,10000,4777,4087,0.9334475165157817,1.0,0.9760290201514902,5009.600793600082,,,,
all|-1|0|all,all,-1,0,all,2551,2025,tanker,5000,4763,4099,0.4962185898999756,1.0,0.7358912968808098,5009.600793361664,,,,
all|-1|0|all,all,-1,0,all,2551,2025,tanker,7000,4763,4099,0.7165162234691388,1.0,0.8823053849267891,5009.600793361664,,,,
all|-1|0|all,all,-1,0,all,2551,2025,tanker,10000,4763,4099,0.936569895096365,1.0,0.9792746566881106,5009.600793361664,,,,
