metric,network,set_key,year,vessel_group,tank_mult,fuel,green_share,latest_target_met,intensity_2025,penalty_eur_per_t_2025,intensity_2030,penalty_eur_per_t_2030,intensity_2035,penalty_eur_per_t_2035,intensity_2040,penalty_eur_per_t_2040,intensity_2045,penalty_eur_per_t_2045,intensity_2050,penalty_eur_per_t_2050
whole,all nodes,all|-1|0|all,2024,all,1.0,e-methanol,0.8951675740323161,2050,7.4042855173588835,0.0,7.4042855173588835,0.0,14.032361821375648,0.0,14.032361821375648,0.0,14.032361821375648,0.0,14.032361821375648,0.0
whole,all nodes,all|-1|0|all,2024,all,1.0,bio-methanol,0.8951675740323161,2045,22.08886998766649,0.0,22.08886998766649,0.0,22.08886998766649,0.0,22.08886998766649,0.0,22.08886998766649,0.0,22.08886998766649,419.05665502889144
whole,all nodes,all|-1|0|all,2024,all,1.5,e-methanol,0.9564245113776444,2050,4.474726241053674,0.0,4.474726241053674,0.0,8.754464099702158,0.0,8.754464099702158,0.0,8.754464099702158,0.0,8.754464099702158,0.0
whole,all nodes,all|-1|0|all,2024,all,1.5,bio-methanol,0.9564245113776444,2050,17.362284702100958,0.0,17.362284702100958,0.0,17.362284702100958,0.0,17.362284702100958,0.0,17.362284702100958,0.0,17.362284702100958,0.0
whole,all nodes,all|-1|0|all,2024,all,2.0,e-methanol,0.9681681440108556,2050,3.9339284784105195,0.0,3.9339284784105195,0.0,7.742632712024681,0.0,7.742632712024681,0.0,7.742632712024681,0.0,7.742632712024681,0.0
whole,all nodes,all|-1|0|all,2024,all,2.0,bio-methanol,0.9681681440108556,2050,16.45614600812238,0.0,16.45614600812238,0.0,16.45614600812238,0.0,16.45614600812238,0.0,16.45614600812238,0.0,16.45614600812238,0.0
whole,all nodes,all|-1|0|all,2024,container,1.0,e-methanol,0.9851459528663422,2050,3.163407049224037,0.0,3.163407049224037,0.0,6.279824701035955,0.0,6.279824701035955,0.0,6.279824701035955,0.0,6.279824701035955,0.0
whole,all nodes,all|-1|0|all,2024,container,1.0,bio-methanol,0.9851459528663422,2050,15.146138276833035,0.0,15.146138276833035,0.0,15.146138276833035,0.0,15.146138276833035,0.0,15.146138276833035,0.0,15.146138276833035,0.0
whole,all nodes,all|-1|0|all,2024,container,1.5,e-methanol,0.995551847293092,2050,2.6976261451334476,0.0,2.6976261451334476,0.0,5.383252837227194,0.0,5.383252837227194,0.0,5.383252837227194,0.0,5.383252837227194,0.0
whole,all nodes,all|-1|0|all,2024,container,1.5,bio-methanol,0.995551847293092,2050,14.343219462865024,0.0,14.343219462865024,0.0,14.343219462865024,0.0,14.343219462865024,0.0,14.343219462865024,0.0,14.343219462865024,0.0
whole,all nodes,all|-1|0|all,2024,container,2.0,e-methanol,0.9981462880345388,2050,2.582251286525901,0.0,2.582251286525901,0.0,5.1597158229441416,0.0,5.1597158229441416,0.0,5.1597158229441416,0.0,5.1597158229441416,0.0
whole,all nodes,all|-1|0|all,2024,container,2.0,bio-methanol,0.9981462880345388,2050,14.14303241525499,0.0,14.14303241525499,0.0,14.14303241525499,0.0,14.14303241525499,0.0,14.14303241525499,0.0,14.14303241525499,0.0
whole,Yap hubs (4),external:yap4|-1|0|all,2024,all,1.0,e-methanol,0.0750130856195269,2030,78.78682936609187,0.0,78.78682936609187,0.0,84.69687254302156,191.4140819664481,84.69687254302156,617.6324170255548,84.69687254302156,1418.4062586517546,84.69687254302156,1883.371715079871
whole,Yap hubs (4),external:yap4|-1|0|all,2024,all,1.0,bio-methanol,0.0750130856195269,2030,85.37199031359731,0.0,85.37199031359731,0.0,85.37199031359731,208.87947776699934,85.37199031359731,631.7272978470525,85.37199031359731,1426.168656785333,85.37199031359731,1887.4571877817543
whole,Yap hubs (4),external:yap4|-1|0|all,2024,all,1.5,e-methanol,0.1362626653631067,2030,69.89546622737552,0.0,69.89546622737552,0.0,79.41960875231472,44.6582533114273,79.41960875231472,499.1978886372926,79.41960875231472,1353.1814459161901,79.41960875231472,1849.042866271679
whole,Yap hubs (4),external:yap4|-1|0|all,2024,all,1.5,bio-methanol,0.1362626653631067,2030,80.64597274058268,0.0,80.64597274058268,0.0,80.64597274058268,80.47537101790736,80.64597274058268,528.102930996908,80.64597274058268,1369.1001648968474,80.64597274058268,1857.4211394193937
whole,Yap hubs (4),external:yap4|-1|0|all,2024,all,2.0,e-methanol,0.1990198357318502,2035,61.72746167136469,0.0,61.72746167136469,0.0,74.01245095334377,0.0,74.01245095334377,360.33021396409,74.01245095334377,1276.7035960961653,74.01245095334377,1808.791366366403
whole,Yap hubs (4),external:yap4|-1|0|all,2024,all,2.0,bio-methanol,0.1990198357318502,2035,75.80362947493043,0.0,75.80362947493043,0.0,75.80362947493043,0.0,75.80362947493043,408.52596312785556,75.80362947493043,1303.246182592152,75.80362947493043,1822.7611487327117
whole,Yap hubs (4),external:yap4|-1|0|all,2024,container,1.0,e-methanol,0.19997053843526,2035,61.61029462008467,0.0,61.61029462008467,0.0,73.930538408418,0.0,73.930538408418,358.07032858276864,73.930538408418,1275.4590215383362,73.930538408418,1808.1363271254404
whole,Yap hubs (4),external:yap4|-1|0|all,2024,container,1.0,bio-methanol,0.19997053843526,2035,75.73027325433534,0.0,75.73027325433534,0.0,75.73027325433534,0.0,75.73027325433534,406.5969193983084,75.73027325433534,1302.1838106831262,75.73027325433534,1822.202005622698
whole,Yap hubs (4),external:yap4|-1|0|all,2024,container,1.5,e-methanol,0.353553368655682,2040,44.84333101465378,0.0,44.84333101465378,0.0,60.69784175662644,0.0,60.69784175662644,0.0,60.69784175662644,1030.2985807411553,60.69784175662644,1679.1045161795555
whole,Yap hubs (4),external:yap4|-1|0|all,2024,container,1.5,bio-methanol,0.353553368655682,2035,63.87982207452758,0.0,63.87982207452758,0.0,63.87982207452758,0.0,63.87982207452758,36.797425267149286,63.87982207452758,1098.5261182630677,63.87982207452758,1715.0137464542463
whole,Yap hubs (4),external:yap4|-1|0|all,2024,container,2.0,e-methanol,0.4767852354086799,2040,33.91162297429737,0.0,33.91162297429737,0.0,50.08018411718814,0.0,50.08018411718814,0.0,50.08018411718814,739.9038668576692,50.08018411718814,1526.265193082984
whole,Yap hubs (4),external:yap4|-1|0|all,2024,container,2.0,bio-methanol,0.4767852354086799,2040,54.37125123586626,0.0,54.37125123586626,0.0,54.37125123586626,0.0,54.37125123586626,0.0,54.37125123586626,870.9213396737565,54.37125123586626,1595.22175772303
whole,Yap hubs (8),external:yap8|-1|0|all,2024,all,1.0,e-methanol,0.125655918337053,2030,71.36593409001685,0.0,71.36593409001685,0.0,80.33348607607951,71.45272616645491,80.33348607607951,520.821498309771,80.33348607607951,1365.0901005184246,80.33348607607951,1855.3105792202234
whole,Yap hubs (8),external:yap8|-1|0|all,2024,all,1.0,bio-methanol,0.125655918337053,2030,81.46438934111298,0.0,81.46438934111298,0.0,81.46438934111298,103.77803709141062,81.46438934111298,546.9085913369281,81.46438934111298,1379.4569053739604,81.46438934111298,1862.8720554599793
whole,Yap hubs (8),external:yap8|-1|0|all,2024,all,1.5,e-methanol,0.2061924815766989,2035,60.848046152146935,0.0,60.848046152146935,0.0,73.39445578735162,0.0,73.39445578735162,343.15580951530507,73.39445578735162,1267.2452284287185,73.39445578735162,1803.8132781203783
whole,Yap hubs (8),external:yap8|-1|0|all,2024,all,1.5,bio-methanol,0.2061924815766989,2035,75.25018812154191,0.0,75.25018812154191,0.0,75.25018812154191,0.0,75.25018812154191,393.87930092384306,75.25018812154191,1295.1799048566093,75.25018812154191,1818.5157393982154
whole,Yap hubs (8),external:yap8|-1|0|all,2024,all,2.0,e-methanol,0.2855811741875123,2035,51.76983559522509,0.0,51.76983559522509,0.0,66.55432603200394,0.0,66.55432603200394,131.76337286613852,66.55432603200394,1150.8262053465687,66.55432603200394,1742.5401080771417
whole,Yap hubs (8),external:yap8|-1|0|all,2024,all,2.0,bio-methanol,0.2855811741875123,2035,69.12455659969154,0.0,69.12455659969154,0.0,69.12455659969154,0.0,69.12455659969154,216.10230248227583,69.12455659969154,1197.2737318018328,69.12455659969154,1766.9861746325437
whole,Yap hubs (8),external:yap8|-1|0|all,2024,container,1.0,e-methanol,0.3209336570433376,2035,48.07838438404059,0.0,48.07838438404059,0.0,63.50835610914603,0.0,63.50835610914603,22.974845380076836,63.50835610914603,1090.9136829629408,63.50835610914603,1711.0072015594426
whole,Yap hubs (8),external:yap8|-1|0|all,2024,container,1.0,bio-methanol,0.3209336570433376,2035,66.39675902253606,0.0,66.39675902253606,0.0,66.39675902253606,0.0,66.39675902253606,126.38059112551633,66.39675902253606,1147.861774822748,66.39675902253606,1740.9798814856567
whole,Yap hubs (8),external:yap8|-1|0|all,2024,container,1.5,e-methanol,0.4989366178937462,2040,32.137196748161315,0.0,32.137196748161315,0.0,48.171621002274826,0.0,48.171621002274826,0.0,48.171621002274826,674.1307377620956,48.171621002274826,1491.6477567168924
whole,Yap hubs (8),external:yap8|-1|0|all,2024,container,1.5,bio-methanol,0.4989366178937462,2040,52.662050563318545,0.0,52.662050563318545,0.0,52.662050563318545,0.0,52.662050563318545,0.0,52.662050563318545,821.2935290083585,52.662050563318545,1569.1018573728206
whole,Yap hubs (8),external:yap8|-1|0|all,2024,container,2.0,e-methanol,0.6313843321127315,2040,22.532964931421738,0.0,22.532964931421738,0.0,36.759925945167055,0.0,36.759925945167055,0.0,36.759925945167055,138.35452976666272,36.759925945167055,1209.6602788245596
whole,Yap hubs (8),external:yap8|-1|0|all,2024,container,2.0,bio-methanol,0.6313843321127315,2040,42.44238493418163,0.0,42.44238493418163,0.0,42.44238493418163,0.0,42.44238493418163,0.0,42.44238493418163,441.1581458269187,42.44238493418163,1369.0306030667994
whole,top-10 bunker ports,external:bunker10|-1|0|all,2024,all,1.0,e-methanol,0.1864309686884546,2035,63.296651655021435,0.0,63.296651655021435,0.0,75.09710773780274,0.0,75.09710773780274,389.78995932744124,75.09710773780274,1292.9278036875762,75.09710773780274,1817.3304229934613
whole,top-10 bunker ports,external:bunker10|-1|0|all,2024,all,1.0,bio-methanol,0.1864309686884546,2035,76.77498645599883,0.0,76.77498645599883,0.0,76.77498645599883,0.0,76.77498645599883,433.72208881445385,76.77498645599883,1317.122309781873,76.77498645599883,1830.0643735694068
whole,top-10 bunker ports,external:bunker10|-1|0|all,2024,all,1.5,e-methanol,0.2939667570901665,2035,50.875977955687105,0.0,50.875977955687105,0.0,65.83182420911125,0.0,65.83182420911125,106.86956022241434,65.83182420911125,1137.1165693978512,65.83182420911125,1735.3245102093954
whole,top-10 bunker ports,external:bunker10|-1|0|all,2024,all,1.5,bio-methanol,0.2939667570901665,2035,68.47752502292275,0.0,68.47752502292275,0.0,68.47752502292275,0.0,68.47752502292275,195.46705361407223,68.47752502292275,1185.909391845431,68.47752502292275,1761.0049430765428
whole,top-10 bunker ports,external:bunker10|-1|0|all,2024,all,2.0,e-methanol,0.3829753301029858,2040,42.056314593836994,0.0,42.056314593836994,0.0,58.16284555832674,0.0,58.16284555832674,0.0,58.16284555832674,970.6008844318352,58.16284555832674,1647.6846760167555
whole,top-10 bunker ports,external:bunker10|-1|0|all,2024,all,2.0,bio-methanol,0.3829753301029858,2040,61.60962352925361,0.0,61.60962352925361,0.0,61.60962352925361,0.0,61.60962352925361,0.0,61.60962352925361,1050.5692578932205,61.60962352925361,1689.773293628011
whole,top-10 bunker ports,external:bunker10|-1|0|all,2024,container,1.0,e-methanol,0.398188460073519,2040,40.661244105158914,0.0,40.661244105158914,0.0,56.852082280065595,0.0,56.852082280065595,0.0,56.852082280065595,937.6451193037275,56.852082280065595,1630.3395364756464
whole,top-10 bunker ports,external:bunker10|-1|0|all,2024,container,1.0,bio-methanol,0.398188460073519,2040,60.43577842072727,0.0,60.43577842072727,0.0,60.43577842072727,0.0,60.43577842072727,0.0,60.43577842072727,1024.359242612374,60.43577842072727,1675.9785487433548
whole,top-10 bunker ports,external:bunker10|-1|0|all,2024,container,1.5,e-methanol,0.5514359206981115,2040,28.134117877720627,0.0,28.134117877720627,0.0,43.648281072650704,0.0,43.648281072650704,0.0,43.648281072650704,495.27619514682675,43.648281072650704,1397.5137869193827
whole,top-10 bunker ports,external:bunker10|-1|0|all,2024,container,1.5,bio-methanol,0.5514359206981115,2040,48.61120435893371,0.0,48.61120435893371,0.0,48.61120435893371,0.0,48.61120435893371,0.0,48.61120435893371,689.7374978383764,48.61120435893371,1499.8618409675669
whole,top-10 bunker ports,external:bunker10|-1|0|all,2024,container,2.0,e-methanol,0.6357385273190669,2040,22.243633611676852,0.0,22.243633611676852,0.0,36.384768486189195,0.0,36.384768486189195,0.0,36.384768486189195,115.0350693709319,36.384768486189195,1197.3868786162802
whole,top-10 bunker ports,external:bunker10|-1|0|all,2024,container,2.0,bio-methanol,0.6357385273190669,2040,42.1064152320608,0.0,42.1064152320608,0.0,42.1064152320608,0.0,42.1064152320608,0.0,42.1064152320608,425.52842502021247,42.1064152320608,1360.8044342211645
whole,top 10 by calls,volume|2024|0|all,2024,all,1.0,e-methanol,0.2011117543337535,2035,61.46989318871324,0.0,61.46989318871324,0.0,73.8322112466038,0.0,73.8322112466038,355.35095792022605,73.8322112466038,1273.961397115487,73.8322112466038,1807.348103744993
whole,top 10 by calls,volume|2024|0|all,2024,all,1.0,bio-methanol,0.2011117543337535,2035,75.64221703560759,0.0,75.64221703560759,0.0,75.64221703560759,0.0,75.64221703560759,404.2763695181347,75.64221703560759,1300.9058266911463,75.64221703560759,1821.5293824690248
whole,top 10 by calls,volume|2024|0|all,2024,all,1.5,e-methanol,0.324507676819081,2035,47.71615874439416,0.0,47.71615874439416,0.0,63.20041856526798,0.0,63.20041856526798,11.393034618901776,63.20041856526798,1084.5352944278006,63.20041856526798,1707.6501549620007
whole,top 10 by calls,volume|2024|0|all,2024,all,1.5,bio-methanol,0.324507676819081,2035,66.12098765663971,0.0,66.12098765663971,0.0,66.12098765663971,0.0,66.12098765663971,116.89798730886255,66.12098765663971,1142.6394712715473,66.12098765663971,1738.2313006692357
whole,top 10 by calls,volume|2024|0|all,2024,all,2.0,e-methanol,0.4371353967010822,2040,37.224338321242925,0.0,37.224338321242925,0.0,53.49641422023475,0.0,53.49641422023475,0.0,53.49641422023475,845.9160261146345,53.49641422023475,1582.0610663761236
whole,top 10 by calls,volume|2024|0|all,2024,all,2.0,bio-methanol,0.4371353967010822,2040,57.430632790544486,0.0,57.430632790544486,0.0,57.430632790544486,0.0,57.430632790544486,0.0,57.430632790544486,952.3767376338569,57.430632790544486,1638.0930198072933
whole,top 10 by calls,volume|2024|0|all,2024,container,1.0,e-methanol,0.3621418020762671,2040,44.01734257161558,0.0,44.01734257161558,0.0,59.95786233310883,0.0,59.95786233310883,0.0,59.95786233310883,1013.3941944409332,59.95786233310883,1670.2074707583859
whole,top 10 by calls,volume|2024|0|all,2024,container,1.0,bio-methanol,0.3621418020762671,2035,63.21713855179523,0.0,63.21713855179523,0.0,63.21713855179523,0.0,63.21713855179523,12.024785394007598,63.21713855179523,1084.8832151445256,63.21713855179523,1707.8332711286978
whole,top 10 by calls,volume|2024|0|all,2024,container,1.5,e-methanol,0.5410133737242483,2040,28.907138951209358,0.0,28.907138951209358,0.0,44.546287719918766,0.0,44.546287719918766,0.0,44.546287719918766,533.6734382284995,44.546287719918766,1417.7228622255261
whole,top 10 by calls,volume|2024|0|all,2024,container,1.5,bio-methanol,0.5410133737242483,2040,49.415408083437,0.0,49.415408083437,0.0,49.415408083437,0.0,49.415408083437,0.0,49.415408083437,717.5709110886394,49.415408083437,1514.5110058361263
whole,top 10 by calls,volume|2024|0|all,2024,container,2.0,e-methanol,0.6704609086980178,2045,19.990343942023678,0.0,19.990343942023678,0.0,33.39308810657879,0.0,33.39308810657879,0.0,33.39308810657879,0.0,33.39308810657879,1089.6449989787125
whole,top 10 by calls,volume|2024|0|all,2024,container,2.0,bio-methanol,0.6704609086980178,2040,39.427236284860946,0.0,39.427236284860946,0.0,39.427236284860946,0.0,39.427236284860946,0.0,39.427236284860946,291.35816166950457,39.427236284860946,1290.1885061418445
whole,10 chosen for continuity,greedy|2024|7000|all,2024,all,1.0,e-methanol,0.2222945106046027,2035,58.911419745057536,0.0,58.911419745057536,0.0,72.00710496630744,0.0,72.00710496630744,303.52688015112494,72.00710496630744,1245.4206006629383,72.00710496630744,1792.3266319278623
whole,10 chosen for continuity,greedy|2024|7000|all,2024,all,1.0,bio-methanol,0.2222945106046027,2035,74.00775556174885,0.0,74.00775556174885,0.0,74.00775556174885,0.0,74.00775556174885,360.20080795390805,74.00775556174885,1276.6323290180942,74.00775556174885,1808.7538573779445
whole,10 chosen for continuity,greedy|2024|7000|all,2024,all,1.5,e-methanol,0.339043175290387,2040,46.26291456475711,0.0,46.26291456475711,0.0,61.948040016980244,0.0,61.948040016980244,0.0,61.948040016980244,1057.9410748554515,61.948040016980244,1693.6531972923428
whole,10 chosen for continuity,greedy|2024|7000|all,2024,all,1.5,bio-methanol,0.339043175290387,2035,64.99942859459372,0.0,64.99942859459372,0.0,64.99942859459372,0.0,64.99942859459372,77.50327558177901,64.99942859459372,1120.9438329290956,64.99942859459372,1726.8125436468924
whole,10 chosen for continuity,greedy|2024|7000|all,2024,all,2.0,e-methanol,0.4504100257101421,2040,36.09508432567647,0.0,36.09508432567647,0.0,52.35267218481416,0.0,52.35267218481416,0.0,52.35267218481416,811.9641552104832,52.35267218481416,1564.1916606370964
whole,10 chosen for continuity,greedy|2024|7000|all,2024,all,2.0,bio-methanol,0.4504100257101421,2040,56.40636241620544,0.0,56.40636241620544,0.0,56.40636241620544,0.0,56.40636241620544,0.0,56.40636241620544,926.0896743074744,56.40636241620544,1624.2577233197235
whole,10 chosen for continuity,greedy|2024|7000|all,2024,container,1.0,e-methanol,0.3085601977808807,2035,49.347713210831095,0.0,49.347713210831095,0.0,64.57445335919931,0.0,64.57445335919931,62.21853772001005,64.57445335919931,1112.5261512081213,64.57445335919931,1722.3821848463797
whole,10 chosen for continuity,greedy|2024|7000|all,2024,container,1.0,bio-methanol,0.3085601977808807,2035,67.35149513922724,0.0,67.35149513922724,0.0,67.35149513922724,0.0,67.35149513922724,158.61011417879513,67.35149513922724,1165.6113672289014,67.35149513922724,1750.3217722257377
whole,10 chosen for continuity,greedy|2024|7000|all,2024,container,1.5,e-methanol,0.442404712104345,2040,36.77359728512346,0.0,36.77359728512346,0.0,53.04241000508962,0.0,53.04241000508962,0.0,53.04241000508962,832.61420452007,53.04241000508962,1575.0601076421422
whole,10 chosen for continuity,greedy|2024|7000|all,2024,container,1.5,bio-methanol,0.442404712104345,2040,57.02405241402873,0.0,57.02405241402873,0.0,57.02405241402873,0.0,57.02405241402873,0.0,57.02405241402873,942.0552121345399,57.02405241402873,1632.6606379655475
whole,10 chosen for continuity,greedy|2024|7000|all,2024,container,2.0,e-methanol,0.5448044148643078,2040,28.6247574060535,0.0,28.6247574060535,0.0,44.21965161529124,0.0,44.21965161529124,0.0,44.21965161529124,519.887494291096,44.21965161529124,1410.4671022584716
whole,10 chosen for continuity,greedy|2024|7000|all,2024,container,2.0,bio-methanol,0.5448044148643078,2040,49.12289134907001,0.0,49.12289134907001,0.0,49.12289134907001,0.0,49.12289134907001,0.0,49.12289134907001,707.5523912218989,49.12289134907001,1509.238100643105
whole,top 20 by calls,volume|2024|0|all,2024,all,1.0,e-methanol,0.303443341418596,2035,49.87966844236947,0.0,49.87966844236947,0.0,65.01532170337377,0.0,65.01532170337377,78.07101395660227,65.01532170337377,1121.2565004398678,65.01532170337377,1726.977105494667
whole,top 20 by calls,volume|2024|0|all,2024,all,1.0,bio-methanol,0.303443341418596,2035,67.74631177614113,0.0,67.74631177614113,0.0,67.74631177614113,0.0,67.74631177614113,171.67264103128107,67.74631177614113,1172.8052225969375,67.74631177614113,1754.108011893125
whole,top 20 by calls,volume|2024|0|all,2024,all,1.5,e-methanol,0.4521798021165304,2040,35.94609164344439,0.0,35.94609164344439,0.0,52.20018824963974,0.0,52.20018824963974,0.0,52.20018824963974,807.3252839165044,52.20018824963974,1561.7501494297394
whole,top 20 by calls,volume|2024|0|all,2024,all,1.5,bio-methanol,0.4521798021165304,2040,56.26980646868851,0.0,56.26980646868851,0.0,56.26980646868851,0.0,56.26980646868851,0.0,56.26980646868851,922.5127787446305,56.26980646868851,1622.3751467077004
whole,top 20 by calls,volume|2024|0|all,2024,all,2.0,e-methanol,0.578928918566541,2040,26.143978928312457,0.0,26.143978928312457,0.0,41.27948437630682,0.0,41.27948437630682,0.0,41.27948437630682,385.9748430453103,41.27948437630682,1339.986759497532
whole,top 20 by calls,volume|2024|0|all,2024,all,2.0,bio-methanol,0.578928918566541,2040,46.48984464340569,0.0,46.48984464340569,0.0,46.48984464340569,0.0,46.48984464340569,0.0,46.48984464340569,611.6971859618244,46.48984464340569,1458.787992611487
whole,top 20 by calls,volume|2024|0|all,2024,container,1.0,e-methanol,0.4997600247836501,2040,32.07224853961522,0.0,32.07224853961522,0.0,48.100676264640704,0.0,48.100676264640704,0.0,48.100676264640704,671.5852155052647,48.100676264640704,1490.3080081606656
whole,top 20 by calls,volume|2024|0|all,2024,container,1.0,bio-methanol,0.4997600247836501,2040,52.59851648769356,0.0,52.59851648769356,0.0,52.59851648769356,0.0,52.59851648769356,0.0,52.59851648769356,819.386599630586,52.59851648769356,1568.0982103318877
whole,top 20 by calls,volume|2024|0|all,2024,container,1.5,e-methanol,0.6817887915054853,2045,19.27535603021151,0.0,19.27535603021151,0.0,32.41707772388738,0.0,32.41707772388738,0.0,32.41707772388738,0.0,32.41707772388738,1050.192951607213
whole,top 20 by calls,volume|2024|0|all,2024,container,1.5,bio-methanol,0.6817887915054853,2040,38.55317684743675,0.0,38.55317684743675,0.0,38.55317684743675,0.0,38.55317684743675,0.0,38.55317684743675,243.55202869546392,38.55317684743675,1265.0273835239284
whole,top 20 by calls,volume|2024|0|all,2024,container,2.0,e-methanol,0.7877990861169275,2045,13.023404543033047,0.0,13.023404543033047,0.0,23.283230740165525,0.0,23.283230740165525,0.0,23.283230740165525,0.0,23.283230740165525,520.6731794090825
whole,top 20 by calls,volume|2024|0|all,2024,container,2.0,bio-methanol,0.7877990861169275,2045,30.373422515217875,0.0,30.373422515217875,0.0,30.373422515217875,0.0,30.373422515217875,0.0,30.373422515217875,0.0,30.373422515217875,959.3720965071784
whole,20 chosen for continuity,greedy|2024|7000|all,2024,all,1.0,e-methanol,0.3570113860612111,2040,44.50950050778835,0.0,44.50950050778835,0.0,60.39989897696605,0.0,60.39989897696605,0.0,60.39989897696605,1023.5420686431071,60.39989897696605,1675.548457180583
whole,20 chosen for continuity,greedy|2024|7000|all,2024,all,1.0,bio-methanol,0.3570113860612111,2035,63.61300145151695,0.0,63.61300145151695,0.0,63.61300145151695,0.0,63.61300145151695,26.88512481122549,63.61300145151695,1093.067170185892,63.61300145151695,1712.1406158873117
whole,20 chosen for continuity,greedy|2024|7000|all,2024,all,1.5,e-methanol,0.5205383120190027,2040,30.45659466149904,0.0,30.45659466149904,0.0,46.310419036442724,0.0,46.310419036442724,0.0,46.310419036442724,604.7685654803322,46.310419036442724,1455.1413502528067
whole,20 chosen for continuity,greedy|2024|7000|all,2024,all,1.5,bio-methanol,0.5205383120190027,2040,50.99526384461375,0.0,50.99526384461375,0.0,50.99526384461375,0.0,50.99526384461375,0.0,50.99526384461375,769.6933061602105,50.99526384461375,1541.9438453474795
whole,20 chosen for continuity,greedy|2024|7000|all,2024,all,2.0,e-methanol,0.6512577203019899,2040,21.224812085887397,0.0,21.224812085887397,0.0,35.047634818780544,0.0,35.047634818780544,0.0,35.047634818780544,27.859328314790943,35.047634818780544,1151.504909639364
whole,20 chosen for continuity,greedy|2024|7000|all,2024,all,2.0,bio-methanol,0.6512577203019899,2040,40.908954301498454,0.0,40.908954301498454,0.0,40.908954301498454,0.0,40.908954301498454,0.0,40.908954301498454,367.73294699066065,40.908954301498454,1330.3857615740321
whole,20 chosen for continuity,greedy|2024|7000|all,2024,container,1.0,e-methanol,0.5758856166763217,2040,26.3608569223337,0.0,26.3608569223337,0.0,41.54169526716812,0.0,41.54169526716812,0.0,41.54169526716812,398.68735579246214,41.54169526716812,1346.6775556802434
whole,20 chosen for continuity,greedy|2024|7000|all,2024,container,1.0,bio-methanol,0.5758856166763217,2040,46.72466581725502,0.0,46.72466581725502,0.0,46.72466581725502,0.0,46.72466581725502,0.0,46.72466581725502,620.6845453927706,46.72466581725502,1463.518181785669
whole,20 chosen for continuity,greedy|2024|7000|all,2024,container,1.5,e-methanol,0.7328074377941384,2045,16.171047369999826,0.0,16.171047369999826,0.0,28.02131115965704,0.0,28.02131115965704,0.0,28.02131115965704,0.0,28.02131115965704,838.4456619218547
whole,20 chosen for continuity,greedy|2024|7000|all,2024,container,1.5,bio-methanol,0.7328074377941384,2045,34.616578099804286,0.0,34.616578099804286,0.0,34.616578099804286,0.0,34.616578099804286,0.0,34.616578099804286,0.0,34.616578099804286,1135.9582488528126
whole,20 chosen for continuity,greedy|2024|7000|all,2024,container,2.0,e-methanol,0.8231733801424406,2045,11.098989151183401,0.0,11.098989151183401,0.0,20.23538156692732,0.0,20.23538156692732,0.0,20.23538156692732,0.0,20.23538156692732,237.60934503374784
whole,20 chosen for continuity,greedy|2024|7000|all,2024,container,2.0,bio-methanol,0.8231733801424406,2045,27.643941988209285,0.0,27.643941988209285,0.0,27.643941988209285,0.0,27.643941988209285,0.0,27.643941988209285,0.0,27.643941988209285,817.1287865289554
whole,20 chosen for continuity on 2019,greedy|2019|7000|all,2024,all,1.0,e-methanol,0.3557363887111131,2040,44.63238816373188,0.0,44.63238816373188,0.0,60.50975274865049,0.0,60.50975274865049,0.0,60.50975274865049,1026.0409897005543,60.50975274865049,1676.8636787897658
whole,20 chosen for continuity on 2019,greedy|2019|7000|all,2024,all,1.0,bio-methanol,0.3557363887111131,2035,63.711380247050506,0.0,63.711380247050506,0.0,63.711380247050506,0.0,63.711380247050506,30.5495279708893,63.711380247050506,1095.0852472883157,63.711380247050506,1713.2027617306926
whole,20 chosen for continuity on 2019,greedy|2019|7000|all,2024,all,1.5,e-methanol,0.5198691341456315,2040,30.50793937471295,0.0,30.50793937471295,0.0,46.36807540201239,0.0,46.36807540201239,0.0,46.36807540201239,607.0008453188507,46.36807540201239,1456.3162343783429
whole,20 chosen for continuity on 2019,greedy|2019|7000|all,2024,all,1.5,bio-methanol,0.5198691341456315,2040,51.046897609323075,0.0,51.046897609323075,0.0,51.046897609323075,0.0,51.046897609323075,0.0,51.046897609323075,771.3423558806854,51.046897609323075,1542.8117662529924
whole,20 chosen for continuity on 2019,greedy|2019|7000|all,2024,all,2.0,e-methanol,0.6496376368229353,2040,21.330273040510615,0.0,21.330273040510615,0.0,35.187221211335896,0.0,35.187221211335896,0.0,35.187221211335896,37.26952177694747,35.187221211335896,1156.4576430404989
whole,20 chosen for continuity on 2019,greedy|2019|7000|all,2024,all,2.0,bio-methanol,0.6496376368229353,2040,41.033959942742314,0.0,41.033959942742314,0.0,41.033959942742314,0.0,41.033959942742314,0.0,41.033959942742314,373.9240347261533,41.033959942742314,1333.6442288032388
whole,20 chosen for continuity on 2019,greedy|2019|7000|all,2024,container,1.0,e-methanol,0.5834745928734856,2040,25.82158833620596,0.0,25.82158833620596,0.0,40.88782907802048,0.0,40.88782907802048,0.0,40.88782907802048,366.68295004463005,40.88782907802048,1329.833131602437
whole,20 chosen for continuity on 2019,greedy|2019|7000|all,2024,container,1.0,bio-methanol,0.5834745928734856,2040,46.13910041388185,0.0,46.13910041388185,0.0,46.13910041388185,0.0,46.13910041388185,0.0,46.13910041388185,598.1027099742427,46.13910041388185,1451.6330052496016
whole,20 chosen for continuity on 2019,greedy|2019|7000|all,2024,container,1.5,e-methanol,0.7385593936734403,2045,15.832489094857257,0.0,15.832489094857257,0.0,27.525722641096387,0.0,27.525722641096387,0.0,27.525722641096387,0.0,27.525722641096387,810.3305635046137
whole,20 chosen for continuity on 2019,greedy|2019|7000|all,2024,container,1.5,bio-methanol,0.7385593936734403,2045,34.17275718415735,0.0,34.17275718415735,0.0,34.17275718415735,0.0,34.17275718415735,0.0,34.17275718415735,0.0,34.17275718415735,1119.5414240591085
whole,20 chosen for continuity on 2019,greedy|2019|7000|all,2024,container,2.0,e-methanol,0.8233693914653124,2045,11.088533857147024,0.0,11.088533857147024,0.0,20.21849323134868,0.0,20.21849323134868,0.0,20.21849323134868,0.0,20.21849323134868,235.80311849573087
whole,20 chosen for continuity on 2019,greedy|2019|7000|all,2024,container,2.0,bio-methanol,0.8233693914653124,2045,27.62881775453649,0.0,27.62881775453649,0.0,27.62881775453649,0.0,27.62881775453649,0.0,27.62881775453649,0.0,27.62881775453649,816.2623102895751
whole,10 chosen for dual-fuel use,dualfuel|2024|7000|all,2024,all,1.0,e-methanol,0.2321474525282654,2035,57.7513473279143,0.0,57.7513473279143,0.0,71.15817549016465,0.0,71.15817549016465,278.5155892471482,71.15817549016465,1231.6462665419078,71.15817549016465,1785.0769823904777
whole,10 chosen for dual-fuel use,dualfuel|2024|7000|all,2024,all,1.0,bio-methanol,0.2321474525282654,2035,73.24750256291904,0.0,73.24750256291904,0.0,73.24750256291904,0.0,73.24750256291904,339.0292539963983,73.24750256291904,1264.9726326356974,73.24750256291904,1802.61717507142
whole,10 chosen for dual-fuel use,dualfuel|2024|7000|all,2024,all,1.5,e-methanol,0.3768044623308855,2040,42.63098292563852,0.0,42.63098292563852,0.0,58.694527525570905,0.0,58.694527525570905,0.0,58.694527525570905,983.5490376205847,58.694527525570905,1654.4994934845183
whole,10 chosen for dual-fuel use,dualfuel|2024|7000|all,2024,all,1.5,bio-methanol,0.3768044623308855,2040,62.08576768654888,0.0,62.08576768654888,0.0,62.08576768654888,0.0,62.08576768654888,0.0,62.08576768654888,1060.918224934631,62.08576768654888,1695.2201183866482
whole,10 chosen for dual-fuel use,dualfuel|2024|7000|all,2024,all,2.0,e-methanol,0.5034781027825409,2040,31.77986202514523,0.0,31.77986202514523,0.0,47.78032666425627,0.0,47.78032666425627,0.0,47.78032666425627,659.9968270582336,47.78032666425627,1484.208856346439
whole,10 chosen for dual-fuel use,dualfuel|2024|7000|all,2024,all,2.0,bio-methanol,0.5034781027825409,2040,52.311629589299145,0.0,52.311629589299145,0.0,52.311629589299145,0.0,52.311629589299145,0.0,52.311629589299145,810.7182159546667,52.311629589299145,1563.5359031340352
whole,10 chosen for dual-fuel use,dualfuel|2024|7000|all,2024,container,1.0,e-methanol,0.3837079533911884,2040,41.98842869510472,0.0,41.98842869510472,0.0,58.099722735815206,0.0,58.099722735815206,0.0,58.099722735815206,969.047904444643,58.099722735815206,1646.8673181287597
whole,10 chosen for dual-fuel use,dualfuel|2024|7000|all,2024,container,1.0,bio-methanol,0.3837079533911884,2040,61.5530943163359,0.0,61.5530943163359,0.0,61.5530943163359,0.0,61.5530943163359,0.0,61.5530943163359,1049.3299658870994,61.5530943163359,1689.121034677421
whole,10 chosen for dual-fuel use,dualfuel|2024|7000|all,2024,container,1.5,e-methanol,0.5505566621554351,2040,28.1989294914942,0.0,28.1989294914942,0.0,43.72403798868771,0.0,43.72403798868771,0.0,43.72403798868771,498.5763478316105,43.72403798868771,1399.2507093850584
whole,10 chosen for dual-fuel use,dualfuel|2024|7000|all,2024,container,1.5,bio-methanol,0.5505566621554351,2040,48.67904794808663,0.0,48.67904794808663,0.0,48.67904794808663,0.0,48.67904794808663,0.0,48.67904794808663,692.1210766352343,48.67904794808663,1501.1163561238077
whole,10 chosen for dual-fuel use,dualfuel|2024|7000|all,2024,container,2.0,e-methanol,0.6608950572739533,2045,20.60171214034282,0.0,20.60171214034282,0.0,34.217281865276185,0.0,34.217281865276185,0.0,34.217281865276185,0.0,34.217281865276185,1121.2075999407614
whole,10 chosen for dual-fuel use,dualfuel|2024|7000|all,2024,container,2.0,bio-methanol,0.6608950572739533,2040,40.16533738074176,0.0,40.16533738074176,0.0,40.16533738074176,0.0,40.16533738074176,0.0,40.16533738074176,330.1077640178748,40.16533738074176,1310.5830336936187
whole,20 chosen for dual-fuel use,dualfuel|2024|7000|all,2024,all,1.0,e-methanol,0.3626821204124787,2040,43.96572583422898,0.0,43.96572583422898,0.0,59.91130850526083,0.0,59.91130850526083,0.0,59.91130850526083,1012.3167382882376,59.91130850526083,1669.6403885727566
whole,20 chosen for dual-fuel use,dualfuel|2024|7000|all,2024,all,1.0,bio-methanol,0.3626821204124787,2035,63.17544758897314,0.0,63.17544758897314,0.0,63.17544758897314,0.0,63.17544758897314,10.448904419804617,63.17544758897314,1084.0153386659792,63.17544758897314,1707.3764940347262
whole,20 chosen for dual-fuel use,dualfuel|2024|7000|all,2024,all,1.5,e-methanol,0.5388091160782668,2040,29.071966166088895,0.0,29.071966166088895,0.0,44.73620655869653,0.0,44.73620655869653,0.0,44.73620655869653,541.5965636040651,44.73620655869653,1421.892928212666
whole,20 chosen for dual-fuel use,dualfuel|2024|7000|all,2024,all,1.5,bio-methanol,0.5388091160782668,2040,49.58548860340093,0.0,49.58548860340093,0.0,49.58548860340093,0.0,49.58548860340093,0.0,49.58548860340093,723.341720700564,49.58548860340093,1517.5482740529285
whole,20 chosen for dual-fuel use,dualfuel|2024|7000|all,2024,all,2.0,e-methanol,0.6703042671689773,2045,20.00029874637285,0.0,20.00029874637285,0.0,33.40658434072092,0.0,33.40658434072092,0.0,33.40658434072092,0.0,33.40658434072092,1090.1743813819755
whole,20 chosen for dual-fuel use,dualfuel|2024|7000|all,2024,all,2.0,bio-methanol,0.6703042671689773,2040,39.43932274524171,0.0,39.43932274524171,0.0,39.43932274524171,0.0,39.43932274524171,0.0,39.43932274524171,292.0043699272079,39.43932274524171,1290.5286157511623
whole,20 chosen for dual-fuel use,dualfuel|2024|7000|all,2024,container,1.0,e-methanol,0.5774557194757346,2040,26.248860553583132,0.0,26.248860553583132,0.0,41.40641520997071,0.0,41.40641520997071,0.0,41.40641520997071,392.148811279362,41.40641520997071,1343.2362164628223
whole,20 chosen for dual-fuel use,dualfuel|2024|7000|all,2024,container,1.0,bio-methanol,0.5774557194757346,2040,46.603516685252316,0.0,46.603516685252316,0.0,46.603516685252316,0.0,46.603516685252316,0.0,46.603516685252316,616.0590892423147,46.603516685252316,1461.0837311801656
whole,20 chosen for dual-fuel use,dualfuel|2024|7000|all,2024,container,1.5,e-methanol,0.7412304026838406,2045,15.676034867464017,0.0,15.676034867464017,0.0,27.295588504760296,0.0,27.295588504760296,0.0,27.295588504760296,0.0,27.295588504760296,796.9277675632864
whole,20 chosen for dual-fuel use,dualfuel|2024|7000|all,2024,container,1.5,bio-methanol,0.7412304026838406,2045,33.96666212891486,0.0,33.96666212891486,0.0,33.96666212891486,0.0,33.96666212891486,0.0,33.96666212891486,0.0,33.96666212891486,1111.7721537097677
whole,20 chosen for dual-fuel use,dualfuel|2024|7000|all,2024,container,2.0,e-methanol,0.8246192674682398,2045,11.021917982287514,0.0,11.021917982287514,0.0,20.11080391493646,0.0,20.11080391493646,0.0,20.11080391493646,0.0,20.11080391493646,224.2142787985988
whole,20 chosen for dual-fuel use,dualfuel|2024|7000|all,2024,container,2.0,bio-methanol,0.8246192674682398,2045,27.53237732215062,0.0,27.53237732215062,0.0,27.53237732215062,0.0,27.53237732215062,0.0,27.53237732215062,0.0,27.53237732215062,810.7147926962217
whole,20 chosen for dual-fuel use on 2019,dualfuel|2019|7000|all,2024,all,1.0,e-methanol,0.3631631042933333,2040,43.91981175658585,0.0,43.91981175658585,0.0,59.8698669340864,0.0,59.8698669340864,0.0,59.8698669340864,1011.3561920635216,59.8698669340864,1669.1348379281694
whole,20 chosen for dual-fuel use on 2019,dualfuel|2019|7000|all,2024,all,1.0,bio-methanol,0.3631631042933333,2035,63.1383348727264,0.0,63.1383348727264,0.0,63.1383348727264,0.0,63.1383348727264,9.044326171960204,63.1383348727264,1083.2418028193404,63.1383348727264,1706.969369904916
whole,20 chosen for dual-fuel use on 2019,dualfuel|2019|7000|all,2024,all,1.5,e-methanol,0.5340072696319728,2040,29.43267254485779,0.0,29.43267254485779,0.0,45.149933648509226,0.0,45.149933648509226,0.0,45.149933648509226,558.6258653838561,45.149933648509226,1430.8557186230823
whole,20 chosen for dual-fuel use on 2019,dualfuel|2019|7000|all,2024,all,1.5,bio-methanol,0.5340072696319728,2040,49.955999075196985,0.0,49.955999075196985,0.0,49.955999075196985,0.0,49.955999075196985,0.0,49.955999075196985,735.7770530250941,49.955999075196985,1524.093185802681
whole,20 chosen for dual-fuel use on 2019,dualfuel|2019|7000|all,2024,all,2.0,e-methanol,0.6638915664368339,2045,20.40944453401169,0.0,20.40944453401169,0.0,33.95910263580239,0.0,33.95910263580239,0.0,33.95910263580239,0.0,33.95910263580239,1111.4853867231436
whole,20 chosen for dual-fuel use on 2019,dualfuel|2019|7000|all,2024,all,2.0,bio-methanol,0.6638915664368339,2040,39.9341267337339,0.0,39.9341267337339,0.0,39.9341267337339,0.0,39.9341267337339,0.0,39.9341267337339,318.1234998743521,39.9341267337339,1304.2755262496592
whole,20 chosen for dual-fuel use on 2019,dualfuel|2019|7000|all,2024,container,1.0,e-methanol,0.5826173533050855,2040,25.882244216323546,0.0,25.882244216323546,0.0,40.96168883923383,0.0,40.96168883923383,0.0,40.96168883923383,370.34931039344673,40.96168883923383,1331.7627949439193
whole,20 chosen for dual-fuel use on 2019,dualfuel|2019|7000|all,2024,container,1.0,bio-methanol,0.5826173533050855,2040,46.2052450189796,0.0,46.2052450189796,0.0,46.2052450189796,0.0,46.2052450189796,0.0,46.2052450189796,600.6821960180135,46.2052450189796,1452.990629483165
whole,20 chosen for dual-fuel use on 2019,dualfuel|2019|7000|all,2024,container,1.5,e-methanol,0.7335456044737577,2045,16.127473454629996,0.0,16.127473454629996,0.0,27.957710718541033,0.0,27.957710718541033,0.0,27.957710718541033,0.0,27.957710718541033,834.8933129570836
whole,20 chosen for dual-fuel use on 2019,dualfuel|2019|7000|all,2024,container,1.5,bio-methanol,0.7335456044737577,2045,34.55962115880485,0.0,34.55962115880485,0.0,34.55962115880485,0.0,34.55962115880485,0.0,34.55962115880485,0.0,34.55962115880485,1133.875009829153
whole,20 chosen for dual-fuel use on 2019,dualfuel|2019|7000|all,2024,container,2.0,e-methanol,0.816542956161279,2045,11.453986720530327,0.0,11.453986720530327,0.0,20.806658897144196,0.0,20.806658897144196,0.0,20.806658897144196,0.0,20.806658897144196,296.9809513239148
whole,20 chosen for dual-fuel use on 2019,dualfuel|2019|7000|all,2024,container,2.0,bio-methanol,0.816542956161279,2045,28.155545502595707,0.0,28.155545502595707,0.0,28.155545502595707,0.0,28.155545502595707,0.0,28.155545502595707,0.0,28.155545502595707,845.8905263985747
whole,top 20 by calls on 2019,volume|2019|0|all,2024,all,1.0,e-methanol,0.3274929910160182,2035,47.415093202025325,0.0,47.415093202025325,0.0,62.94320389405986,0.0,62.94320389405986,1.6320959116826295,62.94320389405986,1079.1597049948393,62.94320389405986,1704.8208973657052
whole,top 20 by calls on 2019,volume|2019|0|all,2024,all,1.0,bio-methanol,0.3274929910160182,2035,65.89064081320403,0.0,65.89064081320403,0.0,65.89064081320403,0.0,65.89064081320403,108.91649956835093,65.89064081320403,1138.2438693274976,65.89064081320403,1735.9178259618411
whole,top 20 by calls on 2019,volume|2019|0|all,2024,all,1.5,e-methanol,0.4822270623155193,2040,33.47079376178207,0.0,33.47079376178207,0.0,49.61131631089485,0.0,49.61131631089485,0.0,49.61131631089485,724.2145909008552,49.61131631089485,1518.007679421503
whole,top 20 by calls on 2019,volume|2019|0|all,2024,all,1.5,bio-methanol,0.4822270623155193,2040,53.951359871734525,0.0,53.951359871734525,0.0,53.951359871734525,0.0,53.951359871734525,0.0,53.951359871734525,859.0208625388791,53.951359871734525,1588.9583487046732
whole,top 20 by calls on 2019,volume|2019|0|all,2024,all,2.0,e-methanol,0.6078657441050302,2040,24.122839627695285,0.0,24.122839627695285,0.0,38.78628748791059,0.0,38.78628748791059,0.0,38.78628748791059,256.5125619224709,38.78628748791059,1271.8487168013005
whole,top 20 by calls on 2019,volume|2019|0|all,2024,all,2.0,bio-methanol,0.6078657441050302,2040,44.25707918485587,0.0,44.25707918485587,0.0,44.25707918485587,0.0,44.25707918485587,0.0,44.25707918485587,521.4774781511431,44.25707918485587,1411.303935869023
whole,top 20 by calls on 2019,volume|2019|0|all,2024,container,1.0,e-methanol,0.5312988641971982,2040,29.637121088418056,0.0,29.637121088418056,0.0,45.3832898607694,0.0,45.3832898607694,0.0,45.3832898607694,568.0940219394107,45.3832898607694,1435.8389589154797
whole,top 20 by calls on 2019,volume|2019|0|all,2024,container,1.0,bio-methanol,0.5312988641971982,2040,50.16497963854418,0.0,50.16497963854418,0.0,50.16497963854418,0.0,50.16497963854418,0.0,50.16497963854418,742.7099821621155,50.16497963854418,1527.742095874798
whole,top 20 by calls on 2019,volume|2019|0|all,2024,container,1.5,e-methanol,0.6926285532029033,2045,18.600137517746237,0.0,18.600137517746237,0.0,31.483123856037853,0.0,31.483123856037853,0.0,31.483123856037853,0.0,31.483123856037853,1010.1506254561749
whole,top 20 by calls on 2019,volume|2019|0|all,2024,container,1.5,bio-methanol,0.6926285532029033,2040,37.71678083486398,0.0,37.71678083486398,0.0,37.71678083486398,0.0,37.71678083486398,0.0,37.71678083486398,195.73128565759222,37.71678083486398,1239.858571398733
whole,top 20 by calls on 2019,volume|2019|0|all,2024,container,2.0,e-methanol,0.7740193047625651,2045,13.793816468605186,0.0,13.793816468605186,0.0,24.470496701657392,0.0,24.470496701657392,0.0,24.470496701657392,0.0,24.470496701657392,611.8548498021976
whole,top 20 by calls on 2019,volume|2019|0|all,2024,container,2.0,bio-methanol,0.7740193047625651,2045,31.436670444520477,0.0,31.436670444520477,0.0,31.436670444520477,0.0,31.436670444520477,0.0,31.436670444520477,0.0,31.436670444520477,1008.0968696343938
partial,all nodes,all|-1|0|all,2024,all,1.0,e-methanol,0.9624456412013694,2050,4.196642893531711,0.0,4.196642893531711,0.0,8.23568355409001,0.0,8.23568355409001,0.0,8.23568355409001,0.0,8.23568355409001,0.0
partial,all nodes,all|-1|0|all,2024,all,1.0,bio-methanol,0.9624456412013694,2050,16.897694324902336,0.0,16.897694324902336,0.0,16.897694324902336,0.0,16.897694324902336,0.0,16.897694324902336,0.0,16.897694324902336,0.0
partial,all nodes,all|-1|0|all,2024,all,1.5,e-methanol,0.9782676229149708,2050,3.4739797234913867,0.0,3.4739797234913867,0.0,6.8724616096461135,0.0,6.8724616096461135,0.0,6.8724616096461135,0.0,6.8724616096461135,0.0
partial,all nodes,all|-1|0|all,2024,all,1.5,bio-methanol,0.9782676229149708,2050,15.67687021588085,0.0,15.67687021588085,0.0,15.67687021588085,0.0,15.67687021588085,0.0,15.67687021588085,0.0,15.67687021588085,0.0
partial,all nodes,all|-1|0|all,2024,all,2.0,e-methanol,0.9833543972747292,2050,3.2440925029083885,0.0,3.2440925029083885,0.0,6.434185130809334,0.0,6.434185130809334,0.0,6.434185130809334,0.0,6.434185130809334,0.0
partial,all nodes,all|-1|0|all,2024,all,2.0,bio-methanol,0.9833543972747292,2050,15.284374706281897,0.0,15.284374706281897,0.0,15.284374706281897,0.0,15.284374706281897,0.0,15.284374706281897,0.0,15.284374706281897,0.0
partial,all nodes,all|-1|0|all,2024,container,1.0,e-methanol,0.9969211616469524,2050,2.6366953356115803,0.0,2.6366953356115803,0.0,5.265272712498578,0.0,5.265272712498578,0.0,5.265272712498578,0.0,5.265272712498578,0.0
partial,all nodes,all|-1|0|all,2024,container,1.0,bio-methanol,0.9969211616469524,2050,14.23756316732115,0.0,14.23756316732115,0.0,14.23756316732115,0.0,14.23756316732115,0.0,14.23756316732115,0.0,14.23756316732115,0.0
partial,all nodes,all|-1|0|all,2024,container,1.5,e-methanol,0.9990735602624916,2050,2.5410881063909967,0.0,2.5410881063909967,0.0,5.079822047783723,0.0,5.079822047783723,0.0,5.079822047783723,0.0,5.079822047783723,0.0
partial,all nodes,all|-1|0|all,2024,container,1.5,bio-methanol,0.9990735602624916,2050,14.071484090146146,0.0,14.071484090146146,0.0,14.071484090146146,0.0,14.071484090146146,0.0,14.071484090146146,0.0,14.071484090146146,0.0
partial,all nodes,all|-1|0|all,2024,container,2.0,e-methanol,0.9997569954885608,2050,2.510773699020834,0.0,2.510773699020834,0.0,5.020937268705603,0.0,5.020937268705603,0.0,5.020937268705603,0.0,5.020937268705603,0.0
partial,all nodes,all|-1|0|all,2024,container,2.0,bio-methanol,0.9997569954885608,2050,14.01875022810265,0.0,14.01875022810265,0.0,14.01875022810265,0.0,14.01875022810265,0.0,14.01875022810265,0.0,14.01875022810265,0.0
partial,Yap hubs (4),external:yap4|-1|0|all,2024,all,1.0,e-methanol,0.2575348067731516,2035,54.84603740345376,0.0,54.84603740345376,0.0,68.97080104842526,0.0,68.97080104842526,211.2337727669944,68.97080104842526,1194.5925125383446,68.97080104842526,1765.575006599129
partial,Yap hubs (4),external:yap4|-1|0|all,2024,all,1.0,bio-methanol,0.2575348067731516,2035,71.28861430938363,0.0,71.28861430938363,0.0,71.28861430938363,0.0,71.28861430938363,282.39733003017324,71.28861430938363,1233.7840368282111,71.28861430938363,1786.202124646427
partial,Yap hubs (4),external:yap4|-1|0|all,2024,all,1.5,e-methanol,0.336376349435544,2040,46.52717309678225,0.0,46.52717309678225,0.0,62.17781373263352,0.0,62.17781373263352,0.0,62.17781373263352,1062.900558750818,62.17781373263352,1696.263451974115
partial,Yap hubs (4),external:yap4|-1|0|all,2024,all,1.5,bio-methanol,0.336376349435544,2035,65.20520087755341,0.0,65.20520087755341,0.0,65.20520087755341,0.0,65.20520087755341,84.83252917992941,65.20520087755341,1124.9802334614103,65.20520087755341,1728.9369649796897
partial,Yap hubs (4),external:yap4|-1|0|all,2024,all,2.0,e-methanol,0.3942384116265718,2040,41.020544246469086,0.0,41.020544246469086,0.0,57.19241845425457,0.0,57.19241845425457,0.0,57.19241845425457,946.3471864457354,57.19241845425457,1634.919571813545
partial,Yap hubs (4),external:yap4|-1|0|all,2024,all,2.0,bio-methanol,0.3942384116265718,2040,60.74056415889372,0.0,60.74056415889372,0.0,60.74056415889372,0.0,60.74056415889372,0.0,60.74056415889372,1031.2619721062167,60.74056415889372,1679.61156426643
partial,Yap hubs (4),external:yap4|-1|0|all,2024,container,1.0,e-methanol,0.4644681877527815,2040,34.92149667088132,0.0,34.92149667088132,0.0,51.14142094322035,0.0,51.14142094322035,0.0,51.14142094322035,774.3525606708566,51.14142094322035,1544.3960845636088
partial,Yap hubs (4),external:yap4|-1|0|all,2024,container,1.0,bio-methanol,0.4644681877527815,2040,55.321634632995384,0.0,55.321634632995384,0.0,55.321634632995384,0.0,55.321634632995384,0.0,55.321634632995384,897.1897422854857,55.321634632995384,1609.0472327818345
partial,Yap hubs (4),external:yap4|-1|0|all,2024,container,1.5,e-methanol,0.563534614227363,2040,27.249705411366627,0.0,27.249705411366627,0.0,42.605857638170406,0.0,42.605857638170406,0.0,42.605857638170406,448.6739474640432,42.605857638170406,1372.9862881389704
partial,Yap hubs (4),external:yap4|-1|0|all,2024,container,1.5,bio-methanol,0.563534614227363,2040,47.677669166216674,0.0,47.677669166216674,0.0,47.677669166216674,0.0,47.677669166216674,0.0,47.677669166216674,656.2503273773783,47.677669166216674,1482.2370144091467
partial,Yap hubs (4),external:yap4|-1|0|all,2024,container,2.0,e-methanol,0.6144156040131432,2040,23.675410138018222,0.0,23.675410138018222,0.0,38.22195155822758,0.0,38.22195155822758,0.0,38.22195155822758,224.86459715833388,38.22195155822758,1255.1918932412286
partial,Yap hubs (4),external:yap4|-1|0|all,2024,container,2.0,bio-methanol,0.6144156040131432,2040,43.75169199434587,0.0,43.75169199434587,0.0,43.75169199434587,0.0,43.75169199434587,0.0,43.75169199434587,499.77817519047943,43.75169199434587,1399.8832501002526
partial,Yap hubs (8),external:yap8|-1|0|all,2024,all,1.0,e-methanol,0.3456158483185955,2040,45.616093616591186,0.0,45.616093616591186,0.0,61.381738508869816,0.0,61.381738508869816,0.0,61.381738508869816,1045.5593793912117,61.381738508869816,1687.1365154690588
partial,Yap hubs (8),external:yap8|-1|0|all,2024,all,1.0,bio-methanol,0.3456158483185955,2035,64.49228114373717,0.0,64.49228114373717,0.0,64.49228114373717,0.0,64.49228114373717,59.23987610942554,64.49228114373717,1110.8857288718573,64.49228114373717,1721.5188046693986
partial,Yap hubs (8),external:yap8|-1|0|all,2024,all,1.5,e-methanol,0.4384139459265773,2040,37.114666866342496,0.0,37.114666866342496,0.0,53.386254418966104,0.0,53.386254418966104,0.0,53.386254418966104,842.7092534428813,53.386254418966104,1580.3732912857272
partial,Yap hubs (8),external:yap8|-1|0|all,2024,all,1.5,bio-methanol,0.4384139459265773,2040,57.3319799323053,0.0,57.3319799323053,0.0,57.3319799323053,0.0,57.3319799323053,0.0,57.3319799323053,949.8857688472464,57.3319799323053,1636.7819836038143
partial,Yap hubs (8),external:yap8|-1|0|all,2024,all,2.0,e-methanol,0.5042958499635598,2040,31.715748978696855,0.0,31.715748978696855,0.0,47.70986956713969,0.0,47.70986956713969,0.0,47.70986956713969,657.4272209442073,47.70986956713969,1482.856432075899
partial,Yap hubs (8),external:yap8|-1|0|all,2024,all,2.0,bio-methanol,0.5042958499635598,2040,52.248532216811725,0.0,52.248532216811725,0.0,52.248532216811725,0.0,52.248532216811725,0.0,52.248532216811725,808.7989370685297,52.248532216811725,1562.5257563518578
partial,Yap hubs (8),external:yap8|-1|0|all,2024,container,1.0,e-methanol,0.5965780045997515,2040,24.902534676752367,0.0,24.902534676752367,0.0,39.75883912368541,0.0,39.75883912368541,0.0,39.75883912368541,308.9449834949407,39.75883912368541,1299.444728155232
partial,Yap hubs (8),external:yap8|-1|0|all,2024,container,1.0,bio-methanol,0.5965780045997515,2040,45.128041165083175,0.0,45.128041165083175,0.0,45.128041165083175,0.0,45.128041165083175,0.0,45.128041165083175,557.7325792654585,45.128041165083175,1430.385568034452
partial,Yap hubs (8),external:yap8|-1|0|all,2024,container,1.5,e-methanol,0.6953832195525909,2045,18.4299227708497,0.0,18.4299227708497,0.0,31.24578180334877,0.0,31.24578180334877,0.0,31.24578180334877,0.0,31.24578180334877,999.5933699021623
partial,Yap hubs (8),external:yap8|-1|0|all,2024,container,1.5,bio-methanol,0.6953832195525909,2040,37.504230779322086,0.0,37.504230779322086,0.0,37.504230779322086,0.0,37.504230779322086,0.0,37.504230779322086,183.23889672100682,37.504230779322086,1233.2836298531615
partial,Yap hubs (8),external:yap8|-1|0|all,2024,container,2.0,e-methanol,0.7405286011372169,2045,15.717096351156568,0.0,15.717096351156568,0.0,27.356055726017395,0.0,27.356055726017395,0.0,27.356055726017395,0.0,27.356055726017395,800.4711630125678
partial,Yap hubs (8),external:yap8|-1|0|all,2024,container,2.0,bio-methanol,0.7405286011372169,2045,34.02081313625234,0.0,34.02081313625234,0.0,34.02081313625234,0.0,34.02081313625234,0.0,34.02081313625234,0.0,34.02081313625234,1113.822628966706
partial,top-10 bunker ports,external:bunker10|-1|0|all,2024,all,1.0,e-methanol,0.4370425769891113,2040,37.23230781284192,0.0,37.23230781284192,0.0,53.50441156661817,0.0,53.50441156661817,0.0,53.50441156661817,846.1483162657485,53.50441156661817,1582.183324350394
partial,top-10 bunker ports,external:bunker10|-1|0|all,2024,all,1.0,bio-methanol,0.4370425769891113,2040,57.437794759520166,0.0,57.437794759520166,0.0,57.437794759520166,0.0,57.437794759520166,0.0,57.437794759520166,952.557243047356,57.437794759520166,1638.1880226565033
partial,top-10 bunker ports,external:bunker10|-1|0|all,2024,all,1.5,e-methanol,0.5396619822017088,2040,29.008135636130536,0.0,29.008135636130536,0.0,44.662723613500766,0.0,44.662723613500766,0.0,44.662723613500766,538.5389588092911,44.662723613500766,1420.2836625312061
partial,top-10 bunker ports,external:bunker10|-1|0|all,2024,all,1.5,bio-methanol,0.5396619822017088,2040,49.519681453316146,0.0,49.519681453316146,0.0,49.519681453316146,0.0,49.519681453316146,0.0,49.519681453316146,721.113594432612,49.519681453316146,1516.3755760171643
partial,top-10 bunker ports,external:bunker10|-1|0|all,2024,all,2.0,e-methanol,0.6095104199788475,2040,24.01014726896293,0.0,24.01014726896293,0.0,38.6445822146225,0.0,38.6445822146225,0.0,38.6445822146225,248.65263807815444,38.6445822146225,1267.711914777976
partial,top-10 bunker ports,external:bunker10|-1|0|all,2024,all,2.0,bio-methanol,0.6095104199788475,2040,44.13017599443213,0.0,44.13017599443213,0.0,44.13017599443213,0.0,44.13017599443213,0.0,44.13017599443213,516.0754942266841,44.13017599443213,1408.4607864350971
partial,top-10 bunker ports,external:bunker10|-1|0|all,2024,container,1.0,e-methanol,0.6270481022512502,2040,22.822641481006496,0.0,22.822641481006496,0.0,37.13353551003228,0.0,37.13353551003228,0.0,37.13353551003228,161.10949689832745,37.13353551003228,1221.6365773149096
partial,top-10 bunker ports,external:bunker10|-1|0|all,2024,container,1.0,bio-methanol,0.6270481022512502,2040,42.776968430293536,0.0,42.776968430293536,0.0,42.776968430293536,0.0,42.776968430293536,0.0,42.776968430293536,456.47938480081996,42.776968430293536,1377.0944130530634
partial,top-10 bunker ports,external:bunker10|-1|0|all,2024,container,1.5,e-methanol,0.7065366043751775,2045,17.746356034433276,0.0,17.746356034433276,0.0,30.284806167034702,0.0,30.284806167034702,0.0,30.284806167034702,0.0,30.284806167034702,955.1566762996265
partial,top-10 bunker ports,external:bunker10|-1|0|all,2024,container,1.5,bio-methanol,0.7065366043751775,2040,36.6436356064113,0.0,36.6436356064113,0.0,36.6436356064113,0.0,36.6436356064113,0.0,36.6436356064113,131.17708916814212,36.6436356064113,1205.8826785095487
partial,top-10 bunker ports,external:bunker10|-1|0|all,2024,container,2.0,e-methanol,0.7456421545730184,2045,15.418665212385536,0.0,15.418665212385536,0.0,26.915471961988736,0.0,26.915471961988736,0.0,26.915471961988736,0.0,26.915471961988736,774.2882137903675
partial,top-10 bunker ports,external:bunker10|-1|0|all,2024,container,2.0,bio-methanol,0.7456421545730184,2045,33.6262513531459,0.0,33.6262513531459,0.0,33.6262513531459,0.0,33.6262513531459,0.0,33.6262513531459,0.0,33.6262513531459,1098.7309545610017
partial,top 10 by calls,volume|2024|0|all,2024,all,1.0,e-methanol,0.4749143837289067,2040,34.06392754194734,0.0,34.06392754194734,0.0,50.241376697917396,0.0,50.241376697917396,0.0,50.241376697917396,745.2300580878344,50.241376697917396,1529.0684516251763
partial,top 10 by calls,volume|2024|0|all,2024,all,1.0,bio-methanol,0.4749143837289067,2040,54.515606151477556,0.0,54.515606151477556,0.0,54.515606151477556,0.0,54.515606151477556,0.0,54.515606151477556,874.9702723841642,54.515606151477556,1597.352774939034
partial,top 10 by calls,volume|2024|0|all,2024,all,1.5,e-methanol,0.5849662690409064,2040,25.71619791259011,0.0,25.71619791259011,0.0,40.7593062594355,0.0,40.7593062594355,0.0,40.7593062594355,360.27146608379434,40.7593062594355,1326.4586663598918
partial,top 10 by calls,volume|2024|0|all,2024,all,1.5,bio-methanol,0.5849662690409064,2040,46.024002680803655,0.0,46.024002680803655,0.0,46.024002680803655,0.0,46.024002680803655,0.0,46.024002680803655,593.5964897143476,46.024002680803655,1449.2613103759727
partial,top 10 by calls,volume|2024|0|all,2024,all,2.0,e-methanol,0.6565222541535326,2045,20.883536273292542,0.0,20.883536273292542,0.0,34.59404258213163,0.0,34.59404258213163,0.0,34.59404258213163,0.0,34.59404258213163,1135.1348170392473
partial,top 10 by calls,volume|2024|0|all,2024,all,2.0,bio-methanol,0.6565222541535326,2040,40.502742869513426,0.0,40.502742869513426,0.0,40.502742869513426,0.0,40.502742869513426,0.0,40.502742869513426,347.3508678697849,40.502742869513426,1319.6583515104132
partial,top 10 by calls,volume|2024|0|all,2024,container,1.0,e-methanol,0.6314966882025982,2040,22.52547958583445,0.0,22.52547958583445,0.0,36.75024534446414,0.0,36.75024534446414,0.0,36.75024534446414,137.7587762819262,36.75024534446414,1209.346724358909
partial,top 10 by calls,volume|2024|0|all,2024,container,1.0,bio-methanol,0.6314966882025982,2040,42.43371553828752,0.0,42.43371553828752,0.0,42.43371553828752,0.0,42.43371553828752,0.0,42.43371553828752,440.757945766369,42.43371553828752,1368.819971455984
partial,top 10 by calls,volume|2024|0|all,2024,container,1.5,e-methanol,0.7272940129800863,2045,16.497682286567557,0.0,16.497682286567557,0.0,28.49634784163576,0.0,28.49634784163576,0.0,28.49634784163576,0.0,28.49634784163576,864.4769132110565
partial,top 10 by calls,volume|2024|0|all,2024,container,1.5,bio-methanol,0.7272940129800863,2040,35.04199395845654,0.0,35.04199395845654,0.0,35.04199395845654,0.0,35.04199395845654,0.0,35.04199395845654,27.477474639063004,35.04199395845654,1151.3039340205598
partial,top 10 by calls,volume|2024|0|all,2024,container,2.0,e-methanol,0.7711997131467775,2045,13.952934009551567,0.0,13.952934009551567,0.0,24.71343271527365,0.0,24.71343271527365,0.0,24.71343271527365,0.0,24.71343271527365,629.4325315253773
partial,top 10 by calls,volume|2024|0|all,2024,container,2.0,bio-methanol,0.7711997131467775,2045,31.65423013359465,0.0,31.65423013359465,0.0,31.65423013359465,0.0,31.65423013359465,0.0,31.65423013359465,0.0,31.65423013359465,1017.6634271208865
partial,10 chosen for continuity,greedy|2024|7000|all,2024,all,1.0,e-methanol,0.4699692048228805,2040,34.468377396086765,0.0,34.468377396086765,0.0,50.66745331246061,0.0,50.66745331246061,0.0,50.66745331246061,759.1454757495391,50.66745331246061,1536.3923556576524
partial,10 chosen for continuity,greedy|2024|7000|all,2024,all,1.0,bio-methanol,0.4699692048228805,2040,54.89717615586654,0.0,54.89717615586654,0.0,54.89717615586654,0.0,54.89717615586654,0.0,54.89717615586654,885.5701910067091,54.89717615586654,1602.9316794772155
partial,10 chosen for continuity,greedy|2024|7000|all,2024,all,1.5,e-methanol,0.5689066574710333,2040,26.86138285640735,0.0,26.86138285640735,0.0,42.14300239229577,0.0,42.14300239229577,0.0,42.14300239229577,427.242595909622,42.14300239229577,1361.706629426117
partial,10 chosen for continuity,greedy|2024|7000|all,2024,all,1.5,bio-methanol,0.5689066574710333,2040,47.26316230953507,0.0,47.26316230953507,0.0,47.26316230953507,0.0,47.26316230953507,0.0,47.26316230953507,640.9573135306819,47.26316230953507,1474.1880597529907
partial,10 chosen for continuity,greedy|2024|7000|all,2024,all,2.0,e-methanol,0.6288880402672093,2040,22.69953829639004,0.0,22.69953829639004,0.0,36.97500645057724,0.0,36.97500645057724,0.0,36.97500645057724,151.51033141463924,36.97500645057724,1216.5843849550736
partial,10 chosen for continuity,greedy|2024|7000|all,2024,all,2.0,bio-methanol,0.6288880402672093,2040,42.634998812982126,0.0,42.634998812982126,0.0,42.634998812982126,0.0,42.634998812982126,0.0,42.634998812982126,450.00768582911394,42.634998812982126,1373.6882556995336
partial,10 chosen for continuity,greedy|2024|7000|all,2024,container,1.0,e-methanol,0.528727641666731,2040,29.831884471110055,0.0,29.831884471110055,0.0,45.60482639399445,0.0,45.60482639399445,0.0,45.60482639399445,576.9929506639202,45.60482639399445,1440.5226056125896
partial,10 chosen for continuity,greedy|2024|7000|all,2024,container,1.0,bio-methanol,0.528727641666731,2040,50.36337516899503,0.0,50.36337516899503,0.0,50.36337516899503,0.0,50.36337516899503,0.0,50.36337516899503,749.2385146740163,50.36337516899503,1531.1781656179035
partial,10 chosen for continuity,greedy|2024|7000|all,2024,container,1.5,e-methanol,0.6078481625630027,2040,24.124045551503876,0.0,24.124045551503876,0.0,38.78780231357169,0.0,38.78780231357169,0.0,38.78780231357169,256.59627405829093,38.78780231357169,1271.8927758201532
partial,10 chosen for continuity,greedy|2024|7000|all,2024,container,1.5,bio-methanol,0.6078481625630027,2040,44.258435776638706,0.0,44.258435776638706,0.0,44.258435776638706,0.0,44.258435776638706,0.0,44.258435776638706,521.5350578683721,44.258435776638706,1411.334240983354
partial,10 chosen for continuity,greedy|2024|7000|all,2024,container,2.0,e-methanol,0.6449742867557544,2040,21.6349980298558,0.0,21.6349980298558,0.0,35.5890154531242,0.0,35.5890154531242,0.0,35.5890154531242,63.944367623642776,35.5890154531242,1170.4970355913913
partial,10 chosen for continuity,greedy|2024|7000|all,2024,container,2.0,bio-methanol,0.6449742867557544,2040,41.39378403392598,0.0,41.39378403392598,0.0,41.39378403392598,0.0,41.39378403392598,0.0,41.39378403392598,391.53612214189246,41.39378403392598,1342.9137484957332
partial,top 20 by calls,volume|2024|0|all,2024,all,1.0,e-methanol,0.5875017757419269,2040,25.53751285294066,0.0,25.53751285294066,0.0,40.54084700207558,0.0,40.54084700207558,0.0,40.54084700207558,349.28014217997065,40.54084700207558,1320.6737590420898
partial,top 20 by calls,volume|2024|0|all,2024,all,1.0,bio-methanol,0.5875017757419269,2040,45.82836298375292,0.0,45.82836298375292,0.0,45.82836298375292,0.0,45.82836298375292,0.0,45.82836298375292,585.8850155857832,45.82836298375292,1445.2026397819914
partial,top 20 by calls,volume|2024|0|all,2024,all,1.5,e-methanol,0.6969294292911375,2045,18.33462242756454,0.0,18.33462242756454,0.0,31.11256037227559,0.0,31.11256037227559,0.0,31.11256037227559,0.0,31.11256037227559,993.5969435999332
partial,top 20 by calls,volume|2024|0|all,2024,all,1.5,bio-methanol,0.6969294292911375,2040,37.38492523589582,0.0,37.38492523589582,0.0,37.38492523589582,0.0,37.38492523589582,0.0,37.38492523589582,176.16460443864693,37.38492523589582,1229.560318125604
partial,top 20 by calls,volume|2024|0|all,2024,all,2.0,e-methanol,0.7598035897019398,2045,14.601244628460448,0.0,14.601244628460448,0.0,25.695322711280863,0.0,25.695322711280863,0.0,25.695322711280863,0.0,25.695322711280863,697.0908561195182
partial,top 20 by calls,volume|2024|0|all,2024,all,2.0,bio-methanol,0.7598035897019398,2045,32.53355501859832,0.0,32.53355501859832,0.0,32.53355501859832,0.0,32.53355501859832,0.0,32.53355501859832,0.0,32.53355501859832,1055.0255582279365
partial,top 20 by calls,volume|2024|0|all,2024,container,1.0,e-methanol,0.7398857034318507,2045,15.754740520163958,0.0,15.754740520163958,0.0,27.411447792311748,0.0,27.411447792311748,0.0,27.411447792311748,0.0,27.411447792311748,803.7034332687558
partial,top 20 by calls,volume|2024|0|all,2024,container,1.0,bio-methanol,0.7398857034318507,2045,34.070419123198405,0.0,34.070419123198405,0.0,34.070419123198405,0.0,34.070419123198405,0.0,34.070419123198405,0.0,34.070419123198405,1115.6952827091532
partial,top 20 by calls,volume|2024|0|all,2024,container,1.5,e-methanol,0.81997562119652,2045,11.269876496600105,0.0,11.269876496600105,0.0,20.510900477707835,0.0,20.510900477707835,0.0,20.510900477707835,0.0,20.510900477707835,266.6563153793837
partial,top 20 by calls,volume|2024|0|all,2024,container,1.5,bio-methanol,0.81997562119652,2045,27.890681068476514,0.0,27.890681068476514,0.0,27.890681068476514,0.0,27.890681068476514,0.0,27.890681068476514,0.0,27.890681068476514,831.131893388714
partial,top 20 by calls,volume|2024|0|all,2024,container,2.0,e-methanol,0.8489318181504064,2050,9.744023209132429,0.0,9.744023209132429,0.0,18.01603454816098,0.0,18.01603454816098,0.0,18.01603454816098,0.0,18.01603454816098,0.0
partial,top 20 by calls,volume|2024|0|all,2024,container,2.0,bio-methanol,0.8489318181504064,2045,25.65642091151464,0.0,25.65642091151464,0.0,25.65642091151464,0.0,25.65642091151464,0.0,25.65642091151464,0.0,25.65642091151464,694.5088034332227
partial,20 chosen for continuity,greedy|2024|7000|all,2024,all,1.0,e-methanol,0.6463473220492795,2040,21.545098204479817,0.0,21.545098204479817,0.0,35.470714732234086,0.0,35.470714732234086,0.0,35.470714732234086,56.15323436242363,35.470714732234086,1166.3964391381178
partial,20 chosen for continuity,greedy|2024|7000|all,2024,all,1.0,bio-methanol,0.6463473220492795,2040,41.2878406306776,0.0,41.2878406306776,0.0,41.2878406306776,0.0,41.2878406306776,0.0,41.2878406306776,386.3824620019716,41.2878406306776,1340.2012957905115
partial,20 chosen for continuity,greedy|2024|7000|all,2024,all,1.5,e-methanol,0.7555122356780569,2045,14.847555741422177,0.0,14.847555741422177,0.0,26.065065773978617,0.0,26.065065773978617,0.0,26.065065773978617,0.0,26.065065773978617,721.2472824955055
partial,20 chosen for continuity,greedy|2024|7000|all,2024,all,1.5,bio-methanol,0.7555122356780569,2045,32.86467589508113,0.0,32.86467589508113,0.0,32.86467589508113,0.0,32.86467589508113,0.0,32.86467589508113,0.0,32.86467589508113,1068.5765549707096
partial,20 chosen for continuity,greedy|2024|7000|all,2024,all,2.0,e-methanol,0.8138281588667022,2045,11.600087764207656,0.0,11.600087764207656,0.0,21.040565832044933,0.0,21.040565832044933,0.0,21.040565832044933,0.0,21.040565832044933,320.3601105936957
partial,20 chosen for continuity,greedy|2024|7000|all,2024,all,2.0,bio-methanol,0.8138281588667022,2045,28.365019261845255,0.0,28.365019261845255,0.0,28.365019261845255,0.0,28.365019261845255,0.0,28.365019261845255,0.0,28.365019261845255,857.3675203225142
partial,20 chosen for continuity,greedy|2024|7000|all,2024,container,1.0,e-methanol,0.7854124357832716,2045,13.155987973506306,0.0,13.155987973506306,0.0,23.488864532913322,0.0,23.488864532913322,0.0,23.488864532913322,0.0,23.488864532913322,537.1257883203929
partial,20 chosen for continuity,greedy|2024|7000|all,2024,container,1.0,bio-methanol,0.7854124357832716,2045,30.557576454962764,0.0,30.557576454962764,0.0,30.557576454962764,0.0,30.557576454962764,0.0,30.557576454962764,0.0,30.557576454962764,968.0539795264561
partial,20 chosen for continuity,greedy|2024|7000|all,2024,container,1.5,e-methanol,0.8559929764222521,2050,9.379154647996032,0.0,9.379154647996032,0.0,17.407645151458755,0.0,17.407645151458755,0.0,17.407645151458755,0.0,17.407645151458755,0.0
partial,20 chosen for continuity,greedy|2024|7000|all,2024,container,1.5,bio-methanol,0.8559929764222521,2045,25.111581939259025,0.0,25.111581939259025,0.0,25.111581939259025,0.0,25.111581939259025,0.0,25.111581939259025,0.0,25.111581939259025,657.5052377886499
partial,20 chosen for continuity,greedy|2024|7000|all,2024,container,2.0,e-methanol,0.880855371250943,2050,8.116254681967266,0.0,8.116254681967266,0.0,15.265501213018748,0.0,15.265501213018748,0.0,15.265501213018748,0.0,15.265501213018748,0.0
partial,20 chosen for continuity,greedy|2024|7000|all,2024,container,2.0,bio-methanol,0.880855371250943,2045,23.193199554277236,0.0,23.193199554277236,0.0,23.193199554277236,0.0,23.193199554277236,0.0,23.193199554277236,0.0,23.193199554277236,513.378022829521
partial,20 chosen for continuity on 2019,greedy|2019|7000|all,2024,all,1.0,e-methanol,0.6472856675306091,2040,21.483746009041944,0.0,21.483746009041944,0.0,35.38986688556272,0.0,35.38986688556272,0.0,35.38986688556272,50.79873657518404,35.38986688556272,1163.5782824079918
partial,20 chosen for continuity on 2019,greedy|2019|7000|all,2024,all,1.0,bio-methanol,0.6472856675306091,2040,41.215437893338205,0.0,41.215437893338205,0.0,41.215437893338205,0.0,41.215437893338205,0.0,41.215437893338205,382.8451607100875,41.215437893338205,1338.3395582684675
partial,20 chosen for continuity on 2019,greedy|2019|7000|all,2024,all,1.5,e-methanol,0.7566565333930738,2045,14.781758749786542,0.0,14.781758749786542,0.0,25.96647308285276,0.0,25.96647308285276,0.0,25.96647308285276,0.0,25.96647308285276,714.8731881922284
partial,20 chosen for continuity on 2019,greedy|2019|7000|all,2024,all,1.5,bio-methanol,0.7566565333930738,2045,32.77638188339043,0.0,32.77638188339043,0.0,32.77638188339043,0.0,32.77638188339043,0.0,32.77638188339043,0.0,32.77638188339043,1064.9899261097537
partial,20 chosen for continuity on 2019,greedy|2019|7000|all,2024,all,2.0,e-methanol,0.8157020516095845,2045,11.499194603436877,0.0,11.499194603436877,0.0,20.8791112333182,0.0,20.8791112333182,0.0,20.8791112333182,0.0,20.8791112333182,304.27861075933487
partial,20 chosen for continuity on 2019,greedy|2019|7000|all,2024,all,2.0,bio-methanol,0.8157020516095845,2045,28.22042969780446,0.0,28.22042969780446,0.0,28.22042969780446,0.0,28.22042969780446,0.0,28.22042969780446,0.0,28.22042969780446,849.4637229636422
partial,20 chosen for continuity on 2019,greedy|2019|7000|all,2024,container,1.0,e-methanol,0.7931454637512936,2045,12.727682892743832,0.0,12.727682892743832,0.0,22.822586843188546,0.0,22.822586843188546,0.0,22.822586843188546,0.0,22.822586843188546,482.74143940614226
partial,20 chosen for continuity on 2019,greedy|2019|7000|all,2024,container,1.0,bio-methanol,0.7931454637512936,2045,29.960896016950187,0.0,29.960896016950187,0.0,29.960896016950187,0.0,29.960896016950187,0.0,29.960896016950187,0.0,29.960896016950187,939.5363351201227
partial,20 chosen for continuity on 2019,greedy|2019|7000|all,2024,container,1.5,e-methanol,0.8617944799581911,2050,9.081446845401505,0.0,9.081446845401505,0.0,16.907787606802252,0.0,16.907787606802252,0.0,16.907787606802252,0.0,16.907787606802252,0.0
partial,20 chosen for continuity on 2019,greedy|2019|7000|all,2024,container,1.5,bio-methanol,0.8617944799581911,2045,24.663937926425973,0.0,24.663937926425973,0.0,24.663937926425973,0.0,24.663937926425973,0.0,24.663937926425973,0.0,24.663937926425973,625.8794142878082
partial,20 chosen for continuity on 2019,greedy|2019|7000|all,2024,container,2.0,e-methanol,0.8876786173292968,2050,7.7754815868358955,0.0,7.7754815868358955,0.0,14.67761033090779,0.0,14.67761033090779,0.0,14.67761033090779,0.0,14.67761033090779,0.0
partial,20 chosen for continuity on 2019,greedy|2019|7000|all,2024,container,2.0,bio-methanol,0.8876786173292968,2045,22.66671788687146,0.0,22.66671788687146,0.0,22.66671788687146,0.0,22.66671788687146,0.0,22.66671788687146,0.0,22.66671788687146,469.5573034266295
partial,10 chosen for dual-fuel use,dualfuel|2024|7000|all,2024,all,1.0,e-methanol,0.5223011693448449,2040,30.32155014970755,0.0,30.32155014970755,0.0,46.15853124924816,0.0,46.15853124924816,0.0,46.15853124924816,598.8612343172388,46.15853124924816,1452.0322285880206
partial,10 chosen for dual-fuel use,dualfuel|2024|7000|all,2024,all,1.0,bio-methanol,0.5223011693448449,2040,50.85924177335176,0.0,50.85924177335176,0.0,50.85924177335176,0.0,50.85924177335176,0.0,50.85924177335176,765.3330820287418,50.85924177335176,1539.6489905414433
partial,10 chosen for dual-fuel use,dualfuel|2024|7000|all,2024,all,1.5,e-methanol,0.6371713711874116,2040,22.148759315399538,0.0,22.148759315399538,0.0,36.261314658492616,0.0,36.261314658492616,0.0,36.261314658492616,107.25576877206242,36.261314658492616,1193.292509880033
partial,10 chosen for dual-fuel use,dualfuel|2024|7000|all,2024,all,1.5,bio-methanol,0.6371713711874116,2040,41.99585699917932,0.0,41.99585699917932,0.0,41.99585699917932,0.0,41.99585699917932,0.0,41.99585699917932,420.330433984841,41.99585699917932,1358.068649465706
partial,10 chosen for dual-fuel use,dualfuel|2024|7000|all,2024,all,2.0,e-methanol,0.705838477937401,2045,17.788880444064585,0.0,17.788880444064585,0.0,30.34495674091353,0.0,30.34495674091353,0.0,30.34495674091353,0.0,30.34495674091353,958.0206828568807
partial,10 chosen for dual-fuel use,dualfuel|2024|7000|all,2024,all,2.0,bio-methanol,0.705838477937401,2040,36.69750304235014,0.0,36.69750304235014,0.0,36.69750304235014,0.0,36.69750304235014,0.0,36.69750304235014,134.50744307981753,36.69750304235014,1207.635496357799
partial,10 chosen for dual-fuel use,dualfuel|2024|7000|all,2024,container,1.0,e-methanol,0.634734542121169,2040,22.31021056392211,0.0,22.31021056392211,0.0,36.471271850840076,0.0,36.471271850840076,0.0,36.471271850840076,120.45459944427436,36.471271850840076,1200.2392628654077
partial,10 chosen for dual-fuel use,dualfuel|2024|7000|all,2024,container,1.0,bio-methanol,0.634734542121169,2040,42.1838827299306,0.0,42.1838827299306,0.0,42.1838827299306,0.0,42.1838827299306,0.0,42.1838827299306,429.1543921581357,42.1838827299306,1362.7128379779663
partial,10 chosen for dual-fuel use,dualfuel|2024|7000|all,2024,container,1.5,e-methanol,0.7262089332022234,2045,16.562212004233192,0.0,16.562212004233192,0.0,28.589838315296436,0.0,28.589838315296436,0.0,28.589838315296436,0.0,28.589838315296436,869.4981651369199
partial,10 chosen for dual-fuel use,dualfuel|2024|7000|all,2024,container,1.5,bio-methanol,0.7262089332022234,2040,35.125718714116445,0.0,35.125718714116445,0.0,35.125718714116445,0.0,35.125718714116445,0.0,35.125718714116445,33.13255803679134,35.125718714116445,1154.2802937035747
partial,10 chosen for dual-fuel use,dualfuel|2024|7000|all,2024,container,2.0,e-methanol,0.7684753566787226,2045,14.107159126839658,0.0,14.107159126839658,0.0,24.94816326856126,0.0,24.94816326856126,0.0,24.94816326856126,0.0,24.94816326856126,646.0913242803463
partial,10 chosen for dual-fuel use,dualfuel|2024|7000|all,2024,container,2.0,bio-methanol,0.7684753566787226,2045,31.864441478669765,0.0,31.864441478669765,0.0,31.864441478669765,0.0,31.864441478669765,0.0,31.864441478669765,0.0,31.864441478669765,1026.782771971979
partial,20 chosen for dual-fuel use,dualfuel|2024|7000|all,2024,all,1.0,e-methanol,0.6608152524911267,2045,20.606842208385473,0.0,20.606842208385473,0.0,34.22415784536452,0.0,34.22415784536452,0.0,34.22415784536452,0.0,34.22415784536452,1121.464522291332
partial,20 chosen for dual-fuel use,dualfuel|2024|7000|all,2024,all,1.0,bio-methanol,0.6608152524911267,2040,40.17149511778466,0.0,40.17149511778466,0.0,40.17149511778466,0.0,40.17149511778466,0.0,40.17149511778466,330.4250499953805,40.17149511778466,1310.7500263133584
partial,20 chosen for dual-fuel use,dualfuel|2024|7000|all,2024,all,1.5,e-methanol,0.7707576480096198,2045,13.977926948564953,0.0,13.977926948564953,0.0,24.75152104749116,0.0,24.75152104749116,0.0,24.75152104749116,0.0,24.75152104749116,632.157130220681
partial,20 chosen for dual-fuel use,dualfuel|2024|7000|all,2024,all,1.5,bio-methanol,0.7707576480096198,2045,31.688339879577736,0.0,31.688339879577736,0.0,31.688339879577736,0.0,31.688339879577736,0.0,31.688339879577736,0.0,31.688339879577736,1019.1513923959126
partial,20 chosen for dual-fuel use,dualfuel|2024|7000|all,2024,all,2.0,e-methanol,0.827799665291005,2045,10.852820041067673,0.0,10.852820041067673,0.0,19.836780838527005,0.0,19.836780838527005,0.0,19.836780838527005,0.0,19.836780838527005,194.15821769752526
partial,20 chosen for dual-fuel use,dualfuel|2024|7000|all,2024,all,2.0,bio-methanol,0.827799665291005,2045,27.28697782614605,0.0,27.28697782614605,0.0,27.28697782614605,0.0,27.28697782614605,0.0,27.28697782614605,0.0,27.28697782614605,796.4219020959971
partial,20 chosen for dual-fuel use,dualfuel|2024|7000|all,2024,container,1.0,e-methanol,0.7894828374109606,2045,12.930081387172242,0.0,12.930081387172242,0.0,23.138158728671634,0.0,23.138158728671634,0.0,23.138158728671634,0.0,23.138158728671634,508.89014492848224
partial,20 chosen for dual-fuel use,dualfuel|2024|7000|all,2024,container,1.0,bio-methanol,0.7894828374109606,2045,30.243504265370277,0.0,30.243504265370277,0.0,30.243504265370277,0.0,30.243504265370277,0.0,30.243504265370277,0.0,30.243504265370277,953.1835326998518
partial,20 chosen for dual-fuel use,dualfuel|2024|7000|all,2024,container,1.5,e-methanol,0.8580883593564094,2050,9.27141428506595,0.0,9.27141428506595,0.0,17.227106957851767,0.0,17.227106957851767,0.0,17.227106957851767,0.0,17.227106957851767,0.0
partial,20 chosen for dual-fuel use,dualfuel|2024|7000|all,2024,container,1.5,bio-methanol,0.8580883593564094,2045,24.949902192059454,0.0,24.949902192059454,0.0,24.949902192059454,0.0,24.949902192059454,0.0,24.949902192059454,0.0,24.949902192059454,646.2135657619526
partial,20 chosen for dual-fuel use,dualfuel|2024|7000|all,2024,container,2.0,e-methanol,0.8820615551376855,2050,8.055834501240767,0.0,8.055834501240767,0.0,15.16157640933702,0.0,15.16157640933702,0.0,15.16157640933702,0.0,15.16157640933702,0.0
partial,20 chosen for dual-fuel use,dualfuel|2024|7000|all,2024,container,2.0,bio-methanol,0.8820615551376855,2045,23.100130405576188,0.0,23.100130405576188,0.0,23.100130405576188,0.0,23.100130405576188,0.0,23.100130405576188,0.0,23.100130405576188,505.7769271537339
partial,20 chosen for dual-fuel use on 2019,dualfuel|2019|7000|all,2024,all,1.0,e-methanol,0.6572682413347818,2045,20.83535269992536,0.0,20.83535269992536,0.0,34.529768326595196,0.0,34.529768326595196,0.0,34.529768326595196,0.0,34.529768326595196,1132.7803770320104
partial,20 chosen for dual-fuel use on 2019,dualfuel|2019|7000|all,2024,all,1.0,bio-methanol,0.6572682413347818,2040,40.44518249860823,0.0,40.44518249860823,0.0,40.44518249860823,0.0,40.44518249860823,0.0,40.44518249860823,344.4295991775814,40.44518249860823,1318.1208416724112
partial,20 chosen for dual-fuel use on 2019,dualfuel|2019|7000|all,2024,all,1.5,e-methanol,0.766641414438072,2045,14.211245998668842,0.0,14.211245998668842,0.0,25.106175732015714,0.0,25.106175732015714,0.0,25.106175732015714,0.0,25.106175732015714,657.1300198380767
partial,20 chosen for dual-fuel use on 2019,dualfuel|2019|7000|all,2024,all,1.5,bio-methanol,0.766641414438072,2045,32.00594846195836,0.0,32.00594846195836,0.0,32.00594846195836,0.0,32.00594846195836,0.0,32.00594846195836,0.0,32.00594846195836,1032.8541379734938
partial,20 chosen for dual-fuel use on 2019,dualfuel|2019|7000|all,2024,all,2.0,e-methanol,0.8241177767492617,2045,11.04863546212451,0.0,11.04863546212451,0.0,20.154012355283612,0.0,20.154012355283612,0.0,20.154012355283612,0.0,20.154012355283612,228.87897314756634
partial,20 chosen for dual-fuel use on 2019,dualfuel|2019|7000|all,2024,all,2.0,bio-methanol,0.8241177767492617,2045,27.571072346026966,0.0,27.571072346026966,0.0,27.571072346026966,0.0,27.571072346026966,0.0,27.571072346026966,0.0,27.571072346026966,812.9452982155984
partial,20 chosen for dual-fuel use on 2019,dualfuel|2019|7000|all,2024,container,1.0,e-methanol,0.7883695156924891,2045,12.991768381233271,0.0,12.991768381233271,0.0,23.234082527935136,0.0,23.234082527935136,0.0,23.234082527935136,0.0,23.234082527935136,516.6977457625159
partial,20 chosen for dual-fuel use on 2019,dualfuel|2019|7000|all,2024,container,1.0,bio-methanol,0.7883695156924891,2045,30.329408169167536,0.0,30.329408169167536,0.0,30.329408169167536,0.0,30.329408169167536,0.0,30.329408169167536,0.0,30.329408169167536,957.2814426203489
partial,20 chosen for dual-fuel use on 2019,dualfuel|2019|7000|all,2024,container,1.5,e-methanol,0.8572406959201071,2050,9.314970147664573,0.0,9.314970147664573,0.0,17.300141639523574,0.0,17.300141639523574,0.0,17.300141639523574,0.0,17.300141639523574,0.0
partial,20 chosen for dual-fuel use on 2019,dualfuel|2019|7000|all,2024,container,1.5,bio-methanol,0.8572406959201071,2045,25.015307902804537,0.0,25.015307902804537,0.0,25.015307902804537,0.0,25.015307902804537,0.0,25.015307902804537,0.0,25.015307902804537,650.7990639166071
partial,20 chosen for dual-fuel use on 2019,dualfuel|2019|7000|all,2024,container,2.0,e-methanol,0.883145704859733,2050,8.001593307623407,0.0,8.001593307623407,0.0,15.068166069285406,0.0,15.068166069285406,0.0,15.068166069285406,0.0,15.068166069285406,0.0
partial,20 chosen for dual-fuel use on 2019,dualfuel|2019|7000|all,2024,container,2.0,bio-methanol,0.883145704859733,2045,23.016477413023004,0.0,23.016477413023004,0.0,23.016477413023004,0.0,23.016477413023004,0.0,23.016477413023004,0.0,23.016477413023004,498.8924058708543
partial,top 20 by calls on 2019,volume|2019|0|all,2024,all,1.0,e-methanol,0.6114193934270942,2040,23.879633830447958,0.0,23.879633830447958,0.0,38.48010506232156,0.0,38.48010506232156,0.0,38.48010506232156,239.45704240277968,38.48010506232156,1262.8721275804107
partial,top 20 by calls on 2019,volume|2019|0|all,2024,all,1.0,bio-methanol,0.6114193934270942,2040,43.98287960316541,0.0,43.98287960316541,0.0,43.98287960316541,0.0,43.98287960316541,0.0,43.98287960316541,509.76632839618264,43.98287960316541,1405.1401728400963
partial,top 20 by calls on 2019,volume|2019|0|all,2024,all,1.5,e-methanol,0.719330653844416,2045,16.973158013272922,0.0,16.973158013272922,0.0,29.182470864765122,0.0,29.182470864765122,0.0,29.182470864765122,0.0,29.182470864765122,900.5793305586097
partial,top 20 by calls on 2019,volume|2019|0|all,2024,all,1.5,bio-methanol,0.719330653844416,2040,35.65644674936486,0.0,35.65644674936486,0.0,35.65644674936486,0.0,35.65644674936486,0.0,35.65644674936486,68.36217348323092,35.65644674936486,1172.8221965701218
partial,top 20 by calls on 2019,volume|2019|0|all,2024,all,2.0,e-methanol,0.7794353059689713,2045,13.489590746679271,0.0,13.489590746679271,0.0,24.003854037713435,0.0,24.003854037713435,0.0,24.003854037713435,0.0,24.003854037713435,577.0927313900554
partial,top 20 by calls on 2019,volume|2019|0|all,2024,all,2.0,bio-methanol,0.7794353059689713,2045,31.018771791434176,0.0,31.018771791434176,0.0,31.018771791434176,0.0,31.018771791434176,0.0,31.018771791434176,0.0,31.018771791434176,989.3445332325048
partial,top 20 by calls on 2019,volume|2019|0|all,2024,container,1.0,e-methanol,0.742624508236888,2045,15.594565692069084,0.0,15.594565692069084,0.0,27.17547237030973,0.0,27.17547237030973,0.0,27.17547237030973,0.0,27.17547237030973,789.8421560537064
partial,top 20 by calls on 2019,volume|2019|0|all,2024,container,1.0,bio-methanol,0.742624508236888,2045,33.85909294444172,0.0,33.85909294444172,0.0,33.85909294444172,0.0,33.85909294444172,0.0,33.85909294444172,0.0,33.85909294444172,1107.6794977408551
partial,top 20 by calls on 2019,volume|2019|0|all,2024,container,1.5,e-methanol,0.8134495228214423,2045,11.620499412036548,0.0,11.620499412036548,0.0,21.07318911370453,0.0,21.07318911370453,0.0,21.07318911370453,0.0,21.07318911370453,323.5795890265311
partial,top 20 by calls on 2019,volume|2019|0|all,2024,container,1.5,bio-methanol,0.8134495228214423,2045,28.39423481909751,0.0,28.39423481909751,0.0,28.39423481909751,0.0,28.39423481909751,0.0,28.39423481909751,0.0,28.39423481909751,858.9547744892964
partial,top 20 by calls on 2019,volume|2019|0|all,2024,container,2.0,e-methanol,0.8399767070748838,2045,10.210785194284195,0.0,10.210785194284195,0.0,18.78760691842801,0.0,18.78760691842801,0.0,18.78760691842801,0.0,18.78760691842801,70.9753301746643
partial,top 20 by calls on 2019,volume|2019|0|all,2024,container,2.0,bio-methanol,0.8399767070748838,2045,26.347397282101966,0.0,26.347397282101966,0.0,26.347397282101966,0.0,26.347397282101966,0.0,26.347397282101966,0.0,26.347397282101966,739.2363377871714
partial_eu,all nodes,all|-1|0|all,2024,all,1.0,e-methanol,0.9627618329884474,2050,4.182086859319769,0.0,4.182086859319769,0.0,8.20844046971537,0.0,8.20844046971537,0.0,8.20844046971537,0.0,8.20844046971537,0.0
partial_eu,all nodes,all|-1|0|all,2024,all,1.0,bio-methanol,0.9627618329884474,2050,16.8732969666114,0.0,16.8732969666114,0.0,16.8732969666114,0.0,16.8732969666114,0.0,16.8732969666114,0.0,16.8732969666114,0.0
partial_eu,all nodes,all|-1|0|all,2024,all,1.5,e-methanol,0.9747030690638704,2050,3.6357788074236836,0.0,3.6357788074236836,0.0,7.179583569456927,0.0,7.179583569456927,0.0,7.179583569456927,0.0,7.179583569456927,0.0
partial_eu,all nodes,all|-1|0|all,2024,all,1.5,bio-methanol,0.9747030690638704,2050,15.951911191031762,0.0,15.951911191031762,0.0,15.951911191031762,0.0,15.951911191031762,0.0,15.951911191031762,0.0,15.951911191031762,0.0
partial_eu,all nodes,all|-1|0|all,2024,all,2.0,e-methanol,0.9807149342723132,2050,3.3632306940447627,0.0,3.3632306940447627,0.0,6.661601263097499,0.0,6.661601263097499,0.0,6.661601263097499,0.0,6.661601263097499,0.0
partial_eu,all nodes,all|-1|0|all,2024,all,2.0,bio-methanol,0.9807149342723132,2050,15.488035671548316,0.0,15.488035671548316,0.0,15.488035671548316,0.0,15.488035671548316,0.0,15.488035671548316,0.0,15.488035671548316,0.0
partial_eu,all nodes,all|-1|0|all,2024,container,1.0,e-methanol,0.998588644534534,2050,2.5626095699634868,0.0,2.5626095699634868,0.0,5.12160238690455,0.0,5.12160238690455,0.0,5.12160238690455,0.0,5.12160238690455,0.0
partial_eu,all nodes,all|-1|0|all,2024,container,1.0,bio-methanol,0.998588644534534,2050,14.108900187715356,0.0,14.108900187715356,0.0,14.108900187715356,0.0,14.108900187715356,0.0,14.108900187715356,0.0,14.108900187715356,0.0
partial_eu,all nodes,all|-1|0|all,2024,container,1.5,e-methanol,0.9997775951677084,2050,2.5098603027049733,0.0,2.5098603027049733,0.0,5.019162400350248,0.0,5.019162400350248,0.0,5.019162400350248,0.0,5.019162400350248,0.0
partial_eu,all nodes,all|-1|0|all,2024,container,1.5,bio-methanol,0.9997775951677084,2050,14.01716075685962,0.0,14.01716075685962,0.0,14.01716075685962,0.0,14.01716075685962,0.0,14.01716075685962,0.0,14.01716075685962,0.0
partial_eu,all nodes,all|-1|0|all,2024,container,2.0,e-methanol,0.9999448823581052,2050,2.5024434324033127,0.0,2.5024434324033127,0.0,5.004748936025656,0.0,5.004748936025656,0.0,5.004748936025656,0.0,5.004748936025656,0.0
partial_eu,all nodes,all|-1|0|all,2024,container,2.0,bio-methanol,0.9999448823581052,2050,14.004252877248604,0.0,14.004252877248604,0.0,14.004252877248604,0.0,14.004252877248604,0.0,14.004252877248604,0.0,14.004252877248604,0.0
partial_eu,Yap hubs (4),external:yap4|-1|0|all,2024,all,1.0,e-methanol,0.2691985377564356,2035,53.550214537001324,0.0,53.550214537001324,0.0,67.9658539869055,0.0,67.9658539869055,178.87054830379165,67.9658539869055,1176.7692874716533,67.9658539869055,1756.194361827186
partial_eu,Yap hubs (4),external:yap4|-1|0|all,2024,all,1.0,bio-methanol,0.2691985377564356,2035,70.38864082671343,0.0,70.38864082671343,0.0,70.38864082671343,0.0,70.38864082671343,255.3221339840352,70.38864082671343,1218.8730592955553,70.38864082671343,1778.354241734503
partial_eu,Yap hubs (4),external:yap4|-1|0|all,2024,all,1.5,e-methanol,0.3363341555693421,2040,46.53136260642325,0.0,46.53136260642325,0.0,62.18144915614548,0.0,62.18144915614548,0.0,62.18144915614548,1062.9787319489744,62.18144915614548,1696.3045957626182
partial_eu,Yap hubs (4),external:yap4|-1|0|all,2024,all,1.5,bio-methanol,0.3363341555693421,2035,65.20845655626957,0.0,65.20845655626957,0.0,65.20845655626957,0.0,65.20845655626957,84.94811911806251,65.20845655626957,1125.0438916882083,65.20845655626957,1728.9704693095835
partial_eu,Yap hubs (4),external:yap4|-1|0|all,2024,all,2.0,e-methanol,0.3886826077899433,2040,41.52936472978569,0.0,41.52936472978569,0.0,57.67110651281849,0.0,57.67110651281849,0.0,57.67110651281849,958.4129553414926,57.67110651281849,1641.2699764955228
partial_eu,Yap hubs (4),external:yap4|-1|0|all,2024,all,2.0,bio-methanol,0.3886826077899433,2040,61.16924998292798,0.0,61.16924998292798,0.0,61.16924998292798,0.0,61.16924998292798,0.0,61.16924998292798,1040.8543504587133,61.16924998292798,1684.6601844519546
partial_eu,Yap hubs (4),external:yap4|-1|0|all,2024,container,1.0,e-methanol,0.4946692228735072,2040,32.474944298312124,0.0,32.474944298312124,0.0,48.539299757218615,0.0,48.539299757218615,0.0,48.539299757218615,687.2039684166233,48.539299757218615,1498.528404429802
partial_eu,Yap hubs (4),external:yap4|-1|0|all,2024,container,1.0,bio-methanol,0.4946692228735072,2040,52.99132276308018,0.0,52.99132276308018,0.0,52.99132276308018,0.0,52.99132276308018,0.0,52.99132276308018,831.1031379287745,52.99132276308018,1574.2648094361973
partial_eu,Yap hubs (4),external:yap4|-1|0|all,2024,container,1.5,e-methanol,0.5653689617346788,2040,27.11680842956099,0.0,27.11680842956099,0.0,42.44781025694007,0.0,42.44781025694007,0.0,42.44781025694007,441.40850854827704,42.44781025694007,1369.162372920146
partial_eu,Yap hubs (4),external:yap4|-1|0|all,2024,container,1.5,bio-methanol,0.5653689617346788,2040,47.53613091255218,0.0,47.53613091255218,0.0,47.53613091255218,0.0,47.53613091255218,0.0,47.53613091255218,651.0583338610134,47.53613091255218,1479.504386242639
partial_eu,Yap hubs (4),external:yap4|-1|0|all,2024,container,2.0,e-methanol,0.6000127173748652,2040,24.664119130083073,0.0,24.664119130083073,0.0,39.46290427098162,0.0,39.46290427098162,0.0,39.46290427098162,293.26402767740365,39.46290427098162,1291.1915935144232
partial_eu,Yap hubs (4),external:yap4|-1|0|all,2024,container,2.0,bio-methanol,0.6000127173748652,2040,44.8630187273554,0.0,44.8630187273554,0.0,44.8630187273554,0.0,44.8630187273554,0.0,44.8630187273554,546.8496245147603,44.8630187273554,1424.6576971130319
partial_eu,Yap hubs (8),external:yap8|-1|0|all,2024,all,1.0,e-methanol,0.3431485973243079,2040,45.858155216213554,0.0,45.858155216213554,0.0,61.59431685453763,0.0,61.59431685453763,0.0,61.59431685453763,1050.233913684924,61.59431685453763,1689.5967966762757
partial_eu,Yap hubs (8),external:yap8|-1|0|all,2024,all,1.0,bio-methanol,0.3431485973243079,2035,64.6826542304564,0.0,64.6826542304564,0.0,64.6826542304564,0.0,64.6826542304564,66.12916869266795,64.6826542304564,1114.679832033643,64.6826542304564,1723.5157010703385
partial_eu,Yap hubs (8),external:yap8|-1|0|all,2024,all,1.5,e-methanol,0.4190407674730674,2040,38.79765031173809,0.0,38.79765031173809,0.0,55.05544747452051,0.0,55.05544747452051,0.0,55.05544747452051,889.9238165582804,55.05544747452051,1605.2230613464635
partial_eu,Yap hubs (8),external:yap8|-1|0|all,2024,all,1.5,bio-methanol,0.4190407674730674,2040,58.82681438177812,0.0,58.82681438177812,0.0,58.82681438177812,0.0,58.82681438177812,0.0,58.82681438177812,986.734283103517,58.82681438177812,1656.1759384755355
partial_eu,Yap hubs (8),external:yap8|-1|0|all,2024,all,2.0,e-methanol,0.4770085888497202,2040,33.893465727030794,0.0,33.893465727030794,0.0,50.06093998470811,0.0,50.06093998470811,0.0,50.06093998470811,739.2657024539338,50.06093998470811,1525.9293170810179
partial_eu,Yap hubs (8),external:yap8|-1|0|all,2024,all,2.0,bio-methanol,0.4770085888497202,2040,54.354017284355585,0.0,54.354017284355585,0.0,54.354017284355585,0.0,54.354017284355585,0.0,54.354017284355585,870.4365168620367,54.354017284355585,1594.966587822125
partial_eu,Yap hubs (8),external:yap8|-1|0|all,2024,container,1.0,e-methanol,0.6635359186891643,2045,20.432228041414877,0.0,20.432228041414877,0.0,33.9897452457416,0.0,33.9897452457416,0.0,33.9897452457416,0.0,33.9897452457416,1112.6470150439843
partial_eu,Yap hubs (8),external:yap8|-1|0|all,2024,container,1.0,bio-methanol,0.6635359186891643,2040,39.96156851394408,0.0,39.96156851394408,0.0,39.96156851394408,0.0,39.96156851394408,0.0,39.96156851394408,319.55313338138683,39.96156851394408,1305.0279649375723
partial_eu,Yap hubs (8),external:yap8|-1|0|all,2024,container,1.5,e-methanol,0.7333827282896659,2045,16.137084830747213,0.0,16.137084830747213,0.0,27.971744130562385,0.0,27.971744130562385,0.0,27.971744130562385,0.0,27.971744130562385,835.6785263100346
partial_eu,Yap hubs (8),external:yap8|-1|0|all,2024,container,1.5,bio-methanol,0.7333827282896659,2045,34.57218868516938,0.0,34.57218868516938,0.0,34.57218868516938,0.0,34.57218868516938,0.0,34.57218868516938,0.0,34.57218868516938,1134.3352658846682
partial_eu,Yap hubs (8),external:yap8|-1|0|all,2024,container,2.0,e-methanol,0.763145354421334,2045,14.410267536562007,0.0,14.410267536562007,0.0,25.407396263057862,0.0,25.407396263057862,0.0,25.407396263057862,0.0,25.407396263057862,677.792830600985
partial_eu,Yap hubs (8),external:yap8|-1|0|all,2024,container,2.0,bio-methanol,0.763145354421334,2045,32.275704452849865,0.0,32.275704452849865,0.0,32.275704452849865,0.0,32.275704452849865,0.0,32.275704452849865,0.0,32.275704452849865,1044.280558959686
partial_eu,top-10 bunker ports,external:bunker10|-1|0|all,2024,all,1.0,e-methanol,0.4504553873457375,2040,36.09126091226213,0.0,36.09126091226213,0.0,52.34876382629125,0.0,52.34876382629125,0.0,52.34876382629125,811.8455924599039,52.34876382629125,1564.1292591894232
partial_eu,top-10 bunker ports,external:bunker10|-1|0|all,2024,all,1.0,bio-methanol,0.4504553873457375,2040,56.40286231240289,0.0,56.40286231240289,0.0,56.40286231240289,0.0,56.40286231240289,0.0,56.40286231240289,925.9982101702999,56.40286231240289,1624.209584300158
partial_eu,top-10 bunker ports,external:bunker10|-1|0|all,2024,all,1.5,e-methanol,0.5457595401125651,2040,28.55383187263862,0.0,28.55383187263862,0.0,44.137358023901385,0.0,44.137358023901385,0.0,44.137358023901385,516.3820463612951,44.137358023901385,1408.6221296638398
partial_eu,top-10 bunker ports,external:bunker10|-1|0|all,2024,all,1.5,bio-methanol,0.5457595401125651,2040,49.04919388491447,0.0,49.04919388491447,0.0,49.04919388491447,0.0,49.04919388491447,0.0,49.04919388491447,705.0094524474985,49.04919388491447,1507.899711814473
partial_eu,top-10 bunker ports,external:bunker10|-1|0|all,2024,all,2.0,e-methanol,0.6154113946443971,2040,23.60770412036973,0.0,23.60770412036973,0.0,38.136154237438745,0.0,38.136154237438745,0.0,38.136154237438745,219.97105732327756,38.136154237438745,1252.6163459596198
partial_eu,top-10 bunker ports,external:bunker10|-1|0|all,2024,all,2.0,bio-methanol,0.6154113946443971,2040,43.67485678923832,0.0,43.67485678923832,0.0,43.67485678923832,0.0,43.67485678923832,0.0,43.67485678923832,496.43520066480085,43.67485678923832,1398.1237898235795
partial_eu,top-10 bunker ports,external:bunker10|-1|0|all,2024,container,1.0,e-methanol,0.6376005123232299,2040,22.12037648109904,0.0,22.12037648109904,0.0,36.224339858230515,0.0,36.224339858230515,0.0,36.224339858230515,104.91552571080823,36.224339858230515,1192.0608030056887
partial_eu,top-10 bunker ports,external:bunker10|-1|0|all,2024,container,1.0,bio-methanol,0.6376005123232299,2040,41.96274446913958,0.0,41.96274446913958,0.0,41.96274446913958,0.0,41.96274446913958,0.0,41.96274446913958,418.7682895445116,41.96274446913958,1357.246468181322
partial_eu,top-10 bunker ports,external:bunker10|-1|0|all,2024,container,1.5,e-methanol,0.7049262478301147,2045,17.84449886068552,0.0,17.84449886068552,0.0,30.423554486957315,0.0,30.423554486957315,0.0,30.423554486957315,0.0,30.423554486957315,961.7459649969998
partial_eu,top-10 bunker ports,external:bunker10|-1|0|all,2024,container,1.5,bio-methanol,0.7049262478301147,2040,36.767890717428344,0.0,36.767890717428344,0.0,36.767890717428344,0.0,36.767890717428344,0.0,36.767890717428344,138.8444542838081,36.767890717428344,1209.9181338335834
partial_eu,top-10 bunker ports,external:bunker10|-1|0|all,2024,container,2.0,e-methanol,0.7408428698262945,2045,15.698704811016867,0.0,15.698704811016867,0.0,27.32897833576646,0.0,27.32897833576646,0.0,27.32897833576646,0.0,27.32897833576646,798.8863592923332
partial_eu,top-10 bunker ports,external:bunker10|-1|0|all,2024,container,2.0,bio-methanol,0.7408428698262945,2045,33.996564164203114,0.0,33.996564164203114,0.0,33.996564164203114,0.0,33.996564164203114,0.0,33.996564164203114,0.0,33.996564164203114,1112.9052280502517
partial_eu,top 10 by calls,volume|2024|0|all,2024,all,1.0,e-methanol,0.370363805407133,2040,43.23629556789009,0.0,43.23629556789009,0.0,59.24945452612142,0.0,59.24945452612142,0.0,59.24945452612142,996.8154362780366,59.24945452612142,1661.4818085673876
partial_eu,top 10 by calls,volume|2024|0|all,2024,all,1.0,bio-methanol,0.370363805407133,2040,62.582728774785615,0.0,62.582728774785615,0.0,62.582728774785615,0.0,62.582728774785615,0.0,62.582728774785615,1071.5516944109984,62.582728774785615,1700.8166812689467
partial_eu,top 10 by calls,volume|2024|0|all,2024,all,1.5,e-methanol,0.4682720000535864,2040,34.60781413357232,0.0,34.60781413357232,0.0,50.813684475383,0.0,50.813684475383,0.0,50.813684475383,763.8675121014563,50.813684475383,1538.8776379481349
partial_eu,top 10 by calls,volume|2024|0|all,2024,all,1.5,bio-methanol,0.4682720000535864,2040,55.02813247586528,0.0,55.02813247586528,0.0,55.02813247586528,0.0,55.02813247586528,0.0,55.02813247586528,889.1742412580809,55.02813247586528,1604.828548030569
partial_eu,top 10 by calls,volume|2024|0|all,2024,all,2.0,e-methanol,0.5376454636714519,2040,29.159170894317345,0.0,29.159170894317345,0.0,44.836466850067694,0.0,44.836466850067694,0.0,44.836466850067694,545.7522003682484,44.836466850067694,1424.0801054569731
partial_eu,top 10 by calls,volume|2024|0|all,2024,all,2.0,bio-methanol,0.5376454636714519,2040,49.67527602311077,0.0,49.67527602311077,0.0,49.67527602311077,0.0,49.67527602311077,0.0,49.67527602311077,726.3722588814369,49.67527602311077,1519.1432941481248
partial_eu,top 10 by calls,volume|2024|0|all,2024,container,1.0,e-methanol,0.5537262504153057,2040,27.965638253587453,0.0,27.965638253587453,0.0,43.450946264217265,0.0,43.450946264217265,0.0,43.450946264217265,486.62578958687135,43.450946264217265,1392.960941887827
partial_eu,top 10 by calls,volume|2024|0|all,2024,container,1.0,bio-methanol,0.5537262504153057,2040,48.43448251795501,0.0,48.43448251795501,0.0,48.43448251795501,0.0,48.43448251795501,0.0,48.43448251795501,683.49730031326,48.43448251795501,1496.5775264806634
partial_eu,top 10 by calls,volume|2024|0|all,2024,container,1.5,e-methanol,0.618887200172953,2040,23.37202915005821,0.0,23.37202915005821,0.0,37.836678833098375,0.0,37.836678833098375,0.0,37.836678833098375,202.71623821080524,37.836678833098375,1243.5348622162135
partial_eu,top 10 by calls,volume|2024|0|all,2024,container,1.5,bio-methanol,0.618887200172953,2040,43.40666363465495,0.0,43.40666363465495,0.0,43.40666363465495,0.0,43.40666363465495,0.0,43.40666363465495,484.67380262728915,43.40666363465495,1391.9335803301524
partial_eu,top 10 by calls,volume|2024|0|all,2024,container,2.0,e-methanol,0.6524652268332392,2040,21.146342742118406,0.0,21.146342742118406,0.0,34.943596056048115,0.0,34.943596056048115,0.0,34.943596056048115,20.79667282525426,34.943596056048115,1147.7877225396078
partial_eu,top 10 by calls,volume|2024|0|all,2024,container,2.0,bio-methanol,0.6524652268332392,2040,40.81578309754727,0.0,40.81578309754727,0.0,40.81578309754727,0.0,40.81578309754727,0.0,40.81578309754727,363.09384040714434,40.81578309754727,1327.9441265300761
partial_eu,10 chosen for continuity,greedy|2024|7000|all,2024,all,1.0,e-methanol,0.1775151442949395,2035,64.42829676978283,0.0,64.42829676978283,0.0,75.86529516754801,0.0,75.86529516754801,410.14469571885695,75.86529516754801,1304.1376585118342,75.86529516754801,1823.230346585176
partial_eu,10 chosen for continuity,greedy|2024|7000|all,2024,all,1.0,bio-methanol,0.1775151442949395,2035,77.46293146620246,0.0,77.46293146620246,0.0,77.46293146620246,0.0,77.46293146620246,451.18451958063133,77.46293146620246,1326.7393006386083,77.46293146620246,1835.125947704531
partial_eu,10 chosen for continuity,greedy|2024|7000|all,2024,all,1.5,e-methanol,0.2421074731779141,2035,56.597373117101796,0.0,56.597373117101796,0.0,70.30002011099091,0.0,70.30002011099091,252.61853749600425,70.30002011099091,1217.3841220992488,70.30002011099091,1777.5705905785521
partial_eu,10 chosen for continuity,greedy|2024|7000|all,2024,all,1.5,bio-methanol,0.2421074731779141,2035,72.47898736959215,0.0,72.47898736959215,0.0,72.47898736959215,0.0,72.47898736959215,317.1761985276552,72.47898736959215,1252.9376165804474,72.47898736959215,1796.2829560949726
partial_eu,10 chosen for continuity,greedy|2024|7000|all,2024,all,2.0,e-methanol,0.2917735381945379,2035,51.10864249583045,0.0,51.10864249583045,0.0,66.02079194915862,0.0,66.02079194915862,113.43306338627102,66.02079194915862,1140.7312522996851,66.02079194915862,1737.2269748945714
partial_eu,10 chosen for continuity,greedy|2024|7000|all,2024,all,2.0,bio-methanol,0.2917735381945379,2035,68.64675379290945,0.0,68.64675379290945,0.0,68.64675379290945,0.0,68.64675379290945,200.90169368514557,68.64675379290945,1188.9023820295004,68.64675379290945,1762.5802010681584
partial_eu,10 chosen for continuity,greedy|2024|7000|all,2024,container,1.0,e-methanol,0.2603588161321675,2035,54.53009374978288,0.0,54.53009374978288,0.0,68.72748440205245,0.0,68.72748440205245,203.48486033788652,68.72748440205245,1190.3249955484011,68.72748440205245,1763.3289450254745
partial_eu,10 chosen for continuity,greedy|2024|7000|all,2024,container,1.0,bio-methanol,0.2603588161321675,2035,71.07071374724195,0.0,71.07071374724195,0.0,71.07071374724195,0.0,71.07071374724195,275.9048271713982,71.07071374724195,1230.2084555436686,71.07071374724195,1784.3202397598254
partial_eu,10 chosen for continuity,greedy|2024|7000|all,2024,container,1.5,e-methanol,0.3012948101577709,2035,50.104279712682064,0.0,50.104279712682064,0.0,65.20043915680647,0.0,65.20043915680647,84.66344778843862,65.20043915680647,1124.887116173343,65.20043915680647,1728.8879558807068
partial_eu,10 chosen for continuity,greedy|2024|7000|all,2024,container,1.5,bio-methanol,0.3012948101577709,2035,67.9120924482264,0.0,67.9120924482264,0.0,67.9120924482264,0.0,67.9120924482264,177.11222614607456,67.9120924482264,1175.8009361384177,67.9120924482264,1755.6847032307462
partial_eu,10 chosen for continuity,greedy|2024|7000|all,2024,container,2.0,e-methanol,0.3242136127131002,2035,47.74588821746056,0.0,47.74588821746056,0.0,63.22575512863929,0.0,63.22575512863929,12.350225112307367,63.22575512863929,1085.0624428154736,63.22575512863929,1707.9276014818283
partial_eu,10 chosen for continuity,greedy|2024|7000|all,2024,container,2.0,bio-methanol,0.3242136127131002,2035,66.14367764305719,0.0,66.14367764305719,0.0,66.14367764305719,0.0,66.14367764305719,117.68118466806055,66.14367764305719,1143.0707973534245,66.14367764305719,1738.4583143965392
partial_eu,top 20 by calls,volume|2024|0|all,2024,all,1.0,e-methanol,0.4997002756091703,2040,32.076959000339954,0.0,32.076959000339954,0.0,48.10582425351389,0.0,48.10582425351389,0.0,48.10582425351389,671.7701798046378,48.10582425351389,1490.4053577919146
partial_eu,top 20 by calls,volume|2024|0|all,2024,all,1.0,bio-methanol,0.4997002756091703,2040,52.60312673399642,0.0,52.60312673399642,0.0,52.60312673399642,0.0,52.60312673399642,0.0,52.60312673399642,819.5251278424574,52.60312673399642,1568.1711199170832
partial_eu,top 20 by calls,volume|2024|0|all,2024,all,1.5,e-methanol,0.6019076755796665,2040,24.533021016854143,0.0,24.533021016854143,0.0,39.29963467205593,0.0,39.29963467205593,0.0,39.29963467205593,284.5116323914495,39.29963467205593,1286.5850696797104
partial_eu,top 20 by calls,volume|2024|0|all,2024,all,1.5,bio-methanol,0.6019076755796665,2040,44.71680375227293,0.0,44.71680375227293,0.0,44.71680375227293,0.0,44.71680375227293,0.0,44.71680375227293,540.7901946530751,44.71680375227293,1421.4685235016186
partial_eu,top 20 by calls,volume|2024|0|all,2024,all,2.0,e-methanol,0.6704264337292297,2045,19.992534717816223,0.0,19.992534717816223,0.0,33.39605846988957,0.0,33.39605846988957,0.0,33.39605846988957,0.0,33.39605846988957,1089.7615465773652
partial_eu,top 20 by calls,volume|2024|0|all,2024,all,2.0,bio-methanol,0.6704264337292297,2040,39.429896373452635,0.0,39.429896373452635,0.0,39.429896373452635,0.0,39.429896373452635,0.0,39.429896373452635,291.50041855105917,39.429896373452635,1290.263378184768
partial_eu,top 20 by calls,volume|2024|0|all,2024,container,1.0,e-methanol,0.7062835673365444,2045,17.761765053853857,0.0,17.761765053853857,0.0,30.30660783828333,0.0,30.30660783828333,0.0,30.30660783828333,0.0,30.30660783828333,956.1960535640558
partial_eu,top 20 by calls,volume|2024|0|all,2024,container,1.0,bio-methanol,0.7062835673365444,2040,36.66315994431223,0.0,36.66315994431223,0.0,36.66315994431223,0.0,36.66315994431223,0.0,36.66315994431223,132.3853119513318,36.66315994431223,1206.5185852375432
partial_eu,top 20 by calls,volume|2024|0|all,2024,container,1.5,e-methanol,0.761121410728244,2045,14.52584648384698,0.0,14.52584648384698,0.0,25.581779251654496,0.0,25.581779251654496,0.0,25.581779251654496,0.0,25.581779251654496,689.5325782638816
partial_eu,top 20 by calls,volume|2024|0|all,2024,container,1.5,bio-methanol,0.761121410728244,2045,32.431871948208695,0.0,32.431871948208695,0.0,32.431871948208695,0.0,32.431871948208695,0.0,32.431871948208695,0.0,32.431871948208695,1050.8086838195352
partial_eu,top 20 by calls,volume|2024|0|all,2024,container,2.0,e-methanol,0.7845767348173684,2045,13.202496742482037,0.0,13.202496742482037,0.0,23.560868528135536,0.0,23.560868528135536,0.0,23.560868528135536,0.0,23.560868528135536,542.8188885419398
partial_eu,top 20 by calls,volume|2024|0|all,2024,container,2.0,bio-methanol,0.7845767348173684,2045,30.622059141491853,0.0,30.622059141491853,0.0,30.622059141491853,0.0,30.622059141491853,0.0,30.622059141491853,0.0,30.622059141491853,971.069313209215
partial_eu,20 chosen for continuity,greedy|2024|7000|all,2024,all,1.0,e-methanol,0.5704475517150339,2040,26.750488354962688,0.0,26.750488354962688,0.0,42.010238944232675,0.0,42.010238944232675,0.0,42.010238944232675,421.0081615969127,42.010238944232675,1358.4253482089016
partial_eu,20 chosen for continuity,greedy|2024|7000|all,2024,all,1.0,bio-methanol,0.5704475517150339,2040,47.14426690966798,0.0,47.14426690966798,0.0,47.14426690966798,0.0,47.14426690966798,0.0,47.14426690966798,636.521098964194,47.14426690966798,1471.853209981155
partial_eu,20 chosen for continuity,greedy|2024|7000|all,2024,all,1.5,e-methanol,0.6755324601705336,2045,19.669044924592264,0.0,19.669044924592264,0.0,32.956123231706826,0.0,32.956123231706826,0.0,32.956123231706826,0.0,32.956123231706826,1072.2710164555424
partial_eu,20 chosen for continuity,greedy|2024|7000|all,2024,all,1.5,bio-methanol,0.6755324601705336,2040,39.03591537324163,0.0,39.03591537324163,0.0,39.03591537324163,0.0,39.03591537324163,0.0,39.03591537324163,270.21979105453636,39.03591537324163,1279.0630479234405
partial_eu,20 chosen for continuity,greedy|2024|7000|all,2024,all,2.0,e-methanol,0.741071240260407,2045,15.685344348734835,0.0,15.685344348734835,0.0,27.309301939163326,0.0,27.309301939163326,0.0,27.309301939163326,0.0,27.309301939163326,797.7327543019371
partial_eu,20 chosen for continuity,greedy|2024|7000|all,2024,all,2.0,bio-methanol,0.741071240260407,2045,33.97894310150699,0.0,33.97894310150699,0.0,33.97894310150699,0.0,33.97894310150699,0.0,33.97894310150699,0.0,33.97894310150699,1112.2377565045765
partial_eu,20 chosen for continuity,greedy|2024|7000|all,2024,container,1.0,e-methanol,0.7513630582112281,2045,15.08685408238971,0.0,15.08685408238971,0.0,26.422558904520592,0.0,26.422558904520592,0.0,26.422558904520592,0.0,26.422558904520592,743.9605468146497
partial_eu,20 chosen for continuity,greedy|2024|7000|all,2024,container,1.0,bio-methanol,0.7513630582112281,2045,33.184826428421644,0.0,33.184826428421644,0.0,33.184826428421644,0.0,33.184826428421644,0.0,33.184826428421644,0.0,33.184826428421644,1081.4214594618516
partial_eu,20 chosen for continuity,greedy|2024|7000|all,2024,container,1.5,e-methanol,0.8098307799880186,2045,11.81601077442936,0.0,11.81601077442936,0.0,21.384979996232317,0.0,21.384979996232317,0.0,21.384979996232317,0.0,21.384979996232317,353.85359220774484
partial_eu,20 chosen for continuity,greedy|2024|7000|all,2024,container,1.5,bio-methanol,0.8098307799880186,2045,28.673457016124487,0.0,28.673457016124487,0.0,28.673457016124487,0.0,28.673457016124487,0.0,28.673457016124487,0.0,28.673457016124487,873.961476797395
partial_eu,20 chosen for continuity,greedy|2024|7000|all,2024,container,2.0,e-methanol,0.8341866365713695,2045,10.515003767044595,0.0,10.515003767044595,0.0,19.286479393010804,0.0,19.286479393010804,0.0,19.286479393010804,0.0,19.286479393010804,131.21889649507796
partial_eu,20 chosen for continuity,greedy|2024|7000|all,2024,container,2.0,bio-methanol,0.8341866365713695,2045,26.79415912215313,0.0,26.79415912215313,0.0,26.79415912215313,0.0,26.79415912215313,0.0,26.79415912215313,0.0,26.79415912215313,766.9276650737538
partial_eu,20 chosen for continuity on 2019,greedy|2019|7000|all,2024,all,1.0,e-methanol,0.5737499164755946,2040,26.513556416833556,0.0,26.513556416833556,0.0,41.72570719646277,0.0,41.72570719646277,0.0,41.72570719646277,407.51321940331604,41.72570719646277,1351.3227470543773
partial_eu,20 chosen for continuity on 2019,greedy|2019|7000|all,2024,all,1.0,bio-methanol,0.5737499164755946,2040,46.889456444743125,0.0,46.889456444743125,0.0,46.889456444743125,0.0,46.889456444743125,0.0,46.889456444743125,626.9378597302813,46.889456444743125,1466.809399858043
partial_eu,20 chosen for continuity on 2019,greedy|2019|7000|all,2024,all,1.5,e-methanol,0.6805529222060633,2045,19.35289260634046,0.0,19.35289260634046,0.0,32.52356022272558,0.0,32.52356022272558,0.0,32.52356022272558,0.0,32.52356022272558,1054.6122349352986
partial_eu,20 chosen for continuity on 2019,greedy|2019|7000|all,2024,all,1.5,bio-methanol,0.6805529222060633,2040,38.64853652258015,0.0,38.64853652258015,0.0,38.64853652258015,0.0,38.64853652258015,0.0,38.64853652258015,248.87275223404092,38.64853652258015,1267.827764333706
partial_eu,20 chosen for continuity on 2019,greedy|2019|7000|all,2024,all,2.0,e-methanol,0.7467255040367501,2045,15.355664361805351,0.0,15.355664361805351,0.0,26.822130572193615,0.0,26.822130572193615,0.0,26.822130572193615,0.0,26.822130572193615,768.6307140208143
partial_eu,20 chosen for continuity on 2019,greedy|2019|7000|all,2024,all,2.0,bio-methanol,0.7467255040367501,2045,33.542660108524366,0.0,33.542660108524366,0.0,33.542660108524366,0.0,33.542660108524366,0.0,33.542660108524366,0.0,33.542660108524366,1095.4880782135747
partial_eu,20 chosen for continuity on 2019,greedy|2019|7000|all,2024,container,1.0,e-methanol,0.7551430228492356,2045,14.868803745090318,0.0,14.868803745090318,0.0,26.096877151309858,0.0,26.096877151309858,0.0,26.096877151309858,0.0,26.096877151309858,723.2936360048834
partial_eu,20 chosen for continuity on 2019,greedy|2019|7000|all,2024,container,1.0,bio-methanol,0.7551430228492356,2045,32.89316435695298,0.0,32.89316435695298,0.0,32.89316435695298,0.0,32.89316435695298,0.0,32.89316435695298,0.0,32.89316435695298,1069.7296883584675
partial_eu,20 chosen for continuity on 2019,greedy|2019|7000|all,2024,container,1.5,e-methanol,0.8190202489058037,2045,11.3210478919426,0.0,11.3210478919426,0.0,20.59321535427595,0.0,20.59321535427595,0.0,20.59321535427595,0.0,20.59321535427595,275.18368320688796
partial_eu,20 chosen for continuity on 2019,greedy|2019|7000|all,2024,container,1.5,bio-methanol,0.8190202489058037,2045,27.964397594428185,0.0,27.964397594428185,0.0,27.964397594428185,0.0,27.964397594428185,0.0,27.964397594428185,0.0,27.964397594428185,835.2675628986769
partial_eu,20 chosen for continuity on 2019,greedy|2019|7000|all,2024,container,2.0,e-methanol,0.8459639609138019,2045,9.898213353321276,0.0,9.898213353321276,0.0,18.27174512766683,0.0,18.27174512766683,0.0,18.27174512766683,0.0,18.27174512766683,5.22053617396212
partial_eu,20 chosen for continuity on 2019,greedy|2019|7000|all,2024,container,2.0,bio-methanol,0.8459639609138019,2045,25.885420775891046,0.0,25.885420775891046,0.0,25.885420775891046,0.0,25.885420775891046,0.0,25.885420775891046,0.0,25.885420775891046,709.5967270984504
partial_eu,10 chosen for dual-fuel use,dualfuel|2024|7000|all,2024,all,1.0,e-methanol,0.3979896746439891,2040,40.67927729663395,0.0,40.67927729663395,0.0,56.8692096326739,0.0,56.8692096326739,0.0,56.8692096326739,938.0855380794047,56.8692096326739,1630.5713358312657
partial_eu,10 chosen for dual-fuel use,dualfuel|2024|7000|all,2024,all,1.0,bio-methanol,0.3979896746439891,2040,60.451116704469804,0.0,60.451116704469804,0.0,60.451116704469804,0.0,60.451116704469804,0.0,60.451116704469804,1024.7082844401334,60.451116704469804,1676.1622549684912
partial_eu,10 chosen for dual-fuel use,dualfuel|2024|7000|all,2024,all,1.5,e-methanol,0.505534445538642,2040,31.618773196092107,0.0,31.618773196092107,0.0,47.6031521723906,0.0,47.6031521723906,0.0,47.6031521723906,653.5206975596199,47.6031521723906,1480.800367136642
partial_eu,10 chosen for dual-fuel use,dualfuel|2024|7000|all,2024,all,1.5,bio-methanol,0.505534445538642,2040,52.15296218223838,0.0,52.15296218223838,0.0,52.15296218223838,0.0,52.15296218223838,0.0,52.15296218223838,805.8830693165481,52.15296218223838,1560.9910891139727
partial_eu,10 chosen for dual-fuel use,dualfuel|2024|7000|all,2024,all,2.0,e-methanol,0.5797914810419835,2040,26.082661216937947,0.0,26.082661216937947,0.0,41.2051659934227,0.0,41.2051659934227,0.0,41.2051659934227,382.3423108337743,41.2051659934227,1338.0749004388288
partial_eu,10 chosen for dual-fuel use,dualfuel|2024|7000|all,2024,all,2.0,bio-methanol,0.5797914810419835,2040,46.42328932280056,0.0,46.42328932280056,0.0,46.42328932280056,0.0,46.42328932280056,0.0,46.42328932280056,609.1333636031852,46.42328932280056,1457.4386124227292
partial_eu,10 chosen for dual-fuel use,dualfuel|2024|7000|all,2024,container,1.0,e-methanol,0.580340350104146,2040,26.043678143328073,0.0,26.043678143328073,0.0,41.15787543502678,0.0,41.15787543502678,0.0,41.15787543502678,380.0240143288169,41.15787543502678,1336.854744383588
partial_eu,10 chosen for dual-fuel use,dualfuel|2024|7000|all,2024,container,1.0,bio-methanol,0.580340350104146,2040,46.380938585964095,0.0,46.380938585964095,0.0,46.380938585964095,0.0,46.380938585964095,0.0,46.380938585964095,607.498111623826,46.380938585964095,1456.5779534862243
partial_eu,10 chosen for dual-fuel use,dualfuel|2024|7000|all,2024,container,1.5,e-methanol,0.651640984612164,2040,21.199893373945326,0.0,21.199893373945326,0.0,35.01461276581595,0.0,35.01461276581595,0.0,35.01461276581595,25.6221779163627,35.01461276581595,1150.3274620612438
partial_eu,10 chosen for dual-fuel use,dualfuel|2024|7000|all,2024,container,1.5,bio-methanol,0.651640984612164,2040,40.87938162732542,0.0,40.87938162732542,0.0,40.87938162732542,0.0,40.87938162732542,0.0,40.87938162732542,366.2627786808969,40.87938162732542,1329.6119887794196
partial_eu,10 chosen for dual-fuel use,dualfuel|2024|7000|all,2024,container,2.0,e-methanol,0.6880498162032135,2045,18.884293301029917,0.0,18.884293301029917,0.0,31.877627835931126,0.0,31.877627835931126,0.0,31.877627835931126,0.0,31.877627835931126,1027.3508108818826
partial_eu,10 chosen for dual-fuel use,dualfuel|2024|7000|all,2024,container,2.0,bio-methanol,0.6880498162032135,2040,38.070076181760044,0.0,38.070076181760044,0.0,38.070076181760044,0.0,38.070076181760044,0.0,38.070076181760044,216.18719114009437,38.070076181760044,1250.6248374421552
partial_eu,20 chosen for dual-fuel use,dualfuel|2024|7000|all,2024,all,1.0,e-methanol,0.6226337763547173,2040,23.11912544650297,0.0,23.11912544650297,0.0,37.51387382927756,0.0,37.51387382927756,0.0,37.51387382927756,183.80872158515035,37.51387382927756,1233.5835376763953
partial_eu,20 chosen for dual-fuel use,dualfuel|2024|7000|all,2024,all,1.0,bio-methanol,0.6226337763547173,2040,43.11757781647001,0.0,43.11757781647001,0.0,43.11757781647001,0.0,43.11757781647001,0.0,43.11757781647001,471.83231966608633,43.11757781647001,1385.1749050874141
partial_eu,20 chosen for dual-fuel use,dualfuel|2024|7000|all,2024,all,1.5,e-methanol,0.7282257385661898,2045,16.44233720805031,0.0,16.44233720805031,0.0,28.416070365137088,0.0,28.416070365137088,0.0,28.416070365137088,0.0,28.416070365137088,860.138948216991
partial_eu,20 chosen for dual-fuel use,dualfuel|2024|7000|all,2024,all,1.5,bio-methanol,0.7282257385661898,2040,34.97010201223279,0.0,34.97010201223279,0.0,34.97010201223279,0.0,34.97010201223279,0.0,34.97010201223279,22.60001498086126,34.97010201223279,1148.7368499899271
partial_eu,20 chosen for dual-fuel use,dualfuel|2024|7000|all,2024,all,2.0,e-methanol,0.7881260885066375,2045,13.005266442753873,0.0,13.005266442753873,0.0,23.255056214268116,0.0,23.255056214268116,0.0,23.255056214268116,0.0,23.255056214268116,518.3962921081632
partial_eu,20 chosen for dual-fuel use,dualfuel|2024|7000|all,2024,all,2.0,bio-methanol,0.7881260885066375,2045,30.348191010827854,0.0,30.348191010827854,0.0,30.348191010827854,0.0,30.348191010827854,0.0,30.348191010827854,0.0,30.348191010827854,958.1743575955445
partial_eu,20 chosen for dual-fuel use,dualfuel|2024|7000|all,2024,container,1.0,e-methanol,0.8142590741311587,2045,11.576868195033184,0.0,11.576868195033184,0.0,21.003438172859365,0.0,21.003438172859365,0.0,21.003438172859365,0.0,21.003438172859365,316.68394289166866
partial_eu,20 chosen for dual-fuel use,dualfuel|2024|7000|all,2024,container,1.0,bio-methanol,0.8142590741311587,2045,28.331769840039794,0.0,28.331769840039794,0.0,28.331769840039794,0.0,28.331769840039794,0.0,28.331769840039794,0.0,28.331769840039794,855.5571273150462
partial_eu,20 chosen for dual-fuel use,dualfuel|2024|7000|all,2024,container,1.5,e-methanol,0.8690209019384645,2050,8.71320329916678,0.0,8.71320329916678,0.0,16.2851590889819,0.0,16.2851590889819,0.0,16.2851590889819,0.0,16.2851590889819,0.0
partial_eu,20 chosen for dual-fuel use,dualfuel|2024|7000|all,2024,container,1.5,bio-methanol,0.8690209019384645,2045,24.10634720642808,0.0,24.10634720642808,0.0,24.10634720642808,0.0,24.10634720642808,0.0,24.10634720642808,0.0,24.10634720642808,584.8432022777796
partial_eu,20 chosen for dual-fuel use,dualfuel|2024|7000|all,2024,container,2.0,e-methanol,0.891816359924635,2050,7.570027795649235,0.0,7.570027795649235,0.0,14.321102428893443,0.0,14.321102428893443,0.0,14.321102428893443,0.0,14.321102428893443,0.0
partial_eu,20 chosen for dual-fuel use,dualfuel|2024|7000|all,2024,container,2.0,bio-methanol,0.891816359924635,2045,22.34744966821516,0.0,22.34744966821516,0.0,22.34744966821516,0.0,22.34744966821516,0.0,22.34744966821516,0.0,22.34744966821516,441.97791472217034
partial_eu,20 chosen for dual-fuel use on 2019,dualfuel|2019|7000|all,2024,all,1.0,e-methanol,0.629544535749474,2040,22.655681995733534,0.0,22.655681995733534,0.0,36.91844279982532,0.0,36.91844279982532,0.0,36.91844279982532,148.06536530318235,36.91844279982532,1214.771244896412
partial_eu,20 chosen for dual-fuel use on 2019,dualfuel|2019|7000|all,2024,all,1.0,bio-methanol,0.629544535749474,2040,42.58434362157058,0.0,42.58434362157058,0.0,42.58434362157058,0.0,42.58434362157058,0.0,42.58434362157058,447.6881189290541,42.58434362157058,1372.4674310152916
partial_eu,20 chosen for dual-fuel use on 2019,dualfuel|2019|7000|all,2024,all,1.5,e-methanol,0.7308443592574203,2045,16.28710857542104,0.0,16.28710857542104,0.0,28.190450006380665,0.0,28.190450006380665,0.0,28.190450006380665,0.0,28.190450006380665,847.8147745035636
partial_eu,20 chosen for dual-fuel use on 2019,dualfuel|2019|7000|all,2024,all,1.5,bio-methanol,0.7308443592574203,2040,34.76804923969745,0.0,34.76804923969745,0.0,34.76804923969745,0.0,34.76804923969745,0.0,34.76804923969745,8.78387433152783,34.76804923969745,1141.4651970165937
partial_eu,20 chosen for dual-fuel use on 2019,dualfuel|2019|7000|all,2024,all,2.0,e-methanol,0.7896200959263356,2045,12.922481473933363,0.0,12.922481473933363,0.0,23.12633253498692,0.0,23.12633253498692,0.0,23.12633253498692,0.0,23.12633253498692,507.9230814569475
partial_eu,20 chosen for dual-fuel use on 2019,dualfuel|2019|7000|all,2024,all,2.0,bio-methanol,0.7896200959263356,2045,30.23291339832394,0.0,30.23291339832394,0.0,30.23291339832394,0.0,30.23291339832394,0.0,30.23291339832394,0.0,30.23291339832394,952.676699612225
partial_eu,20 chosen for dual-fuel use on 2019,dualfuel|2019|7000|all,2024,container,1.0,e-methanol,0.7977345392890357,2045,12.475252382771785,0.0,12.475252382771785,0.0,22.427192094856682,0.0,22.427192094856682,0.0,22.427192094856682,0.0,22.427192094856682,448.9398844523693
partial_eu,20 chosen for dual-fuel use on 2019,dualfuel|2019|7000|all,2024,container,1.0,bio-methanol,0.7977345392890357,2045,29.606802948458004,0.0,29.606802948458004,0.0,29.606802948458004,0.0,29.606802948458004,0.0,29.606802948458004,0.0,29.606802948458004,922.0694015434399
partial_eu,20 chosen for dual-fuel use on 2019,dualfuel|2019|7000|all,2024,container,1.5,e-methanol,0.8577945123509245,2050,9.286508653754424,0.0,9.286508653754424,0.0,17.252424815844343,0.0,17.252424815844343,0.0,17.252424815844343,0.0,17.252424815844343,0.0
partial_eu,20 chosen for dual-fuel use on 2019,dualfuel|2019|7000|all,2024,container,1.5,bio-methanol,0.8577945123509245,2045,24.972575427002663,0.0,24.972575427002663,0.0,24.972575427002663,0.0,24.972575427002663,0.0,24.972575427002663,0.0,24.972575427002663,647.8058729703112
partial_eu,20 chosen for dual-fuel use on 2019,dualfuel|2019|7000|all,2024,container,2.0,e-methanol,0.8840867317578942,2050,7.954563311295417,0.0,7.954563311295417,0.0,14.987087191739835,0.0,14.987087191739835,0.0,14.987087191739835,0.0,14.987087191739835,0.0
partial_eu,20 chosen for dual-fuel use on 2019,dualfuel|2019|7000|all,2024,container,2.0,bio-methanol,0.8840867317578942,2045,22.943867777560882,0.0,22.943867777560882,0.0,22.943867777560882,0.0,22.943867777560882,0.0,22.943867777560882,0.0,22.943867777560882,492.8760388519076
partial_eu,top 20 by calls on 2019,volume|2019|0|all,2024,all,1.0,e-methanol,0.4911617107633976,2040,32.75399753633785,0.0,32.75399753633785,0.0,48.841507000625654,0.0,48.841507000625654,0.0,48.841507000625654,697.8019085501394,48.841507000625654,1504.1062676579684
partial_eu,top 20 by calls on 2019,volume|2019|0|all,2024,all,1.0,bio-methanol,0.4911617107633976,2040,53.261962397496234,0.0,53.261962397496234,0.0,53.261962397496234,0.0,53.261962397496234,0.0,53.261962397496234,839.0751625045609,53.261962397496234,1578.460611844506
partial_eu,top 20 by calls on 2019,volume|2019|0|all,2024,all,1.5,e-methanol,0.5949818492598347,2040,25.013678924488644,0.0,25.013678924488644,0.0,39.89636386777265,0.0,39.89636386777265,0.0,39.89636386777265,316.15295379945974,39.89636386777265,1303.2383967365581
partial_eu,top 20 by calls on 2019,volume|2019|0|all,2024,all,1.5,bio-methanol,0.5949818492598347,2040,45.25120051111116,0.0,45.25120051111116,0.0,45.25120051111116,0.0,45.25120051111116,0.0,45.25120051111116,562.7466440456981,45.25120051111116,1433.0245494977362
partial_eu,top 20 by calls on 2019,volume|2019|0|all,2024,all,2.0,e-methanol,0.6633841287731551,2045,20.44195497403481,0.0,20.44195497403481,0.0,34.00282346490496,0.0,34.00282346490496,0.0,34.00282346490496,0.0,34.00282346490496,1113.142158763306
partial_eu,top 20 by calls on 2019,volume|2019|0|all,2024,all,2.0,bio-methanol,0.6633841287731551,2040,39.973280623863346,0.0,39.973280623863346,0.0,39.973280623863346,0.0,39.973280623863346,0.0,39.973280623863346,320.1627011227065,39.973280623863346,1305.3487900645825
partial_eu,top 20 by calls on 2019,volume|2019|0|all,2024,container,1.0,e-methanol,0.6838735573643144,2045,19.144818894804896,0.0,19.144818894804896,0.0,32.237454297490665,0.0,32.237454297490665,0.0,32.237454297490665,0.0,32.237454297490665,1042.6719803552855
partial_eu,top 20 by calls on 2019,volume|2019|0|all,2024,container,1.0,bio-methanol,0.6838735573643144,2040,38.3923163137695,0.0,38.3923163137695,0.0,38.3923163137695,0.0,38.3923163137695,0.0,38.3923163137695,234.51669546225392,38.3923163137695,1260.2719449801339
partial_eu,top 20 by calls on 2019,volume|2019|0|all,2024,container,1.5,e-methanol,0.7377427715084938,2045,15.880418701366638,0.0,15.880418701366638,0.0,27.59608280682818,0.0,27.59608280682818,0.0,27.59608280682818,0.0,27.59608280682818,814.3836534229735
partial_eu,top 20 by calls on 2019,volume|2019|0|all,2024,container,1.5,bio-methanol,0.7377427715084938,2045,34.23576775040462,0.0,34.23576775040462,0.0,34.23576775040462,0.0,34.23576775040462,0.0,34.23576775040462,0.0,34.23576775040462,1121.898094442972
partial_eu,top 20 by calls on 2019,volume|2019|0|all,2024,container,2.0,e-methanol,0.7616087021786816,2045,14.497995036410911,0.0,14.497995036410911,0.0,25.539794220284794,0.0,25.539794220284794,0.0,25.539794220284794,0.0,25.539794220284794,686.720729909152
partial_eu,top 20 by calls on 2019,volume|2019|0|all,2024,container,2.0,bio-methanol,0.7616087021786816,2045,32.394272539892924,0.0,32.394272539892924,0.0,32.394272539892924,0.0,32.394272539892924,0.0,32.394272539892924,0.0,32.394272539892924,1049.2427034404204
partial_eea,all nodes,all|-1|0|all,2024,all,1.0,e-methanol,0.962798461981924,2050,4.180400929880592,0.0,4.180400929880592,0.0,8.20528451563743,0.0,8.20528451563743,0.0,8.20528451563743,0.0,8.20528451563743,0.0
partial_eea,all nodes,all|-1|0|all,2024,all,1.0,bio-methanol,0.962798461981924,2050,16.870470673474745,0.0,16.870470673474745,0.0,16.870470673474745,0.0,16.870470673474745,0.0,16.870470673474745,0.0,16.870470673474745,0.0
partial_eea,all nodes,all|-1|0|all,2024,all,1.5,e-methanol,0.9747897802130748,2050,3.63183595980916,0.0,3.63183595980916,0.0,7.172112536841473,0.0,7.172112536841473,0.0,7.172112536841473,0.0,7.172112536841473,0.0
partial_eea,all nodes,all|-1|0|all,2024,all,1.5,bio-methanol,0.9747897802130748,2050,15.945220558759146,0.0,15.945220558759146,0.0,15.945220558759146,0.0,15.945220558759146,0.0,15.945220558759146,0.0,15.945220558759146,0.0
partial_eea,all nodes,all|-1|0|all,2024,all,2.0,e-methanol,0.9808032106829312,2050,3.3592410046955234,0.0,3.3592410046955234,0.0,6.6539953675586485,0.0,6.6539953675586485,0.0,6.6539953675586485,0.0,6.6539953675586485,0.0
partial_eea,all nodes,all|-1|0|all,2024,all,2.0,bio-methanol,0.9808032106829312,2050,15.481224263705029,0.0,15.481224263705029,0.0,15.481224263705029,0.0,15.481224263705029,0.0,15.481224263705029,0.0,15.481224263705029,0.0
partial_eea,all nodes,all|-1|0|all,2024,container,1.0,e-methanol,0.9986126633504144,2050,2.561543324330819,0.0,2.561543324330819,0.0,5.119532925728293,0.0,5.119532925728293,0.0,5.119532925728293,0.0,5.119532925728293,0.0
partial_eea,all nodes,all|-1|0|all,2024,container,1.0,bio-methanol,0.9986126633504144,2050,14.107046895882023,0.0,14.107046895882023,0.0,14.107046895882023,0.0,14.107046895882023,0.0,14.107046895882023,0.0,14.107046895882023,0.0
partial_eea,all nodes,all|-1|0|all,2024,container,1.5,e-methanol,0.9997813801112244,2050,2.509692479153779,0.0,2.509692479153779,0.0,5.018836289616904,0.0,5.018836289616904,0.0,5.018836289616904,0.0,5.018836289616904,0.0
partial_eea,all nodes,all|-1|0|all,2024,container,1.5,bio-methanol,0.9997813801112244,2050,14.016868710617924,0.0,14.016868710617924,0.0,14.016868710617924,0.0,14.016868710617924,0.0,14.016868710617924,0.0,14.016868710617924,0.0
partial_eea,all nodes,all|-1|0|all,2024,container,2.0,e-methanol,0.9999458203645286,2050,2.5024018483060795,0.0,2.5024018483060795,0.0,5.004668117392215,0.0,5.004668117392215,0.0,5.004668117392215,0.0,5.004668117392215,0.0
partial_eea,all nodes,all|-1|0|all,2024,container,2.0,bio-methanol,0.9999458203645286,2050,14.004180500672971,0.0,14.004180500672971,0.0,14.004180500672971,0.0,14.004180500672971,0.0,14.004180500672971,0.0,14.004180500672971,0.0
partial_eea,Yap hubs (4),external:yap4|-1|0|all,2024,all,1.0,e-methanol,0.2661783844974824,2035,53.88345846606307,0.0,53.88345846606307,0.0,68.22607039169692,0.0,68.22607039169692,187.34200675330328,68.22607039169692,1181.4347283568916,68.22607039169692,1758.649857029943
partial_eea,Yap hubs (4),external:yap4|-1|0|all,2024,all,1.0,bio-methanol,0.2661783844974824,2035,70.62167585217426,0.0,70.62167585217426,0.0,70.62167585217426,0.0,70.62167585217426,262.39906971349126,70.62167585217426,1222.770502161053,70.62167585217426,1780.4055274531859
partial_eea,Yap hubs (4),external:yap4|-1|0|all,2024,all,1.5,e-methanol,0.3327452133004002,2040,46.88868644839181,0.0,46.88868644839181,0.0,62.49067242203752,0.0,62.49067242203752,0.0,62.49067242203752,1069.5947286577577,62.49067242203752,1699.786699293557
partial_eea,Yap hubs (4),external:yap4|-1|0|all,2024,all,1.5,bio-methanol,0.3327452133004002,2035,65.48537934174112,0.0,65.48537934174112,0.0,65.48537934174112,0.0,65.48537934174112,94.73794734856567,65.48537934174112,1130.435391293413,65.48537934174112,1731.8081006807436
partial_eea,Yap hubs (4),external:yap4|-1|0|all,2024,all,2.0,e-methanol,0.385066160317127,2040,41.86276532364384,0.0,41.86276532364384,0.0,57.982699627076336,0.0,57.982699627076336,0.0,57.982699627076336,966.1598970949456,57.982699627076336,1645.347314260498
partial_eea,Yap hubs (4),external:yap4|-1|0|all,2024,all,2.0,bio-methanol,0.385066160317127,2040,61.448295069930474,0.0,61.448295069930474,0.0,61.448295069930474,0.0,61.448295069930474,0.0,61.448295069930474,1047.0264161863904,61.448295069930474,1687.9086400981005
partial_eea,Yap hubs (4),external:yap4|-1|0|all,2024,container,1.0,e-methanol,0.4874650357103865,2040,33.04952475720894,0.0,33.04952475720894,0.0,49.160012523193096,0.0,49.160012523193096,0.0,49.160012523193096,708.830373857685,49.160012523193096,1509.910723082992
partial_eea,Yap hubs (4),external:yap4|-1|0|all,2024,container,1.0,bio-methanol,0.4874650357103865,2040,53.54719784458658,0.0,53.54719784458658,0.0,53.54719784458658,0.0,53.54719784458658,0.0,53.54719784458658,847.3899037388203,53.54719784458658,1582.8367914414846
partial_eea,Yap hubs (4),external:yap4|-1|0|all,2024,container,1.5,e-methanol,0.557133577694684,2040,27.715907976064553,0.0,27.715907976064553,0.0,43.157370945826024,0.0,43.157370945826024,0.0,43.157370945826024,473.6101811122786,43.157370945826024,1386.1106216380415
partial_eea,Yap hubs (4),external:yap4|-1|0|all,2024,container,1.5,bio-methanol,0.557133577694684,2040,48.17157314507818,0.0,48.17157314507818,0.0,48.17157314507818,0.0,48.17157314507818,0.0,48.17157314507818,674.1290231561717,48.17157314507818,1491.6468542927223
partial_eea,Yap hubs (4),external:yap4|-1|0|all,2024,container,2.0,e-methanol,0.5913934486870249,2040,25.264362181644902,0.0,25.264362181644902,0.0,40.20554046112593,0.0,40.20554046112593,0.0,40.20554046112593,332.17752960230246,40.20554046112593,1311.672384001212
partial_eea,Yap hubs (4),external:yap4|-1|0|all,2024,container,2.0,bio-methanol,0.5913934486870249,2040,45.52808149930915,0.0,45.52808149930915,0.0,45.52808149930915,0.0,45.52808149930915,0.0,45.52808149930915,573.9199794469367,45.52808149930915,1438.9052523404932
partial_eea,Yap hubs (8),external:yap8|-1|0|all,2024,all,1.0,e-methanol,0.338254298921596,2040,46.34097544456953,0.0,46.34097544456953,0.0,62.01600960491529,0.0,62.01600960491529,0.0,62.01600960491529,1059.4119723335016,62.01600960491529,1694.4273538597377
partial_eea,Yap hubs (8),external:yap8|-1|0|all,2024,all,1.0,bio-methanol,0.338254298921596,2035,65.06029829520965,0.0,65.06029829520965,0.0,65.06029829520965,0.0,65.06029829520965,79.67617801231101,65.06029829520965,1122.140503832867,65.06029829520965,1727.4423704383512
partial_eea,Yap hubs (8),external:yap8|-1|0|all,2024,all,1.5,e-methanol,0.4135148879288891,2040,39.286149534238646,0.0,39.286149534238646,0.0,55.53155725604692,0.0,55.53155725604692,0.0,55.53155725604692,902.8707259790202,55.53155725604692,1612.0372241994844
partial_eea,Yap hubs (8),external:yap8|-1|0|all,2024,all,1.5,bio-methanol,0.4135148879288891,2040,59.253191247406924,0.0,59.253191247406924,0.0,59.253191247406924,0.0,59.253191247406924,0.0,59.253191247406924,996.9039261891512,59.253191247406924,1661.5283822048168
partial_eea,Yap hubs (8),external:yap8|-1|0|all,2024,all,2.0,e-methanol,0.4714074414763154,2040,34.350468413893935,0.0,34.350468413893935,0.0,50.54353484240066,0.0,50.54353484240066,0.0,50.54353484240066,755.1225639593355,50.54353484240066,1534.275033662808
partial_eea,Yap hubs (8),external:yap8|-1|0|all,2024,all,2.0,bio-methanol,0.4714074414763154,2040,54.786201815687505,0.0,54.786201815687505,0.0,54.786201815687505,0.0,54.786201815687505,0.0,54.786201815687505,882.5025783007603,54.786201815687505,1601.3171464740844
partial_eea,Yap hubs (8),external:yap8|-1|0|all,2024,container,1.0,e-methanol,0.6534579139978645,2040,21.08191919179929,0.0,21.08191919179929,0.0,34.858066129944,0.0,34.858066129944,0.0,34.858066129944,14.958911085938631,34.858066129944,1144.7152163610206
partial_eea,Yap hubs (8),external:yap8|-1|0|all,2024,container,1.0,bio-methanol,0.6534579139978645,2040,40.73918735592478,0.0,40.73918735592478,0.0,40.73918735592478,0.0,40.73918735592478,0.0,40.73918735592478,359.2641533653692,40.73918735592478,1325.928501771247
partial_eea,Yap hubs (8),external:yap8|-1|0|all,2024,container,1.5,e-methanol,0.7222880420943888,2045,16.796065226098865,0.0,16.796065226098865,0.0,28.92766229314746,0.0,28.92766229314746,0.0,28.92766229314746,0.0,28.92766229314746,887.3717220362691
partial_eea,Yap hubs (8),external:yap8|-1|0|all,2024,container,1.5,bio-methanol,0.7222880420943888,2040,35.42825467199696,0.0,35.42825467199696,0.0,35.42825467199696,0.0,35.42825467199696,0.0,35.42825467199696,53.344180521726514,35.42825467199696,1164.9179897482775
partial_eea,Yap hubs (8),external:yap8|-1|0|all,2024,container,2.0,e-methanol,0.7517730963062043,2045,15.063155198522947,0.0,15.063155198522947,0.0,26.38723002225744,0.0,26.38723002225744,0.0,26.38723002225744,0.0,26.38723002225744,741.7433370955786
partial_eea,Yap hubs (8),external:yap8|-1|0|all,2024,container,2.0,bio-methanol,0.7517730963062043,2045,33.15318788901328,0.0,33.15318788901328,0.0,33.15318788901328,0.0,33.15318788901328,0.0,33.15318788901328,0.0,33.15318788901328,1080.163121975348
partial_eea,top-10 bunker ports,external:bunker10|-1|0|all,2024,all,1.0,e-methanol,0.4506474949486593,2040,36.0750713163956,0.0,36.0750713163956,0.0,52.33221183522351,0.0,52.33221183522351,0.0,52.33221183522351,811.3432800858241,52.33221183522351,1563.864884255697
partial_eea,top-10 bunker ports,external:bunker10|-1|0|all,2024,all,1.0,bio-methanol,0.4506474949486593,2040,56.388039289761444,0.0,56.388039289761444,0.0,56.388039289761444,0.0,56.388039289761444,0.0,56.388039289761444,925.6107315102973,56.388039289761444,1624.0056481633144
partial_eea,top-10 bunker ports,external:bunker10|-1|0|all,2024,all,1.5,e-methanol,0.5454096195629827,2040,28.5798060393485,0.0,28.5798060393485,0.0,44.167507178453405,0.0,44.167507178453405,0.0,44.167507178453405,517.6678216388485,44.167507178453405,1409.298853494131
partial_eea,top-10 bunker ports,external:bunker10|-1|0|all,2024,all,1.5,bio-methanol,0.5454096195629827,2040,49.07619375452025,0.0,49.07619375452025,0.0,49.07619375452025,0.0,49.07619375452025,0.0,49.07619375452025,705.9419722756629,49.07619375452025,1508.3905117240333
partial_eea,top-10 bunker ports,external:bunker10|-1|0|all,2024,all,2.0,e-methanol,0.614526569168848,2040,23.667861235683258,0.0,23.667861235683258,0.0,38.21239080041206,0.0,38.21239080041206,0.0,38.21239080041206,224.3203772765903,38.21239080041206,1254.9054617245217
partial_eea,top-10 bunker ports,external:bunker10|-1|0|all,2024,all,2.0,bio-methanol,0.614526569168848,2040,43.74312992293169,0.0,43.74312992293169,0.0,43.74312992293169,0.0,43.74312992293169,0.0,43.74312992293169,499.4062348424646,43.74312992293169,1399.6874920223502
partial_eea,top-10 bunker ports,external:bunker10|-1|0|all,2024,container,1.0,e-methanol,0.6364710250154372,2040,22.195111266529942,0.0,22.195111266529942,0.0,36.32165648466993,0.0,36.32165648466993,0.0,36.32165648466993,111.06474631492817,36.32165648466993,1195.297234902594
partial_eea,top-10 bunker ports,external:bunker10|-1|0|all,2024,container,1.0,bio-methanol,0.6364710250154372,2040,42.049895709808865,0.0,42.049895709808865,0.0,42.049895709808865,0.0,42.049895709808865,0.0,42.049895709808865,422.874525688618,42.049895709808865,1359.407645099273
partial_eea,top-10 bunker ports,external:bunker10|-1|0|all,2024,container,1.5,e-methanol,0.7030839385881374,2045,17.95700561688046,0.0,17.95700561688046,0.0,30.582287851246075,0.0,30.582287851246075,0.0,30.582287851246075,0.0,30.582287851246075,969.2110344119621
partial_eea,top-10 bunker ports,external:bunker10|-1|0|all,2024,container,1.5,bio-methanol,0.7030839385881374,2040,36.910043298539314,0.0,36.910043298539314,0.0,36.910043298539314,0.0,36.910043298539314,0.0,36.910043298539314,147.55289969301896,36.910043298539314,1214.5015261542208
partial_eea,top-10 bunker ports,external:bunker10|-1|0|all,2024,container,2.0,e-methanol,0.7386965288013331,2045,15.824444704818832,0.0,15.824444704818832,0.0,27.51390707847714,0.0,27.51390707847714,0.0,27.51390707847714,0.0,27.51390707847714,809.6478964185745
partial_eea,top-10 bunker ports,external:bunker10|-1|0|all,2024,container,2.0,bio-methanol,0.7386965288013331,2045,34.162175837689134,0.0,34.162175837689134,0.0,34.162175837689134,0.0,34.162175837689134,0.0,34.162175837689134,0.0,34.162175837689134,1119.1448165393003
partial_eea,top 10 by calls,volume|2024|0|all,2024,all,1.0,e-methanol,0.3656278325383729,2040,43.68503960380251,0.0,43.68503960380251,0.0,59.65750594849379,0.0,59.65750594849379,0.0,59.65750594849379,1006.4130794911478,59.65750594849379,1666.533199732183
partial_eea,top 10 by calls,volume|2024|0|all,2024,all,1.0,bio-methanol,0.3656278325383729,2035,62.94815644133915,0.0,62.94815644133915,0.0,62.94815644133915,0.0,62.94815644133915,1.8207913574211254,62.94815644133915,1079.2636242258259,62.94815644133915,1704.8755916978034
partial_eea,top 10 by calls,volume|2024|0|all,2024,all,1.5,e-methanol,0.4630098954243827,2040,35.042187732683715,0.0,35.042187732683715,0.0,51.267067410235185,0.0,51.267067410235185,0.0,51.267067410235185,778.336733506977,51.267067410235185,1546.493017635251
partial_eea,top 10 by calls,volume|2024|0|all,2024,all,1.5,bio-methanol,0.4630098954243827,2040,55.434156469054635,0.0,55.434156469054635,0.0,55.434156469054635,0.0,55.434156469054635,0.0,55.434156469054635,900.2401895226706,55.434156469054635,1610.6527313277218
partial_eea,top 10 by calls,volume|2024|0|all,2024,all,2.0,e-methanol,0.5322163126901851,2040,29.567784994450843,0.0,29.567784994450843,0.0,45.304242498613654,0.0,45.304242498613654,0.0,45.304242498613654,564.8976913686598,45.304242498613654,1434.156679667716
partial_eea,top 10 by calls,volume|2024|0|all,2024,all,2.0,bio-methanol,0.5322163126901851,2040,50.09418931282532,0.0,50.09418931282532,0.0,50.09418931282532,0.0,50.09418931282532,0.0,50.09418931282532,740.3679919675895,50.09418931282532,1526.5094694566262
partial_eea,top 10 by calls,volume|2024|0|all,2024,container,1.0,e-methanol,0.545517015334998,2040,28.571832933955157,0.0,28.571832933955157,0.0,44.15825395873657,0.0,44.15825395873657,0.0,44.15825395873657,517.2733850009616,44.15825395873657,1409.0912552636642
partial_eea,top 10 by calls,volume|2024|0|all,2024,container,1.0,bio-methanol,0.545517015334998,2040,49.067907096751554,0.0,49.067907096751554,0.0,49.067907096751554,0.0,49.067907096751554,0.0,49.067907096751554,705.6558773523889,49.067907096751554,1508.2399354486258
partial_eea,top 10 by calls,volume|2024|0|all,2024,container,1.5,e-methanol,0.6097410287751651,2040,23.994364478689416,0.0,23.994364478689416,0.0,38.62471296073178,0.0,38.62471296073178,0.0,38.62471296073178,247.54594592008888,38.62471296073178,1267.1294452210998
partial_eea,top 10 by calls,volume|2024|0|all,2024,container,1.5,bio-methanol,0.6097410287751651,2040,44.11238221970826,0.0,44.11238221970826,0.0,44.11238221970826,0.0,44.11238221970826,0.0,44.11238221970826,515.3155686328782,44.11238221970826,1408.060825596252
partial_eea,top 10 by calls,volume|2024|0|all,2024,container,2.0,e-methanol,0.6429533076416962,2040,21.767595492367374,0.0,21.767595492367374,0.0,35.76314301359145,0.0,35.76314301359145,0.0,35.76314301359145,75.31841459224663,35.76314301359145,1176.4833761011828
partial_eea,top 10 by calls,volume|2024|0|all,2024,container,2.0,bio-methanol,0.6429533076416962,2040,41.54972278236672,0.0,41.54972278236672,0.0,41.54972278236672,0.0,41.54972278236672,0.0,41.54972278236672,399.0740146337899,41.54972278236672,1346.8810603335737
partial_eea,10 chosen for continuity,greedy|2024|7000|all,2024,all,1.0,e-methanol,0.1734864787795081,2035,64.94527748425595,0.0,64.94527748425595,0.0,76.21240498835759,0.0,76.21240498835759,419.2075027279197,76.21240498835759,1309.1287696182744,76.21240498835759,1825.8572471675132
partial_eea,10 chosen for continuity,greedy|2024|7000|all,2024,all,1.0,bio-methanol,0.1734864787795081,2035,77.77378329737316,0.0,77.77378329737316,0.0,77.77378329737316,0.0,77.77378329737316,458.97368496539696,77.77378329737316,1331.028985922972,77.77378329737316,1837.3836768015642
partial_eea,10 chosen for continuity,greedy|2024|7000|all,2024,all,1.5,e-methanol,0.2372700582889205,2035,57.15551855802948,0.0,57.15551855802948,0.0,70.7168117778266,0.0,70.7168117778266,265.27480234432625,70.7168117778266,1224.3542389722377,70.7168117778266,1781.239073143283
partial_eea,10 chosen for continuity,greedy|2024|7000|all,2024,all,1.5,bio-methanol,0.2372700582889205,2035,72.8522423024269,0.0,72.8522423024269,0.0,72.8522423024269,0.0,72.8522423024269,327.84744533565214,72.8522423024269,1258.814535112388,72.8522423024269,1799.3760711117834
partial_eea,10 chosen for continuity,greedy|2024|7000|all,2024,all,2.0,e-methanol,0.2865501225867601,2035,51.665955543401076,0.0,51.665955543401076,0.0,66.47084143792475,0.0,66.47084143792475,128.91456262099263,66.47084143792475,1149.2572953564886,66.47084143792475,1741.7143659770993
partial_eea,10 chosen for continuity,greedy|2024|7000|all,2024,all,2.0,bio-methanol,0.2865501225867601,2035,69.04979254120559,0.0,69.04979254120559,0.0,69.04979254120559,0.0,69.04979254120559,213.7376747379257,69.04979254120559,1195.9714730440746,69.04979254120559,1766.3007752863552
partial_eea,10 chosen for continuity,greedy|2024|7000|all,2024,container,1.0,e-methanol,0.2559279618076808,2035,55.02644173251781,0.0,55.02644173251781,0.0,69.1092468106502,0.0,69.1092468106502,215.6185030693191,69.1092468106502,1197.0072915454218,69.1092468106502,1766.8459429186432
partial_eea,10 chosen for continuity,greedy|2024|7000|all,2024,container,1.0,bio-methanol,0.2559279618076808,2035,71.41259846691933,0.0,71.41259846691933,0.0,71.41259846691933,0.0,71.41259846691933,286.073840739319,71.41259846691933,1235.8087818564366,71.41259846691933,1787.2677799244404
partial_eea,10 chosen for continuity,greedy|2024|7000|all,2024,container,1.5,e-methanol,0.2961672963967033,2035,50.643328160603176,0.0,50.643328160603176,0.0,65.64222574246004,0.0,65.64222574246004,100.24617092847396,65.64222574246004,1133.4689057287246,65.64222574246004,1733.4046872256445
partial_eea,10 chosen for continuity,greedy|2024|7000|all,2024,container,1.5,bio-methanol,0.2961672963967033,2035,68.30773141003037,0.0,68.30773141003037,0.0,68.30773141003037,0.0,68.30773141003037,189.987211054813,68.30773141003037,1182.8915075374332,68.30773141003037,1759.4165829144385
partial_eea,10 chosen for continuity,greedy|2024|7000|all,2024,container,2.0,e-methanol,0.3186960607850023,2035,48.30616341179009,0.0,48.30616341179009,0.0,63.70114740276421,0.0,63.70114740276421,30.168903465477026,63.70114740276421,1094.87562799548,63.70114740276421,1713.0924357870947
partial_eea,10 chosen for continuity,greedy|2024|7000|all,2024,container,2.0,bio-methanol,0.3186960607850023,2035,66.56941194982923,0.0,66.56941194982923,0.0,66.56941194982923,0.0,66.56941194982923,132.2773992089136,66.56941194982923,1151.1092923179522,66.56941194982923,1742.6891012199749
partial_eea,top 20 by calls,volume|2024|0|all,2024,all,1.0,e-methanol,0.5002253542015652,2040,32.0355760868816,0.0,32.0355760868816,0.0,48.06058348199314,0.0,48.06058348199314,0.0,48.06058348199314,670.1433487350547,48.06058348199314,1489.549130913187
partial_eea,top 20 by calls,volume|2024|0|all,2024,all,1.0,bio-methanol,0.5002253542015652,2040,52.562611669807225,0.0,52.562611669807225,0.0,52.562611669807225,0.0,52.562611669807225,0.0,52.562611669807225,818.3069037310469,52.562611669807225,1567.52994933213
partial_eea,top 20 by calls,volume|2024|0|all,2024,all,1.5,e-methanol,0.6022304270234705,2040,24.51072314274712,0.0,24.51072314274712,0.0,39.27182640765778,0.0,39.27182640765778,0.0,39.27182640765778,283.0136613206105,39.27182640765778,1285.7966638529533
partial_eea,top 20 by calls,volume|2024|0|all,2024,all,1.5,bio-methanol,0.6022304270234705,2040,44.69190025086901,0.0,44.69190025086901,0.0,44.69190025086901,0.0,44.69190025086901,0.0,44.69190025086901,539.7541940861327,44.69190025086901,1420.923260045333
partial_eea,top 20 by calls,volume|2024|0|all,2024,all,2.0,e-methanol,0.6705460252040844,2045,19.984935443091118,0.0,19.984935443091118,0.0,33.385754468416096,0.0,33.385754468416096,0.0,33.385754468416096,0.0,33.385754468416096,1089.3571615583762
partial_eea,top 20 by calls,volume|2024|0|all,2024,all,2.0,bio-methanol,0.6705460252040844,2040,39.42066869525285,0.0,39.42066869525285,0.0,39.42066869525285,0.0,39.42066869525285,0.0,39.42066869525285,291.0068562583338,39.42066869525285,1290.003608557018
partial_eea,top 20 by calls,volume|2024|0|all,2024,container,1.0,e-methanol,0.7064538127942438,2045,17.751397232396357,0.0,17.751397232396357,0.0,30.29193948964795,0.0,30.29193948964795,0.0,30.29193948964795,0.0,30.29193948964795,955.4969164337083
partial_eea,top 20 by calls,volume|2024|0|all,2024,container,1.0,bio-methanol,0.7064538127942438,2040,36.65002380479615,0.0,36.65002380479615,0.0,36.65002380479615,0.0,36.65002380479615,0.0,36.65002380479615,131.57255114469305,36.65002380479615,1206.0908163919441
partial_eea,top 20 by calls,volume|2024|0|all,2024,container,1.5,e-methanol,0.7606254947285794,2045,14.554206701485887,0.0,14.554206701485887,0.0,25.624507374185598,0.0,25.624507374185598,0.0,25.624507374185598,0.0,25.624507374185598,692.3847330590613
partial_eea,top 20 by calls,volume|2024|0|all,2024,container,1.5,bio-methanol,0.7606254947285794,2045,32.47013682674281,0.0,32.47013682674281,0.0,32.47013682674281,0.0,32.47013682674281,0.0,32.47013682674281,0.0,32.47013682674281,1052.3986568494731
partial_eea,top 20 by calls,volume|2024|0|all,2024,container,2.0,e-methanol,0.7838485982594524,2045,13.243054818113906,0.0,13.243054818113906,0.0,23.62360477396558,0.0,23.62360477396558,0.0,23.62360477396558,0.0,23.62360477396558,547.750928841215
partial_eea,top 20 by calls,volume|2024|0|all,2024,container,2.0,bio-methanol,0.7838485982594524,2045,30.67824215830065,0.0,30.67824215830065,0.0,30.67824215830065,0.0,30.67824215830065,0.0,30.67824215830065,0.0,30.67824215830065,973.6862048935664
partial_eea,20 chosen for continuity,greedy|2024|7000|all,2024,all,1.0,e-methanol,0.5678770424440782,2040,26.935603290156923,0.0,26.935603290156923,0.0,42.23171402301822,0.0,42.23171402301822,0.0,42.23171402301822,431.38655573661975,42.23171402301822,1363.8876609140107
partial_eea,20 chosen for continuity,greedy|2024|7000|all,2024,all,1.0,bio-methanol,0.5678770424440782,2040,47.342607405014924,0.0,47.342607405014924,0.0,47.342607405014924,0.0,47.342607405014924,0.0,47.342607405014924,643.9091432215173,47.342607405014924,1475.7416543271147
partial_eea,20 chosen for continuity,greedy|2024|7000|all,2024,all,1.5,e-methanol,0.6725518658331765,2045,19.85763904742565,0.0,19.85763904742565,0.0,33.212931239813514,0.0,33.212931239813514,0.0,33.212931239813514,0.0,33.212931239813514,1082.5372417732535
partial_eea,20 chosen for continuity,greedy|2024|7000|all,2024,all,1.5,bio-methanol,0.6725518658331765,2040,39.2658980323121,0.0,39.2658980323121,0.0,39.2658980323121,0.0,39.2658980323121,0.0,39.2658980323121,282.69403818078,39.2658980323121,1285.6284411477789
partial_eea,20 chosen for continuity,greedy|2024|7000|all,2024,all,2.0,e-methanol,0.7378878710507678,2045,15.871899153993269,0.0,15.871899153993269,0.0,27.583581030265844,0.0,27.583581030265844,0.0,27.583581030265844,0.0,27.583581030265844,813.6650004947429
partial_eea,20 chosen for continuity,greedy|2024|7000|all,2024,all,2.0,bio-methanol,0.7378878710507678,2045,34.22457186972275,0.0,34.22457186972275,0.0,34.22457186972275,0.0,34.22457186972275,0.0,34.22457186972275,0.0,34.22457186972275,1121.4799890978313
partial_eea,20 chosen for continuity,greedy|2024|7000|all,2024,container,1.0,e-methanol,0.7482973011551813,2045,15.264397259457205,0.0,15.264397259457205,0.0,26.686704532469577,0.0,26.686704532469577,0.0,26.686704532469577,0.0,26.686704532469577,760.3520641988104
partial_eea,20 chosen for continuity,greedy|2024|7000|all,2024,container,1.0,bio-methanol,0.7482973011551813,2045,33.421380242866206,0.0,33.421380242866206,0.0,33.421380242866206,0.0,33.421380242866206,0.0,33.421380242866206,0.0,33.421380242866206,1090.7542512598689
partial_eea,20 chosen for continuity,greedy|2024|7000|all,2024,container,1.5,e-methanol,0.806203178022425,2045,12.012787069361735,0.0,12.012787069361735,0.0,21.69753418158786,0.0,21.69753418158786,0.0,21.69753418158786,0.0,21.69753418158786,383.32844489162136
partial_eea,20 chosen for continuity,greedy|2024|7000|all,2024,container,1.5,bio-methanol,0.806203178022425,2045,28.953362783789682,0.0,28.953362783789682,0.0,28.953362783789682,0.0,28.953362783789682,0.0,28.953362783789682,0.0,28.953362783789682,888.7144085211957
partial_eea,20 chosen for continuity,greedy|2024|7000|all,2024,container,2.0,e-methanol,0.8304517469476297,2045,10.712261339688421,0.0,10.712261339688421,0.0,19.608277482992225,0.0,19.608277482992225,0.0,19.608277482992225,0.0,19.608277482992225,168.45263241742447
partial_eea,20 chosen for continuity,greedy|2024|7000|all,2024,container,2.0,bio-methanol,0.8304517469476297,2045,27.082343205520893,0.0,27.082343205520893,0.0,27.082343205520893,0.0,27.082343205520893,0.0,27.082343205520893,0.0,27.082343205520893,784.3052402097942
partial_eea,20 chosen for continuity on 2019,greedy|2019|7000|all,2024,all,1.0,e-methanol,0.5711819774385449,2040,26.697710021012306,0.0,26.697710021012306,0.0,41.94696082389497,0.0,41.94696082389497,0.0,41.94696082389497,418.0227991001265,41.94696082389497,1356.8541047895405
partial_eea,20 chosen for continuity on 2019,greedy|2019|7000|all,2024,all,1.0,bio-methanol,0.5711819774385449,2040,47.087598620841874,0.0,47.087598620841874,0.0,47.087598620841874,0.0,47.087598620841874,0.0,47.087598620841874,634.3988133809492,47.087598620841874,1470.736217568921
partial_eea,20 chosen for continuity on 2019,greedy|2019|7000|all,2024,all,1.5,e-methanol,0.6775155399740672,2045,19.543938815816393,0.0,19.543938815816393,0.0,32.78526107583437,0.0,32.78526107583437,0.0,32.78526107583437,0.0,32.78526107583437,1065.3514852668775
partial_eea,20 chosen for continuity on 2019,greedy|2019|7000|all,2024,all,1.5,bio-methanol,0.6775155399740672,2040,38.88290093560097,0.0,38.88290093560097,0.0,38.88290093560097,0.0,38.88290093560097,0.0,38.88290093560097,261.83854600520897,38.88290093560097,1274.6518663185313
partial_eea,20 chosen for continuity on 2019,greedy|2019|7000|all,2024,all,2.0,e-methanol,0.7434575499739635,2045,15.545946326394963,0.0,15.545946326394963,0.0,27.103697494243303,0.0,27.103697494243303,0.0,27.103697494243303,0.0,27.103697494243303,785.5782035165598
partial_eea,20 chosen for continuity on 2019,greedy|2019|7000|all,2024,all,2.0,bio-methanol,0.7434575499739635,2045,33.794815444008975,0.0,33.794815444008975,0.0,33.794815444008975,0.0,33.794815444008975,0.0,33.794815444008975,0.0,33.794815444008975,1105.221513267443
partial_eea,20 chosen for continuity on 2019,greedy|2019|7000|all,2024,container,1.0,e-methanol,0.7520129373678582,2045,15.049298297989296,0.0,15.049298297989296,0.0,26.366565316385334,0.0,26.366565316385334,0.0,26.366565316385334,0.0,26.366565316385334,740.4436840771367
partial_eea,20 chosen for continuity on 2019,greedy|2019|7000|all,2024,container,1.0,bio-methanol,0.7520129373678582,2045,33.13468175269605,0.0,33.13468175269605,0.0,33.13468175269605,0.0,33.13468175269605,0.0,33.13468175269605,0.0,33.13468175269605,1079.4259764864153
partial_eea,20 chosen for continuity on 2019,greedy|2019|7000|all,2024,container,1.5,e-methanol,0.8152362581583782,2045,11.524254158683151,0.0,11.524254158683151,0.0,20.919243997074133,0.0,20.919243997074133,0.0,20.919243997074133,0.0,20.919243997074133,308.2991715130801
partial_eea,20 chosen for continuity on 2019,greedy|2019|7000|all,2024,container,1.5,bio-methanol,0.8152362581583782,2045,28.25637032049954,0.0,28.25637032049954,0.0,28.25637032049954,0.0,28.25637032049954,0.0,28.25637032049954,0.0,28.25637032049954,851.4359238753627
partial_eea,20 chosen for continuity on 2019,greedy|2019|7000|all,2024,container,2.0,e-methanol,0.8420286417088065,2045,10.103432600865759,0.0,10.103432600865759,0.0,18.610812230369227,0.0,18.610812230369227,0.0,18.610812230369227,0.0,18.610812230369227,48.85060048064975
partial_eea,20 chosen for continuity on 2019,greedy|2019|7000|all,2024,container,2.0,bio-methanol,0.8420286417088065,2045,26.18907000574849,0.0,26.18907000574849,0.0,26.18907000574849,0.0,26.18907000574849,0.0,26.18907000574849,0.0,26.18907000574849,729.1961115688572
partial_eea,10 chosen for dual-fuel use,dualfuel|2024|7000|all,2024,all,1.0,e-methanol,0.3927301620624728,2040,41.15827372605295,0.0,41.15827372605295,0.0,57.32236923669734,0.0,57.32236923669734,0.0,57.32236923669734,949.6426420076208,57.32236923669734,1636.6540221092741
partial_eea,10 chosen for dual-fuel use,dualfuel|2024|7000|all,2024,all,1.0,bio-methanol,0.3927301620624728,2040,60.856940695259595,0.0,60.856940695259595,0.0,60.856940695259595,0.0,60.856940695259595,0.0,60.856940695259595,1033.879405533838,60.856940695259595,1680.9891608072833
partial_eea,10 chosen for dual-fuel use,dualfuel|2024|7000|all,2024,all,1.5,e-methanol,0.4994756404664001,2040,32.09467197642905,0.0,32.09467197642905,0.0,48.12517881741497,0.0,48.12517881741497,0.0,48.12517881741497,672.4652241725275,48.12517881741497,1490.77117061712
partial_eea,10 chosen for dual-fuel use,dualfuel|2024|7000|all,2024,all,1.5,bio-methanol,0.4994756404664001,2040,52.62045958161257,0.0,52.62045958161257,0.0,52.62045958161257,0.0,52.62045958161257,0.0,52.62045958161257,820.0457263005111,52.62045958161257,1568.4451191055323
partial_eea,10 chosen for dual-fuel use,dualfuel|2024|7000|all,2024,all,2.0,e-methanol,0.5735729954245136,2040,26.526224608324043,0.0,26.526224608324043,0.0,41.74095071422391,0.0,41.74095071422391,0.0,41.74095071422391,408.24086233212205,41.74095071422391,1351.7057170169069
partial_eea,10 chosen for dual-fuel use,dualfuel|2024|7000|all,2024,all,2.0,bio-methanol,0.5735729954245136,2040,46.90310767304453,0.0,46.90310767304453,0.0,46.90310767304453,0.0,46.90310767304453,0.0,46.90310767304453,627.4539124455539,46.90310767304453,1467.0810065502917
partial_eea,10 chosen for dual-fuel use,dualfuel|2024|7000|all,2024,container,1.0,e-methanol,0.571710065544905,2040,26.65979029543463,0.0,26.65979029543463,0.0,41.90146075265098,0.0,41.90146075265098,0.0,41.90146075265098,415.87060435022903,41.90146075265098,1355.721370710647
partial_eea,10 chosen for dual-fuel use,dualfuel|2024|7000|all,2024,container,1.0,bio-methanol,0.571710065544905,2040,47.04685134255513,0.0,47.04685134255513,0.0,47.04685134255513,0.0,47.04685134255513,0.0,47.04685134255513,632.8696261804978,47.04685134255513,1469.931382200262
partial_eea,10 chosen for dual-fuel use,dualfuel|2024|7000|all,2024,container,1.5,e-methanol,0.6420019560350261,2040,21.83012714222219,0.0,21.83012714222219,0.0,35.84511146802215,0.0,35.84511146802215,0.0,35.84511146802215,80.63435723534198,35.84511146802215,1179.2812406501803
partial_eea,10 chosen for dual-fuel use,dualfuel|2024|7000|all,2024,container,1.5,bio-methanol,0.6420019560350261,2040,41.623129072337385,0.0,41.623129072337385,0.0,41.623129072337385,0.0,41.623129072337385,0.0,41.623129072337385,402.6028351805673,41.623129072337385,1348.738334305562
partial_eea,10 chosen for dual-fuel use,dualfuel|2024|7000|all,2024,container,2.0,e-methanol,0.6780463107858712,2045,19.510504359892543,0.0,19.510504359892543,0.0,32.73952986268934,0.0,32.73952986268934,0.0,32.73952986268934,0.0,32.73952986268934,1063.4872222198228
partial_eea,10 chosen for dual-fuel use,dualfuel|2024|7000|all,2024,container,2.0,bio-methanol,0.6780463107858712,2040,38.84194665976218,0.0,38.84194665976218,0.0,38.84194665976218,0.0,38.84194665976218,0.0,38.84194665976218,259.584105599793,38.84194665976218,1273.4653187367333
partial_eea,20 chosen for dual-fuel use,dualfuel|2024|7000|all,2024,all,1.0,e-methanol,0.6191002453336416,2040,23.357616658417815,0.0,23.357616658417815,0.0,37.818322862053435,0.0,37.818322862053435,0.0,37.818322862053435,201.64973726479465,37.818322862053435,1242.9735459288395
partial_eea,20 chosen for dual-fuel use,dualfuel|2024|7000|all,2024,all,1.0,bio-methanol,0.6191002453336416,2040,43.39022507005621,0.0,43.39022507005621,0.0,43.39022507005621,0.0,43.39022507005621,0.0,43.39022507005621,483.9481734476218,43.39022507005621,1391.5516702355906
partial_eea,20 chosen for dual-fuel use,dualfuel|2024|7000|all,2024,all,1.5,e-methanol,0.7242356082796703,2045,16.679773838633526,0.0,16.679773838633526,0.0,28.75985999062361,0.0,28.75985999062361,0.0,28.75985999062361,0.0,28.75985999062361,878.5461398537498
partial_eea,20 chosen for dual-fuel use,dualfuel|2024|7000|all,2024,all,1.5,bio-methanol,0.7242356082796703,2040,35.277980465140644,0.0,35.277980465140644,0.0,35.277980465140644,0.0,35.277980465140644,0.0,35.277980465140644,43.348091250536136,35.277980465140644,1159.6568901318612
partial_eea,20 chosen for dual-fuel use,dualfuel|2024|7000|all,2024,all,2.0,e-methanol,0.7840680390859899,2045,13.230828216867907,0.0,13.230828216867907,0.0,23.604697752351115,0.0,23.604697752351115,0.0,23.604697752351115,0.0,23.604697752351115,546.2673041156964
partial_eea,20 chosen for dual-fuel use,dualfuel|2024|7000|all,2024,all,2.0,bio-methanol,0.7840680390859899,2045,30.661310104125022,0.0,30.661310104125022,0.0,30.661310104125022,0.0,30.661310104125022,0.0,30.661310104125022,0.0,30.661310104125022,972.8985535385468
partial_eea,20 chosen for dual-fuel use,dualfuel|2024|7000|all,2024,container,1.0,e-methanol,0.8101229362511712,2045,11.800197315236506,0.0,11.800197315236506,0.0,21.35980781259909,0.0,21.35980781259909,0.0,21.35980781259909,0.0,21.35980781259909,351.44224218206557
partial_eea,20 chosen for dual-fuel use,dualfuel|2024|7000|all,2024,container,1.0,bio-methanol,0.8101229362511712,2045,28.65091423885963,0.0,28.65091423885963,0.0,28.65091423885963,0.0,28.65091423885963,0.0,28.65091423885963,0.0,28.65091423885963,872.7607770138086
partial_eea,20 chosen for dual-fuel use,dualfuel|2024|7000|all,2024,container,1.5,e-methanol,0.8643912477351212,2050,8.948792328546856,0.0,8.948792328546856,0.0,16.684050095141956,0.0,16.684050095141956,0.0,16.684050095141956,0.0,16.684050095141956,0.0
partial_eea,20 chosen for dual-fuel use,dualfuel|2024|7000|all,2024,container,1.5,bio-methanol,0.8643912477351212,2045,24.46357132475805,0.0,24.46357132475805,0.0,24.46357132475805,0.0,24.46357132475805,0.0,24.46357132475805,0.0,24.46357132475805,611.3486449250984
partial_eea,20 chosen for dual-fuel use,dualfuel|2024|7000|all,2024,container,2.0,e-methanol,0.8871218437391742,2050,7.803196170023255,0.0,7.803196170023255,0.0,14.725581943432747,0.0,14.725581943432747,0.0,14.725581943432747,0.0,14.725581943432747,0.0
partial_eea,20 chosen for dual-fuel use,dualfuel|2024|7000|all,2024,container,2.0,bio-methanol,0.8871218437391742,2045,22.709678537085317,0.0,22.709678537085317,0.0,22.709678537085317,0.0,22.709678537085317,0.0,22.709678537085317,0.0,22.709678537085317,473.2091857423546
partial_eea,20 chosen for dual-fuel use on 2019,dualfuel|2019|7000|all,2024,all,1.0,e-methanol,0.6258565402569033,2040,22.902512964385824,0.0,22.902512964385824,0.0,37.23620049146521,0.0,37.23620049146521,0.0,37.23620049146521,167.28240522134445,37.23620049146521,1224.8854764322869
partial_eea,20 chosen for dual-fuel use on 2019,dualfuel|2019|7000|all,2024,all,1.0,bio-methanol,0.6258565402569033,2040,42.86890935377734,0.0,42.86890935377734,0.0,42.86890935377734,0.0,42.86890935377734,0.0,42.86890935377734,460.6476522670293,42.86890935377734,1379.2882380352787
partial_eea,20 chosen for dual-fuel use on 2019,dualfuel|2019|7000|all,2024,all,1.5,e-methanol,0.7267763266585092,2045,16.52845898711881,0.0,16.52845898711881,0.0,28.540951695102844,0.0,28.540951695102844,0.0,28.540951695102844,0.0,28.540951695102844,866.8766316048273
partial_eea,20 chosen for dual-fuel use on 2019,dualfuel|2019|7000|all,2024,all,1.5,bio-methanol,0.7267763266585092,2040,35.08193863502943,0.0,35.08193863502943,0.0,35.08193863502943,0.0,35.08193863502943,0.0,35.08193863502943,30.178854569156766,35.08193863502943,1152.7257129311356
partial_eea,20 chosen for dual-fuel use on 2019,dualfuel|2019|7000|all,2024,all,2.0,e-methanol,0.7855090486675954,2045,13.1506140415933,0.0,13.1506140415933,0.0,23.48054036679998,0.0,23.48054036679998,0.0,23.48054036679998,0.0,23.48054036679998,536.4653744566551
partial_eea,20 chosen for dual-fuel use on 2019,dualfuel|2019|7000|all,2024,all,2.0,bio-methanol,0.7855090486675954,2045,30.550121804808335,0.0,30.550121804808335,0.0,30.550121804808335,0.0,30.550121804808335,0.0,30.550121804808335,0.0,30.550121804808335,967.7045649908657
partial_eea,20 chosen for dual-fuel use on 2019,dualfuel|2019|7000|all,2024,container,1.0,e-methanol,0.7938796202583002,2045,12.687212487127617,0.0,12.687212487127617,0.0,22.759331918544856,0.0,22.759331918544856,0.0,22.759331918544856,0.0,22.759331918544856,477.41280998033665
partial_eea,20 chosen for dual-fuel use on 2019,dualfuel|2019|7000|all,2024,container,1.0,bio-methanol,0.7938796202583002,2045,29.904248500869556,0.0,29.904248500869556,0.0,29.904248500869556,0.0,29.904248500869556,0.0,29.904248500869556,0.0,29.904248500869556,936.769783774114
partial_eea,20 chosen for dual-fuel use on 2019,dualfuel|2019|7000|all,2024,container,1.5,e-methanol,0.853355911777304,2050,9.515093420106384,0.0,9.515093420106384,0.0,17.63485464126749,0.0,17.63485464126749,0.0,17.63485464126749,0.0,17.63485464126749,0.0
partial_eea,20 chosen for dual-fuel use on 2019,dualfuel|2019|7000|all,2024,container,1.5,bio-methanol,0.853355911777304,2045,25.315057847263226,0.0,25.315057847263226,0.0,25.315057847263226,0.0,25.315057847263226,0.0,25.315057847263226,0.0,25.315057847263226,671.5109614205179
partial_eea,20 chosen for dual-fuel use on 2019,dualfuel|2019|7000|all,2024,container,2.0,e-methanol,0.8795237604031331,2050,8.183047816520924,0.0,8.183047816520924,0.0,15.380232803666054,0.0,15.380232803666054,0.0,15.380232803666054,0.0,15.380232803666054,0.0
partial_eea,20 chosen for dual-fuel use on 2019,dualfuel|2019|7000|all,2024,container,2.0,bio-methanol,0.8795237604031331,2045,23.29594664729425,0.0,23.29594664729425,0.0,23.29594664729425,0.0,23.29594664729425,0.0,23.29594664729425,0.0,23.29594664729425,521.6989950016819
partial_eea,top 20 by calls on 2019,volume|2019|0|all,2024,all,1.0,e-methanol,0.4919614192152245,2040,32.69025826825385,0.0,32.69025826825385,0.0,48.77260412041625,0.0,48.77260412041625,0.0,48.77260412041625,695.3971497044095,48.77260412041625,1502.8406051075842
partial_eea,top 20 by calls on 2019,volume|2019|0|all,2024,all,1.0,bio-methanol,0.4919614192152245,2040,53.20025689335327,0.0,53.20025689335327,0.0,53.20025689335327,0.0,53.20025689335327,0.0,53.20025689335327,837.2646890284645,53.20025689335327,1577.5077310676131
partial_eea,top 20 by calls on 2019,volume|2019|0|all,2024,all,1.5,e-methanol,0.5955516200033408,2040,24.973978855305678,0.0,24.973978855305678,0.0,39.847272420512155,0.0,39.847272420512155,0.0,39.847272420512155,313.5856747574234,39.847272420512155,1301.8871972407492
partial_eea,top 20 by calls on 2019,volume|2019|0|all,2024,all,1.5,bio-methanol,0.5955516200033408,2040,45.20723700054222,0.0,45.20723700054222,0.0,45.20723700054222,0.0,45.20723700054222,0.0,45.20723700054222,560.9599365915055,45.20723700054222,1432.0841771534242
partial_eea,top 20 by calls on 2019,volume|2019|0|all,2024,all,2.0,e-methanol,0.6637555831989134,2045,20.418154742576863,0.0,20.418154742576863,0.0,33.97081895158163,0.0,33.97081895158163,0.0,33.97081895158163,0.0,33.97081895158163,1111.9297870808987
partial_eea,top 20 by calls on 2019,volume|2019|0|all,2024,all,2.0,bio-methanol,0.6637555831989134,2040,39.94461920037185,0.0,39.94461920037185,0.0,39.94461920037185,0.0,39.94461920037185,0.0,39.94461920037185,318.6703575027181,39.94461920037185,1304.5633460540623
partial_eea,top 20 by calls on 2019,volume|2019|0|all,2024,container,1.0,e-methanol,0.6844251822239961,2045,19.110333091244335,0.0,19.110333091244335,0.0,32.1899262995805,0.0,32.1899262995805,0.0,32.1899262995805,0.0,32.1899262995805,1040.6679035928632
partial_eea,top 20 by calls on 2019,volume|2019|0|all,2024,container,1.0,bio-methanol,0.6844251822239961,2040,38.34975293959646,0.0,38.34975293959646,0.0,38.34975293959646,0.0,38.34975293959646,0.0,38.34975293959646,232.11328294740187,38.34975293959646,1259.0069910249485
partial_eea,top 20 by calls on 2019,volume|2019|0|all,2024,container,1.5,e-methanol,0.7376447192962989,2045,15.886176661366084,0.0,15.886176661366084,0.0,27.604530985430884,0.0,27.604530985430884,0.0,27.604530985430884,0.0,27.604530985430884,814.8689205009877
partial_eea,top 20 by calls on 2019,volume|2019|0|all,2024,container,1.5,bio-methanol,0.7376447192962989,2045,34.24333345909757,0.0,34.24333345909757,0.0,34.24333345909757,0.0,34.24333345909757,0.0,34.24333345909757,0.0,34.24333345909757,1122.1804777777866
partial_eea,top 20 by calls on 2019,volume|2019|0|all,2024,container,2.0,e-methanol,0.7612714415982108,2045,14.517269733674045,0.0,14.517269733674045,0.0,25.568852591898157,0.0,25.568852591898157,0.0,25.568852591898157,0.0,25.568852591898157,688.6678296285796
partial_eea,top 20 by calls on 2019,volume|2019|0|all,2024,container,2.0,bio-methanol,0.7612714415982108,2045,32.42029556628205,0.0,32.42029556628205,0.0,32.42029556628205,0.0,32.42029556628205,0.0,32.42029556628205,0.0,32.42029556628205,1050.326925288485
fuel,all nodes,all|-1|0|all,2024,all,1.0,e-methanol,0.9585997503416454,2050,4.3740664773746945,0.0,4.3740664773746945,0.0,8.567045510563837,0.0,8.567045510563837,0.0,8.567045510563837,0.0,8.567045510563837,0.0
fuel,all nodes,all|-1|0|all,2024,all,1.0,bio-methanol,0.9585997503416454,2050,17.194443263638647,0.0,17.194443263638647,0.0,17.194443263638647,0.0,17.194443263638647,0.0,17.194443263638647,0.0,17.194443263638647,0.0
fuel,all nodes,all|-1|0|all,2024,all,1.5,e-methanol,0.9771136357896067,2050,3.526296624616164,0.0,3.526296624616164,0.0,6.971889140367482,0.0,6.971889140367482,0.0,6.971889140367482,0.0,6.971889140367482,0.0
fuel,all nodes,all|-1|0|all,2024,all,1.5,bio-methanol,0.9771136357896067,2050,15.765911862473942,0.0,15.765911862473942,0.0,15.765911862473942,0.0,15.765911862473942,0.0,15.765911862473942,0.0,15.765911862473942,0.0
fuel,all nodes,all|-1|0|all,2024,all,2.0,e-methanol,0.9826906906745256,2050,3.2740205630735373,0.0,3.2740205630735373,0.0,6.491370091482871,0.0,6.491370091482871,0.0,6.491370091482871,0.0,6.491370091482871,0.0
fuel,all nodes,all|-1|0|all,2024,all,2.0,bio-methanol,0.9826906906745256,2050,15.335586307553601,0.0,15.335586307553601,0.0,15.335586307553601,0.0,15.335586307553601,0.0,15.335586307553601,0.0,15.335586307553601,0.0
fuel,all nodes,all|-1|0|all,2024,container,1.0,e-methanol,0.9944539394523774,2050,2.746540528425156,0.0,2.746540528425156,0.0,5.477848576783167,0.0,5.477848576783167,0.0,5.477848576783167,0.0,5.477848576783167,0.0
fuel,all nodes,all|-1|0|all,2024,container,1.0,bio-methanol,0.9944539394523774,2050,14.427934031854562,0.0,14.427934031854562,0.0,14.427934031854562,0.0,14.427934031854562,0.0,14.427934031854562,0.0,14.427934031854562,0.0
fuel,all nodes,all|-1|0|all,2024,container,1.5,e-methanol,0.9986469023525796,2050,2.5600234274894103,0.0,2.5600234274894103,0.0,5.116582893301744,0.0,5.116582893301744,0.0,5.116582893301744,0.0,5.116582893301744,0.0
fuel,all nodes,all|-1|0|all,2024,container,1.5,bio-methanol,0.9986469023525796,2050,14.10440501447496,0.0,14.10440501447496,0.0,14.10440501447496,0.0,14.10440501447496,0.0,14.10440501447496,0.0,14.10440501447496,0.0
fuel,all nodes,all|-1|0|all,2024,container,2.0,e-methanol,0.9995995207772698,2050,2.5177567995582737,0.0,2.5177567995582737,0.0,5.034505289830436,0.0,5.034505289830436,0.0,5.034505289830436,0.0,5.034505289830436,0.0
fuel,all nodes,all|-1|0|all,2024,container,2.0,bio-methanol,0.9995995207772698,2050,14.030900976825864,0.0,14.030900976825864,0.0,14.030900976825864,0.0,14.030900976825864,0.0,14.030900976825864,0.0,14.030900976825864,0.0
fuel,Yap hubs (4),external:yap4|-1|0|all,2024,all,1.0,e-methanol,0.2547061105640893,2035,55.1639311636736,0.0,55.1639311636736,0.0,69.21452151379806,0.0,69.21452151379806,218.94092889299853,69.21452151379806,1198.8370333033904,69.21452151379806,1767.8089648965213
fuel,Yap hubs (4),external:yap4|-1|0|all,2024,all,1.0,bio-methanol,0.2547061105640893,2035,71.50687650887487,0.0,71.50687650887487,0.0,71.50687650887487,0.0,71.50687650887487,288.8609407898847,71.50687650887487,1237.3437065219653,71.50687650887487,1788.0756350115607
fuel,Yap hubs (4),external:yap4|-1|0|all,2024,all,1.5,e-methanol,0.3328295800668383,2040,46.88026460090104,0.0,46.88026460090104,0.0,62.48340338144121,0.0,62.48340338144121,0.0,62.48340338144121,1069.4399552394807,62.48340338144121,1699.7052395997268
fuel,Yap hubs (4),external:yap4|-1|0|all,2024,all,1.5,bio-methanol,0.3328295800668383,2035,65.47886960204275,0.0,65.47886960204275,0.0,65.47886960204275,0.0,65.47886960204275,94.50876416335623,65.47886960204275,1130.3091744667756,65.47886960204275,1731.7416707719874
fuel,Yap hubs (4),external:yap4|-1|0|all,2024,all,2.0,e-methanol,0.3911121478414759,2040,41.306358679376935,0.0,41.306358679376935,0.0,57.46177734197844,0.0,57.46177734197844,0.0,57.46177734197844,953.1613561966179,57.46177734197844,1638.5059769455884
fuel,Yap hubs (4),external:yap4|-1|0|all,2024,all,2.0,bio-methanol,0.3911121478414759,2040,60.98178667255172,0.0,60.98178667255172,0.0,60.98178667255172,0.0,60.98178667255172,0.0,60.98178667255172,1036.676218648397,60.98178667255172,1682.4611677096827
fuel,Yap hubs (4),external:yap4|-1|0|all,2024,container,1.0,e-methanol,0.4616648031470607,2040,35.15372365142702,0.0,35.15372365142702,0.0,51.38296056084925,0.0,51.38296056084925,0.0,51.38296056084925,781.9943597538415,51.38296056084925,1548.4180840809693
fuel,Yap hubs (4),external:yap4|-1|0|all,2024,container,1.0,bio-methanol,0.4616648031470607,2040,55.5379437891728,0.0,55.5379437891728,0.0,55.5379437891728,0.0,55.5379437891728,0.0,55.5379437891728,903.0428869387157,55.5379437891728,1612.1278352309032
fuel,Yap hubs (4),external:yap4|-1|0|all,2024,container,1.5,e-methanol,0.5599313162443322,2040,27.511671408529082,0.0,27.511671408529082,0.0,42.916317792388334,0.0,42.916317792388334,0.0,42.916317792388334,462.7899997807968,42.916317792388334,1380.4157893583142
fuel,Yap hubs (4),external:yap4|-1|0|all,2024,container,1.5,bio-methanol,0.5599313162443322,2040,47.955699638587326,0.0,47.955699638587326,0.0,47.955699638587326,0.0,47.955699638587326,0.0,47.955699638587326,666.3599816797697,47.955699638587326,1487.5578850946158
fuel,Yap hubs (4),external:yap4|-1|0|all,2024,container,2.0,e-methanol,0.6124053055495723,2040,23.81234962555661,0.0,23.81234962555661,0.0,38.39515887384885,0.0,38.39515887384885,0.0,38.39515887384885,234.67701558006348,38.39515887384885,1260.3563239895072
fuel,Yap hubs (4),external:yap4|-1|0|all,2024,container,2.0,bio-methanol,0.6124053055495723,2040,43.906806623795,0.0,43.906806623795,0.0,43.906806623795,0.0,43.906806623795,0.0,43.906806623795,506.49130754720034,43.906806623795,1403.4164776564214
fuel,Yap hubs (8),external:yap8|-1|0|all,2024,all,1.0,e-methanol,0.341517754950899,2040,46.018645676210305,0.0,46.018645676210305,0.0,61.73483023343054,0.0,61.73483023343054,0.0,61.73483023343054,1053.3060885461173,61.73483023343054,1691.213730813746
fuel,Yap hubs (8),external:yap8|-1|0|all,2024,all,1.0,bio-methanol,0.341517754950899,2035,64.80849002798863,0.0,64.80849002798863,0.0,64.80849002798863,0.0,64.80849002798863,70.66074314021238,64.80849002798863,1117.1754817293922,64.80849002798863,1724.8292009102065
fuel,Yap hubs (8),external:yap8|-1|0|all,2024,all,1.5,e-methanol,0.4339410075696458,2040,37.499201504067216,0.0,37.499201504067216,0.0,53.771642787799315,0.0,53.771642787799315,0.0,53.771642787799315,853.8705590958097,53.771642787799315,1586.2476626820053
fuel,Yap hubs (8),external:yap8|-1|0|all,2024,all,1.5,bio-methanol,0.4339410075696458,2040,57.67711185592613,0.0,57.67711185592613,0.0,57.67711185592613,0.0,57.67711185592613,0.0,57.67711185592613,958.5630534400993,57.67711185592613,1641.3489754947893
fuel,Yap hubs (8),external:yap8|-1|0|all,2024,all,2.0,e-methanol,0.5005498959092846,2040,32.0100125290068,0.0,32.0100125290068,0.0,48.032620968456044,0.0,48.032620968456044,0.0,48.032620968456044,669.136301044278,48.032620968456044,1489.0191058127782
fuel,Yap hubs (8),external:yap8|-1|0|all,2024,all,2.0,bio-methanol,0.5005498959092846,2040,52.5375700316396,0.0,52.5375700316396,0.0,52.5375700316396,0.0,52.5375700316396,0.0,52.5375700316396,817.553001596153,52.5375700316396,1567.1331587348175
fuel,Yap hubs (8),external:yap8|-1|0|all,2024,container,1.0,e-methanol,0.5920282131239881,2040,25.219935693507843,0.0,25.219935693507843,0.0,40.15084915723718,0.0,40.15084915723718,0.0,40.15084915723718,329.36085425196035,40.15084915723718,1310.189923290506
fuel,Yap hubs (8),external:yap8|-1|0|all,2024,container,1.0,bio-methanol,0.5920282131239881,2040,45.47910307535307,0.0,45.47910307535307,0.0,45.47910307535307,0.0,45.47910307535307,0.0,45.47910307535307,571.9533944578664,45.47910307535307,1437.8702076094037
fuel,Yap hubs (8),external:yap8|-1|0|all,2024,container,1.5,e-methanol,0.6910289696414168,2045,18.699232563946413,0.0,18.699232563946413,0.0,31.62094397569553,0.0,31.62094397569553,0.0,31.62094397569553,0.0,31.62094397569553,1016.2082942991102
fuel,Yap hubs (8),external:yap8|-1|0|all,2024,container,1.5,bio-methanol,0.6910289696414168,2040,37.84020470246828,0.0,37.84020470246828,0.0,37.84020470246828,0.0,37.84020470246828,0.0,37.84020470246828,202.92097641382475,37.84020470246828,1243.642619165171
fuel,Yap hubs (8),external:yap8|-1|0|all,2024,container,2.0,e-methanol,0.7380411226515029,2045,15.862902501573714,0.0,15.862902501573714,0.0,27.57037687234651,0.0,27.57037687234651,0.0,27.57037687234651,0.0,27.57037687234651,812.9052641319279
fuel,Yap hubs (8),external:yap8|-1|0|all,2024,container,2.0,bio-methanol,0.7380411226515029,2045,34.212746976210035,0.0,34.212746976210035,0.0,34.212746976210035,0.0,34.212746976210035,0.0,34.212746976210035,0.0,34.212746976210035,1121.0380964023016
fuel,top-10 bunker ports,external:bunker10|-1|0|all,2024,all,1.0,e-methanol,0.4342579668342923,2040,37.471873833256346,0.0,37.471873833256346,0.0,53.74433357755737,0.0,53.74433357755737,0.0,53.74433357755737,853.084921408034,53.74433357755737,1585.8341691621233
fuel,top-10 bunker ports,external:bunker10|-1|0|all,2024,all,1.0,bio-methanol,0.4342579668342923,2040,57.652655279066,0.0,57.652655279066,0.0,57.652655279066,0.0,57.652655279066,0.0,57.652655279066,957.9515878744301,57.652655279066,1641.027151512858
fuel,top-10 bunker ports,external:bunker10|-1|0|all,2024,all,1.5,e-methanol,0.53649524941709,2040,29.24549836862237,0.0,29.24549836862237,0.0,44.93556931022353,0.0,44.93556931022353,0.0,44.93556931022353,549.8416226567124,44.93556931022353,1426.2324329772173
fuel,top-10 bunker ports,external:bunker10|-1|0|all,2024,all,1.5,bio-methanol,0.53649524941709,2040,49.764026554977335,0.0,49.764026554977335,0.0,49.764026554977335,0.0,49.764026554977335,0.0,49.764026554977335,729.3570525658229,49.764026554977335,1520.7142381925382
fuel,top-10 bunker ports,external:bunker10|-1|0|all,2024,all,2.0,e-methanol,0.6068232276683495,2040,24.194391787893103,0.0,24.194391787893103,0.0,38.876110704095005,0.0,38.876110704095005,0.0,38.876110704095005,261.4650875751653,38.876110704095005,1274.455309250087
fuel,top-10 bunker ports,external:bunker10|-1|0|all,2024,all,2.0,bio-methanol,0.6068232276683495,2040,44.33751975311016,0.0,44.33751975311016,0.0,44.33751975311016,0.0,44.33751975311016,0.0,44.33751975311016,524.8856394551008,44.33751975311016,1413.097704976369
fuel,top-10 bunker ports,external:bunker10|-1|0|all,2024,container,1.0,e-methanol,0.6229344697885446,2040,23.098878470369403,0.0,23.098878470369403,0.0,37.487966083018996,0.0,37.487966083018996,0.0,37.487966083018996,182.27712285358814,37.487966083018996,1232.7774330808359
fuel,top-10 bunker ports,external:bunker10|-1|0|all,2024,container,1.0,bio-methanol,0.6229344697885446,2040,43.094376311115894,0.0,43.094376311115894,0.0,43.094376311115894,0.0,43.094376311115894,0.0,43.094376311115894,470.79421686501695,43.094376311115894,1384.6285351921144
fuel,top-10 bunker ports,external:bunker10|-1|0|all,2024,container,1.5,e-methanol,0.7030487556641574,2045,17.95915654807457,0.0,17.95915654807457,0.0,30.585319211976202,0.0,30.585319211976202,0.0,30.585319211976202,0.0,30.585319211976202,969.3528422333329
fuel,top-10 bunker ports,external:bunker10|-1|0|all,2024,container,1.5,bio-methanol,0.7030487556641574,2040,36.91275801295362,0.0,36.91275801295362,0.0,36.91275801295362,0.0,36.91275801295362,0.0,36.91275801295362,147.71855381749558,36.91275801295362,1214.588712535524
fuel,top-10 bunker ports,external:bunker10|-1|0|all,2024,container,2.0,e-methanol,0.7441013312503004,2045,15.508404709538263,0.0,15.508404709538263,0.0,27.048229299474112,0.0,27.048229299474112,0.0,27.048229299474112,0.0,27.048229299474112,782.2674854042762
fuel,top-10 bunker ports,external:bunker10|-1|0|all,2024,container,2.0,bio-methanol,0.7441013312503004,2045,33.74514128072681,0.0,33.74514128072681,0.0,33.74514128072681,0.0,33.74514128072681,0.0,33.74514128072681,0.0,33.74514128072681,1103.3155488671423
fuel,top 10 by calls,volume|2024|0|all,2024,all,1.0,e-methanol,0.4711125701277441,2040,34.37462365874721,0.0,34.37462365874721,0.0,50.568940957793565,0.0,50.568940957793565,0.0,50.568940957793565,755.9489594731767,50.568940957793565,1534.7099786700933
fuel,top 10 by calls,volume|2024|0|all,2024,all,1.0,bio-methanol,0.4711125701277441,2040,54.80895408894327,0.0,54.80895408894327,0.0,54.80895408894327,0.0,54.80895408894327,0.0,54.80895408894327,883.1325212832041,54.80895408894327,1601.6486954122129
fuel,top 10 by calls,volume|2024|0|all,2024,all,1.5,e-methanol,0.5819746218540388,2040,25.92776522102797,0.0,25.92776522102797,0.0,41.017066581056014,0.0,41.017066581056014,0.0,41.017066581056014,373.08957149076684,41.017066581056014,1333.2050376267196
fuel,top 10 by calls,volume|2024|0|all,2024,all,1.5,bio-methanol,0.5819746218540388,2040,46.254838177742364,0.0,46.254838177742364,0.0,46.254838177742364,0.0,46.254838177742364,0.0,46.254838177742364,602.611374824664,46.254838177742364,1454.0059867498233
fuel,top 10 by calls,volume|2024|0|all,2024,all,2.0,e-methanol,0.6543085445385044,2040,21.02677636369594,0.0,21.02677636369594,0.0,34.78477580256246,0.0,34.78477580256246,0.0,34.78477580256246,9.933711463635397,34.78477580256246,1142.0703744545451
fuel,top 10 by calls,volume|2024|0|all,2024,all,2.0,bio-methanol,0.6543085445385044,2040,40.673552703409,0.0,40.673552703409,0.0,40.673552703409,0.0,40.673552703409,0.0,40.673552703409,355.97103094876934,40.673552703409,1324.195279446721
fuel,top 10 by calls,volume|2024|0|all,2024,container,1.0,e-methanol,0.6277408556973729,2040,22.7762593433405,0.0,22.7762593433405,0.0,37.073847873114346,0.0,37.073847873114346,0.0,37.073847873114346,157.50495916851008,37.073847873114346,1219.739452193953
fuel,top 10 by calls,volume|2024|0|all,2024,container,1.0,bio-methanol,0.6277408556973729,2040,42.7235155743907,0.0,42.7235155743907,0.0,42.7235155743907,0.0,42.7235155743907,0.0,42.7235155743907,454.04777948951215,42.7235155743907,1375.814620783954
fuel,top 10 by calls,volume|2024|0|all,2024,container,1.5,e-methanol,0.7239853379352986,2045,16.69470305238457,0.0,16.69470305238457,0.0,28.78142328349467,0.0,28.78142328349467,0.0,28.78142328349467,0.0,28.78142328349467,879.6860263302797
fuel,top 10 by calls,volume|2024|0|all,2024,container,1.5,bio-methanol,0.7239853379352986,2040,35.29729132491236,0.0,35.29729132491236,0.0,35.29729132491236,0.0,35.29729132491236,0.0,35.29729132491236,44.6373962604218,35.29729132491236,1160.3354717160116
fuel,top 10 by calls,volume|2024|0|all,2024,container,2.0,e-methanol,0.7690007309026546,2045,14.077380857112628,0.0,14.077380857112628,0.0,24.902897025427276,0.0,24.902897025427276,0.0,24.902897025427276,0.0,24.902897025427276,642.9032270694527
fuel,top 10 by calls,volume|2024|0|all,2024,container,2.0,bio-methanol,0.7690007309026546,2045,31.823903603551166,0.0,31.823903603551166,0.0,31.823903603551166,0.0,31.823903603551166,0.0,31.823903603551166,0.0,31.823903603551166,1025.0335425501585
fuel,10 chosen for continuity,greedy|2024|7000|all,2024,all,1.0,e-methanol,0.4674701340155279,2040,34.673804988445305,0.0,34.673804988445305,0.0,50.88277325322212,0.0,50.88277325322212,0.0,50.88277325322212,766.0890575626133,50.88277325322212,1540.0468724013756
fuel,10 chosen for continuity,greedy|2024|7000|all,2024,all,1.0,bio-methanol,0.4674701340155279,2040,55.09000445936187,0.0,55.09000445936187,0.0,55.09000445936187,0.0,55.09000445936187,0.0,55.09000445936187,890.8710606235625,55.09000445936187,1605.7216108545067
fuel,10 chosen for continuity,greedy|2024|7000|all,2024,all,1.5,e-methanol,0.5670053944002474,2040,26.998512812820984,0.0,26.998512812820984,0.0,42.30681521847468,0.0,42.30681521847468,0.0,42.30681521847468,434.8811516378324,42.30681521847468,1365.7269219146488
fuel,10 chosen for continuity,greedy|2024|7000|all,2024,all,1.5,bio-methanol,0.5670053944002474,2040,47.40986376807691,0.0,47.40986376807691,0.0,47.40986376807691,0.0,47.40986376807691,0.0,47.40986376807691,646.4003607624724,47.40986376807691,1477.0528214539331
fuel,10 chosen for continuity,greedy|2024|7000|all,2024,all,2.0,e-methanol,0.6277705694376585,2040,22.77427079300141,0.0,22.77427079300141,0.0,37.07128773725134,0.0,37.07128773725134,0.0,37.07128773725134,157.35009290064977,37.07128773725134,1219.6579436319214
fuel,10 chosen for continuity,greedy|2024|7000|all,2024,all,2.0,bio-methanol,0.6277705694376585,2040,42.72122286219027,0.0,42.72122286219027,0.0,42.72122286219027,0.0,42.72122286219027,0.0,42.72122286219027,453.94334642092196,42.72122286219027,1375.7596560110117
fuel,10 chosen for continuity,greedy|2024|7000|all,2024,container,1.0,e-methanol,0.5257933780062715,2040,30.054949255908465,0.0,30.054949255908465,0.0,45.85764255097965,0.0,45.85764255097965,0.0,45.85764255097965,587.0433067383237,45.85764255097965,1445.8122667043813
fuel,10 chosen for continuity,greedy|2024|7000|all,2024,container,1.0,bio-methanol,0.5257933780062715,2040,50.58978295303609,0.0,50.58978295303609,0.0,50.58978295303609,0.0,50.58978295303609,0.0,50.58978295303609,756.626276155815,50.58978295303609,1535.0664611346397
fuel,10 chosen for continuity,greedy|2024|7000|all,2024,container,1.5,e-methanol,0.6041907505550875,2040,24.375483351118397,0.0,24.375483351118397,0.0,39.10292493217366,0.0,39.10292493217366,0.0,39.10292493217366,273.86953420472634,39.10292493217366,1280.9839653709087
fuel,10 chosen for continuity,greedy|2024|7000|all,2024,container,1.5,bio-methanol,0.6041907505550875,2040,44.54064168716944,0.0,44.54064168716944,0.0,44.54064168716944,0.0,44.54064168716944,0.0,44.54064168716944,533.4368601171491,44.54064168716944,1417.5983474300785
fuel,10 chosen for continuity,greedy|2024|7000|all,2024,container,2.0,e-methanol,0.6421886503464357,2040,21.817850146871137,0.0,21.817850146871137,0.0,35.8290258861511,0.0,35.8290258861511,0.0,35.8290258861511,79.59306892194692,35.8290258861511,1178.733194169446
fuel,10 chosen for continuity,greedy|2024|7000|all,2024,container,2.0,bio-methanol,0.6421886503464357,2040,41.60872373926902,0.0,41.60872373926902,0.0,41.60872373926902,0.0,41.60872373926902,0.0,41.60872373926902,401.91131742075,41.60872373926902,1348.3743775898683
fuel,top 20 by calls,volume|2024|0|all,2024,all,1.0,e-methanol,0.5827780608781983,2040,25.87086799270814,0.0,25.87086799270814,0.0,40.947842274734434,0.0,40.947842274734434,0.0,40.947842274734434,369.6629814534182,40.947842274734434,1331.4015691860095
fuel,top 20 by calls,volume|2024|0|all,2024,all,1.0,bio-methanol,0.5827780608781983,2040,46.19284482263822,0.0,46.19284482263822,0.0,46.19284482263822,0.0,46.19284482263822,0.0,46.19284482263822,600.19917978172,46.19284482263822,1452.7364104114317
fuel,top 20 by calls,volume|2024|0|all,2024,all,1.5,e-methanol,0.693253648265309,2045,18.56146342732489,0.0,18.56146342732489,0.0,31.429265665460978,0.0,31.429265665460978,0.0,31.429265665460978,0.0,31.429265665460978,1007.7689353052151
fuel,top 20 by calls,volume|2024|0|all,2024,all,1.5,bio-methanol,0.693253648265309,2040,37.668548499848754,0.0,37.668548499848754,0.0,37.668548499848754,0.0,37.668548499848754,0.0,37.668548499848754,192.90885072638747,37.668548499848754,1238.3730793296777
fuel,top 20 by calls,volume|2024|0|all,2024,all,2.0,e-methanol,0.7574976792416156,2045,14.733447595626993,0.0,14.733447595626993,0.0,25.8939999565424,0.0,25.8939999565424,0.0,25.8939999565424,0.0,25.8939999565424,710.156790243434
fuel,top 20 by calls,volume|2024|0|all,2024,all,2.0,bio-methanol,0.7574976792416156,2045,32.711479069716944,0.0,32.711479069716944,0.0,32.711479069716944,0.0,32.711479069716944,0.0,32.711479069716944,0.0,32.711479069716944,1062.3411339260294
fuel,top 20 by calls,volume|2024|0|all,2024,container,1.0,e-methanol,0.7341793719368861,2045,16.09009181256332,0.0,16.09009181256332,0.0,27.90310531391789,0.0,27.90310531391789,0.0,27.90310531391789,0.0,27.90310531391789,831.83045371748
fuel,top 20 by calls,volume|2024|0|all,2024,container,1.0,bio-methanol,0.7341793719368861,2045,34.51071966134987,0.0,34.51071966134987,0.0,34.51071966134987,0.0,34.51071966134987,0.0,34.51071966134987,0.0,34.51071966134987,1132.0809177733483
fuel,top 20 by calls,volume|2024|0|all,2024,container,1.5,e-methanol,0.8157804815316442,2045,11.494976360593613,0.0,11.494976360593613,0.0,20.872353711233536,0.0,20.872353711233536,0.0,20.872353711233536,0.0,20.872353711233536,303.60011116283425
fuel,top 20 by calls,volume|2024|0|all,2024,container,1.5,bio-methanol,0.8157804815316442,2045,28.214378045018336,0.0,28.214378045018336,0.0,28.214378045018336,0.0,28.214378045018336,0.0,28.214378045018336,0.0,28.214378045018336,849.1311511392363
fuel,top 20 by calls,volume|2024|0|all,2024,container,2.0,e-methanol,0.8471671532386248,2050,9.835643755956859,0.0,9.835643755956859,0.0,18.168078076960086,0.0,18.168078076960086,0.0,18.168078076960086,0.0,18.168078076960086,0.0
fuel,top 20 by calls,volume|2024|0|all,2024,container,2.0,bio-methanol,0.8471671532386248,2045,25.79258245610771,0.0,25.79258245610771,0.0,25.79258245610771,0.0,25.79258245610771,0.0,25.79258245610771,0.0,25.79258245610771,703.5122568877031
fuel,20 chosen for continuity,greedy|2024|7000|all,2024,all,1.0,e-methanol,0.6428038828818351,2040,21.77741227890342,0.0,21.77741227890342,0.0,35.77601745090109,0.0,35.77601745090109,0.0,35.77601745090109,76.15497968441396,35.77601745090109,1176.9236735181128
fuel,20 chosen for continuity,greedy|2024|7000|all,2024,all,1.0,bio-methanol,0.6428038828818351,2040,41.5612523968376,0.0,41.5612523968376,0.0,41.5612523968376,0.0,41.5612523968376,0.0,41.5612523968376,399.6290966841519,41.5612523968376,1347.1732087811329
fuel,20 chosen for continuity,greedy|2024|7000|all,2024,all,1.5,e-methanol,0.7523856200714266,2045,15.027773951701622,0.0,15.027773951701622,0.0,26.33445497464588,0.0,26.33445497464588,0.0,26.33445497464588,0.0,26.33445497464588,738.4201403777719
fuel,20 chosen for continuity,greedy|2024|7000|all,2024,all,1.5,bio-methanol,0.7523856200714266,2045,33.10592555528872,0.0,33.10592555528872,0.0,33.10592555528872,0.0,33.10592555528872,0.0,33.10592555528872,0.0,33.10592555528872,1078.2789103139944
fuel,20 chosen for continuity,greedy|2024|7000|all,2024,all,2.0,e-methanol,0.8120972977432758,2045,11.693465275197024,0.0,11.693465275197024,0.0,21.18969682643936,0.0,21.18969682643936,0.0,21.18969682643936,0.0,21.18969682643936,334.996410831012
fuel,20 chosen for continuity,greedy|2024|7000|all,2024,all,2.0,bio-methanol,0.8120972977432758,2045,28.49857250612884,0.0,28.49857250612884,0.0,28.49857250612884,0.0,28.49857250612884,0.0,28.49857250612884,0.0,28.49857250612884,864.5967796952024
fuel,20 chosen for continuity,greedy|2024|7000|all,2024,container,1.0,e-methanol,0.7815987671504859,2045,13.368582568345673,0.0,13.368582568345673,0.0,23.81745022231413,0.0,23.81745022231413,0.0,23.81745022231413,0.0,23.81745022231413,562.8260123745297
fuel,20 chosen for continuity,greedy|2024|7000|all,2024,container,1.0,bio-methanol,0.7815987671504859,2045,30.8518391266685,0.0,30.8518391266685,0.0,30.8518391266685,0.0,30.8518391266685,0.0,30.8518391266685,0.0,30.8518391266685,981.7117799575078
fuel,20 chosen for continuity,greedy|2024|7000|all,2024,container,1.5,e-methanol,0.8522997738341618,2050,9.569645117300345,0.0,9.569645117300345,0.0,17.72585148644862,0.0,17.72585148644862,0.0,17.72585148644862,0.0,17.72585148644862,0.0
fuel,20 chosen for continuity,greedy|2024|7000|all,2024,container,1.5,bio-methanol,0.8522997738341618,2045,25.396549450956076,0.0,25.396549450956076,0.0,25.396549450956076,0.0,25.396549450956076,0.0,25.396549450956076,0.0,25.396549450956076,677.0572795922587
fuel,20 chosen for continuity,greedy|2024|7000|all,2024,container,2.0,e-methanol,0.8793017831044507,2050,8.194191324760018,0.0,8.194191324760018,0.0,15.399358367720524,0.0,15.399358367720524,0.0,15.399358367720524,0.0,15.399358367720524,0.0
fuel,20 chosen for continuity,greedy|2024|7000|all,2024,container,2.0,bio-methanol,0.8793017831044507,2045,23.31307441566058,0.0,23.31307441566058,0.0,23.31307441566058,0.0,23.31307441566058,0.0,23.31307441566058,0.0,23.31307441566058,523.0789547599815
fuel,20 chosen for continuity on 2019,greedy|2019|7000|all,2024,all,1.0,e-methanol,0.6430972599244571,2040,21.75813992079352,0.0,21.75813992079352,0.0,35.75074008490878,0.0,35.75074008490878,0.0,35.75074008490878,74.51191772406247,35.75074008490878,1176.0589040652962
fuel,20 chosen for continuity on 2019,greedy|2019|7000|all,2024,all,1.0,bio-methanol,0.6430972599244571,2040,41.538615424228894,0.0,41.538615424228894,0.0,41.538615424228894,0.0,41.538615424228894,0.0,41.538615424228894,398.53897028289475,41.538615424228894,1346.599458043629
fuel,20 chosen for continuity on 2019,greedy|2019|7000|all,2024,all,1.5,e-methanol,0.7533790691182034,2045,14.970441855437729,0.0,14.970441855437729,0.0,26.248859404775594,0.0,26.248859404775594,0.0,26.248859404775594,0.0,26.248859404775594,733.0018525666268
fuel,20 chosen for continuity on 2019,greedy|2019|7000|all,2024,all,1.5,bio-methanol,0.7533790691182034,2045,33.029271026839425,0.0,33.029271026839425,0.0,33.029271026839425,0.0,33.029271026839425,0.0,33.029271026839425,0.0,33.029271026839425,1075.2114521557735
fuel,20 chosen for continuity on 2019,greedy|2019|7000|all,2024,all,2.0,e-methanol,0.8138941432435506,2045,11.596531526653338,0.0,11.596531526653338,0.0,21.03488061813568,0.0,21.03488061813568,0.0,21.03488061813568,0.0,21.03488061813568,319.7980347806628
fuel,20 chosen for continuity on 2019,greedy|2019|7000|all,2024,all,2.0,bio-methanol,0.8138941432435506,2045,28.359927907327638,0.0,28.359927907327638,0.0,28.359927907327638,0.0,28.359927907327638,0.0,28.359927907327638,0.0,28.359927907327638,857.0905771345734
fuel,20 chosen for continuity on 2019,greedy|2019|7000|all,2024,container,1.0,e-methanol,0.7881481647682882,2045,13.004042160330423,0.0,13.004042160330423,0.0,23.25315412356429,0.0,23.25315412356429,0.0,23.25315412356429,0.0,23.25315412356429,518.2423783250243
fuel,20 chosen for continuity on 2019,greedy|2019|7000|all,2024,container,1.0,bio-methanol,0.7881481647682882,2045,30.34648760647888,0.0,30.34648760647888,0.0,30.34648760647888,0.0,30.34648760647888,0.0,30.34648760647888,0.0,30.34648760647888,958.0934252615763
fuel,20 chosen for continuity on 2019,greedy|2019|7000|all,2024,container,1.5,e-methanol,0.8581284601418816,2050,9.269354753255504,0.0,9.269354753255504,0.0,17.22365187417548,0.0,17.22365187417548,0.0,17.22365187417548,0.0,17.22365187417548,0.0
fuel,20 chosen for continuity on 2019,greedy|2019|7000|all,2024,container,1.5,bio-methanol,0.8581284601418816,2045,24.946808015452415,0.0,24.946808015452415,0.0,24.946808015452415,0.0,24.946808015452415,0.0,24.946808015452415,0.0,24.946808015452415,645.9960419426648
fuel,20 chosen for continuity on 2019,greedy|2019|7000|all,2024,container,2.0,e-methanol,0.8865748556934399,2050,7.830439586783999,0.0,7.830439586783999,0.0,14.772710433453222,0.0,14.772710433453222,0.0,14.772710433453222,0.0,14.772710433453222,0.0
fuel,20 chosen for continuity on 2019,greedy|2019|7000|all,2024,container,2.0,bio-methanol,0.8865748556934399,2045,22.75188413469418,0.0,22.75188413469418,0.0,22.75188413469418,0.0,22.75188413469418,0.0,22.75188413469418,0.0,22.75188413469418,476.7834549018485
fuel,10 chosen for dual-fuel use,dualfuel|2024|7000|all,2024,all,1.0,e-methanol,0.5185483253202456,2040,30.609415265467504,0.0,30.609415265467504,0.0,46.48187629040764,0.0,46.48187629040764,0.0,46.48187629040764,611.3906185590666,46.48187629040764,1458.6266413468775
fuel,10 chosen for dual-fuel use,dualfuel|2024|7000|all,2024,all,1.0,bio-methanol,0.5185483253202456,2040,51.14881121828985,0.0,51.14881121828985,0.0,51.14881121828985,0.0,51.14881121828985,0.0,51.14881121828985,774.5874435832158,51.14881121828985,1544.5197071490609
fuel,10 chosen for dual-fuel use,dualfuel|2024|7000|all,2024,all,1.5,e-methanol,0.6339335014834883,2040,22.363388399226057,0.0,22.363388399226057,0.0,36.54028951218265,0.0,36.54028951218265,0.0,36.54028951218265,124.76022741194912,36.54028951218265,1202.5053828483947
fuel,10 chosen for dual-fuel use,dualfuel|2024|7000|all,2024,all,1.5,bio-methanol,0.6339335014834883,2040,42.24569102553404,0.0,42.24569102553404,0.0,42.24569102553404,0.0,42.24569102553404,0.0,42.24569102553404,432.0378722234662,42.24569102553404,1364.2304590649826
fuel,10 chosen for dual-fuel use,dualfuel|2024|7000|all,2024,all,2.0,e-methanol,0.7039041853127899,2045,17.9068844694744,0.0,17.9068844694744,0.0,30.511615393450025,0.0,30.511615393450025,0.0,30.511615393450025,0.0,30.511615393450025,965.8969728166761
fuel,10 chosen for dual-fuel use,dualfuel|2024|7000|all,2024,all,2.0,bio-methanol,0.7039041853127899,2040,36.84675306126513,0.0,36.84675306126513,0.0,36.84675306126513,0.0,36.84675306126513,0.0,36.84675306126513,143.6839587529872,36.84675306126513,1212.4652414489408
fuel,10 chosen for dual-fuel use,dualfuel|2024|7000|all,2024,container,1.0,e-methanol,0.6318254785346236,2040,22.503580960405795,0.0,22.503580960405795,0.0,36.72191676945683,0.0,36.72191676945683,0.0,36.72191676945683,136.01360402980606,36.72191676945683,1208.4282126472665
fuel,10 chosen for dual-fuel use,dualfuel|2024|7000|all,2024,container,1.0,bio-methanol,0.6318254785346236,2040,42.408346076268444,0.0,42.408346076268444,0.0,42.408346076268444,0.0,42.408346076268444,0.0,42.408346076268444,439.58589069985743,42.408346076268444,1368.2031003683462
fuel,10 chosen for dual-fuel use,dualfuel|2024|7000|all,2024,container,1.5,e-methanol,0.7222627577019864,2045,16.79757671529628,0.0,16.79757671529628,0.0,28.929840796396846,0.0,28.929840796396846,0.0,28.929840796396846,0.0,28.929840796396846,887.4856274546173
fuel,10 chosen for dual-fuel use,dualfuel|2024|7000|all,2024,container,1.5,bio-methanol,0.7222627577019864,2040,35.430205615714726,0.0,35.430205615714726,0.0,35.430205615714726,0.0,35.430205615714726,0.0,35.430205615714726,53.4733977630383,35.430205615714726,1164.985998822652
fuel,10 chosen for dual-fuel use,dualfuel|2024|7000|all,2024,container,2.0,e-methanol,0.7658803741691245,2045,14.254502926582415,0.0,14.254502926582415,0.0,25.171746961588234,0.0,25.171746961588234,0.0,25.171746961588234,0.0,25.171746961588234,661.670115039202
fuel,10 chosen for dual-fuel use,dualfuel|2024|7000|all,2024,container,2.0,bio-methanol,0.7658803741691245,2045,32.064670329110356,0.0,32.064670329110356,0.0,32.064670329110356,0.0,32.064670329110356,0.0,32.064670329110356,0.0,32.064670329110356,1035.357870488543
fuel,20 chosen for dual-fuel use,dualfuel|2024|7000|all,2024,all,1.0,e-methanol,0.6560396391223956,2045,20.914731673674947,0.0,20.914731673674947,0.0,34.635624693214396,0.0,34.635624693214396,0.0,34.635624693214396,0.0,34.635624693214396,1136.65336232343
fuel,20 chosen for dual-fuel use,dualfuel|2024|7000|all,2024,all,1.0,bio-methanol,0.6560396391223956,2040,40.53998144531595,0.0,40.53998144531595,0.0,40.53998144531595,0.0,40.53998144531595,0.0,40.53998144531595,349.23635788674306,40.53998144531595,1320.6507146772335
fuel,20 chosen for dual-fuel use,dualfuel|2024|7000|all,2024,all,1.5,e-methanol,0.7671897519169636,2045,14.1801020222371,0.0,14.1801020222371,0.0,25.058930974834414,0.0,25.058930974834414,0.0,25.058930974834414,0.0,25.058930974834414,653.84410676006
fuel,20 chosen for dual-fuel use,dualfuel|2024|7000|all,2024,all,1.5,bio-methanol,0.7671897519169636,2045,31.963638742087088,0.0,31.963638742087088,0.0,31.963638742087088,0.0,31.963638742087088,0.0,31.963638742087088,0.0,31.963638742087088,1031.0444704662289
fuel,20 chosen for dual-fuel use,dualfuel|2024|7000|all,2024,all,2.0,e-methanol,0.8259727842856005,2045,10.949881114342702,0.0,10.949881114342702,0.0,19.994184905952658,0.0,19.994184905952658,0.0,19.994184905952658,0.0,19.994184905952658,211.52369022191354
fuel,20 chosen for dual-fuel use,dualfuel|2024|7000|all,2024,all,2.0,bio-methanol,0.8259727842856005,2045,27.427939964523063,0.0,27.427939964523063,0.0,27.427939964523063,0.0,27.427939964523063,0.0,27.427939964523063,0.0,27.427939964523063,804.6632719556171
fuel,20 chosen for dual-fuel use,dualfuel|2024|7000|all,2024,container,1.0,e-methanol,0.7840255558701543,2045,13.233195022653462,0.0,13.233195022653462,0.0,23.608358106227502,0.0,23.608358106227502,0.0,23.608358106227502,0.0,23.608358106227502,546.554715786963
fuel,20 chosen for dual-fuel use,dualfuel|2024|7000|all,2024,container,1.0,bio-methanol,0.7840255558701543,2045,30.66458810905889,0.0,30.66458810905889,0.0,30.66458810905889,0.0,30.66458810905889,0.0,30.66458810905889,0.0,30.66458810905889,973.0511088432519
fuel,20 chosen for dual-fuel use,dualfuel|2024|7000|all,2024,container,1.5,e-methanol,0.8537293271469518,2050,9.49582062237245,0.0,9.49582062237245,0.0,17.60268117301863,0.0,17.60268117301863,0.0,17.60268117301863,0.0,17.60268117301863,0.0
fuel,20 chosen for dual-fuel use,dualfuel|2024|7000|all,2024,container,1.5,bio-methanol,0.8537293271469518,2045,25.286245117341196,0.0,25.286245117341196,0.0,25.286245117341196,0.0,25.286245117341196,0.0,25.286245117341196,0.0,25.286245117341196,669.5414128532761
fuel,20 chosen for dual-fuel use,dualfuel|2024|7000|all,2024,container,2.0,e-methanol,0.8803360582021595,2050,8.14229199005016,0.0,8.14229199005016,0.0,15.310245225301934,0.0,15.310245225301934,0.0,15.310245225301934,0.0,15.310245225301934,0.0
fuel,20 chosen for dual-fuel use,dualfuel|2024|7000|all,2024,container,2.0,bio-methanol,0.8803360582021595,2045,23.23326974912137,0.0,23.23326974912137,0.0,23.23326974912137,0.0,23.23326974912137,0.0,23.23326974912137,0.0,23.23326974912137,516.6318614428013
fuel,20 chosen for dual-fuel use on 2019,dualfuel|2019|7000|all,2024,all,1.0,e-methanol,0.6535417587570752,2040,21.076481365482344,0.0,21.076481365482344,0.0,34.8508420654904,0.0,34.8508420654904,0.0,34.8508420654904,14.464527319875664,34.8508420654904,1144.455014378882
fuel,20 chosen for dual-fuel use on 2019,dualfuel|2019|7000|all,2024,all,1.0,bio-methanol,0.6535417587570752,2040,40.73271789430407,0.0,40.73271789430407,0.0,40.73271789430407,0.0,40.73271789430407,0.0,40.73271789430407,358.94002910064273,40.73271789430407,1325.7579100529701
fuel,20 chosen for dual-fuel use on 2019,dualfuel|2019|7000|all,2024,all,1.5,e-methanol,0.7636950480701756,2045,14.378922640862694,0.0,14.378922640862694,0.0,25.360034658273666,0.0,25.360034658273666,0.0,25.360034658273666,0.0,25.360034658273666,674.5764905441715
fuel,20 chosen for dual-fuel use on 2019,dualfuel|2019|7000|all,2024,all,1.5,bio-methanol,0.7636950480701756,2045,32.23329009090524,0.0,32.23329009090524,0.0,32.23329009090524,0.0,32.23329009090524,0.0,32.23329009090524,0.0,32.23329009090524,1042.4966276605392
fuel,20 chosen for dual-fuel use on 2019,dualfuel|2019|7000|all,2024,all,2.0,e-methanol,0.8225287692417496,2045,11.13338872042758,0.0,11.13338872042758,0.0,20.290921242130857,0.0,20.290921242130857,0.0,20.290921242130857,0.0,20.290921242130857,243.5281731247379
fuel,20 chosen for dual-fuel use on 2019,dualfuel|2019|7000|all,2024,all,2.0,bio-methanol,0.8225287692417496,2045,27.693680165306603,0.0,27.693680165306603,0.0,27.693680165306603,0.0,27.693680165306603,0.0,27.693680165306603,0.0,27.693680165306603,819.9716419482398
fuel,20 chosen for dual-fuel use on 2019,dualfuel|2019|7000|all,2024,container,1.0,e-methanol,0.7847068771444649,2045,13.195251145618046,0.0,13.195251145618046,0.0,23.549655465232906,0.0,23.549655465232906,0.0,23.549655465232906,0.0,23.549655465232906,541.9346000794143
fuel,20 chosen for dual-fuel use on 2019,dualfuel|2019|7000|all,2024,container,1.0,bio-methanol,0.7847068771444649,2045,30.61201735953309,0.0,30.61201735953309,0.0,30.61201735953309,0.0,30.61201735953309,0.0,30.61201735953309,0.0,30.61201735953309,970.6005753856859
fuel,20 chosen for dual-fuel use on 2019,dualfuel|2019|7000|all,2024,container,1.5,e-methanol,0.8540245006230273,2050,9.480591556591243,0.0,9.480591556591243,0.0,17.57724902631997,0.0,17.57724902631997,0.0,17.57724902631997,0.0,17.57724902631997,0.0
fuel,20 chosen for dual-fuel use on 2019,dualfuel|2019|7000|all,2024,container,1.5,bio-methanol,0.8540245006230273,2045,25.263469531927214,0.0,25.263469531927214,0.0,25.263469531927214,0.0,25.263469531927214,0.0,25.263469531927214,0.0,25.263469531927214,667.9813655562447
fuel,20 chosen for dual-fuel use on 2019,dualfuel|2019|7000|all,2024,container,2.0,e-methanol,0.8823408343212706,2050,8.041855884371529,0.0,8.041855884371529,0.0,15.137513714879322,0.0,15.137513714879322,0.0,15.137513714879322,0.0,15.137513714879322,0.0
fuel,20 chosen for dual-fuel use on 2019,dualfuel|2019|7000|all,2024,container,2.0,bio-methanol,0.8823408343212706,2045,23.078581223770755,0.0,23.078581223770755,0.0,23.078581223770755,0.0,23.078581223770755,0.0,23.078581223770755,0.0,23.078581223770755,504.00823275345726
fuel,top 20 by calls on 2019,volume|2019|0|all,2024,all,1.0,e-methanol,0.6066699679209728,2040,24.204918458923874,0.0,24.204918458923874,0.0,38.88931556392898,0.0,38.88931556392898,0.0,38.88931556392898,262.19122670513303,38.88931556392898,1274.8374877395438
fuel,top 20 by calls on 2019,volume|2019|0|all,2024,all,1.0,bio-methanol,0.6066699679209728,2040,44.349345275217736,0.0,44.349345275217736,0.0,44.349345275217736,0.0,44.349345275217736,0.0,44.349345275217736,525.3856289405655,44.349345275217736,1413.3608573371398
fuel,top 20 by calls on 2019,volume|2019|0|all,2024,all,1.5,e-methanol,0.7159613458627685,2045,17.175661043603082,0.0,17.175661043603082,0.0,29.47277044046387,0.0,29.47277044046387,0.0,29.47277044046387,0.0,29.47277044046387,915.3482571857163
fuel,top 20 by calls on 2019,volume|2019|0|all,2024,all,1.5,bio-methanol,0.7159613458627685,2040,35.916422553228784,0.0,35.916422553228784,0.0,35.916422553228784,0.0,35.916422553228784,0.0,35.916422553228784,85.2393949651276,35.916422553228784,1181.7049447184886
fuel,top 20 by calls on 2019,volume|2019|0|all,2024,all,2.0,e-methanol,0.7776625657052959,2045,13.588964410266167,0.0,13.588964410266167,0.0,24.156593338831705,0.0,24.156593338831705,0.0,24.156593338831705,0.0,24.156593338831705,588.618759845538
fuel,top 20 by calls on 2019,volume|2019|0|all,2024,all,2.0,bio-methanol,0.7776625657052959,2045,31.155556430179367,0.0,31.155556430179367,0.0,31.155556430179367,0.0,31.155556430179367,0.0,31.155556430179367,0.0,31.155556430179367,995.5378425655651
fuel,top 20 by calls on 2019,volume|2019|0|all,2024,container,1.0,e-methanol,0.7388094258736542,2045,15.8178230790914,0.0,15.8178230790914,0.0,27.504179866725956,0.0,27.504179866725956,0.0,27.504179866725956,0.0,27.504179866725956,809.0854476654964
fuel,top 20 by calls on 2019,volume|2019|0|all,2024,container,1.0,bio-methanol,0.7388094258736542,2045,34.15346469958884,0.0,34.15346469958884,0.0,34.15346469958884,0.0,34.15346469958884,0.0,34.15346469958884,0.0,34.15346469958884,1118.8181232890622
fuel,top 20 by calls on 2019,volume|2019|0|all,2024,container,1.5,e-methanol,0.8103869070357768,2045,11.785913832493161,0.0,11.785913832493161,0.0,21.337064089797472,0.0,21.337064089797472,0.0,21.337064089797472,0.0,21.337064089797472,349.258632028821
fuel,top 20 by calls on 2019,volume|2019|0|all,2024,container,1.5,bio-methanol,0.8103869070357768,2045,28.630546253119462,0.0,28.630546253119462,0.0,28.630546253119462,0.0,28.630546253119462,0.0,28.630546253119462,0.0,28.630546253119462,871.6742875545925
fuel,top 20 by calls on 2019,volume|2019|0|all,2024,container,2.0,e-methanol,0.8389205279147942,2045,10.266135500846431,0.0,10.266135500846431,0.0,18.87860731486133,0.0,18.87860731486133,0.0,18.87860731486133,0.0,18.87860731486133,82.20190874173082
fuel,top 20 by calls on 2019,volume|2019|0|all,2024,container,2.0,bio-methanol,0.8389205279147942,2045,26.428892066094477,0.0,26.428892066094477,0.0,26.428892066094477,0.0,26.428892066094477,0.0,26.428892066094477,0.0,26.428892066094477,744.3573839353098
fuel_eu,all nodes,all|-1|0|all,2024,all,1.0,e-methanol,0.9607492941251636,2050,4.274815165452177,0.0,4.274815165452177,0.0,8.3818408181759,0.0,8.3818408181759,0.0,8.3818408181759,0.0,8.3818408181759,0.0
fuel_eu,all nodes,all|-1|0|all,2024,all,1.0,bio-methanol,0.9607492941251636,2050,17.028584465302373,0.0,17.028584465302373,0.0,17.028584465302373,0.0,17.028584465302373,0.0,17.028584465302373,0.0,17.028584465302373,0.0
fuel_eu,all nodes,all|-1|0|all,2024,all,1.5,e-methanol,0.9735915244694214,2050,3.686352602102174,0.0,3.686352602102174,0.0,7.275354251714649,0.0,7.275354251714649,0.0,7.275354251714649,0.0,7.275354251714649,0.0
fuel_eu,all nodes,all|-1|0|all,2024,all,1.5,bio-methanol,0.9735915244694214,2050,16.03767797193944,0.0,16.03767797193944,0.0,16.03767797193944,0.0,16.03767797193944,0.0,16.03767797193944,0.0,16.03767797193944,0.0
fuel_eu,all nodes,all|-1|0|all,2024,all,2.0,e-methanol,0.9796211932320948,2050,3.4126922939699202,0.0,3.4126922939699202,0.0,6.755837991122709,0.0,6.755837991122709,0.0,6.755837991122709,0.0,6.755837991122709,0.0
fuel_eu,all nodes,all|-1|0|all,2024,all,2.0,bio-methanol,0.9796211932320948,2050,15.572428730211561,0.0,15.572428730211561,0.0,15.572428730211561,0.0,15.572428730211561,0.0,15.572428730211561,0.0,15.572428730211561,0.0
fuel_eu,all nodes,all|-1|0|all,2024,container,1.0,e-methanol,0.9964512998068444,2050,2.6575935056144937,0.0,2.6575935056144937,0.0,5.305756008642284,0.0,5.305756008642284,0.0,5.305756008642284,0.0,5.305756008642284,0.0
fuel_eu,all nodes,all|-1|0|all,2024,container,1.0,bio-methanol,0.9964512998068444,2050,14.273817706903882,0.0,14.273817706903882,0.0,14.273817706903882,0.0,14.273817706903882,0.0,14.273817706903882,0.0,14.273817706903882,0.0
fuel_eu,all nodes,all|-1|0|all,2024,container,1.5,e-methanol,0.9991450139936068,2050,2.5379177392316303,0.0,2.5379177392316303,0.0,5.073665594310841,0.0,5.073665594310841,0.0,5.073665594310841,0.0,5.073665594310841,0.0
fuel_eu,all nodes,all|-1|0|all,2024,container,1.5,bio-methanol,0.9991450139936068,2050,14.0659707202533,0.0,14.0659707202533,0.0,14.0659707202533,0.0,14.0659707202533,0.0,14.0659707202533,0.0,14.0659707202533,0.0
fuel_eu,all nodes,all|-1|0|all,2024,container,2.0,e-methanol,0.9996045993106586,2050,2.517531578557628,0.0,2.517531578557628,0.0,5.0340677233936555,0.0,5.0340677233936555,0.0,5.0340677233936555,0.0,5.0340677233936555,0.0
fuel_eu,all nodes,all|-1|0|all,2024,container,2.0,bio-methanol,0.9996045993106586,2050,14.030509117189583,0.0,14.030509117189583,0.0,14.030509117189583,0.0,14.030509117189583,0.0,14.030509117189583,0.0,14.030509117189583,0.0
fuel_eu,Yap hubs (4),external:yap4|-1|0|all,2024,all,1.0,e-methanol,0.2710934094244444,2035,53.341942725272354,0.0,53.341942725272354,0.0,67.80259184398987,0.0,67.80259184398987,173.52228145860477,67.80259184398987,1173.8238651511156,67.80259184398987,1754.6441395532188
fuel_eu,Yap hubs (4),external:yap4|-1|0|all,2024,all,1.0,bio-methanol,0.2710934094244444,2035,70.24243252880987,0.0,70.24243252880987,0.0,70.24243252880987,0.0,70.24243252880987,250.85802747387083,70.24243252880987,1216.4145658551752,70.24243252880987,1777.0602978185134
fuel_eu,Yap hubs (4),external:yap4|-1|0|all,2024,all,1.5,e-methanol,0.3365195865018668,2040,46.512952787850764,0.0,46.512952787850764,0.0,62.165472426999145,0.0,62.165472426999145,0.0,62.165472426999145,1062.6351131228225,62.165472426999145,1696.1237437488544
fuel_eu,Yap hubs (4),external:yap4|-1|0|all,2024,all,1.5,bio-methanol,0.3365195865018668,2035,65.19414870551594,0.0,65.19414870551594,0.0,65.19414870551594,0.0,65.19414870551594,84.44004565662064,65.19414870551594,1124.7640831152403,65.19414870551594,1728.8232016396003
fuel_eu,Yap hubs (4),external:yap4|-1|0|all,2024,all,2.0,e-methanol,0.388276804420333,2040,41.56668925635399,0.0,41.56668925635399,0.0,57.7060705311441,0.0,57.7060705311441,0.0,57.7060705311441,959.2864106882782,57.7060705311441,1641.729689835936
fuel_eu,Yap hubs (4),external:yap4|-1|0|all,2024,all,2.0,bio-methanol,0.388276804420333,2040,61.200561770927095,0.0,61.200561770927095,0.0,61.200561770927095,0.0,61.200561770927095,0.0,61.200561770927095,1041.5497244750113,61.200561770927095,1685.026170776322
fuel_eu,Yap hubs (4),external:yap4|-1|0|all,2024,container,1.0,e-methanol,0.4941105004184433,2040,32.51930782250673,0.0,32.51930782250673,0.0,48.58743928394693,0.0,48.58743928394693,0.0,48.58743928394693,688.9009747120302,48.58743928394693,1499.421565637911
fuel_eu,Yap hubs (4),external:yap4|-1|0|all,2024,container,1.0,bio-methanol,0.4941105004184433,2040,53.03443378771291,0.0,53.03443378771291,0.0,53.03443378771291,0.0,53.03443378771291,0.0,53.03443378771291,832.3784744683838,53.03443378771291,1574.9360391938867
fuel_eu,Yap hubs (4),external:yap4|-1|0|all,2024,container,1.5,e-methanol,0.5637104811994185,2040,27.23695047895925,0.0,27.23695047895925,0.0,42.5907049398581,0.0,42.5907049398581,0.0,42.5907049398581,447.9797148838414,42.5907049398581,1372.620902570443
fuel_eu,Yap hubs (4),external:yap4|-1|0|all,2024,container,1.5,bio-methanol,0.5637104811994185,2040,47.66409927065287,0.0,47.66409927065287,0.0,47.66409927065287,0.0,47.66409927065287,0.0,47.66409927065287,655.753884534463,47.66409927065287,1481.9757287023492
fuel_eu,Yap hubs (4),external:yap4|-1|0|all,2024,container,2.0,e-methanol,0.600356672684462,2040,24.64030034964693,0.0,24.64030034964693,0.0,39.43326908150675,0.0,39.43326908150675,0.0,39.43326908150675,291.6807574802448,39.43326908150675,1290.3582934106555
fuel_eu,Yap hubs (4),external:yap4|-1|0|all,2024,container,2.0,bio-methanol,0.600356672684462,2040,44.836479135666906,0.0,44.836479135666906,0.0,44.836479135666906,0.0,44.836479135666906,0.0,44.836479135666906,545.7527084488503,44.836479135666906,1424.0803728678159
fuel_eu,Yap hubs (8),external:yap8|-1|0|all,2024,all,1.0,e-methanol,0.3451992329351102,2040,45.65690537624145,0.0,45.65690537624145,0.0,61.41763409031091,0.0,61.41763409031091,0.0,61.41763409031091,1046.3509832086543,61.41763409031091,1687.5531490571868
fuel_eu,Yap hubs (8),external:yap8|-1|0|all,2024,all,1.0,bio-methanol,0.3451992329351102,2035,64.52442718672691,0.0,64.52442718672691,0.0,64.52442718672691,0.0,64.52442718672691,60.40604183691825,64.52442718672691,1111.527965069607,64.52442718672691,1721.8568237208458
fuel_eu,Yap hubs (8),external:yap8|-1|0|all,2024,all,1.5,e-methanol,0.4194029339581202,2040,38.76576685432712,0.0,38.76576685432712,0.0,55.024243210168365,0.0,55.024243210168365,0.0,55.024243210168365,889.06745191479,55.024243210168365,1604.7723431130476
fuel_eu,Yap hubs (8),external:yap8|-1|0|all,2024,all,1.5,bio-methanol,0.4194029339581202,2040,58.798869615791446,0.0,58.798869615791446,0.0,58.798869615791446,0.0,58.798869615791446,0.0,58.798869615791446,986.0626140732496,58.798869615791446,1655.8224284596051
fuel_eu,Yap hubs (8),external:yap8|-1|0|all,2024,all,2.0,e-methanol,0.4759033288610927,2040,33.98337018728195,0.0,33.98337018728195,0.0,50.156169185328245,0.0,50.156169185328245,0.0,50.156169185328245,742.4188619189915,50.156169185328245,1527.5888746942062
fuel_eu,Yap hubs (8),external:yap8|-1|0|all,2024,all,2.0,bio-methanol,0.4759033288610927,2040,54.43929914507808,0.0,54.43929914507808,0.0,54.43929914507808,0.0,54.43929914507808,0.0,54.43929914507808,872.8326538803983,54.43929914507808,1596.227712568631
fuel_eu,Yap hubs (8),external:yap8|-1|0|all,2024,container,1.0,e-methanol,0.6603022369056439,2045,20.6398320176191,0.0,20.6398320176191,0.0,34.26835926820972,0.0,34.26835926820972,0.0,34.26835926820972,0.0,34.26835926820972,1123.1136554415502
fuel_eu,Yap hubs (8),external:yap8|-1|0|all,2024,container,1.0,bio-methanol,0.6603022369056439,2040,40.21107940036051,0.0,40.21107940036051,0.0,40.21107940036051,0.0,40.21107940036051,0.0,40.21107940036051,332.46236510491116,40.21107940036051,1311.8222974236378
fuel_eu,Yap hubs (8),external:yap8|-1|0|all,2024,container,1.5,e-methanol,0.7305741676126658,2045,16.303103470805688,0.0,16.303103470805688,0.0,28.213729718492715,0.0,28.213729718492715,0.0,28.213729718492715,0.0,28.213729718492715,849.0955135463868
fuel_eu,Yap hubs (8),external:yap8|-1|0|all,2024,container,1.5,bio-methanol,0.7305741676126658,2040,34.78889722700671,0.0,34.78889722700671,0.0,34.78889722700671,0.0,34.78889722700671,0.0,34.78889722700671,10.216861503162988,34.78889722700671,1142.2194007911387
fuel_eu,Yap hubs (8),external:yap8|-1|0|all,2024,container,2.0,e-methanol,0.7617670569952244,2045,14.488947484821008,0.0,14.488947484821008,0.0,25.526150369291464,0.0,25.526150369291464,0.0,25.526150369291464,0.0,25.526150369291464,685.8049738420248
fuel_eu,Yap hubs (8),external:yap8|-1|0|all,2024,container,2.0,bio-methanol,0.7617670569952244,2045,32.382053882248485,0.0,32.382053882248485,0.0,32.382053882248485,0.0,32.382053882248485,0.0,32.382053882248485,0.0,32.382053882248485,1048.7330248070823
fuel_eu,top-10 bunker ports,external:bunker10|-1|0|all,2024,all,1.0,e-methanol,0.4529470228658586,2040,35.8816141878635,0.0,35.8816141878635,0.0,52.134084509877624,0.0,52.134084509877624,0.0,52.134084509877624,805.3058420111279,52.134084509877624,1560.6872852690146
fuel_eu,top-10 bunker ports,external:bunker10|-1|0|all,2024,all,1.0,bio-methanol,0.4529470228658586,2040,56.210607715670356,0.0,56.210607715670356,0.0,56.210607715670356,0.0,56.210607715670356,0.0,56.210607715670356,920.9567485814094,56.210607715670356,1621.5561834638997
fuel_eu,top-10 bunker ports,external:bunker10|-1|0|all,2024,all,1.5,e-methanol,0.5455217652953913,2040,28.571480320569485,0.0,28.571480320569485,0.0,44.157844702149085,0.0,44.157844702149085,0.0,44.157844702149085,517.2559358189458,44.157844702149085,1409.082071483656
fuel_eu,top-10 bunker ports,external:bunker10|-1|0|all,2024,all,1.5,bio-methanol,0.5455217652953913,2040,49.06754058980761,0.0,49.06754058980761,0.0,49.06754058980761,0.0,49.06754058980761,0.0,49.06754058980761,705.6432215543008,49.06754058980761,1508.2332745022638
fuel_eu,top-10 bunker ports,external:bunker10|-1|0|all,2024,all,2.0,e-methanol,0.6140000240920038,2040,23.703691049048036,0.0,23.703691049048036,0.0,38.25775792423295,0.0,38.25775792423295,0.0,38.25775792423295,226.90035927747383,38.25775792423295,1256.2633469881443
fuel_eu,top-10 bunker ports,external:bunker10|-1|0|all,2024,all,2.0,bio-methanol,0.6140000240920038,2040,43.783758141060986,0.0,43.783758141060986,0.0,43.783758141060986,0.0,43.783758141060986,0.0,43.783758141060986,501.1698508805675,43.783758141060986,1400.6157109897727
fuel_eu,top-10 bunker ports,external:bunker10|-1|0|all,2024,container,1.0,e-methanol,0.6347205800314176,2040,22.31113700409405,0.0,22.31113700409405,0.0,36.472474824493055,0.0,36.472474824493055,0.0,36.472474824493055,120.52978581621207,36.472474824493055,1200.2788346401119
fuel_eu,top-10 bunker ports,external:bunker10|-1|0|all,2024,container,1.0,bio-methanol,0.6347205800314176,2040,42.18496004477582,0.0,42.18496004477582,0.0,42.18496004477582,0.0,42.18496004477582,0.0,42.18496004477582,429.20472339535183,42.18496004477582,1362.7393281028171
fuel_eu,top-10 bunker ports,external:bunker10|-1|0|all,2024,container,1.5,e-methanol,0.7017137684199295,2045,18.04083758542112,0.0,18.04083758542112,0.0,30.700341712938872,0.0,30.700341712938872,0.0,30.700341712938872,0.0,30.700341712938872,974.7129328675067
fuel_eu,top-10 bunker ports,external:bunker10|-1|0|all,2024,container,1.5,bio-methanol,0.7017137684199295,2040,37.01576562871824,0.0,37.01576562871824,0.0,37.01576562871824,0.0,37.01576562871824,0.0,37.01576562871824,153.98621133751655,37.01576562871824,1217.8874796513246
fuel_eu,top-10 bunker ports,external:bunker10|-1|0|all,2024,container,2.0,e-methanol,0.7397344288813342,2045,15.763602278779093,0.0,15.763602278779093,0.0,27.424481607584244,0.0,27.424481607584244,0.0,27.424481607584244,0.0,27.424481607584244,804.4620924430149
fuel_eu,top-10 bunker ports,external:bunker10|-1|0|all,2024,container,2.0,bio-methanol,0.7397344288813342,2045,34.08209146751625,0.0,34.08209146751625,0.0,34.08209146751625,0.0,34.08209146751625,0.0,34.08209146751625,0.0,34.08209146751625,1116.135127983424
fuel_eu,top 10 by calls,volume|2024|0|all,2024,all,1.0,e-methanol,0.3753817749057302,2040,42.76420361768546,0.0,42.76420361768546,0.0,58.81710627412228,0.0,58.81710627412228,0.0,58.81710627412228,986.501015324888,58.81710627412228,1656.0531659604676
fuel_eu,top 10 by calls,volume|2024|0|all,2024,all,1.0,bio-methanol,0.3753817749057302,2040,62.19554224827385,0.0,62.19554224827385,0.0,62.19554224827385,0.0,62.19554224827385,0.0,62.19554224827385,1063.281691988024,62.19554224827385,1696.4640484147496
fuel_eu,top 10 by calls,volume|2024|0|all,2024,all,1.5,e-methanol,0.4692745244004629,2040,34.525411102704155,0.0,34.525411102704155,0.0,50.72730697765611,0.0,50.72730697765611,0.0,50.72730697765611,761.0815366835893,50.72730697765611,1537.411335096626
fuel_eu,top 10 by calls,volume|2024|0|all,2024,all,1.5,bio-methanol,0.4692745244004629,2040,54.95077769726028,0.0,54.95077769726028,0.0,54.95077769726028,0.0,54.95077769726028,0.0,54.95077769726028,887.0474361977033,54.95077769726028,1603.7091769461597
fuel_eu,top 10 by calls,volume|2024|0|all,2024,all,2.0,e-methanol,0.536802399218084,2040,29.22243308978393,0.0,29.22243308978393,0.0,44.909105283369875,0.0,44.909105283369875,0.0,44.909105283369875,548.751361769247,44.909105283369875,1425.6586114574986
fuel_eu,top 10 by calls,volume|2024|0|all,2024,all,2.0,bio-methanol,0.536802399218084,2040,49.74032687633263,0.0,49.74032687633263,0.0,49.74032687633263,0.0,49.74032687633263,0.0,49.74032687633263,728.5610445081624,49.74032687633263,1520.2952865832433
fuel_eu,top 10 by calls,volume|2024|0|all,2024,container,1.0,e-methanol,0.5537420651789842,2040,27.964476625773486,0.0,27.964476625773486,0.0,43.449583664178725,0.0,43.449583664178725,0.0,43.449583664178725,486.565785242687,43.449583664178725,1392.929360654046
fuel_eu,top 10 by calls,volume|2024|0|all,2024,container,1.0,bio-methanol,0.5537420651789842,2040,48.43326225078958,0.0,48.43326225078958,0.0,48.43326225078958,0.0,48.43326225078958,0.0,48.43326225078958,683.4540533423465,48.43326225078958,1496.5547649170248
fuel_eu,top 10 by calls,volume|2024|0|all,2024,container,1.5,e-methanol,0.6181291830963523,2040,23.42333973106607,0.0,23.42333973106607,0.0,37.901989584418274,0.0,37.901989584418274,0.0,37.901989584418274,206.50248412873634,37.901989584418274,1245.527623225651
fuel_eu,top 10 by calls,volume|2024|0|all,2024,container,1.5,bio-methanol,0.6181291830963523,2040,43.46515223228545,0.0,43.46515223228545,0.0,43.46515223228545,0.0,43.46515223228545,0.0,43.46515223228545,487.2511487893503,43.46515223228545,1393.2900783101845
fuel_eu,top 10 by calls,volume|2024|0|all,2024,container,2.0,e-methanol,0.6519849398952952,2040,21.17754026307211,0.0,21.17754026307211,0.0,34.98497757862137,0.0,34.98497757862137,0.0,34.98497757862137,23.610882323276172,34.98497757862137,1149.2688854333037
fuel_eu,top 10 by calls,volume|2024|0|all,2024,container,2.0,bio-methanol,0.6519849398952952,2040,40.852842037679025,0.0,40.852842037679025,0.0,40.852842037679025,0.0,40.852842037679025,0.0,40.852842037679025,364.94158415414563,40.852842037679025,1328.9166232390244
fuel_eu,10 chosen for continuity,greedy|2024|7000|all,2024,all,1.0,e-methanol,0.1878271359896029,2035,63.12098089986058,0.0,63.12098089986058,0.0,74.97681396313581,0.0,74.97681396313581,386.56475221494964,74.97681396313581,1291.1516026691024,74.97681396313581,1816.3955803521592
fuel_eu,10 chosen for continuity,greedy|2024|7000|all,2024,all,1.0,bio-methanol,0.1878271359896029,2035,76.66725818704224,0.0,76.66725818704224,0.0,76.66725818704224,0.0,76.66725818704224,430.9591921011942,76.66725818704224,1315.6007144905127,76.66725818704224,1829.263533942375
fuel_eu,10 chosen for continuity,greedy|2024|7000|all,2024,all,1.5,e-methanol,0.2477747289548474,2035,55.948984807318205,0.0,55.948984807318205,0.0,69.81172935325034,0.0,69.81172935325034,237.59890496149927,69.81172935325034,1209.1124404135792,69.81172935325034,1773.217073901884
fuel_eu,10 chosen for continuity,greedy|2024|7000|all,2024,all,1.5,bio-methanol,0.2477747289548474,2035,72.04170191384398,0.0,72.04170191384398,0.0,72.04170191384398,0.0,72.04170191384398,304.53367994363845,72.04170191384398,1245.9750701138878,72.04170191384398,1792.6184579546778
fuel_eu,10 chosen for continuity,greedy|2024|7000|all,2024,all,2.0,e-methanol,0.2941420945982288,2035,50.857411565651645,0.0,50.857411565651645,0.0,65.8167171294166,0.0,65.8167171294166,106.34321211793791,65.8167171294166,1136.8266965287191,65.8167171294166,1735.1719455414311
fuel_eu,10 chosen for continuity,greedy|2024|7000|all,2024,all,2.0,bio-methanol,0.2941420945982288,2035,68.46399598080066,0.0,68.46399598080066,0.0,68.46399598080066,0.0,68.46399598080066,195.031419984105,68.46399598080066,1185.6694776724055,68.46399598080066,1760.878672459161
fuel_eu,10 chosen for continuity,greedy|2024|7000|all,2024,container,1.0,e-methanol,0.2633311732992727,2035,54.199079034610634,0.0,54.199079034610634,0.0,68.47138610853466,0.0,68.47138610853466,195.2694025981848,68.47138610853466,1185.800540561319,68.47138610853466,1760.94765292701
fuel_eu,10 chosen for continuity,greedy|2024|7000|all,2024,container,1.0,bio-methanol,0.2633311732992727,2035,70.84136666822812,0.0,70.84136666822812,0.0,70.84136666822812,0.0,70.84136666822812,269.0281243867509,70.84136666822812,1226.4212858941526,70.84136666822812,1782.3269925758698
fuel_eu,10 chosen for continuity,greedy|2024|7000|all,2024,container,1.5,e-methanol,0.3031691675299801,2035,49.908289841518716,0.0,49.908289841518716,0.0,65.03894452561691,0.0,65.03894452561691,78.9143627547503,65.03894452561691,1121.7209534011668,65.03894452561691,1727.2215544216667
fuel_eu,10 chosen for continuity,greedy|2024|7000|all,2024,container,1.5,bio-methanol,0.3031691675299801,2035,67.76746703338672,0.0,67.76746703338672,0.0,67.76746703338672,0.0,67.76746703338672,172.36826742208527,67.76746703338672,1173.1883211889742,67.76746703338672,1754.3096427310393
fuel_eu,10 chosen for continuity,greedy|2024|7000|all,2024,container,2.0,e-methanol,0.3235617857664539,2035,47.81183411223736,0.0,47.81183411223736,0.0,63.28191653836233,0.0,63.28191653836233,14.469215569894267,63.28191653836233,1086.229423067478,63.28191653836233,1708.5418016144622
fuel_eu,10 chosen for continuity,greedy|2024|7000|all,2024,container,2.0,bio-methanol,0.3235617857664539,2035,66.19397261026042,0.0,66.19397261026042,0.0,66.19397261026042,0.0,66.19397261026042,119.41531763270801,66.19397261026042,1144.025827102071,66.19397261026042,1738.960961632669
fuel_eu,top 20 by calls,volume|2024|0|all,2024,all,1.0,e-methanol,0.503282299704621,2040,31.795223735981917,0.0,31.795223735981917,0.0,47.79719705744985,0.0,47.79719705744985,0.0,47.79719705744985,660.6109747382811,47.79719705744985,1484.5320919675164
fuel_eu,top 20 by calls,volume|2024|0|all,2024,all,1.0,bio-methanol,0.503282299704621,2040,52.32673775479144,0.0,52.32673775479144,0.0,52.32673775479144,0.0,52.32673775479144,0.0,52.32673775479144,811.1770852294866,52.32673775479144,1563.7774132786776
fuel_eu,top 20 by calls,volume|2024|0|all,2024,all,1.5,e-methanol,0.60179401476438,2040,24.54087562169056,0.0,24.54087562169056,0.0,39.30942768790102,0.0,39.30942768790102,0.0,39.30942768790102,285.03865637329363,39.30942768790102,1286.8624507227862
fuel_eu,top 20 by calls,volume|2024|0|all,2024,all,1.5,bio-methanol,0.60179401476438,2040,44.72557382078044,0.0,44.72557382078044,0.0,44.72557382078044,0.0,44.72557382078044,0.0,44.72557382078044,541.1547600676646,44.72557382078044,1421.660400035613
fuel_eu,top 20 by calls,volume|2024|0|all,2024,all,2.0,e-methanol,0.6689805518815541,2045,20.084497456902792,0.0,20.084497456902792,0.0,33.52063564988529,0.0,33.52063564988529,0.0,33.52063564988529,0.0,33.52063564988529,1094.6309593580238
fuel_eu,top 20 by calls,volume|2024|0|all,2024,all,2.0,bio-methanol,0.6689805518815541,2040,39.54146061681928,0.0,39.54146061681928,0.0,39.54146061681928,0.0,39.54146061681928,0.0,39.54146061681928,297.4494441250708,39.54146061681928,1293.3944442763532
fuel_eu,top 20 by calls,volume|2024|0|all,2024,container,1.0,e-methanol,0.7036026381276363,2045,17.92530488945799,0.0,17.92530488945799,0.0,30.53759669892285,0.0,30.53759669892285,0.0,30.53759669892285,0.0,30.53759669892285,967.1171038307865
fuel_eu,top 20 by calls,volume|2024|0|all,2024,container,1.0,bio-methanol,0.7036026381276363,2040,36.87002044207158,0.0,36.87002044207158,0.0,36.87002044207158,0.0,36.87002044207158,0.0,36.87002044207158,145.10784091854953,36.87002044207158,1213.2146531150263
fuel_eu,top 20 by calls,volume|2024|0|all,2024,container,1.5,e-methanol,0.7581968157404381,2045,14.693327916718104,0.0,14.693327916718104,0.0,25.833762355803856,0.0,25.833762355803856,0.0,25.833762355803856,0.0,25.833762355803856,706.2165163035374
fuel_eu,top 20 by calls,volume|2024|0|all,2024,container,1.5,bio-methanol,0.7581968157404381,2045,32.6575336974678,0.0,32.6575336974678,0.0,32.6575336974678,0.0,32.6575336974678,0.0,32.6575336974678,0.0,32.6575336974678,1060.1315210954583
fuel_eu,top 20 by calls,volume|2024|0|all,2024,container,2.0,e-methanol,0.7829541055041044,2045,13.292924476631631,0.0,13.292924476631631,0.0,23.700674269766363,0.0,23.700674269766363,0.0,23.700674269766363,0.0,23.700674269766363,553.7740444870755
fuel_eu,top 20 by calls,volume|2024|0|all,2024,container,2.0,bio-methanol,0.7829541055041044,2045,30.747261219303304,0.0,30.747261219303304,0.0,30.747261219303304,0.0,30.747261219303304,0.0,30.747261219303304,0.0,30.747261219303304,976.8878831871626
fuel_eu,20 chosen for continuity,greedy|2024|7000|all,2024,all,1.0,e-methanol,0.5739039410198372,2040,26.50253001762138,0.0,26.50253001762138,0.0,41.71243644173082,0.0,41.71243644173082,0.0,41.71243644173082,406.8793124530739,41.71243644173082,1350.9891118174073
fuel_eu,20 chosen for continuity,greedy|2024|7000|all,2024,all,1.0,bio-methanol,0.5739039410198372,2040,46.87757191090935,0.0,46.87757191090935,0.0,46.87757191090935,0.0,46.87757191090935,0.0,46.87757191090935,626.4883480312654,46.87757191090935,1466.572814753298
fuel_eu,20 chosen for continuity,greedy|2024|7000|all,2024,all,1.5,e-methanol,0.6759723721084117,2045,19.641266745780168,0.0,19.641266745780168,0.0,32.91822041913925,0.0,32.91822041913925,0.0,32.91822041913925,0.0,32.91822041913925,1070.7422381023066
fuel_eu,20 chosen for continuity,greedy|2024|7000|all,2024,all,1.5,bio-methanol,0.6759723721084117,2040,39.001971768114956,0.0,39.001971768114956,0.0,39.001971768114956,0.0,39.001971768114956,0.0,39.001971768114956,268.36623301267986,39.001971768114956,1278.0874910593054
fuel_eu,20 chosen for continuity,greedy|2024|7000|all,2024,all,2.0,e-methanol,0.740291663977624,2045,15.73096670998012,0.0,15.73096670998012,0.0,27.37647023168791,0.0,27.37647023168791,0.0,27.37647023168791,0.0,27.37647023168791,801.6639241770453
fuel_eu,20 chosen for continuity,greedy|2024|7000|all,2024,all,2.0,bio-methanol,0.740291663977624,2045,34.039095207486525,0.0,34.039095207486525,0.0,34.039095207486525,0.0,34.039095207486525,0.0,34.039095207486525,0.0,34.039095207486525,1114.513422484386
fuel_eu,20 chosen for continuity,greedy|2024|7000|all,2024,container,1.0,e-methanol,0.7465352834525714,2045,15.366720748218581,0.0,15.366720748218581,0.0,26.83851997772645,0.0,26.83851997772645,0.0,26.83851997772645,0.0,26.83851997772645,769.6269378373253
fuel_eu,20 chosen for continuity,greedy|2024|7000|all,2024,container,1.0,bio-methanol,0.7465352834525714,2045,33.55733752879959,0.0,33.55733752879959,0.0,33.55733752879959,0.0,33.55733752879959,0.0,33.55733752879959,0.0,33.55733752879959,1096.0586499913168
fuel_eu,20 chosen for continuity,greedy|2024|7000|all,2024,container,1.5,e-methanol,0.806153022865178,2045,12.015513234592758,0.0,12.015513234592758,0.0,21.701855549936262,0.0,21.701855549936262,0.0,21.701855549936262,0.0,21.701855549936262,383.7300133477063
fuel_eu,20 chosen for continuity,greedy|2024|7000|all,2024,container,1.5,bio-methanol,0.806153022865178,2045,28.957232755722863,0.0,28.957232755722863,0.0,28.957232755722863,0.0,28.957232755722863,0.0,28.957232755722863,0.0,28.957232755722863,888.9163833739511
fuel_eu,20 chosen for continuity,greedy|2024|7000|all,2024,container,2.0,e-methanol,0.8323629164196356,2045,10.611222780733986,0.0,10.611222780733986,0.0,19.4436111212842,0.0,19.4436111212842,0.0,19.4436111212842,0.0,19.4436111212842,149.55383919908556
fuel_eu,20 chosen for continuity,greedy|2024|7000|all,2024,container,2.0,bio-methanol,0.8323629164196356,2045,26.93487736906092,0.0,26.93487736906092,0.0,26.93487736906092,0.0,26.93487736906092,0.0,26.93487736906092,0.0,26.93487736906092,775.4594683894207
fuel_eu,20 chosen for continuity on 2019,greedy|2019|7000|all,2024,all,1.0,e-methanol,0.5769526904497116,2040,26.284717634130352,0.0,26.284717634130352,0.0,41.44975619085284,0.0,41.44975619085284,0.0,41.44975619085284,394.2482745327478,41.44975619085284,1344.341197122499
fuel_eu,20 chosen for continuity on 2019,greedy|2019|7000|all,2024,all,1.0,bio-methanol,0.5769526904497116,2040,46.64233040490024,0.0,46.64233040490024,0.0,46.64233040490024,0.0,46.64233040490024,0.0,46.64233040490024,617.543607313722,46.64233040490024,1461.8650564809066
fuel_eu,20 chosen for continuity on 2019,greedy|2019|7000|all,2024,all,1.5,e-methanol,0.6809555442128491,2045,19.32762018750155,0.0,19.32762018750155,0.0,32.48887031062092,0.0,32.48887031062092,0.0,32.48887031062092,0.0,32.48887031062092,1053.1757004276176
fuel_eu,20 chosen for continuity on 2019,greedy|2019|7000|all,2024,all,1.5,bio-methanol,0.6809555442128491,2040,38.61747020853656,0.0,38.61747020853656,0.0,38.61747020853656,0.0,38.61747020853656,0.0,38.61747020853656,247.1422506173904,38.61747020853656,1266.9169740091531
fuel_eu,20 chosen for continuity on 2019,greedy|2019|7000|all,2024,all,2.0,e-methanol,0.7460690899246434,2045,15.393827980342264,0.0,15.393827980342264,0.0,26.87868721209273,0.0,26.87868721209273,0.0,26.87868721209273,0.0,26.87868721209273,772.0633506120865
fuel_eu,20 chosen for continuity on 2019,greedy|2019|7000|all,2024,all,2.0,bio-methanol,0.7460690899246434,2045,33.59330902141452,0.0,33.59330902141452,0.0,33.59330902141452,0.0,33.59330902141452,0.0,33.59330902141452,0.0,33.59330902141452,1097.4549017452669
fuel_eu,20 chosen for continuity on 2019,greedy|2019|7000|all,2024,container,1.0,e-methanol,0.7503420412343978,2045,15.145913828675562,0.0,15.145913828675562,0.0,26.51052972724428,0.0,26.51052972724428,0.0,26.51052972724428,0.0,26.51052972724428,749.4558407472294
fuel_eu,20 chosen for continuity on 2019,greedy|2019|7000|all,2024,container,1.0,bio-methanol,0.7503420412343978,2045,33.263608098353856,0.0,33.263608098353856,0.0,33.263608098353856,0.0,33.263608098353856,0.0,33.263608098353856,0.0,33.263608098353856,1084.544386447199
fuel_eu,20 chosen for continuity on 2019,greedy|2019|7000|all,2024,container,1.5,e-methanol,0.8154748661556079,2045,11.511415509864486,0.0,11.511415509864486,0.0,20.898685532032818,0.0,20.898685532032818,0.0,20.898685532032818,0.0,20.898685532032818,306.24152256222015
fuel_eu,20 chosen for continuity on 2019,greedy|2019|7000|all,2024,container,1.5,bio-methanol,0.8154748661556079,2045,28.23795932743329,0.0,28.23795932743329,0.0,28.23795932743329,0.0,28.23795932743329,0.0,28.23795932743329,0.0,28.23795932743329,850.4262686755102
fuel_eu,20 chosen for continuity on 2019,greedy|2019|7000|all,2024,container,2.0,e-methanol,0.8445814570013157,2045,9.970208469223229,0.0,9.970208469223229,0.0,18.39086166476664,0.0,18.39086166476664,0.0,18.39086166476664,0.0,18.39086166476664,20.731382922116204
fuel_eu,20 chosen for continuity on 2019,greedy|2019|7000|all,2024,container,2.0,bio-methanol,0.8445814570013157,2045,25.99209477777848,0.0,25.99209477777848,0.0,25.99209477777848,0.0,25.99209477777848,0.0,25.99209477777848,0.0,25.99209477777848,716.5343011364686
fuel_eu,10 chosen for dual-fuel use,dualfuel|2024|7000|all,2024,all,1.0,e-methanol,0.4021959996611216,2040,40.2987832534497,0.0,40.2987832534497,0.0,56.50679266919777,0.0,56.50679266919777,0.0,56.50679266919777,928.7092741804291,56.50679266919777,1625.636460094963
fuel_eu,10 chosen for dual-fuel use,dualfuel|2024|7000|all,2024,all,1.0,bio-methanol,0.4021959996611216,2040,60.12655666614786,0.0,60.12655666614786,0.0,60.12655666614786,0.0,60.12655666614786,0.0,60.12655666614786,1017.2845309997957,60.12655666614786,1672.2550163156823
fuel_eu,10 chosen for dual-fuel use,dualfuel|2024|7000|all,2024,all,1.5,e-methanol,0.5064840080799399,2040,31.54453522835585,0.0,31.54453522835585,0.0,47.52133786383238,0.0,47.52133786383238,0.0,47.52133786383238,650.5139009717414,47.52133786383238,1479.217842616706
fuel_eu,10 chosen for dual-fuel use,dualfuel|2024|7000|all,2024,all,1.5,bio-methanol,0.5064840080799399,2040,52.079693936551834,0.0,52.079693936551834,0.0,52.079693936551834,0.0,52.079693936551834,0.0,52.079693936551834,803.6403881081544,52.079693936551834,1559.810730583239
fuel_eu,10 chosen for dual-fuel use,dualfuel|2024|7000|all,2024,all,2.0,e-methanol,0.5792283502412807,2040,26.12268538423107,0.0,26.12268538423107,0.0,41.253685343211245,0.0,41.253685343211245,0.0,41.253685343211245,384.7153215929284,41.253685343211245,1339.3238534699626
fuel_eu,10 chosen for dual-fuel use,dualfuel|2024|7000|all,2024,all,2.0,bio-methanol,0.5792283502412807,2040,46.46674049538277,0.0,46.46674049538277,0.0,46.46674049538277,0.0,46.46674049538277,0.0,46.46674049538277,610.8080077564058,46.46674049538277,1458.320004082319
fuel_eu,10 chosen for dual-fuel use,dualfuel|2024|7000|all,2024,container,1.0,e-methanol,0.5778251115901861,2040,26.222543982514537,0.0,26.222543982514537,0.0,41.374588385389565,0.0,41.374588385389565,0.0,41.374588385389565,390.6042997793751,41.374588385389565,1342.4233156733555
fuel_eu,10 chosen for dual-fuel use,dualfuel|2024|7000|all,2024,container,1.0,bio-methanol,0.5778251115901861,2040,46.57501438970124,0.0,46.57501438970124,0.0,46.57501438970124,0.0,46.57501438970124,0.0,46.57501438970124,614.967379196696,46.57501438970124,1460.5091469456297
fuel_eu,10 chosen for dual-fuel use,dualfuel|2024|7000|all,2024,container,1.5,e-methanol,0.6492058755580645,2040,21.358413939677355,0.0,21.358413939677355,0.0,35.224421761917164,0.0,35.224421761917164,0.0,35.224421761917164,39.76480403478347,35.224421761917164,1157.7709494919916
fuel_eu,10 chosen for dual-fuel use,dualfuel|2024|7000|all,2024,container,1.5,bio-methanol,0.6492058755580645,2040,41.06727464193974,0.0,41.06727464193974,0.0,41.06727464193974,0.0,41.06727464193974,0.0,41.06727464193974,375.56763323427765,41.06727464193974,1334.5092806496202
fuel_eu,10 chosen for dual-fuel use,dualfuel|2024|7000|all,2024,container,2.0,e-methanol,0.6862966437185968,2045,18.993503483809658,0.0,18.993503483809658,0.0,32.0286811772057,0.0,32.0286811772057,0.0,32.0286811772057,0.0,32.0286811772057,1033.824485063687
fuel_eu,10 chosen for dual-fuel use,dualfuel|2024|7000|all,2024,container,2.0,bio-methanol,0.6862966437185968,2040,38.205350970673074,0.0,38.205350970673074,0.0,38.205350970673074,0.0,38.205350970673074,0.0,38.205350970673074,223.91948018439223,38.205350970673074,1254.6944632549437
fuel_eu,20 chosen for dual-fuel use,dualfuel|2024|7000|all,2024,all,1.0,e-methanol,0.6234700254321597,2040,23.06283579137736,0.0,23.06283579137736,0.0,37.44182260876512,0.0,37.44182260876512,0.0,37.44182260876512,179.54399098783657,37.44182260876512,1231.3389426251772
fuel_eu,20 chosen for dual-fuel use,dualfuel|2024|7000|all,2024,all,1.0,bio-methanol,0.6234700254321597,2040,43.05305283765456,0.0,43.05305283765456,0.0,43.05305283765456,0.0,43.05305283765456,0.0,43.05305283765456,468.94251347289185,43.05305283765456,1383.653954459417
fuel_eu,20 chosen for dual-fuel use,dualfuel|2024|7000|all,2024,all,1.5,e-methanol,0.726879439983602,2045,16.522327378733387,0.0,16.522327378733387,0.0,28.532067451012846,0.0,28.532067451012846,0.0,28.532067451012846,0.0,28.532067451012846,866.3992514693606
fuel_eu,20 chosen for dual-fuel use,dualfuel|2024|7000|all,2024,all,1.5,bio-methanol,0.726879439983602,2040,35.07398241086527,0.0,35.07398241086527,0.0,35.07398241086527,0.0,35.07398241086527,0.0,35.07398241086527,29.641281503140338,35.07398241086527,1152.4427797384953
fuel_eu,20 chosen for dual-fuel use,dualfuel|2024|7000|all,2024,all,2.0,e-methanol,0.7868965397718722,2045,13.0735012426841,0.0,13.0735012426841,0.0,23.36099413325549,0.0,23.36099413325549,0.0,23.36099413325549,0.0,23.36099413325549,526.929027489027
fuel_eu,20 chosen for dual-fuel use,dualfuel|2024|7000|all,2024,all,2.0,bio-methanol,0.7868965397718722,2045,30.44306299120234,0.0,30.44306299120234,0.0,30.44306299120234,0.0,30.44306299120234,0.0,30.44306299120234,0.0,30.44306299120234,962.6676260320731
fuel_eu,20 chosen for dual-fuel use,dualfuel|2024|7000|all,2024,container,1.0,e-methanol,0.8088795949097295,2045,11.86753068749664,0.0,11.86753068749664,0.0,21.466934102577707,0.0,21.466934102577707,0.0,21.466934102577707,0.0,21.466934102577707,361.6651455251004
fuel_eu,20 chosen for dual-fuel use,dualfuel|2024|7000|all,2024,container,1.0,bio-methanol,0.8088795949097295,2045,28.746850456765273,0.0,28.746850456765273,0.0,28.746850456765273,0.0,28.746850456765273,0.0,28.746850456765273,0.0,28.746850456765273,877.8575981459464
fuel_eu,20 chosen for dual-fuel use,dualfuel|2024|7000|all,2024,container,1.5,e-methanol,0.8650960249739318,2050,8.91285288567294,0.0,8.91285288567294,0.0,16.623326488246036,0.0,16.623326488246036,0.0,16.623326488246036,0.0,16.623326488246036,0.0
fuel_eu,20 chosen for dual-fuel use,dualfuel|2024|7000|all,2024,container,1.5,bio-methanol,0.8650960249739318,2045,24.409190713011423,0.0,24.409190713011423,0.0,24.409190713011423,0.0,24.409190713011423,0.0,24.409190713011423,0.0,24.409190713011423,607.3637543142615
fuel_eu,20 chosen for dual-fuel use,dualfuel|2024|7000|all,2024,container,2.0,e-methanol,0.8902300299546276,2050,7.648688461190262,0.0,7.648688461190262,0.0,14.457780619109283,0.0,14.457780619109283,0.0,14.457780619109283,0.0,14.457780619109283,0.0
fuel_eu,20 chosen for dual-fuel use,dualfuel|2024|7000|all,2024,container,2.0,bio-methanol,0.8902300299546276,2045,22.469850888700933,0.0,22.469850888700933,0.0,22.469850888700933,0.0,22.469850888700933,0.0,22.469850888700933,0.0,22.469850888700933,452.6439531468677
fuel_eu,20 chosen for dual-fuel use on 2019,dualfuel|2019|7000|all,2024,all,1.0,e-methanol,0.6318858346727357,2040,22.499561981895862,0.0,22.499561981895862,0.0,36.716716484597086,0.0,36.716716484597086,0.0,36.716716484597086,135.69294969834988,36.716716484597086,1208.2594472096582
fuel_eu,20 chosen for dual-fuel use on 2019,dualfuel|2019|7000|all,2024,all,1.0,bio-methanol,0.6318858346727357,2040,42.40368899665171,0.0,42.40368899665171,0.0,42.40368899665171,0.0,42.40368899665171,0.0,42.40368899665171,439.37058385262776,42.40368899665171,1368.0897809750672
fuel_eu,20 chosen for dual-fuel use on 2019,dualfuel|2019|7000|all,2024,all,1.5,e-methanol,0.73082896200246,2045,16.28801993309145,0.0,16.28801993309145,0.0,28.191776633868052,0.0,28.191776633868052,0.0,28.191776633868052,0.0,28.191776633868052,847.8878160721174
fuel_eu,20 chosen for dual-fuel use on 2019,dualfuel|2019|7000|all,2024,all,1.5,bio-methanol,0.73082896200246,2040,34.76923729189019,0.0,34.76923729189019,0.0,34.76923729189019,0.0,34.76923729189019,0.0,34.76923729189019,8.865581316860371,34.76923729189019,1141.5082006930845
fuel_eu,20 chosen for dual-fuel use on 2019,dualfuel|2019|7000|all,2024,all,2.0,e-methanol,0.7889241927249796,2045,12.961025206717801,0.0,12.961025206717801,0.0,23.186291554815757,0.0,23.186291554815757,0.0,23.186291554815757,0.0,23.186291554815757,512.8159327871571
fuel_eu,20 chosen for dual-fuel use on 2019,dualfuel|2019|7000|all,2024,all,2.0,bio-methanol,0.7889241927249796,2045,30.28660928934057,0.0,30.28660928934057,0.0,30.28660928934057,0.0,30.28660928934057,0.0,30.28660928934057,0.0,30.28660928934057,955.2426954772952
fuel_eu,20 chosen for dual-fuel use on 2019,dualfuel|2019|7000|all,2024,container,1.0,e-methanol,0.793689583112267,2045,12.697685114237261,0.0,12.697685114237261,0.0,22.775705519047072,0.0,22.775705519047072,0.0,22.775705519047072,0.0,22.775705519047072,478.79497021918127
fuel_eu,20 chosen for dual-fuel use on 2019,dualfuel|2019|7000|all,2024,container,1.0,bio-methanol,0.793689583112267,2045,29.918911767057477,0.0,29.918911767057477,0.0,29.918911767057477,0.0,29.918911767057477,0.0,29.918911767057477,0.0,29.918911767057477,937.4869132713958
fuel_eu,20 chosen for dual-fuel use on 2019,dualfuel|2019|7000|all,2024,container,1.5,e-methanol,0.8544285897099301,2050,9.45975100251038,0.0,9.45975100251038,0.0,17.542432710592422,0.0,17.542432710592422,0.0,17.542432710592422,0.0,17.542432710592422,0.0
fuel_eu,20 chosen for dual-fuel use on 2019,dualfuel|2019|7000|all,2024,container,1.5,bio-methanol,0.8544285897099301,2045,25.232290017981796,0.0,25.232290017981796,0.0,25.232290017981796,0.0,25.232290017981796,0.0,25.232290017981796,0.0,25.232290017981796,665.8411119713392
fuel_eu,20 chosen for dual-fuel use on 2019,dualfuel|2019|7000|all,2024,container,2.0,e-methanol,0.8826461473849766,2050,8.026578952343279,0.0,8.026578952343279,0.0,15.111207941310415,0.0,15.111207941310415,0.0,15.111207941310415,0.0,15.111207941310415,0.0
fuel_eu,20 chosen for dual-fuel use on 2019,dualfuel|2019|7000|all,2024,container,2.0,bio-methanol,0.8826461473849766,2045,23.055023267775205,0.0,23.055023267775205,0.0,23.055023267775205,0.0,23.055023267775205,0.0,23.055023267775205,0.0,23.055023267775205,502.0708809623988
fuel_eu,top 20 by calls on 2019,volume|2019|0|all,2024,all,1.0,e-methanol,0.4941864226594311,2040,32.513277518073416,0.0,32.513277518073416,0.0,48.58089782366342,0.0,48.58089782366342,0.0,48.58089782366342,688.6705737351751,48.58089782366342,1499.3003019658818
fuel_eu,top 20 by calls on 2019,volume|2019|0|all,2024,all,1.0,bio-methanol,0.4941864226594311,2040,53.0285756275983,0.0,53.0285756275983,0.0,53.0285756275983,0.0,53.0285756275983,0.0,53.0285756275983,832.2052965584178,53.0285756275983,1574.8448929254832
fuel_eu,top 20 by calls on 2019,volume|2019|0|all,2024,all,1.5,e-methanol,0.5952378467794377,2040,24.99583820806678,0.0,24.99583820806678,0.0,39.874307121483646,0.0,39.874307121483646,0.0,39.874307121483646,315.00025952283943,39.874307121483646,1302.6317155383367
fuel_eu,top 20 by calls on 2019,volume|2019|0|all,2024,all,1.5,bio-methanol,0.5952378467794377,2040,45.23144774249859,0.0,45.23144774249859,0.0,45.23144774249859,0.0,45.23144774249859,0.0,45.23144774249859,561.944307568886,45.23144774249859,1432.602267141519
fuel_eu,top 20 by calls on 2019,volume|2019|0|all,2024,all,2.0,e-methanol,0.6623405485805118,2045,20.50887729557894,0.0,20.50887729557894,0.0,34.0927383343031,0.0,34.0927383343031,0.0,34.0927383343031,0.0,34.0927383343031,1116.536067858967
fuel_eu,top 20 by calls on 2019,volume|2019|0|all,2024,all,2.0,bio-methanol,0.6623405485805118,2040,40.053803271527705,0.0,40.053803271527705,0.0,40.053803271527705,0.0,40.053803271527705,0.0,40.053803271527705,324.3439271820988,40.053803271527705,1307.5494353589997
fuel_eu,top 20 by calls on 2019,volume|2019|0|all,2024,container,1.0,e-methanol,0.6814377260924069,2045,19.29736975468279,0.0,19.29736975468279,0.0,32.44732551987822,0.0,32.44732551987822,0.0,32.44732551987822,0.0,32.44732551987822,1051.4512583419782
fuel_eu,top 20 by calls on 2019,volume|2019|0|all,2024,container,1.0,bio-methanol,0.6814377260924069,2040,38.58026505470988,0.0,38.58026505470988,0.0,38.58026505470988,0.0,38.58026505470988,0.0,38.58026505470988,245.06612688886884,38.58026505470988,1265.8242773099312
fuel_eu,top 20 by calls on 2019,volume|2019|0|all,2024,container,1.5,e-methanol,0.7365708886735456,2045,15.949278208298944,0.0,15.949278208298944,0.0,27.697052231887312,0.0,27.697052231887312,0.0,27.697052231887312,0.0,27.697052231887312,820.1640075753886
fuel_eu,top 20 by calls on 2019,volume|2019|0|all,2024,container,1.5,bio-methanol,0.7365708886735456,2045,34.32619022994922,0.0,34.32619022994922,0.0,34.32619022994922,0.0,34.32619022994922,0.0,34.32619022994922,0.0,34.32619022994922,1125.2648864649514
fuel_eu,top 20 by calls on 2019,volume|2019|0|all,2024,container,2.0,e-methanol,0.7602807356430824,2045,14.573932042504447,0.0,14.573932042504447,0.0,25.654211816992017,0.0,25.654211816992017,0.0,25.654211816992017,0.0,25.654211816992017,694.3619428986801
fuel_eu,top 20 by calls on 2019,volume|2019|0|all,2024,container,2.0,bio-methanol,0.7602807356430824,2045,32.49673843777976,0.0,32.49673843777976,0.0,32.49673843777976,0.0,32.49673843777976,0.0,32.49673843777976,0.0,32.49673843777976,1053.5017942253057
opt_eu,all nodes,all|-1|0|all,2024,all,1.0,e-methanol,0.9607492941251636,2050,4.274815165452177,0.0,4.274815165452177,0.0,8.3818408181759,0.0,8.3818408181759,0.0,8.3818408181759,0.0,8.3818408181759,0.0
opt_eu,all nodes,all|-1|0|all,2024,all,1.0,bio-methanol,0.9607492941251636,2050,17.028584465302373,0.0,17.028584465302373,0.0,17.028584465302373,0.0,17.028584465302373,0.0,17.028584465302373,0.0,17.028584465302373,0.0
opt_eu,all nodes,all|-1|0|all,2024,all,1.5,e-methanol,0.9735915244694214,2050,3.686352602102174,0.0,3.686352602102174,0.0,7.275354251714649,0.0,7.275354251714649,0.0,7.275354251714649,0.0,7.275354251714649,0.0
opt_eu,all nodes,all|-1|0|all,2024,all,1.5,bio-methanol,0.9735915244694214,2050,16.03767797193944,0.0,16.03767797193944,0.0,16.03767797193944,0.0,16.03767797193944,0.0,16.03767797193944,0.0,16.03767797193944,0.0
opt_eu,all nodes,all|-1|0|all,2024,all,2.0,e-methanol,0.9796211932320948,2050,3.4126922939699202,0.0,3.4126922939699202,0.0,6.755837991122709,0.0,6.755837991122709,0.0,6.755837991122709,0.0,6.755837991122709,0.0
opt_eu,all nodes,all|-1|0|all,2024,all,2.0,bio-methanol,0.9796211932320948,2050,15.572428730211561,0.0,15.572428730211561,0.0,15.572428730211561,0.0,15.572428730211561,0.0,15.572428730211561,0.0,15.572428730211561,0.0
opt_eu,all nodes,all|-1|0|all,2024,container,1.0,e-methanol,0.9964512998068444,2050,2.6575935056144937,0.0,2.6575935056144937,0.0,5.305756008642284,0.0,5.305756008642284,0.0,5.305756008642284,0.0,5.305756008642284,0.0
opt_eu,all nodes,all|-1|0|all,2024,container,1.0,bio-methanol,0.9964512998068444,2050,14.273817706903882,0.0,14.273817706903882,0.0,14.273817706903882,0.0,14.273817706903882,0.0,14.273817706903882,0.0,14.273817706903882,0.0
opt_eu,all nodes,all|-1|0|all,2024,container,1.5,e-methanol,0.9991450139936068,2050,2.5379177392316303,0.0,2.5379177392316303,0.0,5.073665594310841,0.0,5.073665594310841,0.0,5.073665594310841,0.0,5.073665594310841,0.0
opt_eu,all nodes,all|-1|0|all,2024,container,1.5,bio-methanol,0.9991450139936068,2050,14.0659707202533,0.0,14.0659707202533,0.0,14.0659707202533,0.0,14.0659707202533,0.0,14.0659707202533,0.0,14.0659707202533,0.0
opt_eu,all nodes,all|-1|0|all,2024,container,2.0,e-methanol,0.9996045993106586,2050,2.517531578557628,0.0,2.517531578557628,0.0,5.0340677233936555,0.0,5.0340677233936555,0.0,5.0340677233936555,0.0,5.0340677233936555,0.0
opt_eu,all nodes,all|-1|0|all,2024,container,2.0,bio-methanol,0.9996045993106586,2050,14.030509117189583,0.0,14.030509117189583,0.0,14.030509117189583,0.0,14.030509117189583,0.0,14.030509117189583,0.0,14.030509117189583,0.0
opt_eu,Yap hubs (4),external:yap4|-1|0|all,2024,all,1.0,e-methanol,0.4700600149558614,2040,34.460925809837796,0.0,34.460925809837796,0.0,50.659629111402985,0.0,50.659629111402985,0.0,50.659629111402985,758.8920515549834,50.659629111402985,1536.258974502623
opt_eu,Yap hubs (4),external:yap4|-1|0|all,2024,all,1.0,bio-methanol,0.4700600149558614,2040,54.89016924600574,0.0,54.89016924600574,0.0,54.89016924600574,0.0,54.89016924600574,0.0,54.89016924600574,885.3768690820752,54.89016924600574,1602.8299310958294
opt_eu,Yap hubs (4),external:yap4|-1|0|all,2024,all,1.5,e-methanol,0.5475087771131716,2040,28.42416431781719,0.0,28.42416431781719,0.0,43.98664376392913,0.0,43.98664376392913,0.0,43.98664376392913,509.92808530264506,43.98664376392913,1405.225308054024
opt_eu,Yap hubs (4),external:yap4|-1|0|all,2024,all,1.5,bio-methanol,0.5475087771131716,2040,48.91422275794768,0.0,48.91422275794768,0.0,48.91422275794768,0.0,48.91422275794768,0.0,48.91422275794768,700.3323918401302,48.91422275794768,1505.4381009684898
opt_eu,Yap hubs (4),external:yap4|-1|0|all,2024,all,2.0,e-methanol,0.5989803840997613,2040,24.735669367346595,0.0,24.735669367346595,0.0,39.55185010596456,0.0,39.55185010596456,0.0,39.55185010596456,298.0017425919984,39.55185010596456,1293.6851276799994
opt_eu,Yap hubs (4),external:yap4|-1|0|all,2024,all,2.0,bio-methanol,0.5989803840997613,2040,44.94267356286242,0.0,44.94267356286242,0.0,44.94267356286242,0.0,44.94267356286242,0.0,44.94267356286242,550.1340839522385,44.94267356286242,1426.3863599748624
opt_eu,Yap hubs (4),external:yap4|-1|0|all,2024,container,1.0,e-methanol,0.615757843757554,2040,23.58416784363575,0.0,23.58416784363575,0.0,38.10630418184914,0.0,38.10630418184914,0.0,38.10630418184914,218.2633612734242,38.10630418184914,1251.7175585649604
opt_eu,Yap hubs (4),external:yap4|-1|0|all,2024,container,1.0,bio-methanol,0.615757843757554,2040,43.64812477566713,0.0,43.64812477566713,0.0,43.64812477566713,0.0,43.64812477566713,0.0,43.64812477566713,495.2693746342211,43.64812477566713,1397.5101971759061
opt_eu,Yap hubs (4),external:yap4|-1|0|all,2024,container,1.5,e-methanol,0.6602036698249573,2045,20.64617277438957,0.0,20.64617277438957,0.0,34.276851807881684,0.0,34.276851807881684,0.0,34.276851807881684,0.0,34.276851807881684,1123.430020783342
opt_eu,Yap hubs (4),external:yap4|-1|0|all,2024,container,1.5,bio-methanol,0.6602036698249573,2040,40.218684836306295,0.0,40.218684836306295,0.0,40.218684836306295,0.0,40.218684836306295,0.0,40.218684836306295,332.8533407201431,40.218684836306295,1312.0280740632336
opt_eu,Yap hubs (4),external:yap4|-1|0|all,2024,container,2.0,e-methanol,0.6851160412039168,2045,19.06717466585579,0.0,19.06717466585579,0.0,32.13040188987053,0.0,32.13040188987053,0.0,32.13040188987053,0.0,32.13040188987053,1038.1496207243267
opt_eu,Yap hubs (4),external:yap4|-1|0|all,2024,container,2.0,bio-methanol,0.6851160412039168,2040,38.29644626070578,0.0,38.29644626070578,0.0,38.29644626070578,0.0,38.29644626070578,0.0,38.29644626070578,229.0956963987547,38.29644626070578,1257.418787578292
opt_eu,Yap hubs (8),external:yap8|-1|0|all,2024,all,1.0,e-methanol,0.5450219556831516,2040,28.608595583870297,0.0,28.608595583870297,0.0,44.200908298339655,0.0,44.200908298339655,0.0,44.200908298339655,519.0902359098591,44.200908298339655,1410.0474925841365
opt_eu,Yap hubs (8),external:yap8|-1|0|all,2024,all,1.0,bio-methanol,0.5450219556831516,2040,49.10610589948802,0.0,49.10610589948802,0.0,49.10610589948802,0.0,49.10610589948802,0.0,49.10610589948802,706.9738787642946,49.10610589948802,1508.9336204022604
opt_eu,Yap hubs (8),external:yap8|-1|0|all,2024,all,1.5,e-methanol,0.6210665263632512,2040,23.224776698711405,0.0,23.224776698711405,0.0,37.64890808854227,0.0,37.64890808854227,0.0,37.64890808854227,191.757471306281,37.64890808854227,1237.7670901612007
opt_eu,Yap hubs (8),external:yap8|-1|0|all,2024,all,1.5,bio-methanol,0.6210665263632512,2040,43.238506825811534,0.0,43.238506825811534,0.0,43.238506825811534,0.0,43.238506825811534,0.0,43.238506825811534,477.2249991211486,43.238506825811534,1388.0131574321836
opt_eu,Yap hubs (8),external:yap8|-1|0|all,2024,all,2.0,e-methanol,0.669234611630538,2045,20.068326901747305,0.0,20.068326901747305,0.0,33.498745861912845,0.0,33.498745861912845,0.0,33.498745861912845,0.0,33.498745861912845,1093.7779646923955
opt_eu,Yap hubs (8),external:yap8|-1|0|all,2024,all,2.0,bio-methanol,0.669234611630538,2040,39.52185736658769,0.0,39.52185736658769,0.0,39.52185736658769,0.0,39.52185736658769,0.0,39.52185736658769,296.4065572918667,39.52185736658769,1292.8455564694036
opt_eu,Yap hubs (8),external:yap8|-1|0|all,2024,container,1.0,e-methanol,0.755388712569222,2045,14.854663436265863,0.0,14.854663436265863,0.0,26.07570852503583,0.0,26.07570852503583,0.0,26.07570852503583,0.0,26.07570852503583,721.9324622382485
opt_eu,Yap hubs (8),external:yap8|-1|0|all,2024,container,1.0,bio-methanol,0.755388712569222,2045,32.87420693815883,0.0,32.87420693815883,0.0,32.87420693815883,0.0,32.87420693815883,0.0,32.87420693815883,0.0,32.87420693815883,1068.9625674525653
opt_eu,Yap hubs (8),external:yap8|-1|0|all,2024,container,1.5,e-methanol,0.790225571258324,2045,12.888970614001616,0.0,12.888970614001616,0.0,23.074164780382798,0.0,23.074164780382798,0.0,23.074164780382798,0.0,23.074164780382798,503.6453359646125
opt_eu,Yap hubs (8),external:yap8|-1|0|all,2024,container,1.5,bio-methanol,0.790225571258324,2045,30.186194921707717,0.0,30.186194921707717,0.0,30.186194921707717,0.0,30.186194921707717,0.0,30.186194921707717,0.0,30.186194921707717,950.436710771609
opt_eu,Yap hubs (8),external:yap8|-1|0|all,2024,container,2.0,e-methanol,0.8060934604846867,2045,12.018750922675988,0.0,12.018750922675988,0.0,21.706987444639395,0.0,21.706987444639395,0.0,21.706987444639395,0.0,21.706987444639395,384.20669327811953
opt_eu,Yap hubs (8),external:yap8|-1|0|all,2024,container,2.0,bio-methanol,0.8060934604846867,2045,28.961828589001577,0.0,28.961828589001577,0.0,28.961828589001577,0.0,28.961828589001577,0.0,28.961828589001577,0.0,28.961828589001577,889.1561710085914
opt_eu,top-10 bunker ports,external:bunker10|-1|0|all,2024,all,1.0,e-methanol,0.6394116648761742,2040,22.000752908509465,0.0,22.000752908509465,0.0,36.06829095426883,0.0,36.06829095426883,0.0,36.06829095426883,94.98587816619919,36.06829095426883,1186.8346727190524
opt_eu,top-10 bunker ports,external:bunker10|-1|0|all,2024,all,1.0,bio-methanol,0.6394116648761742,2040,41.8229959381544,0.0,41.8229959381544,0.0,41.8229959381544,0.0,41.8229959381544,0.0,41.8229959381544,412.1481463704828,41.8229959381544,1353.7621823002542
opt_eu,top-10 bunker ports,external:bunker10|-1|0|all,2024,all,1.5,e-methanol,0.7226189287607082,2045,16.776289065143445,0.0,16.776289065143445,0.0,28.89915309797738,0.0,28.89915309797738,0.0,28.89915309797738,0.0,28.89915309797738,885.8795047851253
opt_eu,top-10 bunker ports,external:bunker10|-1|0|all,2024,all,1.5,bio-methanol,0.7226189287607082,2040,35.40272345682375,0.0,35.40272345682375,0.0,35.40272345682375,0.0,35.40272345682375,0.0,35.40272345682375,51.65185380743766,35.40272345682375,1164.027291477599
opt_eu,top-10 bunker ports,external:bunker10|-1|0|all,2024,all,2.0,e-methanol,0.7708422615921655,2045,13.973142203513635,0.0,13.973142203513635,0.0,24.74423074121902,0.0,24.74423074121902,0.0,24.74423074121902,0.0,24.74423074121902,631.6362768510007
opt_eu,top-10 bunker ports,external:bunker10|-1|0|all,2024,all,2.0,bio-methanol,0.7708422615921655,2045,31.68181109554851,0.0,31.68181109554851,0.0,31.68181109554851,0.0,31.68181109554851,0.0,31.68181109554851,0.0,31.68181109554851,1018.8668359888021
opt_eu,top-10 bunker ports,external:bunker10|-1|0|all,2024,container,1.0,e-methanol,0.7328999670039604,2045,16.16558334372381,0.0,16.16558334372381,0.0,28.013338842938765,0.0,28.013338842938765,0.0,28.013338842938765,0.0,28.013338842938765,838.0012591383897
opt_eu,top-10 bunker ports,external:bunker10|-1|0|all,2024,container,1.0,bio-methanol,0.7328999670039604,2045,34.60943854597441,0.0,34.60943854597441,0.0,34.60943854597441,0.0,34.60943854597441,0.0,34.60943854597441,0.0,34.60943854597441,1135.6974906751398
opt_eu,top-10 bunker ports,external:bunker10|-1|0|all,2024,container,1.5,e-methanol,0.7818535859787807,2045,13.354349212142068,0.0,13.354349212142068,0.0,23.79549503206825,0.0,23.79549503206825,0.0,23.79549503206825,0.0,23.79549503206825,561.130922427515
opt_eu,top-10 bunker ports,external:bunker10|-1|0|all,2024,container,1.5,bio-methanol,0.7818535859787807,2045,30.832177305877273,0.0,30.832177305877273,0.0,30.832177305877273,0.0,30.832177305877273,0.0,30.832177305877273,0.0,30.832177305877273,980.8073310586792
opt_eu,top-10 bunker ports,external:bunker10|-1|0|all,2024,container,2.0,e-methanol,0.8083783838642842,2045,11.894700046286093,0.0,11.894700046286093,0.0,21.510118446253273,0.0,21.510118446253273,0.0,21.510118446253273,0.0,21.510118446253273,365.7573662677
opt_eu,top-10 bunker ports,external:bunker10|-1|0|all,2024,container,2.0,bio-methanol,0.8083783838642842,2045,28.785523901031834,0.0,28.785523901031834,0.0,28.785523901031834,0.0,28.785523901031834,0.0,28.785523901031834,0.0,28.785523901031834,879.902601375565
opt_eu,top 10 by calls,volume|2024|0|all,2024,all,1.0,e-methanol,0.5608686628488571,2040,27.443408294686453,0.0,27.443408294686453,0.0,42.835556008942476,0.0,42.835556008942476,0.0,42.835556008942476,459.13760095365916,42.835556008942476,1378.4934741861366
opt_eu,top 10 by calls,volume|2024|0|all,2024,all,1.0,bio-methanol,0.5608686628488571,2040,47.88337397458219,0.0,47.88337397458219,0.0,47.88337397458219,0.0,47.88337397458219,0.0,47.88337397458219,663.7413970842598,47.88337397458219,1486.1796826759264
opt_eu,top 10 by calls,volume|2024|0|all,2024,all,1.5,e-methanol,0.6455213581355445,2040,21.599160416436145,0.0,21.599160416436145,0.0,35.541879783041495,0.0,35.541879783041495,0.0,35.541879783041495,60.84628873038547,35.541879783041495,1168.8664677528348
opt_eu,top 10 by calls,volume|2024|0|all,2024,all,1.5,bio-methanol,0.6455213581355445,2040,41.35157200626139,0.0,41.35157200626139,0.0,41.35157200626139,0.0,41.35157200626139,0.0,41.35157200626139,389.4858655576292,41.35157200626139,1341.8346660829627
opt_eu,top 10 by calls,volume|2024|0|all,2024,all,2.0,e-methanol,0.6977769317087348,2045,18.28246042472466,0.0,18.28246042472466,0.0,31.03953956397541,0.0,31.03953956397541,0.0,31.03953956397541,0.0,31.03953956397541,990.2883672029635
opt_eu,top 10 by calls,volume|2024|0|all,2024,all,2.0,bio-methanol,0.6977769317087348,2040,37.31953194935402,0.0,37.31953194935402,0.0,37.31953194935402,0.0,37.31953194935402,0.0,37.31953194935402,172.2678807219322,37.31953194935402,1227.5094109062804
opt_eu,top 10 by calls,volume|2024|0|all,2024,container,1.0,e-methanol,0.6511453189265916,2040,21.232122284715444,0.0,21.232122284715444,0.0,35.05731932128487,0.0,35.05731932128487,0.0,35.05731932128487,28.514626629674034,35.05731932128487,1151.8498034893025
opt_eu,top 10 by calls,volume|2024|0|all,2024,container,1.0,bio-methanol,0.6511453189265916,2040,40.91762719162419,0.0,40.91762719162419,0.0,40.91762719162419,0.0,40.91762719162419,0.0,40.91762719162419,368.16370581189835,40.91762719162419,1330.6124767431045
opt_eu,top 10 by calls,volume|2024|0|all,2024,container,1.5,e-methanol,0.6985628203682414,2045,18.23413713386106,0.0,18.23413713386106,0.0,30.971827397072325,0.0,30.971827397072325,0.0,30.971827397072325,0.0,30.971827397072325,987.2063847244547
opt_eu,top 10 by calls,volume|2024|0|all,2024,container,1.5,bio-methanol,0.6985628203682414,2040,37.258892780386496,0.0,37.258892780386496,0.0,37.258892780386496,0.0,37.258892780386496,0.0,37.258892780386496,168.64222750696615,37.258892780386496,1225.6011723720878
opt_eu,top 10 by calls,volume|2024|0|all,2024,container,2.0,e-methanol,0.7266880020041676,2045,16.533711773166075,0.0,16.533711773166075,0.0,28.548561747320917,0.0,28.548561747320917,0.0,28.548561747320917,0.0,28.548561747320917,867.2853088962963
opt_eu,top 10 by calls,volume|2024|0|all,2024,container,2.0,bio-methanol,0.7266880020041676,2040,35.088753765358426,0.0,35.088753765358426,0.0,35.088753765358426,0.0,35.088753765358426,0.0,35.088753765358426,30.639134237979615,35.088753765358426,1152.9679653884107
opt_eu,10 chosen for continuity,greedy|2024|7000|all,2024,all,1.0,e-methanol,0.3386864641523242,2040,46.29820044373244,0.0,46.29820044373244,0.0,61.97877424863575,0.0,61.97877424863575,0.0,61.97877424863575,1058.6065793027524,61.97877424863575,1694.0034627909222
opt_eu,10 chosen for continuity,greedy|2024|7000|all,2024,all,1.0,bio-methanol,0.3386864641523242,2035,65.02695242600667,0.0,65.02695242600667,0.0,65.02695242600667,0.0,65.02695242600667,78.48631424367447,65.02695242600667,1121.4852165399946,65.02695242600667,1727.0974823894708
opt_eu,10 chosen for continuity,greedy|2024|7000|all,2024,all,1.5,e-methanol,0.4031085158662539,2040,40.216540370810755,0.0,40.216540370810755,0.0,56.428170272963555,0.0,56.428170272963555,0.0,56.428170272963555,926.6592980450779,56.428170272963555,1624.557525286883
opt_eu,10 chosen for continuity,greedy|2024|7000|all,2024,all,1.5,bio-methanol,0.4031085158662539,2040,60.05614691575984,0.0,60.05614691575984,0.0,60.05614691575984,0.0,60.05614691575984,0.0,60.05614691575984,1015.6634371396366,60.05614691575984,1671.4018090208615
opt_eu,10 chosen for continuity,greedy|2024|7000|all,2024,all,2.0,e-methanol,0.4476568061958065,2040,36.32759460190465,0.0,36.32759460190465,0.0,52.589889578169306,0.0,52.589889578169306,0.0,52.589889578169306,819.1273138837023,52.589889578169306,1567.9617441493172
opt_eu,10 chosen for continuity,greedy|2024|7000|all,2024,all,2.0,bio-methanol,0.4476568061958065,2040,56.618800833931566,0.0,56.618800833931566,0.0,56.618800833931566,0.0,56.618800833931566,0.0,56.618800833931566,931.6199076018656,56.618800833931566,1627.1683724220347
opt_eu,10 chosen for continuity,greedy|2024|7000|all,2024,container,1.0,e-methanol,0.3509849269142317,2040,45.09238962141085,0.0,45.09238962141085,0.0,60.91913869706979,0.0,60.91913869706979,0.0,60.91913869706979,1035.2742048206446,60.91913869706979,1681.7232656950764
opt_eu,10 chosen for continuity,greedy|2024|7000|all,2024,container,1.0,bio-methanol,0.3509849269142317,2035,64.07800303929787,0.0,64.07800303929787,0.0,64.07800303929787,0.0,64.07800303929787,44.106357256196475,64.07800303929787,1102.5513271845718,64.07800303929787,1717.1322774655644
opt_eu,10 chosen for continuity,greedy|2024|7000|all,2024,container,1.5,e-methanol,0.3945728943293082,2040,40.9900405041778,0.0,40.9900405041778,0.0,57.1635994245868,0.0,57.1635994245868,0.0,57.1635994245868,945.614327353898,57.1635994245868,1634.5338565020518
opt_eu,10 chosen for continuity,greedy|2024|7000|all,2024,container,1.5,bio-methanol,0.3945728943293082,2040,60.714755473550575,0.0,60.714755473550575,0.0,60.714755473550575,0.0,60.714755473550575,0.0,60.714755473550575,1030.6801476583773,60.714755473550575,1679.3053408728306
opt_eu,10 chosen for continuity,greedy|2024|7000|all,2024,container,2.0,e-methanol,0.4275568985335179,2040,38.05221191404349,0.0,38.05221191404349,0.0,54.321697622352104,0.0,54.321697622352104,0.0,54.321697622352104,869.5264758111925,54.321697622352104,1594.487618847996
opt_eu,10 chosen for continuity,greedy|2024|7000|all,2024,container,2.0,bio-methanol,0.4275568985335179,2040,58.169709709153764,0.0,58.169709709153764,0.0,58.169709709153764,0.0,58.169709709153764,0.0,58.169709709153764,970.7695566010851,58.169709709153764,1647.7734508426768
opt_eu,top 20 by calls,volume|2024|0|all,2024,all,1.0,e-methanol,0.6718001637036046,2045,19.905308432065247,0.0,19.905308432065247,0.0,33.27769789529742,0.0,33.27769789529742,0.0,33.27769789529742,0.0,33.27769789529742,1085.1013511309204
opt_eu,top 20 by calls,volume|2024|0|all,2024,all,1.0,bio-methanol,0.6718001637036046,2040,39.32389936862987,0.0,39.32389936862987,0.0,39.32389936862987,0.0,39.32389936862987,0.0,39.32389936862987,285.8169882734924,39.32389936862987,1287.2720990913122
opt_eu,top 20 by calls,volume|2024|0|all,2024,all,1.5,e-methanol,0.751874750356387,2045,15.057281637244602,0.0,15.057281637244602,0.0,26.378471509293696,0.0,26.378471509293696,0.0,26.378471509293696,0.0,26.378471509293696,741.1927417938701
opt_eu,top 20 by calls,volume|2024|0|all,2024,all,1.5,bio-methanol,0.751874750356387,2045,33.14534426250118,0.0,33.14534426250118,0.0,33.14534426250118,0.0,33.14534426250118,0.0,33.14534426250118,0.0,33.14534426250118,1079.8507913069402
opt_eu,top 20 by calls,volume|2024|0|all,2024,all,2.0,e-methanol,0.7967185693431149,2045,12.53102653334777,0.0,12.53102653334777,0.0,22.514728065397218,0.0,22.514728065397218,0.0,22.514728065397218,0.0,22.514728065397218,456.5254942052969
opt_eu,top 20 by calls,volume|2024|0|all,2024,all,2.0,bio-methanol,0.7967185693431149,2045,29.685195189485253,0.0,29.685195189485253,0.0,29.685195189485253,0.0,29.685195189485253,0.0,29.685195189485253,0.0,29.685195189485253,925.9722996364526
opt_eu,top 20 by calls,volume|2024|0|all,2024,container,1.0,e-methanol,0.7755081662746086,2045,13.709999681305232,0.0,13.709999681305232,0.0,24.342216393779722,0.0,24.342216393779722,0.0,24.342216393779722,0.0,24.342216393779722,602.4315579093543
opt_eu,top 20 by calls,volume|2024|0|all,2024,container,1.0,bio-methanol,0.7755081662746086,2045,31.3217898902512,0.0,31.3217898902512,0.0,31.3217898902512,0.0,31.3217898902512,0.0,31.3217898902512,0.0,31.3217898902512,1002.9917142883604
opt_eu,top 20 by calls,volume|2024|0|all,2024,container,1.5,e-methanol,0.8115826618463859,2045,11.721263568328375,0.0,11.721263568328375,0.0,21.234037855315385,0.0,21.234037855315385,0.0,21.234037855315385,0.0,21.234037855315385,339.3085621232129
opt_eu,top 20 by calls,volume|2024|0|all,2024,container,1.5,bio-methanol,0.8115826618463859,2045,28.538281811932862,0.0,28.538281811932862,0.0,28.538281811932862,0.0,28.538281811932862,0.0,28.538281811932862,0.0,28.538281811932862,866.7332010960895
opt_eu,top 20 by calls,volume|2024|0|all,2024,container,2.0,e-methanol,0.8306025053963579,2045,10.704283468030692,0.0,10.704283468030692,0.0,19.5952881350498,0.0,19.5952881350498,0.0,19.5952881350498,0.0,19.5952881350498,166.97338164000487
opt_eu,top 20 by calls,volume|2024|0|all,2024,container,2.0,bio-methanol,0.8306025053963579,2045,27.070710683617023,0.0,27.070710683617023,0.0,27.070710683617023,0.0,27.070710683617023,0.0,27.070710683617023,0.0,27.070710683617023,783.6109619951258
opt_eu,20 chosen for continuity,greedy|2024|7000|all,2024,all,1.0,e-methanol,0.7084524085153914,2045,17.62983875476361,0.0,17.62983875476361,0.0,30.11974048231388,0.0,30.11974048231388,0.0,30.11974048231388,0.0,30.11974048231388,947.2384788410211
opt_eu,20 chosen for continuity,greedy|2024|7000|all,2024,all,1.0,bio-methanol,0.7084524085153914,2040,36.495812158952404,0.0,36.495812158952404,0.0,36.495812158952404,0.0,36.495812158952404,0.0,36.495812158952404,121.98739850193165,36.495812158952404,1201.0459992115434
opt_eu,20 chosen for continuity,greedy|2024|7000|all,2024,all,1.5,e-methanol,0.7859864063693396,2045,13.124070342095573,0.0,13.124070342095573,0.0,23.4394112272177,0.0,23.4394112272177,0.0,23.4394112272177,0.0,23.4394112272177,533.1954298753944
opt_eu,20 chosen for continuity,greedy|2024|7000|all,2024,all,1.5,bio-methanol,0.7859864063693396,2045,30.51328888454176,0.0,30.51328888454176,0.0,30.51328888454176,0.0,30.51328888454176,0.0,30.51328888454176,0.0,30.51328888454176,965.9756257160634
opt_eu,20 chosen for continuity,greedy|2024|7000|all,2024,all,2.0,e-methanol,0.8273754579894133,2045,10.87534061637118,0.0,10.87534061637118,0.0,19.873330539632153,0.0,19.873330539632153,0.0,19.873330539632153,0.0,19.873330539632153,198.2150544550895
opt_eu,20 chosen for continuity,greedy|2024|7000|all,2024,all,2.0,bio-methanol,0.8273754579894133,2045,27.319709661536873,0.0,27.319709661536873,0.0,27.319709661536873,0.0,27.319709661536873,0.0,27.319709661536873,0.0,27.319709661536873,798.3431543709
opt_eu,20 chosen for continuity,greedy|2024|7000|all,2024,container,1.0,e-methanol,0.8082653046105583,2045,11.900831863490835,0.0,11.900831863490835,0.0,21.519861354754294,0.0,21.519861354754294,0.0,21.519861354754294,0.0,21.519861354754294,366.6783498894159
opt_eu,20 chosen for continuity,greedy|2024|7000|all,2024,container,1.0,bio-methanol,0.8082653046105583,2045,28.794249096249317,0.0,28.794249096249317,0.0,28.794249096249317,0.0,28.794249096249317,0.0,28.794249096249317,0.0,28.794249096249317,880.3632192756272
opt_eu,20 chosen for continuity,greedy|2024|7000|all,2024,container,1.5,e-methanol,0.8485395962579861,2050,9.764372060490524,0.0,9.764372060490524,0.0,18.049828386411914,0.0,18.049828386411914,0.0,18.049828386411914,0.0,18.049828386411914,0.0
opt_eu,20 chosen for continuity,greedy|2024|7000|all,2024,container,1.5,bio-methanol,0.8485395962579861,2045,25.68668475273379,0.0,25.68668475273379,0.0,25.68668475273379,0.0,25.68668475273379,0.0,25.68668475273379,0.0,25.68668475273379,696.5181991676435
opt_eu,20 chosen for continuity,greedy|2024|7000|all,2024,container,2.0,e-methanol,0.8696279727976202,2050,8.682397835258632,0.0,8.682397835258632,0.0,16.232853863757043,0.0,16.232853863757043,0.0,16.232853863757043,0.0,16.232853863757043,0.0
opt_eu,20 chosen for continuity,greedy|2024|7000|all,2024,container,2.0,bio-methanol,0.8696279727976202,2045,24.059505618935628,0.0,24.059505618935628,0.0,24.059505618935628,0.0,24.059505618935628,0.0,24.059505618935628,0.0,24.059505618935628,581.3092632476231
opt_eu,20 chosen for continuity on 2019,greedy|2019|7000|all,2024,all,1.0,e-methanol,0.7134152906022061,2045,17.32921301949988,0.0,17.32921301949988,0.0,29.69213856171392,0.0,29.69213856171392,0.0,29.69213856171392,0.0,29.69213856171392,926.3169943433602
opt_eu,20 chosen for continuity on 2019,greedy|2019|7000|all,2024,all,1.0,bio-methanol,0.7134152906022061,2040,36.11287617713378,0.0,36.11287617713378,0.0,36.11287617713378,0.0,36.11287617713378,0.0,36.11287617713378,97.83166557523089,36.11287617713378,1188.3324555659112
opt_eu,20 chosen for continuity on 2019,greedy|2019|7000|all,2024,all,1.5,e-methanol,0.7906331751078026,2045,12.866423985093816,0.0,12.866423985093816,0.0,23.039045632711726,0.0,23.039045632711726,0.0,23.039045632711726,0.0,23.039045632711726,500.7546624295757
opt_eu,20 chosen for continuity on 2019,greedy|2019|7000|all,2024,all,1.5,bio-methanol,0.7906331751078026,2045,30.154744208681947,0.0,30.154744208681947,0.0,30.154744208681947,0.0,30.154744208681947,0.0,30.154744208681947,0.0,30.154744208681947,948.9248491982951
opt_eu,20 chosen for continuity on 2019,greedy|2019|7000|all,2024,all,2.0,e-methanol,0.8315106707381725,2045,10.656252743170151,0.0,10.656252743170151,0.0,19.517040609199054,0.0,19.517040609199054,0.0,19.517040609199054,0.0,19.517040609199054,158.02075344476637
opt_eu,20 chosen for continuity on 2019,greedy|2019|7000|all,2024,all,2.0,bio-methanol,0.8315106707381725,2045,27.000636645842608,0.0,27.000636645842608,0.0,27.000636645842608,0.0,27.000636645842608,0.0,27.000636645842608,0.0,27.000636645842608,779.4159902989771
opt_eu,20 chosen for continuity on 2019,greedy|2019|7000|all,2024,container,1.0,e-methanol,0.8169339990069906,2045,11.432978114180672,0.0,11.432978114180672,0.0,20.77296664555769,0.0,20.77296664555769,0.0,20.77296664555769,0.0,20.77296664555769,293.5700063160018
opt_eu,20 chosen for continuity on 2019,greedy|2019|7000|all,2024,container,1.0,bio-methanol,0.8169339990069906,2045,28.125372636620604,0.0,28.125372636620604,0.0,28.125372636620604,0.0,28.125372636620604,0.0,28.125372636620604,0.0,28.125372636620604,844.2232796223824
opt_eu,20 chosen for continuity on 2019,greedy|2019|7000|all,2024,container,1.5,e-methanol,0.8575461178981527,2050,9.299271934869004,0.0,9.299271934869004,0.0,17.273826481895163,0.0,17.273826481895163,0.0,17.273826481895163,0.0,17.273826481895163,0.0
opt_eu,20 chosen for continuity on 2019,greedy|2019|7000|all,2024,container,1.5,bio-methanol,0.8575461178981527,2045,24.991741542978538,0.0,24.991741542978538,0.0,24.991741542978538,0.0,24.991741542978538,0.0,24.991741542978538,0.0,24.991741542978538,649.1496270977756
opt_eu,20 chosen for continuity on 2019,greedy|2019|7000|all,2024,container,2.0,e-methanol,0.8783213405484227,2050,8.243442143838395,0.0,8.243442143838395,0.0,15.4838332983479,0.0,15.4838332983479,0.0,15.4838332983479,0.0,15.4838332983479,0.0
opt_eu,20 chosen for continuity on 2019,greedy|2019|7000|all,2024,container,2.0,bio-methanol,0.8783213405484227,2045,23.388725363283704,0.0,23.388725363283704,0.0,23.388725363283704,0.0,23.388725363283704,0.0,23.388725363283704,0.0,23.388725363283704,529.1498651443965
opt_eu,10 chosen for dual-fuel use,dualfuel|2024|7000|all,2024,all,1.0,e-methanol,0.5866748248339466,2040,25.5957279063512,0.0,25.5957279063512,0.0,40.61209709230715,0.0,40.61209709230715,0.0,40.61209709230715,352.87793656564975,40.61209709230715,1322.5673350345526
opt_eu,10 chosen for dual-fuel use,dualfuel|2024|7000|all,2024,all,1.0,bio-methanol,0.5866748248339466,2040,45.89217051581267,0.0,45.89217051581267,0.0,45.89217051581267,0.0,45.89217051581267,0.0,45.89217051581267,588.4073238298049,45.89217051581267,1446.5301704367396
opt_eu,10 chosen for dual-fuel use,dualfuel|2024|7000|all,2024,all,1.5,e-methanol,0.6695239556713167,2045,20.04991654396448,0.0,20.04991654396448,0.0,33.47381597935935,0.0,33.47381597935935,0.0,33.47381597935935,0.0,33.47381597935935,1092.8051457598579
opt_eu,10 chosen for dual-fuel use,dualfuel|2024|7000|all,2024,all,1.5,bio-methanol,0.6695239556713167,2040,39.4995315804012,0.0,39.4995315804012,0.0,39.4995315804012,0.0,39.4995315804012,0.0,39.4995315804012,295.21757161162867,39.4995315804012,1292.2197745324363
opt_eu,10 chosen for dual-fuel use,dualfuel|2024|7000|all,2024,all,2.0,e-methanol,0.7203013836512873,2045,16.914962146251202,0.0,16.914962146251202,0.0,29.09883278460509,0.0,29.09883278460509,0.0,29.09883278460509,0.0,29.09883278460509,896.2695815362812
opt_eu,10 chosen for dual-fuel use,dualfuel|2024|7000|all,2024,all,2.0,bio-methanol,0.7203013836512873,2040,35.58154523746667,0.0,35.58154523746667,0.0,35.58154523746667,0.0,35.58154523746667,0.0,35.58154523746667,63.45392126316671,35.58154523746667,1170.2389059279826
opt_eu,10 chosen for dual-fuel use,dualfuel|2024|7000|all,2024,container,1.0,e-methanol,0.6777227664121617,2045,19.530882635634608,0.0,19.530882635634608,0.0,32.767406445928145,0.0,32.767406445928145,0.0,32.767406445928145,0.0,32.767406445928145,1064.6242487269708
opt_eu,10 chosen for dual-fuel use,dualfuel|2024|7000|all,2024,container,1.0,bio-methanol,0.6777227664121617,2040,38.866911343637604,0.0,38.866911343637604,0.0,38.866911343637604,0.0,38.866911343637604,0.0,38.866911343637604,260.95892043118516,38.866911343637604,1274.1889054900978
opt_eu,10 chosen for dual-fuel use,dualfuel|2024|7000|all,2024,container,1.5,e-methanol,0.7293571658232402,2045,16.375209905924144,0.0,16.375209905924144,0.0,28.318586592669625,0.0,28.318586592669625,0.0,28.318586592669625,0.0,28.318586592669625,854.8381376022979
opt_eu,10 chosen for dual-fuel use,dualfuel|2024|7000|all,2024,container,1.5,bio-methanol,0.7293571658232402,2040,34.88280108507879,0.0,34.88280108507879,0.0,34.88280108507879,0.0,34.88280108507879,0.0,34.88280108507879,16.650113698510705,34.88280108507879,1145.6053229992165
opt_eu,10 chosen for dual-fuel use,dualfuel|2024|7000|all,2024,container,2.0,e-methanol,0.761116044426547,2045,14.526153283975546,0.0,14.526153283975546,0.0,25.58224161220871,0.0,25.58224161220871,0.0,25.58224161220871,0.0,25.58224161220871,689.56349239084
opt_eu,10 chosen for dual-fuel use,dualfuel|2024|7000|all,2024,container,2.0,bio-methanol,0.761116044426547,2045,32.432286012047626,0.0,32.432286012047626,0.0,32.432286012047626,0.0,32.432286012047626,0.0,32.432286012047626,0.0,32.432286012047626,1050.8259089801552
opt_eu,20 chosen for dual-fuel use,dualfuel|2024|7000|all,2024,all,1.0,e-methanol,0.7552168078774715,2045,14.864556740900575,0.0,14.864556740900575,0.0,26.090519833277057,0.0,26.090519833277057,0.0,26.090519833277057,0.0,26.090519833277057,722.8850831791193
opt_eu,20 chosen for dual-fuel use,dualfuel|2024|7000|all,2024,all,1.0,bio-methanol,0.7552168078774715,2045,32.8874711041743,0.0,32.8874711041743,0.0,32.8874711041743,0.0,32.8874711041743,0.0,32.8874711041743,0.0,32.8874711041743,1069.499401112478
opt_eu,20 chosen for dual-fuel use,dualfuel|2024|7000|all,2024,all,1.5,e-methanol,0.8255153719355269,2045,10.974213562931608,0.0,10.974213562931608,0.0,20.033595554035,0.0,20.033595554035,0.0,20.033595554035,0.0,20.033595554035,215.82892187384405
opt_eu,20 chosen for dual-fuel use,dualfuel|2024|7000|all,2024,all,1.5,bio-methanol,0.8255153719355269,2045,27.463233901454743,0.0,27.463233901454743,0.0,27.463233901454743,0.0,27.463233901454743,0.0,27.463233901454743,0.0,27.463233901454743,806.7134935015001
opt_eu,20 chosen for dual-fuel use,dualfuel|2024|7000|all,2024,all,2.0,e-methanol,0.860837660941657,2050,9.130418783908912,0.0,9.130418783908912,0.0,16.990227133266828,0.0,16.990227133266828,0.0,16.990227133266828,0.0,16.990227133266828,0.0
opt_eu,20 chosen for dual-fuel use,dualfuel|2024|7000|all,2024,all,2.0,bio-methanol,0.860837660941657,2045,24.737766081741743,0.0,24.737766081741743,0.0,24.737766081741743,0.0,24.737766081741743,0.0,24.737766081741743,0.0,24.737766081741743,631.1741547149777
opt_eu,20 chosen for dual-fuel use,dualfuel|2024|7000|all,2024,container,1.0,e-methanol,0.8653658342931849,2050,8.89910140526896,0.0,8.89910140526896,0.0,16.600079717299188,0.0,16.600079717299188,0.0,16.600079717299188,0.0,16.600079717299188,0.0
opt_eu,20 chosen for dual-fuel use,dualfuel|2024|7000|all,2024,container,1.0,bio-methanol,0.8653658342931849,2045,24.38837222593785,0.0,24.38837222593785,0.0,24.38837222593785,0.0,24.38837222593785,0.0,24.38837222593785,0.0,24.38837222593785,605.8335179310095
opt_eu,20 chosen for dual-fuel use,dualfuel|2024|7000|all,2024,container,1.5,e-methanol,0.9016446685078902,2050,7.085600998178424,0.0,7.085600998178424,0.0,13.474295361360184,0.0,13.474295361360184,0.0,13.474295361360184,0.0,13.474295361360184,0.0
opt_eu,20 chosen for dual-fuel use,dualfuel|2024|7000|all,2024,container,1.5,bio-methanol,0.9016446685078902,2045,21.589097377931196,0.0,21.589097377931196,0.0,21.589097377931196,0.0,21.589097377931196,0.0,21.589097377931196,0.0,21.589097377931196,373.19919244381856
opt_eu,20 chosen for dual-fuel use,dualfuel|2024|7000|all,2024,container,2.0,e-methanol,0.9200192400587432,2050,6.193241207403146,0.0,6.193241207403146,0.0,11.891142276538682,0.0,11.891142276538682,0.0,11.891142276538682,0.0,11.891142276538682,0.0
opt_eu,20 chosen for dual-fuel use,dualfuel|2024|7000|all,2024,container,2.0,bio-methanol,0.9200192400587432,2045,20.17131543706737,0.0,20.17131543706737,0.0,20.17131543706737,0.0,20.17131543706737,0.0,20.17131543706737,0.0,20.17131543706737,230.7413744771809
opt_eu,20 chosen for dual-fuel use on 2019,dualfuel|2019|7000|all,2024,all,1.0,e-methanol,0.7525528375097675,2045,15.018119258279844,0.0,15.018119258279844,0.0,26.320047520158425,0.0,26.320047520158425,0.0,26.320047520158425,0.0,26.320047520158425,737.5106003708078
opt_eu,20 chosen for dual-fuel use on 2019,dualfuel|2019|7000|all,2024,all,1.0,bio-methanol,0.7525528375097675,2045,33.093023057746336,0.0,33.093023057746336,0.0,33.093023057746336,0.0,33.093023057746336,0.0,33.093023057746336,0.0,33.093023057746336,1077.763590118507
opt_eu,20 chosen for dual-fuel use on 2019,dualfuel|2019|7000|all,2024,all,1.5,e-methanol,0.8238532136807285,2045,11.062736276100587,0.0,11.062736276100587,0.0,20.17680710926843,0.0,20.17680710926843,0.0,20.17680710926843,0.0,20.17680710926843,231.3317977897583
opt_eu,20 chosen for dual-fuel use on 2019,dualfuel|2019|7000|all,2024,all,1.5,bio-methanol,0.8238532136807285,2045,27.591486032394986,0.0,27.591486032394986,0.0,27.591486032394986,0.0,27.591486032394986,0.0,27.591486032394986,0.0,27.591486032394986,814.1194878512375
opt_eu,20 chosen for dual-fuel use on 2019,dualfuel|2019|7000|all,2024,all,2.0,e-methanol,0.8599547941584658,2050,9.175650391561376,0.0,9.175650391561376,0.0,17.066294935306587,0.0,17.066294935306587,0.0,17.066294935306587,0.0,17.066294935306587,0.0
opt_eu,20 chosen for dual-fuel use on 2019,dualfuel|2019|7000|all,2024,all,2.0,bio-methanol,0.8599547941584658,2045,24.805888082732782,0.0,24.805888082732782,0.0,24.805888082732782,0.0,24.805888082732782,0.0,24.805888082732782,0.0,24.805888082732782,636.031709323932
opt_eu,20 chosen for dual-fuel use on 2019,dualfuel|2019|7000|all,2024,container,1.0,e-methanol,0.8577072889107223,2050,9.290990077114156,0.0,9.290990077114156,0.0,17.259939987452164,0.0,17.259939987452164,0.0,17.259939987452164,0.0,17.259939987452164,0.0
opt_eu,20 chosen for dual-fuel use on 2019,dualfuel|2019|7000|all,2024,container,1.0,bio-methanol,0.8577072889107223,2045,24.979305587648664,0.0,24.979305587648664,0.0,24.979305587648664,0.0,24.979305587648664,0.0,24.979305587648664,0.0,24.979305587648664,648.2779656758714
opt_eu,20 chosen for dual-fuel use on 2019,dualfuel|2019|7000|all,2024,container,1.5,e-methanol,0.8969873713441849,2050,7.3145284436727405,0.0,7.3145284436727405,0.0,13.875568084985025,0.0,13.875568084985025,0.0,13.875568084985025,0.0,13.875568084985025,0.0
opt_eu,20 chosen for dual-fuel use on 2019,dualfuel|2019|7000|all,2024,container,1.5,bio-methanol,0.8969873713441849,2045,21.948454427082687,0.0,21.948454427082687,0.0,21.948454427082687,0.0,21.948454427082687,0.0,21.948454427082687,0.0,21.948454427082687,406.3835407923986
opt_eu,20 chosen for dual-fuel use on 2019,dualfuel|2019|7000|all,2024,container,2.0,e-methanol,0.9176815169755896,2050,6.305823146512146,0.0,6.305823146512146,0.0,12.092560497383197,0.0,12.092560497383197,0.0,12.092560497383197,0.0,12.092560497383197,0.0
opt_eu,20 chosen for dual-fuel use on 2019,dualfuel|2019|7000|all,2024,container,2.0,bio-methanol,0.9176815169755896,2045,20.351694150163503,0.0,20.351694150163503,0.0,20.351694150163503,0.0,20.351694150163503,0.0,20.351694150163503,0.0,20.351694150163503,249.96768931649598
opt_eu,top 20 by calls on 2019,volume|2019|0|all,2024,all,1.0,e-methanol,0.6609456880238186,2045,20.598457713914822,0.0,20.598457713914822,0.0,34.21291951986779,0.0,34.21291951986779,0.0,34.21291951986779,0.0,34.21291951986779,1121.044546502675
opt_eu,top 20 by calls on 2019,volume|2019|0|all,2024,all,1.0,bio-methanol,0.6609456880238186,2040,40.16143071208216,0.0,40.16143071208216,0.0,40.16143071208216,0.0,40.16143071208216,0.0,40.16143071208216,329.9064170293914,40.16143071208216,1310.4770615944167
opt_eu,top 20 by calls on 2019,volume|2019|0|all,2024,all,1.5,e-methanol,0.739645172571374,2045,15.768831692673775,0.0,15.768831692673775,0.0,27.43217193125042,0.0,27.43217193125042,0.0,27.43217193125042,0.0,27.43217193125042,804.909384876203
opt_eu,top 20 by calls on 2019,volume|2019|0|all,2024,all,1.5,bio-methanol,0.739645172571374,2045,34.08897848439278,0.0,34.08897848439278,0.0,34.08897848439278,0.0,34.08897848439278,0.0,34.08897848439278,0.0,34.08897848439278,1116.3945079776004
opt_eu,top 20 by calls on 2019,volume|2019|0|all,2024,all,2.0,e-methanol,0.7840075868282905,2045,13.234196139742608,0.0,13.234196139742608,0.0,23.609906318874486,0.0,23.609906318874486,0.0,23.609906318874486,0.0,23.609906318874486,546.676254915105
opt_eu,top 20 by calls on 2019,volume|2019|0|all,2024,all,2.0,bio-methanol,0.7840075868282905,2045,30.6659746003291,0.0,30.6659746003291,0.0,30.6659746003291,0.0,30.6659746003291,0.0,30.6659746003291,0.0,30.6659746003291,973.1156250442338
opt_eu,top 20 by calls on 2019,volume|2019|0|all,2024,container,1.0,e-methanol,0.7563668115515387,2045,14.79840961795396,0.0,14.79840961795396,0.0,25.99143551671942,0.0,25.99143551671942,0.0,25.99143551671942,0.0,25.99143551671942,716.4916007870091
opt_eu,top 20 by calls on 2019,volume|2019|0|all,2024,container,1.0,bio-methanol,0.7563668115515387,2045,32.798736820683274,0.0,32.798736820683274,0.0,32.798736820683274,0.0,32.798736820683274,0.0,32.798736820683274,0.0,32.798736820683274,1065.8998412278354
opt_eu,top 20 by calls on 2019,volume|2019|0|all,2024,container,1.5,e-methanol,0.7955767653543484,2045,12.59378397704247,0.0,12.59378397704247,0.0,22.61310589706934,0.0,22.61310589706934,0.0,22.61310589706934,0.0,22.61310589706934,464.98053831380696
opt_eu,top 20 by calls on 2019,volume|2019|0|all,2024,container,1.5,bio-methanol,0.7955767653543484,2045,29.773296785258474,0.0,29.773296785258474,0.0,29.773296785258474,0.0,29.773296785258474,0.0,29.773296785258474,0.0,29.773296785258474,930.3340669460188
opt_eu,top 20 by calls on 2019,volume|2019|0|all,2024,container,2.0,e-methanol,0.8178800972509114,2045,11.382186785669811,0.0,11.382186785669811,0.0,20.691450820861476,0.0,20.691450820861476,0.0,20.691450820861476,0.0,20.691450820861476,285.271536595992
opt_eu,top 20 by calls on 2019,volume|2019|0|all,2024,container,2.0,bio-methanol,0.8178800972509114,2045,28.05237169611968,0.0,28.05237169611968,0.0,28.05237169611968,0.0,28.05237169611968,0.0,28.05237169611968,0.0,28.05237169611968,840.1746677963556
opt_eea,all nodes,all|-1|0|all,2024,all,1.0,e-methanol,0.9607349011738748,2050,4.2754790103649745,0.0,4.2754790103649745,0.0,8.383080914858944,0.0,8.383080914858944,0.0,8.383080914858944,0.0,8.383080914858944,0.0
opt_eea,all nodes,all|-1|0|all,2024,all,1.0,bio-methanol,0.9607349011738748,2050,17.02969502542382,0.0,17.02969502542382,0.0,17.02969502542382,0.0,17.02969502542382,0.0,17.02969502542382,0.0,17.02969502542382,0.0
opt_eea,all nodes,all|-1|0|all,2024,all,1.5,e-methanol,0.9736279087383592,2050,3.684696264632643,0.0,3.684696264632643,0.0,7.272219383102968,0.0,7.272219383102968,0.0,7.272219383102968,0.0,7.272219383102968,0.0
opt_eea,all nodes,all|-1|0|all,2024,all,1.5,bio-methanol,0.9736279087383592,2050,16.0348705617482,0.0,16.0348705617482,0.0,16.0348705617482,0.0,16.0348705617482,0.0,16.0348705617482,0.0,16.0348705617482,0.0
opt_eea,all nodes,all|-1|0|all,2024,all,2.0,e-methanol,0.9796832267204646,2050,3.4098855284780134,0.0,3.4098855284780134,0.0,6.75049318576477,0.0,6.75049318576477,0.0,6.75049318576477,0.0,6.75049318576477,0.0
opt_eea,all nodes,all|-1|0|all,2024,all,2.0,bio-methanol,0.9796832267204646,2050,15.567642226248953,0.0,15.567642226248953,0.0,15.567642226248953,0.0,15.567642226248953,0.0,15.567642226248953,0.0,15.567642226248953,0.0
opt_eea,all nodes,all|-1|0|all,2024,container,1.0,e-methanol,0.9964670636949096,2050,2.656892211499656,0.0,2.656892211499656,0.0,5.304397792046593,0.0,5.304397792046593,0.0,5.304397792046593,0.0,5.304397792046593,0.0
opt_eea,all nodes,all|-1|0|all,2024,container,1.0,bio-methanol,0.9964670636949096,2050,14.272601365300778,0.0,14.272601365300778,0.0,14.272601365300778,0.0,14.272601365300778,0.0,14.272601365300778,0.0,14.272601365300778,0.0
opt_eea,all nodes,all|-1|0|all,2024,container,1.5,e-methanol,0.9991595643687392,2050,2.5372721739653183,0.0,2.5372721739653183,0.0,5.07241193398943,0.0,5.07241193398943,0.0,5.07241193398943,0.0,5.07241193398943,0.0
opt_eea,all nodes,all|-1|0|all,2024,container,1.5,bio-methanol,0.9991595643687392,2050,14.064848013308083,0.0,14.064848013308083,0.0,14.064848013308083,0.0,14.064848013308083,0.0,14.064848013308083,0.0,14.064848013308083,0.0
opt_eea,all nodes,all|-1|0|all,2024,container,2.0,e-methanol,0.9996113283428468,2050,2.5172331635827234,0.0,2.5172331635827234,0.0,5.033487949980317,0.0,5.033487949980317,0.0,5.033487949980317,0.0,5.033487949980317,0.0
opt_eea,all nodes,all|-1|0|all,2024,container,2.0,bio-methanol,0.9996113283428468,2050,14.02998990506594,0.0,14.02998990506594,0.0,14.02998990506594,0.0,14.02998990506594,0.0,14.02998990506594,0.0,14.02998990506594,0.0
opt_eea,Yap hubs (4),external:yap4|-1|0|all,2024,all,1.0,e-methanol,0.4629751658409747,2040,35.045064952739374,0.0,35.045064952739374,0.0,51.27005971114162,0.0,51.27005971114162,0.0,51.27005971114162,778.4313794755911,51.27005971114162,1546.542831302943
opt_eea,Yap hubs (4),external:yap4|-1|0|all,2024,all,1.0,bio-methanol,0.4629751658409747,2040,55.43683620371039,0.0,55.43683620371039,0.0,55.43683620371039,0.0,55.43683620371039,0.0,55.43683620371039,900.3126856933519,55.43683620371039,1610.6908872070273
opt_eea,Yap hubs (4),external:yap4|-1|0|all,2024,all,1.5,e-methanol,0.5404570725594816,2040,28.948692841002973,0.0,28.948692841002973,0.0,44.59421862827506,0.0,44.59421862827506,0.0,44.59421862827506,535.6794096334671,44.59421862827506,1418.7786366491935
opt_eea,Yap hubs (4),external:yap4|-1|0|all,2024,all,1.5,bio-methanol,0.5404570725594816,2040,49.4583322813104,0.0,49.4583322813104,0.0,49.4583322813104,0.0,49.4583322813104,0.0,49.4583322813104,719.031067866867,49.4583322813104,1515.2795094036146
opt_eea,Yap hubs (4),external:yap4|-1|0|all,2024,all,2.0,e-methanol,0.592128239192325,2040,25.21293820625475,0.0,25.21293820625475,0.0,40.14223091118927,0.0,40.14223091118927,0.0,40.14223091118927,328.91630303421744,40.14223091118927,1309.9559489653777
opt_eea,Yap hubs (4),external:yap4|-1|0|all,2024,all,2.0,bio-methanol,0.592128239192325,2040,45.471385063920195,0.0,45.471385063920195,0.0,45.471385063920195,0.0,45.471385063920195,0.0,45.471385063920195,571.6431139466927,45.471385063920195,1437.706902077207
opt_eea,Yap hubs (4),external:yap4|-1|0|all,2024,container,1.0,e-methanol,0.6061181084525913,2040,24.24283965843478,0.0,24.24283965843478,0.0,38.93686377572473,0.0,38.93686377572473,0.0,38.93686377572473,264.80183717743324,38.93686377572473,1276.2114932512807
opt_eea,Yap hubs (4),external:yap4|-1|0|all,2024,container,1.0,bio-methanol,0.6061181084525913,2040,44.39192675179805,0.0,44.39192675179805,0.0,44.39192675179805,0.0,44.39192675179805,0.0,44.39192675179805,527.1837903131209,44.39192675179805,1414.3072580595376
opt_eea,Yap hubs (4),external:yap4|-1|0|all,2024,container,1.5,e-methanol,0.6498886215552424,2040,21.3139213807366,0.0,21.3139213807366,0.0,35.165596366800315,0.0,35.165596366800315,0.0,35.165596366800315,35.81657672411502,35.165596366800315,1155.6929351179556
opt_eea,Yap hubs (4),external:yap4|-1|0|all,2024,container,1.5,bio-methanol,0.6498886215552424,2040,41.01459396079749,0.0,41.01459396079749,0.0,41.01459396079749,0.0,41.01459396079749,0.0,41.01459396079749,372.96737645471364,41.01459396079749,1333.1407244498494
opt_eea,Yap hubs (4),external:yap4|-1|0|all,2024,container,2.0,e-methanol,0.674495194179772,2045,19.73460072285111,0.0,19.73460072285111,0.0,33.04549406947084,0.0,33.04549406947084,0.0,33.04549406947084,0.0,33.04549406947084,1075.8618313283198
opt_eea,Yap hubs (4),external:yap4|-1|0|all,2024,container,2.0,bio-methanol,0.674495194179772,2040,39.11595081708879,0.0,39.11595081708879,0.0,39.11595081708879,0.0,39.11595081708879,0.0,39.11595081708879,274.5775505045602,39.11595081708879,1281.3566055287163
opt_eea,Yap hubs (8),external:yap8|-1|0|all,2024,all,1.0,e-methanol,0.5367431194578131,2040,29.22688395921451,0.0,29.22688395921451,0.0,44.914212827514824,0.0,44.914212827514824,0.0,44.914212827514824,548.9618816369637,44.914212827514824,1425.7694113878756
opt_eea,Yap hubs (8),external:yap8|-1|0|all,2024,all,1.0,bio-methanol,0.5367431194578131,2040,49.74490090263514,0.0,49.74490090263514,0.0,49.74490090263514,0.0,49.74490090263514,0.0,49.74490090263514,728.7147327376435,49.74490090263514,1520.3761751250759
opt_eea,Yap hubs (8),external:yap8|-1|0|all,2024,all,1.5,e-methanol,0.6127609484094158,2040,23.78809874016463,0.0,23.78809874016463,0.0,38.364516685044734,0.0,38.364516685044734,0.0,38.364516685044734,232.9475467520007,38.364516685044734,1259.4460772378952
opt_eea,Yap hubs (8),external:yap8|-1|0|all,2024,all,1.5,bio-methanol,0.6127609484094158,2040,43.87936522072948,0.0,43.87936522072948,0.0,43.87936522072948,0.0,43.87936522072948,0.0,43.87936522072948,505.3071396592584,43.87936522072948,1402.79323139961
opt_eea,Yap hubs (8),external:yap8|-1|0|all,2024,all,2.0,e-methanol,0.6611276955086968,2045,20.586760336024778,0.0,20.586760336024778,0.0,34.197237754970686,0.0,34.197237754970686,0.0,34.197237754970686,0.0,34.197237754970686,1120.4580582348412
opt_eea,Yap hubs (8),external:yap8|-1|0|all,2024,all,2.0,bio-methanol,0.6611276955086968,2040,40.147387014548954,0.0,40.147387014548954,0.0,40.147387014548954,0.0,40.147387014548954,0.0,40.147387014548954,329.1822909951334,40.147387014548954,1310.0959426290176
opt_eea,Yap hubs (8),external:yap8|-1|0|all,2024,container,1.0,e-methanol,0.743372702674824,2045,15.550896200187859,0.0,15.550896200187859,0.0,27.11100793753716,0.0,27.11100793753716,0.0,27.11100793753716,0.0,27.11100793753716,786.0135299722472
opt_eea,Yap hubs (8),external:yap8|-1|0|all,2024,container,1.0,bio-methanol,0.743372702674824,2045,33.80136226161058,0.0,33.80136226161058,0.0,33.80136226161058,0.0,33.80136226161058,0.0,33.80136226161058,0.0,33.80136226161058,1105.47229246745
opt_eea,Yap hubs (8),external:yap8|-1|0|all,2024,container,1.5,e-methanol,0.7776838241287185,2045,13.587771562757167,0.0,13.587771562757167,0.0,24.154761713069615,0.0,24.154761713069615,0.0,24.154761713069615,0.0,24.154761713069615,588.481405042214
opt_eea,Yap hubs (8),external:yap8|-1|0|all,2024,container,1.5,bio-methanol,0.7776838241287185,2045,31.15391613022808,0.0,31.15391613022808,0.0,31.15391613022808,0.0,31.15391613022808,0.0,31.15391613022808,0.0,31.15391613022808,995.4638955471939
opt_eea,Yap hubs (8),external:yap8|-1|0|all,2024,container,2.0,e-methanol,0.7933998359598475,2045,12.713656863638757,0.0,12.713656863638757,0.0,22.800670133699537,0.0,22.800670133699537,0.0,22.800670133699537,0.0,22.800670133699537,480.8985111658117
opt_eea,Yap hubs (8),external:yap8|-1|0|all,2024,container,2.0,bio-methanol,0.7933998359598475,2045,29.941268657338163,0.0,29.941268657338163,0.0,29.941268657338163,0.0,29.941268657338163,0.0,29.941268657338163,0.0,29.941268657338163,938.5789593362524
opt_eea,top-10 bunker ports,external:bunker10|-1|0|all,2024,all,1.0,e-methanol,0.635441409358442,2040,22.263327784979996,0.0,22.263327784979996,0.0,36.410368169676644,0.0,36.410368169676644,0.0,36.410368169676644,116.64160020114593,36.410368169676644,1198.232421158498
opt_eea,top-10 bunker ports,external:bunker10|-1|0|all,2024,all,1.0,bio-methanol,0.635441409358442,2040,42.12934085390262,0.0,42.12934085390262,0.0,42.12934085390262,0.0,42.12934085390262,0.0,42.12934085390262,426.6028778302479,42.12934085390262,1361.3699357001308
opt_eea,top-10 bunker ports,external:bunker10|-1|0|all,2024,all,1.5,e-methanol,0.7185642691690337,2045,17.019149701359957,0.0,17.019149701359957,0.0,29.248502568396056,0.0,29.248502568396056,0.0,29.248502568396056,0.0,29.248502568396056,903.9644372330837
opt_eea,top-10 bunker ports,external:bunker10|-1|0|all,2024,all,1.5,bio-methanol,0.7185642691690337,2040,35.71558099091736,0.0,35.71558099091736,0.0,35.71558099091736,0.0,35.71558099091736,0.0,35.71558099091736,72.22266323646353,35.71558099091736,1174.8540332823495
opt_eea,top-10 bunker ports,external:bunker10|-1|0|all,2024,all,2.0,e-methanol,0.7667637282654861,2045,14.204297253308038,0.0,14.204297253308038,0.0,25.095637172645716,0.0,25.095637172645716,0.0,25.095637172645716,0.0,25.095637172645716,656.3981261374398
opt_eea,top-10 bunker ports,external:bunker10|-1|0|all,2024,all,2.0,bio-methanol,0.7667637282654861,2045,31.996510727035094,0.0,31.996510727035094,0.0,31.996510727035094,0.0,31.996510727035094,0.0,31.996510727035094,0.0,31.996510727035094,1032.4508827449058
opt_eea,top-10 bunker ports,external:bunker10|-1|0|all,2024,container,1.0,e-methanol,0.7292943191036713,2045,16.37893628234932,0.0,16.37893628234932,0.0,28.324001466027685,0.0,28.324001466027685,0.0,28.324001466027685,0.0,28.324001466027685,855.1335356876506
opt_eea,top-10 bunker ports,external:bunker10|-1|0|all,2024,container,1.0,bio-methanol,0.7292943191036713,2040,34.88765033796073,0.0,34.88765033796073,0.0,34.88765033796073,0.0,34.88765033796073,0.0,34.88765033796073,16.981390416571607,34.88765033796073,1145.779679166617
opt_eea,top-10 bunker ports,external:bunker10|-1|0|all,2024,container,1.5,e-methanol,0.7779609607593754,2045,13.572223549085017,0.0,13.572223549085017,0.0,24.130883620972217,0.0,24.130883620972217,0.0,24.130883620972217,0.0,24.130883620972217,586.6888636448092
opt_eea,top-10 bunker ports,external:bunker10|-1|0|all,2024,container,1.5,bio-methanol,0.7779609607593754,2045,31.132532267806596,0.0,31.132532267806596,0.0,31.132532267806596,0.0,31.132532267806596,0.0,31.132532267806596,0.0,31.132532267806596,994.4991681499725
opt_eea,top-10 bunker ports,external:bunker10|-1|0|all,2024,container,2.0,e-methanol,0.8042336890517525,2045,12.119951802248918,0.0,12.119951802248918,0.0,21.867225351301002,0.0,21.867225351301002,0.0,21.867225351301002,0.0,21.867225351301002,398.9779545855069
opt_eea,top-10 bunker ports,external:bunker10|-1|0|all,2024,container,2.0,bio-methanol,0.8042336890517525,2045,29.105328552766775,0.0,29.105328552766775,0.0,29.105328552766775,0.0,29.105328552766775,0.0,29.105328552766775,0.0,29.105328552766775,896.6051862060002
opt_eea,top 10 by calls,volume|2024|0|all,2024,all,1.0,e-methanol,0.5529658835894541,2040,28.021516718287906,0.0,28.021516718287906,0.0,43.516459469932634,0.0,43.516459469932634,0.0,43.516459469932634,489.5063382294805,43.516459469932634,1394.4770201207793
opt_eea,top 10 by calls,volume|2024|0|all,2024,all,1.0,bio-methanol,0.5529658835894541,2040,48.49315242223772,0.0,48.49315242223772,0.0,48.49315242223772,0.0,48.49315242223772,0.0,48.49315242223772,685.5740275223876,48.49315242223772,1497.6705408012567
opt_eea,top 10 by calls,volume|2024|0|all,2024,all,1.5,e-methanol,0.6374691279258866,2040,22.129064493450205,0.0,22.129064493450205,0.0,36.23565993790561,0.0,36.23565993790561,0.0,36.23565993790561,105.63251386983579,36.23565993790561,1192.4381651946505
opt_eea,top 10 by calls,volume|2024|0|all,2024,all,1.5,bio-methanol,0.6374691279258866,2040,41.97288208923859,0.0,41.97288208923859,0.0,41.97288208923859,0.0,41.97288208923859,0.0,41.97288208923859,419.2468121860115,41.97288208923859,1357.4983222031642
opt_eea,top 10 by calls,volume|2024|0|all,2024,all,2.0,e-methanol,0.6897357869053635,2045,18.779483068385236,0.0,18.779483068385236,0.0,31.73236460023388,0.0,31.73236460023388,0.0,31.73236460023388,0.0,31.73236460023388,1021.0671485957434
opt_eea,top 10 by calls,volume|2024|0|all,2024,all,2.0,bio-methanol,0.6897357869053635,2040,37.93998668238215,0.0,37.93998668238215,0.0,37.93998668238215,0.0,37.93998668238215,0.0,37.93998668238215,208.69928352911077,37.93998668238215,1246.683833436374
opt_eea,top 10 by calls,volume|2024|0|all,2024,container,1.0,e-methanol,0.64090335032792,2040,21.902427908727326,0.0,21.902427908727326,0.0,35.93976733574641,0.0,35.93976733574641,0.0,35.93976733574641,86.74295458475703,35.93976733574641,1182.4962918867145
opt_eea,top 10 by calls,volume|2024|0|all,2024,container,1.0,bio-methanol,0.64090335032792,2040,41.70789748869769,0.0,41.70789748869769,0.0,41.70789748869769,0.0,41.70789748869769,0.0,41.70789748869769,406.66240674132956,41.70789748869769,1350.8749509164895
opt_eea,top 10 by calls,volume|2024|0|all,2024,container,1.5,e-methanol,0.6875949660572589,2045,18.912605433443595,0.0,18.912605433443595,0.0,31.916817724506572,0.0,31.916817724506572,0.0,31.916817724506572,0.0,31.916817724506572,1029.0362536236696
opt_eea,top 10 by calls,volume|2024|0|all,2024,container,1.5,bio-methanol,0.6875949660572589,2040,38.105172419021905,0.0,38.105172419021905,0.0,38.105172419021905,0.0,38.105172419021905,0.0,38.105172419021905,218.1985614504666,38.105172419021905,1251.6834533949827
opt_eea,top 10 by calls,volume|2024|0|all,2024,container,2.0,e-methanol,0.7153513642541499,2045,17.212407365123305,0.0,17.212407365123305,0.0,29.52532645586244,0.0,29.52532645586244,0.0,29.52532645586244,0.0,29.52532645586244,917.9909842686328
opt_eea,top 10 by calls,volume|2024|0|all,2024,container,2.0,bio-methanol,0.7153513642541499,2040,35.96348873414979,0.0,35.96348873414979,0.0,35.96348873414979,0.0,35.96348873414979,0.0,35.96348873414979,88.26877129262343,35.96348873414979,1183.2993533119072
opt_eea,10 chosen for continuity,greedy|2024|7000|all,2024,all,1.0,e-methanol,0.3332349723296765,2040,46.839811496208696,0.0,46.839811496208696,0.0,62.44847478407506,0.0,62.44847478407506,0.0,62.44847478407506,1068.6957481754073,62.44847478407506,1699.313551671267
opt_eea,10 chosen for continuity,greedy|2024|7000|all,2024,all,1.0,bio-methanol,0.3332349723296765,2035,65.44758953504216,0.0,65.44758953504216,0.0,65.44758953504216,0.0,65.44758953504216,93.40687605962952,65.44758953504216,1129.7023375400856,65.44758953504216,1731.4222829158348
opt_eea,10 chosen for continuity,greedy|2024|7000|all,2024,all,1.5,e-methanol,0.3971015536934446,2040,40.75990752657053,0.0,40.75990752657053,0.0,56.94573013377281,0.0,56.94573013377281,0.0,56.94573013377281,940.0499773258086,56.94573013377281,1631.60525122411
opt_eea,10 chosen for continuity,greedy|2024|7000|all,2024,all,1.5,bio-methanol,0.3971015536934446,2040,60.51964411701381,0.0,60.51964411701381,0.0,60.51964411701381,0.0,60.51964411701381,0.0,60.51964411701381,1026.265550417744,60.51964411701381,1676.981868640918
opt_eea,10 chosen for continuity,greedy|2024|7000|all,2024,all,2.0,e-methanol,0.4407799713097145,2040,36.91222721788014,0.0,36.91222721788014,0.0,53.182397671955,0.0,53.182397671955,0.0,53.182397671955,836.7399056954962,53.182397671955,1577.2315293134193
opt_eea,10 chosen for continuity,greedy|2024|7000|all,2024,all,2.0,bio-methanol,0.4407799713097145,2040,57.149417413742434,0.0,57.149417413742434,0.0,57.149417413742434,0.0,57.149417413742434,0.0,57.149417413742434,945.2534118045404,57.149417413742434,1634.343900949758
opt_eea,10 chosen for continuity,greedy|2024|7000|all,2024,container,1.0,e-methanol,0.3448977523232121,2040,45.68645427036569,0.0,45.68645427036569,0.0,61.443609659832035,0.0,61.443609659832035,0.0,61.443609659832035,1046.923244577046,61.443609659832035,1687.854339251077
opt_eea,10 chosen for continuity,greedy|2024|7000|all,2024,container,1.0,bio-methanol,0.3448977523232121,2035,64.54768943074095,0.0,64.54768943074095,0.0,64.54768943074095,0.0,64.54768943074095,61.24920455937249,64.54768943074095,1111.9923155544368,64.54768943074095,1722.1012187128615
opt_eea,10 chosen for continuity,greedy|2024|7000|all,2024,container,1.5,e-methanol,0.3875444231427485,2040,41.63410665524874,0.0,41.63410665524874,0.0,57.76917250202079,0.0,57.76917250202079,0.0,57.76917250202079,960.8601196928726,57.76917250202079,1642.5579577330911
opt_eea,10 chosen for continuity,greedy|2024|7000|all,2024,container,1.5,bio-methanol,0.3875444231427485,2040,61.257072310305524,0.0,61.257072310305524,0.0,61.257072310305524,0.0,61.257072310305524,0.0,61.257072310305524,1042.8029145948367,61.257072310305524,1685.6857445235985
opt_eea,10 chosen for continuity,greedy|2024|7000|all,2024,container,2.0,e-methanol,0.4197662395266309,2040,38.73379946033994,0.0,38.73379946033994,0.0,54.99294080238548,0.0,54.99294080238548,0.0,54.99294080238548,888.2074174074058,54.99294080238548,1604.319693372319
opt_eea,10 chosen for continuity,greedy|2024|7000|all,2024,container,2.0,bio-methanol,0.4197662395266309,2040,58.77083695812516,0.0,58.77083695812516,0.0,58.77083695812516,0.0,58.77083695812516,0.0,58.77083695812516,985.3881907580007,58.77083695812516,1655.4674688200005
opt_eea,top 20 by calls,volume|2024|0|all,2024,all,1.0,e-methanol,0.6686158764563663,2045,20.10771715523519,0.0,20.10771715523519,0.0,33.55205608451948,0.0,33.55205608451948,0.0,33.55205608451948,0.0,33.55205608451948,1095.8533959953395
opt_eea,top 20 by calls,volume|2024|0|all,2024,all,1.0,bio-methanol,0.6686158764563663,2040,39.56959897262678,0.0,39.56959897262678,0.0,39.56959897262678,0.0,39.56959897262678,0.0,39.56959897262678,298.9445898222862,39.56959897262678,1294.1813630643614
opt_eea,top 20 by calls,volume|2024|0|all,2024,all,1.5,e-methanol,0.7488702861716817,2045,15.231167430809098,0.0,15.231167430809098,0.0,26.637336143447904,0.0,26.637336143447904,0.0,26.637336143447904,0.0,26.637336143447904,757.3132176445868
opt_eea,top 20 by calls,volume|2024|0|all,2024,all,1.5,bio-methanol,0.7488702861716817,2045,33.37716871899304,0.0,33.37716871899304,0.0,33.37716871899304,0.0,33.37716871899304,0.0,33.37716871899304,0.0,33.37716871899304,1089.0200193912644
opt_eea,top 20 by calls,volume|2024|0|all,2024,all,2.0,e-methanol,0.7940034650878502,2045,12.680388801209393,0.0,12.680388801209393,0.0,22.748661448030823,0.0,22.748661448030823,0.0,22.748661448030823,0.0,22.748661448030823,476.5110026380176
opt_eea,top 20 by calls,volume|2024|0|all,2024,all,2.0,bio-methanol,0.7940034650878502,2045,29.894692633821478,0.0,29.894692633821478,0.0,29.894692633821478,0.0,29.894692633821478,0.0,29.894692633821478,0.0,29.894692633821478,936.3020608381984
opt_eea,top 20 by calls,volume|2024|0|all,2024,container,1.0,e-methanol,0.7740713554850998,2045,13.790883853549312,0.0,13.790883853549312,0.0,24.466012011403805,0.0,24.466012011403805,0.0,24.466012011403805,0.0,24.466012011403805,611.5270776616723
opt_eea,top 20 by calls,volume|2024|0|all,2024,container,1.0,bio-methanol,0.7740713554850998,2045,31.4326542107697,0.0,31.4326542107697,0.0,31.4326542107697,0.0,31.4326542107697,0.0,31.4326542107697,0.0,31.4326542107697,1007.9190224728878
opt_eea,top 20 by calls,volume|2024|0|all,2024,container,1.5,e-methanol,0.8100522891765333,2045,11.804020741450575,0.0,11.804020741450575,0.0,21.365894764549893,0.0,21.365894764549893,0.0,21.365894764549893,0.0,21.365894764549893,352.0258579293906
opt_eea,top 20 by calls,volume|2024|0|all,2024,container,1.5,bio-methanol,0.8100522891765333,2045,28.656365367138694,0.0,28.656365367138694,0.0,28.656365367138694,0.0,28.656365367138694,0.0,28.656365367138694,0.0,28.656365367138694,873.0512945588863
opt_eea,top 20 by calls,volume|2024|0|all,2024,container,2.0,e-methanol,0.8289147223840754,2045,10.793673033401545,0.0,10.793673033401545,0.0,19.740707519388067,0.0,19.740707519388067,0.0,19.740707519388067,0.0,19.740707519388067,183.42291141161758
opt_eea,top 20 by calls,volume|2024|0|all,2024,container,2.0,bio-methanol,0.8289147223840754,2045,27.200940020844744,0.0,27.200940020844744,0.0,27.200940020844744,0.0,27.200940020844744,0.0,27.200940020844744,0.0,27.200940020844744,791.3497119412752
opt_eea,20 chosen for continuity,greedy|2024|7000|all,2024,all,1.0,e-methanol,0.7029314528670605,2045,17.966328573862157,0.0,17.966328573862157,0.0,30.595426020974067,0.0,30.595426020974067,0.0,30.595426020974067,0.0,30.595426020974067,969.8254382859905
opt_eea,20 chosen for continuity,greedy|2024|7000|all,2024,all,1.0,bio-methanol,0.7029314528670605,2040,36.92180909677761,0.0,36.92180909677761,0.0,36.92180909677761,0.0,36.92180909677761,0.0,36.92180909677761,148.2706824553742,36.92180909677761,1214.8793065554603
opt_eea,20 chosen for continuity,greedy|2024|7000|all,2024,all,1.5,e-methanol,0.7806346210246946,2045,13.422473521692156,0.0,13.422473521692156,0.0,23.90052105251231,0.0,23.90052105251231,0.0,23.90052105251231,0.0,23.90052105251231,569.2114617977969
opt_eea,20 chosen for continuity,greedy|2024|7000|all,2024,all,1.5,bio-methanol,0.7806346210246946,2045,30.926232641734565,0.0,30.926232641734565,0.0,30.926232641734565,0.0,30.926232641734565,0.0,30.926232641734565,0.0,30.926232641734565,985.1234934787777
opt_eea,20 chosen for continuity,greedy|2024|7000|all,2024,all,2.0,e-methanol,0.8222214088036921,2045,11.14979953550896,0.0,11.14979953550896,0.0,20.317403417473887,0.0,20.317403417473887,0.0,20.317403417473887,0.0,20.317403417473887,246.3389685727675
opt_eea,20 chosen for continuity,greedy|2024|7000|all,2024,all,2.0,bio-methanol,0.8222214088036921,2045,27.717396096707116,0.0,27.717396096707116,0.0,27.717396096707116,0.0,27.717396096707116,0.0,27.717396096707116,0.0,27.717396096707116,821.3235670720746
opt_eea,20 chosen for continuity,greedy|2024|7000|all,2024,container,1.0,e-methanol,0.8033741389705136,2045,12.166795404322533,0.0,12.166795404322533,0.0,21.94128418630055,0.0,21.94128418630055,0.0,21.94128418630055,0.0,21.94128418630055,405.73204246083446
opt_eea,20 chosen for continuity,greedy|2024|7000|all,2024,container,1.0,bio-methanol,0.8033741389705136,2045,29.171651437035173,0.0,29.171651437035173,0.0,29.171651437035173,0.0,29.171651437035173,0.0,29.171651437035173,0.0,29.171651437035173,900.0232127945937
opt_eea,20 chosen for continuity,greedy|2024|7000|all,2024,container,1.5,e-methanol,0.8435105411971918,2045,10.026051577902475,0.0,10.026051577902475,0.0,18.48313177044995,0.0,18.48313177044995,0.0,18.48313177044995,0.0,18.48313177044995,32.60898945943191
opt_eea,20 chosen for continuity,greedy|2024|7000|all,2024,container,1.5,bio-methanol,0.8435105411971918,2045,26.07472664122468,0.0,26.07472664122468,0.0,26.07472664122468,0.0,26.07472664122468,0.0,26.07472664122468,0.0,26.07472664122468,721.8692720321911
opt_eea,20 chosen for continuity,greedy|2024|7000|all,2024,container,2.0,e-methanol,0.8644384604649603,2050,8.946383911314138,0.0,8.946383911314138,0.0,16.67998224633902,0.0,16.67998224633902,0.0,16.67998224633902,0.0,16.67998224633902,0.0
opt_eea,20 chosen for continuity,greedy|2024|7000|all,2024,container,2.0,bio-methanol,0.8644384604649603,2045,24.459928390523665,0.0,24.459928390523665,0.0,24.459928390523665,0.0,24.459928390523665,0.0,24.459928390523665,0.0,24.459928390523665,611.082252515818
opt_eea,20 chosen for continuity on 2019,greedy|2019|7000|all,2024,all,1.0,e-methanol,0.7078849445032968,2045,17.664324097879952,0.0,17.664324097879952,0.0,30.16863318159595,0.0,30.16863318159595,0.0,30.16863318159595,0.0,30.16863318159595,949.5928921734064
opt_eea,20 chosen for continuity on 2019,greedy|2019|7000|all,2024,all,1.0,bio-methanol,0.7078849445032968,2040,36.539597682125624,0.0,36.539597682125624,0.0,36.539597682125624,0.0,36.539597682125624,0.0,36.539597682125624,124.71714868745644,36.539597682125624,1202.4827098355036
opt_eea,20 chosen for continuity on 2019,greedy|2019|7000|all,2024,all,1.5,e-methanol,0.7852406063997164,2045,13.16554713596849,0.0,13.16554713596849,0.0,23.503669352600436,0.0,23.503669352600436,0.0,23.503669352600436,0.0,23.503669352600436,538.2992015602553
opt_eea,20 chosen for continuity on 2019,greedy|2019|7000|all,2024,all,1.5,bio-methanol,0.7852406063997164,2045,30.570834810197884,0.0,30.570834810197884,0.0,30.570834810197884,0.0,30.570834810197884,0.0,30.570834810197884,0.0,30.570834810197884,968.6750044063729
opt_eea,20 chosen for continuity on 2019,greedy|2019|7000|all,2024,all,2.0,e-methanol,0.8263059546004948,2045,10.932165501255687,0.0,10.932165501255687,0.0,19.965478951621364,0.0,19.965478951621364,0.0,19.965478951621364,0.0,19.965478951621364,208.3771440681331
opt_eea,20 chosen for continuity on 2019,greedy|2019|7000|all,2024,all,2.0,bio-methanol,0.8263059546004948,2045,27.402232543025818,0.0,27.402232543025818,0.0,27.402232543025818,0.0,27.402232543025818,0.0,27.402232543025818,0.0,27.402232543025818,803.1666058123211
opt_eea,20 chosen for continuity on 2019,greedy|2019|7000|all,2024,container,1.0,e-methanol,0.8118953072619164,2045,11.704374000703627,0.0,11.704374000703627,0.0,21.207100326313284,0.0,21.207100326313284,0.0,21.207100326313284,0.0,21.207100326313284,336.69104560666636
opt_eea,20 chosen for continuity on 2019,greedy|2019|7000|all,2024,container,1.0,bio-methanol,0.8118953072619164,2045,28.51415809167053,0.0,28.51415809167053,0.0,28.51415809167053,0.0,28.51415809167053,0.0,28.51415809167053,0.0,28.51415809167053,865.4360174575136
opt_eea,20 chosen for continuity on 2019,greedy|2019|7000|all,2024,container,1.5,e-methanol,0.8523637875000731,2050,9.566336908857865,0.0,9.566336908857865,0.0,17.720336068993696,0.0,17.720336068993696,0.0,17.720336068993696,0.0,17.720336068993696,0.0
opt_eea,20 chosen for continuity on 2019,greedy|2019|7000|all,2024,container,1.5,bio-methanol,0.8523637875000731,2045,25.39161015649436,0.0,25.39161015649436,0.0,25.39161015649436,0.0,25.39161015649436,0.0,25.39161015649436,0.0,25.39161015649436,676.722124736607
opt_eea,20 chosen for continuity on 2019,greedy|2019|7000|all,2024,container,2.0,e-methanol,0.8729838822131454,2050,8.5124644477325,0.0,8.5124644477325,0.0,15.943708708515395,0.0,15.943708708515395,0.0,15.943708708515395,0.0,15.943708708515395,0.0
opt_eea,20 chosen for continuity on 2019,greedy|2019|7000|all,2024,container,2.0,bio-methanol,0.8729838822131454,2045,23.8005636484337,0.0,23.8005636484337,0.0,23.8005636484337,0.0,23.8005636484337,0.0,23.8005636484337,0.0,23.8005636484337,561.5225317203951
opt_eea,10 chosen for dual-fuel use,dualfuel|2024|7000|all,2024,all,1.0,e-methanol,0.5782530409302825,2040,26.19207245061339,0.0,26.19207245061339,0.0,41.33771799344686,0.0,41.33771799344686,0.0,41.33771799344686,388.81205747304193,41.33771799344686,1341.4800302489698
opt_eea,10 chosen for dual-fuel use,dualfuel|2024|7000|all,2024,all,1.0,bio-methanol,0.5782530409302825,2040,46.5419953618194,0.0,46.5419953618194,0.0,46.5419953618194,0.0,46.5419953618194,0.0,46.5419953618194,613.7009951188736,46.5419953618194,1459.8426290099337
opt_eea,10 chosen for dual-fuel use,dualfuel|2024|7000|all,2024,all,1.5,e-methanol,0.6608608835021321,2045,20.6039088627933,0.0,20.6039088627933,0.0,34.22022627745629,0.0,34.22022627745629,0.0,34.22022627745629,0.0,34.22022627745629,1121.3176311219709
opt_eea,10 chosen for dual-fuel use,dualfuel|2024|7000|all,2024,all,1.5,bio-methanol,0.6608608835021321,2040,40.16797422897548,0.0,40.16797422897548,0.0,40.16797422897548,0.0,40.16797422897548,0.0,40.16797422897548,330.24364320499353,40.16797422897548,1310.65454905526
opt_eea,10 chosen for dual-fuel use,dualfuel|2024|7000|all,2024,all,2.0,e-methanol,0.7117296356490599,2045,17.431125787083282,0.0,17.431125787083282,0.0,29.837374592476998,0.0,29.837374592476998,0.0,29.837374592476998,0.0,29.837374592476998,933.4902752793623
opt_eea,10 chosen for dual-fuel use,dualfuel|2024|7000|all,2024,all,2.0,bio-methanol,0.7117296356490599,2040,36.24294131331854,0.0,36.24294131331854,0.0,36.24294131331854,0.0,36.24294131331854,0.0,36.24294131331854,106.09346296492453,36.24294131331854,1192.6807699815397
opt_eea,10 chosen for dual-fuel use,dualfuel|2024|7000|all,2024,container,1.0,e-methanol,0.6670284958715815,2045,20.20890757364698,0.0,20.20890757364698,0.0,33.688824795704534,0.0,33.688824795704534,0.0,33.688824795704534,0.0,33.688824795704534,1101.1479247094674
opt_eea,10 chosen for dual-fuel use,dualfuel|2024|7000|all,2024,container,1.0,bio-methanol,0.6670284958715815,2040,39.69208125854877,0.0,39.69208125854877,0.0,39.69208125854877,0.0,39.69208125854877,0.0,39.69208125854877,305.4280510399292,39.69208125854877,1297.5937110736472
opt_eea,10 chosen for dual-fuel use,dualfuel|2024|7000|all,2024,container,1.5,e-methanol,0.7178321122073378,2045,17.063125670966585,0.0,17.063125670966585,0.0,29.311585212215775,0.0,29.311585212215775,0.0,29.311585212215775,0.0,29.311585212215775,907.1841156593574
opt_eea,10 chosen for dual-fuel use,dualfuel|2024|7000|all,2024,container,1.5,bio-methanol,0.7178321122073378,2040,35.77207422208181,0.0,35.77207422208181,0.0,35.77207422208181,0.0,35.77207422208181,0.0,35.77207422208181,75.89881750050624,35.77207422208181,1176.788851316056
opt_eea,10 chosen for dual-fuel use,dualfuel|2024|7000|all,2024,container,2.0,e-methanol,0.7491145931772997,2045,15.217005652839973,0.0,15.217005652839973,0.0,26.61628665184386,0.0,26.61628665184386,0.0,26.61628665184386,0.0,26.61628665184386,756.014098722193
opt_eea,10 chosen for dual-fuel use,dualfuel|2024|7000|all,2024,container,2.0,bio-methanol,0.7491145931772997,2045,33.35831799043956,0.0,33.35831799043956,0.0,33.35831799043956,0.0,33.35831799043956,0.0,33.35831799043956,0.0,33.35831799043956,1088.279186842076
opt_eea,20 chosen for dual-fuel use,dualfuel|2024|7000|all,2024,all,1.0,e-methanol,0.7487794439955268,2045,15.23643430098185,0.0,15.23643430098185,0.0,26.645163105345414,0.0,26.645163105345414,0.0,26.645163105345414,0.0,26.645163105345414,757.7957535106352
opt_eea,20 chosen for dual-fuel use,dualfuel|2024|7000|all,2024,all,1.0,bio-methanol,0.7487794439955268,2045,33.38417810130515,0.0,33.38417810130515,0.0,33.38417810130515,0.0,33.38417810130515,0.0,33.38417810130515,0.0,33.38417810130515,1089.2952743296885
opt_eea,20 chosen for dual-fuel use,dualfuel|2024|7000|all,2024,all,1.5,e-methanol,0.819477111668668,2045,11.296570826206953,0.0,11.296570826206953,0.0,20.553852058627566,0.0,20.553852058627566,0.0,20.553852058627566,0.0,20.553852058627566,271.11438404885826
opt_eea,20 chosen for dual-fuel use,dualfuel|2024|7000|all,2024,all,1.5,bio-methanol,0.819477111668668,2045,27.929146063645575,0.0,27.929146063645575,0.0,27.929146063645575,0.0,27.929146063645575,0.0,27.929146063645575,0.0,27.929146063645575,833.2925933257682
opt_eea,20 chosen for dual-fuel use,dualfuel|2024|7000|all,2024,all,2.0,e-methanol,0.855074143822902,2050,9.426475931674766,0.0,9.426475931674766,0.0,17.48681176821876,0.0,17.48681176821876,0.0,17.48681176821876,0.0,17.48681176821876,0.0
opt_eea,20 chosen for dual-fuel use,dualfuel|2024|7000|all,2024,all,2.0,bio-methanol,0.855074143822902,2045,25.18247906262488,0.0,25.18247906262488,0.0,25.18247906262488,0.0,25.18247906262488,0.0,25.18247906262488,0.0,25.18247906262488,662.4109448802205
opt_eea,20 chosen for dual-fuel use,dualfuel|2024|7000|all,2024,container,1.0,e-methanol,0.8595029169274514,2050,9.198817878594461,0.0,9.198817878594461,0.0,17.10522867753079,0.0,17.10522867753079,0.0,17.10522867753079,0.0,17.10522867753079,0.0
opt_eea,20 chosen for dual-fuel use,dualfuel|2024|7000|all,2024,container,1.0,bio-methanol,0.8595029169274514,2045,24.84075492987785,0.0,24.84075492987785,0.0,24.84075492987785,0.0,24.84075492987785,0.0,24.84075492987785,0.0,24.84075492987785,638.5076410310547
opt_eea,20 chosen for dual-fuel use,dualfuel|2024|7000|all,2024,container,1.5,e-methanol,0.8957118574593931,2050,7.3774219991649055,0.0,7.3774219991649055,0.0,13.985466361298693,0.0,13.985466361298693,0.0,13.985466361298693,0.0,13.985466361298693,0.0
opt_eea,20 chosen for dual-fuel use,dualfuel|2024|7000|all,2024,container,1.5,bio-methanol,0.8957118574593931,2045,22.04687307843323,0.0,22.04687307843323,0.0,22.04687307843323,0.0,22.04687307843323,0.0,22.04687307843323,0.0,22.04687307843323,415.2831721608666
opt_eea,20 chosen for dual-fuel use,dualfuel|2024|7000|all,2024,container,2.0,e-methanol,0.9139721559803776,2050,6.4850259194982325,0.0,6.4850259194982325,0.0,12.412159040730664,0.0,12.412159040730664,0.0,12.412159040730664,0.0,12.412159040730664,0.0
opt_eea,20 chosen for dual-fuel use,dualfuel|2024|7000|all,2024,container,2.0,bio-methanol,0.9139721559803776,2045,20.637908444554064,0.0,20.637908444554064,0.0,20.637908444554064,0.0,20.637908444554064,0.0,20.637908444554064,0.0,20.637908444554064,279.7851479205226
opt_eea,20 chosen for dual-fuel use on 2019,dualfuel|2019|7000|all,2024,all,1.0,e-methanol,0.7461812979622503,2045,15.387302222814997,0.0,15.387302222814997,0.0,26.869019367572513,0.0,26.869019367572513,0.0,26.869019367572513,0.0,26.869019367572513,771.4775965062246
opt_eea,20 chosen for dual-fuel use on 2019,dualfuel|2019|7000|all,2024,all,1.0,bio-methanol,0.7461812979622503,2045,33.58465104923277,0.0,33.58465104923277,0.0,33.58465104923277,0.0,33.58465104923277,0.0,33.58465104923277,0.0,33.58465104923277,1097.1191114698331
opt_eea,20 chosen for dual-fuel use on 2019,dualfuel|2019|7000|all,2024,all,1.5,e-methanol,0.8178547418513957,2045,11.383547302029365,0.0,11.383547302029365,0.0,20.693635442083743,0.0,20.693635442083743,0.0,20.693635442083743,0.0,20.693635442083743,285.49478787986675
opt_eea,20 chosen for dual-fuel use on 2019,dualfuel|2019|7000|all,2024,all,1.5,bio-methanol,0.8178547418513957,2045,28.054328118746305,0.0,28.054328118746305,0.0,28.054328118746305,0.0,28.054328118746305,0.0,28.054328118746305,0.0,28.054328118746305,840.2834452213785
opt_eea,20 chosen for dual-fuel use on 2019,dualfuel|2019|7000|all,2024,all,2.0,e-methanol,0.8542037550164324,2050,9.471345541325658,0.0,9.471345541325658,0.0,17.56180446778418,0.0,17.56180446778418,0.0,17.56180446778418,0.0,17.56180446778418,0.0
opt_eea,20 chosen for dual-fuel use on 2019,dualfuel|2019|7000|all,2024,all,2.0,bio-methanol,0.8542037550164324,2045,25.249638262932073,0.0,25.249638262932073,0.0,25.249638262932073,0.0,25.249638262932073,0.0,25.249638262932073,0.0,25.249638262932073,667.032598869446
opt_eea,20 chosen for dual-fuel use on 2019,dualfuel|2019|7000|all,2024,container,1.0,e-methanol,0.8519747066703026,2050,9.586448027255566,0.0,9.586448027255566,0.0,17.753859273286725,0.0,17.753859273286725,0.0,17.753859273286725,0.0,17.753859273286725,0.0
opt_eea,20 chosen for dual-fuel use on 2019,dualfuel|2019|7000|all,2024,container,1.0,bio-methanol,0.8519747066703026,2045,25.42163163331945,0.0,25.42163163331945,0.0,25.42163163331945,0.0,25.42163163331945,0.0,25.42163163331945,0.0,25.42163163331945,678.7572162500725
opt_eea,20 chosen for dual-fuel use on 2019,dualfuel|2019|7000|all,2024,container,1.5,e-methanol,0.8911338193950523,2050,7.603856466128995,0.0,7.603856466128995,0.0,14.379910120922291,0.0,14.379910120922291,0.0,14.379910120922291,0.0,14.379910120922291,0.0
opt_eea,20 chosen for dual-fuel use on 2019,dualfuel|2019|7000|all,2024,container,1.5,bio-methanol,0.8911338193950523,2045,22.400114495477762,0.0,22.400114495477762,0.0,22.400114495477762,0.0,22.400114495477762,0.0,22.400114495477762,0.0,22.400114495477762,446.58141328546276
opt_eea,20 chosen for dual-fuel use on 2019,dualfuel|2019|7000|all,2024,container,2.0,e-methanol,0.9116742168791392,2050,6.596390411269858,0.0,6.596390411269858,0.0,12.610149473693369,0.0,12.610149473693369,0.0,12.610149473693369,0.0,12.610149473693369,0.0
opt_eea,20 chosen for dual-fuel use on 2019,dualfuel|2019|7000|all,2024,container,2.0,bio-methanol,0.9116742168791392,2045,20.81521742560562,0.0,20.81521742560562,0.0,20.81521742560562,0.0,20.81521742560562,0.0,20.81521742560562,0.0,20.81521742560562,297.84564315081224
opt_eea,top 20 by calls on 2019,volume|2019|0|all,2024,all,1.0,e-methanol,0.6580483516066684,2045,20.785011481827308,0.0,20.785011481827308,0.0,34.462554025569446,0.0,34.462554025569446,0.0,34.462554025569446,0.0,34.462554025569446,1130.3088457247047
opt_eea,top 20 by calls on 2019,volume|2019|0|all,2024,all,1.0,bio-methanol,0.6580483516066684,2040,40.384989190029465,0.0,40.384989190029465,0.0,40.384989190029465,0.0,40.384989190029465,0.0,40.384989190029465,341.36579785130465,40.384989190029465,1316.5083146585814
opt_eea,top 20 by calls on 2019,volume|2019|0|all,2024,all,1.5,e-methanol,0.7369678636761143,2045,15.925941661995063,0.0,15.925941661995063,0.0,27.66284886566599,0.0,27.66284886566599,0.0,27.66284886566599,0.0,27.66284886566599,818.2106401083959
opt_eea,top 20 by calls on 2019,volume|2019|0|all,2024,all,1.5,bio-methanol,0.7369678636761143,2045,34.295559638751016,0.0,34.295559638751016,0.0,34.295559638751016,0.0,34.295559638751016,0.0,34.295559638751016,0.0,34.295559638751016,1124.1263749328473
opt_eea,top 20 by calls on 2019,volume|2019|0|all,2024,all,2.0,e-methanol,0.7816160437767333,2045,13.36761742317426,0.0,13.36761742317426,0.0,23.815961668196657,0.0,23.815961668196657,0.0,23.815961668196657,0.0,23.815961668196657,562.711184640849
opt_eea,top 20 by calls on 2019,volume|2019|0|all,2024,all,2.0,bio-methanol,0.7816160437767333,2045,30.850506062187257,0.0,30.850506062187257,0.0,30.850506062187257,0.0,30.850506062187257,0.0,30.850506062187257,0.0,30.850506062187257,981.650495074644
opt_eea,top 20 by calls on 2019,volume|2019|0|all,2024,container,1.0,e-methanol,0.755255753335387,2045,14.862315217056823,0.0,14.862315217056823,0.0,26.087164292623058,0.0,26.087164292623058,0.0,26.087164292623058,0.0,26.087164292623058,722.6693591846793
opt_eea,top 20 by calls on 2019,volume|2019|0|all,2024,container,1.0,bio-methanol,0.755255753335387,2045,32.884466072641544,0.0,32.884466072641544,0.0,32.884466072641544,0.0,32.884466072641544,0.0,32.884466072641544,0.0,32.884466072641544,1069.3778179842866
opt_eea,top 20 by calls on 2019,volume|2019|0|all,2024,container,1.5,e-methanol,0.794318785210866,2045,12.663019332744481,0.0,12.663019332744481,0.0,22.721493466231788,0.0,22.721493466231788,0.0,22.721493466231788,0.0,22.721493466231788,474.21109598141345
opt_eea,top 20 by calls on 2019,volume|2019|0|all,2024,container,1.5,bio-methanol,0.794318785210866,2045,29.870362533129583,0.0,29.870362533129583,0.0,29.870362533129583,0.0,29.870362533129583,0.0,29.870362533129583,0.0,29.870362533129583,935.109845035567
opt_eea,top 20 by calls on 2019,volume|2019|0|all,2024,container,2.0,e-methanol,0.8164088275028484,2045,11.461194807655126,0.0,11.461194807655126,0.0,20.818215422354584,0.0,20.818215422354584,0.0,20.818215422354584,0.0,20.818215422354584,298.1483709206903
opt_eea,top 20 by calls on 2019,volume|2019|0|all,2024,container,2.0,bio-methanol,0.8164088275028484,2045,28.16589486988022,0.0,28.16589486988022,0.0,28.16589486988022,0.0,28.16589486988022,0.0,28.16589486988022,0.0,28.16589486988022,846.461573397683
whole,methanol network 2023 (lower),methanol_dated|lower,2023,all,1.0,e-methanol,0.0109444769585206,2025,89.24033507426293,0.0,89.24033507426293,95.47077754852778,90.21702386525385,326.5518636550332,90.21702386525385,726.6909776865181,90.21702386525385,1478.4674949577927,90.21702386525385,1914.9828920830487
whole,methanol network 2023 (lower),methanol_dated|lower,2023,all,1.0,bio-methanol,0.0109444769585206,0,90.31552415788055,26.008130947755426,90.31552415788055,122.90575825601033,90.31552415788055,328.8132162860517,90.31552415788055,728.5159289326034,90.31552415788055,1479.4725405715787,90.31552415788055,1915.5118634587257
whole,methanol network 2023 (lower),methanol_dated|lower,2023,all,2.0,e-methanol,0.0363475541049636,2030,84.94090075249083,0.0,84.94090075249083,0.0,88.02829473831633,274.9977997860986,88.02829473831633,685.0859436870273,88.02829473831633,1455.5545776827105,88.02829473831633,1902.923461938269
whole,methanol network 2023 (lower),methanol_dated|lower,2023,all,2.0,bio-methanol,0.0363475541049636,2025,88.35542272526101,0.0,88.35542272526101,72.39006213025317,88.35542272526101,282.8654288525173,88.35542272526101,691.4352583722073,88.35542272526101,1459.05130171223,88.35542272526101,1904.763843006437
whole,methanol network 2023 (lower),methanol_dated|lower,2023,container,1.0,e-methanol,0.024801451541947,2025,86.86863860428672,0.0,86.86863860428672,32.552284641750795,89.02310693514585,298.74419754552986,89.02310693514585,704.2497032823576,89.02310693514585,1466.1085322424578,89.02310693514585,1908.4781748644514
whole,methanol network 2023 (lower),methanol_dated|lower,2023,container,1.0,bio-methanol,0.024801451541947,2025,89.24631999902337,0.0,89.24631999902337,95.62532099642294,89.24631999902337,303.99962707653356,89.24631999902337,708.4909271143957,89.24631999902337,1468.4442787006817,89.24631999902337,1909.7075151056222
whole,methanol network 2023 (lower),methanol_dated|lower,2023,container,2.0,e-methanol,0.0916824151626292,2030,76.26819114530156,0.0,76.26819114530156,0.0,83.26064310958786,153.3164168118332,83.26064310958786,586.8869328656901,83.26064310958786,1401.4739630274814,83.26064310958786,1874.4599805407797
whole,methanol network 2023 (lower),methanol_dated|lower,2023,container,2.0,bio-methanol,0.0916824151626292,2030,84.08578484605152,0.0,84.08578484605152,0.0,84.08578484605152,175.36333468874182,84.08578484605152,604.6791823803883,84.08578484605152,1411.2725931949963,84.08578484605152,1879.617154313156
whole,methanol network 2023 (upper),methanol_dated|upper,2023,all,1.0,e-methanol,0.0598026397410745,2030,81.15417091329562,0.0,81.15417091329562,0.0,86.00740455990902,225.0672606949566,86.00740455990902,644.7911226661057,86.00740455990902,1433.3632269755362,86.00740455990902,1891.243803671335
whole,methanol network 2023 (upper),methanol_dated|upper,2023,all,1.0,bio-methanol,0.0598026397410745,2025,86.54562831757869,0.0,86.54562831757869,23.71636791008136,86.54562831757869,238.5930793224677,86.54562831757869,655.7066955935707,86.54562831757869,1439.3747019210969,86.54562831757869,1894.4077378532088
whole,methanol network 2023 (upper),methanol_dated|upper,2023,all,2.0,e-methanol,0.1681636188092693,2035,65.63380451922097,0.0,65.63380451922097,0.0,76.67102260339334,0.0,76.67102260339334,431.05586864418984,76.67102260339334,1315.653956644626,76.67102260339334,1829.2915561287507
whole,methanol network 2023 (upper),methanol_dated|upper,2023,all,2.0,bio-methanol,0.1681636188092693,2030,78.18449517267678,0.0,78.18449517267678,0.0,78.18449517267678,7.449922304132439,78.18449517267678,469.1701127366686,78.18449517267678,1336.6444099129478,78.18449517267678,1840.3391631120778
whole,methanol network 2023 (upper),methanol_dated|upper,2023,container,1.0,e-methanol,0.0960679052573665,2030,75.61829781300244,0.0,75.61829781300244,0.0,82.88278928302529,143.074025160605,82.88278928302529,578.6211431120674,82.88278928302529,1396.921788960269,82.88278928302529,1872.0640994527732
whole,methanol network 2023 (upper),methanol_dated|upper,2023,container,1.0,bio-methanol,0.0960679052573665,2030,83.7474004303416,0.0,83.7474004303416,0.0,83.7474004303416,166.3746093755976,83.7474004303416,597.4251233557457,83.7474004303416,1407.2776041669322,83.7474004303416,1877.5145285089118
whole,methanol network 2023 (upper),methanol_dated|upper,2023,container,2.0,e-methanol,0.2389845358223966,2035,56.957201928836746,0.0,56.957201928836746,0.0,70.5690923935423,0.0,70.5690923935423,260.80626971738934,70.5690923935423,1221.8933079603012,70.5690923935423,1779.9438462948956
whole,methanol network 2023 (upper),methanol_dated|upper,2023,container,2.0,bio-methanol,0.2389845358223966,2035,72.71995321594387,0.0,72.71995321594387,0.0,72.71995321594387,0.0,72.71995321594387,324.0778723864507,72.71995321594387,1256.7385384157265,72.71995321594387,1798.283441271435
whole,methanol network 2024 (lower),methanol_dated|lower,2024,all,1.0,e-methanol,0.0508011586071938,2030,82.58743480015998,0.0,82.58743480015998,0.0,86.78297217440418,244.5043386613615,86.78297217440418,660.4771855863621,86.78297217440418,1442.0019282939384,86.78297217440418,1895.7904885757573
whole,methanol network 2024 (lower),methanol_dated|lower,2024,all,1.0,bio-methanol,0.0508011586071938,2025,87.24018260186892,0.0,87.24018260186892,42.63492044095898,87.24018260186892,255.8009116776809,87.24018260186892,669.5937181960234,87.24018260186892,1447.0226274123024,87.24018260186892,1898.4329617959488
whole,methanol network 2024 (lower),methanol_dated|lower,2024,all,2.0,e-methanol,0.149724883702473,2030,68.06820060132496,0.0,68.06820060132496,0.0,78.25970402019493,9.74920181490777,78.25970402019493,471.0256716401012,78.25970402019493,1337.666311917737,78.25970402019493,1840.8770062724934
whole,methanol network 2024 (lower),methanol_dated|lower,2024,all,2.0,bio-methanol,0.149724883702473,2030,79.60722797351718,0.0,79.60722797351718,0.0,79.60722797351718,50.20934955518026,79.60722797351718,503.6777206936544,79.60722797351718,1355.6485998023024,79.60722797351718,1850.3413683170015
whole,methanol network 2024 (lower),methanol_dated|lower,2024,container,1.0,e-methanol,0.0870941549525984,2030,76.95374612048379,0.0,76.95374612048379,0.0,83.65596760928412,163.93334097016546,83.65596760928412,595.4549769232916,83.65596760928412,1406.1925959867403,83.65596760928412,1876.9434715719685
whole,methanol network 2024 (lower),methanol_dated|lower,2024,container,1.0,bio-methanol,0.0870941549525984,2030,84.4398150038575,0.0,84.4398150038575,0.0,84.4398150038575,184.6905515904501,84.4398150038575,612.2064100554512,84.4398150038575,1415.418022929089,84.4398150038575,1881.7989594363626
whole,methanol network 2024 (lower),methanol_dated|lower,2024,container,2.0,e-methanol,0.2095387312599843,2035,60.441341004834634,0.0,60.441341004834634,0.0,73.10614291463975,0.0,73.10614291463975,335.0441155640622,73.10614291463975,1262.77791871644,73.10614291463975,1801.462062482337
whole,methanol network 2024 (lower),methanol_dated|lower,2024,container,2.0,bio-methanol,0.2095387312599843,2035,74.9919914959796,0.0,74.9919914959796,0.0,74.9919914959796,0.0,74.9919914959796,386.9722487888171,74.9919914959796,1291.376021072102,74.9919914959796,1816.5136953011065
whole,methanol network 2024 (upper),methanol_dated|upper,2024,all,1.0,e-methanol,0.1043376610940521,2030,74.40683227150971,0.0,74.40683227150971,0.0,82.17026712013647,123.50356697137492,82.17026712013647,562.8274400119869,82.17026712013647,1388.2238075428336,82.17026712013647,1867.4862144962283
whole,methanol network 2024 (upper),methanol_dated|upper,2024,all,1.0,bio-methanol,0.1043376610940521,2030,83.10930606998294,0.0,83.10930606998294,0.0,83.10930606998294,149.22534135366038,83.10930606998294,583.5853631976911,83.10930606998294,1399.6557072682936,83.10930606998294,1873.5030038254179
whole,methanol network 2024 (upper),methanol_dated|upper,2024,all,2.0,e-methanol,0.2617324821813103,2035,54.3769224492385,0.0,54.3769224492385,0.0,68.6091293352583,0.0,68.6091293352583,199.69573345946844,68.6091293352583,1188.2382300211564,68.6091293352583,1762.230647379556
whole,methanol network 2024 (upper),methanol_dated|upper,2024,all,2.0,bio-methanol,0.2617324821813103,2035,70.9647216748901,0.0,70.9647216748901,0.0,70.9647216748901,0.0,70.9647216748901,272.7323036424244,70.9647216748901,1228.4612686726393,70.9647216748901,1783.400667722442
whole,methanol network 2024 (upper),methanol_dated|upper,2024,container,1.0,e-methanol,0.2562942797505616,2035,54.985273729342346,0.0,54.985273729342346,0.0,69.07768485669162,0.0,69.07768485669162,214.62044778739778,69.07768485669162,1196.4576379119003,69.07768485669162,1766.5566515325793
whole,methanol network 2024 (upper),methanol_dated|upper,2024,container,1.0,bio-methanol,0.2562942797505616,2035,71.38433337444667,0.0,71.38433337444667,0.0,71.38433337444667,0.0,71.38433337444667,285.236817886441,71.38433337444667,1235.3478127490544,71.38433337444667,1787.0251646047655
whole,methanol network 2024 (upper),methanol_dated|upper,2024,container,2.0,e-methanol,0.5391175432126878,2040,29.04887458008558,0.0,29.04887458008558,0.0,44.709632476794816,0.0,44.709632476794816,0.0,44.709632476794816,540.4919836200796,44.709632476794816,1421.311570326358
whole,methanol network 2024 (upper),methanol_dated|upper,2024,container,2.0,bio-methanol,0.5391175432126878,2040,49.56169036570901,0.0,49.56169036570901,0.0,49.56169036570901,0.0,49.56169036570901,0.0,49.56169036570901,722.5366329006027,49.56169036570901,1517.1245436318964
whole,methanol network 2025 (lower),methanol_dated|lower,2025,all,1.0,e-methanol,0.1024420559540803,2030,74.68292053476037,0.0,74.68292053476037,0.0,82.33359245899643,128.01945824045868,82.33359245899643,566.4718434923003,82.33359245899643,1390.2308703290928,82.33359245899643,1868.5425633311015
whole,methanol network 2025 (lower),methanol_dated|lower,2025,all,1.0,bio-methanol,0.1024420559540803,2030,83.25557096258316,0.0,83.25557096258316,0.0,83.25557096258316,153.1795429753414,83.25557096258316,586.7764732783461,83.25557096258316,1401.4131302112628,83.25557096258316,1874.4279632690857
whole,methanol network 2025 (lower),methanol_dated|lower,2025,all,2.0,e-methanol,0.2588437370946624,2035,54.69942105033955,0.0,54.69942105033955,0.0,68.85802361192388,0.0,68.85802361192388,207.64895532292567,68.85802361192388,1192.6182652503066,68.85802361192388,1764.5359290791089
whole,methanol network 2025 (lower),methanol_dated|lower,2025,all,2.0,bio-methanol,0.2588437370946624,2035,71.18761724577584,0.0,71.18761724577584,0.0,71.18761724577584,0.0,71.18761724577584,279.39299219966864,71.18761724577584,1232.1294739650348,71.18761724577584,1785.3313020868607
whole,methanol network 2025 (lower),methanol_dated|lower,2025,container,1.0,e-methanol,0.2484282961177997,2035,55.87458905201582,0.0,55.87458905201582,0.0,69.75541800649037,0.0,69.75541800649037,235.8532668250392,69.75541800649037,1208.151074483355,69.75541800649037,1772.7110918333449
whole,methanol network 2025 (lower),methanol_dated|lower,2025,container,1.0,bio-methanol,0.2484282961177997,2035,71.99127267155058,0.0,71.99127267155058,0.0,71.99127267155058,0.0,71.99127267155058,303.0658245376936,71.99127267155058,1245.1666859772804,71.99127267155058,1792.1929926196215
whole,methanol network 2025 (lower),methanol_dated|lower,2025,container,2.0,e-methanol,0.5316224244071924,2040,29.612658570620564,0.0,29.612658570620564,0.0,45.355411913076296,0.0,45.355411913076296,0.0,45.355411913076296,566.9680310844949,45.355411913076296,1435.2463321497344
whole,methanol network 2025 (lower),methanol_dated|lower,2025,container,2.0,bio-methanol,0.5316224244071924,2040,50.14001373274103,0.0,50.14001373274103,0.0,50.14001373274103,0.0,50.14001373274103,0.0,50.14001373274103,741.8847780308527,50.14001373274103,1527.3077779109753
whole,methanol network 2025 (upper),methanol_dated|upper,2025,all,1.0,e-methanol,0.1299567151676095,2030,70.76636507204405,0.0,70.76636507204405,0.0,79.96292942115875,60.66199232437653,79.96292942115875,512.1131867880937,79.96292942115875,1360.294218810834,79.96292942115875,1852.7864309530707
whole,methanol network 2025 (upper),methanol_dated|upper,2025,all,1.0,bio-methanol,0.1299567151676095,2030,81.13253985766724,0.0,81.13253985766724,0.0,81.13253985766724,94.38599693582378,81.13253985766724,539.3290501587353,81.13253985766724,1375.2826653048105,81.13253985766724,1860.6750870025319
whole,methanol network 2025 (upper),methanol_dated|upper,2025,all,2.0,e-methanol,0.3124934686203773,2035,48.94162468571312,0.0,48.94162468571312,0.0,64.2355627436683,0.0,64.2355627436683,49.88499279738603,64.2355627436683,1105.7337641492848,64.2355627436683,1718.8072442890975
whole,methanol network 2025 (upper),methanol_dated|upper,2025,all,2.0,bio-methanol,0.3124934686203773,2035,67.04800396125168,0.0,67.04800396125168,0.0,67.04800396125168,0.0,67.04800396125168,148.46451674768443,67.04800396125168,1160.023936759594,67.04800396125168,1747.381019347155
whole,methanol network 2025 (upper),methanol_dated|upper,2025,container,1.0,e-methanol,0.2929518197298026,2035,50.983548038051275,0.0,50.983548038051275,0.0,65.9192712120802,0.0,65.9192712120802,109.91157480613597,65.9192712120802,1138.7918817772922,65.9192712120802,1736.2062535669959
whole,methanol network 2025 (upper),methanol_dated|upper,2025,container,1.0,bio-methanol,0.2929518197298026,2035,68.55583758964843,0.0,68.55583758964843,0.0,68.55583758964843,0.0,68.55583758964843,197.9853312623771,68.55583758964843,1187.2962693908742,68.55583758964843,1761.7348786267762
whole,methanol network 2025 (upper),methanol_dated|upper,2025,container,2.0,e-methanol,0.5857612198677818,2040,25.66011375885749,0.0,25.66011375885749,0.0,40.69081329619191,0.0,40.69081329619191,0.0,40.69081329619191,356.8380854215923,40.69081329619191,1324.6516239061013
whole,methanol network 2025 (upper),methanol_dated|upper,2025,container,2.0,bio-methanol,0.5857612198677818,2040,45.962664275001956,0.0,45.962664275001956,0.0,45.962664275001956,0.0,45.962664275001956,0.0,45.962664275001956,591.1857958761364,45.962664275001956,1447.9925241453352
partial,methanol network 2023 (lower),methanol_dated|lower,2023,all,1.0,e-methanol,0.0570812697918493,2030,81.58490766912955,0.0,81.58490766912955,0.0,86.24187779473426,230.9804380045457,86.24187779473426,649.5631604948969,86.24187779473426,1435.9913057797983,86.24187779473426,1892.6270030419992
partial,methanol network 2023 (lower),methanol_dated|lower,2023,all,1.0,bio-methanol,0.0570812697918493,2025,86.75560922286091,0.0,86.75560922286091,29.467859862512924,86.75560922286091,243.8244895557961,86.75560922286091,659.9285354309937,86.75560922286091,1441.6997731359095,86.75560922286091,1895.6314595452156
partial,methanol network 2023 (lower),methanol_dated|lower,2023,all,2.0,e-methanol,0.0971711832490658,2030,75.455619064019,0.0,75.455619064019,0.0,82.78773085126049,140.48258024997074,82.78773085126049,576.5298016052399,82.78773085126049,1395.7700356666537,82.78773085126049,1871.4579135087652
partial,methanol network 2023 (lower),methanol_dated|lower,2023,all,2.0,bio-methanol,0.0971711832490658,2030,83.66227150050209,0.0,83.66227150050209,0.0,83.66227150050209,164.1018269641724,83.66227150050209,595.5909480763498,83.66227150050209,1406.2674786507432,83.66227150050209,1876.9828835003912
partial,methanol network 2023 (lower),methanol_dated|lower,2023,container,1.0,e-methanol,0.1016530465698033,2030,74.79811703341446,0.0,74.79811703341446,0.0,82.40157350754573,129.89383530557967,82.40157350754573,567.984498667661,82.40157350754573,1391.06392680248,82.40157350754573,1868.9810141065684
partial,methanol network 2023 (lower),methanol_dated|lower,2023,container,1.0,bio-methanol,0.1016530465698033,2030,83.31645092667397,0.0,83.31645092667397,0.0,83.31645092667397,154.82131176434714,83.31645092667397,588.1014094940347,83.31645092667397,1402.1428052285987,83.31645092667397,1874.8120027518942
partial,methanol network 2023 (lower),methanol_dated|lower,2023,container,2.0,e-methanol,0.1522862819127192,2030,67.72536927269542,0.0,67.72536927269542,0.0,78.03901395040012,2.9897030875937425,78.03901395040012,465.57063757946196,78.03901395040012,1334.6620902611526,78.03901395040012,1839.2958369795545
partial,methanol network 2023 (lower),methanol_dated|lower,2023,container,2.0,bio-methanol,0.1522862819127192,2030,79.4095904876146,0.0,79.4095904876146,0.0,79.4095904876146,44.36110485703164,79.4095904876146,498.9580846214644,79.4095904876146,1353.0493799364588,79.4095904876146,1848.973357861294
partial,methanol network 2023 (upper),methanol_dated|upper,2023,all,1.0,e-methanol,0.2389833606915089,2035,56.957337670324385,0.0,56.957337670324385,0.0,70.56919364281958,0.0,70.56919364281958,260.8093389294344,70.56919364281958,1221.8949982509926,70.56919364281958,1779.944735921575
partial,methanol network 2023 (upper),methanol_dated|upper,2023,all,1.0,bio-methanol,0.2389833606915089,2035,72.72004388904317,0.0,72.72004388904317,0.0,72.72004388904317,0.0,72.72004388904317,324.0804608102625,72.72004388904317,1256.7399639244923,72.72004388904317,1798.2841915392066
partial,methanol network 2023 (upper),methanol_dated|upper,2023,all,2.0,e-methanol,0.3792101901035656,2040,42.406335481240134,0.0,42.406335481240134,0.0,58.48725002067678,0.0,58.48725002067678,0.0,58.48725002067678,978.5291671157637,58.48725002067678,1651.857456376718
partial,methanol network 2023 (upper),methanol_dated|upper,2023,all,2.0,bio-methanol,0.3792101901035656,2040,61.900141731608876,0.0,61.900141731608876,0.0,61.900141731608876,0.0,61.900141731608876,0.0,61.900141731608876,1056.902590619656,61.900141731608876,1693.1066266419245
partial,methanol network 2023 (upper),methanol_dated|upper,2023,container,1.0,e-methanol,0.2634805535066475,2035,54.18248450272413,0.0,54.18248450272413,0.0,68.45851550986724,0.0,68.45851550986724,194.854900436144,68.45851550986724,1185.572264008311,68.45851550986724,1760.8275073727953
partial,methanol network 2023 (upper),methanol_dated|upper,2023,container,1.0,bio-methanol,0.2634805535066475,2035,70.82984049142706,0.0,70.82984049142706,0.0,70.82984049142706,0.0,70.82984049142706,268.6813502245338,70.82984049142706,1226.2303088193082,70.82984049142706,1782.2264783259518
partial,methanol network 2023 (upper),methanol_dated|upper,2023,container,2.0,e-methanol,0.3717299632422338,2040,43.10742489526495,0.0,43.10742489526495,0.0,59.13174636704914,0.0,59.13174636704914,0.0,59.13174636704914,994.0222451077791,59.13174636704914,1660.0117079514628
partial,methanol network 2023 (upper),methanol_dated|upper,2023,container,2.0,bio-methanol,0.3717299632422338,2040,62.47731603622924,0.0,62.47731603622924,0.0,62.47731603622924,0.0,62.47731603622924,0.0,62.47731603622924,1069.3103149343015,62.47731603622924,1699.637007860159
partial,methanol network 2024 (lower),methanol_dated|lower,2024,all,1.0,e-methanol,0.2207299025369794,2035,59.097357611610136,0.0,59.097357611610136,0.0,72.14191159741385,0.0,72.14191159741385,307.44441535686116,72.14191159741385,1247.5780838197204,72.14191159741385,1793.4621493788006
partial,methanol network 2024 (lower),methanol_dated|lower,2024,all,1.0,bio-methanol,0.2207299025369794,2035,74.12848072024667,0.0,74.12848072024667,0.0,74.12848072024667,0.0,74.12848072024667,363.52281156670074,74.12848072024667,1278.4618382541246,74.12848072024667,1809.7167569758553
partial,methanol network 2024 (lower),methanol_dated|lower,2024,all,2.0,e-methanol,0.3575808856141357,2040,44.45468519408687,0.0,44.45468519408687,0.0,60.35083089548607,0.0,60.35083089548607,0.0,60.35083089548607,1022.422943207261,60.35083089548607,1674.9594437932956
partial,methanol network 2024 (lower),methanol_dated|lower,2024,all,2.0,bio-methanol,0.3575808856141357,2035,63.569058866013286,0.0,63.569058866013286,0.0,63.569058866013286,0.0,63.569058866013286,25.244691475051795,63.569058866013286,1092.1637431311879,63.569058866013286,1711.665127963783
partial,methanol network 2024 (lower),methanol_dated|lower,2024,container,1.0,e-methanol,0.2302623560007424,2035,57.9718586520199,0.0,57.9718586520199,0.0,71.32059540697603,0.0,71.32059540697603,283.34689105478,71.32059540697603,1234.3069834794442,71.32059540697603,1786.4773597260235
partial,methanol network 2024 (lower),methanol_dated|lower,2024,container,1.0,bio-methanol,0.2302623560007424,2035,73.39295661098271,0.0,73.39295661098271,0.0,73.39295661098271,0.0,73.39295661098271,343.1137949631288,73.39295661098271,1267.222089979694,73.39295661098271,1803.801099989313
partial,methanol network 2024 (lower),methanol_dated|lower,2024,container,2.0,e-methanol,0.3281025154391069,2040,47.35378974037496,0.0,47.35378974037496,0.0,62.89068726976655,0.0,62.89068726976655,0.0,62.89068726976655,1078.0567424333603,62.89068726976655,1704.2403907544006
partial,methanol network 2024 (lower),methanol_dated|lower,2024,container,2.0,bio-methanol,0.3281025154391069,2035,65.8436099087185,0.0,65.8436099087185,0.0,65.8436099087185,0.0,65.8436099087185,107.28001989436953,65.8436099087185,1137.3426196519715,65.8436099087185,1735.4434840273536
partial,methanol network 2024 (upper),methanol_dated|upper,2024,all,1.0,e-methanol,0.3278634810474007,2035,47.37782412942962,0.0,47.37782412942962,0.0,62.91128247295595,0.0,62.91128247295595,0.4151550257385672,62.91128247295595,1078.4895056663488,62.91128247295595,1704.4681608770256
partial,methanol network 2024 (upper),methanol_dated|upper,2024,all,1.0,bio-methanol,0.3278634810474007,2035,65.86205380238256,0.0,65.86205380238256,0.0,65.86205380238256,0.0,65.86205380238256,107.92206916361069,65.86205380238256,1137.6962120031476,65.86205380238256,1735.6295852648148
partial,methanol network 2024 (upper),methanol_dated|upper,2024,all,2.0,e-methanol,0.4921070899284805,2040,32.6786552124079,0.0,32.6786552124079,0.0,48.76005313176211,0.0,48.76005313176211,0.0,48.76005313176211,694.9583796527022,48.76005313176211,1502.6096735014225
partial,methanol network 2024 (upper),methanol_dated|upper,2024,all,2.0,bio-methanol,0.4921070899284805,2040,53.18901694111844,0.0,53.18901694111844,0.0,53.18901694111844,0.0,53.18901694111844,0.0,53.18901694111844,836.9344503577547,53.18901694111844,1577.3339212409235
partial,methanol network 2024 (upper),methanol_dated|upper,2024,container,1.0,e-methanol,0.5232406800025816,2040,30.249706179656037,0.0,30.249706179656037,0.0,46.07758301097756,0.0,46.07758301097756,0.0,46.07758301097756,595.697027333375,46.07758301097756,1450.36685649125
partial,methanol network 2024 (upper),methanol_dated|upper,2024,container,1.0,bio-methanol,0.5232406800025816,2040,50.786749131000796,0.0,50.786749131000796,0.0,50.786749131000796,0.0,50.786749131000796,0.0,50.786749131000796,762.9997701654094,50.786749131000796,1538.4209316660053
partial,methanol network 2024 (upper),methanol_dated|upper,2024,container,2.0,e-methanol,0.6706575522550553,2045,19.977849591409846,0.0,19.977849591409846,0.0,33.37614529770443,0.0,33.37614529770443,0.0,33.37614529770443,0.0,33.37614529770443,1088.979820476467
partial,methanol network 2024 (upper),methanol_dated|upper,2024,container,2.0,bio-methanol,0.6706575522550553,2040,39.41206326799993,0.0,39.41206326799993,0.0,39.41206326799993,0.0,39.41206326799993,0.0,39.41206326799993,290.5463681343815,39.41206326799993,1289.7612463865169
partial,methanol network 2025 (lower),methanol_dated|lower,2025,all,1.0,e-methanol,0.3225581199872312,2035,47.91350294874902,0.0,47.91350294874902,0.0,63.36839238190016,0.0,63.36839238190016,17.724636436906316,63.36839238190016,1088.0222635449627,63.36839238190016,1709.48540186577
partial,methanol network 2025 (lower),methanol_dated|lower,2025,all,1.0,bio-methanol,0.3225581199872312,2035,66.27141546178524,0.0,66.27141546178524,0.0,66.27141546178524,0.0,66.27141546178524,122.08034266221262,66.27141546178524,1145.493522045856,66.27141546178524,1739.7334326557138
partial,methanol network 2025 (lower),methanol_dated|lower,2025,all,2.0,e-methanol,0.4840060649119161,2040,33.327382290802774,0.0,33.327382290802774,0.0,49.45803744718931,0.0,49.45803744718931,0.0,49.45803744718931,719.0210471094075,49.45803744718931,1515.2742353207411
partial,methanol network 2025 (lower),methanol_dated|lower,2025,all,2.0,bio-methanol,0.4840060649119161,2040,53.814092031396555,0.0,53.814092031396555,0.0,53.814092031396555,0.0,53.814092031396555,0.0,53.814092031396555,855.090165760018,53.814092031396555,1586.8895609263254
partial,methanol network 2025 (lower),methanol_dated|lower,2025,container,1.0,e-methanol,0.5125907036040069,2040,31.069333472369408,0.0,31.069333472369408,0.0,46.995184977478765,0.0,46.995184977478765,0.0,46.995184977478765,630.9268483602797,46.995184977478765,1468.9088675580422
partial,methanol network 2025 (lower),methanol_dated|lower,2025,container,1.0,bio-methanol,0.5125907036040069,2040,51.60850130991482,0.0,51.60850130991482,0.0,51.60850130991482,0.0,51.60850130991482,0.0,51.60850130991482,789.0654080274974,51.60850130991482,1552.139688435525
partial,methanol network 2025 (lower),methanol_dated|lower,2025,container,2.0,e-methanol,0.6554565473384372,2040,20.952445980588557,0.0,20.952445980588557,0.0,34.68586388132025,0.0,34.68586388132025,0.0,34.68586388132025,3.1180804819697983,34.68586388132025,1138.4832002536687
partial,methanol network 2025 (lower),methanol_dated|lower,2025,container,2.0,bio-methanol,0.6554565473384372,2040,40.584972807366185,0.0,40.584972807366185,0.0,40.584972807366185,0.0,40.584972807366185,0.0,40.584972807366185,351.50977691648364,40.584972807366185,1321.847251008676
partial,methanol network 2025 (upper),methanol_dated|upper,2025,all,1.0,e-methanol,0.3765196107957481,2040,42.65763442330735,0.0,42.65763442330735,0.0,58.719070333838346,0.0,58.719070333838346,0.0,58.719070333838346,984.1410715916993,58.719070333838346,1654.8110903114207
partial,methanol network 2025 (upper),methanol_dated|upper,2025,all,1.0,bio-methanol,0.3765196107957481,2040,62.10774683100008,0.0,62.10774683100008,0.0,62.10774683100008,0.0,62.10774683100008,0.0,62.10774683100008,1061.3921090033323,62.10774683100008,1695.4695310543857
partial,methanol network 2025 (upper),methanol_dated|upper,2025,all,2.0,e-methanol,0.5534458831072772,2040,27.98623575126802,0.0,27.98623575126802,0.0,43.475102711477,0.0,43.475102711477,0.0,43.475102711477,487.68893424483156,43.475102711477,1393.5204917078063
partial,methanol network 2025 (upper),methanol_dated|upper,2025,all,2.0,bio-methanol,0.5534458831072772,2040,48.456115659442496,0.0,48.456115659442496,0.0,48.456115659442496,0.0,48.456115659442496,0.0,48.456115659442496,684.2636297076123,48.456115659442496,1496.9808577408487
partial,methanol network 2025 (upper),methanol_dated|upper,2025,container,1.0,e-methanol,0.5580287584157205,2040,27.650479455018278,0.0,27.650479455018278,0.0,43.08024217490152,0.0,43.08024217490152,0.0,43.08024217490152,470.16126644626854,43.08024217490152,1384.2954033927733
partial,methanol network 2025 (upper),methanol_dated|upper,2025,container,1.0,bio-methanol,0.5580287584157205,2040,48.102501000643,0.0,48.102501000643,0.0,48.102501000643,0.0,48.102501000643,0.0,48.102501000643,671.6507817568847,48.102501000643,1490.3425167141502
partial,methanol network 2025 (upper),methanol_dated|upper,2025,container,2.0,e-methanol,0.6980645030242723,2045,18.264772842369094,0.0,18.264772842369094,0.0,31.0147624194287,0.0,31.0147624194287,0.0,31.0147624194287,0.0,31.0147624194287,989.1621735400026
partial,methanol network 2025 (upper),methanol_dated|upper,2025,container,2.0,bio-methanol,0.6980645030242723,2040,37.29734294664715,0.0,37.29734294664715,0.0,37.29734294664715,0.0,37.29734294664715,0.0,37.29734294664715,170.94255430134612,37.29734294664715,1226.8118706849193
partial_eu,methanol network 2023 (lower),methanol_dated|lower,2023,all,1.0,e-methanol,0.2313143291787307,2035,57.848719624232686,0.0,57.848719624232686,0.0,71.22995739796055,0.0,71.22995739796055,280.653512726623,71.22995739796055,1232.8236736755316,71.22995739796055,1785.696670355543
partial_eu,methanol network 2023 (lower),methanol_dated|lower,2023,all,1.0,bio-methanol,0.2313143291787307,2035,73.31178636056913,0.0,73.31178636056913,0.0,73.31178636056913,0.0,73.31178636056913,340.8364262530835,73.31178636056913,1265.9678869219879,73.31178636056913,1803.1409931168357
partial_eu,methanol network 2023 (lower),methanol_dated|lower,2023,all,2.0,e-methanol,0.3107590909356246,2035,49.12038922349059,0.0,49.12038922349059,0.0,64.38499672498658,0.0,64.38499672498658,55.33947846867031,64.38499672498658,1108.73768379434,64.38499672498658,1720.3882546286002
partial_eu,methanol network 2023 (lower),methanol_dated|lower,2023,all,2.0,bio-methanol,0.3107590909356246,2035,67.1818285434072,0.0,67.1818285434072,0.0,67.1818285434072,0.0,67.1818285434072,152.9495211274015,67.1818285434072,1162.4939391716123,67.1818285434072,1748.6810206166383
partial_eu,methanol network 2023 (lower),methanol_dated|lower,2023,container,1.0,e-methanol,0.3433692348990531,2040,45.83647229774815,0.0,45.83647229774815,0.0,61.57530672109758,0.0,61.57530672109758,0.0,61.57530672109758,1049.8172006423085,61.57530672109758,1689.377474022268
partial_eu,methanol network 2023 (lower),methanol_dated|lower,2023,container,1.0,bio-methanol,0.3433692348990531,2035,64.66562983518907,0.0,64.66562983518907,0.0,64.66562983518907,0.0,64.66562983518907,65.51473503391713,64.66562983518907,1114.3414482795486,64.66562983518907,1723.3376043576573
partial_eu,methanol network 2023 (lower),methanol_dated|lower,2023,container,2.0,e-methanol,0.4385013462759538,2040,37.10717695402418,0.0,37.10717695402418,0.0,53.37872400486383,0.0,53.37872400486383,0.0,53.37872400486383,842.4895583411748,53.37872400486383,1580.257662284829
partial_eu,methanol network 2023 (lower),methanol_dated|lower,2023,container,2.0,bio-methanol,0.4385013462759538,2040,57.32523612134741,0.0,57.32523612134741,0.0,57.32523612134741,0.0,57.32523612134741,0.0,57.32523612134741,949.7151756337875,57.32523612134741,1636.6921977019936
partial_eu,methanol network 2023 (upper),methanol_dated|upper,2023,all,1.0,e-methanol,0.4013320210442552,2040,40.37675027554379,0.0,40.37675027554379,0.0,56.58123306682697,0.0,56.58123306682697,0.0,56.58123306682697,930.6449595786033,56.58123306682697,1626.6552418834758
partial_eu,methanol network 2023 (upper),methanol_dated|upper,2023,all,1.0,bio-methanol,0.4013320210442552,2040,60.193221256225264,0.0,60.193221256225264,0.0,60.193221256225264,0.0,60.193221256225264,0.0,60.193221256225264,1018.8159021078845,60.193221256225264,1673.0610011094132
partial_eu,methanol network 2023 (upper),methanol_dated|upper,2023,all,2.0,e-methanol,0.5586379753147492,2040,27.605994931691715,0.0,27.605994931691715,0.0,43.027752046881204,0.0,43.027752046881204,0.0,43.027752046881204,467.80703046218963,43.027752046881204,1383.056331822205
partial_eu,methanol network 2023 (upper),methanol_dated|upper,2023,all,2.0,bio-methanol,0.5586379753147492,2040,48.05549382471395,0.0,48.05549382471395,0.0,48.05549382471395,0.0,48.05549382471395,0.0,48.05549382471395,669.9601360199969,48.05549382471395,1489.4527031684197
partial_eu,methanol network 2023 (upper),methanol_dated|upper,2023,container,1.0,e-methanol,0.5598223257436372,2040,27.519614064674712,0.0,27.519614064674712,0.0,42.92570841392822,0.0,42.92570841392822,0.0,42.92570841392822,463.2137925760124,42.92570841392822,1380.6388381979016
partial_eu,methanol network 2023 (upper),methanol_dated|upper,2023,container,1.0,bio-methanol,0.5598223257436372,2040,47.964109345620955,0.0,47.964109345620955,0.0,47.964109345620955,0.0,47.964109345620955,0.0,47.964109345620955,666.6639465579829,47.964109345620955,1487.7178666094649
partial_eu,methanol network 2023 (upper),methanol_dated|upper,2023,container,2.0,e-methanol,0.6715357126618484,2045,19.922088858051115,0.0,19.922088858051115,0.0,33.30048299705514,0.0,33.30048299705514,0.0,33.30048299705514,0.0,33.30048299705514,1086.0010407696027
partial_eu,methanol network 2023 (upper),methanol_dated|upper,2023,container,2.0,bio-methanol,0.6715357126618484,2040,39.34430441101178,0.0,39.34430441101178,0.0,39.34430441101178,0.0,39.34430441101178,0.0,39.34430441101178,286.91346194619325,39.34430441101178,1287.8491904979967
partial_eu,methanol network 2024 (lower),methanol_dated|lower,2024,all,1.0,e-methanol,0.4037401646493792,2040,40.15967401480623,0.0,40.15967401480623,0.0,56.37374741380948,0.0,56.37374741380948,0.0,56.37374741380948,925.2369442512123,56.37374741380948,1623.808918026954
partial_eu,methanol network 2024 (lower),methanol_dated|lower,2024,all,1.0,bio-methanol,0.4037401646493792,2040,60.007408895653896,0.0,60.007408895653896,0.0,60.007408895653896,0.0,60.007408895653896,0.0,60.007408895653896,1014.53907892328,60.007408895653896,1670.8100415385684
partial_eu,methanol network 2024 (lower),methanol_dated|lower,2024,all,2.0,e-methanol,0.5614850578311206,2040,27.398563439790344,0.0,27.398563439790344,0.0,42.78244741727065,0.0,42.78244741727065,0.0,42.78244741727065,456.72828416921226,42.78244741727065,1377.2254127206381
partial_eu,methanol network 2024 (lower),methanol_dated|lower,2024,all,2.0,bio-methanol,0.5614850578311206,2040,47.83581293775074,0.0,47.83581293775074,0.0,47.83581293775074,0.0,47.83581293775074,0.0,47.83581293775074,662.015111811975,47.83581293775074,1485.2711114799872
partial_eu,methanol network 2024 (lower),methanol_dated|lower,2024,container,1.0,e-methanol,0.5475782085045439,2040,28.41902355148041,0.0,28.41902355148041,0.0,43.980661555248496,0.0,43.980661555248496,0.0,43.980661555248496,509.6709994786649,43.980661555248496,1405.0899997256136
partial_eu,methanol network 2024 (lower),methanol_dated|lower,2024,container,1.0,bio-methanol,0.5475782085045439,2040,48.908865431789394,0.0,48.908865431789394,0.0,48.908865431789394,0.0,48.908865431789394,0.0,48.908865431789394,700.1462154964922,48.908865431789394,1505.3401134192065
partial_eu,methanol network 2024 (lower),methanol_dated|lower,2024,container,2.0,e-methanol,0.6670246891148186,2045,20.209150473803717,0.0,20.209150473803717,0.0,33.68915278586723,0.0,33.68915278586723,0.0,33.68915278586723,0.0,33.68915278586723,1101.160570046861
partial_eu,methanol network 2024 (lower),methanol_dated|lower,2024,container,2.0,bio-methanol,0.6670246891148186,2040,39.69237498790059,0.0,39.69237498790059,0.0,39.69237498790059,0.0,39.69237498790059,0.0,39.69237498790059,305.4435511772,39.69237498790059,1297.6018690406318
partial_eu,methanol network 2024 (upper),methanol_dated|upper,2024,all,1.0,e-methanol,0.4286828872367572,2040,37.95431646875676,0.0,37.95431646875676,0.0,54.224682435681004,0.0,54.224682435681004,0.0,54.224682435681004,866.7882546179106,54.224682435681004,1593.0464497989005
partial_eu,methanol network 2024 (upper),methanol_dated|upper,2024,all,1.0,bio-methanol,0.4286828872367572,2040,58.082828420811815,0.0,58.082828420811815,0.0,58.082828420811815,0.0,58.082828420811815,0.0,58.082828420811815,968.6316892548122,58.082828420811815,1646.6482575025327
partial_eu,methanol network 2024 (upper),methanol_dated|upper,2024,all,2.0,e-methanol,0.5868470938445107,2040,25.583595641846337,0.0,25.583595641846337,0.0,40.59725439435695,0.0,40.59725439435695,0.0,40.59725439435695,352.12949150678946,40.59725439435695,1322.173416582521
partial_eu,methanol network 2024 (upper),methanol_dated|upper,2024,all,2.0,bio-methanol,0.5868470938445107,2040,45.878878238957554,0.0,45.878878238957554,0.0,45.878878238957554,0.0,45.878878238957554,0.0,45.878878238957554,587.8824593970929,45.878878238957554,1446.25392599847
partial_eu,methanol network 2024 (upper),methanol_dated|upper,2024,container,1.0,e-methanol,0.619580200434123,2040,23.325161619331954,0.0,23.325161619331954,0.0,37.77696993059596,0.0,37.77696993059596,0.0,37.77696993059596,199.24329154134367,37.77696993059596,1241.706995548076
partial_eu,methanol network 2024 (upper),methanol_dated|upper,2024,container,1.0,bio-methanol,0.619580200434123,2040,43.35319173450307,0.0,43.35319173450307,0.0,43.35319173450307,0.0,43.35319173450307,0.0,43.35319173450307,482.31143604972806,43.35319173450307,1390.6902294998567
partial_eu,methanol network 2024 (upper),methanol_dated|upper,2024,container,2.0,e-methanol,0.72229437746965,2045,16.795686507270563,0.0,16.795686507270563,0.0,28.927116437214956,0.0,28.927116437214956,0.0,28.927116437214956,0.0,28.927116437214956,887.3431786755443
partial_eu,methanol network 2024 (upper),methanol_dated|upper,2024,container,2.0,bio-methanol,0.72229437746965,2040,35.42776583444181,0.0,35.42776583444181,0.0,35.42776583444181,0.0,35.42776583444181,0.0,35.42776583444181,53.31180101749986,35.42776583444181,1164.9009479039476
partial_eu,methanol network 2025 (lower),methanol_dated|lower,2025,all,1.0,e-methanol,0.4183765826446287,2040,38.85616437390602,0.0,38.85616437390602,0.0,55.112673639338794,0.0,55.112673639338794,0.0,55.112673639338794,891.4918019753427,55.112673639338794,1606.0483168291278
partial_eu,methanol network 2025 (lower),methanol_dated|lower,2025,all,1.0,bio-methanol,0.4183765826446287,2040,58.87806288314045,0.0,58.87806288314045,0.0,58.87806288314045,0.0,58.87806288314045,0.0,58.87806288314045,987.964414437176,58.87806288314045,1656.8233760195665
partial_eu,methanol network 2025 (lower),methanol_dated|lower,2025,all,2.0,e-methanol,0.5687838608525987,2040,26.870229609597448,0.0,26.870229609597448,0.0,42.1535825489401,0.0,42.1535825489401,0.0,42.1535825489401,427.7377396457993,42.1535825489401,1361.9672313925262
partial_eu,methanol network 2025 (lower),methanol_dated|lower,2025,all,2.0,bio-methanol,0.5687838608525987,2040,47.27263729661348,0.0,47.27263729661348,0.0,47.27263729661348,0.0,47.27263729661348,0.0,47.27263729661348,641.3098833824565,47.27263729661348,1474.3736228328721
partial_eu,methanol network 2025 (lower),methanol_dated|lower,2025,container,1.0,e-methanol,0.6124666032952034,2040,23.808169038436212,0.0,23.808169038436212,0.0,38.38987746008527,0.0,38.38987746008527,0.0,38.38987746008527,234.3791254233576,38.38987746008527,1260.1995396965044
partial_eu,methanol network 2025 (lower),methanol_dated|lower,2025,container,1.0,bio-methanol,0.6124666032952034,2040,43.902076889742105,0.0,43.902076889742105,0.0,43.902076889742105,0.0,43.902076889742105,0.0,43.902076889742105,506.28731281217574,43.902076889742105,1403.3091120064084
partial_eu,methanol network 2025 (lower),methanol_dated|lower,2025,container,2.0,e-methanol,0.7115894847922496,2045,17.43960818614334,0.0,17.43960818614334,0.0,29.849449990299775,0.0,29.849449990299775,0.0,29.849449990299775,0.0,29.849449990299775,934.0835421014556
partial_eu,methanol network 2025 (lower),methanol_dated|lower,2025,container,2.0,bio-methanol,0.7115894847922496,2040,36.25375535343002,0.0,36.25375535343002,0.0,36.25375535343002,0.0,36.25375535343002,0.0,36.25375535343002,106.77770648843436,36.25375535343002,1193.0408981518078
partial_eu,methanol network 2025 (upper),methanol_dated|upper,2025,all,1.0,e-methanol,0.4374879566743894,2040,37.19407693447925,0.0,37.19407693447925,0.0,53.46603765293461,0.0,53.46603765293461,0.0,53.46603765293461,845.0330780134634,53.46603765293461,1581.5963568491914
partial_eu,methanol network 2025 (upper),methanol_dated|upper,2025,all,1.0,bio-methanol,0.4374879566743894,2040,57.403429263004114,0.0,57.403429263004114,0.0,57.403429263004114,0.0,57.403429263004114,0.0,57.403429263004114,951.6907079002424,57.403429263004114,1637.7319515264435
partial_eu,methanol network 2025 (upper),methanol_dated|upper,2025,all,2.0,e-methanol,0.5924402469133685,2040,25.19111684328493,0.0,25.19111684328493,0.0,40.11534832594417,0.0,40.11534832594417,0.0,40.11534832594417,327.5284032313525,40.11534832594417,1309.2254753849227
partial_eu,methanol network 2025 (upper),methanol_dated|upper,2025,all,2.0,bio-methanol,0.5924402469133685,2040,45.44731054816449,0.0,45.44731054816449,0.0,45.44731054816449,0.0,45.44731054816449,0.0,45.44731054816449,570.6745900422101,45.44731054816449,1437.1971526537948
partial_eu,methanol network 2025 (upper),methanol_dated|upper,2025,container,1.0,e-methanol,0.6357810699222184,2040,22.240814302388028,0.0,22.240814302388028,0.0,36.381103015501665,0.0,36.381103015501665,0.0,36.381103015501665,114.80485447140873,36.381103015501665,1197.2657128796889
partial_eu,methanol network 2025 (upper),methanol_dated|upper,2025,container,1.0,bio-methanol,0.6357810699222184,2040,42.10313264480163,0.0,42.10313264480163,0.0,42.10313264480163,0.0,42.10313264480163,0.0,42.10313264480163,425.37448456902825,42.10313264480163,1360.7234129310677
partial_eu,methanol network 2025 (upper),methanol_dated|upper,2025,container,2.0,e-methanol,0.731401775791963,2045,16.254126217984155,0.0,16.254126217984155,0.0,28.14242299776447,0.0,28.14242299776447,0.0,28.14242299776447,0.0,28.14242299776447,845.1658621051972
partial_eu,methanol network 2025 (upper),methanol_dated|upper,2025,container,2.0,bio-methanol,0.731401775791963,2040,34.72503897989213,0.0,34.72503897989213,0.0,34.72503897989213,0.0,34.72503897989213,0.0,34.72503897989213,5.822125984025384,34.72503897989213,1139.9063820968556
partial_eea,methanol network 2023 (lower),methanol_dated|lower,2023,all,1.0,e-methanol,0.2351646025369762,2035,57.39981351456491,0.0,57.39981351456491,0.0,70.89821784541412,0.0,70.89821784541412,270.7368875032377,70.89821784541412,1227.3623438423624,70.89821784541412,1782.8222862328228
partial_eea,methanol network 2023 (lower),methanol_dated|lower,2023,all,1.0,bio-methanol,0.2351646025369762,2035,73.0146992682469,0.0,73.0146992682469,0.0,73.0146992682469,0.0,73.0146992682469,332.45796376715555,73.0146992682469,1261.3536612051,73.0146992682469,1800.7124532658422
partial_eea,methanol network 2023 (lower),methanol_dated|lower,2023,all,2.0,e-methanol,0.3149556819827501,2035,48.68865112155629,0.0,48.68865112155629,0.0,64.02341844036624,0.0,64.02341844036624,42.09778738055743,64.02341844036624,1101.4451582675533,64.02341844036624,1716.5500832987123
partial_eea,methanol network 2023 (lower),methanol_dated|lower,2023,all,2.0,bio-methanol,0.3149556819827501,2035,66.858019578211,0.0,66.858019578211,0.0,66.858019578211,0.0,66.858019578211,142.06653214720575,66.858019578211,1156.5004090086059,66.858019578211,1745.526531057161
partial_eea,methanol network 2023 (lower),methanol_dated|lower,2023,container,1.0,e-methanol,0.3446987257057836,2040,45.70596864433791,0.0,45.70596864433791,0.0,61.460757793189686,0.0,61.460757793189686,0.0,61.460757793189686,1047.3007658032438,61.460757793189686,1688.0530346332864
partial_eea,methanol network 2023 (lower),methanol_dated|lower,2023,container,1.0,bio-methanol,0.3446987257057836,2035,64.56304632454173,0.0,64.56304632454173,0.0,64.56304632454173,0.0,64.56304632454173,61.80549720101052,64.56304632454173,1112.2986796179478,64.56304632454173,1722.2624629568147
partial_eea,methanol network 2023 (lower),methanol_dated|lower,2023,container,2.0,e-methanol,0.4386361658293432,2040,37.09562516202891,0.0,37.09562516202891,0.0,53.36710795214379,0.0,53.36710795214379,0.0,53.36710795214379,842.1505457152977,53.36710795214379,1580.079234586999
partial_eea,methanol network 2023 (lower),methanol_dated|lower,2023,container,2.0,bio-methanol,0.4386361658293432,2040,57.31483344460788,0.0,57.31483344460788,0.0,57.31483344460788,0.0,57.31483344460788,0.0,57.31483344460788,949.4519480659586,57.31483344460788,1636.5536568768207
partial_eea,methanol network 2023 (upper),methanol_dated|upper,2023,all,1.0,e-methanol,0.403173262542995,2040,40.21070897334511,0.0,40.21070897334511,0.0,56.42259169929555,0.0,56.42259169929555,0.0,56.42259169929555,926.5136269690712,56.42259169929555,1624.4808562995115
partial_eea,methanol network 2023 (upper),methanol_dated|upper,2023,all,1.0,bio-methanol,0.403173262542995,2040,60.051151062182505,0.0,60.051151062182505,0.0,60.051151062182505,0.0,60.051151062182505,0.0,60.051151062182505,1015.5482696091651,60.051151062182505,1671.3411945311398
partial_eea,methanol network 2023 (upper),methanol_dated|upper,2023,all,2.0,e-methanol,0.5594305095516926,2040,27.548176743942385,0.0,27.548176743942385,0.0,42.959467297026166,0.0,42.959467297026166,0.0,42.959467297026166,464.73577930620297,42.959467297026166,1381.4398838453703
partial_eea,methanol network 2023 (upper),methanol_dated|upper,2023,all,2.0,bio-methanol,0.5594305095516926,2040,47.9943418829914,0.0,47.9943418829914,0.0,47.9943418829914,0.0,47.9943418829914,0.0,47.9943418829914,667.7558074931527,47.9943418829914,1488.2925302595543
partial_eea,methanol network 2023 (upper),methanol_dated|upper,2023,container,1.0,e-methanol,0.557995457735588,2040,27.65291204643133,0.0,27.65291204643133,0.0,43.083111361501736,0.0,43.083111361501736,0.0,43.083111361501736,470.2897870488878,43.083111361501736,1384.3630458152043
partial_eea,methanol network 2023 (upper),methanol_dated|upper,2023,container,1.0,bio-methanol,0.557995457735588,2040,48.10507048112203,0.0,48.10507048112203,0.0,48.10507048112203,0.0,48.10507048112203,0.0,48.10507048112203,671.7430996670926,48.10507048112203,1490.3911050879435
partial_eea,methanol network 2023 (upper),methanol_dated|upper,2023,container,2.0,e-methanol,0.6682725669776923,2045,20.129585712747065,0.0,20.129585712747065,0.0,33.581635629202026,0.0,33.581635629202026,0.0,33.581635629202026,0.0,33.581635629202026,1097.0021209464314
partial_eea,methanol network 2023 (upper),methanol_dated|upper,2023,container,2.0,bio-methanol,0.6682725669776923,2040,39.596088732001256,0.0,39.596088732001256,0.0,39.596088732001256,0.0,39.596088732001256,0.0,39.596088732001256,300.35019461887987,39.596088732001256,1294.9211550625687
partial_eea,methanol network 2024 (lower),methanol_dated|lower,2024,all,1.0,e-methanol,0.4065521108698122,2040,39.90713866459257,0.0,39.90713866459257,0.0,56.13147012745697,0.0,56.13147012745697,0.0,56.13147012745697,918.8715027199564,56.13147012745697,1620.4586856420824
partial_eea,methanol network 2024 (lower),methanol_dated|lower,2024,all,1.0,bio-methanol,0.4065521108698122,2040,59.79043912528528,0.0,59.79043912528528,0.0,59.79043912528528,0.0,59.79043912528528,0.0,59.79043912528528,1009.511466778288,59.79043912528528,1668.1639298833095
partial_eea,methanol network 2024 (lower),methanol_dated|lower,2024,all,2.0,e-methanol,0.5633635570387912,2040,27.262114262319486,0.0,27.262114262319486,0.0,42.62059592553775,0.0,42.62059592553775,0.0,42.62059592553775,449.34871991818505,42.62059592553775,1373.341431535887
partial_eea,methanol network 2024 (lower),methanol_dated|lower,2024,all,2.0,bio-methanol,0.5633635570387912,2040,47.69086793888687,0.0,47.69086793888687,0.0,47.69086793888687,0.0,47.69086793888687,0.0,47.69086793888687,656.7329219812793,47.69086793888687,1482.4910115690948
partial_eea,methanol network 2024 (lower),methanol_dated|lower,2024,container,1.0,e-methanol,0.5483800632755038,2040,28.359686868668618,0.0,28.359686868668618,0.0,43.91157374818259,0.0,43.91157374818259,0.0,43.91157374818259,506.69687047048956,43.91157374818259,1403.5246686686787
partial_eea,methanol network 2024 (lower),methanol_dated|lower,2024,container,1.0,bio-methanol,0.5483800632755038,2040,48.84699431766212,0.0,48.84699431766212,0.0,48.84699431766212,0.0,48.84699431766212,0.0,48.84699431766212,697.9931281065755,48.84699431766212,1504.2069095297766
partial_eea,methanol network 2024 (lower),methanol_dated|lower,2024,container,2.0,e-methanol,0.6666180138141276,2045,20.235105855237634,0.0,20.235105855237634,0.0,33.72419192977477,0.0,33.72419192977477,0.0,33.72419192977477,0.0,33.72419192977477,1102.5100529875847
partial_eea,methanol network 2024 (lower),methanol_dated|lower,2024,container,2.0,bio-methanol,0.6666180138141276,2040,39.72375405410192,0.0,39.72375405410192,0.0,39.72375405410192,0.0,39.72375405410192,0.0,39.72375405410192,307.0981084322998,39.72375405410192,1298.472688648579
partial_eea,methanol network 2024 (upper),methanol_dated|upper,2024,all,1.0,e-methanol,0.4308742971341721,2040,37.76423314552894,0.0,37.76423314552894,0.0,54.035870558919726,0.0,54.035870558919726,0.0,54.035870558919726,861.4309135753086,54.035870558919726,1590.2267966185836
partial_eea,methanol network 2024 (upper),methanol_dated|upper,2024,all,1.0,bio-methanol,0.4308742971341721,2040,57.913739233127274,0.0,57.913739233127274,0.0,57.913739233127274,0.0,57.913739233127274,0.0,57.913739233127274,964.4525616739278,57.913739233127274,1644.4487166704887
partial_eea,methanol network 2024 (upper),methanol_dated|upper,2024,all,2.0,e-methanol,0.5881330205568384,2040,25.493115768493535,0.0,25.493115768493535,0.0,40.48645894882281,0.0,40.48645894882281,0.0,40.48645894882281,346.52527885703546,40.48645894882281,1319.2238309773875
partial_eea,methanol network 2024 (upper),methanol_dated|upper,2024,all,2.0,bio-methanol,0.5881330205568384,2040,45.77965613383435,0.0,45.77965613383435,0.0,45.77965613383435,0.0,45.77965613383435,0.0,45.77965613383435,583.9549044022791,45.77965613383435,1444.1867917906732
partial_eea,methanol network 2024 (upper),methanol_dated|upper,2024,container,1.0,e-methanol,0.6191567065034246,2040,23.3537976996206,0.0,23.3537976996206,0.0,37.81345816766494,0.0,37.81345816766494,0.0,37.81345816766494,201.36691991072837,37.81345816766494,1242.8246946898573
partial_eea,methanol network 2024 (upper),methanol_dated|upper,2024,container,1.0,bio-methanol,0.6191567065034246,2040,43.38586852619576,0.0,43.38586852619576,0.0,43.38586852619576,0.0,43.38586852619576,0.0,43.38586852619576,483.75577522891984,43.38586852619576,1391.450408015221
partial_eea,methanol network 2024 (upper),methanol_dated|upper,2024,container,2.0,e-methanol,0.7209471081791026,2045,16.876286912744526,0.0,16.876286912744526,0.0,29.043197159288525,0.0,29.043197159288525,0.0,29.043197159288525,0.0,29.043197159288525,893.3890108580626
partial_eea,methanol network 2024 (upper),methanol_dated|upper,2024,container,2.0,bio-methanol,0.7209471081791026,2040,35.531721132900444,0.0,35.531721132900444,0.0,35.531721132900444,0.0,35.531721132900444,0.0,35.531721132900444,60.17751605568007,35.531721132900444,1168.5144821345689
partial_eea,methanol network 2025 (lower),methanol_dated|lower,2025,all,1.0,e-methanol,0.4192219915583343,2040,38.78169414983421,0.0,38.78169414983421,0.0,55.03983320733391,0.0,55.03983320733391,0.0,55.03983320733391,889.4954225820204,55.03983320733391,1604.9975908326426
partial_eea,methanol network 2025 (lower),methanol_dated|lower,2025,all,1.0,bio-methanol,0.4192219915583343,2040,58.81283113135893,0.0,58.81283113135893,0.0,58.81283113135893,0.0,58.81283113135893,0.0,58.81283113135893,986.3982671687613,58.81283113135893,1655.9990879835589
partial_eea,methanol network 2025 (lower),methanol_dated|lower,2025,all,2.0,e-methanol,0.5690697132813995,2040,26.849637812185048,0.0,26.849637812185048,0.0,42.128953503674616,0.0,42.128953503674616,0.0,42.128953503674616,426.58473363815085,42.128953503674616,1361.3603861253428
partial_eea,methanol network 2025 (lower),methanol_dated|lower,2025,all,2.0,bio-methanol,0.5690697132813995,2040,47.25058092320721,0.0,47.25058092320721,0.0,47.25058092320721,0.0,47.25058092320721,0.0,47.25058092320721,640.4889341970681,47.25058092320721,1473.9415443142464
partial_eea,methanol network 2025 (lower),methanol_dated|lower,2025,container,1.0,e-methanol,0.6091762700780534,2040,24.033024404591213,0.0,24.033024404591213,0.0,38.67337257007492,0.0,38.67337257007492,0.0,38.67337257007492,250.2542065769739,38.67337257007492,1268.5548455668284
partial_eea,methanol network 2025 (lower),methanol_dated|lower,2025,container,1.0,bio-methanol,0.6091762700780534,2040,44.1559590007774,0.0,44.1559590007774,0.0,44.1559590007774,0.0,44.1559590007774,0.0,44.1559590007774,517.175532332198,44.1559590007774,1409.0397538590516
partial_eea,methanol network 2025 (lower),methanol_dated|lower,2025,container,2.0,e-methanol,0.7071774770356318,2045,17.707349695768634,0.0,17.707349695768634,0.0,30.229588578609963,0.0,30.229588578609963,0.0,30.229588578609963,0.0,30.229588578609963,952.5175148774041
partial_eea,methanol network 2025 (lower),methanol_dated|lower,2025,container,2.0,bio-methanol,0.7071774770356318,2040,36.59418587193065,0.0,36.59418587193065,0.0,36.59418587193065,0.0,36.59418587193065,0.0,36.59418587193065,128.11122807980152,36.59418587193065,1204.2690674104222
partial_eea,methanol network 2025 (upper),methanol_dated|upper,2025,all,1.0,e-methanol,0.4398314527856728,2040,36.99330357378649,0.0,36.99330357378649,0.0,53.264122027986424,0.0,53.264122027986424,0.0,53.264122027986424,839.1384512765072,53.264122027986424,1578.4939217244776
partial_eea,methanol network 2025 (upper),methanol_dated|upper,2025,all,1.0,bio-methanol,0.4398314527856728,2040,57.22260510305748,0.0,57.22260510305748,0.0,57.22260510305748,0.0,57.22260510305748,0.0,57.22260510305748,947.1140321159929,57.22260510305748,1635.323174797891
partial_eea,methanol network 2025 (upper),methanol_dated|upper,2025,all,2.0,e-methanol,0.5949357229258893,2040,25.016894122547285,0.0,25.016894122547285,0.0,39.900338112705384,0.0,39.900338112705384,0.0,39.900338112705384,316.3605139093658,39.900338112705384,1303.3476388996664
partial_eea,methanol network 2025 (upper),methanol_dated|upper,2025,all,2.0,bio-methanol,0.5949357229258893,2040,45.25475961903839,0.0,45.25475961903839,0.0,45.25475961903839,0.0,45.25475961903839,0.0,45.25475961903839,562.8911367584768,45.25475961903839,1433.1005982939353
partial_eea,methanol network 2025 (upper),methanol_dated|upper,2025,container,1.0,e-methanol,0.6360943266242686,2040,22.220059214472048,0.0,22.220059214472048,0.0,36.35411281805302,0.0,36.35411281805302,0.0,36.35411281805302,113.10826876471873,36.35411281805302,1196.372773034063
partial_eea,methanol network 2025 (upper),methanol_dated|upper,2025,container,1.0,bio-methanol,0.6360943266242686,2040,42.078961757671436,0.0,42.078961757671436,0.0,42.078961757671436,0.0,42.078961757671436,0.0,42.078961757671436,424.24022534626636,42.078961757671436,1360.126434392772
partial_eea,methanol network 2025 (upper),methanol_dated|upper,2025,container,2.0,e-methanol,0.733396526463329,2045,16.136270526045337,0.0,16.136270526045337,0.0,27.970555279919576,0.0,27.970555279919576,0.0,27.970555279919576,0.0,27.970555279919576,835.6120369403764
partial_eea,methanol network 2025 (upper),methanol_dated|upper,2025,container,2.0,bio-methanol,0.733396526463329,2045,34.571124018089535,0.0,34.571124018089535,0.0,34.571124018089535,0.0,34.571124018089535,0.0,34.571124018089535,0.0,34.571124018089535,1134.2962879337103
fuel,methanol network 2023 (lower),methanol_dated|lower,2023,all,1.0,e-methanol,0.0578825058538209,2030,81.4578583337895,0.0,81.4578583337895,0.0,86.17284329563478,229.24280033039324,86.17284329563478,648.1608564069843,86.17284329563478,1435.2190223690636,86.17284329563478,1892.220538088981
fuel,methanol network 2023 (lower),methanol_dated|lower,2023,all,1.0,bio-methanol,0.0578825058538209,2025,86.69378584831917,0.0,86.69378584831917,27.777377725541896,86.69378584831917,242.28687016525345,86.69378584831917,658.687649607047,86.69378584831917,1441.0163867401127,86.69378584831917,1895.2717824947963
fuel,methanol network 2023 (lower),methanol_dated|lower,2023,all,2.0,e-methanol,0.0971977739556291,2030,75.4517022920344,0.0,75.4517022920344,0.0,82.78543979598298,140.42004897246701,82.78543979598298,576.4793377672545,82.78543979598298,1395.7422439877632,82.78543979598298,1871.443286309349
fuel,methanol network 2023 (lower),methanol_dated|lower,2023,all,2.0,bio-methanol,0.0971977739556291,2030,83.66021976158365,0.0,83.66021976158365,0.0,83.66021976158365,164.04699230903583,83.66021976158365,595.546695547643,83.66021976158365,1406.243107692905,83.66021976158365,1876.970056680476
fuel,methanol network 2023 (lower),methanol_dated|lower,2023,container,1.0,e-methanol,0.1027341995832632,2030,74.64030896567043,0.0,74.64030896567043,0.0,82.30842136390604,127.32465402343553,82.30842136390604,565.9111242996149,82.30842136390604,1389.9220684548604,82.30842136390604,1868.380036028874
fuel,methanol network 2023 (lower),methanol_dated|lower,2023,container,1.0,bio-methanol,0.1027341995832632,2030,83.2330291601554,0.0,83.2330291601554,0.0,83.2330291601554,152.57104195905055,83.2330291601554,586.2854022827429,83.2330291601554,1401.1426853151338,83.2330291601554,1874.2856238500706
fuel,methanol network 2023 (lower),methanol_dated|lower,2023,container,2.0,e-methanol,0.1512847141623408,2030,67.85924286731769,0.0,67.85924286731769,0.0,78.12530902777272,5.637375034227965,78.12530902777272,467.70735529078075,78.12530902777272,1335.838833348546,78.12530902777272,1839.9151754466031
fuel,methanol network 2023 (lower),methanol_dated|lower,2023,container,2.0,bio-methanol,0.1512847141623408,2030,79.48687145523378,0.0,79.48687145523378,0.0,79.48687145523378,46.65137053040862,79.48687145523378,500.80636919997914,79.48687145523378,1354.0672757912926,79.48687145523378,1849.5090925217332
fuel,methanol network 2023 (upper),methanol_dated|upper,2023,all,1.0,e-methanol,0.2381277320901121,2035,57.056241268307595,0.0,57.056241268307595,0.0,70.64291460311594,0.0,70.64291460311594,263.041738182454,70.64291460311594,1223.1244355207716,70.64291460311594,1780.5918081688274
fuel,methanol network 2023 (upper),methanol_dated|upper,2023,all,1.0,bio-methanol,0.2381277320901121,2035,72.78606419192695,0.0,72.78606419192695,0.0,72.78606419192695,0.0,72.78606419192695,325.96341516782036,72.78606419192695,1257.7769532808286,72.78606419192695,1798.8299754109626
fuel,methanol network 2023 (upper),methanol_dated|upper,2023,all,2.0,e-methanol,0.3778568191987931,2040,42.532617062424094,0.0,42.532617062424094,0.0,58.60385645783198,0.0,58.60385645783198,0.0,58.60385645783198,981.3575244861004,58.60385645783198,1653.3460655190001
fuel,methanol network 2023 (upper),methanol_dated|upper,2023,all,2.0,bio-methanol,0.3778568191987931,2040,62.00456783062112,0.0,62.00456783062112,0.0,62.00456783062112,0.0,62.00456783062112,0.0,62.00456783062112,1059.1645920811964,62.00456783062112,1694.2971537269457
fuel,methanol network 2023 (upper),methanol_dated|upper,2023,container,1.0,e-methanol,0.2627212851232209,2035,54.2668717800987,0.0,54.2668717800987,0.0,68.52393407378328,0.0,68.52393407378328,196.96011268920347,68.52393407378328,1186.731656263619,68.52393407378328,1761.4377138229577
fuel,methanol network 2023 (upper),methanol_dated|upper,2023,container,1.0,bio-methanol,0.2627212851232209,2035,70.88842563989228,0.0,70.88842563989228,0.0,70.88842563989228,0.0,70.88842563989228,270.442760756601,70.88842563989228,1227.2003609963888,70.88842563989228,1782.7370321033627
fuel,methanol network 2023 (upper),methanol_dated|upper,2023,container,2.0,e-methanol,0.3698490888412548,2040,43.28491582645332,0.0,43.28491582645332,0.0,59.29380250543749,0.0,59.29380250543749,0.0,59.29380250543749,997.8649287608783,59.29380250543749,1662.0341730320415
fuel,methanol network 2023 (upper),methanol_dated|upper,2023,container,2.0,bio-methanol,0.3698490888412548,2040,62.622444305008784,0.0,62.622444305008784,0.0,62.622444305008784,0.0,62.622444305008784,0.0,62.622444305008784,1072.3942043036748,62.622444305008784,1701.2601075282498
fuel,methanol network 2024 (lower),methanol_dated|lower,2024,all,1.0,e-methanol,0.2192190965676876,2035,59.27735453224645,0.0,59.27735453224645,0.0,72.27208263972804,0.0,72.27208263972804,311.21336917145135,72.27208263972804,1249.6537395436976,72.27208263972804,1794.554599759841
fuel,methanol network 2024 (lower),methanol_dated|lower,2024,all,1.0,bio-methanol,0.2192190965676876,2035,74.24505450883723,0.0,74.24505450883723,0.0,74.24505450883723,0.0,74.24505450883723,366.72032906876757,74.24505450883723,1280.22278992193,74.24505450883723,1810.643573643121
fuel,methanol network 2024 (lower),methanol_dated|lower,2024,all,2.0,e-methanol,0.3551573762097204,2040,44.688271287834866,0.0,44.688271287834866,0.0,60.559640465770485,0.0,60.559640465770485,0.0,60.559640465770485,1027.1728273058159,60.559640465770485,1677.4593827925348
fuel,methanol network 2024 (lower),methanol_dated|lower,2024,all,2.0,bio-methanol,0.3551573762097204,2035,63.756056851657966,0.0,63.756056851657966,0.0,63.756056851657966,0.0,63.756056851657966,32.209903582293634,63.756056851657966,1095.9996570453209,63.756056851657966,1713.6840300238532
fuel,methanol network 2024 (lower),methanol_dated|lower,2024,container,1.0,e-methanol,0.228933519327081,2035,58.12770735872998,0.0,58.12770735872998,0.0,71.4350879747787,0.0,71.4350879747787,286.73935624886224,71.4350879747787,1236.1752976443008,71.4350879747787,1787.4606829706847
fuel,methanol network 2024 (lower),methanol_dated|lower,2024,container,1.0,bio-methanol,0.228933519327081,2035,73.49548964872243,0.0,73.49548964872243,0.0,73.49548964872243,0.0,73.49548964872243,345.9833423584227,73.49548964872243,1268.802420429276,73.49548964872243,1804.6328528575139
fuel,methanol network 2024 (lower),methanol_dated|lower,2024,container,2.0,e-methanol,0.3261507539476428,2035,47.55028857176271,0.0,47.55028857176271,0.0,63.058851039871094,0.0,63.058851039871094,6.030596647728359,63.058851039871094,1081.5820677190388,63.058851039871094,1706.0958251152836
fuel,methanol network 2024 (lower),methanol_dated|lower,2024,container,2.0,bio-methanol,0.3261507539476428,2035,65.99420782539988,0.0,65.99420782539988,0.0,65.99420782539988,0.0,65.99420782539988,112.51197681778899,65.99420782539988,1140.223987232985,65.99420782539988,1736.9599932805186
fuel,methanol network 2024 (upper),methanol_dated|upper,2024,all,1.0,e-methanol,0.3247170837674287,2035,47.69499603863404,0.0,47.69499603863404,0.0,63.182376062598344,0.0,63.182376062598344,10.710938594103592,63.182376062598344,1084.15964734168,63.182376062598344,1707.4524459693055
fuel,methanol network 2024 (upper),methanol_dated|upper,2024,all,1.0,bio-methanol,0.3247170837674287,2035,66.1048298165052,0.0,66.1048298165052,0.0,66.1048298165052,0.0,66.1048298165052,116.33993432794965,66.1048298165052,1142.3321377458274,66.1048298165052,1738.0695461820144
fuel,methanol network 2024 (upper),methanol_dated|upper,2024,all,2.0,e-methanol,0.4893312655676599,2040,32.900147396029006,0.0,32.900147396029006,0.0,48.999218158690425,0.0,48.999218158690425,0.0,48.999218158690425,703.2806823417695,48.999218158690425,1506.9898328114577
fuel,methanol network 2024 (upper),methanol_dated|upper,2024,all,2.0,bio-methanol,0.4893312655676599,2040,53.403199548799364,0.0,53.403199548799364,0.0,53.403199548799364,0.0,53.403199548799364,0.0,53.403199548799364,843.2033903880739,53.403199548799364,1580.6333633621443
fuel,methanol network 2024 (upper),methanol_dated|upper,2024,container,1.0,e-methanol,0.5183052642589461,2040,30.628108540574868,0.0,30.628108540574868,0.0,46.50281843144921,0.0,46.50281843144921,0.0,46.50281843144921,612.1961032844628,46.50281843144921,1459.0505806760332
fuel,methanol network 2024 (upper),methanol_dated|upper,2024,container,1.0,bio-methanol,0.5183052642589461,2040,51.167565809779724,0.0,51.167565809779724,0.0,51.167565809779724,0.0,51.167565809779724,0.0,51.167565809779724,775.1832106089803,51.167565809779724,1544.8332687415689
fuel,methanol network 2024 (upper),methanol_dated|upper,2024,container,2.0,e-methanol,0.668695296043628,2045,20.102659468397025,0.0,20.102659468397025,0.0,33.545213292881016,0.0,33.545213292881016,0.0,33.545213292881016,0.0,33.545213292881016,1095.5873668781805
fuel,methanol network 2024 (upper),methanol_dated|upper,2024,container,2.0,bio-methanol,0.668695296043628,2040,39.563470957273665,0.0,39.563470957273665,0.0,39.563470957273665,0.0,39.563470957273665,0.0,39.563470957273665,298.61915579185927,39.563470957273665,1294.0100819957154
fuel,methanol network 2025 (lower),methanol_dated|lower,2025,all,1.0,e-methanol,0.3195847813173413,2035,48.21560247018116,0.0,48.21560247018116,0.0,63.62457524169787,0.0,63.62457524169787,27.31681230833356,63.62457524169787,1093.3049111263285,63.62457524169787,1712.2657426980677
fuel,methanol network 2025 (lower),methanol_dated|lower,2025,all,1.0,bio-methanol,0.3195847813173413,2035,66.50083827355394,0.0,66.50083827355394,0.0,66.50083827355394,0.0,66.50083827355394,129.93899146029034,66.50083827355394,1149.8214735578408,66.50083827355394,1742.0113018725478
fuel,methanol network 2025 (lower),methanol_dated|lower,2025,all,2.0,e-methanol,0.4827779277115215,2040,33.426349841119354,0.0,33.426349841119354,0.0,49.5638537483753,0.0,49.5638537483753,0.0,49.5638537483753,722.6098514842532,49.5638537483753,1517.1630797285545
fuel,methanol network 2025 (lower),methanol_dated|lower,2025,all,2.0,bio-methanol,0.4827779277115215,2040,53.908855097778996,0.0,53.908855097778996,0.0,53.908855097778996,0.0,53.908855097778996,0.0,53.908855097778996,857.805867900444,53.908855097778996,1588.3188778423391
fuel,methanol network 2025 (lower),methanol_dated|lower,2025,container,1.0,e-methanol,0.5048940783937613,2040,31.668890780978625,0.0,31.668890780978625,0.0,47.65832620559352,0.0,47.65832620559352,0.0,47.65832620559352,655.5425962432909,47.65832620559352,1481.8645243385745
fuel,methanol network 2025 (lower),methanol_dated|lower,2025,container,1.0,bio-methanol,0.5048940783937613,2040,52.202372911137374,0.0,52.202372911137374,0.0,52.202372911137374,0.0,52.202372911137374,0.0,52.202372911137374,807.391937115132,52.202372911137374,1561.785230060596
fuel,methanol network 2025 (lower),methanol_dated|lower,2025,container,2.0,e-methanol,0.652989288128057,2040,21.11232249690358,0.0,21.11232249690358,0.0,34.89844293488661,0.0,34.89844293488661,0.0,34.89844293488661,17.718356228143683,34.89844293488661,1146.1675559095495
fuel,methanol network 2025 (lower),methanol_dated|lower,2025,container,2.0,bio-methanol,0.652989288128057,2040,40.77534652803912,0.0,40.77534652803912,0.0,40.77534652803912,0.0,40.77534652803912,0.0,40.77534652803912,361.07385763526764,40.77534652803912,1326.8809777027725
fuel,methanol network 2025 (upper),methanol_dated|upper,2025,all,1.0,e-methanol,0.3727557464556467,2040,43.01083061413296,0.0,43.01083061413296,0.0,59.04336488538148,0.0,59.04336488538148,0.0,59.04336488538148,991.9176496564463,59.04336488538148,1658.9040261349717
fuel,methanol network 2025 (upper),methanol_dated|upper,2025,all,1.0,bio-methanol,0.3727557464556467,2040,62.398166603482295,0.0,62.398166603482295,0.0,62.398166603482295,0.0,62.398166603482295,0.0,62.398166603482295,1067.6223914027585,62.398166603482295,1698.7486270540835
fuel,methanol network 2025 (upper),methanol_dated|upper,2025,all,2.0,e-methanol,0.5521130801477331,2040,28.08425337818965,0.0,28.08425337818965,0.0,43.58993701447132,0.0,43.58993701447132,0.0,43.58993701447132,492.72676919906456,43.58993701447132,1396.1719837889816
fuel,methanol network 2025 (upper),methanol_dated|upper,2025,all,2.0,bio-methanol,0.5521130801477331,2040,48.55895473580092,0.0,48.55895473580092,0.0,48.55895473580092,0.0,48.55895473580092,0.0,48.55895473580092,687.8972487703663,48.55895473580092,1498.8932888265088
fuel,methanol network 2025 (upper),methanol_dated|upper,2025,container,1.0,e-methanol,0.5504998934697729,2040,28.203116532169478,0.0,28.203116532169478,0.0,43.728929178644364,0.0,43.728929178644364,0.0,43.728929178644364,498.78902681656416,43.728929178644364,1399.3626456929287
fuel,methanol network 2025 (upper),methanol_dated|upper,2025,container,1.0,bio-methanol,0.5504998934697729,2040,48.683428219872326,0.0,48.683428219872326,0.0,48.683428219872326,0.0,48.683428219872326,0.0,48.683428219872326,692.2747423513713,48.683428219872326,1501.1972328165111
fuel,methanol network 2025 (upper),methanol_dated|upper,2025,container,2.0,e-methanol,0.6960908552766942,2045,18.386286213584146,0.0,18.386286213584146,0.0,31.184811909360025,0.0,31.184811909360025,0.0,31.184811909360025,0.0,31.184811909360025,996.8554138732349
fuel,methanol network 2025 (upper),methanol_dated|upper,2025,container,2.0,bio-methanol,0.6960908552766942,2040,37.44962960685027,0.0,37.44962960685027,0.0,37.44962960685027,0.0,37.44962960685027,0.0,37.44962960685027,180.00688196946965,37.44962960685027,1231.5825694576158
fuel_eu,methanol network 2023 (lower),methanol_dated|lower,2023,all,1.0,e-methanol,0.23254075168814,2035,57.70542575337571,0.0,57.70542575337571,0.0,71.12428883454984,0.0,71.12428883454984,277.5048232655496,71.12428883454984,1231.0896128129111,71.12428883454984,1784.7840067436375
fuel_eu,methanol network 2023 (lower),methanol_dated|lower,2023,all,1.0,bio-methanol,0.23254075168814,2035,73.21715559974311,0.0,73.21715559974311,0.0,73.21715559974311,0.0,73.21715559974311,338.1750251913688,73.21715559974311,1264.5021877865508,73.21715559974311,1802.3695725192372
fuel_eu,methanol network 2023 (lower),methanol_dated|lower,2023,all,2.0,e-methanol,0.310766423461458,2035,49.119632454831454,0.0,49.119632454831454,0.0,64.38436495456078,0.0,64.38436495456078,55.31647152937582,64.38436495456078,1108.725013306033,64.38436495456078,1720.3815859505437
fuel_eu,methanol network 2023 (lower),methanol_dated|lower,2023,all,2.0,bio-methanol,0.310766423461458,2035,67.1812627657139,0.0,67.1812627657139,0.0,67.1812627657139,0.0,67.1812627657139,152.93059723427484,67.1812627657139,1162.4835173174265,67.1812627657139,1748.6755354302245
fuel_eu,methanol network 2023 (lower),methanol_dated|lower,2023,container,1.0,e-methanol,0.3452253145597597,2040,45.6543496712519,0.0,45.6543496712519,0.0,61.4153868975311,0.0,61.4153868975311,0.0,61.4153868975311,1046.3014531079646,61.4153868975311,1687.5270805831394
fuel_eu,methanol network 2023 (lower),methanol_dated|lower,2023,container,1.0,bio-methanol,0.3452253145597597,2035,64.52241472856893,0.0,64.52241472856893,0.0,64.52241472856893,0.0,64.52241472856893,60.333069754777924,64.52241472856893,1111.4877775461093,64.52241472856893,1721.8356723926893
fuel_eu,methanol network 2023 (lower),methanol_dated|lower,2023,container,2.0,e-methanol,0.4377431813728182,2040,37.17217941655431,0.0,37.17217941655431,0.0,53.44404749291798,0.0,53.44404749291798,0.0,53.44404749291798,844.3932692220432,53.44404749291798,1581.259615380023
fuel_eu,methanol network 2023 (lower),methanol_dated|lower,2023,container,2.0,bio-methanol,0.4377431813728182,2040,57.383736125273344,0.0,57.383736125273344,0.0,57.383736125273344,0.0,57.383736125273344,0.0,57.383736125273344,951.1936723934605,57.383736125273344,1637.4703538912952
fuel_eu,methanol network 2023 (upper),methanol_dated|upper,2023,all,1.0,e-methanol,0.4005743217486457,2040,40.445205626369294,0.0,40.445205626369294,0.0,56.64651643813668,0.0,56.64651643813668,0.0,56.64651643813668,932.3383461577126,56.64651643813668,1627.5464979777435
fuel_eu,methanol network 2023 (upper),methanol_dated|upper,2023,all,1.0,bio-methanol,0.4005743217486457,2040,60.25168533387449,0.0,60.25168533387449,0.0,60.25168533387449,0.0,60.25168533387449,0.0,60.25168533387449,1020.1561078448624,60.25168533387449,1673.7663725499278
fuel_eu,methanol network 2023 (upper),methanol_dated|upper,2023,all,2.0,e-methanol,0.5562319019465864,2040,27.781887310112495,0.0,27.781887310112495,0.0,43.235059328282105,0.0,43.235059328282105,0.0,43.235059328282105,477.0716799822793,43.235059328282105,1387.932463148568
fuel_eu,methanol network 2023 (upper),methanol_dated|upper,2023,all,2.0,bio-methanol,0.5562319019465864,2040,48.241146445801384,0.0,48.241146445801384,0.0,48.241146445801384,0.0,48.241146445801384,0.0,48.241146445801384,676.6180713925422,48.241146445801384,1492.9568796802857
fuel_eu,methanol network 2023 (upper),methanol_dated|upper,2023,container,1.0,e-methanol,0.5578635999469396,2040,27.662545186908197,0.0,27.662545186908197,0.0,43.09447222857169,0.0,43.09447222857169,0.0,43.09447222857169,470.79851079184465,43.09447222857169,1384.6307951536028
fuel_eu,methanol network 2023 (upper),methanol_dated|upper,2023,container,1.0,bio-methanol,0.5578635999469396,2040,48.115244628094146,0.0,48.115244628094146,0.0,48.115244628094146,0.0,48.115244628094146,0.0,48.115244628094146,672.1085460000684,48.115244628094146,1490.583445263194
fuel_eu,methanol network 2023 (upper),methanol_dated|upper,2023,container,2.0,e-methanol,0.6682811179799371,2045,20.129040910989,0.0,20.129040910989,0.0,33.58089887484862,0.0,33.58089887484862,0.0,33.58089887484862,0.0,33.58089887484862,1096.9735335830185
fuel_eu,methanol network 2023 (upper),methanol_dated|upper,2023,container,2.0,bio-methanol,0.6682811179799371,2040,39.59542893666806,0.0,39.59542893666806,0.0,39.59542893666806,0.0,39.59542893666806,0.0,39.59542893666806,300.3152072685685,39.59542893666806,1294.9027406676678
fuel_eu,methanol network 2024 (lower),methanol_dated|lower,2024,all,1.0,e-methanol,0.4031803117327483,2040,40.210074121858554,0.0,40.210074121858554,0.0,56.4219843411064,0.0,56.4219843411064,0.0,56.4219843411064,926.4977655273706,56.4219843411064,1624.4725081723006
fuel_eu,methanol network 2024 (lower),methanol_dated|lower,2024,all,1.0,bio-methanol,0.4031803117327483,2040,60.05060714670114,0.0,60.05060714670114,0.0,60.05060714670114,0.0,60.05060714670114,0.0,60.05060714670114,1015.5357297737638,60.05060714670114,1671.3345946177706
fuel_eu,methanol network 2024 (lower),methanol_dated|lower,2024,all,2.0,e-methanol,0.5583977260088799,2040,27.623533587490368,0.0,27.623533587490368,0.0,43.04845192707491,0.0,43.04845192707491,0.0,43.04845192707491,468.73612689168027,43.04845192707491,1383.5453299429898
fuel_eu,methanol network 2024 (lower),methanol_dated|lower,2024,all,2.0,bio-methanol,0.5583977260088799,2040,48.074031461154824,0.0,48.074031461154824,0.0,48.074031461154824,0.0,48.074031461154824,0.0,48.074031461154824,670.6272498245173,48.074031461154824,1489.8038156971145
fuel_eu,methanol network 2024 (lower),methanol_dated|lower,2024,container,1.0,e-methanol,0.5453233586528957,2040,28.58621088661671,0.0,28.58621088661671,0.0,44.1749394184665,0.0,44.1749394184665,0.0,44.1749394184665,517.9845157807788,44.1749394184665,1409.4655346214627
fuel_eu,methanol network 2024 (lower),methanol_dated|lower,2024,container,1.0,bio-methanol,0.5453233586528957,2040,49.08284964634257,0.0,49.08284964634257,0.0,49.08284964634257,0.0,49.08284964634257,0.0,49.08284964634257,706.1716954285464,49.08284964634257,1508.5114186466035
fuel_eu,methanol network 2024 (lower),methanol_dated|lower,2024,container,2.0,e-methanol,0.6626588775876248,2045,20.48845470724343,0.0,20.48845470724343,0.0,34.06531110705025,0.0,34.06531110705025,0.0,34.06531110705025,0.0,34.06531110705025,1115.5027041293051
fuel_eu,methanol network 2024 (lower),methanol_dated|lower,2024,container,2.0,bio-methanol,0.6626588775876248,2040,40.029241005338875,0.0,40.029241005338875,0.0,40.029241005338875,0.0,40.029241005338875,0.0,40.029241005338875,323.07028782005824,40.029241005338875,1306.8790988526623
fuel_eu,methanol network 2024 (upper),methanol_dated|upper,2024,all,1.0,e-methanol,0.4288257979868362,2040,37.94190259011103,0.0,37.94190259011103,0.0,54.21236924545419,0.0,54.21236924545419,0.0,54.21236924545419,866.4400180781387,54.21236924545419,1592.8631674095466
fuel_eu,methanol network 2024 (upper),methanol_dated|upper,2024,all,1.0,bio-methanol,0.4288257979868362,2040,58.071801427335714,0.0,58.071801427335714,0.0,58.071801427335714,0.0,58.071801427335714,0.0,58.071801427335714,968.3598931569378,58.071801427335714,1646.5052069247042
fuel_eu,methanol network 2024 (upper),methanol_dated|upper,2024,all,2.0,e-methanol,0.5848485888285996,2040,25.724505087682573,0.0,25.724505087682573,0.0,40.76944558652786,0.0,40.76944558652786,0.0,40.76944558652786,360.7787448678803,40.76944558652786,1326.7256551936216
fuel_eu,methanol network 2024 (upper),methanol_dated|upper,2024,all,2.0,bio-methanol,0.5848485888285996,2040,46.03308288598526,0.0,46.03308288598526,0.0,46.03308288598526,0.0,46.03308288598526,0.0,46.03308288598526,593.9528098538174,46.03308288598526,1449.4488472914832
fuel_eu,methanol network 2024 (upper),methanol_dated|upper,2024,container,1.0,e-methanol,0.6182353847847983,2040,23.416147986395046,0.0,23.416147986395046,0.0,37.89283924694177,0.0,37.89283924694177,0.0,37.89283924694177,205.97279981573715,37.89283924694177,1245.248842008283
fuel_eu,methanol network 2024 (upper),methanol_dated|upper,2024,container,1.0,bio-methanol,0.6182353847847983,2040,43.45695771000496,0.0,43.45695771000496,0.0,43.45695771000496,0.0,43.45695771000496,0.0,43.45695771000496,486.890468615123,43.45695771000496,1393.1002466395387
fuel_eu,methanol network 2024 (upper),methanol_dated|upper,2024,container,2.0,e-methanol,0.7212172515972857,2045,16.860115465056744,0.0,16.860115465056744,0.0,29.019921602377863,0.0,29.019921602377863,0.0,29.019921602377863,0.0,29.019921602377863,892.1806268279306
fuel_eu,methanol network 2024 (upper),methanol_dated|upper,2024,container,2.0,bio-methanol,0.7212172515972857,2040,35.510876866753435,0.0,35.510876866753435,0.0,35.510876866753435,0.0,35.510876866753435,0.0,35.510876866753435,58.804081015619225,35.510876866753435,1167.7916215871683
fuel_eu,methanol network 2025 (lower),methanol_dated|lower,2025,all,1.0,e-methanol,0.4178045861215967,2040,38.90660066960194,0.0,38.90660066960194,0.0,55.16195685976323,0.0,55.16195685976323,0.0,55.16195685976323,892.8395449900497,55.16195685976323,1606.757655257921
fuel_eu,methanol network 2025 (lower),methanol_dated|lower,2025,all,1.0,bio-methanol,0.4178045861215967,2040,58.9221981348576,0.0,58.9221981348576,0.0,58.9221981348576,0.0,58.9221981348576,0.0,58.9221981348576,989.0220896084206,58.9221981348576,1657.3800471623267
fuel_eu,methanol network 2025 (lower),methanol_dated|lower,2025,all,2.0,e-methanol,0.5684516985899595,2040,26.894166831794024,0.0,26.894166831794024,0.0,42.18220164948909,0.0,42.18220164948909,0.0,42.18220164948909,429.07584836774487,42.18220164948909,1362.6714991409185
fuel_eu,methanol network 2025 (lower),methanol_dated|lower,2025,all,2.0,bio-methanol,0.5684516985899595,2040,47.298266936798726,0.0,47.298266936798726,0.0,47.298266936798726,0.0,47.298266936798726,0.0,47.298266936798726,642.2628695657871,47.298266936798726,1474.875194508309
fuel_eu,methanol network 2025 (lower),methanol_dated|lower,2025,container,1.0,e-methanol,0.6088351263420699,2040,24.056390167439872,0.0,24.056390167439872,0.0,38.70276551436726,0.0,38.70276551436726,0.0,38.70276551436726,251.88683818634354,38.70276551436726,1269.4141253612338
fuel_eu,methanol network 2025 (lower),methanol_dated|lower,2025,container,1.0,bio-methanol,0.6088351263420699,2040,44.182281651445884,0.0,44.182281651445884,0.0,44.182281651445884,0.0,44.182281651445884,0.0,44.182281651445884,518.2972700261333,44.182281651445884,1409.6301421190176
fuel_eu,methanol network 2025 (lower),methanol_dated|lower,2025,container,2.0,e-methanol,0.710108229687119,2045,17.52934370454578,0.0,17.52934370454578,0.0,29.97707493015783,0.0,29.97707493015783,0.0,29.97707493015783,0.0,29.97707493015783,940.3245612873541
fuel_eu,methanol network 2025 (lower),methanol_dated|lower,2025,container,2.0,bio-methanol,0.710108229687119,2040,36.3680489973419,0.0,36.3680489973419,0.0,36.3680489973419,0.0,36.3680489973419,0.0,36.3680489973419,113.9846020863958,36.3680489973419,1196.8340010981033
fuel_eu,methanol network 2025 (upper),methanol_dated|upper,2025,all,1.0,e-methanol,0.4374367922835817,2040,37.19846762228818,0.0,37.19846762228818,0.0,53.4704459768466,0.0,53.4704459768466,0.0,53.4704459768466,845.1612758943546,53.4704459768466,1581.6638294180818
fuel_eu,methanol network 2025 (upper),methanol_dated|upper,2025,all,1.0,bio-methanol,0.4374367922835817,2040,57.40737710739883,0.0,57.40737710739883,0.0,57.40737710739883,0.0,57.40737710739883,0.0,57.40737710739883,951.7903065931062,57.40737710739883,1637.7843718911088
fuel_eu,methanol network 2025 (upper),methanol_dated|upper,2025,all,2.0,e-methanol,0.5920661784174212,2040,25.21727966576322,0.0,25.21727966576322,0.0,40.147578067554996,0.0,40.147578067554996,0.0,40.147578067554996,329.1921455359877,40.147578067554996,1310.1011292294675
fuel_eu,methanol network 2025 (upper),methanol_dated|upper,2025,all,2.0,bio-methanol,0.5920661784174212,2040,45.476173673311784,0.0,45.476173673311784,0.0,45.476173673311784,0.0,45.476173673311784,0.0,45.476173673311784,571.8356386524567,45.476173673311784,1437.8082308697142
fuel_eu,methanol network 2025 (upper),methanol_dated|upper,2025,container,1.0,e-methanol,0.6331698009313985,2040,22.414135952596116,0.0,22.414135952596116,0.0,36.606089951750704,0.0,36.606089951750704,0.0,36.606089951750704,128.85003261530034,36.606089951750704,1204.65791190279
fuel_eu,methanol network 2025 (upper),methanol_dated|upper,2025,container,1.0,bio-methanol,0.6331698009313985,2040,42.304618160133295,0.0,42.304618160133295,0.0,42.304618160133295,0.0,42.304618160133295,0.0,42.304618160133295,434.77909467702335,42.304618160133295,1365.6732077247493
fuel_eu,methanol network 2025 (upper),methanol_dated|upper,2025,container,2.0,e-methanol,0.730369459321117,2045,16.315225186630773,0.0,16.315225186630773,0.0,28.23136738489256,0.0,28.23136738489256,0.0,28.23136738489256,0.0,28.23136738489256,850.0644476960211
fuel_eu,methanol network 2025 (upper),methanol_dated|upper,2025,container,2.0,bio-methanol,0.730369459321117,2040,34.804692518782616,0.0,34.804692518782616,0.0,34.804692518782616,0.0,34.804692518782616,0.0,34.804692518782616,11.301408419741321,34.804692518782616,1142.790214957759
opt_eu,methanol network 2023 (lower),methanol_dated|lower,2023,all,1.0,e-methanol,0.3967803646452257,2040,40.78909270509274,0.0,40.78909270509274,0.0,56.97340378216735,0.0,56.97340378216735,0.0,56.97340378216735,940.7591177478128,56.97340378216735,1631.9784830251647
opt_eu,methanol network 2023 (lower),methanol_dated|lower,2023,all,1.0,bio-methanol,0.3967803646452257,2040,60.54442706397438,0.0,60.54442706397438,0.0,60.54442706397438,0.0,60.54442706397438,0.0,60.54442706397438,1026.8278678704455,60.54442706397438,1677.2778251949717
opt_eu,methanol network 2023 (lower),methanol_dated|lower,2023,all,2.0,e-methanol,0.5381258796789439,2040,29.123152271654362,0.0,29.123152271654362,0.0,44.795074206862196,0.0,44.795074206862196,0.0,44.795074206862196,544.0387928353063,44.795074206862196,1423.1783120185826
opt_eu,methanol network 2023 (lower),methanol_dated|lower,2023,all,2.0,bio-methanol,0.5381258796789439,2040,49.63820712397269,0.0,49.63820712397269,0.0,49.63820712397269,0.0,49.63820712397269,0.0,49.63820712397269,725.1224244993192,49.63820712397269,1518.4854865785894
opt_eu,methanol network 2023 (lower),methanol_dated|lower,2023,container,1.0,e-methanol,0.50787593012473,2040,31.435882033432463,0.0,31.435882033432463,0.0,47.40140986045326,0.0,47.40140986045326,0.0,47.40140986045326,646.0876112176252,47.40140986045326,1476.888216430329
opt_eu,methanol network 2023 (lower),methanol_dated|lower,2023,container,1.0,bio-methanol,0.50787593012473,2040,51.97229323157583,0.0,51.97229323157583,0.0,51.97229323157583,0.0,51.97229323157583,0.0,51.97229323157583,800.3415121676899,51.97229323157583,1558.0744800882578
opt_eu,methanol network 2023 (lower),methanol_dated|lower,2023,container,2.0,e-methanol,0.5979330441095395,2040,24.80835418333372,0.0,24.80835418333372,0.0,39.642088919522074,0.0,39.642088919522074,0.0,39.642088919522074,302.78660216974487,39.642088919522074,1296.2034748261817
opt_eu,methanol network 2023 (lower),methanol_dated|lower,2023,container,2.0,bio-methanol,0.5979330441095395,2040,45.02348631650793,0.0,45.02348631650793,0.0,45.02348631650793,0.0,45.02348631650793,0.0,45.02348631650793,553.4544123137495,45.02348631650793,1428.133901217763
opt_eu,methanol network 2023 (upper),methanol_dated|upper,2023,all,1.0,e-methanol,0.6432116143464293,2040,21.75062967901869,0.0,21.75062967901869,0.0,35.740887307911656,0.0,35.740887307911656,0.0,35.740887307911656,73.87084479023383,35.740887307911656,1175.7214972580182
opt_eu,methanol network 2023 (upper),methanol_dated|upper,2023,all,1.0,bio-methanol,0.6432116143464293,2040,41.52979183702952,0.0,41.52979183702952,0.0,41.52979183702952,0.0,41.52979183702952,0.0,41.52979183702952,398.11373179407303,41.52979183702952,1346.3756483126704
opt_eu,methanol network 2023 (upper),methanol_dated|upper,2023,all,2.0,e-methanol,0.7683242609136924,2045,14.115726527881728,0.0,14.115726527881728,0.0,24.96118167967626,0.0,24.96118167967626,0.0,24.96118167967626,0.0,24.96118167967626,647.006068802128
opt_eu,methanol network 2023 (upper),methanol_dated|upper,2023,all,2.0,bio-methanol,0.7683242609136924,2045,31.87610002789949,0.0,31.87610002789949,0.0,31.87610002789949,0.0,31.87610002789949,0.0,31.87610002789949,0.0,31.87610002789949,1027.2850203851178
opt_eu,methanol network 2023 (upper),methanol_dated|upper,2023,container,1.0,e-methanol,0.721544888774541,2045,16.840509110292732,0.0,16.840509110292732,0.0,28.991692383185544,0.0,28.991692383185544,0.0,28.991692383185544,0.0,28.991692383185544,890.7124626716225
opt_eu,methanol network 2023 (upper),methanol_dated|upper,2023,container,1.0,bio-methanol,0.721544888774541,2040,35.485596382156416,0.0,35.485596382156416,0.0,35.485596382156416,0.0,35.485596382156416,0.0,35.485596382156416,57.136177037591466,35.485596382156416,1166.9137773882064
opt_eu,methanol network 2023 (upper),methanol_dated|upper,2023,container,2.0,e-methanol,0.7868779953144258,2045,13.074531101155621,0.0,13.074531101155621,0.0,23.36259192370907,0.0,23.36259192370907,0.0,23.36259192370907,0.0,23.36259192370907,527.0571286401548
opt_eu,methanol network 2023 (upper),methanol_dated|upper,2023,container,2.0,bio-methanol,0.7868779953144258,2045,30.444493881538904,0.0,30.444493881538904,0.0,30.444493881538904,0.0,30.444493881538904,0.0,30.444493881538904,0.0,30.444493881538904,962.7351806122987
opt_eu,methanol network 2024 (lower),methanol_dated|lower,2024,all,1.0,e-methanol,0.6265498392736728,2040,22.856026265251916,0.0,22.856026265251916,0.0,37.17646584818035,0.0,37.17646584818035,0.0,37.17646584818035,163.69490474121307,37.17646584818035,1222.9973182848491
opt_eu,methanol network 2024 (lower),methanol_dated|lower,2024,all,1.0,bio-methanol,0.6265498392736728,2040,42.8154144016434,0.0,42.8154144016434,0.0,42.8154144016434,0.0,42.8154144016434,0.0,42.8154144016434,458.22456323559766,42.8154144016434,1378.0129280187357
opt_eu,methanol network 2024 (lower),methanol_dated|lower,2024,all,2.0,e-methanol,0.7605940702866207,2045,14.5560043263878,0.0,14.5560043263878,0.0,25.627214904104758,0.0,25.627214904104758,0.0,25.627214904104758,0.0,25.627214904104758,692.5651435891542
opt_eu,methanol network 2024 (lower),methanol_dated|lower,2024,all,2.0,bio-methanol,0.7605940702866207,2045,32.472561536684346,0.0,32.472561536684346,0.0,32.472561536684346,0.0,32.472561536684346,0.0,32.472561536684346,0.0,32.472561536684346,1052.4992815682924
opt_eu,methanol network 2024 (lower),methanol_dated|lower,2024,container,1.0,e-methanol,0.7030139412184417,2045,17.961285039589445,0.0,17.961285039589445,0.0,30.58831882461906,0.0,30.58831882461906,0.0,30.58831882461906,0.0,30.58831882461906,969.4931372043154
opt_eu,methanol network 2024 (lower),methanol_dated|lower,2024,container,1.0,bio-methanol,0.7030139412184417,2040,36.91544429558503,0.0,36.91544429558503,0.0,36.91544429558503,0.0,36.91544429558503,0.0,36.91544429558503,147.88244902844028,36.91544429558503,1214.6749731728635
opt_eu,methanol network 2024 (lower),methanol_dated|lower,2024,container,2.0,e-methanol,0.7836101797383078,2045,13.256342211063451,0.0,13.256342211063451,0.0,23.6441469137474,0.0,23.6441469137474,0.0,23.6441469137474,0.0,23.6441469137474,549.360171055336
opt_eu,methanol network 2024 (lower),methanol_dated|lower,2024,container,2.0,bio-methanol,0.7836101797383078,2045,30.696638531392168,0.0,30.696638531392168,0.0,30.696638531392168,0.0,30.696638531392168,0.0,30.696638531392168,0.0,30.696638531392168,974.5409890645928
opt_eu,methanol network 2024 (upper),methanol_dated|upper,2024,all,1.0,e-methanol,0.6371798223117301,2040,22.14820022544663,0.0,22.14820022544663,0.0,36.260586509621334,0.0,36.260586509621334,0.0,36.260586509621334,107.20972817303158,36.260586509621334,1193.2682779858064
opt_eu,methanol network 2024 (upper),methanol_dated|upper,2024,all,1.0,bio-methanol,0.6371798223117301,2040,41.99520491042691,0.0,41.99520491042691,0.0,41.99520491042691,0.0,41.99520491042691,0.0,41.99520491042691,420.29969427871885,41.99520491042691,1358.0524706730098
opt_eu,methanol network 2024 (upper),methanol_dated|upper,2024,all,2.0,e-methanol,0.7660829468403418,2045,14.242985214957832,0.0,14.242985214957832,0.0,25.154293300236148,0.0,25.154293300236148,0.0,25.154293300236148,0.0,25.154293300236148,660.4639503193991
opt_eu,methanol network 2024 (upper),methanol_dated|upper,2024,all,2.0,bio-methanol,0.7660829468403418,2045,32.04903982179923,0.0,32.04903982179923,0.0,32.04903982179923,0.0,32.04903982179923,0.0,32.04903982179923,0.0,32.04903982179923,1034.692326406692
opt_eu,methanol network 2024 (upper),methanol_dated|upper,2024,container,1.0,e-methanol,0.7221827960929507,2045,16.80235707514847,0.0,16.80235707514847,0.0,28.93673028863137,0.0,28.93673028863137,0.0,28.93673028863137,0.0,28.93673028863137,887.8457391852902
opt_eu,methanol network 2024 (upper),methanol_dated|upper,2024,container,1.0,bio-methanol,0.7221827960929507,2040,35.436375453467925,0.0,35.436375453467925,0.0,35.436375453467925,0.0,35.436375453467925,0.0,35.436375453467925,53.88195219994376,35.436375453467925,1165.201027473655
opt_eu,methanol network 2024 (upper),methanol_dated|upper,2024,container,2.0,e-methanol,0.7891859132418706,2045,12.946525871707466,0.0,12.946525871707466,0.0,23.163741715080427,0.0,23.163741715080427,0.0,23.163741715080427,0.0,23.163741715080427,510.9787642161134
opt_eu,methanol network 2024 (upper),methanol_dated|upper,2024,container,2.0,bio-methanol,0.7891859132418706,2045,30.266414934257263,0.0,30.266414934257263,0.0,30.266414934257263,0.0,30.266414934257263,0.0,30.266414934257263,0.0,30.266414934257263,954.2787246178424
opt_eu,methanol network 2025 (lower),methanol_dated|lower,2025,all,1.0,e-methanol,0.6196583032629104,2040,23.319882048440068,0.0,23.319882048440068,0.0,37.770240590867644,0.0,37.770240590867644,0.0,37.770240590867644,198.8511934419165,37.770240590867644,1241.5006281273247
opt_eu,methanol network 2025 (lower),methanol_dated|lower,2025,all,1.0,bio-methanol,0.6196583032629104,2040,43.347165320233835,0.0,43.347165320233835,0.0,43.347165320233835,0.0,43.347165320233835,0.0,43.347165320233835,482.04482609633504,43.347165320233835,1390.5499084717555
opt_eu,methanol network 2025 (lower),methanol_dated|lower,2025,all,2.0,e-methanol,0.7505169005614087,2045,15.135794369726824,0.0,15.135794369726824,0.0,26.495463847629022,0.0,26.495463847629022,0.0,26.495463847629022,0.0,26.495463847629022,748.5173065231836
opt_eu,methanol network 2025 (lower),methanol_dated|lower,2025,all,2.0,bio-methanol,0.7505169005614087,2045,33.2501159526817,0.0,33.2501159526817,0.0,33.2501159526817,0.0,33.2501159526817,0.0,33.2501159526817,0.0,33.2501159526817,1084.0106042857005
opt_eu,methanol network 2025 (lower),methanol_dated|lower,2025,container,1.0,e-methanol,0.7122256855365873,2045,17.40111434248834,0.0,17.40111434248834,0.0,29.79463493416764,0.0,29.79463493416764,0.0,29.79463493416764,0.0,29.79463493416764,931.3866037733883
opt_eu,methanol network 2025 (lower),methanol_dated|lower,2025,container,1.0,bio-methanol,0.7122256855365873,2040,36.20466610399693,0.0,36.20466610399693,0.0,36.20466610399693,0.0,36.20466610399693,0.0,36.20466610399693,103.66836801674796,36.20466610399693,1191.4044042193411
opt_eu,methanol network 2025 (lower),methanol_dated|lower,2025,container,2.0,e-methanol,0.7842270729814769,2045,13.221969192797282,0.0,13.221969192797282,0.0,23.590995391915953,0.0,23.590995391915953,0.0,23.590995391915953,0.0,23.590995391915953,545.1906003510834
opt_eu,methanol network 2025 (lower),methanol_dated|lower,2025,container,2.0,bio-methanol,0.7842270729814769,2045,30.649039048749245,0.0,30.649039048749245,0.0,30.649039048749245,0.0,30.649039048749245,0.0,30.649039048749245,0.0,30.649039048749245,972.3271802942331
opt_eu,methanol network 2025 (upper),methanol_dated|upper,2025,all,1.0,e-methanol,0.6355314276145987,2040,22.257360257405086,0.0,22.257360257405086,0.0,36.402612196726174,0.0,36.402612196726174,0.0,36.402612196726174,116.15510582845197,36.402612196726174,1197.9763714886592
opt_eu,methanol network 2025 (upper),methanol_dated|upper,2025,all,1.0,bio-methanol,0.6355314276145987,2040,42.12239504525756,0.0,42.12239504525756,0.0,42.12239504525756,0.0,42.12239504525756,0.0,42.12239504525756,426.27747281050546,42.12239504525756,1361.1986699002662
opt_eu,methanol network 2025 (upper),methanol_dated|upper,2025,all,2.0,e-methanol,0.7635325362418747,2045,14.388187433996931,0.0,14.388187433996931,0.0,25.374036677400078,0.0,25.374036677400078,0.0,25.374036677400078,0.0,25.374036677400078,675.5286217831903
opt_eu,methanol network 2025 (upper),methanol_dated|upper,2025,all,2.0,bio-methanol,0.7635325362418747,2045,32.24582950357695,0.0,32.24582950357695,0.0,32.24582950357695,0.0,32.24582950357695,0.0,32.24582950357695,0.0,32.24582950357695,1043.0245190266805
opt_eu,methanol network 2025 (upper),methanol_dated|upper,2025,container,1.0,e-methanol,0.7308096316260801,2045,16.289164113680975,0.0,16.289164113680975,0.0,28.193442139096934,0.0,28.193442139096934,0.0,28.193442139096934,0.0,28.193442139096934,847.9795058681128
opt_eu,methanol network 2025 (upper),methanol_dated|upper,2025,container,1.0,bio-methanol,0.7308096316260801,2040,34.77072882373166,0.0,34.77072882373166,0.0,34.77072882373166,0.0,34.77072882373166,0.0,34.77072882373166,8.968151876734787,34.77072882373166,1141.562185198282
opt_eu,methanol network 2025 (upper),methanol_dated|upper,2025,container,2.0,e-methanol,0.799141743648751,2045,12.39810451064629,0.0,12.39810451064629,0.0,22.305947367223613,0.0,22.305947367223613,0.0,22.305947367223613,0.0,22.305947367223613,438.3348315303438
opt_eu,methanol network 2025 (upper),methanol_dated|upper,2025,container,2.0,bio-methanol,0.799141743648751,2045,29.498223060062372,0.0,29.498223060062372,0.0,29.498223060062372,0.0,29.498223060062372,0.0,29.498223060062372,0.0,29.498223060062372,916.6292928592604
opt_eea,methanol network 2023 (lower),methanol_dated|lower,2023,all,1.0,e-methanol,0.3963682299454684,2040,40.82656142221511,0.0,40.82656142221511,0.0,57.008913307898446,0.0,57.008913307898446,0.0,57.008913307898446,941.6680449426942,57.008913307898446,1632.456865759313
opt_eea,methanol network 2023 (lower),methanol_dated|lower,2023,all,1.0,bio-methanol,0.3963682299454684,2040,60.57622737740766,0.0,60.57622737740766,0.0,60.57622737740766,0.0,60.57622737740766,0.0,60.57622737740766,1027.548733234469,60.57622737740766,1677.6572280181415
opt_eea,methanol network 2023 (lower),methanol_dated|lower,2023,all,2.0,e-methanol,0.5370320144417695,2040,29.205196257411963,0.0,29.205196257411963,0.0,44.88932163569714,0.0,44.88932163569714,0.0,44.88932163569714,547.9354784036967,44.88932163569714,1425.2291991598406
opt_eea,methanol network 2023 (lower),methanol_dated|lower,2023,all,2.0,bio-methanol,0.5370320144417695,2040,49.72260976567306,0.0,49.72260976567306,0.0,49.72260976567306,0.0,49.72260976567306,0.0,49.72260976567306,727.9654790486114,49.72260976567306,1519.9818310782168
opt_eea,methanol network 2023 (lower),methanol_dated|lower,2023,container,1.0,e-methanol,0.5055779752507918,2040,31.61536794164573,0.0,31.61536794164573,0.0,47.59940165239177,0.0,47.59940165239177,0.0,47.59940165239177,653.3830864694809,47.59940165239177,1480.7279402470956
opt_eea,methanol network 2023 (lower),methanol_dated|lower,2023,container,1.0,bio-methanol,0.5055779752507918,2040,52.1496034296489,0.0,52.1496034296489,0.0,52.1496034296489,0.0,52.1496034296489,0.0,52.1496034296489,805.7803984616087,52.1496034296489,1560.9370518218996
opt_eea,methanol network 2023 (lower),methanol_dated|lower,2023,container,2.0,e-methanol,0.5949721872792472,2040,25.014352389478297,0.0,25.014352389478297,0.0,39.89719634402006,0.0,39.89719634402006,0.0,39.89719634402006,316.1964343777501,39.89719634402006,1303.2612812514476
opt_eea,methanol network 2023 (lower),methanol_dated|lower,2023,container,2.0,bio-methanol,0.5949721872792472,2040,45.251946029533286,0.0,45.251946029533286,0.0,45.251946029533286,0.0,45.251946029533286,0.0,45.251946029533286,562.776912494752,45.251946029533286,1433.040480260396
opt_eea,methanol network 2023 (upper),methanol_dated|upper,2023,all,1.0,e-methanol,0.6397338794459086,2040,21.97949886790115,0.0,21.97949886790115,0.0,36.04052894694051,0.0,36.04052894694051,0.0,36.04052894694051,93.21032656326781,36.04052894694051,1185.9001718754043
opt_eea,methanol network 2023 (upper),methanol_dated|upper,2023,all,1.0,bio-methanol,0.6397338794459086,2040,41.79813386195369,0.0,41.79813386195369,0.0,41.79813386195369,0.0,41.79813386195369,0.0,41.79813386195369,410.9657461125216,41.79813386195369,1353.1398663750117
opt_eea,methanol network 2023 (upper),methanol_dated|upper,2023,all,2.0,e-methanol,0.7652705419069071,2045,14.289192228887885,0.0,14.289192228887885,0.0,25.22429010930088,0.0,25.22429010930088,0.0,25.22429010930088,0.0,25.22429010930088,665.2911217562602
opt_eea,methanol network 2023 (upper),methanol_dated|upper,2023,all,2.0,bio-methanol,0.7652705419069071,2045,32.111724986463045,0.0,32.111724986463045,0.0,32.111724986463045,0.0,32.111724986463045,0.0,32.111724986463045,0.0,32.111724986463045,1037.3575378324888
opt_eea,methanol network 2023 (upper),methanol_dated|upper,2023,container,1.0,e-methanol,0.7161859823964866,2045,17.162135140848715,0.0,17.162135140848715,0.0,29.45341575671872,0.0,29.45341575671872,0.0,29.45341575671872,0.0,29.45341575671872,914.3726499695209
opt_eea,methanol network 2023 (upper),methanol_dated|upper,2023,container,1.0,bio-methanol,0.7161859823964866,2040,35.8990895982871,0.0,35.8990895982871,0.0,35.8990895982871,0.0,35.8990895982871,0.0,35.8990895982871,84.12177215862124,35.8990895982871,1181.116722188748
opt_eea,methanol network 2023 (upper),methanol_dated|upper,2023,container,2.0,e-methanol,0.7811476582745159,2045,13.393790038821642,0.0,13.393790038821642,0.0,23.856317763067707,0.0,23.856317763067707,0.0,23.856317763067707,0.0,23.856317763067707,565.8191999881687
opt_eea,methanol network 2023 (upper),methanol_dated|upper,2023,container,2.0,bio-methanol,0.7811476582745159,2045,30.886646687538352,0.0,30.886646687538352,0.0,30.886646687538352,0.0,30.886646687538352,0.0,30.886646687538352,0.0,30.886646687538352,983.3101131805842
opt_eea,methanol network 2024 (lower),methanol_dated|lower,2024,all,1.0,e-methanol,0.6246106653779604,2040,22.986150384742842,0.0,22.986150384742842,0.0,37.34354507103493,0.0,37.34354507103493,0.0,37.34354507103493,173.70038538507896,37.34354507103493,1228.2633607289893
opt_eea,methanol network 2024 (lower),methanol_dated|lower,2024,all,1.0,bio-methanol,0.6246106653779604,2040,42.96504105943657,0.0,42.96504105943657,0.0,42.96504105943657,0.0,42.96504105943657,0.0,42.96504105943657,464.9868369731232,42.96504105943657,1381.5720194595385
opt_eea,methanol network 2024 (lower),methanol_dated|lower,2024,all,2.0,e-methanol,0.7583049952724464,2045,14.687122926204598,0.0,14.687122926204598,0.0,25.824441607326015,0.0,25.824441607326015,0.0,25.824441607326015,0.0,25.824441607326015,705.605183440372
opt_eea,methanol network 2024 (lower),methanol_dated|lower,2024,all,2.0,bio-methanol,0.7583049952724464,2045,32.649186564778034,0.0,32.649186564778034,0.0,32.649186564778034,0.0,32.649186564778034,0.0,32.649186564778034,0.0,32.649186564778034,1059.7889686107874
opt_eea,methanol network 2024 (lower),methanol_dated|lower,2024,container,1.0,e-methanol,0.7004207162635054,2045,18.120075103790747,0.0,18.120075103790747,0.0,30.811751086736372,0.0,30.811751086736372,0.0,30.811751086736372,0.0,30.811751086736372,979.8664971418611
opt_eea,methanol network 2024 (lower),methanol_dated|lower,2024,container,1.0,bio-methanol,0.7004207162635054,2040,37.11553753310792,0.0,37.11553753310792,0.0,37.11553753310792,0.0,37.11553753310792,0.0,37.11553753310792,160.0238195165826,37.11553753310792,1221.0651681666227
opt_eea,methanol network 2024 (lower),methanol_dated|lower,2024,container,2.0,e-methanol,0.7805276608363614,2045,13.428455658536674,0.0,13.428455658536674,0.0,23.909736742339103,0.0,23.909736742339103,0.0,23.909736742339103,0.0,23.909736742339103,569.9171148749655
opt_eea,methanol network 2024 (lower),methanol_dated|lower,2024,container,2.0,bio-methanol,0.7805276608363614,2045,30.934485689866356,0.0,30.934485689866356,0.0,30.934485689866356,0.0,30.934485689866356,0.0,30.934485689866356,0.0,30.934485689866356,985.5009700602839
opt_eea,methanol network 2024 (upper),methanol_dated|upper,2024,all,1.0,e-methanol,0.6349978784620034,2040,22.292740114133938,0.0,22.292740114133938,0.0,36.44858279171379,0.0,36.44858279171379,0.0,36.44858279171379,119.03559391887946,36.44858279171379,1199.4924178520419
opt_eea,methanol network 2024 (upper),methanol_dated|upper,2024,all,1.0,bio-methanol,0.6349978784620034,2040,42.16356369787182,0.0,42.16356369787182,0.0,42.16356369787182,0.0,42.16356369787182,0.0,42.16356369787182,428.2046224618264,42.16356369787182,1362.2129591904352
opt_eea,methanol network 2024 (upper),methanol_dated|upper,2024,all,2.0,e-methanol,0.7637173911806016,2045,14.377648994494008,0.0,14.377648994494008,0.0,25.358109575879368,0.0,25.358109575879368,0.0,25.358109575879368,0.0,25.358109575879368,674.4455035551445
opt_eea,methanol network 2024 (upper),methanol_dated|upper,2024,all,2.0,bio-methanol,0.7637173911806016,2045,32.23156609650478,0.0,32.23156609650478,0.0,32.23156609650478,0.0,32.23156609650478,0.0,32.23156609650478,0.0,32.23156609650478,1042.4240178405412
opt_eea,methanol network 2024 (upper),methanol_dated|upper,2024,container,1.0,e-methanol,0.7192633505598985,2045,16.977195323947104,0.0,16.977195323947104,0.0,29.18826971575914,0.0,29.18826971575914,0.0,29.18826971575914,0.0,29.18826971575914,900.8772213594044
opt_eea,methanol network 2024 (upper),methanol_dated|upper,2024,container,1.0,bio-methanol,0.7192633505598985,2040,35.661639870798226,0.0,35.661639870798226,0.0,35.661639870798226,0.0,35.661639870798226,0.0,35.661639870798226,68.70171138489782,35.661639870798226,1173.0009007288938
opt_eea,methanol network 2024 (upper),methanol_dated|upper,2024,container,2.0,e-methanol,0.7860085050510821,2045,13.122841878140116,0.0,13.122841878140116,0.0,23.437507204798763,0.0,23.437507204798763,0.0,23.437507204798763,0.0,23.437507204798763,533.0437739112072
opt_eea,methanol network 2024 (upper),methanol_dated|upper,2024,container,2.0,bio-methanol,0.7860085050510821,2045,30.511583750258502,0.0,30.511583750258502,0.0,30.511583750258502,0.0,30.511583750258502,0.0,30.511583750258502,0.0,30.511583750258502,965.8954855259105
opt_eea,methanol network 2025 (lower),methanol_dated|lower,2025,all,1.0,e-methanol,0.6160089218793031,2040,23.567116972714167,0.0,23.567116972714167,0.0,38.08467129087924,0.0,38.08467129087924,0.0,38.08467129087924,217.02408916654105,38.08467129087924,1251.0653100876534
opt_eea,methanol network 2025 (lower),methanol_dated|lower,2025,all,1.0,bio-methanol,0.6160089218793031,2040,43.62875158779297,0.0,43.62875158779297,0.0,43.62875158779297,0.0,43.62875158779297,0.0,43.62875158779297,494.4235859533183,43.62875158779297,1397.0650452385887
opt_eea,methanol network 2025 (lower),methanol_dated|lower,2025,all,2.0,e-methanol,0.7470617784005547,2045,15.336124631801804,0.0,15.336124631801804,0.0,26.79315717300821,0.0,26.79315717300821,0.0,26.79315717300821,0.0,26.79315717300821,766.8665951737414
opt_eea,methanol network 2025 (lower),methanol_dated|lower,2025,all,2.0,bio-methanol,0.7470617784005547,2045,33.5167131786132,0.0,33.5167131786132,0.0,33.5167131786132,0.0,33.5167131786132,0.0,33.5167131786132,0.0,33.5167131786132,1094.4781916169238
opt_eea,methanol network 2025 (lower),methanol_dated|lower,2025,container,1.0,e-methanol,0.7068123458761518,2045,17.72956959939082,0.0,17.72956959939082,0.0,30.261048279310756,0.0,30.261048279310756,0.0,30.261048279310756,0.0,30.261048279310756,954.0223327320695
opt_eea,methanol network 2025 (lower),methanol_dated|lower,2025,container,1.0,bio-methanol,0.7068123458761518,2040,36.622359392196124,0.0,36.622359392196124,0.0,36.622359392196124,0.0,36.622359392196124,0.0,36.622359392196124,129.85898833935056,36.622359392196124,1205.1889412312373
opt_eea,methanol network 2025 (lower),methanol_dated|lower,2025,container,2.0,e-methanol,0.7779979113537551,2045,13.570150900452859,0.0,13.570150900452859,0.0,24.127699957760463,0.0,24.127699957760463,0.0,24.127699957760463,0.0,24.127699957760463,586.4495962481496
opt_eea,methanol network 2025 (lower),methanol_dated|lower,2025,container,2.0,bio-methanol,0.7779979113537551,2045,31.12968115994426,0.0,31.12968115994426,0.0,31.12968115994426,0.0,31.12968115994426,0.0,31.12968115994426,0.0,31.12968115994426,994.3704410213
opt_eea,methanol network 2025 (upper),methanol_dated|upper,2025,all,1.0,e-methanol,0.6333975208263932,2040,22.398999104080666,0.0,22.398999104080666,0.0,36.58646960559796,0.0,36.58646960559796,0.0,36.58646960559796,127.63207556710059,36.58646960559796,1204.0168818774216
opt_eea,methanol network 2025 (upper),methanol_dated|upper,2025,all,1.0,bio-methanol,0.6333975208263932,2040,42.2870472930355,0.0,42.2870472930355,0.0,42.2870472930355,0.0,42.2870472930355,0.0,42.2870472930355,433.9625175557608,42.2870472930355,1365.2434302925058
opt_eea,methanol network 2025 (upper),methanol_dated|upper,2025,all,2.0,e-methanol,0.762588830644588,2045,14.442021819889293,0.0,14.442021819889293,0.0,25.455346351662293,0.0,25.455346351662293,0.0,25.455346351662293,0.0,25.455346351662293,681.0369422790208
opt_eea,methanol network 2025 (upper),methanol_dated|upper,2025,all,2.0,bio-methanol,0.762588830644588,2045,32.318645827463584,0.0,32.318645827463584,0.0,32.318645827463584,0.0,32.318645827463584,0.0,32.318645827463584,0.0,32.318645827463584,1046.0818861780233
opt_eea,methanol network 2025 (upper),methanol_dated|upper,2025,container,1.0,e-methanol,0.7288912473717928,2045,16.40284209290573,0.0,16.40284209290573,0.0,28.358730126446332,0.0,28.358730126446332,0.0,28.358730126446332,0.0,28.358730126446332,857.0254096394123
opt_eea,methanol network 2025 (upper),methanol_dated|upper,2025,container,1.0,bio-methanol,0.7288912473717928,2040,34.91875135279247,0.0,34.91875135279247,0.0,34.91875135279247,0.0,34.91875135279247,0.0,34.91875135279247,19.103868862956297,34.91875135279247,1146.8967730857667
opt_eea,methanol network 2025 (upper),methanol_dated|upper,2025,container,2.0,e-methanol,0.799976162384083,2045,12.352415722849477,0.0,12.352415722849477,0.0,22.23405384898741,0.0,22.23405384898741,0.0,22.23405384898741,0.0,22.23405384898741,431.9918132251546
opt_eea,methanol network 2025 (upper),methanol_dated|upper,2025,container,2.0,bio-methanol,0.799976162384083,2045,29.433839310444156,0.0,29.433839310444156,0.0,29.433839310444156,0.0,29.433839310444156,0.0,29.433839310444156,0.0,29.433839310444156,913.3845592316751
