set_key,label,year,vessel_group,fuel,basis,tank_mult,reserve,n,n_unknown_tank,green_lb_w,green_ub_w,green_p_lb_w,green_p_ub_w,green_f_lb_w,green_f_ub_w,green_eu_lb_w,green_eu_ub_w,green_eu_f_lb_w,green_eu_f_ub_w,green_eu_o_lb_w,green_eu_o_ub_w,green_eea_lb_w,green_eea_ub_w,green_eea_f_lb_w,green_eea_f_ub_w,green_eea_o_lb_w,green_eea_o_ub_w,touch_w,feasible_known_w,lb_p50,lb_ge50,p_lb_p50,p_lb_ge50
all|-1|0|all,all nodes,2024,all,methanol,service,1.0,0.0,19981,3054,0.8162369437982897,0.8162369437982897,0.9465927360110379,0.9465927360110379,,,0.9299862688562208,0.9299862688562208,,,,,0.9303947226243346,0.9303947226243346,,,,,1.0,0.43742884538158966,0.9999999999740636,0.9290325809519043,0.9999999999999999,0.989490015514739
all|-1|0|all,all nodes,2024,all,methanol,service,1.0,0.1,19981,3054,0.7689647434766268,0.7689647434766268,0.9312584706522784,0.9312584706522784,,,,,,,,,,,,,,,1.0,0.43742884538158966,0.9999999999400008,0.8955507732345729,0.9999999999999998,0.9893899204244032
all|-1|0|all,all nodes,2024,all,methanol,service,1.5,0.0,19981,3054,0.9455862590424142,0.9455862590424142,0.9764076670510036,0.9764076670510036,,,0.9693452941769002,0.9693452941769002,,,,,0.9696131104002935,0.9696131104002935,,,,,1.0,0.43742884538158966,0.9999999999984597,0.9833341674590861,1.0,0.99114158450528
all|-1|0|all,all nodes,2024,all,methanol,service,1.5,0.1,19981,3054,0.9254947501388138,0.9254947501388138,0.9723450354302853,0.9723450354302853,,,,,,,,,,,,,,,1.0,0.43742884538158966,0.9999999999968328,0.9774285571292728,1.0,0.9906411090536009
all|-1|0|all,all nodes,2024,all,methanol,service,2.0,0.0,19981,3054,0.9682799330594678,0.9682799330594678,0.9821846103607214,0.9821846103607214,,,0.978030933783379,0.978030933783379,,,,,0.9783855330422098,0.9783855330422098,,,,,1.0,0.43742884538158966,0.9999999999997666,0.9884890646113809,1.0,0.9929432961313247
all|-1|0|all,all nodes,2024,all,methanol,service,2.0,0.1,19981,3054,0.9636242682641256,0.9636242682641256,0.9805811579086026,0.9805811579086026,,,,,,,,,,,,,,,1.0,0.43742884538158966,0.9999999999995594,0.9875882087983584,1.0,0.992242630498974
all|-1|0|all,all nodes,2024,all,methanol,operating,1.0,0.0,19981,3054,0.8554373930567386,0.8554373930567386,0.9498582887459464,0.9498582887459464,0.9453651852889025,0.9453651852889025,0.9294277732676083,0.9294277732676083,0.9240219654799801,0.9240219654799801,0.9240219654799801,0.9240219654799801,0.9298909228021679,0.9298909228021679,0.9244942438869479,0.9244942438869479,0.9244942438869479,0.9244942438869479,1.0,0.43742884538158966,0.9999999999869359,0.9447975576797958,0.9999999999999999,0.9901406336019218
all|-1|0|all,all nodes,2024,all,methanol,operating,1.0,0.1,19981,3054,0.815810155083982,0.815810155083982,0.9384447536309202,0.9384447536309202,,,,,,,,,,,,,,,1.0,0.43742884538158966,0.9999999999736623,0.9224763525349081,0.9999999999999999,0.9896902056954107
all|-1|0|all,all nodes,2024,all,methanol,operating,1.5,0.0,19981,3054,0.9376457913005227,0.9376457913005227,0.9743062621972505,0.9743062621972505,0.9724711413847649,0.9724711413847649,0.9627243915417046,0.9627243915417046,0.9599228530241654,0.9599228530241654,0.9599228530241654,0.9599228530241654,0.9630245948018483,0.9630245948018483,0.9602184452736646,0.9602184452736646,0.9602184452736646,0.9602184452736646,1.0,0.43742884538158966,0.9999999999984988,0.9805315049296832,1.0,0.9917922025924628
all|-1|0|all,all nodes,2024,all,methanol,operating,1.5,0.1,19981,3054,0.923500590584864,0.923500590584864,0.9699181825716163,0.9699181825716163,,,,,,,,,,,,,,,1.0,0.43742884538158966,0.9999999999975178,0.9749762274160453,1.0,0.9912416795956158
all|-1|0|all,all nodes,2024,all,methanol,operating,2.0,0.0,19981,3054,0.9618506463342926,0.9618506463342926,0.9822859640268844,0.9822859640268844,0.9813586497840534,0.9813586497840534,0.9777201977948105,0.9777201977948105,0.9757809748847794,0.9757809748847794,0.9757809748847794,0.9757809748847794,0.9778868871888251,0.9778868871888251,0.9759485618722852,0.9759485618722852,0.9759485618722852,0.9759485618722852,1.0,0.43742884538158966,0.9999999999995961,0.9880386367048696,1.0,0.9940943896701867
all|-1|0|all,all nodes,2024,all,methanol,operating,2.0,0.1,19981,3054,0.9540681696544591,0.9540681696544591,0.9798731790377507,0.9798731790377507,,,,,,,,,,,,,,,1.0,0.43742884538158966,0.9999999999993127,0.9866373054401681,1.0,0.993393724037836
all|-1|0|all,all nodes,2024,all,ammonia,service,1.0,0.0,19981,3054,0.7260408521457254,0.7260408521457254,0.91175915794271,0.91175915794271,,,,,,,,,,,,,,,1.0,0.43742884538158966,0.9999999996939282,0.8590160652619989,0.9999999999999996,0.9891396826985637
all|-1|0|all,all nodes,2024,all,ammonia,service,1.0,0.1,19981,3054,0.6857372786793494,0.6857372786793494,0.8911646635142974,0.8911646635142974,,,,,,,,,,,,,,,1.0,0.43742884538158966,0.8704182311438006,0.8241329262799659,0.9879753221601429,0.9886892547920525
all|-1|0|all,all nodes,2024,all,ammonia,service,1.5,0.0,19981,3054,0.8926430138798073,0.8926430138798073,0.9657302819086073,0.9657302819086073,,,,,,,,,,,,,,,1.0,0.43742884538158966,0.9999999999931156,0.9659676692858216,1.0,0.9902907762374256
all|-1|0|all,all nodes,2024,all,ammonia,service,1.5,0.1,19981,3054,0.8520253455164066,0.8520253455164066,0.956351214643552,0.956351214643552,,,,,,,,,,,,,,,1.0,0.43742884538158966,0.9999999999856728,0.9489515039287323,0.9999999999999999,0.9897903007857465
all|-1|0|all,all nodes,2024,all,ammonia,service,2.0,0.0,19981,3054,0.9540993649808197,0.9540993649808197,0.9783363454859832,0.9783363454859832,,,,,,,,,,,,,,,1.0,0.43742884538158966,0.9999999999990198,0.9854361643561383,1.0,0.9913417746859516
all|-1|0|all,all nodes,2024,all,ammonia,service,2.0,0.1,19981,3054,0.9393713999359032,0.9393713999359032,0.9752497346963571,0.9752497346963571,,,,,,,,,,,,,,,1.0,0.43742884538158966,0.9999999999980295,0.9818327411040488,1.0,0.9909413943246084
all|-1|0|all,all nodes,2024,all,ammonia,operating,1.0,0.0,19981,3054,0.7686203085621329,0.7686203085621329,0.9230289172145323,0.9230289172145323,,,,,,,,,,,,,,,1.0,0.43742884538158966,0.9999999999325074,0.887693308643211,0.9999999999999998,0.9888393974275562
all|-1|0|all,all nodes,2024,all,ammonia,operating,1.0,0.1,19981,3054,0.7199574730016599,0.7199574730016599,0.9051045242568804,0.9051045242568804,,,,,,,,,,,,,,,1.0,0.43742884538158966,0.9279186512659546,0.848506080776738,0.9986358048907947,0.9882388268855412
all|-1|0|all,all nodes,2024,all,ammonia,operating,1.5,0.0,19981,3054,0.905055358734643,0.905055358734643,0.9640662408251306,0.9640662408251306,,,,,,,,,,,,,,,1.0,0.43742884538158966,0.9999999999956733,0.9670186677343476,1.0,0.9908412992342726
all|-1|0|all,all nodes,2024,all,ammonia,operating,1.5,0.1,19981,3054,0.8802219801593558,0.8802219801593558,0.9569235714814027,0.9569235714814027,,,,,,,,,,,,,,,1.0,0.43742884538158966,0.9999999999922645,0.9562083979780792,1.0,0.9904409188729293
all|-1|0|all,all nodes,2024,all,ammonia,operating,2.0,0.0,19981,3054,0.9456070373212109,0.9456070373212109,0.9766872611927012,0.9766872611927012,,,,,,,,,,,,,,,1.0,0.43742884538158966,0.9999999999989161,0.9831339772784145,1.0,0.9926930584054852
all|-1|0|all,all nodes,2024,all,ammonia,operating,2.0,0.1,19981,3054,0.9327686748022818,0.9327686748022818,0.9729739538048026,0.9729739538048026,,,,,,,,,,,,,,,1.0,0.43742884538158966,0.9999999999981889,0.9789800310294781,1.0,0.9915920124117912
all|-1|0|all,all nodes,2024,container,methanol,service,1.0,0.0,2926,858,0.8433391008095139,0.8433391008095139,0.9713529089683276,0.9713529089683276,,,0.9602078114243203,0.9602078114243203,,,,,0.9607747654540105,0.9607747654540105,,,,,1.0,0.49637483092028667,0.9999999999953595,0.9354066985645934,0.9999999999999999,1.0
all|-1|0|all,all nodes,2024,container,methanol,service,1.0,0.1,2926,858,0.793396149648014,0.793396149648014,0.9561143899991231,0.9561143899991231,,,,,,,,,,,,,,,1.0,0.49637483092028667,0.9999999999928342,0.9029391660970608,0.9999999999999999,1.0
all|-1|0|all,all nodes,2024,container,methanol,service,1.5,0.0,2926,858,0.9800641355904359,0.9800641355904359,0.9972457703671805,0.9972457703671805,,,0.9951061491076963,0.9951061491076963,,,,,0.9951758760712892,0.9951758760712892,,,,,1.0,0.49637483092028667,0.9999999999996163,0.9938482570061518,1.0,1.0
all|-1|0|all,all nodes,2024,container,methanol,service,1.5,0.1,2926,858,0.9640244578906065,0.9640244578906065,0.9947166121754739,0.9947166121754739,,,,,,,,,,,,,,,1.0,0.49637483092028667,0.9999999999991731,0.9897470950102529,1.0,1.0
all|-1|0|all,all nodes,2024,container,methanol,service,2.0,0.0,2926,858,0.9971214533201074,0.9971214533201074,0.9994359765276981,0.9994359765276981,,,0.9986717232271721,0.9986717232271721,,,,,0.9986906483452883,0.9986906483452883,,,,,1.0,0.49637483092028667,1.000000000000031,0.9993164730006835,1.0,1.0
all|-1|0|all,all nodes,2024,container,methanol,service,2.0,0.1,2926,858,0.9943774795730547,0.9943774795730547,0.9991246862782078,0.9991246862782078,,,,,,,,,,,,,,,1.0,0.49637483092028667,0.9999999999999412,0.9989747095010253,1.0,1.0
all|-1|0|all,all nodes,2024,container,methanol,operating,1.0,0.0,2926,858,0.9619358196945522,0.9619358196945522,0.9931388768203598,0.9931388768203598,0.9893060896396743,0.9893060896396743,0.9902642535935398,0.9902642535935398,0.9850117767522538,0.9850117767522538,0.9850117767522538,0.9850117767522538,0.9904029672671215,0.9904029672671215,0.9851879633160863,0.9851879633160863,0.9851879633160863,0.9851879633160863,1.0,0.49637483092028667,0.9999999999989486,0.9883800410116199,1.0,1.0
all|-1|0|all,all nodes,2024,container,methanol,operating,1.0,0.1,2926,858,0.9295149220894675,0.9295149220894675,0.9884870136931692,0.9884870136931692,,,,,,,,,,,,,,,1.0,0.49637483092028667,0.9999999999981353,0.9771018455228981,1.0,0.9996582365003418
all|-1|0|all,all nodes,2024,container,methanol,operating,1.5,0.0,2926,858,0.9923620752873673,0.9923620752873673,0.998205000589143,0.998205000589143,0.9975908310571882,0.9975908310571882,0.9969513053608406,0.9969513053608406,0.9960038728538857,0.9960038728538857,0.9960038728538857,0.9960038728538857,0.996994742773379,0.996994742773379,0.9960608091639943,0.9960608091639943,0.9960608091639943,0.9960608091639943,1.0,0.49637483092028667,0.9999999999999433,0.9972658920027341,1.0,1.0
all|-1|0|all,all nodes,2024,container,methanol,operating,1.5,0.1,2926,858,0.9889275198174686,0.9889275198174686,0.9974283089882668,0.9974283089882668,,,,,,,,,,,,,,,1.0,0.49637483092028667,0.9999999999998777,0.995557074504443,1.0,1.0
all|-1|0|all,all nodes,2024,container,methanol,operating,2.0,0.0,2926,858,0.9964814727748529,0.9964814727748529,0.9992681209671576,0.9992681209671576,0.9990949029495422,0.9990949029495422,0.9984826704643203,0.9984826704643203,0.998225477727101,0.998225477727101,0.998225477727101,0.998225477727101,0.9985042891820992,0.9985042891820992,0.99825076089421,0.99825076089421,0.99825076089421,0.99825076089421,1.0,0.49637483092028667,1.00000000000006,0.9989747095010253,1.0,1.0
all|-1|0|all,all nodes,2024,container,methanol,operating,2.0,0.1,2926,858,0.9956013904775184,0.9956013904775184,0.9989564181375054,0.9989564181375054,,,,,,,,,,,,,,,1.0,0.49637483092028667,1.0000000000000253,0.9986329460013671,1.0,1.0
all|-1|0|all,all nodes,2024,container,ammonia,service,1.0,0.0,2926,858,0.7543299888054891,0.7543299888054891,0.9367593139836149,0.9367593139836149,,,,,,,,,,,,,,,1.0,0.49637483092028667,0.9999999999883102,0.8759398496240601,0.9999999999999998,1.0
all|-1|0|all,all nodes,2024,container,ammonia,service,1.0,0.1,2926,858,0.7134498110224954,0.7134498110224954,0.9164429254284885,0.9164429254284885,,,,,,,,,,,,,,,1.0,0.49637483092028667,0.9999999999820047,0.8421052631578947,0.9999999999999998,0.9989747095010253
all|-1|0|all,all nodes,2024,container,ammonia,service,1.5,0.0,2926,858,0.9274630388795312,0.9274630388795312,0.9896915578580643,0.9896915578580643,,,,,,,,,,,,,,,1.0,0.49637483092028667,0.9999999999982702,0.9788106630211894,1.0,1.0
all|-1|0|all,all nodes,2024,container,ammonia,service,1.5,0.1,2926,858,0.8791952470396451,0.8791952470396451,0.9809526114624586,0.9809526114624586,,,,,,,,,,,,,,,1.0,0.49637483092028667,0.9999999999967336,0.9545454545454546,0.9999999999999999,1.0
all|-1|0|all,all nodes,2024,container,ammonia,service,2.0,0.0,2926,858,0.9865885773677548,0.9865885773677548,0.9982657789901234,0.9982657789901234,,,,,,,,,,,,,,,1.0,0.49637483092028667,0.9999999999998425,0.9958988380041012,1.0,1.0
all|-1|0|all,all nodes,2024,container,ammonia,service,2.0,0.1,2926,858,0.9745097660502225,0.9745097660502225,0.9965604324788535,0.9965604324788535,,,,,,,,,,,,,,,1.0,0.49637483092028667,0.9999999999994821,0.9924812030075187,1.0,1.0
all|-1|0|all,all nodes,2024,container,ammonia,operating,1.0,0.0,2926,858,0.8859485725937354,0.8859485725937354,0.9799697188412008,0.9799697188412008,,,,,,,,,,,,,,,1.0,0.49637483092028667,0.9999999999967847,0.9562542720437457,0.9999999999999999,0.9993164730006835
all|-1|0|all,all nodes,2024,container,ammonia,operating,1.0,0.1,2926,858,0.8348804826543812,0.8348804826543812,0.9681090217518166,0.9681090217518166,,,,,,,,,,,,,,,1.0,0.49637483092028667,0.9999999999944416,0.9295967190704033,0.9999999999999999,0.9989747095010253
all|-1|0|all,all nodes,2024,container,ammonia,operating,1.5,0.0,2926,858,0.9859235949396978,0.9859235949396978,0.9964199125302174,0.9964199125302174,,,,,,,,,,,,,,,1.0,0.49637483092028667,0.9999999999996967,0.9952153110047847,1.0,1.0
all|-1|0|all,all nodes,2024,container,ammonia,operating,1.5,0.1,2926,858,0.9781968104817749,0.9781968104817749,0.9950084242388876,0.9950084242388876,,,,,,,,,,,,,,,1.0,0.49637483092028667,0.9999999999993365,0.9935064935064936,1.0,1.0
all|-1|0|all,all nodes,2024,container,ammonia,operating,2.0,0.0,2926,858,0.9943508736528215,0.9943508736528215,0.9985515492435646,0.9985515492435646,,,,,,,,,,,,,,,1.0,0.49637483092028667,0.9999999999999829,0.9982911825017088,1.0,1.0
all|-1|0|all,all nodes,2024,container,ammonia,operating,2.0,0.1,2926,858,0.9909973845091536,0.9909973845091536,0.9979827052029123,0.9979827052029123,,,,,,,,,,,,,,,1.0,0.49637483092028667,0.9999999999999313,0.9969241285030759,1.0,1.0
all|-1|0|all,all nodes,2024,bulk,methanol,service,1.0,0.0,8019,1124,0.8530163666925596,0.8530163666925596,0.9766192584387435,0.9766192584387435,,,0.9633313330236819,0.9633313330236819,,,,,0.9623744719257067,0.9623744719257067,,,,,1.0,0.321778330953181,0.9999999999581071,0.9441326848734256,0.9999999999999999,0.9988776655443322
all|-1|0|all,all nodes,2024,bulk,methanol,service,1.0,0.1,8019,1124,0.7861145217086177,0.7861145217086177,0.9610753116846837,0.9610753116846837,,,,,,,,,,,,,,,1.0,0.321778330953181,0.9999999998128947,0.9004863449307894,0.9999999999999997,0.9988776655443322
all|-1|0|all,all nodes,2024,bulk,methanol,service,1.5,0.0,8019,1124,0.9881824436414242,0.9881824436414242,0.9981791706706691,0.9981791706706691,,,0.9970294289795926,0.9970294289795926,,,,,0.9969630404454735,0.9969630404454735,,,,,1.0,0.321778330953181,0.9999999999991367,0.9972565157750343,1.0,0.9991270732011472
all|-1|0|all,all nodes,2024,bulk,methanol,service,1.5,0.1,8019,1124,0.9722518434885484,0.9722518434885484,0.9964484869069667,0.9964484869069667,,,,,,,,,,,,,,,1.0,0.321778330953181,0.9999999999971415,0.9940142162364385,1.0,0.9991270732011472
all|-1|0|all,all nodes,2024,bulk,methanol,service,2.0,0.0,8019,1124,0.9983745150479693,0.9983745150479693,0.9992404398147035,0.9992404398147035,,,0.999179151384471,0.999179151384471,,,,,0.9992019081924339,0.9992019081924339,,,,,1.0,0.321778330953181,1.0000000000001368,0.9988776655443322,1.0,0.9993764808579624
all|-1|0|all,all nodes,2024,bulk,methanol,service,2.0,0.1,8019,1124,0.9972542465132307,0.9972542465132307,0.999094486169288,0.999094486169288,,,,,,,,,,,,,,,1.0,0.321778330953181,1.0000000000000437,0.998378850230702,1.0,0.9993764808579624
all|-1|0|all,all nodes,2024,bulk,methanol,operating,1.0,0.0,8019,1124,0.9173102665594604,0.9173102665594604,0.9879412759334021,0.9879412759334021,0.9855475073078386,0.9855475073078386,0.9780073873304234,0.9780073873304234,0.9777263174325865,0.9777263174325865,0.9777263174325865,0.9777263174325865,0.9774888724702119,0.9774888724702119,0.9771866641273249,0.9771866641273249,0.9771866641273249,0.9771866641273249,1.0,0.321778330953181,0.999999999987734,0.9771791994014216,1.0,0.9990023693727398
all|-1|0|all,all nodes,2024,bulk,methanol,operating,1.0,0.1,8019,1124,0.865643249445025,0.865643249445025,0.9784026512532005,0.9784026512532005,,,,,,,,,,,,,,,1.0,0.321778330953181,0.9999999999722787,0.955231325601696,0.9999999999999999,0.9990023693727398
all|-1|0|all,all nodes,2024,bulk,methanol,operating,1.5,0.0,8019,1124,0.9946633568788948,0.9946633568788948,0.9987720284717304,0.9987720284717304,0.9984775084723173,0.9984775084723173,0.99836750858271,0.99836750858271,0.9978551495077124,0.9978551495077124,0.9978551495077124,0.9978551495077124,0.9984041913336625,0.9984041913336625,0.9978438722299959,0.9978438722299959,0.9978438722299959,0.9978438722299959,1.0,0.321778330953181,0.9999999999998378,0.9980047387454795,1.0,0.9990023693727398
all|-1|0|all,all nodes,2024,bulk,methanol,operating,1.5,0.1,8019,1124,0.9877740850011161,0.9877740850011161,0.9980730351690341,0.9980730351690341,,,,,,,,,,,,,,,1.0,0.321778330953181,0.9999999999992587,0.9961341813193665,1.0,0.9990023693727398
all|-1|0|all,all nodes,2024,bulk,methanol,operating,2.0,0.0,8019,1124,0.9984924072853192,0.9984924072853192,0.9992559830872153,0.9992559830872153,0.999208885493856,0.999208885493856,0.9992221798606991,0.9992221798606991,0.9990265041795169,0.9990265041795169,0.9990265041795169,0.9990265041795169,0.9992455015136653,0.9992455015136653,0.9990556928447907,0.9990556928447907,0.9990556928447907,0.9990556928447907,1.0,0.321778330953181,1.0000000000001692,0.9990023693727398,1.0,0.9993764808579624
all|-1|0|all,all nodes,2024,bulk,methanol,operating,2.0,0.1,8019,1124,0.9980560198842042,0.9980560198842042,0.9991621107473686,0.9991621107473686,,,,,,,,,,,,,,,1.0,0.321778330953181,1.0000000000001357,0.9987529617159246,1.0,0.9992517770295548
all|-1|0|all,all nodes,2024,bulk,ammonia,service,1.0,0.0,8019,1124,0.7315006243649091,0.7315006243649091,0.9394972406530171,0.9394972406530171,,,,,,,,,,,,,,,1.0,0.321778330953181,0.8427113218065819,0.8524753709938895,0.9840091806719923,0.9987529617159246
all|-1|0|all,all nodes,2024,bulk,ammonia,service,1.0,0.1,8019,1124,0.6905858508066427,0.6905858508066427,0.9164883887757488,0.9164883887757488,,,,,,,,,,,,,,,1.0,0.321778330953181,0.8031634629135574,0.8170594837261503,0.9622566327250193,0.9987529617159246
all|-1|0|all,all nodes,2024,bulk,ammonia,service,1.5,0.0,8019,1124,0.9411395173525083,0.9411395173525083,0.9923821938991075,0.9923821938991075,,,,,,,,,,,,,,,1.0,0.321778330953181,0.9999999999917004,0.9850355405910961,1.0,0.9990023693727398
all|-1|0|all,all nodes,2024,bulk,ammonia,service,1.5,0.1,8019,1124,0.8995262203872573,0.8995262203872573,0.9852918196808651,0.9852918196808651,,,,,,,,,,,,,,,1.0,0.321778330953181,0.9999999999809207,0.9680758199276718,0.9999999999999999,0.9990023693727398
all|-1|0|all,all nodes,2024,bulk,ammonia,service,2.0,0.0,8019,1124,0.9932767019695009,0.9932767019695009,0.9987242985674664,0.9987242985674664,,,,,,,,,,,,,,,1.0,0.321778330953181,0.9999999999996608,0.9980047387454795,1.0,0.9992517770295548
all|-1|0|all,all nodes,2024,bulk,ammonia,service,2.0,0.1,8019,1124,0.9838540315134383,0.9838540315134383,0.9977692142942187,0.9977692142942187,,,,,,,,,,,,,,,1.0,0.321778330953181,0.9999999999985871,0.9968824042898117,1.0,0.9991270732011472
all|-1|0|all,all nodes,2024,bulk,ammonia,operating,1.0,0.0,8019,1124,0.8030507322973738,0.8030507322973738,0.963225400888934,0.963225400888934,,,,,,,,,,,,,,,1.0,0.321778330953181,0.9999999999241969,0.9129567277715426,0.9999999999999998,0.9990023693727398
all|-1|0|all,all nodes,2024,bulk,ammonia,operating,1.0,0.1,8019,1124,0.7460618503604847,0.7460618503604847,0.9441816772132048,0.9441816772132048,,,,,,,,,,,,,,,1.0,0.321778330953181,0.8647791725629123,0.8734256141663549,0.9933247173286526,0.9988776655443322
all|-1|0|all,all nodes,2024,bulk,ammonia,operating,1.5,0.0,8019,1124,0.9729626103650576,0.9729626103650576,0.9962983918386327,0.9962983918386327,,,,,,,,,,,,,,,1.0,0.321778330953181,0.9999999999973602,0.9935154009228083,1.0,0.9990023693727398
all|-1|0|all,all nodes,2024,bulk,ammonia,operating,1.5,0.1,8019,1124,0.9470943796341079,0.9470943796341079,0.9927401136705288,0.9927401136705288,,,,,,,,,,,,,,,1.0,0.321778330953181,0.9999999999935777,0.9871555056740242,1.0,0.9990023693727398
all|-1|0|all,all nodes,2024,bulk,ammonia,operating,2.0,0.0,8019,1124,0.9969192479049717,0.9969192479049717,0.9989830893543244,0.9989830893543244,,,,,,,,,,,,,,,1.0,0.321778330953181,1.0000000000000644,0.998378850230702,1.0,0.9991270732011472
all|-1|0|all,all nodes,2024,bulk,ammonia,operating,2.0,0.1,8019,1124,0.99320383385853,0.99320383385853,0.9986042322577648,0.9986042322577648,,,,,,,,,,,,,,,1.0,0.321778330953181,0.9999999999997214,0.9976306272602569,1.0,0.9990023693727398
all|-1|0|all,all nodes,2024,tanker,methanol,service,1.0,0.0,5577,211,0.8364017198371292,0.8364017198371292,0.9581001960444512,0.9581001960444512,,,0.9520957750935264,0.9520957750935264,,,,,0.9520643195939623,0.9520643195939623,,,,,1.0,0.5097011115406895,0.9999999999717438,0.9411870181100951,0.9999999999999999,0.9967724583109199
all|-1|0|all,all nodes,2024,tanker,methanol,service,1.0,0.1,5577,211,0.8042682746804587,0.8042682746804587,0.9443697999705232,0.9443697999705232,,,,,,,,,,,,,,,1.0,0.5097011115406895,0.9999999999464851,0.9205666128743052,0.9999999999999998,0.9965931504393043
all|-1|0|all,all nodes,2024,tanker,methanol,service,1.5,0.0,5577,211,0.951993197641348,0.951993197641348,0.9912089714189675,0.9912089714189675,,,0.9894037078231024,0.9894037078231024,,,,,0.9892148498128481,0.9892148498128481,,,,,1.0,0.5097011115406895,0.9999999999968923,0.9876277568585261,1.0,0.9983862291554599
all|-1|0|all,all nodes,2024,tanker,methanol,service,1.5,0.1,5577,211,0.9229533354983938,0.9229533354983938,0.985865748252819,0.985865748252819,,,,,,,,,,,,,,,1.0,0.5097011115406895,0.9999999999940135,0.9799175183790568,1.0,0.9978483055406132
all|-1|0|all,all nodes,2024,tanker,methanol,service,2.0,0.0,5577,211,0.9897193200127702,0.9897193200127702,0.9972933520163901,0.9972933520163901,,,0.9974241501307065,0.9974241501307065,,,,,0.9973822849662908,0.9973822849662908,,,,,1.0,0.5097011115406895,0.999999999999604,0.9953379953379954,1.0,0.9987448448986911
all|-1|0|all,all nodes,2024,tanker,methanol,service,2.0,0.1,5577,211,0.98033678426139,0.98033678426139,0.996054042850698,0.996054042850698,,,,,,,,,,,,,,,1.0,0.5097011115406895,0.9999999999989827,0.9937242244934552,1.0,0.9987448448986911
all|-1|0|all,all nodes,2024,tanker,methanol,operating,1.0,0.0,5577,211,0.8346129476681764,0.8346129476681764,0.9545126735007765,0.9545126735007765,0.9493318367707767,0.9493318367707767,0.941187654746541,0.941187654746541,0.9347283699658874,0.9347283699658874,0.9347283699658874,0.9347283699658874,0.9413946306253028,0.9413946306253028,0.9350458817347301,0.9350458817347301,0.9350458817347301,0.9350458817347301,1.0,0.5097011115406895,0.9999999999629785,0.929711314326699,0.9999999999999999,0.9969517661825354
all|-1|0|all,all nodes,2024,tanker,methanol,operating,1.0,0.1,5577,211,0.797809608861943,0.797809608861943,0.9406311877098885,0.9406311877098885,,,,,,,,,,,,,,,1.0,0.5097011115406895,0.9999999999219084,0.9022772099695177,0.9999999999999998,0.9964138425676887
all|-1|0|all,all nodes,2024,tanker,methanol,operating,1.5,0.0,5577,211,0.941255562511689,0.941255562511689,0.9870094383683702,0.9870094383683702,0.984670961514084,0.984670961514084,0.9809008566518725,0.9809008566518725,0.9771252462683271,0.9771252462683271,0.9771252462683271,0.9771252462683271,0.9809759230666573,0.9809759230666573,0.9772686563180393,0.9772686563180393,0.9772686563180393,0.9772686563180393,1.0,0.5097011115406895,0.9999999999954211,0.9797382105074413,1.0,0.9980276134122288
all|-1|0|all,all nodes,2024,tanker,methanol,operating,1.5,0.1,5577,211,0.9206753745979427,0.9206753745979427,0.9813884661343856,0.9813884661343856,,,,,,,,,,,,,,,1.0,0.5097011115406895,0.9999999999921654,0.9716693562847409,1.0,0.9976689976689976
all|-1|0|all,all nodes,2024,tanker,methanol,operating,2.0,0.0,5577,211,0.978848026305009,0.978848026305009,0.9954541616354857,0.9954541616354857,0.9944885289976301,0.9944885289976301,0.9940607676242871,0.9940607676242871,0.9921199026000957,0.9921199026000957,0.9921199026000957,0.9921199026000957,0.9941506684573046,0.9941506684573046,0.9922508902109799,0.9922508902109799,0.9922508902109799,0.9922508902109799,1.0,0.5097011115406895,0.9999999999988164,0.9924690693921463,1.0,0.9987448448986911
all|-1|0|all,all nodes,2024,tanker,methanol,operating,2.0,0.1,5577,211,0.9683283733567607,0.9683283733567607,0.9932552631953794,0.9932552631953794,,,,,,,,,,,,,,,1.0,0.5097011115406895,0.999999999997954,0.9899587591895285,1.0,0.9985655370270755
all|-1|0|all,all nodes,2024,tanker,ammonia,service,1.0,0.0,5577,211,0.7632187685896962,0.7632187685896962,0.9274388685764072,0.9274388685764072,,,,,,,,,,,,,,,1.0,0.5097011115406895,0.9999999998525517,0.8920566612874306,0.9999999999999997,0.9962345346960731
all|-1|0|all,all nodes,2024,tanker,ammonia,service,1.0,0.1,5577,211,0.7184562765730769,0.7184562765730769,0.9088788748938067,0.9088788748938067,,,,,,,,,,,,,,,1.0,0.5097011115406895,0.9057367755565631,0.8542227003765466,0.9960666050193443,0.9960552268244576
all|-1|0|all,all nodes,2024,tanker,ammonia,service,1.5,0.0,5577,211,0.8932711692252677,0.8932711692252677,0.9775895620322472,0.9775895620322472,,,,,,,,,,,,,,,1.0,0.5097011115406895,0.9999999999892425,0.9680831988524297,1.0,0.9976689976689976
all|-1|0|all,all nodes,2024,tanker,ammonia,service,1.5,0.1,5577,211,0.861719637947712,0.861719637947712,0.9675047891918732,0.9675047891918732,,,,,,,,,,,,,,,1.0,0.5097011115406895,0.9999999999817714,0.9549937242244935,0.9999999999999999,0.997131074054151
all|-1|0|all,all nodes,2024,tanker,ammonia,service,2.0,0.0,5577,211,0.9643791315621071,0.9643791315621071,0.9935974837907741,0.9935974837907741,,,,,,,,,,,,,,,1.0,0.5097011115406895,0.9999999999977377,0.9908552985476062,1.0,0.9983862291554599
all|-1|0|all,all nodes,2024,tanker,ammonia,service,2.0,0.1,5577,211,0.9428308160118397,0.9428308160118397,0.9897164159437499,0.9897164159437499,,,,,,,,,,,,,,,1.0,0.5097011115406895,0.9999999999960046,0.9861932938856016,1.0,0.9982069212838444
all|-1|0|all,all nodes,2024,tanker,ammonia,operating,1.0,0.0,5577,211,0.7548268528371079,0.7548268528371079,0.923301437366246,0.923301437366246,,,,,,,,,,,,,,,1.0,0.5097011115406895,0.9493875357426118,0.8691052537206383,0.9994261435026197,0.9953379953379954
all|-1|0|all,all nodes,2024,tanker,ammonia,operating,1.0,0.1,5577,211,0.7081594683682514,0.7081594683682514,0.9041148973806626,0.9041148973806626,,,,,,,,,,,,,,,1.0,0.5097011115406895,0.8726048875779641,0.8242782858167473,0.9865341057695185,0.9946207638515331
all|-1|0|all,all nodes,2024,tanker,ammonia,operating,1.5,0.0,5577,211,0.8938791496836342,0.8938791496836342,0.9735370866748287,0.9735370866748287,,,,,,,,,,,,,,,1.0,0.5097011115406895,0.9999999999867162,0.958041958041958,0.9999999999999999,0.9976689976689976
all|-1|0|all,all nodes,2024,tanker,ammonia,operating,1.5,0.1,5577,211,0.8593885868060843,0.8593885868060843,0.9638084001913017,0.9638084001913017,,,,,,,,,,,,,,,1.0,0.5097011115406895,0.999999999977611,0.9428007889546351,0.9999999999999999,0.997131074054151
all|-1|0|all,all nodes,2024,tanker,ammonia,operating,2.0,0.0,5577,211,0.9540385496310879,0.9540385496310879,0.9898609888947938,0.9898609888947938,,,,,,,,,,,,,,,1.0,0.5097011115406895,0.999999999996749,0.984400215169446,1.0,0.9983862291554599
all|-1|0|all,all nodes,2024,tanker,ammonia,operating,2.0,0.1,5577,211,0.934362732049338,0.934362732049338,0.9853197381670264,0.9853197381670264,,,,,,,,,,,,,,,1.0,0.5097011115406895,0.999999999994502,0.97776582391967,1.0,0.9978483055406132
all|-1|0|all,all nodes,2024,gas,methanol,service,1.0,0.0,1035,146,0.5627934627355246,0.5627934627355246,0.7520094201291674,0.7520094201291674,,,0.6769708145430312,0.6769708145430312,,,,,0.6807621159384547,0.6807621159384547,,,,,1.0,0.4198072118528001,0.9327890861898678,0.6917874396135266,0.9999862975579576,0.8338164251207729
all|-1|0|all,all nodes,2024,gas,methanol,service,1.0,0.1,1035,146,0.5354286567935503,0.5354286567935503,0.7315950115086837,0.7315950115086837,,,,,,,,,,,,,,,1.0,0.4198072118528001,0.8688623557038118,0.6531400966183575,0.9842288735246725,0.8328502415458937
all|-1|0|all,all nodes,2024,gas,methanol,service,1.5,0.0,1035,146,0.69890627850616,0.69890627850616,0.8085129099743009,0.8085129099743009,,,0.7542149011414846,0.7542149011414846,,,,,0.7581367822046414,0.7581367822046414,,,,,1.0,0.4198072118528001,0.9999999999910689,0.81256038647343,0.9999999999999999,0.8531400966183574
all|-1|0|all,all nodes,2024,gas,methanol,service,1.5,0.1,1035,146,0.6799834134157723,0.6799834134157723,0.7965625878092966,0.7965625878092966,,,,,,,,,,,,,,,1.0,0.4198072118528001,0.9999999999809238,0.7961352657004831,0.9999999999999999,0.8473429951690822
all|-1|0|all,all nodes,2024,gas,methanol,service,2.0,0.0,1035,146,0.7338303294003287,0.7338303294003287,0.8382292576894758,0.8382292576894758,,,0.7966548805931184,0.7966548805931184,,,,,0.8009929506067052,0.8009929506067052,,,,,1.0,0.4198072118528001,0.9999999999971013,0.8299516908212561,1.0,0.8830917874396135
all|-1|0|all,all nodes,2024,gas,methanol,service,2.0,0.1,1035,146,0.7258738989232372,0.7258738989232372,0.8274371344984727,0.8274371344984727,,,,,,,,,,,,,,,1.0,0.4198072118528001,0.9999999999968214,0.8280193236714976,1.0,0.8695652173913043
all|-1|0|all,all nodes,2024,gas,methanol,operating,1.0,0.0,1035,146,0.4637570974811287,0.4637570974811287,0.7104812514994702,0.7104812514994702,0.7020157309106856,0.7020157309106856,0.5964822798419771,0.5964822798419771,0.5858343694454643,0.5858343694454643,0.5858343694454643,0.5858343694454643,0.6016909162310906,0.6016909162310906,0.5906107581815054,0.5906107581815054,0.5906107581815054,0.5906107581815054,1.0,0.4198072118528001,0.8807786573691999,0.6879227053140097,0.9912814460314029,0.8444444444444444
all|-1|0|all,all nodes,2024,gas,methanol,operating,1.0,0.1,1035,146,0.42721619789478466,0.42721619789478466,0.6836761337006738,0.6836761337006738,,,,,,,,,,,,,,,1.0,0.4198072118528001,0.8243728321871662,0.6483091787439613,0.9734175767545549,0.8396135265700483
all|-1|0|all,all nodes,2024,gas,methanol,operating,1.5,0.0,1035,146,0.6161494939806804,0.6161494939806804,0.7979619029692575,0.7979619029692575,0.7911051121000123,0.7911051121000123,0.713325381635,0.713325381635,0.7055530728319497,0.7055530728319497,0.7055530728319497,0.7055530728319497,0.7167882951716178,0.7167882951716178,0.7087091561453012,0.7087091561453012,0.7087091561453012,0.7087091561453012,1.0,0.4198072118528001,0.9999999999868316,0.8009661835748793,0.9999999999999999,0.8685990338164251
all|-1|0|all,all nodes,2024,gas,methanol,operating,1.5,0.1,1035,146,0.5762683429993201,0.5762683429993201,0.7775769711066314,0.7775769711066314,,,,,,,,,,,,,,,1.0,0.4198072118528001,0.9999999999774063,0.7758454106280194,0.9999999999999999,0.8608695652173913
all|-1|0|all,all nodes,2024,gas,methanol,operating,2.0,0.0,1035,146,0.7026219133902953,0.7026219133902953,0.8449898884859842,0.8449898884859842,0.8394818804168229,0.8394818804168229,0.8062967226931833,0.8062967226931833,0.7947672098209916,0.7947672098209916,0.7947672098209916,0.7947672098209916,0.8082356998607991,0.8082356998607991,0.7965944920608997,0.7965944920608997,0.7965944920608997,0.7965944920608997,1.0,0.4198072118528001,0.9999999999946734,0.8376811594202899,1.0,0.9053140096618357
all|-1|0|all,all nodes,2024,gas,methanol,operating,2.0,0.1,1035,146,0.6677203977813017,0.6677203977813017,0.8290863869008114,0.8290863869008114,,,,,,,,,,,,,,,1.0,0.4198072118528001,0.9999999999933418,0.8299516908212561,1.0,0.8946859903381642
all|-1|0|all,all nodes,2024,gas,ammonia,service,1.0,0.0,1035,146,0.5082379701833771,0.5082379701833771,0.7093915612339587,0.7093915612339587,,,,,,,,,,,,,,,1.0,0.4198072118528001,0.7766927516054483,0.6202898550724638,0.9592594186461957,0.8309178743961353
all|-1|0|all,all nodes,2024,gas,ammonia,service,1.0,0.1,1035,146,0.4845508097400855,0.4845508097400855,0.6883683382597857,0.6883683382597857,,,,,,,,,,,,,,,1.0,0.4198072118528001,0.7029690563929696,0.6,0.9350640052044685,0.8270531400966183
all|-1|0|all,all nodes,2024,gas,ammonia,service,1.5,0.0,1035,146,0.6480785116923179,0.6480785116923179,0.7827106975044227,0.7827106975044227,,,,,,,,,,,,,,,1.0,0.4198072118528001,0.9999999999535403,0.7710144927536232,0.9999999999999998,0.842512077294686
all|-1|0|all,all nodes,2024,gas,ammonia,service,1.5,0.1,1035,146,0.6018027557773323,0.6018027557773323,0.7668212840928913,0.7668212840928913,,,,,,,,,,,,,,,1.0,0.4198072118528001,0.9999999998781257,0.7381642512077294,0.9999999999999997,0.8357487922705314
all|-1|0|all,all nodes,2024,gas,ammonia,service,2.0,0.0,1035,146,0.7118439171545393,0.7118439171545393,0.8160068947040229,0.8160068947040229,,,,,,,,,,,,,,,1.0,0.4198072118528001,0.9999999999942811,0.8202898550724638,1.0,0.8560386473429952
all|-1|0|all,all nodes,2024,gas,ammonia,service,2.0,0.1,1035,146,0.6930637208098128,0.6930637208098128,0.804670287034738,0.804670287034738,,,,,,,,,,,,,,,1.0,0.4198072118528001,0.9999999999887278,0.8096618357487922,0.9999999999999999,0.851207729468599
all|-1|0|all,all nodes,2024,gas,ammonia,operating,1.0,0.0,1035,146,0.39497131573138206,0.39497131573138206,0.6549145567118415,0.6549145567118415,,,,,,,,,,,,,,,1.0,0.4198072118528001,0.726973230739841,0.6077294685990338,0.9462895956993373,0.8299516908212561
all|-1|0|all,all nodes,2024,gas,ammonia,operating,1.0,0.1,1035,146,0.36624199248121253,0.36624199248121253,0.6273001069167825,0.6273001069167825,,,,,,,,,,,,,,,1.0,0.4198072118528001,0.6519422117199303,0.5690821256038647,0.9173048286239095,0.8241545893719807
all|-1|0|all,all nodes,2024,gas,ammonia,operating,1.5,0.0,1035,146,0.5382502866276356,0.5382502866276356,0.7542130110524558,0.7542130110524558,,,,,,,,,,,,,,,1.0,0.4198072118528001,0.999999999955275,0.7468599033816425,0.9999999999999998,0.8541062801932368
all|-1|0|all,all nodes,2024,gas,ammonia,operating,1.5,0.1,1035,146,0.498282989651604,0.498282989651604,0.7304129582656644,0.7304129582656644,,,,,,,,,,,,,,,1.0,0.4198072118528001,0.999999999754312,0.714975845410628,0.9999999999999996,0.8492753623188406
all|-1|0|all,all nodes,2024,gas,ammonia,operating,2.0,0.0,1035,146,0.6406977837091128,0.6406977837091128,0.8103792239221141,0.8103792239221141,,,,,,,,,,,,,,,1.0,0.4198072118528001,0.999999999990724,0.8144927536231884,1.0,0.8830917874396135
all|-1|0|all,all nodes,2024,gas,ammonia,operating,2.0,0.1,1035,146,0.5985824547859797,0.5985824547859797,0.7915041481673635,0.7915041481673635,,,,,,,,,,,,,,,1.0,0.4198072118528001,0.9999999999825167,0.7932367149758454,0.9999999999999999,0.8657004830917875
all|-1|0|all,all nodes,2024,general,methanol,service,1.0,0.0,1886,557,0.8522831307760781,0.8522831307760781,0.9604469789182695,0.9604469789182695,,,0.9685971471833916,0.9685971471833916,,,,,0.9694415924945564,0.9694415924945564,,,,,1.0,0.6032912701375893,0.9999999999742046,0.9490986214209968,0.9999999999999999,0.9978791092258749
all|-1|0|all,all nodes,2024,general,methanol,service,1.0,0.1,1886,557,0.8179530313993975,0.8179530313993975,0.9479447918252657,0.9479447918252657,,,,,,,,,,,,,,,1.0,0.6032912701375893,0.9999999999367591,0.9247083775185578,0.9999999999999998,0.9978791092258749
all|-1|0|all,all nodes,2024,general,methanol,service,1.5,0.0,1886,557,0.9521850025889758,0.9521850025889758,0.9902782358694262,0.9902782358694262,,,0.9903405953110231,0.9903405953110231,,,,,0.9906798931776895,0.9906798931776895,,,,,1.0,0.6032912701375893,0.999999999998546,0.9899257688229056,1.0,0.9989395546129375
all|-1|0|all,all nodes,2024,general,methanol,service,1.5,0.1,1886,557,0.9313318940688058,0.9313318940688058,0.9854556712987179,0.9854556712987179,,,,,,,,,,,,,,,1.0,0.6032912701375893,0.9999999999963609,0.9825026511134677,1.0,0.9984093319194062
all|-1|0|all,all nodes,2024,general,methanol,service,2.0,0.0,1886,557,0.9839838276528574,0.9839838276528574,0.9968476733519198,0.9968476733519198,,,0.9977191157178152,0.9977191157178152,,,,,0.9978133186302156,0.9978133186302156,,,,,1.0,0.6032912701375893,0.9999999999998697,0.9946977730646872,1.0,0.9994697773064687
all|-1|0|all,all nodes,2024,general,methanol,service,2.0,0.1,1886,557,0.9769112833264406,0.9769112833264406,0.9952223257867259,0.9952223257867259,,,,,,,,,,,,,,,1.0,0.6032912701375893,0.9999999999996356,0.9936373276776246,1.0,0.9994697773064687
all|-1|0|all,all nodes,2024,general,methanol,operating,1.0,0.0,1886,557,0.8625740842347145,0.8625740842347145,0.96186945726202,0.96186945726202,0.9596832427199005,0.9596832427199005,0.9676810995850799,0.9676810995850799,0.9655224926417253,0.9655224926417253,0.9655224926417253,0.9655224926417253,0.9685481391285572,0.9685481391285572,0.9662983766107177,0.9662983766107177,0.9662983766107177,0.9662983766107177,1.0,0.6032912701375893,0.9999999999817828,0.9490986214209968,0.9999999999999999,0.9978791092258749
all|-1|0|all,all nodes,2024,general,methanol,operating,1.0,0.1,1886,557,0.830832572300393,0.830832572300393,0.9502731673049608,0.9502731673049608,,,,,,,,,,,,,,,1.0,0.6032912701375893,0.9999999999575213,0.9342523860021209,0.9999999999999998,0.9978791092258749
all|-1|0|all,all nodes,2024,general,methanol,operating,1.5,0.0,1886,557,0.9516797369434297,0.9516797369434297,0.9882842715016844,0.9882842715016844,0.9874581258259019,0.9874581258259019,0.9885895766258139,0.9885895766258139,0.9877243439458603,0.9877243439458603,0.9877243439458603,0.9877243439458603,0.9889609124640505,0.9889609124640505,0.9881160161851756,0.9881160161851756,0.9881160161851756,0.9881160161851756,1.0,0.6032912701375893,0.9999999999988389,0.986744432661718,1.0,0.9989395546129375
all|-1|0|all,all nodes,2024,general,methanol,operating,1.5,0.1,1886,557,0.9341933135781376,0.9341933135781376,0.9836970667949531,0.9836970667949531,,,,,,,,,,,,,,,1.0,0.6032912701375893,0.9999999999977621,0.9798515376458112,1.0,0.9984093319194062
all|-1|0|all,all nodes,2024,general,methanol,operating,2.0,0.0,1886,557,0.9796191907650866,0.9796191907650866,0.9956057110605063,0.9956057110605063,0.995120436116791,0.995120436116791,0.9956457754073437,0.9956457754073437,0.9953446310005074,0.9953446310005074,0.9953446310005074,0.9953446310005074,0.9958262400106297,0.9958262400106297,0.9955397478370613,0.9955397478370613,0.9955397478370613,0.9955397478370613,1.0,0.6032912701375893,0.9999999999997784,0.9941675503711559,1.0,0.9994697773064687
all|-1|0|all,all nodes,2024,general,methanol,operating,2.0,0.1,1886,557,0.9710577411802074,0.9710577411802074,0.9936296395922993,0.9936296395922993,,,,,,,,,,,,,,,1.0,0.6032912701375893,0.9999999999995696,0.9936373276776246,1.0,0.9989395546129375
all|-1|0|all,all nodes,2024,general,ammonia,service,1.0,0.0,1886,557,0.7786122558107652,0.7786122558107652,0.9321919693488483,0.9321919693488483,,,,,,,,,,,,,,,1.0,0.6032912701375893,0.9999999998148399,0.8955461293743372,0.9999999999999997,0.9978791092258749
all|-1|0|all,all nodes,2024,general,ammonia,service,1.0,0.1,1886,557,0.7328624471179163,0.7328624471179163,0.914514938946442,0.914514938946442,,,,,,,,,,,,,,,1.0,0.6032912701375893,0.9257976555546764,0.8594909862142099,0.9977185763882266,0.9973488865323435
all|-1|0|all,all nodes,2024,general,ammonia,service,1.5,0.0,1886,557,0.9022420897667146,0.9022420897667146,0.9780968141864761,0.9780968141864761,,,,,,,,,,,,,,,1.0,0.6032912701375893,0.9999999999926953,0.9687168610816543,1.0,0.9984093319194062
all|-1|0|all,all nodes,2024,general,ammonia,service,1.5,0.1,1886,557,0.8733865357789862,0.8733865357789862,0.9689496973742273,0.9689496973742273,,,,,,,,,,,,,,,1.0,0.6032912701375893,0.9999999999835397,0.9597030752916225,0.9999999999999999,0.9984093319194062
all|-1|0|all,all nodes,2024,general,ammonia,service,2.0,0.0,1886,557,0.9625656736265273,0.9625656736265273,0.9926167823762523,0.9926167823762523,,,,,,,,,,,,,,,1.0,0.6032912701375893,0.9999999999990639,0.9909862142099682,1.0,0.9989395546129375
all|-1|0|all,all nodes,2024,general,ammonia,service,2.0,0.1,1886,557,0.9448844601297307,0.9448844601297307,0.9888557632542742,0.9888557632542742,,,,,,,,,,,,,,,1.0,0.6032912701375893,0.9999999999980199,0.9856839872746553,1.0,0.9984093319194062
all|-1|0|all,all nodes,2024,general,ammonia,operating,1.0,0.0,1886,557,0.79554087706605,0.79554087706605,0.9358394816301923,0.9358394816301923,,,,,,,,,,,,,,,1.0,0.6032912701375893,0.9999999998931282,0.9088016967126193,0.9999999999999998,0.9978791092258749
all|-1|0|all,all nodes,2024,general,ammonia,operating,1.0,0.1,1886,557,0.7551687106878937,0.7551687106878937,0.9195998585921874,0.9195998585921874,,,,,,,,,,,,,,,1.0,0.6032912701375893,0.9999999992431101,0.8700954400848356,0.9999999999999994,0.9978791092258749
all|-1|0|all,all nodes,2024,general,ammonia,operating,1.5,0.0,1886,557,0.9117391660904898,0.9117391660904898,0.9773001899845701,0.9773001899845701,,,,,,,,,,,,,,,1.0,0.6032912701375893,0.9999999999948509,0.9724284199363733,1.0,0.9978791092258749
all|-1|0|all,all nodes,2024,general,ammonia,operating,1.5,0.1,1886,557,0.8869097463310274,0.8869097463310274,0.9695014210950492,0.9695014210950492,,,,,,,,,,,,,,,1.0,0.6032912701375893,0.9999999999914189,0.9607635206786851,0.9999999999999999,0.9978791092258749
all|-1|0|all,all nodes,2024,general,ammonia,operating,2.0,0.0,1886,557,0.9596561479641995,0.9596561479641995,0.9906527046181116,0.9906527046181116,,,,,,,,,,,,,,,1.0,0.6032912701375893,0.9999999999990898,0.9878048780487805,1.0,0.9989395546129375
all|-1|0|all,all nodes,2024,general,ammonia,operating,2.0,0.1,1886,557,0.9455428971590455,0.9455428971590455,0.9869425664655573,0.9869425664655573,,,,,,,,,,,,,,,1.0,0.6032912701375893,0.9999999999985401,0.9835630965005302,1.0,0.9989395546129375
all|-1|0|all,all nodes,2024,roro,methanol,service,1.0,0.0,538,158,0.833165192614944,0.833165192614944,0.9573822234134153,0.9573822234134153,,,0.9318540199760282,0.9318540199760282,,,,,0.9328252142642447,0.9328252142642447,,,,,1.0,0.2705656499689,0.9999999999731692,0.929368029739777,0.9999999999999998,0.9869888475836431
all|-1|0|all,all nodes,2024,roro,methanol,service,1.0,0.1,538,158,0.7874551237835349,0.7874551237835349,0.9427145975546499,0.9427145975546499,,,,,,,,,,,,,,,1.0,0.2705656499689,0.9999999998933194,0.8866171003717472,0.9999999999999996,0.9869888475836431
all|-1|0|all,all nodes,2024,roro,methanol,service,1.5,0.0,538,158,0.9668173492426404,0.9668173492426404,0.9866114430757199,0.9866114430757199,,,0.98415217315416,0.98415217315416,,,,,0.9843780312151625,0.9843780312151625,,,,,1.0,0.2705656499689,0.9999999999989313,0.9795539033457249,1.0,0.9869888475836431
all|-1|0|all,all nodes,2024,roro,methanol,service,1.5,0.1,538,158,0.9418930313662057,0.9418930313662057,0.9834745235207771,0.9834745235207771,,,,,,,,,,,,,,,1.0,0.2705656499689,0.9999999999980932,0.9684014869888475,1.0,0.9869888475836431
all|-1|0|all,all nodes,2024,roro,methanol,service,2.0,0.0,538,158,0.9853750700730797,0.9853750700730797,0.9889864435395092,0.9889864435395092,,,0.986089400510445,0.986089400510445,,,,,0.9862876498388012,0.9862876498388012,,,,,1.0,0.2705656499689,0.9999999999995242,0.9869888475836431,1.0,0.9869888475836431
all|-1|0|all,all nodes,2024,roro,methanol,service,2.0,0.1,538,158,0.9820277157237441,0.9820277157237441,0.9885170954310654,0.9885170954310654,,,,,,,,,,,,,,,1.0,0.2705656499689,0.9999999999995213,0.9869888475836431,1.0,0.9869888475836431
all|-1|0|all,all nodes,2024,roro,methanol,operating,1.0,0.0,538,158,0.7602417986525082,0.7602417986525082,0.9285505286635394,0.9285505286635394,0.916480357244048,0.916480357244048,0.8933616942738096,0.8933616942738096,0.8822234227089027,0.8822234227089027,0.8822234227089027,0.8822234227089027,0.8948814686374613,0.8948814686374613,0.8839019360872498,0.8839019360872498,0.8839019360872498,0.8839019360872498,1.0,0.2705656499689,0.9278076694600887,0.8605947955390335,0.9989709527536852,0.9869888475836431
all|-1|0|all,all nodes,2024,roro,methanol,operating,1.0,0.1,538,158,0.7216015553285251,0.7216015553285251,0.9097947430357725,0.9097947430357725,,,,,,,,,,,,,,,1.0,0.2705656499689,0.8610399915876525,0.8327137546468402,0.9850881905078088,0.9869888475836431
all|-1|0|all,all nodes,2024,roro,methanol,operating,1.5,0.0,538,158,0.9101369746410685,0.9101369746410685,0.9777598169138633,0.9777598169138633,0.971047432879567,0.971047432879567,0.9660701127766111,0.9660701127766111,0.9554945678363382,0.9554945678363382,0.9554945678363382,0.9554945678363382,0.9665536704664351,0.9665536704664351,0.956128844744481,0.956128844744481,0.956128844744481,0.956128844744481,1.0,0.2705656499689,0.9999999999961384,0.9609665427509294,0.9999999999999999,0.9869888475836431
all|-1|0|all,all nodes,2024,roro,methanol,operating,1.5,0.1,538,158,0.8762407894154787,0.8762407894154787,0.9693592264906044,0.9693592264906044,,,,,,,,,,,,,,,1.0,0.2705656499689,0.9999999999918783,0.9479553903345725,0.9999999999999999,0.9869888475836431
all|-1|0|all,all nodes,2024,roro,methanol,operating,2.0,0.0,538,158,0.9786593953734477,0.9786593953734477,0.9884074712087865,0.9884074712087865,0.9871023994959676,0.9871023994959676,0.9851733628106781,0.9851733628106781,0.9829660108627019,0.9829660108627019,0.9829660108627019,0.9829660108627019,0.9853846672096559,0.9853846672096559,0.9832087737219324,0.9832087737219324,0.9832087737219324,0.9832087737219324,1.0,0.2705656499689,0.9999999999991789,0.9869888475836431,1.0,0.9869888475836431
all|-1|0|all,all nodes,2024,roro,methanol,operating,2.0,0.1,538,158,0.9554078794849122,0.9554078794849122,0.9864828807741978,0.9864828807741978,,,,,,,,,,,,,,,1.0,0.2705656499689,0.9999999999987152,0.983271375464684,1.0,0.9869888475836431
all|-1|0|all,all nodes,2024,roro,ammonia,service,1.0,0.0,538,158,0.7455155158558366,0.7455155158558366,0.923960245171669,0.923960245171669,,,,,,,,,,,,,,,1.0,0.2705656499689,0.8740080759187661,0.8531598513011153,0.9867295460764243,0.9869888475836431
all|-1|0|all,all nodes,2024,roro,ammonia,service,1.0,0.1,538,158,0.7053425036029631,0.7053425036029631,0.9040113986123516,0.9040113986123516,,,,,,,,,,,,,,,1.0,0.2705656499689,0.8069943890947152,0.8271375464684015,0.9674630848992134,0.9869888475836431
all|-1|0|all,all nodes,2024,roro,ammonia,service,1.5,0.0,538,158,0.8974918760636927,0.8974918760636927,0.976598331077744,0.976598331077744,,,,,,,,,,,,,,,1.0,0.2705656499689,0.999999999994813,0.9553903345724907,0.9999999999999999,0.9869888475836431
all|-1|0|all,all nodes,2024,roro,ammonia,service,1.5,0.1,538,158,0.864222551002163,0.864222551002163,0.9668296492634548,0.9668296492634548,,,,,,,,,,,,,,,1.0,0.2705656499689,0.9999999999884548,0.9386617100371747,0.9999999999999998,0.9869888475836431
all|-1|0|all,all nodes,2024,roro,ammonia,service,2.0,0.0,538,158,0.9767405974570971,0.9767405974570971,0.9876829482272493,0.9876829482272493,,,,,,,,,,,,,,,1.0,0.2705656499689,0.9999999999993315,0.983271375464684,1.0,0.9869888475836431
all|-1|0|all,all nodes,2024,roro,ammonia,service,2.0,0.1,538,158,0.9609772826695202,0.9609772826695202,0.9858202872706098,0.9858202872706098,,,,,,,,,,,,,,,1.0,0.2705656499689,0.9999999999987152,0.9721189591078067,1.0,0.9869888475836431
all|-1|0|all,all nodes,2024,roro,ammonia,operating,1.0,0.0,538,158,0.6823994993081365,0.6823994993081365,0.8879401518366816,0.8879401518366816,,,,,,,,,,,,,,,1.0,0.2705656499689,0.79257095932981,0.7955390334572491,0.9637893187075204,0.9869888475836431
all|-1|0|all,all nodes,2024,roro,ammonia,operating,1.0,0.1,538,158,0.6393550229122528,0.6393550229122528,0.8652427571108579,0.8652427571108579,,,,,,,,,,,,,,,1.0,0.2705656499689,0.6997603740920088,0.7490706319702602,0.9384290366195074,0.9869888475836431
all|-1|0|all,all nodes,2024,roro,ammonia,operating,1.5,0.0,538,158,0.8274889515949824,0.8274889515949824,0.9569140848442971,0.9569140848442971,,,,,,,,,,,,,,,1.0,0.2705656499689,0.9999999999800684,0.9163568773234201,0.9999999999999998,0.9869888475836431
all|-1|0|all,all nodes,2024,roro,ammonia,operating,1.5,0.1,538,158,0.7863594247786916,0.7863594247786916,0.9420058543020458,0.9420058543020458,,,,,,,,,,,,,,,1.0,0.2705656499689,0.9999999999474785,0.879182156133829,0.9999999999999997,0.9869888475836431
all|-1|0|all,all nodes,2024,roro,ammonia,operating,2.0,0.0,538,158,0.9294928425807046,0.9294928425807046,0.9820189610865705,0.9820189610865705,,,,,,,,,,,,,,,1.0,0.2705656499689,0.999999999997522,0.9684014869888475,1.0,0.9869888475836431
all|-1|0|all,all nodes,2024,roro,ammonia,operating,2.0,0.1,538,158,0.9015461191861454,0.9015461191861454,0.9753093127985357,0.9753093127985357,,,,,,,,,,,,,,,1.0,0.2705656499689,0.9999999999954425,0.9572490706319703,0.9999999999999999,0.9869888475836431
external:yap4|-1|0|all,Yap hubs (4),2024,all,methanol,service,1.0,0.0,19981,3054,0.03703631345835183,0.038048692908288266,0.21602534210975885,0.21825920435039992,,,0.2184839354374512,0.22018788238996803,,,,,0.21689853643470508,0.21857232674354093,,,,,0.6229323096333522,0.007800340834094449,0.0,0.02342225113858165,0.13573877433491793,0.10965417146288975
external:yap4|-1|0|all,Yap hubs (4),2024,all,methanol,service,1.0,0.1,19981,3054,0.031425961945649006,0.0322824981456923,0.1976849587287567,0.19966778106975314,,,,,,,,,,,,,,,0.6229323096333522,0.007800340834094449,0.0,0.0194684950703168,0.12245222359779111,0.09083629447975577
external:yap4|-1|0|all,Yap hubs (4),2024,all,methanol,service,1.5,0.0,19981,3054,0.08792478719433633,0.0900928628460021,0.29533676326742997,0.2989099519394031,,,0.2931646781131224,0.29596157699402487,,,,,0.2907465861417344,0.29349211520462104,,,,,0.6229323096333522,0.007800340834094449,0.0,0.052950302787648264,0.2035636771574116,0.21540463440268254
external:yap4|-1|0|all,Yap hubs (4),2024,all,methanol,service,1.5,0.1,19981,3054,0.07160541107787825,0.0733401165182862,0.27376978840951666,0.2769295891788008,,,,,,,,,,,,,,,0.6229323096333522,0.007800340834094449,0.0,0.04234022321205145,0.1839048192944269,0.18482558430508983
external:yap4|-1|0|all,Yap hubs (4),2024,all,methanol,service,2.0,0.0,19981,3054,0.13570453266949492,0.13896636049428682,0.3568531477928307,0.3619541998810684,,,0.35522664517691716,0.3593244048669288,,,,,0.3522591445707058,0.35627604569516913,,,,,0.6229323096333522,0.007800340834094449,0.0,0.08488063660477453,0.2669779089581701,0.3046394074370652
external:yap4|-1|0|all,Yap hubs (4),2024,all,methanol,service,2.0,0.1,19981,3054,0.11820029777374519,0.12106751551021569,0.33377541737154576,0.33824615231767347,,,,,,,,,,,,,,,0.6229323096333522,0.007800340834094449,0.0,0.07156798959011061,0.24261176505785578,0.2720584555327561
external:yap4|-1|0|all,Yap hubs (4),2024,all,methanol,operating,1.0,0.0,19981,3054,0.06453990317347431,0.06583821050904924,0.24565847225279674,0.24786890466870914,0.24349109659451784,0.24566255777018184,0.24457677597343258,0.2465502380848084,0.24398647920690428,0.24599082774699882,0.4241023434788276,0.4395430116708891,0.24222937416918253,0.24416584317741347,0.24165590199630274,0.24362757599576942,0.4184775236453584,0.4335455981794365,0.6229323096333522,0.007800340834094449,0.0,0.03383214053350683,0.1405217563048016,0.13748060657624744
external:yap4|-1|0|all,Yap hubs (4),2024,all,methanol,operating,1.0,0.1,19981,3054,0.05322744267611756,0.05432194224867866,0.22689839371460951,0.22883920936861102,,,,,,,,,,,,,,,0.6229323096333522,0.007800340834094449,0.0,0.02877733847154797,0.12697642236538134,0.11606025724438217
external:yap4|-1|0|all,Yap hubs (4),2024,all,methanol,operating,1.5,0.0,19981,3054,0.11947037056673125,0.1219600723005969,0.32397689560644144,0.3276741650466667,0.3214325611354744,0.32515458050364193,0.3159031813401931,0.3191513959703168,0.3146758737837639,0.3179948583491919,0.507974567200313,0.5293388137260104,0.31276345838471364,0.3159496572192896,0.3115997215071309,0.31485502090220546,0.5021168151371187,0.5230734772355455,0.6229323096333522,0.007800340834094449,0.0,0.06641309243781593,0.20828362050945742,0.24258045142885742
external:yap4|-1|0|all,Yap hubs (4),2024,all,methanol,operating,1.5,0.1,19981,3054,0.10360929773264277,0.10572681499082341,0.3028420226941653,0.3060558069638647,,,,,,,,,,,,,,,0.6229323096333522,0.007800340834094449,0.0,0.05615334567839447,0.18940227782805114,0.2131024473249587
external:yap4|-1|0|all,Yap hubs (4),2024,all,methanol,operating,2.0,0.0,19981,3054,0.17883956445564936,0.18276591223747837,0.3828694975893784,0.388185262170037,0.38052845791849027,0.3858796675207348,0.37235810502247707,0.37703560095350236,0.3707329724777378,0.37560892182176586,0.5619082161324143,0.5889114928084886,0.36904332741613005,0.37362568886182934,0.36743157838152324,0.37221526724722337,0.5560767130878642,0.5827204271807086,0.6229323096333522,0.007800340834094449,0.0,0.10895350583053902,0.2739770911640994,0.32746108803363194
external:yap4|-1|0|all,Yap hubs (4),2024,all,methanol,operating,2.0,0.1,19981,3054,0.15542340105484018,0.15860720475323134,0.3613326521448306,0.36600707494664686,,,,,,,,,,,,,,,0.6229323096333522,0.007800340834094449,0.0,0.09063610429908413,0.24810310404556563,0.2955808017616736
external:yap4|-1|0|all,Yap hubs (4),2024,all,ammonia,service,1.0,0.0,19981,3054,0.02624158017551083,0.026938832109577742,0.17971398241366346,0.1814346452001408,,,,,,,,,,,,,,,0.6229323096333522,0.007800340834094449,0.0,0.01641559481507432,0.10909444831718787,0.07346979630649117
external:yap4|-1|0|all,Yap hubs (4),2024,all,ammonia,service,1.0,0.1,19981,3054,0.022228148021736158,0.02280421852437875,0.1641525405066412,0.16568492093867754,,,,,,,,,,,,,,,0.6229323096333522,0.007800340834094449,0.0,0.014263550372854211,0.09833051127751964,0.06045743456283469
external:yap4|-1|0|all,Yap hubs (4),2024,all,ammonia,service,1.5,0.0,19981,3054,0.05628428199769673,0.057785165173034565,0.25150087468432114,0.25427403621713707,,,,,,,,,,,,,,,0.6229323096333522,0.007800340834094449,0.0,0.03413242580451429,0.1640637999969521,0.15354586857514638
external:yap4|-1|0|all,Yap hubs (4),2024,all,ammonia,service,1.5,0.1,19981,3054,0.04450601530323714,0.04572685014062525,0.23137472210261356,0.2338265992624955,,,,,,,,,,,,,,,0.6229323096333522,0.007800340834094449,0.0,0.02777638756818978,0.1472492450621533,0.12697062209098645
external:yap4|-1|0|all,Yap hubs (4),2024,all,ammonia,service,2.0,0.0,19981,3054,0.10038874154674819,0.10280905614290095,0.3100092704805863,0.31390604271063466,,,,,,,,,,,,,,,0.6229323096333522,0.007800340834094449,0.0,0.05975676893048396,0.2177952495957666,0.23802612481857766
external:yap4|-1|0|all,Yap hubs (4),2024,all,ammonia,service,2.0,0.1,19981,3054,0.08133599518778901,0.0833622199415549,0.2881675542798696,0.29159493721882007,,,,,,,,,,,,,,,0.6229323096333522,0.007800340834094449,0.0,0.04889645162904759,0.19637385042069114,0.20484460237225363
external:yap4|-1|0|all,Yap hubs (4),2024,all,ammonia,operating,1.0,0.0,19981,3054,0.04155936828190348,0.04237670785534639,0.20776496728873553,0.20944088364381633,,,,,,,,,,,,,,,0.6229323096333522,0.007800340834094449,0.0,0.02342225113858165,0.1133559829225248,0.09654171462889745
external:yap4|-1|0|all,Yap hubs (4),2024,all,ammonia,operating,1.0,0.1,19981,3054,0.03290956666231552,0.03362643111750389,0.19054037973230484,0.19200832698063536,,,,,,,,,,,,,,,0.6229323096333522,0.007800340834094449,0.0,0.019118162254141435,0.10155944575589863,0.07967569190731194
external:yap4|-1|0|all,Yap hubs (4),2024,all,ammonia,operating,1.5,0.0,19981,3054,0.08787107124669447,0.0896245846444874,0.2809850145664134,0.2837796632212682,,,,,,,,,,,,,,,0.6229323096333522,0.007800340834094449,0.0,0.04659426455132376,0.16982708495978363,0.1835743956758921
external:yap4|-1|0|all,Yap hubs (4),2024,all,ammonia,operating,1.5,0.1,19981,3054,0.07418916561079439,0.07569574786635534,0.2609477815439852,0.26339743890963563,,,,,,,,,,,,,,,0.6229323096333522,0.007800340834094449,0.0,0.03883689505029778,0.15247216180794948,0.15599819828837397
external:yap4|-1|0|all,Yap hubs (4),2024,all,ammonia,operating,2.0,0.0,19981,3054,0.133332469017081,0.1360301438801751,0.3384259529158335,0.3424595394015639,,,,,,,,,,,,,,,0.6229323096333522,0.007800340834094449,0.0,0.07422050948400981,0.22254898291862993,0.2634002302187078
external:yap4|-1|0|all,Yap hubs (4),2024,all,ammonia,operating,2.0,0.1,19981,3054,0.11413498896557542,0.11644900198541215,0.31690842042563844,0.32043734575057553,,,,,,,,,,,,,,,0.6229323096333522,0.007800340834094449,0.0,0.06265952655022271,0.20190901266073408,0.23287122766628296
external:yap4|-1|0|all,Yap hubs (4),2024,container,methanol,service,1.0,0.0,2926,858,0.07269603181069129,0.07331183000382739,0.35211944154379754,0.3532240419409223,,,0.353791156118905,0.35509920239792225,,,,,0.3498035142835932,0.3510929236859907,,,,,0.7610879166106905,0.017913190489069176,0.0,0.06596035543403965,0.20105983705789413,0.2501708817498291
external:yap4|-1|0|all,Yap hubs (4),2024,container,methanol,service,1.0,0.1,2926,858,0.0600805120268671,0.0606073246420265,0.32308055689481285,0.32404459137331454,,,,,,,,,,,,,,,0.7610879166106905,0.017913190489069176,0.0,0.05570745044429255,0.18322108506384088,0.21872863978127136
external:yap4|-1|0|all,Yap hubs (4),2024,container,methanol,service,1.5,0.0,2926,858,0.1991740868206357,0.20115660424614634,0.46736997367066146,0.46923639635792824,,,0.462965677163039,0.46521978311227125,,,,,0.4576221919048957,0.4598441816399411,,,,,0.7610879166106905,0.017913190489069176,0.0001711580715328799,0.1599453178400547,0.2841136104280175,0.37218045112781956
external:yap4|-1|0|all,Yap hubs (4),2024,container,methanol,service,1.5,0.1,2926,858,0.16056866526248323,0.1617980852735777,0.4384943007898742,0.44014983826860515,,,,,,,,,,,,,,,0.7610879166106905,0.017913190489069176,0.0,0.1308954203691046,0.25812426840868086,0.34894053315105944
external:yap4|-1|0|all,Yap hubs (4),2024,container,methanol,service,2.0,0.0,2926,858,0.29416582230947064,0.297379982999564,0.5408970349475207,0.5434600492913351,,,0.5341636117592526,0.537491125430466,,,,,0.5279836345492264,0.5312637382298794,,,,,0.7610879166106905,0.017913190489069176,0.0006281058346997287,0.2303485987696514,0.3479567814900066,0.4299384825700615
external:yap4|-1|0|all,Yap hubs (4),2024,container,methanol,service,2.0,0.1,2926,858,0.2649021251822389,0.26767101306513763,0.5142609287352765,0.5165532461154381,,,,,,,,,,,,,,,0.7610879166106905,0.017913190489069176,0.0004876679974942474,0.21086807928913193,0.3240139787517661,0.41319207108680794
external:yap4|-1|0|all,Yap hubs (4),2024,container,methanol,operating,1.0,0.0,2926,858,0.16581459034134802,0.1673238768144235,0.4381475110863601,0.4395593123808722,0.4355260869168288,0.4368856865850788,0.4398919316330312,0.44194621347122764,0.43705979907722053,0.43912308055273863,0.5701377738933796,0.5796086114142407,0.4346409679932406,0.43666598068570833,0.43184543774450207,0.4338793218486062,0.5627874025484856,0.5720531702890863,0.7610879166106905,0.017913190489069176,0.0,0.13055365686944634,0.233686417070815,0.34210526315789475
external:yap4|-1|0|all,Yap hubs (4),2024,container,methanol,operating,1.0,0.1,2926,858,0.13351067830464813,0.13483578874907368,0.4090273994873615,0.41026684517843603,,,,,,,,,,,,,,,0.7610879166106905,0.017913190489069176,0.0,0.11073137388926863,0.2118347103530928,0.31408065618591935
external:yap4|-1|0|all,Yap hubs (4),2024,container,methanol,operating,1.5,0.0,2926,858,0.30165868806015333,0.3044703303048176,0.5431693907200916,0.5453702711379076,0.5404557701838825,0.5426804884682495,0.5344751450239882,0.5377224135258553,0.532211294285643,0.5356442068628852,0.6374651767295278,0.6509143082229315,0.5280205634926309,0.5312215653268801,0.5257871965436725,0.5291711974201788,0.6292444346377697,0.6424107917572847,0.7610879166106905,0.017913190489069176,0.0005857115026053834,0.23615857826384143,0.3251169058744637,0.4244702665755297
external:yap4|-1|0|all,Yap hubs (4),2024,container,methanol,operating,1.5,0.1,2926,858,0.26547534559056657,0.2682077449053532,0.5173709752864303,0.5193204575564274,,,,,,,,,,,,,,,0.7610879166106905,0.017913190489069176,0.00044517386175455854,0.20710868079289133,0.30304495040611434,0.4084073820915926
external:yap4|-1|0|all,Yap hubs (4),2024,container,methanol,operating,2.0,0.0,2926,858,0.4217104951984359,0.4260280532707182,0.6044300944159943,0.6074795473393227,0.6024880485291667,0.6055667617210053,0.5863312266992453,0.5911023942140896,0.5869841961328752,0.5920157749594336,0.6708430816405375,0.6891857310489583,0.5793100137569733,0.5840132022853457,0.579945624203678,0.5849055137365955,0.662235843997254,0.6802358584929717,0.7610879166106905,0.017913190489069176,0.030859175358672858,0.3202323991797676,0.39111006679923577,0.45727956254272045
external:yap4|-1|0|all,Yap hubs (4),2024,container,methanol,operating,2.0,0.1,2926,858,0.37716170208948446,0.38045858311963476,0.5839289872569988,0.5866434293225129,,,,,,,,,,,,,,,0.7610879166106905,0.017913190489069176,0.001337254643939245,0.28810663021189337,0.36147142105001273,0.44668489405331513
external:yap4|-1|0|all,Yap hubs (4),2024,container,ammonia,service,1.0,0.0,2926,858,0.04765753452886357,0.04814562690565249,0.29424469563695155,0.29508351645290976,,,,,,,,,,,,,,,0.7610879166106905,0.017913190489069176,0.0,0.04579630895420369,0.16334183776535172,0.1825017088174983
external:yap4|-1|0|all,Yap hubs (4),2024,container,ammonia,service,1.0,0.1,2926,858,0.04018854293157187,0.04051392950464128,0.2691981465779003,0.26992596597833673,,,,,,,,,,,,,,,0.7610879166106905,0.017913190489069176,0.0,0.03861927546138073,0.14556712741937064,0.1544771018455229
external:yap4|-1|0|all,Yap hubs (4),2024,container,ammonia,service,1.5,0.0,2926,858,0.12239804778198356,0.12346228926083623,0.40646947562720226,0.4078828152930348,,,,,,,,,,,,,,,0.7610879166106905,0.017913190489069176,0.0,0.10423786739576213,0.23787086902603594,0.3127136021872864
external:yap4|-1|0|all,Yap hubs (4),2024,container,ammonia,service,1.5,0.1,2926,858,0.09139205613753572,0.09223823444463486,0.3761304914893142,0.377367062340866,,,,,,,,,,,,,,,0.7610879166106905,0.017913190489069176,0.0,0.08099794941900205,0.21657121958550318,0.27648667122351334
external:yap4|-1|0|all,Yap hubs (4),2024,container,ammonia,service,2.0,0.0,2926,858,0.22866950410653838,0.23116505395732784,0.48577132208231866,0.48780845858955413,,,,,,,,,,,,,,,0.7610879166106905,0.017913190489069176,0.0003291064037860891,0.183526999316473,0.30197953614039064,0.3892686261107314
external:yap4|-1|0|all,Yap hubs (4),2024,container,ammonia,service,2.0,0.1,2926,858,0.18340135885333086,0.185037051881388,0.4580761514883787,0.4598692576351275,,,,,,,,,,,,,,,0.7610879166106905,0.017913190489069176,9.863860140444237e-05,0.14900888585099112,0.27576435245543096,0.3663704716336295
external:yap4|-1|0|all,Yap hubs (4),2024,container,ammonia,operating,1.0,0.0,2926,858,0.09998695126598615,0.10074562262226072,0.3776431467663582,0.3787159392965752,,,,,,,,,,,,,,,0.7610879166106905,0.017913190489069176,0.0,0.08578263841421736,0.19423824853522897,0.2792207792207792
external:yap4|-1|0|all,Yap hubs (4),2024,container,ammonia,operating,1.0,0.1,2926,858,0.07542737041231394,0.07618604176858851,0.348158380746037,0.34908812728727373,,,,,,,,,,,,,,,0.7610879166106905,0.017913190489069176,0.0,0.06869446343130553,0.17885630768822525,0.24504442925495556
external:yap4|-1|0|all,Yap hubs (4),2024,container,ammonia,operating,1.5,0.0,2926,858,0.22765450910610996,0.23002028778099004,0.48880693729078223,0.4905415063774527,,,,,,,,,,,,,,,0.7610879166106905,0.017913190489069176,0.0002455802593659853,0.17805878332194122,0.2764108345318023,0.3875598086124402
external:yap4|-1|0|all,Yap hubs (4),2024,container,ammonia,operating,1.5,0.1,2926,858,0.19246788919754895,0.1943725357492515,0.46078612605823505,0.46234331015685376,,,,,,,,,,,,,,,0.7610879166106905,0.017913190489069176,3.655510653622613e-05,0.151742993848257,0.252316555716665,0.3622693096377307
external:yap4|-1|0|all,Yap hubs (4),2024,container,ammonia,operating,2.0,0.0,2926,858,0.3323010938745301,0.33534192506565885,0.5597932524746069,0.5621644288585447,,,,,,,,,,,,,,,0.7610879166106905,0.017913190489069176,0.0006952052525351889,0.254272043745728,0.3375707034398323,0.43301435406698563
external:yap4|-1|0|all,Yap hubs (4),2024,container,ammonia,operating,2.0,0.1,2926,858,0.28991424762676077,0.29272588987142506,0.5346370504798291,0.5367430660803003,,,,,,,,,,,,,,,0.7610879166106905,0.017913190489069176,0.0005157142767333654,0.22727272727272727,0.3185087961102079,0.4193438140806562
external:yap4|-1|0|all,Yap hubs (4),2024,bulk,methanol,service,1.0,0.0,8019,1124,0.03282303480002225,0.034255653001528254,0.2322640259961889,0.23405243539011136,,,0.12342446370408469,0.12616872745420452,,,,,0.12320185106252635,0.12589527508366713,,,,,0.734132550514113,0.0034150344144952658,0.0,0.01770794363386956,0.1975703459321194,0.10275595460780645
external:yap4|-1|0|all,Yap hubs (4),2024,bulk,methanol,service,1.0,0.1,8019,1124,0.029024024283370857,0.03028189341041852,0.21224766266444145,0.2137864854393194,,,,,,,,,,,,,,,0.734132550514113,0.0034150344144952658,0.0,0.014340940266866192,0.17843729347995443,0.08068337697967327
external:yap4|-1|0|all,Yap hubs (4),2024,bulk,methanol,service,1.5,0.0,8019,1124,0.058880602025145404,0.0615885844884996,0.32544901834989637,0.32858286467344244,,,0.19322940022911966,0.197723502069153,,,,,0.19184579355295148,0.19623658965725413,,,,,0.734132550514113,0.0034150344144952658,0.0,0.03753585235066716,0.2929302313902462,0.2500311759571019
external:yap4|-1|0|all,Yap hubs (4),2024,bulk,methanol,service,1.5,0.1,8019,1124,0.049204107385904035,0.05154382086019854,0.298539223236666,0.3012049000692377,,,,,,,,,,,,,,,0.734132550514113,0.0034150344144952658,0.0,0.029928918817807706,0.26402171202970987,0.20414016710313007
external:yap4|-1|0|all,Yap hubs (4),2024,bulk,methanol,service,2.0,0.0,8019,1124,0.0991740001599741,0.10314205024272226,0.407749983010389,0.4124426229893949,,,0.27493842639764987,0.2814449099578787,,,,,0.27263915742179423,0.2789897572580974,,,,,0.734132550514113,0.0034150344144952658,0.0,0.06783888265369747,0.384719670394575,0.3777278962464148
external:yap4|-1|0|all,Yap hubs (4),2024,bulk,methanol,service,2.0,0.1,8019,1124,0.08134703820494338,0.0848236649935068,0.3761392399481272,0.38019600847061763,,,,,,,,,,,,,,,0.734132550514113,0.0034150344144952658,0.0,0.05424616535727647,0.34832756148475824,0.33071455293677515
external:yap4|-1|0|all,Yap hubs (4),2024,bulk,methanol,operating,1.0,0.0,8019,1124,0.039066326907322944,0.04100009145583322,0.2607431097831748,0.26277281982219614,0.2561293460104519,0.2581141263812449,0.1418469729387121,0.14482460119707122,0.14268803502310773,0.14575911253251517,0.526752299327042,0.5463506905465697,0.14126740448269712,0.14418719596250135,0.1420993734383435,0.14510981224765557,0.5215601181162635,0.5412783285508128,0.734132550514113,0.0034150344144952658,0.0,0.02244668911335578,0.22639345916900896,0.1475246290061105
external:yap4|-1|0|all,Yap hubs (4),2024,bulk,methanol,operating,1.0,0.1,8019,1124,0.03460002904798071,0.03621723542443433,0.23854493729565523,0.24031303382621075,,,,,,,,,,,,,,,0.734132550514113,0.0034150344144952658,0.0,0.019329093403167477,0.20388458530120807,0.11659807956104253
external:yap4|-1|0|all,Yap hubs (4),2024,bulk,methanol,operating,1.5,0.0,8019,1124,0.07537627433518196,0.07884105262676988,0.3630860475157115,0.36669844626890363,0.35782156083436956,0.36140494931517814,0.22928072991140808,0.23449877672658484,0.22748923484681777,0.23269327932429745,0.6473192734213516,0.6734814079835134,0.22728721902245091,0.2323802538067988,0.2257573644530347,0.23083681673666845,0.6414036385443787,0.6674858708279803,0.734132550514113,0.0034150344144952658,0.0,0.050505050505050504,0.3347653742056695,0.31238309016086796
external:yap4|-1|0|all,Yap hubs (4),2024,bulk,methanol,operating,1.5,0.1,8019,1124,0.06326202255713528,0.0661738630858313,0.33409581447525477,0.3371729798796503,,,,,,,,,,,,,,,0.734132550514113,0.0034150344144952658,0.0,0.04090285571767053,0.3023050465154442,0.26362389325352287
external:yap4|-1|0|all,Yap hubs (4),2024,bulk,methanol,operating,2.0,0.0,8019,1124,0.1350846049761359,0.14042004786157347,0.44936392007932435,0.45466291740849496,0.44423700905889396,0.4494809890456082,0.3224666074984235,0.3300583965685861,0.3169962615257295,0.3248187171245409,0.7205916372092936,0.7522420467711767,0.32062378780016937,0.3280232578664183,0.31516400423044055,0.3228362066703262,0.7158450718374769,0.747474923127217,0.734132550514113,0.0034150344144952658,0.0,0.10150891632373114,0.4392936655205215,0.44095273724903356
external:yap4|-1|0|all,Yap hubs (4),2024,bulk,methanol,operating,2.0,0.1,8019,1124,0.1101703165321165,0.11469438298196584,0.41686872477883313,0.421507941719514,,,,,,,,,,,,,,,0.734132550514113,0.0034150344144952658,0.0,0.07818930041152264,0.39876611205922435,0.39319117096894873
external:yap4|-1|0|all,Yap hubs (4),2024,bulk,ammonia,service,1.0,0.0,8019,1124,0.026404158707591358,0.02744965173129228,0.1928118581326282,0.19414083424476508,,,,,,,,,,,,,,,0.734132550514113,0.0034150344144952658,0.0,0.012719790497568275,0.15893448067465824,0.06310013717421124
external:yap4|-1|0|all,Yap hubs (4),2024,bulk,ammonia,service,1.0,0.1,8019,1124,0.022584816052002382,0.0235275760247358,0.17606190876722644,0.1772152758101922,,,,,,,,,,,,,,,0.734132550514113,0.0034150344144952658,0.0,0.011348048385085421,0.14322657479758522,0.048883900735752585
external:yap4|-1|0|all,Yap hubs (4),2024,bulk,ammonia,service,1.5,0.0,8019,1124,0.041630131123917155,0.043739602142131725,0.27209568578135374,0.27437414060423937,,,,,,,,,,,,,,,0.734132550514113,0.0034150344144952658,0.0,0.024192542711061228,0.23741891685695307,0.15987030801845617
external:yap4|-1|0|all,Yap hubs (4),2024,bulk,ammonia,service,1.5,0.1,8019,1124,0.03651432316611433,0.0382468162304523,0.24916375244322472,0.2511543959909687,,,,,,,,,,,,,,,0.734132550514113,0.0034150344144952658,0.0,0.020202020202020204,0.2142282107456232,0.1254520513779773
external:yap4|-1|0|all,Yap hubs (4),2024,bulk,ammonia,service,2.0,0.0,8019,1124,0.06667149505891207,0.06954955087936718,0.34442055971379404,0.3478941490741177,,,,,,,,,,,,,,,0.734132550514113,0.0034150344144952658,0.0,0.041900486344930786,0.3126975840723669,0.28208005985783763
external:yap4|-1|0|all,Yap hubs (4),2024,bulk,ammonia,service,2.0,0.1,8019,1124,0.05558482823617308,0.058206404910787275,0.31633523128817315,0.31930536160401923,,,,,,,,,,,,,,,0.734132550514113,0.0034150344144952658,0.0,0.034917071954108994,0.2830462600433767,0.2338196782641227
external:yap4|-1|0|all,Yap hubs (4),2024,bulk,ammonia,operating,1.0,0.0,8019,1124,0.029941414594247415,0.03129063486911186,0.21690939406708099,0.21842465866034422,,,,,,,,,,,,,,,0.734132550514113,0.0034150344144952658,0.0,0.016336201521386706,0.18322790741304926,0.09065968325227584
external:yap4|-1|0|all,Yap hubs (4),2024,bulk,ammonia,operating,1.0,0.1,8019,1124,0.026849805469120264,0.027938683180657977,0.19817769397673146,0.19948260274076426,,,,,,,,,,,,,,,0.734132550514113,0.0034150344144952658,0.0,0.013343309639605935,0.16519883060663296,0.0707070707070707
external:yap4|-1|0|all,Yap hubs (4),2024,bulk,ammonia,operating,1.5,0.0,8019,1124,0.05198907210707166,0.05441002216956789,0.3050926210071975,0.3077149817470692,,,,,,,,,,,,,,,0.734132550514113,0.0034150344144952658,0.0,0.032173587729143284,0.2721865425524797,0.2189799226836264
external:yap4|-1|0|all,Yap hubs (4),2024,bulk,ammonia,operating,1.5,0.1,8019,1124,0.04338706457655906,0.045616233198194175,0.2795207818682138,0.28178124410517946,,,,,,,,,,,,,,,0.734132550514113,0.0034150344144952658,0.0,0.02543958099513655,0.24594838494684082,0.17570769422621274
external:yap4|-1|0|all,Yap hubs (4),2024,bulk,ammonia,operating,2.0,0.0,8019,1124,0.08674743465012065,0.09028225761637716,0.3834439430448268,0.3874301634182435,,,,,,,,,,,,,,,0.734132550514113,0.0034150344144952658,0.0,0.0582366878663175,0.3575848149915201,0.34580371617408656
external:yap4|-1|0|all,Yap hubs (4),2024,bulk,ammonia,operating,2.0,0.1,8019,1124,0.07103389434877559,0.07437882469348159,0.353330040558113,0.35676483486295024,,,,,,,,,,,,,,,0.734132550514113,0.0034150344144952658,0.0,0.04688863948123207,0.3234663660300259,0.29704451926674147
external:yap4|-1|0|all,Yap hubs (4),2024,tanker,methanol,service,1.0,0.0,5577,211,0.014358577100503499,0.015896380532675336,0.11584597530997083,0.12054021000657418,,,0.16506289780653424,0.1673326341093159,,,,,0.16643298759892997,0.16866247456867597,,,,,0.48831072527089137,0.0044767387070101345,0.0,0.013986013986013986,0.043570626611576596,0.06688183611260534
external:yap4|-1|0|all,Yap hubs (4),2024,tanker,methanol,service,1.0,0.1,5577,211,0.012767309698962436,0.014069755354689448,0.10547926047188609,0.10971598611192378,,,,,,,,,,,,,,,0.48831072527089137,0.0044767387070101345,0.0,0.012013627398242783,0.03604938469177047,0.057019903173749324
external:yap4|-1|0|all,Yap hubs (4),2024,tanker,methanol,service,1.5,0.0,5577,211,0.028254787053848374,0.03108775641298159,0.1637836345836488,0.17080228909863773,,,0.22424110497216415,0.2276303081383496,,,,,0.22560719532204418,0.2289430116021891,,,,,0.48831072527089137,0.0044767387070101345,0.0,0.03317195624887932,0.08148587847729713,0.12443966290120136
external:yap4|-1|0|all,Yap hubs (4),2024,tanker,methanol,service,1.5,0.1,5577,211,0.023776509757657705,0.02633888361309221,0.1499734897411898,0.15631049570639946,,,,,,,,,,,,,,,0.48831072527089137,0.0044767387070101345,0.0,0.02510310202617895,0.07185055365648875,0.10650887573964497
external:yap4|-1|0|all,Yap hubs (4),2024,tanker,methanol,service,2.0,0.0,5577,211,0.045485462903940954,0.049511954725173495,0.2069279031373613,0.21674582386648567,,,0.27988604625368785,0.28464668011011524,,,,,0.2811140426482681,0.28578649842374865,,,,,0.48831072527089137,0.0044767387070101345,0.0,0.05056481979558903,0.12458549526314318,0.19150080688542226
external:yap4|-1|0|all,Yap hubs (4),2024,tanker,methanol,service,2.0,0.1,5577,211,0.0379517665279721,0.04157335625165379,0.19045826162691515,0.19909621651835377,,,,,,,,,,,,,,,0.48831072527089137,0.0044767387070101345,0.0,0.04249596557288865,0.10585754069216105,0.16765285996055226
external:yap4|-1|0|all,Yap hubs (4),2024,tanker,methanol,operating,1.0,0.0,5577,211,0.012542739705482614,0.013684751976612407,0.10955882133925562,0.11374303395031717,0.10969079846661901,0.11387647184587614,0.15277783155468525,0.15508941605268892,0.15375956172354374,0.15609226952868205,0.3283923906102597,0.3486101578944647,0.1539762593511792,0.15624493284831728,0.1549512122135145,0.1572573348778884,0.32540279467309835,0.34495975503706183,0.48831072527089137,0.0044767387070101345,0.0,0.011117088040164964,0.03614013359783129,0.055944055944055944
external:yap4|-1|0|all,Yap hubs (4),2024,tanker,methanol,operating,1.0,0.1,5577,211,0.010943100841554882,0.01186512528284059,0.09965822732992263,0.1033434438624964,,,,,,,,,,,,,,,0.48831072527089137,0.0044767387070101345,0.0,0.009861932938856016,0.029938115248909776,0.046261430876815494
external:yap4|-1|0|all,Yap hubs (4),2024,tanker,methanol,operating,1.5,0.0,5577,211,0.024172853436476405,0.026556362442631782,0.15612423971304817,0.16303068497821294,0.15605436911865636,0.16312215119312565,0.21004028817742726,0.21360571857900684,0.2108927946245677,0.2144565140658951,0.42671661559374485,0.45355146757758996,0.2112887431725015,0.2147963160602953,0.21208642349776322,0.21559232882986923,0.42411512153072484,0.4504725426392939,0.48831072527089137,0.0044767387070101345,0.0,0.02420656266810113,0.07465968554178752,0.10722610722610723
external:yap4|-1|0|all,Yap hubs (4),2024,tanker,methanol,operating,1.5,0.1,5577,211,0.019995791503519704,0.0216965108165215,0.1426134868277197,0.1486527508666231,,,,,,,,,,,,,,,0.48831072527089137,0.0044767387070101345,0.0,0.018827326519634213,0.06237212348909429,0.09180563026716873
external:yap4|-1|0|all,Yap hubs (4),2024,tanker,methanol,operating,2.0,0.0,5577,211,0.0396217959077694,0.043542155910633144,0.1983392883853306,0.20815347749859828,0.19801870627816556,0.20812036398246067,0.26306766713212915,0.2678574924124062,0.2623261752014844,0.26722642782633815,0.5005074209029873,0.5336883170097171,0.2641593613153252,0.26886026797083945,0.263474551599313,0.2682830842188491,0.4977455961807197,0.5307118567871588,0.48831072527089137,0.0044767387070101345,0.0,0.04339250493096647,0.11492742289407004,0.16980455441993902
external:yap4|-1|0|all,Yap hubs (4),2024,tanker,methanol,operating,2.0,0.1,5577,211,0.03295847338135579,0.03610260727361815,0.18209016733221903,0.19075800775946064,,,,,,,,,,,,,,,0.48831072527089137,0.0044767387070101345,0.0,0.03550295857988166,0.09878419860875018,0.14631522323830015
external:yap4|-1|0|all,Yap hubs (4),2024,tanker,ammonia,service,1.0,0.0,5577,211,0.010814112189902685,0.011778900733886726,0.09549671663284476,0.09917737016033122,,,,,,,,,,,,,,,0.48831072527089137,0.0044767387070101345,0.0,0.009682625067240451,0.028451882258106045,0.04805450959297113
external:yap4|-1|0|all,Yap hubs (4),2024,tanker,ammonia,service,1.0,0.1,5577,211,0.009150623905521042,0.009941763395072295,0.08687713559530323,0.09022544824369752,,,,,,,,,,,,,,,0.48831072527089137,0.0044767387070101345,0.0,0.008427469965931505,0.021023785542268695,0.04285458131611978
external:yap4|-1|0|all,Yap hubs (4),2024,tanker,ammonia,service,1.5,0.0,5577,211,0.019872626766218163,0.02194830935048263,0.1364743946225253,0.14216759896692,,,,,,,,,,,,,,,0.48831072527089137,0.0044767387070101345,0.0,0.02097902097902098,0.06046195461647749,0.08857808857808858
external:yap4|-1|0|all,Yap hubs (4),2024,tanker,ammonia,service,1.5,0.1,5577,211,0.016892574126034062,0.01859927863389726,0.12465175172991415,0.1297369702755523,,,,,,,,,,,,,,,0.48831072527089137,0.0044767387070101345,0.0,0.017572171418325264,0.050377537765784006,0.07387484310561233
external:yap4|-1|0|all,Yap hubs (4),2024,tanker,ammonia,service,2.0,0.0,5577,211,0.03135826764164791,0.03434073433403929,0.1738075022589214,0.18137083061352335,,,,,,,,,,,,,,,0.48831072527089137,0.0044767387070101345,0.0,0.03657880580957504,0.09032825603506635,0.14057737134660211
external:yap4|-1|0|all,Yap hubs (4),2024,tanker,ammonia,service,2.0,0.1,5577,211,0.026684115121672243,0.029517084480805464,0.15904306848708047,0.16582450766544846,,,,,,,,,,,,,,,0.48831072527089137,0.0044767387070101345,0.0,0.03012372243141474,0.07835612361392519,0.11816388739465662
external:yap4|-1|0|all,Yap hubs (4),2024,tanker,ammonia,operating,1.0,0.0,5577,211,0.009432704952410805,0.010211696454734506,0.09001252539113981,0.09322525719403232,,,,,,,,,,,,,,,0.48831072527089137,0.0044767387070101345,0.0,0.008786085709162632,0.023625096252237385,0.04016496324188632
external:yap4|-1|0|all,Yap hubs (4),2024,tanker,ammonia,operating,1.0,0.1,5577,211,0.008401955288404702,0.009081698981519542,0.08170686703425531,0.08456616530909897,,,,,,,,,,,,,,,0.48831072527089137,0.0044767387070101345,0.0,0.0077102384794692485,0.016620124529187347,0.03353057199211045
external:yap4|-1|0|all,Yap hubs (4),2024,tanker,ammonia,operating,1.5,0.0,5577,211,0.016482890148224426,0.01782794022468558,0.12940856969765213,0.13467429996531213,,,,,,,,,,,,,,,0.48831072527089137,0.0044767387070101345,0.0,0.014703245472476242,0.053182517245884325,0.07548861395015241
external:yap4|-1|0|all,Yap hubs (4),2024,tanker,ammonia,operating,1.5,0.1,5577,211,0.013939669085055121,0.015108871651220188,0.11791021708345727,0.12252114098209993,,,,,,,,,,,,,,,0.48831072527089137,0.0044767387070101345,0.0,0.012730858884705038,0.044354929091551074,0.06329567868029407
external:yap4|-1|0|all,Yap hubs (4),2024,tanker,ammonia,operating,2.0,0.0,5577,211,0.02794500389873024,0.030674339792343908,0.1657953221025865,0.1732880741797382,,,,,,,,,,,,,,,0.48831072527089137,0.0044767387070101345,0.0,0.027434104357181282,0.08302904890820394,0.12013627398242784
external:yap4|-1|0|all,Yap hubs (4),2024,tanker,ammonia,operating,2.0,0.1,5577,211,0.02281174436246882,0.02470019950441948,0.1515873962708063,0.158190869985598,,,,,,,,,,,,,,,0.48831072527089137,0.0044767387070101345,0.0,0.0218755603370988,0.06978317285435753,0.10166756320602474
external:yap4|-1|0|all,Yap hubs (4),2024,gas,methanol,service,1.0,0.0,1035,146,0.007041151034771469,0.00705802523415104,0.029251523911130117,0.029701785478382994,,,0.07649904463708491,0.07661719545801526,,,,,0.07975034534179651,0.07986520139331403,,,,,0.1690566253520042,0.0037949453949841588,0.0,0.017391304347826087,0.0,0.03671497584541063
external:yap4|-1|0|all,Yap hubs (4),2024,gas,methanol,service,1.0,0.1,1035,146,0.006633754458098577,0.006633754458098577,0.02693267013320295,0.027296975571111916,,,,,,,,,,,,,,,0.1690566253520042,0.0037949453949841588,0.0,0.01642512077294686,0.0,0.03285024154589372
external:yap4|-1|0|all,Yap hubs (4),2024,gas,methanol,service,1.5,0.0,1035,146,0.010308250632319852,0.010325124831699423,0.03976059738490392,0.04072635677521203,,,0.0918230331126722,0.09235300172434042,,,,,0.09556198818212887,0.09607717801902657,,,,,0.1690566253520042,0.0037949453949841588,0.0,0.022222222222222223,0.0,0.051207729468599035
external:yap4|-1|0|all,Yap hubs (4),2024,gas,methanol,service,1.5,0.1,1035,146,0.009552014129842086,0.009568888329221656,0.03678744527174182,0.037594165555124445,,,,,,,,,,,,,,,0.1690566253520042,0.0037949453949841588,0.0,0.021256038647342997,0.0,0.04927536231884058
external:yap4|-1|0|all,Yap hubs (4),2024,gas,methanol,service,2.0,0.0,1035,146,0.012828875904839972,0.012903440623192534,0.04912360277960789,0.05067557141907666,,,0.10391223666487041,0.1049071387765216,,,,,0.10787732127622597,0.10884447941605868,,,,,0.1690566253520042,0.0037949453949841588,0.0,0.02995169082125604,0.0,0.07536231884057971
external:yap4|-1|0|all,Yap hubs (4),2024,gas,methanol,service,2.0,0.1,1035,146,0.011687802258833499,0.011762366977186061,0.04551637061507733,0.046809004810532885,,,,,,,,,,,,,,,0.1690566253520042,0.0037949453949841588,0.0,0.024154589371980676,0.0,0.0647342995169082
external:yap4|-1|0|all,Yap hubs (4),2024,gas,methanol,operating,1.0,0.0,1035,146,0.007221638400770924,0.007238512600150494,0.0283526316100491,0.02863503056487776,0.02777998679816534,0.028070500684806255,0.07370310853788532,0.07370310853788532,0.07201052979396814,0.07201052979396814,0.10230188299703745,0.12511896413610657,0.07698135641667725,0.07698135641667725,0.07534137853377389,0.07534137853377389,0.10434015921770652,0.12618721185782655,0.1690566253520042,0.0037949453949841588,0.0,0.014492753623188406,0.0,0.03285024154589372
external:yap4|-1|0|all,Yap hubs (4),2024,gas,methanol,operating,1.0,0.1,1035,146,0.006580374378684572,0.006597248578064143,0.026165915720111312,0.026420724472451102,,,,,,,,,,,,,,,0.1690566253520042,0.0037949453949841588,0.0,0.012560386473429951,0.0,0.02995169082125604
external:yap4|-1|0|all,Yap hubs (4),2024,gas,methanol,operating,1.5,0.0,1035,146,0.009692514319914882,0.009709388519294452,0.03857538924691224,0.039091064989004894,0.037964874812116606,0.03843209147842275,0.08837078679288576,0.08846853521924172,0.08669066281057419,0.08682993101400661,0.12695977394149746,0.16053553153591554,0.0920445743957236,0.09213959699653916,0.09052634075976498,0.09066172531166428,0.1294566070537778,0.16176174880717495,0.1690566253520042,0.0037949453949841588,0.0,0.024154589371980676,0.0,0.051207729468599035
external:yap4|-1|0|all,Yap hubs (4),2024,gas,methanol,operating,1.5,0.1,1035,146,0.00853420626194406,0.00855108046132363,0.03567644473678545,0.03610442577280938,,,,,,,,,,,,,,,0.1690566253520042,0.0037949453949841588,0.0,0.022222222222222223,0.0,0.04734299516908213
external:yap4|-1|0|all,Yap hubs (4),2024,gas,methanol,operating,2.0,0.0,1035,146,0.012905567750027285,0.012980132468379849,0.04770162374865199,0.04867276657799343,0.04734232059106469,0.048160055280355524,0.10052424305097325,0.10093972235010303,0.09852734368766271,0.0990502889848153,0.1450145096287873,0.18581286875025904,0.10470959273701626,0.10511348592548127,0.10273196497121968,0.10324032734667889,0.14777379957139158,0.18730913246178763,0.1690566253520042,0.0037949453949841588,0.0,0.02608695652173913,0.0,0.07342995169082125
external:yap4|-1|0|all,Yap hubs (4),2024,gas,methanol,operating,2.0,0.1,1035,146,0.011181289661803939,0.011198163861183509,0.04407045866685239,0.04485579514289881,,,,,,,,,,,,,,,0.1690566253520042,0.0037949453949841588,0.0,0.024154589371980676,0.0,0.0647342995169082
external:yap4|-1|0|all,Yap hubs (4),2024,gas,ammonia,service,1.0,0.0,1035,146,0.005959210259503992,0.005959210259503992,0.024728343503013433,0.025028605827409973,,,,,,,,,,,,,,,0.1690566253520042,0.0037949453949841588,0.0,0.014492753623188406,0.0,0.028985507246376812
external:yap4|-1|0|all,Yap hubs (4),2024,gas,ammonia,service,1.0,0.1,1035,146,0.005563264502809904,0.005563264502809904,0.022847649567200354,0.023084516150139216,,,,,,,,,,,,,,,0.1690566253520042,0.0037949453949841588,0.0,0.011594202898550725,0.0,0.02608695652173913
external:yap4|-1|0|all,Yap hubs (4),2024,gas,ammonia,service,1.5,0.0,1035,146,0.008213158934262681,0.008230033133642251,0.03385175603855633,0.03450218237657418,,,,,,,,,,,,,,,0.1690566253520042,0.0037949453949841588,0.0,0.018357487922705314,0.0,0.043478260869565216
external:yap4|-1|0|all,Yap hubs (4),2024,gas,ammonia,service,1.5,0.1,1035,146,0.007478099075433951,0.007494973274813521,0.03127058684422831,0.03180345766918881,,,,,,,,,,,,,,,0.1690566253520042,0.0037949453949841588,0.0,0.017391304347826087,0.0,0.04057971014492753
external:yap4|-1|0|all,Yap hubs (4),2024,gas,ammonia,service,2.0,0.0,1035,146,0.01089518597353398,0.010969750691886543,0.04192559490117419,0.04302032400332388,,,,,,,,,,,,,,,0.1690566253520042,0.0037949453949841588,0.0,0.022222222222222223,0.0,0.05603864734299517
external:yap4|-1|0|all,Yap hubs (4),2024,gas,ammonia,service,2.0,0.1,1035,146,0.010177864463533543,0.010194738662913113,0.038773276952162025,0.039673752581862294,,,,,,,,,,,,,,,0.1690566253520042,0.0037949453949841588,0.0,0.022222222222222223,0.0,0.050241545893719805
external:yap4|-1|0|all,Yap hubs (4),2024,gas,ammonia,operating,1.0,0.0,1035,146,0.005840333048636143,0.005857207248015714,0.024054617965316893,0.024272130122150865,,,,,,,,,,,,,,,0.1690566253520042,0.0037949453949841588,0.0,0.010628019323671498,0.0,0.02995169082125604
external:yap4|-1|0|all,Yap hubs (4),2024,gas,ammonia,operating,1.0,0.1,1035,146,0.002767705089171378,0.002767705089171378,0.022043144351492683,0.02222852004626088,,,,,,,,,,,,,,,0.1690566253520042,0.0037949453949841588,0.0,0.008695652173913044,0.0,0.02608695652173913
external:yap4|-1|0|all,Yap hubs (4),2024,gas,ammonia,operating,1.5,0.0,1035,146,0.0076853428346351366,0.007702217034014707,0.032817101471314516,0.033190952444070235,,,,,,,,,,,,,,,0.1690566253520042,0.0037949453949841588,0.0,0.018357487922705314,0.0,0.03864734299516908
external:yap4|-1|0|all,Yap hubs (4),2024,gas,ammonia,operating,1.5,0.1,1035,146,0.007417379635096238,0.007434253834475808,0.030214921453472373,0.030553598385288542,,,,,,,,,,,,,,,0.1690566253520042,0.0037949453949841588,0.0,0.01642512077294686,0.0,0.035748792270531404
external:yap4|-1|0|all,Yap hubs (4),2024,gas,ammonia,operating,2.0,0.0,1035,146,0.010054429976261468,0.010071304175641038,0.04060279128990033,0.041214058645430124,,,,,,,,,,,,,,,0.1690566253520042,0.0037949453949841588,0.0,0.024154589371980676,0.0,0.05507246376811594
external:yap4|-1|0|all,Yap hubs (4),2024,gas,ammonia,operating,2.0,0.1,1035,146,0.00890313437556366,0.00892000857494323,0.03760120306866498,0.038084677980120885,,,,,,,,,,,,,,,0.1690566253520042,0.0037949453949841588,0.0,0.02318840579710145,0.0,0.04927536231884058
external:yap4|-1|0|all,Yap hubs (4),2024,general,methanol,service,1.0,0.0,1886,557,0.02501318811070864,0.025962231325121522,0.17663590952928412,0.17997999911013735,,,0.15734645612488501,0.15919908543437616,,,,,0.15597852542855684,0.15774904657273434,,,,,0.6405657923715471,0.0035290072101994566,0.0,0.01166489925768823,0.08742502778537739,0.08006362672322376
external:yap4|-1|0|all,Yap hubs (4),2024,general,methanol,service,1.0,0.1,1886,557,0.021362496213631996,0.021803783095918086,0.16140983729760422,0.1644472155330321,,,,,,,,,,,,,,,0.6405657923715471,0.0035290072101994566,0.0,0.008483563096500531,0.07925624049969263,0.06203605514316013
external:yap4|-1|0|all,Yap hubs (4),2024,general,methanol,service,1.5,0.0,1886,557,0.05195180103576443,0.05390722569153074,0.24768386530355174,0.2529764544497178,,,0.21226967642625816,0.2156782851054868,,,,,0.2105115155909831,0.2137690554063598,,,,,0.6405657923715471,0.0035290072101994566,0.0,0.026511134676564158,0.1343970685734024,0.16436903499469777
external:yap4|-1|0|all,Yap hubs (4),2024,general,methanol,service,1.5,0.1,1886,557,0.042066634017612514,0.04360078324996008,0.2272193737721967,0.23189854082034037,,,,,,,,,,,,,,,0.6405657923715471,0.0035290072101994566,0.0,0.019088016967126194,0.121008501625083,0.1352067868504772
external:yap4|-1|0|all,Yap hubs (4),2024,general,methanol,service,2.0,0.0,1886,557,0.08732181356946604,0.09016738621629292,0.3078251830413019,0.31545199196259244,,,0.2697115860204041,0.2750257129318148,,,,,0.26749726707441623,0.2725758729300472,,,,,0.6405657923715471,0.0035290072101994566,0.0,0.051961823966065745,0.17751901189121588,0.23806998939554613
external:yap4|-1|0|all,Yap hubs (4),2024,general,methanol,service,2.0,0.1,1886,557,0.06935855723169682,0.07153483320418857,0.28486395468071024,0.2915904431204704,,,,,,,,,,,,,,,0.6405657923715471,0.0035290072101994566,0.0,0.037645811240721104,0.1594474588067894,0.20572640509013787
external:yap4|-1|0|all,Yap hubs (4),2024,general,methanol,operating,1.0,0.0,1886,557,0.027804065134083487,0.02843105327657834,0.18262789577008282,0.18545534223988824,0.1815687820294142,0.18415974464723817,0.15824073043263695,0.1600134955093224,0.158558123434731,0.16035869126356253,0.31748289697324866,0.3295410482857448,0.1567659275370934,0.15846012401549905,0.15704433978150698,0.15876510679957148,0.30848313747287076,0.3197758207051612,0.6405657923715471,0.0035290072101994566,0.0,0.013255567338282079,0.08222202331243655,0.088016967126193
external:yap4|-1|0|all,Yap hubs (4),2024,general,methanol,operating,1.0,0.1,1886,557,0.022607565916881275,0.023075019744540928,0.1668930818642556,0.16937226608843936,,,,,,,,,,,,,,,0.6405657923715471,0.0035290072101994566,0.0,0.01007423117709438,0.0736161221415199,0.07370095440084835
external:yap4|-1|0|all,Yap hubs (4),2024,general,methanol,operating,1.5,0.0,1886,557,0.05596190131017019,0.05773928302562597,0.254648342594783,0.25954518684806055,0.2523645734257505,0.2571109886890105,0.21325334684660563,0.216849434748845,0.21231196526999066,0.2159023807750047,0.400589256873987,0.4193834203820245,0.21084341324096137,0.2142801232371907,0.21002518679950602,0.2134564757980354,0.3914054955658157,0.4092302254263558,0.6405657923715471,0.0035290072101994566,0.0,0.02545068928950159,0.1260528926741057,0.17550371155885472
external:yap4|-1|0|all,Yap hubs (4),2024,general,methanol,operating,1.5,0.1,1886,557,0.04757866797292437,0.04925868904375632,0.23428674868662594,0.23857581772022488,,,,,,,,,,,,,,,0.6405657923715471,0.0035290072101994566,0.0,0.021739130434782608,0.11340240680097788,0.15323435843054084
external:yap4|-1|0|all,Yap hubs (4),2024,general,methanol,operating,2.0,0.0,1886,557,0.09815669507471327,0.10120683975669223,0.314292647884576,0.32157205365429437,0.3115020693929021,0.3185626558547336,0.2707131045076551,0.2762692085490148,0.2682724287962488,0.27417046636107195,0.4625332624169831,0.48750785967820387,0.26806848385258497,0.27337834245952847,0.2658647564508812,0.2715013941550211,0.45229063858848406,0.4759668100170814,0.6405657923715471,0.0035290072101994566,0.0,0.0630965005302227,0.17271661207912925,0.24708377518557795
external:yap4|-1|0|all,Yap hubs (4),2024,general,methanol,operating,2.0,0.1,1886,557,0.07813562213553539,0.08065244078682794,0.2918143625141472,0.2980437431444685,,,,,,,,,,,,,,,0.6405657923715471,0.0035290072101994566,0.0,0.04559915164369035,0.15352124580279375,0.2168610816542948
external:yap4|-1|0|all,Yap hubs (4),2024,general,ammonia,service,1.0,0.0,1886,557,0.01904606835908475,0.01939469430830699,0.1466774564613298,0.14928515686165,,,,,,,,,,,,,,,0.6405657923715471,0.0035290072101994566,0.0,0.007423117709437964,0.0691682039189226,0.04878048780487805
external:yap4|-1|0|all,Yap hubs (4),2024,general,ammonia,service,1.0,0.1,1886,557,0.016947575601635637,0.017239139905672742,0.1339817446731527,0.13624632174948406,,,,,,,,,,,,,,,0.6405657923715471,0.0035290072101994566,0.0,0.007423117709437964,0.061988324659772616,0.036055143160127257
external:yap4|-1|0|all,Yap hubs (4),2024,general,ammonia,service,1.5,0.0,1886,557,0.03323350698675959,0.03476765621910715,0.20715872317087247,0.21127389580375822,,,,,,,,,,,,,,,0.6405657923715471,0.0035290072101994566,0.0,0.014316012725344645,0.10665609913135066,0.11558854718981973
external:yap4|-1|0|all,Yap hubs (4),2024,general,ammonia,service,1.5,0.1,1886,557,0.02797671796030412,0.02930724725917191,0.18957560696485226,0.1932256690106275,,,,,,,,,,,,,,,0.6405657923715471,0.0035290072101994566,0.0,0.012195121951219513,0.09471885741426062,0.09650053022269353
external:yap4|-1|0|all,Yap hubs (4),2024,general,ammonia,service,2.0,0.0,1886,557,0.05790559574589313,0.05993634864530673,0.26171032130720245,0.2675602039444643,,,,,,,,,,,,,,,0.6405657923715471,0.0035290072101994566,0.0,0.030752916224814422,0.14320116223089924,0.18133616118769882
external:yap4|-1|0|all,Yap hubs (4),2024,general,ammonia,service,2.0,0.1,1886,557,0.046783495182694604,0.04855953339472572,0.24086085189663495,0.24593235409500752,,,,,,,,,,,,,,,0.6405657923715471,0.0035290072101994566,0.0,0.022269353128313893,0.13174369127001037,0.15270413573700956
external:yap4|-1|0|all,Yap hubs (4),2024,general,ammonia,operating,1.0,0.0,1886,557,0.019201729330413017,0.01957687368192912,0.15152772391415903,0.1535175454900172,,,,,,,,,,,,,,,0.6405657923715471,0.0035290072101994566,0.0,0.009013785790031814,0.06606897869178618,0.05143160127253447
external:yap4|-1|0|all,Yap hubs (4),2024,general,ammonia,operating,1.0,0.1,1886,557,0.016559499255833263,0.016934643607349364,0.13841641763057738,0.14009931147970373,,,,,,,,,,,,,,,0.6405657923715471,0.0035290072101994566,0.0,0.007423117709437964,0.05798314015671116,0.03711558854718982
external:yap4|-1|0|all,Yap hubs (4),2024,general,ammonia,operating,1.5,0.0,1886,557,0.03758190067357864,0.03874825009901633,0.21379322279561824,0.21750399590583785,,,,,,,,,,,,,,,0.6405657923715471,0.0035290072101994566,0.0,0.01855779427359491,0.09915664201745375,0.12725344644750794
external:yap4|-1|0|all,Yap hubs (4),2024,general,ammonia,operating,1.5,0.1,1886,557,0.031804059275489974,0.03254725706105102,0.19592634477664117,0.19915662411591248,,,,,,,,,,,,,,,0.6405657923715471,0.0035290072101994566,0.0,0.014316012725344645,0.09023963528286277,0.10498409331919406
external:yap4|-1|0|all,Yap hubs (4),2024,general,ammonia,operating,2.0,0.0,1886,557,0.06625854028415928,0.06835641442676779,0.26884485659603535,0.2742094007377877,,,,,,,,,,,,,,,0.6405657923715471,0.0035290072101994566,0.0,0.0344644750795334,0.13619998304222355,0.19300106044538706
external:yap4|-1|0|all,Yap hubs (4),2024,general,ammonia,operating,2.0,0.1,1886,557,0.05299343454654512,0.0547708162620009,0.24778477612556557,0.25246227334817434,,,,,,,,,,,,,,,0.6405657923715471,0.0035290072101994566,0.0,0.02332979851537646,0.1218602280229559,0.1670201484623542
external:yap4|-1|0|all,Yap hubs (4),2024,roro,methanol,service,1.0,0.0,538,158,0.0409352562650612,0.041088670369221786,0.25957051238660184,0.2610693700196226,,,0.30354153359826286,0.304035387628131,,,,,0.3009200889164607,0.30140690469971687,,,,,0.7985999366680832,0.0020127173932264716,0.0,0.027881040892193308,0.2014023959980168,0.13568773234200743
external:yap4|-1|0|all,Yap hubs (4),2024,roro,methanol,service,1.0,0.1,538,158,0.03245171137676886,0.03260512548092945,0.23669215780501274,0.23806744553005138,,,,,,,,,,,,,,,0.7985999366680832,0.0020127173932264716,0.0,0.020446096654275093,0.18287930299039973,0.10966542750929369
external:yap4|-1|0|all,Yap hubs (4),2024,roro,methanol,service,1.5,0.0,538,158,0.10268065844928129,0.10381072374433752,0.35920697170658544,0.36144821834149304,,,0.40371159630934367,0.40467600487618355,,,,,0.4003289072246064,0.40127957135499837,,,,,0.7985999366680832,0.0020127173932264716,0.0,0.05762081784386617,0.2903956736408068,0.2843866171003718
external:yap4|-1|0|all,Yap hubs (4),2024,roro,methanol,service,1.5,0.1,538,158,0.07907555830631939,0.0794859657112095,0.331975209402456,0.33397984542545545,,,,,,,,,,,,,,,0.7985999366680832,0.0020127173932264716,0.0,0.046468401486988845,0.2667899656196957,0.25092936802973975
external:yap4|-1|0|all,Yap hubs (4),2024,roro,methanol,service,2.0,0.0,538,158,0.18221775399218937,0.18445062041624183,0.4331822869973897,0.43630260935140425,,,0.4906848116640017,0.49256289989456836,,,,,0.4866817093840677,0.4885330317135254,,,,,0.7985999366680832,0.0020127173932264716,0.00029361959391576933,0.12453531598513011,0.363805354248696,0.38104089219330856
external:yap4|-1|0|all,Yap hubs (4),2024,roro,methanol,service,2.0,0.1,538,158,0.14868060561511298,0.1509134720391654,0.40629640920962,0.4090217447290098,,,,,,,,,,,,,,,0.7985999366680832,0.0020127173932264716,0.0,0.08364312267657993,0.33605300760737145,0.34386617100371747
external:yap4|-1|0|all,Yap hubs (4),2024,roro,methanol,operating,1.0,0.0,538,158,0.028378913004096402,0.02853232710825699,0.2205553257786783,0.22168461021897506,0.2195809488606871,0.22063803300193408,0.2660886307494623,0.2663353718557425,0.26784515679476995,0.2682128763069364,0.5009480590471972,0.5037867445915156,0.2637703468229571,0.2640135714554408,0.2654446838820782,0.2658071627756528,0.4945276060128666,0.49732583553566256,0.7985999366680832,0.0020127173932264716,0.0,0.022304832713754646,0.17376821488360467,0.09479553903345725
external:yap4|-1|0|all,Yap hubs (4),2024,roro,methanol,operating,1.0,0.1,538,158,0.024582966271510374,0.024736380375670962,0.20050013310825734,0.20150772964025387,,,,,,,,,,,,,,,0.7985999366680832,0.0020127173932264716,0.0,0.016728624535315983,0.15653946808256686,0.0687732342007435
external:yap4|-1|0|all,Yap hubs (4),2024,roro,methanol,operating,1.5,0.0,538,158,0.06684431557564031,0.06770259329134759,0.31164043743970377,0.3134275187808868,0.30914572539929974,0.3108577916259125,0.3534701752775867,0.35407421771443776,0.34840747525084687,0.3491917248994024,0.6179024251002144,0.62232324276795,0.35026331633016905,0.35085875015115886,0.3451720956476375,0.3459451684259074,0.6105972101891182,0.6149550238045636,0.7985999366680832,0.0020127173932264716,0.0,0.04275092936802974,0.255292222843149,0.21933085501858737
external:yap4|-1|0|all,Yap hubs (4),2024,roro,methanol,operating,1.5,0.1,538,158,0.05218479546059589,0.05259520286548599,0.2858786747660231,0.287413868046555,,,,,,,,,,,,,,,0.7985999366680832,0.0020127173932264716,0.0,0.03531598513011153,0.23206865657418813,0.18401486988847585
external:yap4|-1|0|all,Yap hubs (4),2024,roro,methanol,operating,2.0,0.0,538,158,0.1223313798076013,0.12404861663993,0.38607655393250434,0.38862136377024853,0.3836248603751094,0.38605535341826974,0.43743113821405416,0.4384126357386931,0.42792325665911957,0.4290814549006024,0.6924687141246196,0.699435068598015,0.43381307684446085,0.4347805863863972,0.42406603603259685,0.42520772801037415,0.6849513194229964,0.691818391683289,0.7985999366680832,0.0020127173932264716,0.0,0.07063197026022305,0.31897852190103937,0.3345724907063197
external:yap4|-1|0|all,Yap hubs (4),2024,roro,methanol,operating,2.0,0.1,538,158,0.0983119722388542,0.10002920907118289,0.3584699431274331,0.3607279293518822,,,,,,,,,,,,,,,0.7985999366680832,0.0020127173932264716,0.0,0.05947955390334572,0.29685929633759905,0.2862453531598513
external:yap4|-1|0|all,Yap hubs (4),2024,roro,ammonia,service,1.0,0.0,538,158,0.026382316057885116,0.026535730162045707,0.21428615526693498,0.21555002695099215,,,,,,,,,,,,,,,0.7985999366680832,0.0020127173932264716,0.0,0.016728624535315983,0.16408415018504968,0.07063197026022305
external:yap4|-1|0|all,Yap hubs (4),2024,roro,ammonia,service,1.0,0.1,538,158,0.020075273102739415,0.020228687206900006,0.1945868126435996,0.19575928547865107,,,,,,,,,,,,,,,0.7985999366680832,0.0020127173932264716,0.0,0.01486988847583643,0.1496669864420534,0.055762081784386616
external:yap4|-1|0|all,Yap hubs (4),2024,roro,ammonia,service,1.5,0.0,538,158,0.05911297436931679,0.0595233817742069,0.3039177790341472,0.3057092940746082,,,,,,,,,,,,,,,0.7985999366680832,0.0020127173932264716,0.0,0.03717472118959108,0.23904326416671956,0.21189591078066913
external:yap4|-1|0|all,Yap hubs (4),2024,roro,ammonia,service,1.5,0.1,538,158,0.0480848783200108,0.04823829242417139,0.27855241525516544,0.28017069296755953,,,,,,,,,,,,,,,0.7985999366680832,0.0020127173932264716,0.0,0.031598513011152414,0.21731879166740217,0.15985130111524162
external:yap4|-1|0|all,Yap hubs (4),2024,roro,ammonia,service,2.0,0.0,538,158,0.12132787161340257,0.12273854555639645,0.37750790629558995,0.379926387739944,,,,,,,,,,,,,,,0.7985999366680832,0.0020127173932264716,0.0,0.06691449814126393,0.30576945344169415,0.31784386617100374
external:yap4|-1|0|all,Yap hubs (4),2024,roro,ammonia,service,2.0,0.1,538,158,0.08948230375253645,0.09034058146824372,0.3501304027276384,0.3522785459282281,,,,,,,,,,,,,,,0.7985999366680832,0.0020127173932264716,0.0,0.05204460966542751,0.28349769208060766,0.2732342007434944
external:yap4|-1|0|all,Yap hubs (4),2024,roro,ammonia,operating,1.0,0.0,538,158,0.019872852809793954,0.02002626691395454,0.18109393376869778,0.18199555994051736,,,,,,,,,,,,,,,0.7985999366680832,0.0020127173932264716,0.0,0.016728624535315983,0.1414396839357981,0.06133828996282528
external:yap4|-1|0|all,Yap hubs (4),2024,roro,ammonia,operating,1.0,0.1,538,158,0.01757440587896134,0.017727819983121926,0.16428952212853548,0.16509993175158894,,,,,,,,,,,,,,,0.7985999366680832,0.0020127173932264716,0.0,0.01486988847583643,0.12789456127039572,0.04460966542750929
external:yap4|-1|0|all,Yap hubs (4),2024,roro,ammonia,operating,1.5,0.0,538,158,0.04288657879492818,0.04303999289908877,0.26001038710400703,0.26137179351093587,,,,,,,,,,,,,,,0.7985999366680832,0.0020127173932264716,0.0,0.02973977695167286,0.2085892672581236,0.14312267657992564
external:yap4|-1|0|all,Yap hubs (4),2024,roro,ammonia,operating,1.5,0.1,538,158,0.03543542031912963,0.035588834423290215,0.23737277399808082,0.23859966949510053,,,,,,,,,,,,,,,0.7985999366680832,0.0020127173932264716,0.0,0.024163568773234202,0.18833666922953843,0.11152416356877323
external:yap4|-1|0|all,Yap hubs (4),2024,roro,ammonia,operating,2.0,0.0,538,158,0.07897234353596544,0.08040897172035649,0.3295479663039353,0.33150583311250426,,,,,,,,,,,,,,,0.7985999366680832,0.0020127173932264716,0.0,0.05390334572490706,0.2701849053663915,0.24535315985130113
external:yap4|-1|0|all,Yap hubs (4),2024,roro,ammonia,operating,2.0,0.1,538,158,0.06165127745538024,0.06206168486027035,0.3029510074154819,0.3046585394074239,,,,,,,,,,,,,,,0.7985999366680832,0.0020127173932264716,0.0,0.03903345724907063,0.24688202747502236,0.20631970260223048
external:yap8|-1|0|all,Yap hubs (8),2024,all,methanol,service,1.0,0.0,19981,3054,0.07404546600186607,0.07545516556162295,0.3020629443201655,0.3040549953083341,,,0.2941286414252163,0.29567631682253903,,,,,0.29076729944699314,0.2922885044523741,,,,,0.7644347643799179,0.017279500773658932,0.0,0.04709474000300285,0.21455455956879757,0.18587658275361593
external:yap8|-1|0|all,Yap hubs (8),2024,all,methanol,service,1.0,0.1,19981,3054,0.06375413539745903,0.06494504207168379,0.27867378388303415,0.2804453842778589,,,,,,,,,,,,,,,0.7644347643799179,0.017279500773658932,0.0,0.04053851158600671,0.19447049820111376,0.15739952955307543
external:yap8|-1|0|all,Yap hubs (8),2024,all,methanol,service,1.5,0.0,19981,3054,0.14900794605296033,0.15199489195709226,0.40002981171701957,0.4031436650615649,,,0.3889756320111959,0.39136443677817323,,,,,0.38437111829152293,0.386718179673365,,,,,0.7644347643799179,0.017279500773658932,4.721702991424941e-05,0.09333867173815125,0.31386199792514946,0.32070466943596415
external:yap8|-1|0|all,Yap hubs (8),2024,all,methanol,service,1.5,0.1,19981,3054,0.12405921725744888,0.12645645028706914,0.3738023435128377,0.37657232212794994,,,,,,,,,,,,,,,0.7644347643799179,0.017279500773658932,0.0,0.07697312446824484,0.28559532603562704,0.2850207697312447
external:yap8|-1|0|all,Yap hubs (8),2024,all,methanol,service,2.0,0.0,19981,3054,0.21736800760589184,0.22173484305074917,0.47221603449705485,0.4765448867486866,,,0.4590787372603304,0.4624984950141693,,,,,0.45384588427277095,0.4572007766839695,,,,,0.7644347643799179,0.017279500773658932,0.0006388244851940345,0.14448726289975478,0.40514101651181744,0.4219008057654772
external:yap8|-1|0|all,Yap hubs (8),2024,all,methanol,service,2.0,0.1,19981,3054,0.19268975894281526,0.19643604463560022,0.44560978914780297,0.4494392542270017,,,,,,,,,,,,,,,0.7644347643799179,0.017279500773658932,0.00037104647982666385,0.12431810219708724,0.3691792596044471,0.3845152895250488
external:yap8|-1|0|all,Yap hubs (8),2024,all,methanol,operating,1.0,0.0,19981,3054,0.11232919961471906,0.11406481934629835,0.33537373785800084,0.33729162482761377,0.33205890576685493,0.33392566905489884,0.32598106135371757,0.32763512992746496,0.32485849306236664,0.32651319928122213,0.5116490900735617,0.5205532298967633,0.3217238860518787,0.32334849561902296,0.3206298742167763,0.3222601535227514,0.5044972080233778,0.5132691195114479,0.7644347643799179,0.017279500773658932,0.0,0.06300985936639808,0.22596600965890237,0.21535458685751463
external:yap8|-1|0|all,Yap hubs (8),2024,all,methanol,operating,1.0,0.1,19981,3054,0.09526288277103966,0.09664456631036421,0.31235996270310773,0.31405393319933667,,,,,,,,,,,,,,,0.7644347643799179,0.017279500773658932,0.0,0.05435163405234973,0.20494322263969317,0.18752815174415696
external:yap8|-1|0|all,Yap hubs (8),2024,all,methanol,operating,1.5,0.0,19981,3054,0.19143478200372882,0.19457445784538233,0.4282373064447842,0.43134095566155584,0.4248492215672672,0.4279526412193504,0.4073470112480029,0.40995094062631215,0.40542630691960024,0.4080770289340327,0.597487215802523,0.6094557046865642,0.4021770836362345,0.40473419510723024,0.4003372495402768,0.4029400498672736,0.5901370585509894,0.6019343112172671,0.7644347643799179,0.017279500773658932,0.00011852908408883755,0.11365797507632251,0.3284932637579512,0.34447725339072116
external:yap8|-1|0|all,Yap hubs (8),2024,all,methanol,operating,1.5,0.1,19981,3054,0.16935254041115338,0.17213691849171997,0.4036811586161969,0.40640311502389176,,,,,,,,,,,,,,,0.7644347643799179,0.017279500773658932,6.649344707729198e-06,0.09819328361943847,0.29893243664089003,0.311395826034733
external:yap8|-1|0|all,Yap hubs (8),2024,all,methanol,operating,2.0,0.0,19981,3054,0.26788263918088695,0.27276610278543306,0.4950839611897051,0.49941966112394676,0.4922396848228383,0.49660611555234657,0.4684426278316485,0.47210200342112896,0.46587692537327896,0.46966405791332927,0.6509856754340207,0.6657940248737135,0.4631273713066502,0.4667156286041231,0.4606053568117322,0.464325912708445,0.6438268162509136,0.6584222244155372,0.7644347643799179,0.017279500773658932,0.0008307781786789838,0.1741654571843251,0.4235428105208633,0.4405685401131075
external:yap8|-1|0|all,Yap hubs (8),2024,all,methanol,operating,2.0,0.1,19981,3054,0.23790846797612863,0.24223613374506472,0.47095708372678025,0.4747963507259839,,,,,,,,,,,,,,,0.7644347643799179,0.017279500773658932,0.0005798077507344082,0.14929182723587409,0.3859234421395115,0.40493468795355586
external:yap8|-1|0|all,Yap hubs (8),2024,all,ammonia,service,1.0,0.0,19981,3054,0.05429721561132895,0.05528071611171825,0.2555020351594993,0.25704143536619317,,,,,,,,,,,,,,,0.7644347643799179,0.017279500773658932,0.0,0.03413242580451429,0.17430159701046793,0.131074520794755
external:yap8|-1|0|all,Yap hubs (8),2024,all,ammonia,service,1.0,0.1,19981,3054,0.04622605844567681,0.04702825115942493,0.23503579276108522,0.23640898452423004,,,,,,,,,,,,,,,0.7644347643799179,0.017279500773658932,0.0,0.02877733847154797,0.15767732655329525,0.11085531254691958
external:yap8|-1|0|all,Yap hubs (8),2024,all,ammonia,service,1.5,0.0,19981,3054,0.10256399138766795,0.10457949247987791,0.3464019141992586,0.3488528903135203,,,,,,,,,,,,,,,0.7644347643799179,0.017279500773658932,0.0,0.06421100045042791,0.25670956411444795,0.24458235323557379
external:yap8|-1|0|all,Yap hubs (8),2024,all,ammonia,service,1.5,0.1,19981,3054,0.08604841290378704,0.08777349219184863,0.32135666780006744,0.3235364623517204,,,,,,,,,,,,,,,0.7644347643799179,0.017279500773658932,0.0,0.05450177668785346,0.23208968708041097,0.21070016515689904
external:yap8|-1|0|all,Yap hubs (8),2024,all,ammonia,service,2.0,0.0,19981,3054,0.16687725431128536,0.17021089266710937,0.4176161495625511,0.4209967868782999,,,,,,,,,,,,,,,0.7644347643799179,0.017279500773658932,0.00013964067077321658,0.10540013012361743,0.33444909359061287,0.34522796656823984
external:yap8|-1|0|all,Yap hubs (8),2024,all,ammonia,service,2.0,0.1,19981,3054,0.13916743225025568,0.1419508679271928,0.39135929114878953,0.3943520007743684,,,,,,,,,,,,,,,0.7644347643799179,0.017279500773658932,6.012168728939147e-06,0.08718282368249837,0.3045424370298414,0.30784245032781143
external:yap8|-1|0|all,Yap hubs (8),2024,all,ammonia,operating,1.0,0.0,19981,3054,0.07664181476769506,0.07779883344012807,0.28841314262438317,0.28988401098437616,,,,,,,,,,,,,,,0.7644347643799179,0.017279500773658932,0.0,0.044892648015614836,0.18433699131397493,0.159851859266303
external:yap8|-1|0|all,Yap hubs (8),2024,all,ammonia,operating,1.0,0.1,19981,3054,0.06463822024644186,0.06557443139535656,0.2665302333774698,0.2678296781371929,,,,,,,,,,,,,,,0.7644347643799179,0.017279500773658932,0.0,0.03803613432761123,0.16673001032489776,0.13647965567288925
external:yap8|-1|0|all,Yap hubs (8),2024,all,ammonia,operating,1.5,0.0,19981,3054,0.14725512079045056,0.14965688682301115,0.3778879215799428,0.38027551369447027,,,,,,,,,,,,,,,0.7644347643799179,0.017279500773658932,0.0,0.08332916270456935,0.26903452822994983,0.27536159351383815
external:yap8|-1|0|all,Yap hubs (8),2024,all,ammonia,operating,1.5,0.1,19981,3054,0.12699178387154228,0.1289600503282178,0.35391330211611216,0.3560232867882624,,,,,,,,,,,,,,,0.7644347643799179,0.017279500773658932,0.0,0.07096741904809568,0.24389089215785914,0.24052850207697313
external:yap8|-1|0|all,Yap hubs (8),2024,all,ammonia,operating,2.0,0.0,19981,3054,0.20856003637248627,0.21205812789742354,0.4448646400311912,0.4482361787370894,,,,,,,,,,,,,,,0.7644347643799179,0.017279500773658932,0.00024648417656655716,0.1256193383714529,0.3496955523831094,0.3691506931585006
external:yap8|-1|0|all,Yap hubs (8),2024,all,ammonia,operating,2.0,0.1,19981,3054,0.18380918068456764,0.18682930620038124,0.42006225232677785,0.4230362188116258,,,,,,,,,,,,,,,0.7644347643799179,0.017279500773658932,7.528877698599035e-05,0.10815274510785246,0.3180082635155611,0.3345678394474751
external:yap8|-1|0|all,Yap hubs (8),2024,container,methanol,service,1.0,0.0,2926,858,0.15179119297677296,0.15281546978159424,0.4843336196950504,0.48526955210606454,,,0.5219129061685706,0.5227711842501758,,,,,0.5155298870725197,0.5163759365174407,,,,,0.8618072416058086,0.044349697918519636,0.021587229954190764,0.14832535885167464,0.4326435742697059,0.4319890635680109
external:yap8|-1|0|all,Yap hubs (8),2024,container,methanol,service,1.0,0.1,2926,858,0.13009655001195577,0.13103010635550538,0.44947298378202516,0.4502974354629885,,,,,,,,,,,,,,,0.8618072416058086,0.044349697918519636,0.016988363301161734,0.12747778537252222,0.3947469399154868,0.3885850991114149
external:yap8|-1|0|all,Yap hubs (8),2024,container,methanol,service,1.5,0.0,2926,858,0.32742607723132583,0.3302361452527166,0.6149551141421806,0.6164414874052511,,,0.6610934623229172,0.6623233661925402,,,,,0.6529487221970447,0.6541611025531346,,,,,0.8618072416058086,0.044349697918519636,0.1044885246484553,0.29152426520847574,0.5979408812773583,0.5498974709501026
external:yap8|-1|0|all,Yap hubs (8),2024,container,methanol,service,1.5,0.1,2926,858,0.2696055804574951,0.27145539955492937,0.583313409825733,0.5846560578750747,,,,,,,,,,,,,,,0.8618072416058086,0.044349697918519636,0.05867081251841467,0.24333561175666438,0.5500502121267357,0.5324675324675324
external:yap8|-1|0|all,Yap hubs (8),2024,container,methanol,service,2.0,0.0,2926,858,0.45017649818226796,0.45411845457972216,0.6888192388175784,0.6907397311959999,,,0.7316611995154543,0.7333031688116131,,,,,0.7227151936861944,0.7243337684131574,,,,,0.8618072416058086,0.044349697918519636,0.23561011065339943,0.38824333561175667,0.7214386467965803,0.5950102529049898
external:yap8|-1|0|all,Yap hubs (8),2024,container,methanol,service,2.0,0.1,2926,858,0.4131721166727526,0.41673876640057667,0.6631613543255593,0.6649186226868669,,,,,,,,,,,,,,,0.8618072416058086,0.044349697918519636,0.17972737826061408,0.3609022556390977,0.6797161691889123,0.5827067669172933
external:yap8|-1|0|all,Yap hubs (8),2024,container,methanol,operating,1.0,0.0,2926,858,0.2787050263450331,0.2806367337193133,0.5790745161715133,0.5801918642649141,0.5753207868762181,0.5763757506743722,0.6274996049022634,0.6286022278587815,0.6232971512996144,0.6243788932388271,0.73245047683834,0.7362733623828901,0.6195756310519764,0.6206625439771845,0.6154293039159716,0.6164956333339467,0.7227638812664765,0.7264857818592277,0.8618072416058086,0.044349697918519636,0.0469811441004007,0.24401913875598086,0.5244700049507165,0.5116199589883801
external:yap8|-1|0|all,Yap hubs (8),2024,container,methanol,operating,1.0,0.1,2926,858,0.23334486427152043,0.23487777994062206,0.5468649196723575,0.5478579027456072,,,,,,,,,,,,,,,0.8618072416058086,0.044349697918519636,0.033049575863709775,0.20813397129186603,0.48084080405861485,0.48769651401230346
external:yap8|-1|0|all,Yap hubs (8),2024,container,methanol,operating,1.5,0.0,2926,858,0.4594164267145435,0.4627711648136787,0.6857404098640946,0.6873259242407419,0.6825120226338642,0.6841238455679434,0.722027380852385,0.7235401260392303,0.7186857737540285,0.7203327984091099,0.7874580287513305,0.7926411798525974,0.7129005789761207,0.7143917707624049,0.7096048114023643,0.7112283694601406,0.7770438908079318,0.7821066760670912,0.8618072416058086,0.044349697918519636,0.2157882027529156,0.3875598086124402,0.7027160349435122,0.5833902939166097
external:yap8|-1|0|all,Yap hubs (8),2024,container,methanol,operating,1.5,0.1,2926,858,0.4147391551490571,0.41801557746599904,0.661054137559852,0.6624889244284199,,,,,,,,,,,,,,,0.8618072416058086,0.044349697918519636,0.16231188788109946,0.3530416951469583,0.6559400866758822,0.5700615174299385
external:yap8|-1|0|all,Yap hubs (8),2024,container,methanol,operating,2.0,0.0,2926,858,0.5930232174829775,0.5976912240832344,0.7398206826038998,0.7418732116016561,0.7377156100059964,0.739771786892927,0.762717296653844,0.7648007579261609,0.7615894568406963,0.7637323912101528,0.8104451425921757,0.8172344876587417,0.753202417930571,0.755256194312302,0.7520655971585312,0.7541779992722958,0.7997925557636781,0.8064485118218632,0.8618072416058086,0.044349697918519636,0.4324922692124843,0.4805194805194805,0.826550141012408,0.6120984278879016
external:yap8|-1|0|all,Yap hubs (8),2024,container,methanol,operating,2.0,0.1,2926,858,0.5432448503500805,0.5477901874002008,0.7228066685259077,0.7246722958705878,,,,,,,,,,,,,,,0.8618072416058086,0.044349697918519636,0.35491386475344056,0.44771018455228984,0.7799457455211365,0.6018455228981545
external:yap8|-1|0|all,Yap hubs (8),2024,container,ammonia,service,1.0,0.0,2926,858,0.10793343256612122,0.10878036184865084,0.41437263507588096,0.41509438989249087,,,,,,,,,,,,,,,0.8618072416058086,0.044349697918519636,0.013101617435801937,0.10355434039644566,0.358996428643743,0.3434723171565277
external:yap8|-1|0|all,Yap hubs (8),2024,container,ammonia,service,1.0,0.1,2926,858,0.09149110314455278,0.09211133380920293,0.3826614821364011,0.3832921529089363,,,,,,,,,,,,,,,0.8618072416058086,0.044349697918519636,0.009955521693861342,0.08509911141490088,0.32585007279350087,0.3024606971975393
external:yap8|-1|0|all,Yap hubs (8),2024,container,ammonia,service,1.5,0.0,2926,858,0.21987962725571278,0.22137435888781984,0.5473705040951183,0.548541863770265,,,,,,,,,,,,,,,0.8618072416058086,0.044349697918519636,0.03695828031049997,0.20232399179767602,0.502561016228328,0.5020505809979494
external:yap8|-1|0|all,Yap hubs (8),2024,container,ammonia,service,1.5,0.1,2926,858,0.1797377305043059,0.18100163755541762,0.5124507791429495,0.5134901045140274,,,,,,,,,,,,,,,0.8618072416058086,0.044349697918519636,0.026001026195099072,0.17361585782638414,0.46237391337836226,0.4613807245386193
external:yap8|-1|0|all,Yap hubs (8),2024,container,ammonia,service,2.0,0.0,2926,858,0.3671907148195713,0.3705331878576109,0.6342634426661493,0.6358633458476188,,,,,,,,,,,,,,,0.8618072416058086,0.044349697918519636,0.1340432275018848,0.3274094326725906,0.6295161900516362,0.5652768284347232
external:yap8|-1|0|all,Yap hubs (8),2024,container,ammonia,service,2.0,0.1,2926,858,0.30366210255384873,0.30607594266152366,0.6048965599184004,0.6063330193708267,,,,,,,,,,,,,,,0.8618072416058086,0.044349697918519636,0.0852254013113769,0.2703349282296651,0.5839035107852022,0.5437457279562543
external:yap8|-1|0|all,Yap hubs (8),2024,container,ammonia,operating,1.0,0.0,2926,858,0.18123966499308908,0.18237618406417982,0.5106859410332517,0.5115580293881267,,,,,,,,,,,,,,,0.8618072416058086,0.044349697918519636,0.022490600307457406,0.16609706083390294,0.4389037120599214,0.4514695830485304
external:yap8|-1|0|all,Yap hubs (8),2024,container,ammonia,operating,1.0,0.1,2926,858,0.1504549672194408,0.1514504238743474,0.47574876853339093,0.476520525431084,,,,,,,,,,,,,,,0.8618072416058086,0.044349697918519636,0.016844236372393368,0.14080656185919344,0.40174567074994016,0.41421736158578265
external:yap8|-1|0|all,Yap hubs (8),2024,container,ammonia,operating,1.5,0.0,2926,858,0.3659955956544113,0.3690762150745574,0.6325171853642289,0.6338291172627512,,,,,,,,,,,,,,,0.8618072416058086,0.044349697918519636,0.10800968836031745,0.3157894736842105,0.6064654125792812,0.551948051948052
external:yap8|-1|0|all,Yap hubs (8),2024,container,ammonia,operating,1.5,0.1,2926,858,0.3172794582938407,0.31966320347785654,0.6033122478854229,0.6045226207150073,,,,,,,,,,,,,,,0.8618072416058086,0.044349697918519636,0.07488842285869214,0.2761449077238551,0.5585253070770696,0.5300751879699248
external:yap8|-1|0|all,Yap hubs (8),2024,container,ammonia,operating,2.0,0.0,2926,858,0.4924394992758733,0.49615300718903443,0.7011290394069329,0.7028092137633887,,,,,,,,,,,,,,,0.8618072416058086,0.044349697918519636,0.262494586363334,0.40874914559125086,0.7359818765411551,0.5905673274094326
external:yap8|-1|0|all,Yap hubs (8),2024,container,ammonia,operating,2.0,0.1,2926,858,0.44489184341071375,0.4482465815098489,0.6776981715045183,0.6792217189438562,,,,,,,,,,,,,,,0.8618072416058086,0.044349697918519636,0.20096934971934877,0.37799043062200954,0.6879733262217708,0.5789473684210527
external:yap8|-1|0|all,Yap hubs (8),2024,bulk,methanol,service,1.0,0.0,8019,1124,0.054534972833485344,0.05606946310180224,0.28561756561890134,0.2873247767083197,,,0.1463660717798918,0.14911033553001163,,,,,0.14545559288880072,0.14814901690994145,,,,,0.8002289594400399,0.0043780033932850375,0.0,0.026811323107619404,0.25035714017815097,0.15962090036164112
external:yap8|-1|0|all,Yap hubs (8),2024,bulk,methanol,service,1.0,0.1,8019,1124,0.047518580188487446,0.048852970957863485,0.2623488515818544,0.26381809803899875,,,,,,,,,,,,,,,0.8002289594400399,0.0043780033932850375,0.0,0.02182316997131812,0.22707427648798778,0.12669908966205262
external:yap8|-1|0|all,Yap hubs (8),2024,bulk,methanol,service,1.5,0.0,8019,1124,0.09400554312149854,0.09711945684499082,0.3911222730238939,0.3940835058574822,,,0.2285245840057258,0.23293312703649788,,,,,0.22631647177183548,0.23062427440654476,,,,,0.8002289594400399,0.0043780033932850375,0.0,0.05711435341064971,0.3630862777389559,0.33807207881281953
external:yap8|-1|0|all,Yap hubs (8),2024,bulk,methanol,service,1.5,0.1,8019,1124,0.07965991812421039,0.08218989962063876,0.36108325965669097,0.36361164605398166,,,,,,,,,,,,,,,0.8002289594400399,0.0043780033932850375,0.0,0.045142785883526625,0.3292989526097335,0.2850729517396184
external:yap8|-1|0|all,Yap hubs (8),2024,bulk,methanol,service,2.0,0.0,8019,1124,0.1512279539884661,0.155687585672587,0.4806761727594431,0.48507136154581243,,,0.31946482808995574,0.32564799906588265,,,,,0.31656805224120155,0.3226050334873664,,,,,0.8002289594400399,0.0043780033932850375,0.0008849088620642404,0.10549943883277217,0.47201561706290596,0.4718792866941015
external:yap8|-1|0|all,Yap hubs (8),2024,bulk,methanol,service,2.0,0.1,8019,1124,0.12737939594829542,0.1312330786089705,0.44674929810654074,0.45055853559029835,,,,,,,,,,,,,,,0.8002289594400399,0.0043780033932850375,0.0005892907859867509,0.08542212245915949,0.42914006996643217,0.4236189051003866
external:yap8|-1|0|all,Yap hubs (8),2024,bulk,methanol,operating,1.0,0.0,8019,1124,0.06509067156444928,0.06710043911489796,0.3180580759892551,0.3199808141963842,0.31181040016832684,0.31369132984436954,0.16822951273596187,0.17120714099432102,0.16901512894081455,0.17208620645022202,0.5550841443477617,0.5701200436498688,0.16685890737252887,0.16977869885233307,0.1676370929018085,0.17064753171112057,0.5492754989751911,0.564489357527164,0.8002289594400399,0.0043780033932850375,0.0,0.034044145155256264,0.28423890290884396,0.2143658810325477
external:yap8|-1|0|all,Yap hubs (8),2024,bulk,methanol,operating,1.0,0.1,8019,1124,0.05751457549131105,0.05922021478851842,0.2926755496343319,0.29435035653451863,,,,,,,,,,,,,,,0.8002289594400399,0.0043780033932850375,0.0,0.029055992018954983,0.2573679478810387,0.1752088789125826
external:yap8|-1|0|all,Yap hubs (8),2024,bulk,methanol,operating,1.5,0.0,8019,1124,0.11794263105206843,0.12177777074562958,0.4322150621656395,0.43560761469134557,0.425618879301224,0.4289877496430882,0.269300910605963,0.2744337450337223,0.26704486021059315,0.2721405047520066,0.6782888142430851,0.6979946803430305,0.26671521187301733,0.2717255892227284,0.2647453859999995,0.26971968854071926,0.6721073169878604,0.6918869944868559,0.8002289594400399,0.0043780033932850375,0.00036783296384180884,0.0788128195535603,0.4115809377070565,0.4010475121586233
external:yap8|-1|0|all,Yap hubs (8),2024,bulk,methanol,operating,1.5,0.1,8019,1124,0.10014621219382866,0.1032844537810774,0.4003600014166043,0.4032565569549809,,,,,,,,,,,,,,,0.8002289594400399,0.0043780033932850375,0.0,0.06297543334580372,0.3759216065183769,0.35203890759446316
external:yap8|-1|0|all,Yap hubs (8),2024,bulk,methanol,operating,2.0,0.0,8019,1124,0.1968932108625999,0.20290215554439872,0.5244992569168196,0.5294045210094281,0.5186351212815712,0.5234871489647671,0.3713929664872806,0.37857756196605974,0.36516043916791713,0.3725903374595022,0.7501914411283145,0.7740802499907506,0.3694203204398328,0.3764248059424009,0.36330305947667285,0.37059447479221364,0.7454024965248448,0.7692732288633558,0.8002289594400399,0.0043780033932850375,0.0012886824063491915,0.15413393191170968,0.5319457211513582,0.5298665669036039
external:yap8|-1|0|all,Yap hubs (8),2024,bulk,methanol,operating,2.0,0.1,8019,1124,0.16622452139745927,0.17130233392446442,0.4901207158192722,0.4944419706451163,,,,,,,,,,,,,,,0.8002289594400399,0.0043780033932850375,0.0009812672624842094,0.12146152886893628,0.4862984936171274,0.4836014465644095
external:yap8|-1|0|all,Yap hubs (8),2024,bulk,ammonia,service,1.0,0.0,8019,1124,0.04221497727643527,0.04332363141550219,0.23948165584132672,0.2407521741369279,,,,,,,,,,,,,,,0.8002289594400399,0.0043780033932850375,0.0,0.01883027808953735,0.2052305692665555,0.09913954358398804
external:yap8|-1|0|all,Yap hubs (8),2024,bulk,ammonia,service,1.0,0.1,8019,1124,0.03547289772213704,0.03646316771973218,0.21961666193667367,0.2207227014738303,,,,,,,,,,,,,,,0.8002289594400399,0.0043780033932850375,0.0,0.015463274722533981,0.1864829858825416,0.07893752338196783
external:yap8|-1|0|all,Yap hubs (8),2024,bulk,ammonia,service,1.5,0.0,8019,1124,0.06872685382104189,0.07093496565290129,0.33118861588208637,0.3333574162171792,,,,,,,,,,,,,,,0.8002289594400399,0.0043780033932850375,0.0,0.03641351789499938,0.2976227811226003,0.23045267489711935
external:yap8|-1|0|all,Yap hubs (8),2024,bulk,ammonia,service,1.5,0.1,8019,1124,0.06071485672623851,0.06251203208607448,0.3050741792525165,0.3069708800472072,,,,,,,,,,,,,,,0.8002289594400399,0.0043780033932850375,0.0,0.030303030303030304,0.2702355340494755,0.1899239306646714
external:yap8|-1|0|all,Yap hubs (8),2024,bulk,ammonia,service,2.0,0.0,8019,1124,0.10532197496057744,0.10861243415193311,0.412109377165903,0.41538215757926594,,,,,,,,,,,,,,,0.8002289594400399,0.0043780033932850375,0.00021406312060444019,0.06497069460032423,0.3895716709871017,0.37024566654196284
external:yap8|-1|0|all,Yap hubs (8),2024,bulk,ammonia,service,2.0,0.1,8019,1124,0.08901803791287455,0.09201725764870125,0.38099337379654824,0.3838040128909914,,,,,,,,,,,,,,,0.8002289594400399,0.0043780033932850375,0.0,0.053497942386831275,0.3509564406693838,0.31986531986531985
external:yap8|-1|0|all,Yap hubs (8),2024,bulk,ammonia,operating,1.0,0.0,8019,1124,0.04974505131800139,0.05117079323519421,0.2676428639977945,0.26907776599452543,,,,,,,,,,,,,,,0.8002289594400399,0.0043780033932850375,0.0,0.024566654196283826,0.23270388853706783,0.13929417633121338
external:yap8|-1|0|all,Yap hubs (8),2024,bulk,ammonia,operating,1.0,0.1,8019,1124,0.04383328154138777,0.04498142242839846,0.2457280551615203,0.24696700352784973,,,,,,,,,,,,,,,0.8002289594400399,0.0043780033932850375,0.0,0.019827908716797606,0.21113503948913329,0.11098640728270358
external:yap8|-1|0|all,Yap hubs (8),2024,bulk,ammonia,operating,1.5,0.0,8019,1124,0.0843972553284804,0.08707048188457887,0.36809857475652147,0.37057366405428704,,,,,,,,,,,,,,,0.8002289594400399,0.0043780033932850375,0.0,0.04900860456416012,0.3387032522668501,0.3004115226337449
external:yap8|-1|0|all,Yap hubs (8),2024,bulk,ammonia,operating,1.5,0.1,8019,1124,0.0717406014990273,0.07405681279581329,0.3393582770647179,0.34149717782830036,,,,,,,,,,,,,,,0.8002289594400399,0.0043780033932850375,0.0,0.03878289063474249,0.3060697167459732,0.25065469509913957
external:yap8|-1|0|all,Yap hubs (8),2024,bulk,ammonia,operating,2.0,0.0,8019,1124,0.13387203787931531,0.13786396327102385,0.4543043816573071,0.45804018663976154,,,,,,,,,,,,,,,0.8002289594400399,0.0043780033932850375,0.0006451472537666924,0.09178201770794363,0.43885914106728247,0.43683751091158496
external:yap8|-1|0|all,Yap hubs (8),2024,bulk,ammonia,operating,2.0,0.1,8019,1124,0.11141597681507287,0.11506741114380599,0.4215177025252953,0.4247463910493638,,,,,,,,,,,,,,,0.8002289594400399,0.0043780033932850375,0.0002698830820108269,0.07207881281955356,0.3998543367424424,0.38595834892131187
external:yap8|-1|0|all,Yap hubs (8),2024,tanker,methanol,service,1.0,0.0,5577,211,0.037381987496633205,0.03985025952943445,0.2111801070901342,0.21529675261706643,,,0.1963022128104578,0.1985517942405241,,,,,0.19690794212852117,0.19911778552525508,,,,,0.7213448162413404,0.008274588581712676,0.0,0.02976510668818361,0.1604533665202194,0.12712928097543483
external:yap8|-1|0|all,Yap hubs (8),2024,tanker,methanol,service,1.0,0.1,5577,211,0.032137529670653614,0.03418438874679474,0.19370012618724802,0.1974264009472891,,,,,,,,,,,,,,,0.7213448162413404,0.008274588581712676,0.0,0.026178949255872334,0.14479278202486445,0.10901918594226287
external:yap8|-1|0|all,Yap hubs (8),2024,tanker,methanol,service,1.5,0.0,5577,211,0.0685141208438991,0.07298908145758429,0.29079118063039133,0.29678216369669586,,,0.2736040608575155,0.27681991769830017,,,,,0.27381951576927693,0.2769863832672847,,,,,0.7213448162413404,0.008274588581712676,0.0,0.061861215707369556,0.23872670571344143,0.23076923076923078
external:yap8|-1|0|all,Yap hubs (8),2024,tanker,methanol,service,1.5,0.1,5577,211,0.05884967100512058,0.06289978308714214,0.26822628659351533,0.27366868034512276,,,,,,,,,,,,,,,0.7213448162413404,0.008274588581712676,0.0,0.05038551192397346,0.21533235866812347,0.20441097364174288
external:yap8|-1|0|all,Yap hubs (8),2024,tanker,methanol,service,2.0,0.0,5577,211,0.11058055839240168,0.11736740102217116,0.35892887695553705,0.3669993935036497,,,0.34462350189977176,0.3491979390893919,,,,,0.34433875059128205,0.34882973323762434,,,,,0.7213448162413404,0.008274588581712676,0.0,0.0973641742872512,0.3134055078883039,0.33028509951586876
external:yap8|-1|0|all,Yap hubs (8),2024,tanker,methanol,service,2.0,0.1,5577,211,0.09296388902447855,0.0986170394962626,0.3332985431418482,0.3404959438378676,,,,,,,,,,,,,,,0.7213448162413404,0.008274588581712676,0.0,0.08284023668639054,0.28415914561605715,0.2911959835036758
external:yap8|-1|0|all,Yap hubs (8),2024,tanker,methanol,operating,1.0,0.0,5577,211,0.03613641539705266,0.03839640065082822,0.2084786309872817,0.21204401912216167,0.20765819356421475,0.2111860202180557,0.18303158165094088,0.18533820565986192,0.18400818296554697,0.18626809812811002,0.3880250546485278,0.3998039339700983,0.18349743590553075,0.18576127475395404,0.18446292083238053,0.18669809749727498,0.3851135076423024,0.3966719810275199,0.7213448162413404,0.008274588581712676,0.0,0.02599964138425677,0.15344640237313525,0.11690873229334768
external:yap8|-1|0|all,Yap hubs (8),2024,tanker,methanol,operating,1.0,0.1,5577,211,0.030811411980531497,0.03248017643160638,0.19115445638506437,0.19431982592199362,,,,,,,,,,,,,,,0.7213448162413404,0.008274588581712676,0.0,0.023130715438407747,0.13841694402652402,0.09664694280078895
external:yap8|-1|0|all,Yap hubs (8),2024,tanker,methanol,operating,1.5,0.0,5577,211,0.06797582365763265,0.07188491139134832,0.28753072378630273,0.29319401639903675,0.28649966161452106,0.2922221931885753,0.26012706845820355,0.26351915253438235,0.26069851148880663,0.26408888460473334,0.49530106202266094,0.5107324806006456,0.2601874603868001,0.2635260844924568,0.26070177760309954,0.2640387341530684,0.4926249110011231,0.5078118481585439,0.7213448162413404,0.008274588581712676,0.0,0.05343374574143805,0.22869945277729686,0.21104536489151873
external:yap8|-1|0|all,Yap hubs (8),2024,tanker,methanol,operating,1.5,0.1,5577,211,0.0569851327833273,0.06043254082865758,0.26518250040721103,0.2702049922761965,,,,,,,,,,,,,,,0.7213448162413404,0.008274588581712676,0.0,0.0437511206741976,0.207686281169806,0.18558364712210865
external:yap8|-1|0|all,Yap hubs (8),2024,tanker,methanol,operating,2.0,0.0,5577,211,0.10645964110019886,0.11281100506368437,0.35452962621538664,0.362265488680949,0.3535503689878665,0.3615873242522062,0.3293323427086648,0.3339488216635411,0.32795360640629245,0.33268051270574567,0.5727281580339482,0.5915179800966051,0.32885600880255556,0.3333879666759326,0.3275610971849332,0.33220068102233213,0.5701085019749468,0.5886465338136081,0.7213448162413404,0.008274588581712676,0.0,0.0894746279361664,0.2996449912067831,0.30428545813161195
external:yap8|-1|0|all,Yap hubs (8),2024,tanker,methanol,operating,2.0,0.1,5577,211,0.0897578261953048,0.0953350072899004,0.32919107753799415,0.3360776685018991,,,,,,,,,,,,,,,0.7213448162413404,0.008274588581712676,0.0,0.07512999820692129,0.27095263718441254,0.27003765465303925
external:yap8|-1|0|all,Yap hubs (8),2024,tanker,ammonia,service,1.0,0.0,5577,211,0.027835313851846805,0.02942141400746538,0.1766078218886999,0.17982986835079873,,,,,,,,,,,,,,,0.7213448162413404,0.008274588581712676,0.0,0.022054868208714364,0.12943352645716336,0.0914470145239376
external:yap8|-1|0|all,Yap hubs (8),2024,tanker,ammonia,service,1.0,0.1,5577,211,0.02409653851040084,0.025371507806787662,0.1618163422261066,0.1647454993605694,,,,,,,,,,,,,,,0.7213448162413404,0.008274588581712676,0.0,0.019365250134480903,0.11652577718636183,0.07889546351084813
external:yap8|-1|0|all,Yap hubs (8),2024,tanker,ammonia,service,1.5,0.0,5577,211,0.049809308720392624,0.05312394276141969,0.24576361372345584,0.25069497872477964,,,,,,,,,,,,,,,0.7213448162413404,0.008274588581712676,0.0,0.04303388918773534,0.19380837841253026,0.17141832526447912
external:yap8|-1|0|all,Yap hubs (8),2024,tanker,ammonia,service,1.5,0.1,5577,211,0.042773843294991155,0.04573125939563862,0.22601108193777686,0.23045288944717596,,,,,,,,,,,,,,,0.7213448162413404,0.008274588581712676,0.0,0.03586157432311279,0.17398188099123665,0.1447014523937601
external:yap8|-1|0|all,Yap hubs (8),2024,tanker,ammonia,service,2.0,0.0,5577,211,0.07621496736785141,0.08118520087290543,0.3069524411175881,0.3133787595701309,,,,,,,,,,,,,,,0.7213448162413404,0.008274588581712676,0.0,0.06975076205845436,0.2554800120222229,0.2526447911063296
external:yap8|-1|0|all,Yap hubs (8),2024,tanker,ammonia,service,2.0,0.1,5577,211,0.06538481206749887,0.06970107834851326,0.28309924953604343,0.2889002549368064,,,,,,,,,,,,,,,0.7213448162413404,0.008274588581712676,0.0,0.05755782678859602,0.2304273936898316,0.22001075847229692
external:yap8|-1|0|all,Yap hubs (8),2024,tanker,ammonia,operating,1.0,0.0,5577,211,0.02694930331326493,0.028523393021036594,0.1740230443658171,0.17679777762618137,,,,,,,,,,,,,,,0.7213448162413404,0.008274588581712676,0.0,0.020441097364174286,0.12409952389477696,0.08176438945669715
external:yap8|-1|0|all,Yap hubs (8),2024,tanker,ammonia,operating,1.0,0.1,5577,211,0.02370994736868606,0.024882638184460647,0.15908306316136897,0.16157163242375275,,,,,,,,,,,,,,,0.7213448162413404,0.008274588581712676,0.0,0.017930787161556393,0.11183148236292971,0.06795768334229872
external:yap8|-1|0|all,Yap hubs (8),2024,tanker,ammonia,operating,1.5,0.0,5577,211,0.047670101267947455,0.05040783335061897,0.24278622701814132,0.24720487874823793,,,,,,,,,,,,,,,0.7213448162413404,0.008274588581712676,0.0,0.03496503496503497,0.1851500487547319,0.15725300340684956
external:yap8|-1|0|all,Yap hubs (8),2024,tanker,ammonia,operating,1.5,0.1,5577,211,0.04059057693105341,0.04289808532391394,0.22313020669901712,0.22702800727340489,,,,,,,,,,,,,,,0.7213448162413404,0.008274588581712676,0.0,0.029406490944952485,0.16690808645990943,0.13107405415097723
external:yap8|-1|0|all,Yap hubs (8),2024,tanker,ammonia,operating,2.0,0.0,5577,211,0.07570152692704858,0.08028591842209938,0.30332107120511154,0.3094353083573154,,,,,,,,,,,,,,,0.7213448162413404,0.008274588581712676,0.0,0.06078536847767617,0.24459901140830168,0.2316657701273086
external:yap8|-1|0|all,Yap hubs (8),2024,tanker,ammonia,operating,2.0,0.1,5577,211,0.06403721359148357,0.06774964255146952,0.2800299067900003,0.285484385599548,,,,,,,,,,,,,,,0.7213448162413404,0.008274588581712676,0.0,0.04984758830912677,0.2218805190111215,0.20459028151335842
external:yap8|-1|0|all,Yap hubs (8),2024,gas,methanol,service,1.0,0.0,1035,146,0.01140377109515536,0.011576426423601264,0.06700937793998124,0.06744361013371934,,,0.09518098053382046,0.0952991313547508,,,,,0.09791131430423416,0.09802617035575169,,,,,0.4606598787730275,0.0037949453949841588,0.0,0.024154589371980676,0.0,0.05603864734299517
external:yap8|-1|0|all,Yap hubs (8),2024,gas,methanol,service,1.0,0.1,1035,146,0.010677240293241012,0.01075876559834885,0.06128764205565659,0.061644329673785005,,,,,,,,,,,,,,,0.4606598787730275,0.0037949453949841588,0.0,0.02318840579710145,0.0,0.051207729468599035
external:yap8|-1|0|all,Yap hubs (8),2024,gas,methanol,service,1.5,0.0,1035,146,0.016749271969646796,0.01731486464907935,0.09325586760315548,0.09416722852950907,,,0.12369228170595448,0.1242222503176227,,,,,0.12654252669580313,0.12705771653270084,,,,,0.4606598787730275,0.0037949453949841588,0.0,0.03285024154589372,0.0,0.08695652173913043
external:yap8|-1|0|all,Yap hubs (8),2024,gas,methanol,service,1.5,0.1,1035,146,0.01573798763238779,0.016303580311820342,0.08547052357384398,0.08623536272415745,,,,,,,,,,,,,,,0.4606598787730275,0.0037949453949841588,0.0,0.030917874396135265,0.0,0.0782608695652174
external:yap8|-1|0|all,Yap hubs (8),2024,gas,methanol,service,2.0,0.0,1035,146,0.021700614397053106,0.022333694831933662,0.11774194473093012,0.11919891887857278,,,0.15026479705668777,0.15125969916833895,,,,,0.1529372880408271,0.15390444618065982,,,,,0.4606598787730275,0.0037949453949841588,0.0,0.0463768115942029,0.0010207833594046954,0.12753623188405797
external:yap8|-1|0|all,Yap hubs (8),2024,gas,methanol,service,2.0,0.1,1035,146,0.019327977956817562,0.01996105839169812,0.10811018307515798,0.10932360446126223,,,,,,,,,,,,,,,0.4606598787730275,0.0037949453949841588,0.0,0.03768115942028986,0.00041310981049390175,0.11014492753623188
external:yap8|-1|0|all,Yap hubs (8),2024,gas,methanol,operating,1.0,0.0,1035,146,0.010455333943778875,0.010594836988088519,0.06046237720572337,0.06071740804628307,0.059517837682864574,0.059800989182164935,0.08277761933764355,0.08277761933764355,0.08141732986973237,0.08141732986973237,0.1633092977647719,0.1732345940464595,0.08580281420856015,0.08580281420856015,0.0844858593389811,0.0844858593389811,0.16362107417922264,0.17314529902020923,0.4606598787730275,0.0037949453949841588,0.0,0.020289855072463767,0.0,0.050241545893719805
external:yap8|-1|0|all,Yap hubs (8),2024,gas,methanol,operating,1.0,0.1,1035,146,0.009435634553233407,0.009575137597543052,0.055448956272451194,0.0556855728476123,,,,,,,,,,,,,,,0.4606598787730275,0.0037949453949841588,0.0,0.018357487922705314,0.0,0.04830917874396135
external:yap8|-1|0|all,Yap hubs (8),2024,gas,methanol,operating,1.5,0.0,1035,146,0.015390947147575227,0.015605565798350199,0.08373522935280743,0.0841793106512393,0.082892314702975,0.08331677862486954,0.10661762447100188,0.10671537289735782,0.10440695576560483,0.10454622396903726,0.21265800506707144,0.22648127296262047,0.10978257834598924,0.10987760094680482,0.1077485948272348,0.10788397937913409,0.21283721416537224,0.22615071126785352,0.4606598787730275,0.0037949453949841588,0.0,0.034782608695652174,0.0,0.08695652173913043
external:yap8|-1|0|all,Yap hubs (8),2024,gas,methanol,operating,1.5,0.1,1035,146,0.013369872691979263,0.013584491342754235,0.07698586916554119,0.07735611543042827,,,,,,,,,,,,,,,0.4606598787730275,0.0037949453949841588,0.0,0.03188405797101449,0.0,0.07729468599033816
external:yap8|-1|0|all,Yap hubs (8),2024,gas,methanol,operating,2.0,0.0,1035,146,0.022507895692581933,0.023247141233669718,0.10544835573109528,0.10630978727094291,0.10463075695725162,0.1053703485450533,0.12915867176680154,0.12957415106593131,0.12687571043280996,0.12739865572996256,0.2516529375009828,0.26801612591772594,0.13256678887394888,0.13297068206241386,0.13031895651528494,0.13082731889074417,0.2518200931306631,0.2676026821954677,0.4606598787730275,0.0037949453949841588,0.0,0.04154589371980676,0.00041310981049390175,0.14106280193236714
external:yap8|-1|0|all,Yap hubs (8),2024,gas,methanol,operating,2.0,0.1,1035,146,0.018916209646182926,0.019198316052405903,0.09693881760012567,0.09762535634399064,,,,,,,,,,,,,,,0.4606598787730275,0.0037949453949841588,0.0,0.03961352657004831,0.0,0.11980676328502415
external:yap8|-1|0|all,Yap hubs (8),2024,gas,ammonia,service,1.0,0.0,1035,146,0.00971764784666675,0.009799173151774587,0.05594152366962842,0.05624149909629323,,,,,,,,,,,,,,,0.4606598787730275,0.0037949453949841588,0.0,0.020289855072463767,0.0,0.04541062801932367
external:yap8|-1|0|all,Yap hubs (8),2024,gas,ammonia,service,1.0,0.1,1035,146,0.009207129956002624,0.009288655261110463,0.051367787401515076,0.05160465398445394,,,,,,,,,,,,,,,0.4606598787730275,0.0037949453949841588,0.0,0.01642512077294686,0.0,0.03961352657004831
external:yap8|-1|0|all,Yap hubs (8),2024,gas,ammonia,service,1.5,0.0,1035,146,0.013431366783469059,0.013954996140572544,0.07814222090078199,0.07876055877378402,,,,,,,,,,,,,,,0.4606598787730275,0.0037949453949841588,0.0,0.02705314009661836,0.0,0.06666666666666667
external:yap8|-1|0|all,Yap hubs (8),2024,gas,ammonia,service,1.5,0.1,1035,146,0.012112660066704658,0.012636289423808143,0.07173297602390505,0.07224287290671957,,,,,,,,,,,,,,,0.4606598787730275,0.0037949453949841588,0.0,0.02608695652173913,0.0,0.05990338164251208
external:yap8|-1|0|all,Yap hubs (8),2024,gas,ammonia,service,2.0,0.0,1035,146,0.017568402829841737,0.018201483264722294,0.09895439836430545,0.09998578280574405,,,,,,,,,,,,,,,0.4606598787730275,0.0037949453949841588,0.0,0.034782608695652174,0.0,0.0927536231884058
external:yap8|-1|0|all,Yap hubs (8),2024,gas,ammonia,service,2.0,0.1,1035,146,0.01661888580086049,0.01718447848029304,0.09071928774247134,0.09156972121265307,,,,,,,,,,,,,,,0.4606598787730275,0.0037949453949841588,0.0,0.03285024154589372,0.0,0.08309178743961353
external:yap8|-1|0|all,Yap hubs (8),2024,gas,ammonia,operating,1.0,0.0,1035,146,0.008451744622746922,0.008591247667056568,0.050593941986119856,0.05080210183315381,,,,,,,,,,,,,,,0.4606598787730275,0.0037949453949841588,0.0,0.014492753623188406,0.0,0.044444444444444446
external:yap8|-1|0|all,Yap hubs (8),2024,gas,ammonia,operating,1.0,0.1,1035,146,0.004784821473143518,0.004908036454289455,0.046227899400647914,0.04641095476557653,,,,,,,,,,,,,,,0.4606598787730275,0.0037949453949841588,0.0,0.012560386473429951,0.0,0.03864734299516908
external:yap8|-1|0|all,Yap hubs (8),2024,gas,ammonia,operating,1.5,0.0,1035,146,0.01178238431857065,0.011997002969345623,0.070412513231292,0.07074223777980683,,,,,,,,,,,,,,,0.4606598787730275,0.0037949453949841588,0.0,0.025120772946859903,0.0,0.0647342995169082
external:yap8|-1|0|all,Yap hubs (8),2024,gas,ammonia,operating,1.5,0.1,1035,146,0.010934466294214904,0.011073969338524548,0.06464468661533106,0.06495034433159985,,,,,,,,,,,,,,,0.4606598787730275,0.0037949453949841588,0.0,0.02318840579710145,0.0,0.057971014492753624
external:yap8|-1|0|all,Yap hubs (8),2024,gas,ammonia,operating,2.0,0.0,1035,146,0.01635505210185481,0.016637158508077787,0.0886791995904633,0.08920818407988464,,,,,,,,,,,,,,,0.4606598787730275,0.0037949453949841588,0.0,0.03768115942028986,0.0,0.09951690821256039
external:yap8|-1|0|all,Yap hubs (8),2024,gas,ammonia,operating,2.0,0.1,1035,146,0.013950209165503663,0.014164827816278635,0.08145927609582077,0.08187589253211654,,,,,,,,,,,,,,,0.4606598787730275,0.0037949453949841588,0.0,0.033816425120772944,0.0,0.08502415458937199
external:yap8|-1|0|all,Yap hubs (8),2024,general,methanol,service,1.0,0.0,1886,557,0.053233502313558785,0.0542800652214101,0.23196048074344758,0.23468951343000788,,,0.17515666517274348,0.17700929448223462,,,,,0.17299938952689922,0.17476991067107667,,,,,0.7264561866694361,0.018002953580376325,0.0,0.042417815482502653,0.15304283714008188,0.14528101802757157
external:yap8|-1|0|all,Yap hubs (8),2024,general,methanol,service,1.0,0.1,1886,557,0.04737532713248996,0.04787737116888601,0.2139642445499363,0.21641965086420872,,,,,,,,,,,,,,,0.7264561866694361,0.018002953580376325,0.0,0.03923647932131495,0.1380059657574265,0.12036055143160128
external:yap8|-1|0|all,Yap hubs (8),2024,general,methanol,service,1.5,0.0,1886,557,0.08884593949548655,0.0908739377970479,0.3141058340936634,0.31841383603705276,,,0.23652722428972164,0.23992153049153275,,,,,0.23369397372123693,0.2369378449421721,,,,,0.7264561866694361,0.018002953580376325,0.0,0.06680805938494168,0.22568153194256257,0.2513255567338282
external:yap8|-1|0|all,Yap hubs (8),2024,general,methanol,service,1.5,0.1,1886,557,0.07721744609279842,0.07888676291056573,0.29064172817999245,0.29447960685406505,,,,,,,,,,,,,,,0.7264561866694361,0.018002953580376325,0.0,0.05885471898197243,0.20500371797659628,0.2163308589607635
external:yap8|-1|0|all,Yap hubs (8),2024,general,methanol,service,2.0,0.0,1886,557,0.13588978913208444,0.13902318059639715,0.38248085555896605,0.38870071335415063,,,0.30053429230362716,0.30571503897532537,,,,,0.2971681008983686,0.30211923790018375,,,,,0.7264561866694361,0.018002953580376325,0.0,0.10816542948038176,0.2978691555941146,0.3356309650053022
external:yap8|-1|0|all,Yap hubs (8),2024,general,methanol,service,2.0,0.1,1886,557,0.11350394939031586,0.11575279900860266,0.35651332366894173,0.3619864331865682,,,,,,,,,,,,,,,0.7264561866694361,0.018002953580376325,0.0,0.08748674443266172,0.2712964512179558,0.3006362672322375
external:yap8|-1|0|all,Yap hubs (8),2024,general,methanol,operating,1.0,0.0,1886,557,0.054379713289465226,0.05510422112539851,0.23861054860343575,0.2409193862732738,0.23657600151310787,0.23858752277454356,0.1759263009423256,0.1776990660190111,0.17650126407060499,0.1783018318994365,0.3462261481979695,0.3565770568951745,0.17366767705267572,0.17536187353108135,0.1741991233145334,0.17591989033259792,0.33643735305082384,0.34612793665510555,0.7264561866694361,0.018002953580376325,0.0,0.04612937433722163,0.15546057620352374,0.15482502651113467
external:yap8|-1|0|all,Yap hubs (8),2024,general,methanol,operating,1.0,0.1,1886,557,0.047775480206542015,0.048340453727640106,0.2198688417691466,0.22189048878586043,,,,,,,,,,,,,,,0.7264561866694361,0.018002953580376325,0.0,0.04188759278897137,0.13905525235579855,0.1357370095440085
external:yap8|-1|0|all,Yap hubs (8),2024,general,methanol,operating,1.5,0.0,1886,557,0.09527141152128964,0.09678542270770099,0.3222395910544125,0.32619306962629907,0.3194955639747163,0.32318362488484065,0.23797956637266365,0.241575654274903,0.23765588662706763,0.24120165028504287,0.4348444577946146,0.4506045807248722,0.23458599445456443,0.2380227044507938,0.2343864989101408,0.23777511502267848,0.4245437271518794,0.43950034589875503,0.7264561866694361,0.018002953580376325,0.0,0.0689289501590668,0.22802699756954922,0.26299045599151644
external:yap8|-1|0|all,Yap hubs (8),2024,general,methanol,operating,1.5,0.1,1886,557,0.08369977023253199,0.08517901471394422,0.2989240545352513,0.30236917696376403,,,,,,,,,,,,,,,0.7264561866694361,0.018002953580376325,0.0,0.06097560975609756,0.20649712828337136,0.23435843054082714
external:yap8|-1|0|all,Yap hubs (8),2024,general,methanol,operating,2.0,0.0,1886,557,0.15142649938360553,0.15417737528072123,0.3897494501079844,0.3956912700124527,0.3865185582024733,0.3921317645462861,0.30250791925227244,0.30798094232862017,0.30099795716881245,0.30673341129950116,0.49897974477025314,0.519656399078225,0.2986874836121838,0.3039179433860856,0.2973338317687198,0.30281509170443444,0.4875735448623286,0.507142257321389,0.7264561866694361,0.018002953580376325,0.0,0.12089077412513255,0.29818969867751566,0.3457051961823966
external:yap8|-1|0|all,Yap hubs (8),2024,general,methanol,operating,2.0,0.1,1886,557,0.12524962053914365,0.1275695030045813,0.3644915210299558,0.3695285466903706,,,,,,,,,,,,,,,0.7264561866694361,0.018002953580376325,0.0,0.09703075291622482,0.26961646590307353,0.3112407211028632
external:yap8|-1|0|all,Yap hubs (8),2024,general,ammonia,service,1.0,0.0,1886,557,0.042355554703207,0.04276493780653921,0.19626633605415597,0.198456994282081,,,,,,,,,,,,,,,0.7264561866694361,0.018002953580376325,0.0,0.03552492046659597,0.12299127506318314,0.10127253446447508
external:yap8|-1|0|all,Yap hubs (8),2024,general,ammonia,service,1.0,0.1,1886,557,0.036913791998525486,0.03718704994618204,0.18088206212053357,0.18281140917994382,,,,,,,,,,,,,,,0.7264561866694361,0.018002953580376325,0.0,0.032873806998939555,0.11052017580820131,0.08695652173913043
external:yap8|-1|0|all,Yap hubs (8),2024,general,ammonia,service,1.5,0.0,1886,557,0.06627477576479296,0.06790644469057895,0.2675230249232521,0.27093089086159144,,,,,,,,,,,,,,,0.7264561866694361,0.018002953580376325,0.0,0.051961823966065745,0.18493622497362316,0.1914103923647932
external:yap8|-1|0|all,Yap hubs (8),2024,general,ammonia,service,1.5,0.1,1886,557,0.05896223248084212,0.060390281473148344,0.24710879263281707,0.25011065859028925,,,,,,,,,,,,,,,0.7264561866694361,0.018002953580376325,0.0,0.04559915164369035,0.16871963242373297,0.16595970307529162
external:yap8|-1|0|all,Yap hubs (8),2024,general,ammonia,service,2.0,0.0,1886,557,0.09824817196027327,0.10035149850548192,0.3302041194825581,0.3349642430896434,,,,,,,,,,,,,,,0.7264561866694361,0.018002953580376325,0.0,0.07582184517497349,0.24231969962362956,0.27200424178154825
external:yap8|-1|0|all,Yap hubs (8),2024,general,ammonia,service,2.0,0.1,1886,557,0.08335876992404825,0.08520738178187441,0.30624622452028966,0.3103828905118038,,,,,,,,,,,,,,,0.7264561866694361,0.018002953580376325,0.0,0.06415694591728525,0.21856449925040544,0.23700954400848356
external:yap8|-1|0|all,Yap hubs (8),2024,general,ammonia,operating,1.0,0.0,1886,557,0.04221871786796193,0.04257555586309748,0.20144235548260642,0.20306681114501668,,,,,,,,,,,,,,,0.7264561866694361,0.018002953580376325,0.0,0.03711558854718982,0.12374143096122002,0.10604453870625663
external:yap8|-1|0|all,Yap hubs (8),2024,general,ammonia,operating,1.0,0.1,1886,557,0.03724364146360879,0.03760047945874435,0.1855085197077719,0.18689383911045707,,,,,,,,,,,,,,,0.7264561866694361,0.018002953580376325,0.0,0.0344644750795334,0.11185204075533386,0.08642629904559915
external:yap8|-1|0|all,Yap hubs (8),2024,general,ammonia,operating,1.5,0.0,1886,557,0.06930688139285435,0.07060673943053139,0.2752805001894597,0.27827890380838266,,,,,,,,,,,,,,,0.7264561866694361,0.018002953580376325,0.0,0.05408271474019088,0.18607507757589825,0.2073170731707317
external:yap8|-1|0|all,Yap hubs (8),2024,general,ammonia,operating,1.5,0.1,1886,557,0.059580262624954944,0.06042098010395443,0.2543323307829737,0.25694664361149344,,,,,,,,,,,,,,,0.7264561866694361,0.018002953580376325,0.0,0.048250265111346766,0.168872617954268,0.1792152704135737
external:yap8|-1|0|all,Yap hubs (8),2024,general,ammonia,operating,2.0,0.0,1886,557,0.10838692463869967,0.11022142825226376,0.3384194653726391,0.34275946037015165,,,,,,,,,,,,,,,0.7264561866694361,0.018002953580376325,0.0,0.08218451749734888,0.24273328396917337,0.2815482502651113
external:yap8|-1|0|all,Yap hubs (8),2024,general,ammonia,operating,2.0,0.1,1886,557,0.09114956742554428,0.09266357861195564,0.31439639402235386,0.3181651956558432,,,,,,,,,,,,,,,0.7264561866694361,0.018002953580376325,0.0,0.06733828207847296,0.22003110282092642,0.2518557794273595
external:yap8|-1|0|all,Yap hubs (8),2024,roro,methanol,service,1.0,0.0,538,158,0.06450242241268558,0.06467038502384011,0.3426642872428882,0.34415344840568324,,,0.3848475208765585,0.3853413749064266,,,,,0.3810673297739886,0.38155414555724476,,,,,0.8792963626748923,0.005329017663573006,0.0026741440078214456,0.03903345724907063,0.31941136978397344,0.23977695167286245
external:yap8|-1|0|all,Yap hubs (8),2024,roro,methanol,service,1.0,0.1,538,158,0.05246748082664678,0.05263544343780131,0.31393122178238264,0.31529909695096897,,,,,,,,,,,,,,,0.8792963626748923,0.005329017663573006,0.001415582199960417,0.03345724907063197,0.2860136570343115,0.19330855018587362
external:yap8|-1|0|all,Yap hubs (8),2024,roro,methanol,service,1.5,0.0,538,158,0.16015635490113153,0.16130096870318172,0.46325678686685906,0.46547806011903814,,,0.5099464502999902,0.51091085886683,,,,,0.5050497367141901,0.506000400844582,,,,,0.8792963626748923,0.005329017663573006,0.05184732315997667,0.09107806691449814,0.45610386922524515,0.44052044609665425
external:yap8|-1|0|all,Yap hubs (8),2024,roro,methanol,service,1.5,0.1,538,158,0.12597103770063797,0.12639599361252205,0.43116381155919303,0.4331521174140312,,,,,,,,,,,,,,,0.8792963626748923,0.005329017663573006,0.022928802312426205,0.07434944237918216,0.4186763679551706,0.41263940520446096
external:yap8|-1|0|all,Yap hubs (8),2024,roro,methanol,service,2.0,0.0,538,158,0.26287103463142736,0.26516936102953403,0.548029609799107,0.5510766719623497,,,0.6050065258648798,0.6068846140954465,,,,,0.5993741477888979,0.6012254701183556,,,,,0.8792963626748923,0.005329017663573006,0.15472477813785432,0.20446096654275092,0.5554834057987406,0.5539033457249071
external:yap8|-1|0|all,Yap hubs (8),2024,roro,methanol,service,2.0,0.1,538,158,0.21855855979680702,0.22029034513612966,0.5176338619043876,0.5203322945114721,,,,,,,,,,,,,,,0.8792963626748923,0.005329017663573006,0.1346409423787425,0.14312267657992564,0.5190143162955281,0.5130111524163569
external:yap8|-1|0|all,Yap hubs (8),2024,roro,methanol,operating,1.0,0.0,538,158,0.05072673672078097,0.05089469933193551,0.2965794827518864,0.2976990553188008,0.2944816804040738,0.2955297613096295,0.34658044103398844,0.34682718214026864,0.34565183594022736,0.34601955545239393,0.5729601146924201,0.5747524456639563,0.34311501407176714,0.343358238704251,0.34214248760532323,0.3425049664988977,0.565513369320658,0.5672801565748777,0.8792963626748923,0.005329017663573006,0.0016894115156495578,0.03531598513011153,0.2699873134101506,0.1691449814126394
external:yap8|-1|0|all,Yap hubs (8),2024,roro,methanol,operating,1.0,0.1,538,158,0.04393485773655355,0.044102820347708085,0.27129325695826917,0.27229342707097237,,,,,,,,,,,,,,,0.8792963626748923,0.005329017663573006,0.0012908189532384981,0.031598513011152414,0.24712056088973278,0.13011152416356878
external:yap8|-1|0|all,Yap hubs (8),2024,roro,methanol,operating,1.5,0.0,538,158,0.11067285542648791,0.11154568164918913,0.4084989884524298,0.41026607196778997,0.40510224190401883,0.4067935290235978,0.44861480363511247,0.44921884607196344,0.43957327693103126,0.4403575265795868,0.6942686473585851,0.6966803191834686,0.4440519744663727,0.44464740828736254,0.43503863204700366,0.43581170482527354,0.6858750859471663,0.6882523874112293,0.8792963626748923,0.005329017663573006,0.016442257971216012,0.0762081784386617,0.3895460117651447,0.36617100371747213
external:yap8|-1|0|all,Yap hubs (8),2024,roro,methanol,operating,1.5,0.1,538,158,0.08940605409850333,0.08983101001038739,0.3773930736205592,0.3789119145398505,,,,,,,,,,,,,,,0.8792963626748923,0.005329017663573006,0.008263017383859327,0.05947955390334572,0.35585022762519825,0.32342007434944237
external:yap8|-1|0|all,Yap hubs (8),2024,roro,methanol,operating,2.0,0.0,538,158,0.1918040000650781,0.19366049003166702,0.49627820701347364,0.4987915853048716,0.4933527415952928,0.495750679660077,0.5474409310721339,0.5484224285967728,0.5361099797692133,0.5372681780106963,0.7677600629970813,0.77136061050684,0.5422550460035627,0.543222555545499,0.5307109172393468,0.5318526092171242,0.7591696405401677,0.7627188742202455,0.8792963626748923,0.005329017663573006,0.11166361582203573,0.12639405204460966,0.4967596273750976,0.49814126394052044
external:yap8|-1|0|all,Yap hubs (8),2024,roro,methanol,operating,2.0,0.1,538,158,0.15568875002226928,0.1575452399888582,0.46413748390993576,0.46636854117237225,,,,,,,,,,,,,,,0.8792963626748923,0.005329017663573006,0.04504527695339935,0.10408921933085502,0.45688579796725604,0.4368029739776952
external:yap8|-1|0|all,Yap hubs (8),2024,roro,ammonia,service,1.0,0.0,538,158,0.04619649163775992,0.04636445424891446,0.2858198077935096,0.2870784398910026,,,,,,,,,,,,,,,0.8792963626748923,0.005329017663573006,0.0011663196501578666,0.031598513011152414,0.25693730322594144,0.13197026022304834
external:yap8|-1|0|all,Yap hubs (8),2024,roro,ammonia,service,1.0,0.1,538,158,0.03980087188768212,0.039968834498836654,0.2611610278284676,0.2623301874557699,,,,,,,,,,,,,,,0.8792963626748923,0.005329017663573006,0.0007380350731855726,0.027881040892193308,0.23343886666313904,0.09665427509293681
external:yap8|-1|0|all,Yap hubs (8),2024,roro,ammonia,service,1.5,0.0,538,158,0.09472495031135757,0.09514990622324163,0.3973048951424849,0.3990827497890834,,,,,,,,,,,,,,,0.8792963626748923,0.005329017663573006,0.00792238125159208,0.06133828996282528,0.38080087663331535,0.3420074349442379
external:yap8|-1|0|all,Yap hubs (8),2024,roro,ammonia,service,1.5,0.1,538,158,0.07987642564978839,0.08004438826094293,0.3661866919265235,0.36779347998000356,,,,,,,,,,,,,,,0.8792963626748923,0.005329017663573006,0.005536956823118434,0.046468401486988845,0.3447368362688873,0.28810408921933084
external:yap8|-1|0|all,Yap hubs (8),2024,roro,ammonia,service,2.0,0.0,538,158,0.1828646014919929,0.18428982394198073,0.4844027503955968,0.48679860750520243,,,,,,,,,,,,,,,0.8792963626748923,0.005329017663573006,0.08992686525281184,0.10966542750929369,0.4807974125818265,0.47769516728624534
external:yap8|-1|0|all,Yap hubs (8),2024,roro,ammonia,service,2.0,0.1,538,158,0.14475925893237787,0.14563208515507908,0.45264806029649246,0.4547774685743814,,,,,,,,,,,,,,,0.8792963626748923,0.005329017663573006,0.02756959553257002,0.08550185873605948,0.44540922495109636,0.4368029739776952
external:yap8|-1|0|all,Yap hubs (8),2024,roro,ammonia,operating,1.0,0.0,538,158,0.03749221300930288,0.03766017562045742,0.24657339440751716,0.24746976859542463,,,,,,,,,,,,,,,0.8792963626748923,0.005329017663573006,0.0006382796463838074,0.027881040892193308,0.22282585032363664,0.10037174721189591
external:yap8|-1|0|all,Yap hubs (8),2024,roro,ammonia,operating,1.0,0.1,538,158,0.03342552808713959,0.03359349069829412,0.224974396357241,0.2257814805203547,,,,,,,,,,,,,,,0.8792963626748923,0.005329017663573006,0.0005188412384311216,0.020446096654275093,0.20155000395013667,0.07992565055762081
external:yap8|-1|0|all,Yap hubs (8),2024,roro,ammonia,operating,1.5,0.0,538,158,0.07340129920156124,0.07356926181271578,0.34590825018623367,0.34725598155944337,,,,,,,,,,,,,,,0.8792963626748923,0.005329017663573006,0.004549063105372782,0.046468401486988845,0.32643034172844443,0.26579925650557623
external:yap8|-1|0|all,Yap hubs (8),2024,roro,ammonia,operating,1.5,0.1,538,158,0.06052450505213755,0.06069246766329209,0.3177458995278759,0.31896129219011066,,,,,,,,,,,,,,,0.8792963626748923,0.005329017663573006,0.0028562665251407903,0.03717472118959108,0.2925099226198078,0.21561338289962825
external:yap8|-1|0|all,Yap hubs (8),2024,roro,ammonia,operating,2.0,0.0,538,158,0.12595360059538835,0.12740477728677335,0.42989170442928526,0.4318269206721579,,,,,,,,,,,,,,,0.8792963626748923,0.005329017663573006,0.024857467750014642,0.08364312267657993,0.41517481653088806,0.4070631970260223
external:yap8|-1|0|all,Yap hubs (8),2024,roro,ammonia,operating,2.0,0.1,538,158,0.10248977977396402,0.10291473568584807,0.3980788598007004,0.3997676332620886,,,,,,,,,,,,,,,0.8792963626748923,0.005329017663573006,0.014133499216160307,0.0687732342007435,0.37635239215230737,0.35687732342007433
external:bunker10|-1|0|all,top-10 bunker ports,2024,all,methanol,service,1.0,0.0,19981,3054,0.1192792109282595,0.12118206444204588,0.3912619301296538,0.3929677071908466,,,0.39118295015311777,0.3926936022592651,,,,,0.3927309685712561,0.39421513471102876,,,,,0.8495800356741289,0.02444936258076534,0.004578596536043778,0.08127721335268505,0.36228294624204893,0.3314648916470647
external:bunker10|-1|0|all,top-10 bunker ports,2024,all,methanol,service,1.0,0.1,19981,3054,0.1005948394363338,0.10224132272919025,0.36276597354925405,0.3643009899094176,,,,,,,,,,,,,,,0.8495800356741289,0.02444936258076534,0.0022637901278896966,0.0684149942445323,0.32994908001219236,0.2861718632701066
external:bunker10|-1|0|all,top-10 bunker ports,2024,all,methanol,service,1.5,0.0,19981,3054,0.23191791912945894,0.23532707726800833,0.5032350339690616,0.5058165175329141,,,0.5034554754518036,0.5058047717705146,,,,,0.5042658746604857,0.5065756602273145,,,,,0.8495800356741289,0.02444936258076534,0.06475975425727891,0.17011160602572445,0.5091960417059745,0.5099844852609979
external:bunker10|-1|0|all,top-10 bunker ports,2024,all,methanol,service,1.5,0.1,19981,3054,0.19921312465779267,0.20207689564960654,0.4744430853116168,0.4767565292987609,,,,,,,,,,,,,,,0.8495800356741289,0.02444936258076534,0.04108647780803524,0.14063360192182572,0.467197739640828,0.4671938341424353
external:bunker10|-1|0|all,top-10 bunker ports,2024,all,methanol,service,2.0,0.0,19981,3054,0.32218218920008246,0.3268880375897749,0.5791029913813147,0.5825896210832577,,,0.5823592796950245,0.5854666776121515,,,,,0.5826624243521042,0.585713818936194,,,,,0.8495800356741289,0.02444936258076534,0.16437219237694767,0.2629498023121966,0.6357708839554818,0.6077773885190931
external:bunker10|-1|0|all,top-10 bunker ports,2024,all,methanol,service,2.0,0.1,19981,3054,0.2900237791722827,0.29418718332682314,0.5517813497802303,0.5549046138470035,,,,,,,,,,,,,,,0.8495800356741289,0.02444936258076534,0.12361146484682271,0.2267153796106301,0.5875032684672291,0.5764976727891497
external:bunker10|-1|0|all,top-10 bunker ports,2024,all,methanol,operating,1.0,0.0,19981,3054,0.1654518291718148,0.16754112181024416,0.4227923968726737,0.4244017436013145,0.4200427015028495,0.42162013906408585,0.41802775863123565,0.4197031470447267,0.41618019517122123,0.41781829224748124,0.5969133321567258,0.6030515861595034,0.4189377012481452,0.4205822388386634,0.41715790004115805,0.41877107308571476,0.5941734732019804,0.6001823174547702,0.8495800356741289,0.02444936258076534,0.01245118294147217,0.10394875131374806,0.38474209589819014,0.36759921925829536
external:bunker10|-1|0|all,top-10 bunker ports,2024,all,methanol,operating,1.0,0.1,19981,3054,0.14191881541561627,0.1435677704344145,0.3957215657748808,0.3971639998059407,,,,,,,,,,,,,,,0.8495800356741289,0.02444936258076534,0.003948150614855281,0.08803363195035284,0.3513437318923404,0.3224062859716731
external:bunker10|-1|0|all,top-10 bunker ports,2024,all,methanol,operating,1.5,0.0,19981,3054,0.2706548732611918,0.27410254470125195,0.5279995239079701,0.5304927537063681,0.5254164673264101,0.5279287596660933,0.5201890271613148,0.5227647559071874,0.518242820959852,0.5208100120650798,0.6951955517246501,0.7031684871586943,0.5206291773245104,0.5231614441522229,0.5187644256396798,0.5212883562190781,0.6923785485988934,0.7001596031194268,0.8495800356741289,0.02444936258076534,0.08312212449889333,0.19558580651619037,0.5387214452059741,0.5325058805865572
external:bunker10|-1|0|all,top-10 bunker ports,2024,all,methanol,operating,1.5,0.1,19981,3054,0.24234153430303662,0.24529955837571915,0.5008642243676181,0.5030793511372086,,,,,,,,,,,,,,,0.8495800356741289,0.02444936258076534,0.0568472534151362,0.1672588959511536,0.49469699884782087,0.49477003152995347
external:bunker10|-1|0|all,top-10 bunker ports,2024,all,methanol,operating,2.0,0.0,19981,3054,0.3595465586844419,0.3645525737688719,0.6001384206519494,0.6035538316700053,0.5980399516511826,0.601452343914037,0.5954485265957464,0.598911827123935,0.5927845420553982,0.5963325236243834,0.751357950562471,0.7611699786365049,0.5954473638358507,0.5988462657307995,0.5928668284152206,0.5963484138304733,0.7484539175539461,0.7580192068529328,0.8495800356741289,0.02444936258076534,0.1951282785649942,0.2951303738551624,0.6624036346586608,0.6230919373404734
external:bunker10|-1|0|all,top-10 bunker ports,2024,all,methanol,operating,2.0,0.1,19981,3054,0.3250791384737688,0.3294353874125888,0.574371875008717,0.5774373503614217,,,,,,,,,,,,,,,0.8495800356741289,0.02444936258076534,0.1497605148981256,0.2551924328111706,0.6163756201498479,0.5906110805265001
external:bunker10|-1|0|all,top-10 bunker ports,2024,all,ammonia,service,1.0,0.0,19981,3054,0.08551102482851182,0.08692859924585271,0.3340662328589803,0.33542456935083725,,,,,,,,,,,,,,,0.8495800356741289,0.02444936258076534,0.00147926138621879,0.05775486712376758,0.2988229528241859,0.2420299284320104
external:bunker10|-1|0|all,top-10 bunker ports,2024,all,ammonia,service,1.0,0.1,19981,3054,0.07223416981075828,0.07338464113010913,0.30835809052669433,0.3095849975442202,,,,,,,,,,,,,,,0.8495800356741289,0.02444936258076534,0.0011304395301795559,0.04929683199039087,0.272214922416364,0.2050948400980932
external:bunker10|-1|0|all,top-10 bunker ports,2024,all,ammonia,service,1.5,0.0,19981,3054,0.16637647986570303,0.16892164326309034,0.44355605511963253,0.4456216087476648,,,,,,,,,,,,,,,0.8495800356741289,0.02444936258076534,0.02514431344300941,0.11370802262149042,0.425678229509958,0.4156448626194885
external:bunker10|-1|0|all,top-10 bunker ports,2024,all,ammonia,service,1.5,0.1,19981,3054,0.13850477181047155,0.14071514468812749,0.41425936631240684,0.41611406346753455,,,,,,,,,,,,,,,0.8495800356741289,0.02444936258076534,0.01267024771896076,0.09438967018667735,0.38904229149298003,0.3693008357940043
external:bunker10|-1|0|all,top-10 bunker ports,2024,all,ammonia,service,2.0,0.0,19981,3054,0.2549726367414021,0.2586736962173767,0.5222204819012618,0.5250060405656504,,,,,,,,,,,,,,,0.8495800356741289,0.02444936258076534,0.08727881156593853,0.19068114708973524,0.5387275301744441,0.535959161203143
external:bunker10|-1|0|all,top-10 bunker ports,2024,all,ammonia,service,2.0,0.1,19981,3054,0.22153514966585142,0.22474496863687143,0.4937731691368636,0.49626026154550007,,,,,,,,,,,,,,,0.8495800356741289,0.02444936258076534,0.057602044333077036,0.1599019068114709,0.49463033427292874,0.4940693658976027
external:bunker10|-1|0|all,top-10 bunker ports,2024,all,ammonia,operating,1.0,0.0,19981,3054,0.11770744107924677,0.11909715143228844,0.3673566884111223,0.3686255771275168,,,,,,,,,,,,,,,0.8495800356741289,0.02444936258076534,0.0018905781422361252,0.07281917821930835,0.3175568883403495,0.2771633051398829
external:bunker10|-1|0|all,top-10 bunker ports,2024,all,ammonia,operating,1.0,0.1,19981,3054,0.09849129808377916,0.09970067554733374,0.34116887002017393,0.3422970257724665,,,,,,,,,,,,,,,0.8495800356741289,0.02444936258076534,0.0013480315546381546,0.05940643611430859,0.2895705654037332,0.23742555427656273
external:bunker10|-1|0|all,top-10 bunker ports,2024,all,ammonia,operating,1.5,0.0,19981,3054,0.21147720462689862,0.21402180898362447,0.4719048889767938,0.4738693506334873,,,,,,,,,,,,,,,0.8495800356741289,0.02444936258076534,0.035492240467681686,0.14028326910565037,0.4517015801190393,0.4494770031529953
external:bunker10|-1|0|all,top-10 bunker ports,2024,all,ammonia,operating,1.5,0.1,19981,3054,0.1848576012764559,0.1871499408519606,0.44435751596168643,0.44611706993540456,,,,,,,,,,,,,,,0.8495800356741289,0.02444936258076534,0.021184356374529714,0.11851258695760973,0.4140402706648909,0.40428406986637305
external:bunker10|-1|0|all,top-10 bunker ports,2024,all,ammonia,operating,2.0,0.0,19981,3054,0.29090814980185764,0.29454702838254493,0.546159594448063,0.5488466511795171,,,,,,,,,,,,,,,0.8495800356741289,0.02444936258076534,0.10681300674286998,0.21705620339322357,0.5682587392999778,0.5558280366348031
external:bunker10|-1|0|all,top-10 bunker ports,2024,all,ammonia,operating,2.0,0.1,19981,3054,0.26082884996140276,0.2641014337587177,0.5190604188890614,0.5214597199144462,,,,,,,,,,,,,,,0.8495800356741289,0.02444936258076534,0.07253387996044867,0.18612682047945547,0.5240876495821691,0.5207947550172664
external:bunker10|-1|0|all,top-10 bunker ports,2024,container,methanol,service,1.0,0.0,2926,858,0.2088302291699326,0.20980541898852756,0.5196324762456066,0.5205297353985382,,,0.5005479438868446,0.5017296581958538,,,,,0.501723894702809,0.502888772097001,,,,,0.8705650265504769,0.05858587111100605,0.05516211227934011,0.1975393028024607,0.4549575869064473,0.47163362952836635
external:bunker10|-1|0|all,top-10 bunker ports,2024,container,methanol,service,1.0,0.1,2926,858,0.17422306937192608,0.17512676166347463,0.4859827665611309,0.4867822120840661,,,,,,,,,,,,,,,0.8705650265504769,0.05858587111100605,0.03910780774312568,0.16712235133287764,0.4193794714007586,0.44429254955570746
external:bunker10|-1|0|all,top-10 bunker ports,2024,container,methanol,service,1.5,0.0,2926,858,0.3961023342973364,0.3984335467885957,0.6330558281952492,0.6344554868815259,,,0.6191423672794041,0.6209886130629428,,,,,0.6189441015220319,0.620764042231026,,,,,0.8705650265504769,0.05858587111100605,0.1849205676071915,0.3530416951469583,0.6221492168085976,0.5628844839371155
external:bunker10|-1|0|all,top-10 bunker ports,2024,container,methanol,service,1.5,0.1,2926,858,0.3486977113087973,0.3504387881627417,0.6069094834586405,0.6081781582621573,,,,,,,,,,,,,,,0.8705650265504769,0.05858587111100605,0.1354435793836654,0.31305536568694464,0.5797924260257268,0.5468215994531784
external:bunker10|-1|0|all,top-10 bunker ports,2024,container,methanol,service,2.0,0.0,2926,858,0.5072315075457485,0.5103606926997012,0.6921716044889201,0.6939774281103035,,,0.6792818232882244,0.6817442966525616,,,,,0.6784799654747262,0.680907353832511,,,,,0.8705650265504769,0.05858587111100605,0.34746540903480017,0.4354066985645933,0.7429918263126354,0.6093643198906357
external:bunker10|-1|0|all,top-10 bunker ports,2024,container,methanol,service,2.0,0.1,2926,858,0.47518582654846997,0.478079781516855,0.6721834838616352,0.6738332703807512,,,,,,,,,,,,,,,0.8705650265504769,0.05858587111100605,0.2839325241583329,0.4107997265892003,0.6947535244595378,0.5939849624060151
external:bunker10|-1|0|all,top-10 bunker ports,2024,container,methanol,operating,1.0,0.0,2926,858,0.34441984443374607,0.34633202926868056,0.5994996257182839,0.6005781643171445,0.594759414168489,0.5957813920319049,0.5856541135183196,0.5873116930323569,0.5801719246401242,0.5817315156980413,0.6927852558621597,0.6982813918144463,0.5854486201813386,0.5870825827137859,0.5799616174938668,0.5814989876972242,0.6903381176873539,0.6957559453951779,0.8705650265504769,0.05858587111100605,0.11771880921837544,0.2966507177033493,0.5523570453327544,0.5328092959671907
external:bunker10|-1|0|all,top-10 bunker ports,2024,container,methanol,operating,1.0,0.1,2926,858,0.29931507363940896,0.3009077515742565,0.5715853484965578,0.5725569911734681,,,,,,,,,,,,,,,0.8705650265504769,0.05858587111100605,0.08789853711777554,0.258714969241285,0.5161455148120522,0.5116199589883801
external:bunker10|-1|0|all,top-10 bunker ports,2024,container,methanol,operating,1.5,0.0,2926,858,0.5025297817935639,0.505396712273625,0.6897865649666527,0.6913356689965703,0.6865443979776278,0.688101608698559,0.6759735932389809,0.6783597441756399,0.6726499642479727,0.6750600657324273,0.7637931488896259,0.7713542497990428,0.6748437057240101,0.6771958590863361,0.6715565455653545,0.6739323082311243,0.7607915237107938,0.7682448950183138,0.8705650265504769,0.05858587111100605,0.31502121075534273,0.4244702665755297,0.7159242612352652,0.5970608339029392
external:bunker10|-1|0|all,top-10 bunker ports,2024,container,methanol,operating,1.5,0.1,2926,858,0.46391660803755497,0.4665121213930264,0.6691658432074616,0.6705570973500037,,,,,,,,,,,,,,,0.8705650265504769,0.05858587111100605,0.2586134628985365,0.3964456596035543,0.6736534101819085,0.5833902939166097
external:bunker10|-1|0|all,top-10 bunker ports,2024,container,methanol,operating,2.0,0.0,2926,858,0.5917820145764656,0.5958482657520136,0.7377292069599388,0.7398027625414234,0.7357524037546617,0.7378322706846493,0.7249529098950659,0.7283378109641928,0.7237770241996183,0.7271983205790395,0.7994959715661341,0.8092900968117497,0.7233823680711035,0.7267190415013411,0.7222153183077494,0.7255878684925402,0.7961525436673975,0.8058071234650187,0.8705650265504769,0.05858587111100605,0.46840961337733644,0.49111414900888584,0.8297019939203335,0.6319207108680793
external:bunker10|-1|0|all,top-10 bunker ports,2024,container,methanol,operating,2.0,0.1,2926,858,0.5559788108200454,0.5596332455933071,0.7217808833329971,0.7236492218495388,,,,,,,,,,,,,,,0.8705650265504769,0.05858587111100605,0.4149058359148269,0.4678742310321258,0.7870958290569958,0.6196172248803827
external:bunker10|-1|0|all,top-10 bunker ports,2024,container,ammonia,service,1.0,0.0,2926,858,0.14896731658678014,0.14977806175537442,0.45126193761045863,0.4519749185163175,,,,,,,,,,,,,,,0.8705650265504769,0.05858587111100605,0.03309210941058971,0.14661654135338345,0.38235378785882956,0.4128503075871497
external:bunker10|-1|0|all,top-10 bunker ports,2024,container,ammonia,service,1.0,0.1,2926,858,0.12496042070105275,0.12556062779687388,0.41937815449021704,0.42001179334410566,,,,,,,,,,,,,,,0.8705650265504769,0.05858587111100605,0.02732455505750915,0.1264524948735475,0.3486668203166351,0.3827751196172249
external:bunker10|-1|0|all,top-10 bunker ports,2024,container,ammonia,service,1.5,0.0,2926,858,0.2967992587020073,0.2982279087362873,0.5765008040700431,0.5776082853509551,,,,,,,,,,,,,,,0.8705650265504769,0.05858587111100605,0.09986827997452544,0.26452494873547505,0.5303349148491656,0.5194805194805194
external:bunker10|-1|0|all,top-10 bunker ports,2024,container,ammonia,service,1.5,0.1,2926,858,0.24688461621492083,0.2481141866554642,0.5456025853839834,0.5465908390645744,,,,,,,,,,,,,,,0.8705650265504769,0.05858587111100605,0.06501307172414773,0.22863978127136023,0.4864943203883589,0.4904306220095694
external:bunker10|-1|0|all,top-10 bunker ports,2024,container,ammonia,service,2.0,0.0,2926,858,0.4314722431453601,0.43402714308879625,0.6489709768809775,0.6504759353752729,,,,,,,,,,,,,,,0.8705650265504769,0.05858587111100605,0.23019608707119132,0.380041011619959,0.649463854812906,0.5755297334244702
external:bunker10|-1|0|all,top-10 bunker ports,2024,container,ammonia,service,2.0,0.1,2926,858,0.38111204555550765,0.3832684176688761,0.6246586244552581,0.6260117702147548,,,,,,,,,,,,,,,0.8705650265504769,0.05858587111100605,0.16790285606258498,0.3393711551606288,0.6105268067160448,0.5567327409432673
external:bunker10|-1|0|all,top-10 bunker ports,2024,container,ammonia,operating,1.0,0.0,2926,858,0.24902160407931678,0.25022814655237935,0.539736211545799,0.5406028184480017,,,,,,,,,,,,,,,0.8705650265504769,0.05858587111100605,0.060725963059954265,0.21941216678058784,0.47869031081356134,0.48427887901572114
external:bunker10|-1|0|all,top-10 bunker ports,2024,container,ammonia,operating,1.0,0.1,2926,858,0.20577696361201897,0.2068172858253804,0.5079887003513738,0.5087592728404283,,,,,,,,,,,,,,,0.8705650265504769,0.05858587111100605,0.043329085738236586,0.18386876281613124,0.4408535835062962,0.4579630895420369
external:bunker10|-1|0|all,top-10 bunker ports,2024,container,ammonia,operating,1.5,0.0,2926,858,0.41923728467007276,0.4216138180648133,0.645259441648889,0.6465239461187781,,,,,,,,,,,,,,,0.8705650265504769,0.05858587111100605,0.19518809505280035,0.36158578263841423,0.6320111216040714,0.5669856459330144
external:bunker10|-1|0|all,top-10 bunker ports,2024,container,ammonia,operating,1.5,0.1,2926,858,0.3779853710122157,0.38003864003145144,0.620316099328889,0.6214778547711767,,,,,,,,,,,,,,,0.8705650265504769,0.05858587111100605,0.1533454327085201,0.3253588516746411,0.587669409499568,0.5488721804511278
external:bunker10|-1|0|all,top-10 bunker ports,2024,container,ammonia,operating,2.0,0.0,2926,858,0.5239418377653735,0.5268595674754799,0.7027158716807139,0.7043697600462165,,,,,,,,,,,,,,,0.8705650265504769,0.05858587111100605,0.3460508110080325,0.4429254955570745,0.7473265059535041,0.608339029391661
external:bunker10|-1|0|all,top-10 bunker ports,2024,container,ammonia,operating,2.0,0.1,2926,858,0.489057569944939,0.4917770870057426,0.6831957815970271,0.6846818012098549,,,,,,,,,,,,,,,0.8705650265504769,0.05858587111100605,0.29273965609303104,0.41729323308270677,0.7016306963441407,0.5943267259056733
external:bunker10|-1|0|all,top-10 bunker ports,2024,bulk,methanol,service,1.0,0.0,8019,1124,0.07807261921882458,0.08006269099558454,0.3726395232632179,0.3740434421994766,,,0.31824418383603337,0.3205331515598223,,,,,0.3211147052187889,0.3233664845134128,,,,,0.8808563935654352,0.004561468501119843,0.0014983381273860783,0.04202519017333832,0.3805717602117991,0.31275720164609055
external:bunker10|-1|0|all,top-10 bunker ports,2024,bulk,methanol,service,1.0,0.1,8019,1124,0.0661256097369741,0.06783993164291242,0.3428775253590369,0.34409616351885747,,,,,,,,,,,,,,,0.8808563935654352,0.004561468501119843,0.0011075693143054396,0.03179947624392069,0.3470742808504679,0.2546452176081806
external:bunker10|-1|0|all,top-10 bunker ports,2024,bulk,methanol,service,1.5,0.0,8019,1124,0.15526470664941872,0.15889279677798504,0.5021266640531791,0.5044569455245391,,,0.4505342048596794,0.45414928223282547,,,,,0.4532829834259103,0.4568211111610014,,,,,0.8808563935654352,0.004561468501119843,0.05471026696618823,0.11684748721785759,0.5397951546076183,0.5508168100760693
external:bunker10|-1|0|all,top-10 bunker ports,2024,bulk,methanol,service,1.5,0.1,8019,1124,0.1288883402336775,0.13198162983550055,0.4664543940555411,0.46845839839035097,,,,,,,,,,,,,,,0.8808563935654352,0.004561468501119843,0.0326609509397966,0.0889138296545704,0.4944984967746776,0.49233071455293675
external:bunker10|-1|0|all,top-10 bunker ports,2024,bulk,methanol,service,2.0,0.0,8019,1124,0.2512406008911353,0.25674012834961185,0.6026180073223236,0.6059391696388706,,,0.5664978372521768,0.5713799451025104,,,,,0.5679331826253797,0.5727003510202268,,,,,0.8808563935654352,0.004561468501119843,0.16995020999744992,0.2209751839381469,0.6739158644001715,0.6790123456790124
external:bunker10|-1|0|all,top-10 bunker ports,2024,bulk,methanol,service,2.0,0.1,8019,1124,0.21323383733999052,0.21786006346455178,0.5656209855465978,0.5685467002316211,,,,,,,,,,,,,,,0.8808563935654352,0.004561468501119843,0.12223936817472345,0.17969821673525377,0.6227039785734196,0.6383588976181569
external:bunker10|-1|0|all,top-10 bunker ports,2024,bulk,methanol,operating,1.0,0.0,8019,1124,0.09800525512517964,0.10067202108459948,0.41340970392210874,0.41494104056890013,0.408394693172554,0.4098865741467949,0.35760833114169704,0.36001351648702806,0.35654554450707027,0.35902261696175924,0.7146778152530772,0.7221191613867719,0.36058984144139444,0.36295435376401325,0.35965913630955065,0.36209338032521415,0.7113394674563721,0.7185279008804234,0.8808563935654352,0.004561468501119843,0.0038782023900020704,0.0613542835765058,0.4296789874647256,0.396059359022322
external:bunker10|-1|0|all,top-10 bunker ports,2024,bulk,methanol,operating,1.0,0.1,8019,1124,0.08291860405730948,0.0850784707643235,0.38135576516843106,0.3827059101585041,,,,,,,,,,,,,,,0.8808563935654352,0.004561468501119843,0.001772698542833468,0.04801097393689986,0.39193959981901116,0.33108866442199775
external:bunker10|-1|0|all,top-10 bunker ports,2024,bulk,methanol,operating,1.5,0.0,8019,1124,0.19728527670208487,0.20162211163506297,0.5488203739407977,0.5514126749533257,0.5434082608071429,0.5459665569877393,0.5033436410271366,0.5073838407755601,0.5005582408056998,0.504529188303119,0.8338979520977153,0.8433773164720233,0.5056403903766401,0.5095908938943152,0.5028901385523055,0.5067734662334112,0.830689675373359,0.8397244778418401,0.8808563935654352,0.004561468501119843,0.10551089965832765,0.16535727646838758,0.5996691126357051,0.6127946127946128
external:bunker10|-1|0|all,top-10 bunker ports,2024,bulk,methanol,operating,1.5,0.1,8019,1124,0.16725121899832182,0.17093778700005138,0.5125775639044929,0.5148157494566532,,,,,,,,,,,,,,,0.8808563935654352,0.004561468501119843,0.06556840693159803,0.13106372365631624,0.5526066973162846,0.5667789001122334
external:bunker10|-1|0|all,top-10 bunker ports,2024,bulk,methanol,operating,2.0,0.0,8019,1124,0.3175178078657051,0.32389085633982867,0.6472580026362968,0.6508256744869219,0.6425040919503264,0.6460271313367466,0.6207927345915933,0.6262374582366436,0.6161165740202992,0.6217418088260596,0.8883017847171913,0.8994548325902912,0.621730589092964,0.6270435041766063,0.6171072526169324,0.6225952665320921,0.8856474086425691,0.896291551695417,0.8808563935654352,0.004561468501119843,0.2439327054217019,0.29754333458037163,0.7377554064117399,0.7239057239057239
external:bunker10|-1|0|all,top-10 bunker ports,2024,bulk,methanol,operating,2.0,0.1,8019,1124,0.2707985188274935,0.2763034991470213,0.6118954469420519,0.6151087088150464,,,,,,,,,,,,,,,0.8808563935654352,0.004561468501119843,0.19076691554886122,0.24304776156628008,0.6843180759070907,0.6863698715550567
external:bunker10|-1|0|all,top-10 bunker ports,2024,bulk,ammonia,service,1.0,0.0,8019,1124,0.05577974893725781,0.05720329976361338,0.31333660977538563,0.3144014589127499,,,,,,,,,,,,,,,0.8808563935654352,0.004561468501119843,0.0009106860056164935,0.024317246539468762,0.3141923844313596,0.20326724030427734
external:bunker10|-1|0|all,top-10 bunker ports,2024,bulk,ammonia,service,1.0,0.1,8019,1124,0.04663368440004349,0.0479365558095787,0.287455927870902,0.28839375662862654,,,,,,,,,,,,,,,0.8808563935654352,0.004561468501119843,0.0007718333241707024,0.01883027808953735,0.28632711130367644,0.15700211996508293
external:bunker10|-1|0|all,top-10 bunker ports,2024,bulk,ammonia,service,1.5,0.0,8019,1124,0.10669049554982947,0.10944446945113981,0.4300771558539523,0.4318212419304882,,,,,,,,,,,,,,,0.8808563935654352,0.004561468501119843,0.015324326557075161,0.06709065968325227,0.4482057796168512,0.4214989400174585
external:bunker10|-1|0|all,top-10 bunker ports,2024,bulk,ammonia,service,1.5,0.1,8019,1124,0.08943518634189655,0.09180871333649714,0.39733476931345046,0.39887864673604884,,,,,,,,,,,,,,,0.8808563935654352,0.004561468501119843,0.002359738857826076,0.052375607931163484,0.40911699758545594,0.3623893253522883
external:bunker10|-1|0|all,top-10 bunker ports,2024,bulk,ammonia,service,2.0,0.0,8019,1124,0.17621334710359524,0.180098949058116,0.5265682514288252,0.5291197508542343,,,,,,,,,,,,,,,0.8808563935654352,0.004561468501119843,0.07943777458568309,0.13655069210624765,0.5712715413363297,0.5853597705449557
external:bunker10|-1|0|all,top-10 bunker ports,2024,bulk,ammonia,service,2.0,0.1,8019,1124,0.1465604314386416,0.14995668780570778,0.4902094323692951,0.49242562657912264,,,,,,,,,,,,,,,0.8808563935654352,0.004561468501119843,0.045577785830433835,0.10712058860207008,0.5237138079708248,0.5286195286195287
external:bunker10|-1|0|all,top-10 bunker ports,2024,bulk,ammonia,operating,1.0,0.0,8019,1124,0.06872975005030608,0.07051917238904956,0.34935867116971697,0.3505264675402093,,,,,,,,,,,,,,,0.8808563935654352,0.004561468501119843,0.0011367297708195483,0.03666292555181444,0.3562933548203623,0.2724778650704577
external:bunker10|-1|0|all,top-10 bunker ports,2024,bulk,ammonia,operating,1.0,0.1,8019,1124,0.058742344717938134,0.060234308983120294,0.32106300781720315,0.32208174040959375,,,,,,,,,,,,,,,0.8808563935654352,0.004561468501119843,0.0009656218903177038,0.02706073076443447,0.32480609922674664,0.2202269609677017
external:bunker10|-1|0|all,top-10 bunker ports,2024,bulk,ammonia,operating,1.5,0.0,8019,1124,0.13649858383495211,0.13963701783657403,0.474701400027179,0.4766345302570236,,,,,,,,,,,,,,,0.8808563935654352,0.004561468501119843,0.03736817495930862,0.09814191295672778,0.5035736875201824,0.5061728395061729
external:bunker10|-1|0|all,top-10 bunker ports,2024,bulk,ammonia,operating,1.5,0.1,8019,1124,0.11296561258069845,0.1159015475404511,0.43980802494403626,0.44149674667919125,,,,,,,,,,,,,,,0.8808563935654352,0.004561468501119843,0.02108678132730204,0.07581992767177953,0.4618877289361915,0.44369622147399923
external:bunker10|-1|0|all,top-10 bunker ports,2024,bulk,ammonia,operating,2.0,0.0,8019,1124,0.22364381589739163,0.22820043471942028,0.5734349200577603,0.576257190381625,,,,,,,,,,,,,,,0.8808563935654352,0.004561468501119843,0.1357991649262695,0.19329093403167477,0.6298941292699416,0.6433470507544582
external:bunker10|-1|0|all,top-10 bunker ports,2024,bulk,ammonia,operating,2.0,0.1,8019,1124,0.18707381402825995,0.19118132250159833,0.5367832711587065,0.5392641821622478,,,,,,,,,,,,,,,0.8808563935654352,0.004561468501119843,0.09057189251076868,0.15425863574011722,0.58410301350879,0.5993265993265994
external:bunker10|-1|0|all,top-10 bunker ports,2024,tanker,methanol,service,1.0,0.0,5577,211,0.09412167553335898,0.0971048414525813,0.35069778832199666,0.35411344197797684,,,0.3900173757030611,0.3921395762197098,,,,,0.39350442928708984,0.3955871535292865,,,,,0.845169483275333,0.017490356557112393,0.004558174095470282,0.08911601219293527,0.33768456094892035,0.3189887036040882
external:bunker10|-1|0|all,top-10 bunker ports,2024,tanker,methanol,service,1.0,0.1,5577,211,0.08189668159912218,0.08442459173051764,0.32363163101985265,0.32676945108535654,,,,,,,,,,,,,,,0.845169483275333,0.017490356557112393,0.0026271696193956454,0.07943338712569482,0.3065423750317131,0.2779272010041241
external:bunker10|-1|0|all,top-10 bunker ports,2024,tanker,methanol,service,1.5,0.0,5577,211,0.19084935595423577,0.1956622542933591,0.46242342208519654,0.4672597437622016,,,0.5104593623746171,0.51352973674414,,,,,0.513540671047647,0.5165700921243906,,,,,0.845169483275333,0.017490356557112393,0.06723023956294566,0.17213555675094136,0.47641518696345425,0.4791106329567868
external:bunker10|-1|0|all,top-10 bunker ports,2024,tanker,methanol,service,1.5,0.1,5577,211,0.15914141363843626,0.16342730834474192,0.43337536015869305,0.43779617657676606,,,,,,,,,,,,,,,0.845169483275333,0.017490356557112393,0.042061660200656506,0.14219114219114218,0.4377800299554543,0.4393042854581316
external:bunker10|-1|0|all,top-10 bunker ports,2024,tanker,methanol,service,2.0,0.0,5577,211,0.26755975332952503,0.2741263540734418,0.5418638600435675,0.5482341316093944,,,0.6040377031105045,0.6079333032584832,,,,,0.6066924004425619,0.6105307566190156,,,,,0.845169483275333,0.017490356557112393,0.15271177007406805,0.2574861036399498,0.5961243277866796,0.5739644970414202
external:bunker10|-1|0|all,top-10 bunker ports,2024,tanker,methanol,service,2.0,0.1,5577,211,0.23892481801983445,0.24475448571014313,0.5128248908379845,0.518552901250682,,,,,,,,,,,,,,,0.845169483275333,0.017490356557112393,0.12007944730016343,0.22198314506006814,0.5513914631996355,0.5438407746100054
external:bunker10|-1|0|all,top-10 bunker ports,2024,tanker,methanol,operating,1.0,0.0,5577,211,0.10257632791667617,0.10533413841813014,0.35064602695723535,0.353529533375384,0.35172671094683233,0.35464093249922324,0.37482814321287083,0.3769805495553097,0.37580717406111425,0.3778917468042106,0.5708206766267436,0.577785340996298,0.37818556889896915,0.38029613264904566,0.37924412398138785,0.3813054366991011,0.5701848947114962,0.5770314932687602,0.845169483275333,0.017490356557112393,0.004283636037577406,0.0849919311457773,0.3182069506173892,0.29747175901022055
external:bunker10|-1|0|all,top-10 bunker ports,2024,tanker,methanol,operating,1.0,0.1,5577,211,0.08529819991908176,0.08725991723130377,0.3243319691248797,0.3269344741387997,,,,,,,,,,,,,,,0.845169483275333,0.017490356557112393,0.0023069449040424117,0.07333691949076565,0.28905990913435614,0.2605343374574144
external:bunker10|-1|0|all,top-10 bunker ports,2024,tanker,methanol,operating,1.5,0.0,5577,211,0.18801378084743514,0.19270875301375828,0.4574197209253173,0.46175606756207266,0.45844653636201466,0.46294887257376593,0.4894020253886953,0.49254278079123814,0.49043348618315213,0.49352103338782194,0.6968591750942388,0.7052929399262103,0.492644373013619,0.4957470337540763,0.4937566552486801,0.4968074576055833,0.6963003165114919,0.7045836913593942,0.845169483275333,0.017490356557112393,0.04836883855400169,0.15940469786623632,0.4505696155204055,0.4547247624170701
external:bunker10|-1|0|all,top-10 bunker ports,2024,tanker,methanol,operating,1.5,0.1,5577,211,0.16533221407764684,0.16918938945741907,0.4290813028463842,0.4329987395441984,,,,,,,,,,,,,,,0.845169483275333,0.017490356557112393,0.032767691885943986,0.13537744306975077,0.4158798317644948,0.4109736417428725
external:bunker10|-1|0|all,top-10 bunker ports,2024,tanker,methanol,operating,2.0,0.0,5577,211,0.2595887968539775,0.26611022961316383,0.5373136044644691,0.5431963639656175,0.5379455341037112,0.5439557215565187,0.5823719049920443,0.586215045469484,0.5801432207613075,0.5840395659319011,0.7752052816397557,0.7848769830964705,0.5850305486992622,0.5888177760304496,0.5828965929976085,0.5867356752965407,0.7742242338196033,0.7837141406467119,0.845169483275333,0.017490356557112393,0.12007944730016343,0.23489331181638873,0.5621644759715814,0.5537027075488614
external:bunker10|-1|0|all,top-10 bunker ports,2024,tanker,methanol,operating,2.0,0.1,5577,211,0.2327995579836494,0.23863614372172337,0.507789210860683,0.5130950314207088,,,,,,,,,,,,,,,0.845169483275333,0.017490356557112393,0.09377644884652929,0.204769589384974,0.5176686650717497,0.5169445938676708
external:bunker10|-1|0|all,top-10 bunker ports,2024,tanker,ammonia,service,1.0,0.0,5577,211,0.070299767363357,0.07239409546380263,0.2968183259373027,0.2995983388893915,,,,,,,,,,,,,,,0.845169483275333,0.017490356557112393,0.0018809943903277029,0.06831629908552986,0.27626223659998367,0.2336381567150798
external:bunker10|-1|0|all,top-10 bunker ports,2024,tanker,ammonia,service,1.0,0.1,5577,211,0.060488073002538174,0.06226689883438393,0.2730191909010154,0.275582948564499,,,,,,,,,,,,,,,0.845169483275333,0.017490356557112393,0.0014214222288166003,0.05953021337636722,0.250327342709036,0.2042316657701273
external:bunker10|-1|0|all,top-10 bunker ports,2024,tanker,ammonia,service,1.5,0.0,5577,211,0.12905357379885504,0.1329074181482933,0.4022771707434014,0.4063126464338441,,,,,,,,,,,,,,,0.845169483275333,0.017490356557112393,0.0218395512247596,0.11798457952304106,0.39818433862735353,0.3962703962703963
external:bunker10|-1|0|all,top-10 bunker ports,2024,tanker,ammonia,service,1.5,0.1,5577,211,0.10656436214948152,0.10984990439771218,0.3731005987186923,0.3767729161343407,,,,,,,,,,,,,,,0.845169483275333,0.017490356557112393,0.011061366774351447,0.09933656087502242,0.3652469811297192,0.3523399677245831
external:bunker10|-1|0|all,top-10 bunker ports,2024,tanker,ammonia,service,2.0,0.0,5577,211,0.20926722904556033,0.21460789961543025,0.4819356114767966,0.48709517491323834,,,,,,,,,,,,,,,0.845169483275333,0.017490356557112393,0.08805464311910749,0.19060426752734444,0.5036982060615723,0.5022413483951945
external:bunker10|-1|0|all,top-10 bunker ports,2024,tanker,ammonia,service,2.0,0.1,5577,211,0.1813279102840626,0.18611022552896997,0.45286575428124587,0.4575610605445804,,,,,,,,,,,,,,,0.845169483275333,0.017490356557112393,0.060407456191657626,0.1615563923256231,0.4644218512382125,0.46637977407208175
external:bunker10|-1|0|all,top-10 bunker ports,2024,tanker,ammonia,operating,1.0,0.0,5577,211,0.07067439589804772,0.07253104291433067,0.2975040619930245,0.299816104101861,,,,,,,,,,,,,,,0.845169483275333,0.017490356557112393,0.0016354245125458906,0.06204052357898512,0.26009634621369243,0.22503137887753272
external:bunker10|-1|0|all,top-10 bunker ports,2024,tanker,ammonia,operating,1.0,0.1,5577,211,0.061442851898509336,0.06320692644652201,0.2736574145750873,0.2757427808755211,,,,,,,,,,,,,,,0.845169483275333,0.017490356557112393,0.001244848876974152,0.0521785906401291,0.23598719861799616,0.19419042495965572
external:bunker10|-1|0|all,top-10 bunker ports,2024,tanker,ammonia,operating,1.5,0.0,5577,211,0.13997966660056346,0.14322423950557317,0.39943963722897785,0.4029341133175419,,,,,,,,,,,,,,,0.845169483275333,0.017490356557112393,0.01790634020810538,0.11403980634749865,0.37664373613375024,0.367581136811906
external:bunker10|-1|0|all,top-10 bunker ports,2024,tanker,ammonia,operating,1.5,0.1,5577,211,0.11718486360419236,0.12019888101543358,0.37190717241993254,0.37504599349725265,,,,,,,,,,,,,,,0.845169483275333,0.017490356557112393,0.00893489059838327,0.09646763492917339,0.34250494541822807,0.33064371525909986
external:bunker10|-1|0|all,top-10 bunker ports,2024,tanker,ammonia,operating,2.0,0.0,5577,211,0.20468689037641408,0.209807472877939,0.47685019985553295,0.48149178089736094,,,,,,,,,,,,,,,0.845169483275333,0.017490356557112393,0.06602741166890433,0.17410794333871257,0.47605315469308157,0.4776761699838623
external:bunker10|-1|0|all,top-10 bunker ports,2024,tanker,ammonia,operating,2.0,0.1,5577,211,0.18044035269845612,0.18487561247921555,0.44799893066806823,0.45219605181245687,,,,,,,,,,,,,,,0.845169483275333,0.017490356557112393,0.04348728355860683,0.15043930428545813,0.43878604730781984,0.43912497758651603
external:bunker10|-1|0|all,top-10 bunker ports,2024,gas,methanol,service,1.0,0.0,1035,146,0.04449085664904736,0.046884435508266195,0.16827330764106657,0.16871642106222956,,,0.14183487944587048,0.1419530302668008,,,,,0.1453841499109638,0.14549900596248128,,,,,0.6892153251158711,0.007358891398486986,0.0,0.07536231884057971,0.1475299698381529,0.25217391304347825
external:bunker10|-1|0|all,top-10 bunker ports,2024,gas,methanol,service,1.0,0.1,1035,146,0.038467270343031684,0.04068777916127327,0.15566575549138362,0.15603006092929259,,,,,,,,,,,,,,,0.6892153251158711,0.007358891398486986,0.0,0.06280193236714976,0.13288925802341756,0.23091787439613526
external:bunker10|-1|0|all,top-10 bunker ports,2024,gas,methanol,service,1.5,0.0,1035,146,0.08443718987115455,0.08806957861615514,0.2199002895140813,0.2207496725050671,,,0.18554578326970658,0.18604767625469304,,,,,0.18935233095042497,0.18984022808127832,,,,,0.6892153251158711,0.007358891398486986,0.0,0.157487922705314,0.21992144591280594,0.3507246376811594
external:bunker10|-1|0|all,top-10 bunker ports,2024,gas,methanol,service,1.5,0.1,1035,146,0.07475147440127625,0.07756988394577222,0.20586129522894292,0.20658570774295668,,,,,,,,,,,,,,,0.6892153251158711,0.007358891398486986,0.0,0.14106280193236714,0.1963832197819525,0.32463768115942027
external:bunker10|-1|0|all,top-10 bunker ports,2024,gas,methanol,service,2.0,0.0,1035,146,0.11345463374735167,0.1172493625093461,0.2602096686065473,0.2614518554218101,,,0.22031553389041672,0.22093163585944184,,,,,0.22405709552369696,0.22465601679176092,,,,,0.6892153251158711,0.007358891398486986,0.0,0.20869565217391303,0.2809907666188508,0.39903381642512076
external:bunker10|-1|0|all,top-10 bunker ports,2024,gas,methanol,service,2.0,0.1,1035,146,0.10159685574035104,0.10539158450234548,0.24502932390409063,0.24613112467111503,,,,,,,,,,,,,,,0.6892153251158711,0.007358891398486986,0.0,0.18840579710144928,0.26316352862139103,0.3739130434782609
external:bunker10|-1|0|all,top-10 bunker ports,2024,gas,methanol,operating,1.0,0.0,1035,146,0.05444984891155138,0.05488668533036654,0.15884915053931897,0.15909047483144925,0.1577331707817868,0.158005237091926,0.12973968160826613,0.12973968160826613,0.1283109439727893,0.1283109439727893,0.23034806038830183,0.23722772195864256,0.13380603065512126,0.13380603065512126,0.132606804847872,0.132606804847872,0.23112915354647162,0.23781696796465016,0.6892153251158711,0.007358891398486986,0.0,0.10241545893719807,0.12993530246001064,0.2618357487922705
external:bunker10|-1|0|all,top-10 bunker ports,2024,gas,methanol,operating,1.0,0.1,1035,146,0.04698758797134727,0.04736977696209477,0.14804555540408987,0.1482752585982705,,,,,,,,,,,,,,,0.6892153251158711,0.007358891398486986,0.0,0.08888888888888889,0.1172131043444974,0.24347826086956523
external:bunker10|-1|0|all,top-10 bunker ports,2024,gas,methanol,operating,1.5,0.0,1035,146,0.08299611807538103,0.08378940941682003,0.2048982945048371,0.20528400519318016,0.2035511688418689,0.2039199954551246,0.16741763243099256,0.1674873052306667,0.1642587232947222,0.1643699158714728,0.29356720473982073,0.3022181355683118,0.17204292964196796,0.17211065953673918,0.169187616128058,0.1692957079739129,0.29463378046373384,0.3030434702913122,0.6892153251158711,0.007358891398486986,0.0,0.15845410628019324,0.19248673322689805,0.34879227053140094
external:bunker10|-1|0|all,top-10 bunker ports,2024,gas,methanol,operating,1.5,0.1,1035,146,0.07514167629832673,0.07582990849837787,0.19201176102815254,0.1923445344097906,,,,,,,,,,,,,,,0.6892153251158711,0.007358891398486986,0.0,0.13816425120772946,0.17265940344435957,0.33816425120772947
external:bunker10|-1|0|all,top-10 bunker ports,2024,gas,methanol,operating,2.0,0.0,1035,146,0.11018207590677653,0.1122017678994005,0.24131881685903778,0.24200202531492235,0.24037719775959596,0.24098162213500468,0.19930656450433046,0.19969396817677845,0.1966531620712598,0.19714803174173062,0.3430706740255672,0.35407613512921554,0.20438559377142618,0.2047621942538468,0.20207499552394065,0.20255606519335553,0.3443661121834363,0.3550646735435754,0.6892153251158711,0.007358891398486986,0.0,0.22801932367149758,0.2490369436246834,0.39516908212560387
external:bunker10|-1|0|all,top-10 bunker ports,2024,gas,methanol,operating,2.0,0.1,1035,146,0.10090675868883535,0.10199867838833748,0.22793157894440438,0.22848615039612846,,,,,,,,,,,,,,,0.6892153251158711,0.007358891398486986,0.0,0.2028985507246377,0.22797883461805263,0.37874396135265703
external:bunker10|-1|0|all,top-10 bunker ports,2024,gas,ammonia,service,1.0,0.0,1035,146,0.032484693339412875,0.03462561046706363,0.14311672245400747,0.14341698477840398,,,,,,,,,,,,,,,0.6892153251158711,0.007358891398486986,0.0,0.051207729468599035,0.1215247770476825,0.2
external:bunker10|-1|0|all,top-10 bunker ports,2024,gas,ammonia,service,1.0,0.1,1035,146,0.02804340280622942,0.029399764796885,0.13196831411865467,0.13220518070159354,,,,,,,,,,,,,,,0.6892153251158711,0.007358891398486986,0.0,0.044444444444444446,0.11198216019954878,0.178743961352657
external:bunker10|-1|0|all,top-10 bunker ports,2024,gas,ammonia,service,1.5,0.0,1035,146,0.0619843652501144,0.06472891813799081,0.19189423286512494,0.19250041397529155,,,,,,,,,,,,,,,0.6892153251158711,0.007358891398486986,0.0,0.10917874396135266,0.1767683732982796,0.30241545893719807
external:bunker10|-1|0|all,top-10 bunker ports,2024,gas,ammonia,service,1.5,0.1,1035,146,0.05036550865650158,0.053110061544377994,0.17843327065497425,0.17893771777504308,,,,,,,,,,,,,,,0.6892153251158711,0.007358891398486986,0.0,0.08792270531400966,0.15891014911591836,0.27246376811594203
external:bunker10|-1|0|all,top-10 bunker ports,2024,gas,ammonia,service,2.0,0.0,1035,146,0.08933247461922048,0.0931272033812149,0.22947690477443275,0.23042490680192435,,,,,,,,,,,,,,,0.6892153251158711,0.007358891398486986,0.0,0.1681159420289855,0.23752361758725027,0.35942028985507246
external:bunker10|-1|0|all,top-10 bunker ports,2024,gas,ammonia,service,2.0,0.1,1035,146,0.08193293009808507,0.08492887876719746,0.21530128857131833,0.21609754618339627,,,,,,,,,,,,,,,0.6892153251158711,0.007358891398486986,0.0,0.15072463768115943,0.21377334349987376,0.34202898550724636
external:bunker10|-1|0|all,top-10 bunker ports,2024,gas,ammonia,operating,1.0,0.0,1035,146,0.038606648884854794,0.03891311442831039,0.1367904061824592,0.1370048877140555,,,,,,,,,,,,,,,0.6892153251158711,0.007358891398486986,0.0,0.07149758454106281,0.10636104515237298,0.20772946859903382
external:bunker10|-1|0|all,top-10 bunker ports,2024,gas,ammonia,operating,1.0,0.1,1035,146,0.02944475993004389,0.02956638658041629,0.12644001587312212,0.12662539156789032,,,,,,,,,,,,,,,0.6892153251158711,0.007358891398486986,0.0,0.05507246376811594,0.09417758105227973,0.178743961352657
external:bunker10|-1|0|all,top-10 bunker ports,2024,gas,ammonia,operating,1.5,0.0,1035,146,0.06782381150621071,0.06851204370626185,0.17927404850479606,0.17957598519044565,,,,,,,,,,,,,,,0.6892153251158711,0.007358891398486986,0.0,0.1246376811594203,0.15310647917100634,0.3120772946859903
external:bunker10|-1|0|all,top-10 bunker ports,2024,gas,ammonia,operating,1.5,0.1,1035,146,0.059903876865641595,0.06049676957187919,0.1677369334771187,0.16802300462941488,,,,,,,,,,,,,,,0.6892153251158711,0.007358891398486986,0.0,0.1111111111111111,0.14025286905897377,0.28599033816425123
external:bunker10|-1|0|all,top-10 bunker ports,2024,gas,ammonia,operating,2.0,0.0,1035,146,0.08855110812451297,0.08934439946595198,0.21372097390934106,0.21416605646795606,,,,,,,,,,,,,,,0.6892153251158711,0.007358891398486986,0.0,0.1758454106280193,0.2054670861261795,0.36328502415458935
external:bunker10|-1|0|all,top-10 bunker ports,2024,gas,ammonia,operating,2.0,0.1,1035,146,0.07939085390278713,0.08018414524422614,0.2006557307883797,0.2010244970213826,,,,,,,,,,,,,,,0.6892153251158711,0.007358891398486986,0.0,0.14879227053140096,0.18666980652223583,0.34299516908212563
external:bunker10|-1|0|all,top-10 bunker ports,2024,general,methanol,service,1.0,0.0,1886,557,0.08775460295304684,0.0889037768431819,0.34103564562900474,0.3434753590938481,,,0.29750646271334796,0.2991409525549817,,,,,0.2949515648248928,0.29651361439937074,,,,,0.842101070957673,0.022790674134028438,0.0013569217006534494,0.04772004241781548,0.27429785621471076,0.24443266171792152
external:bunker10|-1|0|all,top-10 bunker ports,2024,general,methanol,service,1.0,0.1,1886,557,0.07437340018027898,0.07510621368802312,0.31499554525920453,0.3172149584802282,,,,,,,,,,,,,,,0.842101070957673,0.022790674134028438,0.0010242115112656506,0.043478260869565216,0.24942562892240122,0.2009544008483563
external:bunker10|-1|0|all,top-10 bunker ports,2024,general,methanol,service,1.5,0.0,1886,557,0.16289131916325564,0.1651675456862868,0.45225430476353173,0.45598584520167185,,,0.3946290133321509,0.39753065639974333,,,,,0.3914062769494606,0.394179319769041,,,,,0.842101070957673,0.022790674134028438,0.015591344064949168,0.10021208907741251,0.38821960063534194,0.4061505832449629
external:bunker10|-1|0|all,top-10 bunker ports,2024,general,methanol,service,1.5,0.1,1886,557,0.13963295354520094,0.14160603347145115,0.42188253552228544,0.4252500681440999,,,,,,,,,,,,,,,0.842101070957673,0.022790674134028438,0.005179141464128694,0.0816542948038176,0.3533320727997687,0.36585365853658536
external:bunker10|-1|0|all,top-10 bunker ports,2024,general,methanol,service,2.0,0.0,1886,557,0.2506552081368081,0.25410758430535046,0.5359518713336742,0.5411985561215632,,,0.4825640338573813,0.4868382637460081,,,,,0.47884873088221713,0.4829335277458529,,,,,0.842101070957673,0.022790674134028438,0.07308810629010007,0.1823966065747614,0.4883107148427979,0.4909862142099682
external:bunker10|-1|0|all,top-10 bunker ports,2024,general,methanol,service,2.0,0.1,1886,557,0.21155434068177775,0.2143077618928416,0.5051651066989872,0.5098512447263995,,,,,,,,,,,,,,,0.842101070957673,0.022790674134028438,0.04559958480489594,0.14846235418875928,0.4487716031277237,0.46712619300106045
external:bunker10|-1|0|all,top-10 bunker ports,2024,general,methanol,operating,1.0,0.0,1886,557,0.09620062322642439,0.09706695821613265,0.3520037739622641,0.35399274229491207,0.35033252066985576,0.3520269928851843,0.30167265751681965,0.30317691405393576,0.30157976966872513,0.3031482200626155,0.47123034981055434,0.4768234521670037,0.2988526661401283,0.30029025432443845,0.29885794828502055,0.30035688526704374,0.4599181612210741,0.4652959600244448,0.842101070957673,0.022790674134028438,0.0013049144106895764,0.056733828207847295,0.28242007686737514,0.2613997879109226
external:bunker10|-1|0|all,top-10 bunker ports,2024,general,methanol,operating,1.0,0.1,1886,557,0.08069193452280564,0.08152689368674303,0.32562611794303054,0.327384210415982,,,,,,,,,,,,,,,0.842101070957673,0.022790674134028438,0.0010926464988559974,0.04984093319194061,0.25579602245604083,0.22852598091198303
external:bunker10|-1|0|all,top-10 bunker ports,2024,general,methanol,operating,1.5,0.0,1886,557,0.17737628514268067,0.17949506647262212,0.4619098396998475,0.46515795052599895,0.4602249610488495,0.4632510336885407,0.3971921514183443,0.400122783063858,0.3974529206807665,0.40046443995672915,0.5751665900616287,0.5835200104137948,0.39349150026294566,0.3962922468923958,0.39377076984091014,0.39664881917699374,0.5633124626036183,0.5713210453961696,0.842101070957673,0.022790674134028438,0.020067081348919092,0.11134676564156946,0.3992756548137323,0.4162248144220573
external:bunker10|-1|0|all,top-10 bunker ports,2024,general,methanol,operating,1.5,0.1,1886,557,0.1536512082622567,0.15556952957282205,0.43222189829224367,0.43511336808672846,,,,,,,,,,,,,,,0.842101070957673,0.022790674134028438,0.011003545858531484,0.09066808059384941,0.36548513872011623,0.3806998939554613
external:bunker10|-1|0|all,top-10 bunker ports,2024,general,methanol,operating,2.0,0.0,1886,557,0.2675432371840966,0.27113616718095523,0.5431720207519294,0.54781425368947,0.5402675438419486,0.5446687658402477,0.4829200273048698,0.4871882007231625,0.48064072983280753,0.4851614491519626,0.6444794325979395,0.6555542483134114,0.4787761540296734,0.4828551628445448,0.47657410101008524,0.4808944629413418,0.632373828472138,0.6428588292291939,0.842101070957673,0.022790674134028438,0.07513005000336188,0.1977730646871686,0.5056802464051784,0.5047720042417816
external:bunker10|-1|0|all,top-10 bunker ports,2024,general,methanol,operating,2.0,0.1,1886,557,0.23203823705838897,0.23508629839816275,0.5137262910150817,0.5177487141009522,,,,,,,,,,,,,,,0.842101070957673,0.022790674134028438,0.05157797048480059,0.16436903499469777,0.46277328895074854,0.4628844114528102
external:bunker10|-1|0|all,top-10 bunker ports,2024,general,ammonia,service,1.0,0.0,1886,557,0.06328293194284222,0.0639230845175225,0.28919542003230736,0.2911955784249091,,,,,,,,,,,,,,,0.842101070957673,0.022790674134028438,0.0008563771451124854,0.03870625662778367,0.22715525206258755,0.16755037115588547
external:bunker10|-1|0|all,top-10 bunker ports,2024,general,ammonia,service,1.0,0.1,1886,557,0.05368305678491156,0.05409742919144661,0.2664671716496815,0.26823654383691714,,,,,,,,,,,,,,,0.842101070957673,0.022790674134028438,0.0007905000571003513,0.03499469777306469,0.20841159730810782,0.1383881230116649
external:bunker10|-1|0|all,top-10 bunker ports,2024,general,ammonia,service,1.5,0.0,1886,557,0.11818145939511208,0.12015453932136227,0.3908293120905525,0.39385207126930133,,,,,,,,,,,,,,,0.842101070957673,0.022790674134028438,0.002222893734929513,0.06574761399787911,0.3220194736660675,0.31601272534464475
external:bunker10|-1|0|all,top-10 bunker ports,2024,general,ammonia,service,1.5,0.1,1886,557,0.10020882396123719,0.10174147531500208,0.3626564965840415,0.36533232519156605,,,,,,,,,,,,,,,0.842101070957673,0.022790674134028438,0.0016718523736817328,0.0535524920466596,0.29723831764417585,0.27942735949098624
external:bunker10|-1|0|all,top-10 bunker ports,2024,general,ammonia,service,2.0,0.0,1886,557,0.18209804485885622,0.18455201913060731,0.47271597147212807,0.47682447293507857,,,,,,,,,,,,,,,0.842101070957673,0.022790674134028438,0.025478934879808568,0.12195121951219512,0.41061564630982866,0.43213149522799577
external:bunker10|-1|0|all,top-10 bunker ports,2024,general,ammonia,service,2.0,0.1,1886,557,0.1538993827702823,0.1558724626965325,0.4421135592666888,0.44571365497378496,,,,,,,,,,,,,,,0.842101070957673,0.022790674134028438,0.011483179037921568,0.09331919406150584,0.3774610767031422,0.38759278897136795
external:bunker10|-1|0|all,top-10 bunker ports,2024,general,ammonia,operating,1.0,0.0,1886,557,0.06798899346392867,0.0685766009304123,0.2989420769089419,0.3003541842348638,,,,,,,,,,,,,,,0.842101070957673,0.022790674134028438,0.0008415373898216071,0.042417815482502653,0.23071023517737382,0.18027571580063625
external:bunker10|-1|0|all,top-10 bunker ports,2024,general,ammonia,operating,1.0,0.1,1886,557,0.05816710308320588,0.05875471054968951,0.27559777788445017,0.27680839304163946,,,,,,,,,,,,,,,0.842101070957673,0.022790674134028438,0.0007885055481406794,0.036585365853658534,0.20950074952689787,0.14952279957582185
external:bunker10|-1|0|all,top-10 bunker ports,2024,general,ammonia,operating,1.5,0.0,1886,557,0.13010684169125997,0.13156562049424736,0.4017044363596875,0.4042450988561485,,,,,,,,,,,,,,,0.842101070957673,0.022790674134028438,0.0024577988552231715,0.07794273594909862,0.33337937173273124,0.33934252386002123
external:bunker10|-1|0|all,top-10 bunker ports,2024,general,ammonia,operating,1.5,0.1,1886,557,0.11052421394986736,0.1115595104384086,0.37375349755409615,0.37599375702423,,,,,,,,,,,,,,,0.842101070957673,0.022790674134028438,0.0016644068836089278,0.06362672322375397,0.3027366789977183,0.2990455991516437
external:bunker10|-1|0|all,top-10 bunker ports,2024,general,ammonia,operating,2.0,0.0,1886,557,0.19614945579439538,0.19847185705781661,0.48206246053122437,0.4855849120788368,,,,,,,,,,,,,,,0.842101070957673,0.022790674134028438,0.028379328266914618,0.12778366914103922,0.4209925904486492,0.42948038176033937
external:bunker10|-1|0|all,top-10 bunker ports,2024,general,ammonia,operating,2.0,0.1,1886,557,0.16975658945166724,0.17179797102812056,0.4520297574087469,0.4551465958891352,,,,,,,,,,,,,,,0.842101070957673,0.022790674134028438,0.014361255360632017,0.10498409331919406,0.3870983863273385,0.4061505832449629
external:bunker10|-1|0|all,top-10 bunker ports,2024,roro,methanol,service,1.0,0.0,538,158,0.14855084294740528,0.14928023370742813,0.46749191946692953,0.46889232853142476,,,0.5349403679585313,0.5349403679585313,,,,,0.5408064866965118,0.5408064866965118,,,,,0.9122265487232286,0.01052518336438348,0.06150805128448142,0.08178438661710037,0.45462999838344653,0.4349442379182156
external:bunker10|-1|0|all,top-10 bunker ports,2024,roro,methanol,service,1.0,0.1,538,158,0.11852289881174452,0.11900598102923583,0.43375123817044875,0.43504887910258677,,,,,,,,,,,,,,,0.9122265487232286,0.01052518336438348,0.04499884875334165,0.06133828996282528,0.4139668596178854,0.38661710037174724
external:bunker10|-1|0|all,top-10 bunker ports,2024,roro,methanol,service,1.5,0.0,538,158,0.29889582893770245,0.3003216406725382,0.5974099109174331,0.5993579433262552,,,0.6515046610802117,0.6515046610802117,,,,,0.6557950938185839,0.6557950938185839,,,,,0.9122265487232286,0.01052518336438348,0.18181152360519243,0.2174721189591078,0.6275386989377423,0.604089219330855
external:bunker10|-1|0|all,top-10 bunker ports,2024,roro,methanol,service,1.5,0.1,538,158,0.2530005819410502,0.25442639367588593,0.5650484818007097,0.5668200533653321,,,,,,,,,,,,,,,0.9122265487232286,0.01052518336438348,0.14823334191578588,0.16356877323420074,0.5837750959404704,0.5780669144981413
external:bunker10|-1|0|all,top-10 bunker ports,2024,roro,methanol,service,2.0,0.0,538,158,0.43875277210977576,0.44106653014543246,0.6763615899239953,0.6789228208283954,,,0.7270641760791348,0.7270641760791348,,,,,0.7305223939210725,0.7305223939210725,,,,,0.9122265487232286,0.01052518336438348,0.3438863485900272,0.3940520446096654,0.7424354489876548,0.6988847583643123
external:bunker10|-1|0|all,top-10 bunker ports,2024,roro,methanol,service,2.0,0.1,538,158,0.38219756693964485,0.38413900826620434,0.6493620771260137,0.6516838221002015,,,,,,,,,,,,,,,0.9122265487232286,0.01052518336438348,0.2709899766369138,0.32342007434944237,0.6972262013291983,0.671003717472119
external:bunker10|-1|0|all,top-10 bunker ports,2024,roro,methanol,operating,1.0,0.0,538,158,0.10897786082140742,0.10946094303889874,0.4103205762135212,0.41138985849902915,0.4088324898819335,0.4098181897945877,0.48385016790236157,0.48385016790236157,0.4838621665387788,0.4838621665387788,0.6600321359815295,0.6600321359812455,0.4903126681619429,0.4903126681619429,0.4898394870146806,0.4898394870146806,0.6629790877687827,0.6629790877685946,0.9122265487232286,0.01052518336438348,0.04219215596001866,0.055762081784386616,0.3942753201403162,0.3475836431226766
external:bunker10|-1|0|all,top-10 bunker ports,2024,roro,methanol,operating,1.0,0.1,538,158,0.09184173769749085,0.09232481991498215,0.37870693669962857,0.37966775416582366,,,,,,,,,,,,,,,0.9122265487232286,0.01052518336438348,0.031459916277337456,0.040892193308550186,0.3564870490881767,0.2862453531598513
external:bunker10|-1|0|all,top-10 bunker ports,2024,roro,methanol,operating,1.5,0.0,538,158,0.21792907701366182,0.21944882737549817,0.5400561237532049,0.5416356048396515,0.5358626053539292,0.5373373779260301,0.5942400060982874,0.5942400060982874,0.584318307321393,0.584318307321393,0.772728185820471,0.7731630086949028,0.5993110054060078,0.5993110054060078,0.5893245101959351,0.5893245101959351,0.7748591101422879,0.7752877360627545,0.9122265487232286,0.01052518336438348,0.1158730564050364,0.14312267657992564,0.5509121294391681,0.5520446096654275
external:bunker10|-1|0|all,top-10 bunker ports,2024,roro,methanol,operating,1.5,0.1,538,158,0.18456004809896986,0.18607979846080622,0.5058164039981327,0.5071916397131067,,,,,,,,,,,,,,,0.9122265487232286,0.01052518336438348,0.09222493079433364,0.11524163568773234,0.5115190787815632,0.5092936802973977
external:bunker10|-1|0|all,top-10 bunker ports,2024,roro,methanol,operating,2.0,0.0,538,158,0.3414423743772537,0.3429621247390901,0.6291998494348613,0.6313683593345261,0.6260637349846842,0.6280789844024295,0.6809520770545253,0.6809520770545253,0.6702164980437858,0.6702164980437858,0.8327173105426551,0.8340284998014327,0.6848228348218,0.6848228348218,0.6742561330038473,0.6742561330038473,0.834188485652423,0.8354809882693328,0.9122265487232286,0.01052518336438348,0.2399363544939268,0.28810408921933084,0.6847362514632223,0.6449814126394052
external:bunker10|-1|0|all,top-10 bunker ports,2024,roro,methanol,operating,2.0,0.1,538,158,0.2941546348048735,0.2956743851667099,0.5979239526868699,0.5998707479611213,,,,,,,,,,,,,,,0.9122265487232286,0.01052518336438348,0.18101760703783779,0.2211895910780669,0.6364323557718669,0.6245353159851301
external:bunker10|-1|0|all,top-10 bunker ports,2024,roro,ammonia,service,1.0,0.0,538,158,0.09399208693544381,0.09447516915293512,0.39904127092760744,0.4002429731141166,,,,,,,,,,,,,,,0.9122265487232286,0.01052518336438348,0.035205783534397836,0.04275092936802974,0.37390268378726055,0.31970260223048325
external:bunker10|-1|0|all,top-10 bunker ports,2024,roro,ammonia,service,1.0,0.1,538,158,0.08048168369699082,0.08080457282531071,0.3674254496076084,0.36854961971184674,,,,,,,,,,,,,,,0.9122265487232286,0.01052518336438348,0.02612640941912337,0.03717472118959108,0.3439575946212786,0.24907063197026022
external:bunker10|-1|0|all,top-10 bunker ports,2024,roro,ammonia,service,1.5,0.0,538,158,0.20204993359400517,0.20303631765475755,0.5290696122826111,0.5306873737521594,,,,,,,,,,,,,,,0.9122265487232286,0.01052518336438348,0.10418757125933144,0.120817843866171,0.5365164080823475,0.5315985130111525
external:bunker10|-1|0|all,top-10 bunker ports,2024,roro,ammonia,service,1.5,0.1,538,158,0.171782849312429,0.17251224007245183,0.49433015528354146,0.4958182421020983,,,,,,,,,,,,,,,0.9122265487232286,0.01052518336438348,0.07876480824484322,0.09479553903345725,0.4896003876212628,0.49070631970260226
external:bunker10|-1|0|all,top-10 bunker ports,2024,roro,ammonia,service,2.0,0.0,538,158,0.32715901963292326,0.328584831367759,0.618213106574443,0.620297094301285,,,,,,,,,,,,,,,0.9122265487232286,0.01052518336438348,0.21028511894324503,0.2527881040892193,0.6568495330884565,0.637546468401487
external:bunker10|-1|0|all,top-10 bunker ports,2024,roro,ammonia,service,2.0,0.1,538,158,0.2830811727257088,0.28450698446054457,0.5869572974775502,0.5888334311478425,,,,,,,,,,,,,,,0.9122265487232286,0.01052518336438348,0.16858400546918592,0.20446096654275092,0.6121476406839395,0.5910780669144982
external:bunker10|-1|0|all,top-10 bunker ports,2024,roro,ammonia,operating,1.0,0.0,538,158,0.07138578428558323,0.07186886650307454,0.3470368280735401,0.3479018222400687,,,,,,,,,,,,,,,0.9122265487232286,0.01052518336438348,0.021289726886870135,0.03531598513011153,0.32021728327772414,0.2342007434944238
external:bunker10|-1|0|all,top-10 bunker ports,2024,roro,ammonia,operating,1.0,0.1,538,158,0.06092160595470515,0.061239874850267925,0.31848668056634055,0.3192671509891799,,,,,,,,,,,,,,,0.9122265487232286,0.01052518336438348,0.014237381214376872,0.027881040892193308,0.290776665501813,0.16356877323420074
external:bunker10|-1|0|all,top-10 bunker ports,2024,roro,ammonia,operating,1.5,0.0,538,158,0.15089779008999865,0.1518317770861055,0.4696437857616477,0.4708923230870538,,,,,,,,,,,,,,,0.9122265487232286,0.01052518336438348,0.0653124823978953,0.08550185873605948,0.46585934527387013,0.4646840148698885
external:bunker10|-1|0|all,top-10 bunker ports,2024,roro,ammonia,operating,1.5,0.1,538,158,0.12889620612397507,0.12937928834146636,0.43617138794653226,0.43732669133581614,,,,,,,,,,,,,,,0.9122265487232286,0.01052518336438348,0.05171329540282166,0.06505576208178439,0.42480237352305067,0.3903345724907063
external:bunker10|-1|0|all,top-10 bunker ports,2024,roro,ammonia,operating,2.0,0.0,538,158,0.2468479165361081,0.24836766689794446,0.562947307005256,0.5646615699181425,,,,,,,,,,,,,,,0.9122265487232286,0.01052518336438348,0.13864886141672578,0.18029739776951673,0.5853161267756162,0.5892193308550185
external:bunker10|-1|0|all,top-10 bunker ports,2024,roro,ammonia,operating,2.0,0.1,538,158,0.20510705363825932,0.20662680400009567,0.5286577009019172,0.5301738200577055,,,,,,,,,,,,,,,0.9122265487232286,0.01052518336438348,0.1076336151825383,0.13011152416356878,0.5364177245699953,0.5408921933085502
volume|2024|0|all,top 10 by calls,2024,all,methanol,service,1.0,0.0,19981,3054,0.14695432144100526,0.14877063002301338,0.4266016251497764,0.4280683885638544,,,0.32074529763677695,0.32223427217766043,,,,,0.3174979592693576,0.3189618480985366,,,,,0.8818405919327251,0.03531803389299214,0.04208567920483587,0.12366748410990441,0.4032063154093664,0.3902207096741905
volume|2024|0|all,top 10 by calls,2024,all,methanol,service,1.0,0.1,19981,3054,0.13013826639947185,0.13165761903295306,0.3978066507461398,0.39913019554667223,,,,,,,,,,,,,,,0.8818405919327251,0.03531803389299214,0.03357644759614714,0.107301936839998,0.37041167825747373,0.3449276812972324
volume|2024|0|all,top 10 by calls,2024,all,methanol,service,1.5,0.0,19981,3054,0.2544977210614206,0.25797227460589867,0.5425914615519908,0.5447869078787904,,,0.4380020134283112,0.4403563818300832,,,,,0.43359705488386957,0.4359126817974755,,,,,0.8818405919327251,0.03531803389299214,0.11071881417391503,0.21690606075771984,0.5555683581080734,0.5522746609278815
volume|2024|0|all,top 10 by calls,2024,all,methanol,service,1.5,0.1,19981,3054,0.22182691485225792,0.2247701440572335,0.5125386089328905,0.5145254519938723,,,,,,,,,,,,,,,0.8818405919327251,0.03531803389299214,0.08479289588343172,0.1877283419248286,0.5128003845336674,0.5122866723387218
volume|2024|0|all,top 10 by calls,2024,all,methanol,service,2.0,0.0,19981,3054,0.34895135964569896,0.3539138521162816,0.6230993966344227,0.626014325686472,,,0.523373138874959,0.5266381352195535,,,,,0.5184608044786245,0.5216681657889912,,,,,0.8818405919327251,0.03531803389299214,0.21208212091516226,0.30844302086982633,0.6833401031746077,0.6475651869275812
volume|2024|0|all,top 10 by calls,2024,all,methanol,service,2.0,0.1,19981,3054,0.3105877456128839,0.31472769059055444,0.5940245693348478,0.5966490308563692,,,,,,,,,,,,,,,0.8818405919327251,0.03531803389299214,0.16771494777043847,0.2703067914518793,0.6358839920850347,0.6163355187428057
volume|2024|0|all,top 10 by calls,2024,all,methanol,operating,1.0,0.0,19981,3054,0.18340112849514748,0.1854567337383002,0.4582556685189234,0.4596141986705173,0.4535082807901613,0.4548344126918947,0.34645367971504454,0.34816428384489717,0.34334666506068745,0.34503226555992067,0.5219698257909396,0.5276917749511187,0.34245371006113795,0.3441335215808934,0.3394162986976728,0.34107674352635353,0.5153990111242528,0.520959200899289,0.8818405919327251,0.03531803389299214,0.048420450673157395,0.13918222311195635,0.42788671127190137,0.42054952204594365
volume|2024|0|all,top 10 by calls,2024,all,methanol,operating,1.0,0.1,19981,3054,0.16068108799691647,0.16240004246749457,0.4298492304094227,0.4310678347672197,,,,,,,,,,,,,,,0.8818405919327251,0.03531803389299214,0.0384432030236611,0.12216605775486712,0.39297182616120063,0.37966067764376155
volume|2024|0|all,top 10 by calls,2024,all,methanol,operating,1.5,0.0,19981,3054,0.2967481644339717,0.30018065970100527,0.5686488097645523,0.5707468410587084,0.5654772314445708,0.5675821465202833,0.45334207705891566,0.4560586131868675,0.44979017671235655,0.45257803547817155,0.622261666308481,0.6300722831434922,0.44854422905442765,0.45121487070095295,0.4451295442111807,0.44786982608319725,0.6152508037220313,0.6228448461219712,0.8818405919327251,0.03531803389299214,0.1276335784603034,0.24187978579650668,0.5843660294800508,0.5727441069015565
volume|2024|0|all,top 10 by calls,2024,all,methanol,operating,1.5,0.1,19981,3054,0.262783247451589,0.2658683336433913,0.5401200119436768,0.5419839839499454,,,,,,,,,,,,,,,0.8818405919327251,0.03531803389299214,0.09989112170934515,0.20974926179870879,0.5419617944213629,0.5363094940193184
volume|2024|0|all,top 10 by calls,2024,all,methanol,operating,2.0,0.0,19981,3054,0.4049961949144573,0.4102935578631721,0.6421267304297749,0.6449273444228875,0.6400558213850928,0.6428752726143284,0.5301019749854975,0.5337605516433934,0.5269775501670684,0.5307590544197119,0.684229931447476,0.6939115340310975,0.5250536606007332,0.528644717491564,0.5220746385720263,0.5257932786247755,0.6772615437439828,0.6867140245818185,0.8818405919327251,0.03531803389299214,0.2507393981772208,0.3430258745808518,0.7103501621739307,0.6596766928582153
volume|2024|0|all,top 10 by calls,2024,all,methanol,operating,2.0,0.1,19981,3054,0.3625768771888554,0.36721023623897225,0.6162997231176714,0.6188208631763672,,,,,,,,,,,,,,,0.8818405919327251,0.03531803389299214,0.20007747867280587,0.3029377909013563,0.6624592712877175,0.6307992592963315
volume|2024|0|all,top 10 by calls,2024,all,ammonia,service,1.0,0.0,19981,3054,0.11516578656188003,0.11647365477930809,0.36861027739086005,0.369768905236911,,,,,,,,,,,,,,,0.8818405919327251,0.03531803389299214,0.02644435042230339,0.09263800610580052,0.3377060480533042,0.3007356989139683
volume|2024|0|all,top 10 by calls,2024,all,ammonia,service,1.0,0.1,19981,3054,0.1033358598057412,0.10439325929960434,0.3427187255247934,0.34376251781128625,,,,,,,,,,,,,,,0.8818405919327251,0.03531803389299214,0.018289803160304687,0.07957559681697612,0.3085063012615094,0.2641509433962264
volume|2024|0|all,top 10 by calls,2024,all,ammonia,service,1.5,0.0,19981,3054,0.18827098291216063,0.190672339814484,0.4803480974585182,0.4821243632858351,,,,,,,,,,,,,,,0.8818405919327251,0.03531803389299214,0.0644120560402644,0.16025223962764626,0.4690037600972605,0.46899554576848007
volume|2024|0|all,top 10 by calls,2024,all,ammonia,service,1.5,0.1,19981,3054,0.16352735479830585,0.16564010468817664,0.45007343699253693,0.45167069538001353,,,,,,,,,,,,,,,0.8818405919327251,0.03531803389299214,0.05153161841630893,0.139382413292628,0.43197856179190575,0.4261047995595816
volume|2024|0|all,top 10 by calls,2024,all,ammonia,service,2.0,0.0,19981,3054,0.2760015240361912,0.27977147661348195,0.562570324628449,0.5649284073033902,,,,,,,,,,,,,,,0.8818405919327251,0.03531803389299214,0.12933763329138062,0.2366247935538762,0.5861680405659246,0.5778489565086833
volume|2024|0|all,top 10 by calls,2024,all,ammonia,service,2.0,0.1,19981,3054,0.2434508231180654,0.2468230147969094,0.5327520481640643,0.5348757055924246,,,,,,,,,,,,,,,0.8818405919327251,0.03531803389299214,0.10209542646791482,0.20719683699514538,0.5414694917042662,0.5393123467293929
volume|2024|0|all,top 10 by calls,2024,all,ammonia,operating,1.0,0.0,19981,3054,0.13953992105968852,0.1409482647513513,0.4004485933929827,0.4015206656869109,,,,,,,,,,,,,,,0.8818405919327251,0.03531803389299214,0.029165145681350313,0.10464941694609879,0.3582992200209252,0.33436764926680346
volume|2024|0|all,top 10 by calls,2024,all,ammonia,operating,1.0,0.1,19981,3054,0.12154031635585792,0.12266712585499408,0.37345128618672196,0.3743988747789149,,,,,,,,,,,,,,,0.8818405919327251,0.03531803389299214,0.021922704658409474,0.08863420249236775,0.32795805718713,0.292577949051599
volume|2024|0|all,top 10 by calls,2024,all,ammonia,operating,1.5,0.0,19981,3054,0.2311236004681442,0.2337415335507127,0.509512257055114,0.5111606501276229,,,,,,,,,,,,,,,0.8818405919327251,0.03531803389299214,0.07470777758815939,0.18072168560132126,0.49699714131610345,0.4971222661528452
volume|2024|0|all,top 10 by calls,2024,all,ammonia,operating,1.5,0.1,19981,3054,0.20394953192932658,0.20625508521510558,0.48079918999942195,0.4822763994271461,,,,,,,,,,,,,,,0.8818405919327251,0.03531803389299214,0.05864082329595361,0.15689905410139632,0.4574882316880278,0.4547820429407938
volume|2024|0|all,top 10 by calls,2024,all,ammonia,operating,2.0,0.0,19981,3054,0.3207058124343984,0.3246213184101868,0.5874207847720345,0.5896724699130705,,,,,,,,,,,,,,,0.8818405919327251,0.03531803389299214,0.15301250682634948,0.26550222711576,0.6142155773684457,0.5956158350432911
volume|2024|0|all,top 10 by calls,2024,all,ammonia,operating,2.0,0.1,19981,3054,0.28507383518992035,0.2884265990120264,0.5593015467921241,0.5613227086901044,,,,,,,,,,,,,,,0.8818405919327251,0.03531803389299214,0.1188352832720593,0.23106951604023823,0.5694378099276566,0.5609328862419298
volume|2024|0|all,top 10 by calls,2024,container,methanol,service,1.0,0.0,2926,858,0.21748817992450398,0.2185080679528298,0.5169519927218862,0.517794390829382,,,0.4205604892488136,0.4219172843667439,,,,,0.4156215264675393,0.4169589901416082,,,,,0.8723579174311625,0.08070205425240438,0.07524320501404769,0.22932330827067668,0.4936819145709638,0.4935064935064935
volume|2024|0|all,top 10 by calls,2024,container,methanol,service,1.0,0.1,2926,858,0.19800318678411324,0.19886196887453092,0.48566130219530085,0.48640877211005584,,,,,,,,,,,,,,,0.8723579174311625,0.08070205425240438,0.06525573537170092,0.21052631578947367,0.45577718682911844,0.45522898154477104
volume|2024|0|all,top 10 by calls,2024,container,methanol,service,1.5,0.0,2926,858,0.3662363711800469,0.3690781369236826,0.6350080786961787,0.6363027375999757,,,0.5393764476108481,0.5414680546337816,,,,,0.5329442714370313,0.5350060775097626,,,,,0.8723579174311625,0.08070205425240438,0.19032135744242595,0.35611756664388244,0.6703729994482536,0.605604921394395
volume|2024|0|all,top 10 by calls,2024,container,methanol,service,1.5,0.1,2926,858,0.3228069230458689,0.3252896695078369,0.6064980659639452,0.6076878572582067,,,,,,,,,,,,,,,0.8723579174311625,0.08070205425240438,0.13765005264224567,0.31715652768284347,0.6245450309103672,0.5816814764183186
volume|2024|0|all,top 10 by calls,2024,container,methanol,service,2.0,0.0,2926,858,0.47386998141547354,0.4772002703517,0.7053997868909774,0.7070665629551027,,,0.608521609748417,0.6114070595256211,,,,,0.6012821892629981,0.6041265275196449,,,,,0.8723579174311625,0.08070205425240438,0.35765866531321433,0.4429254955570745,0.8023657609051504,0.6421736158578264
volume|2024|0|all,top 10 by calls,2024,container,methanol,service,2.0,0.1,2926,858,0.4367345602431695,0.43985236679951395,0.6808824279928868,0.6823926072317285,,,,,,,,,,,,,,,0.8723579174311625,0.08070205425240438,0.2879919073436164,0.41114149008885853,0.75263081329339,0.6302118933697881
volume|2024|0|all,top 10 by calls,2024,container,methanol,operating,1.0,0.0,2926,858,0.3203381580481922,0.3225239484622473,0.6017900857809284,0.6028375078403182,0.5966995122811155,0.5976707201640374,0.5102062273271488,0.5121152307997939,0.5053947384189849,0.5072305058924563,0.6139216714295388,0.6210274892997292,0.5039534345667309,0.5058352388012781,0.4992067495825978,0.5010163612751506,0.605923859165825,0.6128819172829866,0.8723579174311625,0.08070205425240438,0.12675131689010138,0.3051948051948052,0.6048965626808462,0.5639097744360902
volume|2024|0|all,top 10 by calls,2024,container,methanol,operating,1.0,0.1,2926,858,0.2823253315315824,0.2841230869164936,0.5719158755225997,0.5728536318714623,,,,,,,,,,,,,,,0.8723579174311625,0.08070205425240438,0.09744840736857573,0.2758031442241969,0.5612289896364513,0.544771018455229
volume|2024|0|all,top 10 by calls,2024,container,methanol,operating,1.5,0.0,2926,858,0.4836849415117057,0.48682569603604725,0.7032358115503284,0.7047671092195499,0.7000475448346405,0.7015815019014037,0.6047728827422515,0.6077401001535472,0.6020008918378581,0.6051180029621308,0.6883533712525056,0.6978115913776681,0.5973167080061961,0.6002416488821083,0.5945824408074921,0.5976551397298691,0.6793629447559881,0.6886398884006024,0.8723579174311625,0.08070205425240438,0.34860739338919505,0.44463431305536566,0.7796404208765539,0.6346548188653451
volume|2024|0|all,top 10 by calls,2024,container,methanol,operating,1.5,0.1,2926,858,0.4369872855301436,0.44012804005448514,0.6792648727085316,0.6806299283930631,,,,,,,,,,,,,,,0.8723579174311625,0.08070205425240438,0.2728620305353927,0.4008885850991114,0.7311560016498767,0.6203007518796992
volume|2024|0|all,top 10 by calls,2024,container,methanol,operating,2.0,0.0,2926,858,0.6116885559475573,0.6160861865571111,0.7555448025395233,0.7575645622188958,0.7533321283438882,0.7553583897908889,0.6543087222431176,0.6584813431989668,0.6528287111389609,0.6571154463328125,0.7274427047914763,0.7395945769107688,0.6463189746108385,0.6504321445952795,0.6448519949545239,0.6490776532918525,0.7179774512874443,0.7299195297965765,0.8723579174311625,0.08070205425240438,0.6160394372508435,0.5338345864661654,0.9018025851417331,0.6619958988380041
volume|2024|0|all,top 10 by calls,2024,container,methanol,operating,2.0,0.1,2926,858,0.5673046377323923,0.5714654098312463,0.7388639623666071,0.7406854133372271,,,,,,,,,,,,,,,0.8723579174311625,0.08070205425240438,0.517912654301901,0.5023923444976076,0.86417238791588,0.6544771018455229
volume|2024|0|all,top 10 by calls,2024,container,ammonia,service,1.0,0.0,2926,858,0.17937337967657713,0.18019624170261397,0.45385740520254464,0.4545175625825771,,,,,,,,,,,,,,,0.8723579174311625,0.08070205425240438,0.05943851310222183,0.1900205058099795,0.41576551839093634,0.4107997265892003
volume|2024|0|all,top 10 by calls,2024,container,ammonia,service,1.0,0.1,2926,858,0.16621476884096925,0.16686821234288862,0.4256111250410747,0.4261946374150956,,,,,,,,,,,,,,,0.8723579174311625,0.08070205425240438,0.055658438027428626,0.17259056732740943,0.38329967025561507,0.3790157211209843
volume|2024|0|all,top 10 by calls,2024,container,ammonia,service,1.5,0.0,2926,858,0.27551291224373564,0.27717807937814326,0.5742766332242706,0.5753173856280911,,,,,,,,,,,,,,,0.8723579174311625,0.08070205425240438,0.09961670588251119,0.2822966507177033,0.5725160106119735,0.5587833219412167
volume|2024|0|all,top 10 by calls,2024,container,ammonia,service,1.5,0.1,2926,858,0.23839759832054944,0.23962889140418533,0.5423849309161153,0.5433125571688963,,,,,,,,,,,,,,,0.8723579174311625,0.08070205425240438,0.08222095326242626,0.24982911825017087,0.5306309511125673,0.5269993164730007
volume|2024|0|all,top 10 by calls,2024,container,ammonia,service,2.0,0.0,2926,858,0.3934033779249365,0.396352331100219,0.6532617223647394,0.6546419075936014,,,,,,,,,,,,,,,0.8723579174311625,0.08070205425240438,0.21609766443176304,0.3793574846206425,0.7048439590255984,0.6131237183868763
volume|2024|0|all,top 10 by calls,2024,container,ammonia,service,2.0,0.1,2926,858,0.35194026905838843,0.35469064986040866,0.6258335008535778,0.6270944110136267,,,,,,,,,,,,,,,0.8723579174311625,0.08070205425240438,0.17360544958164092,0.3417634996582365,0.6556882782632598,0.5970608339029392
volume|2024|0|all,top 10 by calls,2024,container,ammonia,operating,1.0,0.0,2926,858,0.24445455649102382,0.2458184632061995,0.5394087397183088,0.5402311128672498,,,,,,,,,,,,,,,0.8723579174311625,0.08070205425240438,0.08024877433127123,0.24367737525632263,0.5139007630472499,0.5133287764866712
volume|2024|0|all,top 10 by calls,2024,container,ammonia,operating,1.0,0.1,2926,858,0.21135392098856132,0.21242687430750154,0.5079738597603831,0.5086901451019404,,,,,,,,,,,,,,,0.8723579174311625,0.08070205425240438,0.06549007513702872,0.21052631578947367,0.47124002662041936,0.47607655502392343
volume|2024|0|all,top 10 by calls,2024,container,ammonia,operating,1.5,0.0,2926,858,0.3913984040085193,0.3941189168810652,0.6515558118511419,0.6527813816851712,,,,,,,,,,,,,,,0.8723579174311625,0.08070205425240438,0.20579130338895302,0.3660287081339713,0.6850955314583678,0.6045796308954203
volume|2024|0|all,top 10 by calls,2024,container,ammonia,operating,1.5,0.1,2926,858,0.3527597350582081,0.3552950423116773,0.6242506918972726,0.6253733358602008,,,,,,,,,,,,,,,0.8723579174311625,0.08070205425240438,0.16595563479014425,0.33561175666438825,0.6399714973491726,0.5816814764183186
volume|2024|0|all,top 10 by calls,2024,container,ammonia,operating,2.0,0.0,2926,858,0.5135060842181615,0.5171519259259509,0.7180046773772616,0.7196349874255745,,,,,,,,,,,,,,,0.8723579174311625,0.08070205425240438,0.39712543116566995,0.4671907040328093,0.8109029260573017,0.6408065618591935
volume|2024|0|all,top 10 by calls,2024,container,ammonia,operating,2.0,0.1,2926,858,0.4682275380751932,0.4713682925995347,0.6955727676379363,0.6970393446857066,,,,,,,,,,,,,,,0.8723579174311625,0.08070205425240438,0.3333249878073702,0.43267259056732743,0.7637489014473158,0.6298701298701299
volume|2024|0|all,top 10 by calls,2024,bulk,methanol,service,1.0,0.0,8019,1124,0.09950585759260783,0.10174733055168418,0.3942735994658503,0.39551240261283876,,,0.24169208168075695,0.2441311192523771,,,,,0.2382213758614675,0.24061872540724855,,,,,0.9005690561869065,0.008217135180268767,0.02285851541443358,0.07170470133433096,0.3828657058254837,0.3370744481855593
volume|2024|0|all,top 10 by calls,2024,bulk,methanol,service,1.0,0.1,8019,1124,0.08800952376072887,0.08984777911737982,0.36511640749112945,0.3662031610105192,,,,,,,,,,,,,,,0.9005690561869065,0.008217135180268767,0.011541549442582776,0.059234318493577756,0.350766984154247,0.2849482479112109
volume|2024|0|all,top 10 by calls,2024,bulk,methanol,service,1.5,0.0,8019,1124,0.16468695902916497,0.16895379447844355,0.5214257492884056,0.5234579416099755,,,0.37057940594707534,0.37421070957231745,,,,,0.36550242391663823,0.36905629138644025,,,,,0.9005690561869065,0.008217135180268767,0.07082187012794634,0.13779773039032298,0.5332985463543752,0.5400922808330215
volume|2024|0|all,top 10 by calls,2024,bulk,methanol,service,1.5,0.1,8019,1124,0.1438274405613293,0.14712954798698294,0.4860814698451033,0.48785104740109253,,,,,,,,,,,,,,,0.9005690561869065,0.008217135180268767,0.05532002188959044,0.116473375732635,0.4899330185536482,0.4877166729018581
volume|2024|0|all,top 10 by calls,2024,bulk,methanol,service,2.0,0.0,8019,1124,0.2700081362070177,0.2763405338894239,0.6236662612899998,0.626559352752982,,,0.4777079592864983,0.48246143817862047,,,,,0.4723001529894993,0.4769503091090677,,,,,0.9005690561869065,0.008217135180268767,0.16168773597325578,0.2333208629504926,0.6641745740261217,0.667664297293927
volume|2024|0|all,top 10 by calls,2024,bulk,methanol,service,2.0,0.1,8019,1124,0.21635912500449306,0.2213271573579369,0.5859829208914505,0.5885140842281097,,,,,,,,,,,,,,,0.9005690561869065,0.008217135180268767,0.11670735228180203,0.18930041152263374,0.6151516516218739,0.6281331836887393
volume|2024|0|all,top 10 by calls,2024,bulk,methanol,operating,1.0,0.0,8019,1124,0.11656456649319877,0.11902095641010262,0.43366300491776594,0.43508582942248336,0.4253510825894284,0.42677068228619247,0.2787296415144103,0.28144289924166044,0.27578599176855517,0.2785602629616312,0.6202218751248886,0.6283240261435965,0.27482094360621817,0.27748429126890484,0.2719209450480422,0.27464347678849405,0.6136078380584428,0.6216130670295913,0.9005690561869065,0.008217135180268767,0.03645836488035769,0.08841501434094026,0.43476604184992,0.4070332959221848
volume|2024|0|all,top 10 by calls,2024,bulk,methanol,operating,1.0,0.1,8019,1124,0.10319203702609393,0.10531778405406698,0.4023346547298074,0.40359267395789106,,,,,,,,,,,,,,,0.9005690561869065,0.008217135180268767,0.02634214142548305,0.07594463150018706,0.3986763008605567,0.35440828033420624
volume|2024|0|all,top 10 by calls,2024,bulk,methanol,operating,1.5,0.0,8019,1124,0.20670042922754878,0.21142575044074116,0.5684776324748939,0.5708175590616653,0.5635051012563622,0.565842526457908,0.42036842823097464,0.4245295780350896,0.41410870392941507,0.4183045039113176,0.7454824096365751,0.7565105352969788,0.415341900757387,0.4194097278429801,0.40907116176489156,0.41317260009988677,0.7380637735519151,0.7488321817361203,0.9005690561869065,0.008217135180268767,0.1078355394866409,0.17994762439206885,0.5950094845550042,0.6055617907469759
volume|2024|0|all,top 10 by calls,2024,bulk,methanol,operating,1.5,0.1,8019,1124,0.17449501614248208,0.1785374724706156,0.5316942557663886,0.5337293728367409,,,,,,,,,,,,,,,0.9005690561869065,0.008217135180268767,0.07666805317079545,0.14902107494700087,0.550453257010546,0.5586731512657439
volume|2024|0|all,top 10 by calls,2024,bulk,methanol,operating,2.0,0.0,8019,1124,0.3410705671308614,0.34875598930875723,0.6683397364936401,0.6714860278187708,0.6647988879316759,0.6679699092036219,0.5243019429166955,0.5297358564293714,0.519911772028295,0.5255800283551398,0.8160059329941393,0.8286424837381422,0.5192148087247328,0.5245211035701837,0.5149660919114138,0.5205486851886688,0.809928136739019,0.8222847892737052,0.9005690561869065,0.008217135180268767,0.24010728631948045,0.30203267240304277,0.7303675602815807,0.7115600448933782
volume|2024|0|all,top 10 by calls,2024,bulk,methanol,operating,2.0,0.1,8019,1124,0.28194232769843836,0.28822186758563695,0.6326220431627811,0.635459983012842,,,,,,,,,,,,,,,0.9005690561869065,0.008217135180268767,0.1835175519198446,0.2496570644718793,0.6811394100235368,0.6765182691108617
volume|2024|0|all,top 10 by calls,2024,bulk,ammonia,service,1.0,0.0,8019,1124,0.07733810981809548,0.07884450454029515,0.33605568993498935,0.3370060464286879,,,,,,,,,,,,,,,0.9005690561869065,0.008217135180268767,0.004380229369659172,0.04913330839256765,0.3194523115337138,0.238807831400424
volume|2024|0|all,top 10 by calls,2024,bulk,ammonia,service,1.0,0.1,8019,1124,0.0660472541708875,0.06717545571756578,0.3102954075987325,0.3111307160833668,,,,,,,,,,,,,,,0.9005690561869065,0.008217135180268767,0.0027700752469380484,0.038658186806334954,0.2917811231132977,0.2027684249906472
volume|2024|0|all,top 10 by calls,2024,bulk,ammonia,service,1.5,0.0,8019,1124,0.12481507469128533,0.12764709796398138,0.4503258687352265,0.451871464424757,,,,,,,,,,,,,,,0.9005690561869065,0.008217135180268767,0.04197450307408103,0.09639605935902232,0.44748654601644916,0.43072702331961593
volume|2024|0|all,top 10 by calls,2024,bulk,ammonia,service,1.5,0.1,8019,1124,0.1103213068317052,0.11291039319908439,0.418340818779788,0.4197106293572192,,,,,,,,,,,,,,,0.9005690561869065,0.008217135180268767,0.03185808219724528,0.08292804589100886,0.4103898639631401,0.3809701957850106
volume|2024|0|all,top 10 by calls,2024,bulk,ammonia,service,2.0,0.0,8019,1124,0.1843916999631553,0.18883672355685463,0.5460316691286181,0.5482529223427786,,,,,,,,,,,,,,,0.9005690561869065,0.008217135180268767,0.08666522694688686,0.1557550816810076,0.5642419944220886,0.576755206384836
volume|2024|0|all,top 10 by calls,2024,bulk,ammonia,service,2.0,0.1,8019,1124,0.15790674282887973,0.16196066470057827,0.5095900000064261,0.5115375593047585,,,,,,,,,,,,,,,0.9005690561869065,0.008217135180268767,0.06535117557753518,0.13131313131313133,0.518234367776461,0.5243795984536725
volume|2024|0|all,top 10 by calls,2024,bulk,ammonia,operating,1.0,0.0,8019,1124,0.08982036713648381,0.09154461204604739,0.370901554099206,0.3719957885412607,,,,,,,,,,,,,,,0.9005690561869065,0.008217135180268767,0.014142174469712276,0.06210250654695099,0.36208280885594185,0.29766803840877915
volume|2024|0|all,top 10 by calls,2024,bulk,ammonia,operating,1.0,0.1,8019,1124,0.07977250860566322,0.08114327574155332,0.3430111716091738,0.34396396640391796,,,,,,,,,,,,,,,0.9005690561869065,0.008217135180268767,0.004731642850982533,0.051627384960718295,0.3310969829707123,0.2516523257263998
volume|2024|0|all,top 10 by calls,2024,bulk,ammonia,operating,1.5,0.0,8019,1124,0.14889776069978783,0.1523552202841265,0.493765239854373,0.4955393721181784,,,,,,,,,,,,,,,0.9005690561869065,0.008217135180268767,0.058181768554330354,0.1219603441825664,0.5050438338731493,0.5072951739618407
volume|2024|0|all,top 10 by calls,2024,bulk,ammonia,operating,1.5,0.1,8019,1124,0.1298093269903287,0.13251836940390815,0.45950830055003467,0.4610705463384372,,,,,,,,,,,,,,,0.9005690561869065,0.008217135180268767,0.04441857383671867,0.10188302780895374,0.46517805032816373,0.4520513779773039
volume|2024|0|all,top 10 by calls,2024,bulk,ammonia,operating,2.0,0.0,8019,1124,0.2323262634149567,0.23767597417809258,0.59335443812941,0.5958820264344397,,,,,,,,,,,,,,,0.9005690561869065,0.008217135180268767,0.13114789087909565,0.2058860207008355,0.6267691102862237,0.634617782765931
volume|2024|0|all,top 10 by calls,2024,bulk,ammonia,operating,2.0,0.1,8019,1124,0.1947894473675385,0.19941629203960243,0.5563074269334002,0.5585570441854915,,,,,,,,,,,,,,,0.9005690561869065,0.008217135180268767,0.09601045944756892,0.16872427983539096,0.5789363038129327,0.5913455543085173
volume|2024|0|all,top 10 by calls,2024,tanker,methanol,service,1.0,0.0,5577,211,0.17362197626756318,0.17643090951380927,0.45959662277161234,0.4623653589863647,,,0.31641031225959154,0.31815902329357426,,,,,0.31558711008203705,0.31730878943357843,,,,,0.8933913319893416,0.029670029000415547,0.07986119617646673,0.15922538999462077,0.44791318145647624,0.4482696790389098
volume|2024|0|all,top 10 by calls,2024,tanker,methanol,service,1.0,0.1,5577,211,0.14964968242081286,0.15204518283302626,0.429286926755079,0.43183692429877013,,,,,,,,,,,,,,,0.8933913319893416,0.029670029000415547,0.06770731857312243,0.13734982965752196,0.4116518632459121,0.4093598708983324
volume|2024|0|all,top 10 by calls,2024,tanker,methanol,service,1.5,0.0,5577,211,0.3037603771234992,0.30823252676186447,0.5774617944131362,0.5813414088345571,,,0.44261498726655923,0.4453246878608292,,,,,0.44126799714317366,0.44394886392088323,,,,,0.8933913319893416,0.029670029000415547,0.18249434860317668,0.2788237403622019,0.6094729828162848,0.591715976331361
volume|2024|0|all,top 10 by calls,2024,tanker,methanol,service,1.5,0.1,5577,211,0.2645557353417346,0.268615207374068,0.5475585899941274,0.5511435966847554,,,,,,,,,,,,,,,0.8933913319893416,0.029670029000415547,0.14655011360315548,0.23973462435000897,0.5657609960332671,0.5589026358257128
volume|2024|0|all,top 10 by calls,2024,tanker,methanol,service,2.0,0.0,5577,211,0.39225330292014116,0.3982503841612978,0.6549747243444272,0.6598832697370596,,,0.5421576954397547,0.5458197579262594,,,,,0.5404865620906024,0.5441002748241592,,,,,0.8933913319893416,0.029670029000415547,0.2876121339797783,0.3720638336022951,0.7347498650411863,0.6745562130177515
volume|2024|0|all,top 10 by calls,2024,tanker,methanol,service,2.0,0.1,5577,211,0.36002250851568357,0.36554968204269334,0.6271465847465613,0.6316670827403161,,,,,,,,,,,,,,,0.8933913319893416,0.029670029000415547,0.2522477573291287,0.3354850277927201,0.689108636959703,0.6471221086605702
volume|2024|0|all,top 10 by calls,2024,tanker,methanol,operating,1.0,0.0,5577,211,0.1840003492856491,0.18638932599096183,0.4600313511473629,0.46213738559108153,0.45858314246860343,0.460697763548213,0.3000762763482925,0.30191160876167894,0.29866332798764117,0.3004305351947794,0.48691352442793095,0.4916746566704928,0.2989354184678942,0.30073992170067637,0.29756463309026276,0.29931960108141764,0.48316884355606726,0.48775591790852457,0.8933913319893416,0.029670029000415547,0.06950895026588176,0.1495427649273803,0.4262179110141534,0.4219114219114219
volume|2024|0|all,top 10 by calls,2024,tanker,methanol,operating,1.0,0.1,5577,211,0.15908962427652354,0.1610450879261498,0.43074955495187134,0.4326564344937236,,,,,,,,,,,,,,,0.8933913319893416,0.029670029000415547,0.057358168857698726,0.1292809754348216,0.3928381441061396,0.3840774610005379
volume|2024|0|all,top 10 by calls,2024,tanker,methanol,operating,1.5,0.0,5577,211,0.3049488055184373,0.3087722946699828,0.5720901310964599,0.5752727503316386,0.5707436426577144,0.574013716499571,0.42338062241734375,0.4262645466115544,0.42132417462071176,0.4241536804747298,0.6114464994403309,0.6180189703425992,0.4219621389343301,0.4248174536083175,0.420259123329475,0.4230614001771329,0.6079280595383709,0.6142844270773797,0.8933913319893416,0.029670029000415547,0.15814721036799825,0.259458490227721,0.5762460379821509,0.5655370270754886
volume|2024|0|all,top 10 by calls,2024,tanker,methanol,operating,1.5,0.1,5577,211,0.2710820558082962,0.27446406449776983,0.5435602736777064,0.546441166440335,,,,,,,,,,,,,,,0.8933913319893416,0.029670029000415547,0.12883320217280217,0.2280796126949973,0.5362593580922318,0.5303926842388381
volume|2024|0|all,top 10 by calls,2024,tanker,methanol,operating,2.0,0.0,5577,211,0.3943477823231937,0.4000589770097068,0.6468597574747763,0.651001954203234,0.6466955222587067,0.6509696515765168,0.5212847772954066,0.5248273772608483,0.51790655155707,0.521486539998904,0.6945105763345454,0.702284209647217,0.5196686371644194,0.523165917966708,0.5166869337931949,0.5202206545808011,0.691170006429641,0.698790985438625,0.8933913319893416,0.029670029000415547,0.26674858965408604,0.3510848126232742,0.6960120532329074,0.6555495786265017
volume|2024|0|all,top 10 by calls,2024,tanker,methanol,operating,2.0,0.1,5577,211,0.36086631883397813,0.36602089191608417,0.6200629842294683,0.6238287382717765,,,,,,,,,,,,,,,0.8933913319893416,0.029670029000415547,0.2263040812919864,0.31540254617177693,0.6503530848381773,0.6238120853505469
volume|2024|0|all,top 10 by calls,2024,tanker,ammonia,service,1.0,0.0,5577,211,0.12954577639291232,0.13158210790099567,0.39819894622294566,0.4004076035112927,,,,,,,,,,,,,,,0.8933913319893416,0.029670029000415547,0.05411500588136312,0.11959835036758114,0.37601866867268385,0.3665052895822127
volume|2024|0|all,top 10 by calls,2024,tanker,ammonia,service,1.0,0.1,5577,211,0.11478256432690441,0.1165579887472867,0.3701670045925876,0.37219611547822873,,,,,,,,,,,,,,,0.8933913319893416,0.029670029000415547,0.044791533928021314,0.10381925766541152,0.34505292985369995,0.3247265554957863
volume|2024|0|all,top 10 by calls,2024,tanker,ammonia,service,1.5,0.0,5577,211,0.22459598708487108,0.22804743441605482,0.5147948885558432,0.5180708978260034,,,,,,,,,,,,,,,0.8933913319893416,0.029670029000415547,0.11681518254855668,0.20494889725658957,0.5187900578492782,0.5196342119419043
volume|2024|0|all,top 10 by calls,2024,tanker,ammonia,service,1.5,0.1,5577,211,0.19542887815633064,0.19860368664502825,0.48382575855276383,0.48680697856225386,,,,,,,,,,,,,,,0.8933913319893416,0.029670029000415547,0.09517101704241264,0.1798457952304106,0.4788762112744765,0.4780347857270934
volume|2024|0|all,top 10 by calls,2024,tanker,ammonia,service,2.0,0.0,5577,211,0.3251702799060983,0.3300421352545744,0.5968681438130584,0.6009876782140714,,,,,,,,,,,,,,,0.8933913319893416,0.029670029000415547,0.21014551688301092,0.29998206921283843,0.6433130527599329,0.6135915366684598
volume|2024|0|all,top 10 by calls,2024,tanker,ammonia,service,2.0,0.1,5577,211,0.28998554213465083,0.2944324866380974,0.5677967863057217,0.571573124517146,,,,,,,,,,,,,,,0.8933913319893416,0.029670029000415547,0.16944629239676803,0.2650170342478035,0.5936194389986365,0.5816747355208893
volume|2024|0|all,top 10 by calls,2024,tanker,ammonia,operating,1.0,0.0,5577,211,0.13842996753438036,0.1402394279447963,0.40043510121124304,0.4021415023618107,,,,,,,,,,,,,,,0.8933913319893416,0.029670029000415547,0.04451507237914353,0.11099157253003407,0.3586941550143197,0.34373318988703605
volume|2024|0|all,top 10 by calls,2024,tanker,ammonia,operating,1.0,0.1,5577,211,0.12052124204463066,0.12200189450121811,0.37278894861926115,0.37432240049800386,,,,,,,,,,,,,,,0.8933913319893416,0.029670029000415547,0.03622963735677926,0.09485386408463331,0.3287181154124895,0.29998206921283843
volume|2024|0|all,top 10 by calls,2024,tanker,ammonia,operating,1.5,0.0,5577,211,0.23766668596112658,0.24046970536375398,0.512649510425845,0.5151996395035114,,,,,,,,,,,,,,,0.8933913319893416,0.029670029000415547,0.1031049001951987,0.19616281154742693,0.4922964366700873,0.4923794154563385
volume|2024|0|all,top 10 by calls,2024,tanker,ammonia,operating,1.5,0.1,5577,211,0.20582033750446777,0.20849607487613034,0.4832746353442116,0.48555468882959174,,,,,,,,,,,,,,,0.8933913319893416,0.029670029000415547,0.08063479022888798,0.16872870719024566,0.45296193443044674,0.45203514434283665
volume|2024|0|all,top 10 by calls,2024,tanker,ammonia,operating,2.0,0.0,5577,211,0.32792083855716975,0.3321466037762317,0.5908294981170685,0.5942244201894646,,,,,,,,,,,,,,,0.8933913319893416,0.029670029000415547,0.17898760168272315,0.28115474269320423,0.6058445589322938,0.5877712031558185
volume|2024|0|all,top 10 by calls,2024,tanker,ammonia,operating,2.0,0.1,5577,211,0.29366313734055993,0.29737960689066123,0.5627351971104795,0.565818114402289,,,,,,,,,,,,,,,0.8933913319893416,0.029670029000415547,0.14771018331145325,0.2488793258024027,0.5627138029574766,0.5545992469069392
volume|2024|0|all,top 10 by calls,2024,gas,methanol,service,1.0,0.0,1035,146,0.052798274888842436,0.053888395052898906,0.2315529338232696,0.23197499084577367,,,0.14834461612382763,0.14846276694475796,,,,,0.15012270598241545,0.15023756203393293,,,,,0.8417617370490637,0.006678208639294782,0.0005380117825723422,0.1072463768115942,0.2779437087874356,0.34009661835748795
volume|2024|0|all,top 10 by calls,2024,gas,methanol,service,1.0,0.1,1035,146,0.04421187329967491,0.04505614462797051,0.21313598907476222,0.21347923811401226,,,,,,,,,,,,,,,0.8417617370490637,0.006678208639294782,0.00043643717336551836,0.09371980676328502,0.25287187552405577,0.2898550724637681
volume|2024|0|all,top 10 by calls,2024,gas,methanol,service,1.5,0.0,1035,146,0.1237764522354523,0.1251985722028125,0.3082070944558715,0.3090354210481983,,,0.22077214624651498,0.22127403923150143,,,,,0.22179927976055433,0.22228717689140767,,,,,0.8417617370490637,0.006678208639294782,0.003469291085931818,0.20869565217391303,0.399122103147021,0.44830917874396137
volume|2024|0|all,top 10 by calls,2024,gas,methanol,service,1.5,0.1,1035,146,0.10130437530502501,0.10260241299311836,0.2882609645291456,0.28896432064450045,,,,,,,,,,,,,,,0.8417617370490637,0.006678208639294782,0.001763821597719514,0.17971014492753623,0.3609062203088505,0.4222222222222222
volume|2024|0|all,top 10 by calls,2024,gas,methanol,service,2.0,0.0,1035,146,0.16906219306541426,0.1732984659544048,0.3621761658100199,0.3634256254023129,,,0.2775267058278439,0.2784935323128132,,,,,0.27798655438607706,0.2789264198198653,,,,,0.8417617370490637,0.006678208639294782,0.09771025133967205,0.2898550724637681,0.5129719079526254,0.506280193236715
volume|2024|0|all,top 10 by calls,2024,gas,methanol,service,2.0,0.1,1035,146,0.1543243495930977,0.1565477602711118,0.342130568174956,0.3432045763884598,,,,,,,,,,,,,,,0.8417617370490637,0.006678208639294782,0.04304146717399986,0.2647342995169082,0.4669972259818412,0.4801932367149758
volume|2024|0|all,top 10 by calls,2024,gas,methanol,operating,1.0,0.0,1035,146,0.05691252401034002,0.05769210507987798,0.21003861138108462,0.21025887927455594,0.20729490022673475,0.20754591013821502,0.1191999656123585,0.1191999656123585,0.11550817248478729,0.11550817248478729,0.23321722334546846,0.235923573560423,0.12173474071005418,0.12173474071005418,0.11815611413639324,0.11815611413639324,0.23184870182674577,0.23447958240198238,0.8417617370490637,0.006678208639294782,0.0005867944152260924,0.11980676328502415,0.2546372186166872,0.34202898550724636
volume|2024|0|all,top 10 by calls,2024,gas,methanol,operating,1.0,0.1,1035,146,0.04739182813347212,0.047946736243085465,0.19417816089025008,0.1943868076857718,,,,,,,,,,,,,,,0.8417617370490637,0.006678208639294782,0.0005122591311654761,0.10821256038647344,0.22622337367828974,0.3178743961352657
volume|2024|0|all,top 10 by calls,2024,gas,methanol,operating,1.5,0.0,1035,146,0.10758364747940598,0.10853710587276552,0.2727440563136552,0.27309426529417064,0.2712908734871322,0.2716386437017291,0.164246816962154,0.16431648976182817,0.16111433355361893,0.16122552613036953,0.3009727517379606,0.30467452608663004,0.16665777026835352,0.16672550016312473,0.1637186611600214,0.16382675300587635,0.29920126295400645,0.30279980913355586,0.8417617370490637,0.006678208639294782,0.0027972896825407896,0.22415458937198068,0.3646155567684995,0.43381642512077295
volume|2024|0|all,top 10 by calls,2024,gas,methanol,operating,1.5,0.1,1035,146,0.09649927202534836,0.09732864813944107,0.2556711764334829,0.2559750720072773,,,,,,,,,,,,,,,0.8417617370490637,0.006678208639294782,0.0021769967748899196,0.19420289855072465,0.33417149450035205,0.4115942028985507
volume|2024|0|all,top 10 by calls,2024,gas,methanol,operating,2.0,0.0,1035,146,0.14825514932045777,0.15000829707423174,0.321766834835109,0.32239246191655285,0.3206351083115939,0.3211977088243557,0.20684086524619025,0.20722826891863824,0.2035920745692678,0.2040869442397386,0.35304752904490305,0.3579476465885904,0.2090653187344929,0.20944191921691357,0.20593120705578505,0.2064122767251999,0.35096488457253067,0.35572835679044884,0.8417617370490637,0.006678208639294782,0.032468542953535566,0.2898550724637681,0.4662225474213024,0.4859903381642512
volume|2024|0|all,top 10 by calls,2024,gas,methanol,operating,2.0,0.1,1035,146,0.13388461707262533,0.1352852245503723,0.3035199885412879,0.3040258104852165,,,,,,,,,,,,,,,0.8417617370490637,0.006678208639294782,0.01798430046765954,0.2753623188405797,0.42986538784250833,0.47342995169082125
volume|2024|0|all,top 10 by calls,2024,gas,ammonia,service,1.0,0.0,1035,146,0.036899538374830905,0.03772939069230107,0.19399414797753456,0.19427335390327216,,,,,,,,,,,,,,,0.8417617370490637,0.006678208639294782,0.00037777052705012174,0.07342995169082125,0.22745709171146836,0.2541062801932367
volume|2024|0|all,top 10 by calls,2024,gas,ammonia,service,1.0,0.1,1035,146,0.03173093032417954,0.03235942411509205,0.17812848402923942,0.17835952683893472,,,,,,,,,,,,,,,0.8417617370490637,0.006678208639294782,0.0002459179983713471,0.057004830917874394,0.20500445505030868,0.21739130434782608
volume|2024|0|all,top 10 by calls,2024,gas,ammonia,service,1.5,0.0,1035,146,0.07604515908800753,0.0773431967761009,0.2669645293808288,0.2675496540923365,,,,,,,,,,,,,,,0.8417617370490637,0.006678208639294782,0.0012204747804927202,0.14492753623188406,0.3304273968781305,0.3903381642512077
volume|2024|0|all,top 10 by calls,2024,gas,ammonia,service,1.5,0.1,1035,146,0.06188763179424149,0.06318566948233484,0.2469366203326361,0.24742001105404604,,,,,,,,,,,,,,,0.8417617370490637,0.006678208639294782,0.0008454274660577468,0.12077294685990338,0.3025971951147309,0.3681159420289855
volume|2024|0|all,top 10 by calls,2024,gas,ammonia,service,2.0,0.0,1035,146,0.1343429540084511,0.13656636468646519,0.3212924455669,0.3222193911957327,,,,,,,,,,,,,,,0.8417617370490637,0.006678208639294782,0.013751697748716313,0.22995169082125605,0.42285877356739676,0.4618357487922705
volume|2024|0|all,top 10 by calls,2024,gas,ammonia,service,2.0,0.1,1035,146,0.11647977343261451,0.11790189339997469,0.30179309570424745,0.30256829691766646,,,,,,,,,,,,,,,0.8417617370490637,0.006678208639294782,0.0029246178371391957,0.20096618357487922,0.38700478587112785,0.43768115942028984
volume|2024|0|all,top 10 by calls,2024,gas,ammonia,operating,1.0,0.0,1035,146,0.040258097400518555,0.04055486055154361,0.17855227539388704,0.17874570052682442,,,,,,,,,,,,,,,0.8417617370490637,0.006678208639294782,0.0003791682398090441,0.09371980676328502,0.20401619430116452,0.28405797101449276
volume|2024|0|all,top 10 by calls,2024,gas,ammonia,operating,1.0,0.1,1035,146,0.03324181833899625,0.033388606578390725,0.16456147976904056,0.1647321474155425,,,,,,,,,,,,,,,0.8417617370490637,0.006678208639294782,0.00024090230238591766,0.07149758454106281,0.1903798843848895,0.24444444444444444
volume|2024|0|all,top 10 by calls,2024,gas,ammonia,operating,1.5,0.0,1035,146,0.08301158982457739,0.0838409659386701,0.2384050391385409,0.23868440015234502,,,,,,,,,,,,,,,0.8417617370490637,0.006678208639294782,0.0013344694925440177,0.16521739130434782,0.302678277887298,0.3922705314009662
volume|2024|0|all,top 10 by calls,2024,gas,ammonia,operating,1.5,0.1,1035,146,0.06966056164181354,0.0704401427113515,0.22258938775417636,0.22285440250781358,,,,,,,,,,,,,,,0.8417617370490637,0.006678208639294782,0.0010537157755397125,0.13816425120772946,0.27328733210359746,0.3642512077294686
volume|2024|0|all,top 10 by calls,2024,gas,ammonia,operating,2.0,0.0,1035,146,0.1177368482557294,0.11901324233361858,0.2846182610276398,0.2850229969264568,,,,,,,,,,,,,,,0.8417617370490637,0.006678208639294782,0.004662139812421968,0.24830917874396136,0.3929590450869043,0.4492753623188406
volume|2024|0|all,top 10 by calls,2024,gas,ammonia,operating,2.0,0.1,1035,146,0.10354828431483969,0.10450174270819923,0.26708795098451465,0.2674234789529006,,,,,,,,,,,,,,,0.8417617370490637,0.006678208639294782,0.00238640088946454,0.2144927536231884,0.3529604909072258,0.4222222222222222
volume|2024|0|all,top 10 by calls,2024,general,methanol,service,1.0,0.0,1886,557,0.11000445694406664,0.11143107253603142,0.34943779498575706,0.3515858262114276,,,0.23417736167878725,0.23563596041304416,,,,,0.2315397953157308,0.23293374924199234,,,,,0.8233403491930855,0.03342720790102085,0.024060874314609956,0.09809119830328739,0.33734990502528905,0.3361611876988335
volume|2024|0|all,top 10 by calls,2024,general,methanol,service,1.0,0.1,1886,557,0.09683924760755372,0.0981121854577528,0.32494346716979877,0.3269399655210666,,,,,,,,,,,,,,,0.8233403491930855,0.03342720790102085,0.01591168124469206,0.08536585365853659,0.30778165049869355,0.2985153764581124
volume|2024|0|all,top 10 by calls,2024,general,methanol,service,1.5,0.0,1886,557,0.18316309998714383,0.18615431978522365,0.453205818096321,0.4562306211134192,,,0.32234286737915535,0.32506403418855306,,,,,0.3190027205620218,0.3216032857955471,,,,,0.8233403491930855,0.03342720790102085,0.06341916017645416,0.1792152704135737,0.4690995539930713,0.46977730646871685
volume|2024|0|all,top 10 by calls,2024,general,methanol,service,1.5,0.1,1886,557,0.16297130907265248,0.16544244900092747,0.4251625378132661,0.427913266028553,,,,,,,,,,,,,,,0.8233403491930855,0.03342720790102085,0.052134391023194296,0.1574761399787911,0.42866913548867136,0.4342523860021209
volume|2024|0|all,top 10 by calls,2024,general,methanol,service,2.0,0.0,1886,557,0.25976088588467594,0.2635619145420063,0.5324978882915006,0.5366034920184922,,,0.4056352602409547,0.40978030825433737,,,,,0.4015243228337817,0.4054856631373855,,,,,0.8233403491930855,0.03342720790102085,0.12785626710407005,0.26033934252386004,0.5871029813720356,0.5715800636267232
volume|2024|0|all,top 10 by calls,2024,general,methanol,service,2.0,0.1,1886,557,0.2265888130816887,0.22991132022619998,0.5033250054684327,0.5070140362894981,,,,,,,,,,,,,,,0.8233403491930855,0.03342720790102085,0.10431590002985902,0.22905620360551432,0.5423683790948295,0.5376458112407211
volume|2024|0|all,top 10 by calls,2024,general,methanol,operating,1.0,0.0,1886,557,0.11294167866794969,0.11416023039092048,0.35490028286677106,0.3565354902054585,0.3524173652821373,0.3537450941222772,0.2361427589917368,0.2374844807715415,0.2363956186951959,0.23780914241500922,0.415266478061213,0.4202489124856765,0.23337292328600293,0.2346551802213637,0.23366786464815847,0.23501874127571937,0.40401814256127594,0.4085392632904254,0.8233403491930855,0.03342720790102085,0.023315118094613254,0.10286320254506894,0.33939264175447015,0.3472958642629905
volume|2024|0|all,top 10 by calls,2024,general,methanol,operating,1.0,0.1,1886,557,0.09840112360643861,0.09958357259352225,0.3299195780382778,0.3313940731088161,,,,,,,,,,,,,,,0.8233403491930855,0.03342720790102085,0.013303716975809407,0.08960763520678686,0.309935176207663,0.3075291622481442
volume|2024|0|all,top 10 by calls,2024,general,methanol,operating,1.5,0.0,1886,557,0.19108583255448003,0.1930605734546386,0.45992359276154476,0.46252454678978533,0.4578751893890428,0.46019311243798955,0.32517843289425713,0.32781991424312346,0.3244725509779955,0.32739263268051,0.5109682269474198,0.5184996914427933,0.3213223798630828,0.32384679127995875,0.3204923507719131,0.3232830150297552,0.49889754672452685,0.505919819846658,0.8233403491930855,0.03342720790102085,0.07069538506687773,0.18451749734888653,0.4745194016096984,0.4782608695652174
volume|2024|0|all,top 10 by calls,2024,general,methanol,operating,1.5,0.1,1886,557,0.16796340277924557,0.16970294105571548,0.43181173163734815,0.4341036292731728,,,,,,,,,,,,,,,0.8233403491930855,0.03342720790102085,0.05575649118527248,0.15906680805938495,0.43464071894415623,0.4432661717921527
volume|2024|0|all,top 10 by calls,2024,general,methanol,operating,2.0,0.0,1886,557,0.2730443710819993,0.27680645947716287,0.5375200666341234,0.5412019359587085,0.5355059908520281,0.5388741949496446,0.40621057346130107,0.4102225551678111,0.40469586551473385,0.4089760104134063,0.578619764383468,0.5888897272967055,0.4016522362567464,0.4054864077259328,0.40011702835676083,0.40420747807836455,0.5650475228517429,0.57463184810277,0.8233403491930855,0.03342720790102085,0.14436679411818057,0.2682926829268293,0.5913757834019839,0.5726405090137858
volume|2024|0|all,top 10 by calls,2024,general,methanol,operating,2.0,0.1,1886,557,0.23839605259557894,0.24197890067463568,0.50914778063559,0.512322557045801,,,,,,,,,,,,,,,0.8233403491930855,0.03342720790102085,0.11607944745857203,0.23700954400848356,0.5497903101233439,0.5381760339342524
volume|2024|0|all,top 10 by calls,2024,general,ammonia,service,1.0,0.0,1886,557,0.08646982896800669,0.08763679940173388,0.3001016262602584,0.3019504307131164,,,,,,,,,,,,,,,0.8233403491930855,0.03342720790102085,0.0091944878332291,0.07158006362672323,0.27743245218957224,0.256627783669141
volume|2024|0|all,top 10 by calls,2024,general,ammonia,service,1.0,0.1,1886,557,0.07653869405043777,0.07747171227120501,0.27822011723138534,0.2798801497551401,,,,,,,,,,,,,,,0.8233403491930855,0.03342720790102085,0.0051129891093957495,0.06203605514316013,0.25212434128292177,0.2258748674443266
volume|2024|0|all,top 10 by calls,2024,general,ammonia,service,1.5,0.0,1886,557,0.14047862672272265,0.14274543288475788,0.3964514210117479,0.39895908563768145,,,,,,,,,,,,,,,0.8233403491930855,0.03342720790102085,0.04239524955956925,0.13361611876988336,0.39191372609843544,0.404559915164369
volume|2024|0|all,top 10 by calls,2024,general,ammonia,service,1.5,0.1,1886,557,0.12345362788832152,0.1253149029837705,0.36987903917469506,0.3721758208621305,,,,,,,,,,,,,,,0.8233403491930855,0.03342720790102085,0.030452167758918593,0.1129374337221633,0.36060512469497596,0.36638388123011667
volume|2024|0|all,top 10 by calls,2024,general,ammonia,service,2.0,0.0,1886,557,0.19762754405718902,0.2007058181494047,0.4725003158288432,0.4757627382820032,,,,,,,,,,,,,,,0.8233403491930855,0.03342720790102085,0.07515336960501356,0.1951219512195122,0.4950198967572167,0.4957582184517497
volume|2024|0|all,top 10 by calls,2024,general,ammonia,service,2.0,0.1,1886,557,0.17619313872155812,0.17894989397707844,0.44381729837782863,0.4467396476183154,,,,,,,,,,,,,,,0.8233403491930855,0.03342720790102085,0.05942567129660448,0.1728525980911983,0.45650001355034747,0.45493107104984093
volume|2024|0|all,top 10 by calls,2024,general,ammonia,operating,1.0,0.0,1886,557,0.08693367857985825,0.0879515427698694,0.30463588887379695,0.305817230815842,,,,,,,,,,,,,,,0.8233403491930855,0.03342720790102085,0.007434812579261445,0.07582184517497349,0.2805873985107349,0.26617179215270415
volume|2024|0|all,top 10 by calls,2024,general,ammonia,operating,1.0,0.1,1886,557,0.07779399441096967,0.07878500278350378,0.28233717479853626,0.28338022506146227,,,,,,,,,,,,,,,0.8233403491930855,0.03342720790102085,0.005628590844807204,0.06362672322375397,0.2567919834641717,0.23435843054082714
volume|2024|0|all,top 10 by calls,2024,general,ammonia,operating,1.5,0.0,1886,557,0.14214848936403435,0.143623759777857,0.4025963331848969,0.40459744049852947,,,,,,,,,,,,,,,0.8233403491930855,0.03342720790102085,0.04175465754571335,0.13732767762460232,0.3974039036362703,0.4093319194061506
volume|2024|0|all,top 10 by calls,2024,general,ammonia,operating,1.5,0.1,1886,557,0.12331807122188025,0.12470933577824268,0.3756826923115605,0.37747273354143135,,,,,,,,,,,,,,,0.8233403491930855,0.03342720790102085,0.02847024908387042,0.11664899257688228,0.36414880972157293,0.3769883351007423
volume|2024|0|all,top 10 by calls,2024,general,ammonia,operating,2.0,0.0,1886,557,0.20927961519008711,0.21196953906519733,0.47892589172203104,0.4817362113079133,,,,,,,,,,,,,,,0.8233403491930855,0.03342720790102085,0.08075875834744202,0.2067868504772004,0.5018689405965723,0.5021208907741251
volume|2024|0|all,top 10 by calls,2024,general,ammonia,operating,2.0,0.1,1886,557,0.18307593213393533,0.18488296409454474,0.45054051563046427,0.45304254488766943,,,,,,,,,,,,,,,0.8233403491930855,0.03342720790102085,0.06489915048084162,0.17550371155885472,0.4607688479883909,0.4634146341463415
volume|2024|0|all,top 10 by calls,2024,roro,methanol,service,1.0,0.0,538,158,0.08943018894229929,0.08995954409191148,0.37358440679761945,0.3749496174276799,,,0.3957973522139267,0.39629120624379477,,,,,0.3918611076853433,0.3923479234685995,,,,,0.9030157232214892,0.013624679318454062,0.023846719866026912,0.0762081784386617,0.370723946490725,0.3048327137546468
volume|2024|0|all,top 10 by calls,2024,roro,methanol,service,1.0,0.1,538,158,0.07406617819515116,0.0745334923526476,0.3443140527981076,0.3455711040132454,,,,,,,,,,,,,,,0.9030157232214892,0.013624679318454062,0.019947675347211417,0.05390334572490706,0.33687739328877575,0.23977695167286245
volume|2024|0|all,top 10 by calls,2024,roro,methanol,service,1.5,0.0,538,158,0.1900153095234935,0.1918142915516224,0.49436408180994057,0.49625164944377564,,,0.5485375558718705,0.5495019644387105,,,,,0.54309085443214,0.5440415185625319,,,,,0.9030157232214892,0.013624679318454062,0.10511709743528289,0.1449814126394052,0.5147589584165956,0.5241635687732342
volume|2024|0|all,top 10 by calls,2024,roro,methanol,service,1.5,0.1,538,158,0.15275991430455904,0.15411102602187082,0.4627438803626473,0.46445857248701966,,,,,,,,,,,,,,,0.9030157232214892,0.013624679318454062,0.05359038961840784,0.12825278810408922,0.47678124164888974,0.4646840148698885
volume|2024|0|all,top 10 by calls,2024,roro,methanol,service,2.0,0.0,538,158,0.2911094007827647,0.294546250390488,0.5786076482146104,0.5811437387856534,,,0.6524553960980911,0.6543334843286578,,,,,0.6461467921943111,0.6479981145237691,,,,,0.9030157232214892,0.013624679318454062,0.19601060214712385,0.241635687732342,0.6364332420042886,0.6356877323420075
volume|2024|0|all,top 10 by calls,2024,roro,methanol,service,2.0,0.1,538,158,0.25025885199383346,0.25281378672971516,0.5480466669789364,0.5502925977350651,,,,,,,,,,,,,,,0.9030157232214892,0.013624679318454062,0.15974383821231183,0.19144981412639406,0.5939670997193389,0.5836431226765799
volume|2024|0|all,top 10 by calls,2024,roro,methanol,operating,1.0,0.0,538,158,0.06841074204736146,0.06868572660781784,0.32641066798796203,0.32745281150360334,0.32163472203752685,0.32261387838554645,0.34173893840184444,0.3419856795081246,0.33514437692524185,0.33551209643740837,0.5384399997129643,0.5397248200796217,0.3383425109565582,0.3385857355890419,0.33178477747024854,0.33214725636382314,0.531485223763759,0.5327517332895683,0.9030157232214892,0.013624679318454062,0.019947675347211417,0.05018587360594796,0.3176274350420235,0.23605947955390336
volume|2024|0|all,top 10 by calls,2024,roro,methanol,operating,1.0,0.1,538,158,0.060323432071965964,0.060598416632422346,0.2998312070125022,0.30076264357524884,,,,,,,,,,,,,,,0.9030157232214892,0.013624679318454062,0.015623480785720664,0.04275092936802974,0.28836624284063667,0.18401486988847585
volume|2024|0|all,top 10 by calls,2024,roro,methanol,operating,1.5,0.0,538,158,0.13619684196505072,0.13778935095946515,0.441136286026403,0.4426814457060193,0.43418589102840777,0.4356502879990683,0.47722240726347065,0.4778264497003217,0.4611107965678181,0.4618950462163737,0.6638722781762272,0.6658443294703588,0.4722518718553658,0.47284730567635563,0.4562692059762632,0.4570422787545332,0.6559119159073523,0.6578558621693964,0.9030157232214892,0.013624679318454062,0.04091146343847492,0.11524163568773234,0.45002869966496184,0.4200743494423792
volume|2024|0|all,top 10 by calls,2024,roro,methanol,operating,1.5,0.1,538,158,0.11155052397145829,0.1126220774650261,0.4098090846908079,0.4111658823841209,,,,,,,,,,,,,,,0.9030157232214892,0.013624679318454062,0.030509486173617015,0.09293680297397769,0.4126830040318571,0.3736059479553903
volume|2024|0|all,top 10 by calls,2024,roro,methanol,operating,2.0,0.0,538,158,0.23091000856693414,0.23353180321677222,0.5266318366166507,0.5287588591971847,0.5218115144694687,0.5238413768721853,0.5919756171584162,0.5929571146830551,0.579918862963136,0.5810770612046189,0.7392886569172757,0.7423850758264424,0.5861550382643355,0.5871225478062718,0.573895450513933,0.5750371424917102,0.7311039996561711,0.7341562894126024,0.9030157232214892,0.013624679318454062,0.15206646618711978,0.1970260223048327,0.5538117649808447,0.5557620817843866
volume|2024|0|all,top 10 by calls,2024,roro,methanol,operating,2.0,0.1,538,158,0.1877361045710797,0.18998271906417633,0.49568229079468556,0.49758849991908843,,,,,,,,,,,,,,,0.9030157232214892,0.013624679318454062,0.09879489779507017,0.16728624535315986,0.5174667034073286,0.5204460966542751
volume|2024|0|all,top 10 by calls,2024,roro,ammonia,service,1.0,0.0,538,158,0.06265394135717539,0.06283586031277404,0.31499190696688895,0.31615484667729193,,,,,,,,,,,,,,,0.9030157232214892,0.013624679318454062,0.015393812329924646,0.04275092936802974,0.30520518207018754,0.18773234200743494
volume|2024|0|all,top 10 by calls,2024,roro,ammonia,service,1.0,0.1,538,158,0.056036121317029536,0.05621804027262818,0.2891659889720057,0.29025289213890293,,,,,,,,,,,,,,,0.9030157232214892,0.013624679318454062,0.0110670283204185,0.03717472118959108,0.2774698831714394,0.15055762081784388
volume|2024|0|all,top 10 by calls,2024,roro,ammonia,service,1.5,0.0,538,158,0.12165047511200404,0.12262808997857125,0.42898087208486996,0.43055435854181273,,,,,,,,,,,,,,,0.9030157232214892,0.013624679318454062,0.03278704846148897,0.10780669144981413,0.4370209840700009,0.4033457249070632
volume|2024|0|all,top 10 by calls,2024,roro,ammonia,service,1.5,0.1,538,158,0.1053286188498552,0.10604924041569289,0.39739674608991504,0.3988566226376049,,,,,,,,,,,,,,,0.9030157232214892,0.013624679318454062,0.02693492499638156,0.08921933085501858,0.39885313424415153,0.33271375464684017
volume|2024|0|all,top 10 by calls,2024,roro,ammonia,service,2.0,0.0,538,158,0.21879890659507834,0.22135384133096,0.5152125787366305,0.5172290080014122,,,,,,,,,,,,,,,0.9030157232214892,0.013624679318454062,0.13063798571061225,0.16728624535315986,0.5406013608535557,0.5427509293680297
volume|2024|0|all,top 10 by calls,2024,roro,ammonia,service,2.0,0.1,538,158,0.17536848213852763,0.17716746416665655,0.48388882675407857,0.48570488462668177,,,,,,,,,,,,,,,0.9030157232214892,0.013624679318454062,0.06934913936258556,0.13940520446096655,0.5016448378050515,0.5
volume|2024|0|all,top 10 by calls,2024,roro,ammonia,operating,1.0,0.0,538,158,0.055096047174506495,0.05527796613010514,0.2740475794703555,0.2748868117376512,,,,,,,,,,,,,,,0.9030157232214892,0.013624679318454062,0.012589673249351216,0.03903345724907063,0.26082591874109096,0.14684014869888476
volume|2024|0|all,top 10 by calls,2024,roro,ammonia,operating,1.0,0.1,538,158,0.05096127608724297,0.051143195042841615,0.2517187610290512,0.25248298346928877,,,,,,,,,,,,,,,0.9030157232214892,0.013624679318454062,0.010675600520951262,0.03345724907063197,0.23596868644530442,0.12453531598513011
volume|2024|0|all,top 10 by calls,2024,roro,ammonia,operating,1.5,0.0,538,158,0.09535098739845228,0.09578621376239216,0.3777474584989697,0.37898182326739016,,,,,,,,,,,,,,,0.9030157232214892,0.013624679318454062,0.026751116501858574,0.07063197026022305,0.37493528610928006,0.31970260223048325
volume|2024|0|all,top 10 by calls,2024,roro,ammonia,operating,1.5,0.1,538,158,0.07830851578113339,0.07858350034158977,0.34848433274983237,0.3496122900729975,,,,,,,,,,,,,,,0.9030157232214892,0.013624679318454062,0.023846719866026912,0.05947955390334572,0.3406187479053254,0.28066914498141265
volume|2024|0|all,top 10 by calls,2024,roro,ammonia,operating,2.0,0.0,538,158,0.15310043807309337,0.15469294706750783,0.4622081680657806,0.46388207759148326,,,,,,,,,,,,,,,0.9030157232214892,0.013624679318454062,0.05085894783793854,0.13382899628252787,0.4740932745878102,0.4591078066914498
volume|2024|0|all,top 10 by calls,2024,roro,ammonia,operating,2.0,0.1,538,158,0.12789231337857515,0.12903695206217244,0.4307311704319416,0.4322168139314898,,,,,,,,,,,,,,,0.9030157232214892,0.013624679318454062,0.0385579753998957,0.10594795539033457,0.4376141786663159,0.4070631970260223
greedy|2024|7000|all,10 chosen for continuity,2024,all,methanol,service,1.0,0.0,19981,3054,0.1758776263211107,0.17752002171505293,0.4238965160025244,0.425349038945914,,,0.14123958644370488,0.14300979667829372,,,,,0.13821793239103616,0.1399569126903162,,,,,0.8072779346084343,0.03575198533593144,0.06196060112790943,0.1357289424953706,0.4024959998395739,0.4085881587508133
greedy|2024|7000|all,10 chosen for continuity,2024,all,methanol,service,1.0,0.1,19981,3054,0.15878581379747064,0.1601928003317316,0.39823580715225276,0.39953984483034655,,,,,,,,,,,,,,,0.8072779346084343,0.03575198533593144,0.05347360978574773,0.11661078024122917,0.37121612119881925,0.3681497422551424
greedy|2024|7000|all,10 chosen for continuity,2024,all,methanol,service,1.5,0.0,19981,3054,0.26731376301125437,0.27030921997005525,0.527180296832215,0.5294294095050001,,,0.2273665821405488,0.23034892875673382,,,,,0.22277133205934738,0.22570269094834502,,,,,0.8072779346084343,0.03575198533593144,0.11693465401872236,0.23267103748561133,0.5448259705102125,0.5310545017766879
greedy|2024|7000|all,10 chosen for continuity,2024,all,methanol,service,1.5,0.1,19981,3054,0.23956448818908074,0.24216927686503495,0.5000842584582265,0.5020870394322711,,,,,,,,,,,,,,,0.8072779346084343,0.03575198533593144,0.09907039663707763,0.20329312847204845,0.5052135451547753,0.5044792552925279
greedy|2024|7000|all,10 chosen for continuity,2024,all,methanol,service,2.0,0.0,19981,3054,0.3565230800501714,0.36077161486413567,0.5995804821010938,0.6026667147258674,,,0.29994383691229176,0.3043955671128543,,,,,0.29439851952366375,0.29878159922887215,,,,,0.8072779346084343,0.03575198533593144,0.19382901726046817,0.3177518642710575,0.6638757424433507,0.590661128071668
greedy|2024|7000|all,10 chosen for continuity,2024,all,methanol,service,2.0,0.1,19981,3054,0.3179534263572765,0.3216743864362148,0.5736492530022539,0.5763964846918579,,,,,,,,,,,,,,,0.8072779346084343,0.03575198533593144,0.15985287325738406,0.28166758420499477,0.6193535421620435,0.5716931084530303
greedy|2024|7000|all,10 chosen for continuity,2024,all,methanol,operating,1.0,0.0,19981,3054,0.20022280809031226,0.2020957992757449,0.45170322591999335,0.4531026741616978,0.44807110003939105,0.44943455561342754,0.1690485692228787,0.17113537036382112,0.1683860233356813,0.17045068241687567,0.31883298424871426,0.32929515415159855,0.1654316587930506,0.16747879330402274,0.16482146599662956,0.16685202788649842,0.31401190448183425,0.3242990963276957,0.8072779346084343,0.03575198533593144,0.06928858109508057,0.1530453931234673,0.4301910737831998,0.4411691106551224
greedy|2024|7000|all,10 chosen for continuity,2024,all,methanol,operating,1.0,0.1,19981,3054,0.17989160299092793,0.18144680979244912,0.4256192329073085,0.4268669256566488,,,,,,,,,,,,,,,0.8072779346084343,0.03575198533593144,0.05822543822085919,0.13292627996596768,0.39583308740018747,0.4065862569440969
greedy|2024|7000|all,10 chosen for continuity,2024,all,methanol,operating,1.5,0.0,19981,3054,0.304365730480976,0.3075308380375242,0.5536514621077508,0.5558681783117908,0.5510749315779894,0.5532971365755178,0.25312020431510823,0.2565931132310611,0.25126869076354286,0.25486544204284667,0.4002660990968128,0.41547134428146404,0.24819545783240013,0.251607113151254,0.2464600295238717,0.24998985429950057,0.3946519223844412,0.40949180740173374,0.8072779346084343,0.03575198533593144,0.13765300767168043,0.25834542815674894,0.5790466274526354,0.5468695260497473
greedy|2024|7000|all,10 chosen for continuity,2024,all,methanol,operating,1.5,0.1,19981,3054,0.2710082436510256,0.27370379929328276,0.5273230926876712,0.5292807343374519,,,,,,,,,,,,,,,0.8072779346084343,0.03575198533593144,0.11466926549014508,0.22626495170411892,0.5383700360767018,0.5238977028176768
greedy|2024|7000|all,10 chosen for continuity,2024,all,methanol,operating,2.0,0.0,19981,3054,0.4153600500521821,0.41968562046704744,0.6181534791979099,0.6212098580624756,0.6165528700395699,0.6196329579811283,0.3142513635103616,0.3193908485273661,0.31257881335778254,0.3179061450434236,0.45325235070427616,0.4733763816083943,0.30882435711626066,0.31388437636058597,0.30736124248981833,0.3126131733451741,0.4470704053962875,0.46662453402852916,0.8072779346084343,0.03575198533593144,0.2405683803266412,0.3603423252089485,0.6966140368684588,0.5982183073920224
greedy|2024|7000|all,10 chosen for continuity,2024,all,methanol,operating,2.0,0.1,19981,3054,0.37252421161852434,0.37641157286804994,0.5960124931711043,0.5987306291496799,,,,,,,,,,,,,,,0.8072779346084343,0.03575198533593144,0.1980023739437887,0.3223562384265052,0.6524314950673464,0.5791501926830489
greedy|2024|7000|all,10 chosen for continuity,2024,all,ammonia,service,1.0,0.0,19981,3054,0.14300801161622434,0.14421159987464524,0.3719194002101652,0.37306022326077115,,,,,,,,,,,,,,,0.8072779346084343,0.03575198533593144,0.045528956664686336,0.09844352134527802,0.3407055286919997,0.32956308493068415
greedy|2024|7000|all,10 chosen for continuity,2024,all,ammonia,service,1.0,0.1,19981,3054,0.1280549249585691,0.12902958048279883,0.34813226527168045,0.3491544387004288,,,,,,,,,,,,,,,0.8072779346084343,0.03575198533593144,0.03670186276119001,0.08433011360792753,0.3133769719050878,0.29227766378059156
greedy|2024|7000|all,10 chosen for continuity,2024,all,ammonia,service,1.5,0.0,19981,3054,0.2136005570042246,0.21584091928940993,0.47143124280028675,0.47320637938472143,,,,,,,,,,,,,,,0.8072779346084343,0.03575198533593144,0.08442779789565083,0.1751664080876833,0.4647127761060444,0.4712977328462039
greedy|2024|7000|all,10 chosen for continuity,2024,all,ammonia,service,1.5,0.1,19981,3054,0.1923210461611618,0.19422293579763386,0.44466371569227486,0.4462501236484858,,,,,,,,,,,,,,,0.8072779346084343,0.03575198533593144,0.07222006684811558,0.15329563084930684,0.4296122345812997,0.43836644812571945
greedy|2024|7000|all,10 chosen for continuity,2024,all,ammonia,service,2.0,0.0,19981,3054,0.28542386091629235,0.2888028810844057,0.5452110398429917,0.5476487162990302,,,,,,,,,,,,,,,0.8072779346084343,0.03575198533593144,0.1325493380070274,0.25013763074921175,0.5738259610527636,0.5474200490465942
greedy|2024|7000|all,10 chosen for continuity,2024,all,ammonia,service,2.0,0.1,19981,3054,0.2571750416922569,0.26002322946868817,0.5182600148663963,0.5204228308963529,,,,,,,,,,,,,,,0.8072779346084343,0.03575198533593144,0.11035349373866339,0.22131024473249586,0.5310025191690397,0.5219458485561284
greedy|2024|7000|all,10 chosen for continuity,2024,all,ammonia,operating,1.0,0.0,19981,3054,0.16128761346633272,0.1626606818385886,0.39874548455216885,0.39983783923633154,,,,,,,,,,,,,,,0.8072779346084343,0.03575198533593144,0.04965503295571161,0.11360792753115459,0.3635555025780399,0.36624793553876184
greedy|2024|7000|all,10 chosen for continuity,2024,all,ammonia,operating,1.0,0.1,19981,3054,0.14431069446068032,0.14543351746237812,0.3741449113181315,0.37511233397215377,,,,,,,,,,,,,,,0.8072779346084343,0.03575198533593144,0.04154433433940545,0.09529052599969971,0.3341142838356464,0.3267103748561133
greedy|2024|7000|all,10 chosen for continuity,2024,all,ammonia,operating,1.5,0.0,19981,3054,0.24189249539897106,0.2442457904927075,0.49901088022573137,0.5007334432238683,,,,,,,,,,,,,,,0.8072779346084343,0.03575198533593144,0.09399764433066018,0.19753766077773885,0.4958300706525846,0.49722236124318103
greedy|2024|7000|all,10 chosen for continuity,2024,all,ammonia,operating,1.5,0.1,19981,3054,0.2179310399083915,0.21994074446381479,0.4724336240596224,0.4739668307788258,,,,,,,,,,,,,,,0.8072779346084343,0.03575198533593144,0.07934419664348816,0.17161303238076173,0.4590572374019657,0.4669435964165958
greedy|2024|7000|all,10 chosen for continuity,2024,all,ammonia,operating,2.0,0.0,19981,3054,0.33088341134068316,0.3343153564809669,0.5706269922154678,0.5730212308559067,,,,,,,,,,,,,,,0.8072779346084343,0.03575198533593144,0.16049258122279472,0.2818677743856664,0.6075333355955027,0.5605825534257545
greedy|2024|7000|all,10 chosen for continuity,2024,all,ammonia,operating,2.0,0.1,19981,3054,0.2924922851295181,0.29550029532876937,0.5450362737939916,0.5471662506032082,,,,,,,,,,,,,,,0.8072779346084343,0.03575198533593144,0.13072415440253274,0.24698463540363344,0.5657402421877165,0.5403132976327512
greedy|2024|7000|all,10 chosen for continuity,2024,container,methanol,service,1.0,0.0,2926,858,0.2075608826485921,0.20833716576531983,0.43206345695634374,0.4330100193653449,,,0.1580580067952181,0.15950631990431846,,,,,0.1558060164653343,0.1572336941939027,,,,,0.7535052633719193,0.07674877124896219,0.031064005761125793,0.21189336978810663,0.3751414624724283,0.40601503759398494
greedy|2024|7000|all,10 chosen for continuity,2024,container,methanol,service,1.0,0.1,2926,858,0.19123863925146714,0.19190648910435934,0.4086781252638357,0.4095052278282146,,,,,,,,,,,,,,,0.7535052633719193,0.07674877124896219,0.02567051533567869,0.19480519480519481,0.3449480334287516,0.3762816131237184
greedy|2024|7000|all,10 chosen for continuity,2024,container,methanol,service,1.5,0.0,2926,858,0.2839521224583345,0.28617451369444913,0.5269155208453081,0.5284522599038665,,,0.2617158004693023,0.2641037520235888,,,,,0.25798690711056044,0.2603408354355432,,,,,0.7535052633719193,0.07674877124896219,0.06361393101790555,0.2891319207108681,0.5057038301468977,0.5027341079972659
greedy|2024|7000|all,10 chosen for continuity,2024,container,methanol,service,1.5,0.1,2926,858,0.2580434681574026,0.25981474794406473,0.5018180799396675,0.5031955001099441,,,,,,,,,,,,,,,0.7535052633719193,0.07674877124896219,0.05016069685461834,0.2628161312371839,0.46974350882640503,0.4839371155160629
greedy|2024|7000|all,10 chosen for continuity,2024,container,methanol,service,2.0,0.0,2926,858,0.358368114778059,0.36134424662088654,0.5947117140237691,0.5967897326924119,,,0.3336489841861181,0.3373970928594017,,,,,0.32889519599659484,0.3325899020953507,,,,,0.7535052633719193,0.07674877124896219,0.1342880735515656,0.3465481886534518,0.6161140441406096,0.5386192754613808
greedy|2024|7000|all,10 chosen for continuity,2024,container,methanol,service,2.0,0.1,2926,858,0.3272376544287864,0.33006353594942317,0.5702307138698797,0.5720840983566188,,,,,,,,,,,,,,,0.7535052633719193,0.07674877124896219,0.10019982126069565,0.322282980177717,0.5778053520510986,0.5287081339712919
greedy|2024|7000|all,10 chosen for continuity,2024,container,methanol,operating,1.0,0.0,2926,858,0.25805531641967766,0.2599018568142518,0.5014519338177498,0.5026915860290224,0.4976410548269362,0.4988319428503781,0.24283084376536837,0.24510122690864403,0.24088045221053034,0.2430698409030196,0.35489932806916324,0.3664663859084114,0.23937102086208675,0.24160905587578987,0.23744841823746515,0.23960661279899068,0.3498191541603831,0.3611495595732857,0.7535052633719193,0.07674877124896219,0.047061119390616295,0.2563226247436774,0.4639791883427352,0.474025974025974
greedy|2024|7000|all,10 chosen for continuity,2024,container,methanol,operating,1.0,0.1,2926,858,0.2336952389151179,0.23508981938096787,0.47610789369740486,0.4772040936476905,,,,,,,,,,,,,,,0.7535052633719193,0.07674877124896219,0.03903119396960861,0.22966507177033493,0.4273362508731753,0.4548872180451128
greedy|2024|7000|all,10 chosen for continuity,2024,container,methanol,operating,1.5,0.0,2926,858,0.36920458799735406,0.37211727108573417,0.5959232852945914,0.5978455082771438,0.5929712280640633,0.5949244430537396,0.3419656874568982,0.345769607454907,0.34067512209592327,0.34466780200379077,0.43163345244778456,0.44892068791260403,0.3370934039394756,0.3408431261703174,0.33582122638922873,0.3397570191027987,0.42542289968778646,0.44226203529495905,0.7535052633719193,0.07674877124896219,0.13821327867194722,0.348257006151743,0.612810954680721,0.5321257689678742
greedy|2024|7000|all,10 chosen for continuity,2024,container,methanol,operating,1.5,0.1,2926,858,0.3343505939405776,0.3370149025618409,0.5720699379940066,0.5737642121427402,,,,,,,,,,,,,,,0.7535052633719193,0.07674877124896219,0.10304018683360058,0.322282980177717,0.5703535052905582,0.5239234449760766
greedy|2024|7000|all,10 chosen for continuity,2024,container,methanol,operating,2.0,0.0,2926,858,0.4927527210577102,0.49654125804731336,0.6488617156214029,0.651569261204483,0.646011782798757,0.6487545050336185,0.3878536369030289,0.3936974133592969,0.3870104350031171,0.39302722354443886,0.47219286397594096,0.49610247894608056,0.38232754773218713,0.38808806280653374,0.3814963596654448,0.38742742177071476,0.46536315262710437,0.48860342617543173,0.7535052633719193,0.07674877124896219,0.2954958074888775,0.4395078605604921,0.7219756273353295,0.5550239234449761
greedy|2024|7000|all,10 chosen for continuity,2024,container,methanol,operating,2.0,0.1,2926,858,0.4464963284645196,0.44986834737044357,0.6317456302206412,0.6341233677053315,,,,,,,,,,,,,,,0.7535052633719193,0.07674877124896219,0.22652737275616197,0.40498974709501023,0.680660059092036,0.5457963089542037
greedy|2024|7000|all,10 chosen for continuity,2024,container,ammonia,service,1.0,0.0,2926,858,0.17674419195463711,0.17739039474777246,0.3844117631621902,0.3851318049940786,,,,,,,,,,,,,,,0.7535052633719193,0.07674877124896219,0.020997710667783685,0.17634996582365003,0.31304309050779433,0.3509911141490089
greedy|2024|7000|all,10 chosen for continuity,2024,container,ammonia,service,1.0,0.1,2926,858,0.16266901820168936,0.16320866604134043,0.3625967556830502,0.36322253538965554,,,,,,,,,,,,,,,0.7535052633719193,0.07674877124896219,0.014908170131961055,0.1582365003417635,0.2864977932107769,0.32365003417634997
greedy|2024|7000|all,10 chosen for continuity,2024,container,ammonia,service,1.5,0.0,2926,858,0.2389656405726089,0.24034161352398692,0.47554354494838647,0.4767360015645709,,,,,,,,,,,,,,,0.7535052633719193,0.07674877124896219,0.042421865125964756,0.24299384825700615,0.4305439358067171,0.45933014354066987
greedy|2024|7000|all,10 chosen for continuity,2024,container,ammonia,service,1.5,0.1,2926,858,0.22029866610123477,0.221254413931228,0.4510439994487583,0.45209911422112703,,,,,,,,,,,,,,,0.7535052633719193,0.07674877124896219,0.036114637445713846,0.22522214627477785,0.39886455088529194,0.43267259056732743
greedy|2024|7000|all,10 chosen for continuity,2024,container,ammonia,service,2.0,0.0,2926,858,0.2985992121903081,0.30117551868455184,0.543569331758331,0.5452229730913698,,,,,,,,,,,,,,,0.7535052633719193,0.07674877124896219,0.080916299187176,0.3004101161995899,0.5371795056321551,0.512987012987013
greedy|2024|7000|all,10 chosen for continuity,2024,container,ammonia,service,2.0,0.1,2926,858,0.27355444752285685,0.27543459550756844,0.5186382149188743,0.5201232706323531,,,,,,,,,,,,,,,0.7535052633719193,0.07674877124896219,0.0602294563151999,0.2781954887218045,0.4918597511506152,0.4969241285030759
greedy|2024|7000|all,10 chosen for continuity,2024,container,ammonia,operating,1.0,0.0,2926,858,0.21423769885409824,0.21540834317528237,0.44976821392308747,0.4507208175467246,,,,,,,,,,,,,,,0.7535052633719193,0.07674877124896219,0.03031961448236037,0.20676691729323307,0.3917407014951164,0.42720437457279564
greedy|2024|7000|all,10 chosen for continuity,2024,container,ammonia,operating,1.0,0.1,2926,858,0.19500438782165216,0.1958222147708712,0.425445373394768,0.42627013083890725,,,,,,,,,,,,,,,0.7535052633719193,0.07674877124896219,0.02089938575613965,0.1862611073137389,0.35765201625193577,0.3954203691045796
greedy|2024|7000|all,10 chosen for continuity,2024,container,ammonia,operating,1.5,0.0,2926,858,0.3019326556748099,0.3042478078586793,0.5458615041319727,0.5473603571774716,,,,,,,,,,,,,,,0.7535052633719193,0.07674877124896219,0.07214530083867556,0.2966507177033493,0.5259117613393741,0.5136705399863295
greedy|2024|7000|all,10 chosen for continuity,2024,container,ammonia,operating,1.5,0.1,2926,858,0.2780611281193911,0.2799185861751305,0.5210141567899912,0.5223650638962014,,,,,,,,,,,,,,,0.7535052633719193,0.07674877124896219,0.05640171205633237,0.2751196172248804,0.4929632515554059,0.4955570745044429
greedy|2024|7000|all,10 chosen for continuity,2024,container,ammonia,operating,2.0,0.0,2926,858,0.40200199957935223,0.4050649329899231,0.610799879802578,0.6128788981454046,,,,,,,,,,,,,,,0.7535052633719193,0.07674877124896219,0.16625381484875357,0.3714969241285031,0.6364342426899108,0.5379357484620643
greedy|2024|7000|all,10 chosen for continuity,2024,container,ammonia,operating,2.0,0.1,2926,858,0.35536068602980975,0.3580978185475404,0.5881894442625079,0.5900249064416251,,,,,,,,,,,,,,,0.7535052633719193,0.07674877124896219,0.12681121753755453,0.34039644565960353,0.6010540348914193,0.5300751879699248
greedy|2024|7000|all,10 chosen for continuity,2024,bulk,methanol,service,1.0,0.0,8019,1124,0.1659892230676405,0.16826355407664545,0.48121809742054095,0.48250728358688516,,,0.1702159994518027,0.17302018399905206,,,,,0.16540385262118648,0.16815540081326322,,,,,0.8970589593832459,0.009123558088588482,0.09286904217228566,0.10437710437710437,0.4769818466967368,0.4678887641850605
greedy|2024|7000|all,10 chosen for continuity,2024,bulk,methanol,service,1.0,0.1,8019,1124,0.1492064760793718,0.15120123402400457,0.44958093370890767,0.4507153713969741,,,,,,,,,,,,,,,0.8970589593832459,0.009123558088588482,0.08070160348444361,0.08405038034667664,0.4401025549779577,0.405910961466517
greedy|2024|7000|all,10 chosen for continuity,2024,bulk,methanol,service,1.5,0.0,8019,1124,0.26147663516241376,0.26521439659465035,0.6135199083429477,0.6156290174873951,,,0.27909860259185626,0.28395601234229806,,,,,0.27231091704247534,0.2770541278691879,,,,,0.8970589593832459,0.009123558088588482,0.17276899289960507,0.20488839007357526,0.6368202338943691,0.6364883401920439
greedy|2024|7000|all,10 chosen for continuity,2024,bulk,methanol,service,1.5,0.1,8019,1124,0.23072446928452564,0.2340450350651736,0.5777650319320945,0.5795798240259111,,,,,,,,,,,,,,,0.8970589593832459,0.009123558088588482,0.14869646512707135,0.17184187554557925,0.5929047928656498,0.600199526125452
greedy|2024|7000|all,10 chosen for continuity,2024,bulk,methanol,service,2.0,0.0,8019,1124,0.40541237529152907,0.4106955285676015,0.7099361194377022,0.7128864251229343,,,0.39130941776266587,0.39801270241648157,,,,,0.3843736662590257,0.390991429530488,,,,,0.8970589593832459,0.009123558088588482,0.2877359227176536,0.3315874797356279,0.7678752459762547,0.7159246788876419
greedy|2024|7000|all,10 chosen for continuity,2024,bulk,methanol,service,2.0,0.1,8019,1124,0.3330278244830386,0.3376399067036967,0.6760593083925989,0.6786760880081371,,,,,,,,,,,,,,,0.8970589593832459,0.009123558088588482,0.23382545167661295,0.2722284574136426,0.7184487086995085,0.6908592093777279
greedy|2024|7000|all,10 chosen for continuity,2024,bulk,methanol,operating,1.0,0.0,8019,1124,0.19330986238321193,0.19565600942154385,0.523200732991937,0.5246096912611762,0.5161362868605024,0.5175406106875383,0.20275777706855724,0.20588773170126146,0.2037331048519077,0.20692836325210492,0.5004868896130814,0.5123726337315957,0.19737565331850188,0.20044320391775433,0.198262809760798,0.20139370610186902,0.4956317815338138,0.5075654263067768,0.8970589593832459,0.009123558088588482,0.1145343675696276,0.13455543085172714,0.5272126091671641,0.53410649706946
greedy|2024|7000|all,10 chosen for continuity,2024,bulk,methanol,operating,1.0,0.1,8019,1124,0.1730807860048552,0.17516001678672002,0.48994469803099094,0.491191770245965,,,,,,,,,,,,,,,0.8970589593832459,0.009123558088588482,0.09685502599310468,0.1126075570520015,0.48803199243997575,0.4826038159371493
greedy|2024|7000|all,10 chosen for continuity,2024,bulk,methanol,operating,1.5,0.0,8019,1124,0.3170671182914659,0.3214097512574334,0.6583557660344296,0.6606747353317873,0.6540096816079796,0.6563145556643986,0.3316591285394825,0.3370569976671329,0.32832631615426316,0.33382755339656356,0.6194719941914062,0.6368338065205786,0.3247761472552879,0.33007428180457576,0.32130004280283303,0.32667576836721035,0.6143323087285772,0.6312823312795517,0.8970589593832459,0.009123558088588482,0.21980984250158614,0.2610051128569647,0.6955333988809711,0.677765307394937
greedy|2024|7000|all,10 chosen for continuity,2024,bulk,methanol,operating,1.5,0.1,8019,1124,0.27341395087163073,0.27699839650035757,0.622906579077596,0.6249348185187437,,,,,,,,,,,,,,,0.8970589593832459,0.009123558088588482,0.18328847832917503,0.22010225713929418,0.64924146599336,0.6469634617782766
greedy|2024|7000|all,10 chosen for continuity,2024,bulk,methanol,operating,2.0,0.0,8019,1124,0.48485902746883264,0.4906234086198849,0.7455774141285554,0.748706828704033,0.7429569726583448,0.7460958094561013,0.4432466696790316,0.4510185520426677,0.43916210426166025,0.4471174876072659,0.6891607039632448,0.7108107081971277,0.436939924677867,0.4446527346848438,0.43325403362827336,0.44119301992764276,0.6844621546636215,0.7055980767416622,0.8970589593832459,0.009123558088588482,0.365323069570727,0.40915326100511284,0.8282531535738463,0.7433595211372989
greedy|2024|7000|all,10 chosen for continuity,2024,bulk,methanol,operating,2.0,0.1,8019,1124,0.41785471787916406,0.4229147798252026,0.7162440336412066,0.7190682880830988,,,,,,,,,,,,,,,0.8970589593832459,0.009123558088588482,0.3080523178496534,0.35191420376605564,0.7790762214038617,0.7197904975682754
greedy|2024|7000|all,10 chosen for continuity,2024,bulk,ammonia,service,1.0,0.0,8019,1124,0.13274297044146682,0.1342524036071438,0.4175088214934767,0.4185131705613678,,,,,,,,,,,,,,,0.8970589593832459,0.009123558088588482,0.06973561820327041,0.06721536351165981,0.40402669974321354,0.35203890759446316
greedy|2024|7000|all,10 chosen for continuity,2024,bulk,ammonia,service,1.0,0.1,8019,1124,0.11558211765530531,0.11670742071234144,0.3885515234429262,0.389440201829193,,,,,,,,,,,,,,,0.8970589593832459,0.009123558088588482,0.059589904455927274,0.052749719416386086,0.37168241484583536,0.2989150766928545
greedy|2024|7000|all,10 chosen for continuity,2024,bulk,ammonia,service,1.5,0.0,8019,1124,0.20340411809218065,0.20630504065369637,0.5407481866265379,0.542336235568681,,,,,,,,,,,,,,,0.8970589593832459,0.009123558088588482,0.12328807437994554,0.14266117969821673,0.5468627346182359,0.5536849981294426
greedy|2024|7000|all,10 chosen for continuity,2024,bulk,ammonia,service,1.5,0.1,8019,1124,0.18303699773228288,0.1856566826831328,0.5069733442059887,0.508387755285442,,,,,,,,,,,,,,,0.8970589593832459,0.009123558088588482,0.1066075502822167,0.1219603441825664,0.5057152573630938,0.508542212245916
greedy|2024|7000|all,10 chosen for continuity,2024,bulk,ammonia,service,2.0,0.0,8019,1124,0.2857639741165955,0.2897452747072333,0.6377811278305162,0.6400893250143591,,,,,,,,,,,,,,,0.8970589593832459,0.009123558088588482,0.19487716947046463,0.22696096770170845,0.6684121663845447,0.6594338446190298
greedy|2024|7000|all,10 chosen for continuity,2024,bulk,ammonia,service,2.0,0.1,8019,1124,0.2501164050251242,0.25376714954922724,0.6016506151898018,0.6036560952811476,,,,,,,,,,,,,,,0.8970589593832459,0.009123558088588482,0.16527745736967445,0.1914203766055618,0.6216370436895253,0.6230203267240304
greedy|2024|7000|all,10 chosen for continuity,2024,bulk,ammonia,operating,1.0,0.0,8019,1124,0.15381338270773404,0.15565835660541597,0.45604749510058756,0.4571378343978499,,,,,,,,,,,,,,,0.8970589593832459,0.009123558088588482,0.08354418266481155,0.09240553684998129,0.4469710533570879,0.4259882778401297
greedy|2024|7000|all,10 chosen for continuity,2024,bulk,ammonia,operating,1.0,0.1,8019,1124,0.13704763204898787,0.13854788706468515,0.42541184036316504,0.426372284886136,,,,,,,,,,,,,,,0.8970589593832459,0.009123558088588482,0.07163515925484835,0.07482229704451927,0.41186884367114734,0.36937273974311013
greedy|2024|7000|all,10 chosen for continuity,2024,bulk,ammonia,operating,1.5,0.0,8019,1124,0.23946243921857843,0.24267947931716105,0.5851690403842805,0.586934532101552,,,,,,,,,,,,,,,0.8970589593832459,0.009123558088588482,0.15329362412768122,0.18281581244544207,0.6021823525641576,0.6104252400548696
greedy|2024|7000|all,10 chosen for continuity,2024,bulk,ammonia,operating,1.5,0.1,8019,1124,0.21202768817485373,0.21470333437870973,0.5501531456409476,0.5516970369742877,,,,,,,,,,,,,,,0.8970589593832459,0.009123558088588482,0.12829510285951132,0.15475745105374736,0.5597306986665548,0.5667789001122334
greedy|2024|7000|all,10 chosen for continuity,2024,bulk,ammonia,operating,2.0,0.0,8019,1124,0.35199499008035934,0.35651746104220533,0.6816088348983398,0.6841089522319581,,,,,,,,,,,,,,,0.8970589593832459,0.009123558088588482,0.25047682127884763,0.29118343933158747,0.725835745369467,0.6959720663424367
greedy|2024|7000|all,10 chosen for continuity,2024,bulk,ammonia,operating,2.0,0.1,8019,1124,0.3021554973657045,0.3064437333813866,0.6467236168976336,0.6489586622091942,,,,,,,,,,,,,,,0.8970589593832459,0.009123558088588482,0.20727308076242562,0.24641476493328346,0.6793711229214765,0.6689113355780022
greedy|2024|7000|all,10 chosen for continuity,2024,tanker,methanol,service,1.0,0.0,5577,211,0.21681598218267747,0.21914761088263573,0.4555802423154935,0.4580023790829563,,,0.14814780901390184,0.15035104171692734,,,,,0.1451911468040223,0.1473574535448419,,,,,0.7885513421017809,0.03669738148490909,0.07874157179325084,0.18056302671687288,0.379345866593487,0.41420118343195267
greedy|2024|7000|all,10 chosen for continuity,2024,tanker,methanol,service,1.0,0.1,5577,211,0.19475051799594228,0.19686922866760437,0.42988512168694754,0.43210559643383584,,,,,,,,,,,,,,,0.7885513421017809,0.03669738148490909,0.06856856968281136,0.15868746637977407,0.3513704189573327,0.39017392863546707
greedy|2024|7000|all,10 chosen for continuity,2024,tanker,methanol,service,1.5,0.0,5577,211,0.33523764219757946,0.33918830963544894,0.5522186532002384,0.5557274732955761,,,0.21982370112415842,0.22314728476159612,,,,,0.21576494058936707,0.21905269301359473,,,,,0.7885513421017809,0.03669738148490909,0.13511974359376624,0.2901201362739824,0.49429166785078227,0.4981172673480366
greedy|2024|7000|all,10 chosen for continuity,2024,tanker,methanol,service,1.5,0.1,5577,211,0.30237595753945945,0.306007601333788,0.5282912300504775,0.5314898014802134,,,,,,,,,,,,,,,0.7885513421017809,0.03669738148490909,0.12096911974597722,0.2589205666128743,0.4630095664643347,0.4816209431594047
greedy|2024|7000|all,10 chosen for continuity,2024,tanker,methanol,service,2.0,0.0,5577,211,0.412267776262483,0.4174080542373261,0.6119404299008399,0.6166337583355677,,,0.28586257049563657,0.29077586120786975,,,,,0.2808000288146647,0.28565064994399164,,,,,0.7885513421017809,0.03669738148490909,0.18643329331202146,0.3534158149542765,0.597224237095628,0.5436614667383898
greedy|2024|7000|all,10 chosen for continuity,2024,tanker,methanol,service,2.0,0.1,5577,211,0.388117695253133,0.39281060119117023,0.5908217869651404,0.5950178499094,,,,,,,,,,,,,,,0.7885513421017809,0.03669738148490909,0.16971235033915788,0.3329747175901022,0.556817035648392,0.5303926842388381
greedy|2024|7000|all,10 chosen for continuity,2024,tanker,methanol,operating,1.0,0.0,5577,211,0.2292120742399819,0.23146750845973965,0.45899421777176025,0.46098939580013637,0.45952501971515186,0.46147177133625633,0.14517402590830764,0.14743018793986168,0.146351558617183,0.14852505078055855,0.28074477190535646,0.2918071894631778,0.1422685861195552,0.1444832431373243,0.14356115746529624,0.1457121035563519,0.27662563717728633,0.2875960907859134,0.7885513421017809,0.03669738148490909,0.0713640923071957,0.17213555675094136,0.35449013180423944,0.4052357898511745
greedy|2024|7000|all,10 chosen for continuity,2024,tanker,methanol,operating,1.0,0.1,5577,211,0.20509654905821423,0.20690526495175224,0.43410770671061333,0.4359005427839318,,,,,,,,,,,,,,,0.7885513421017809,0.03669738148490909,0.059002627766749895,0.15384615384615385,0.3279203299325225,0.3808499193114578
greedy|2024|7000|all,10 chosen for continuity,2024,tanker,methanol,operating,1.5,0.0,5577,211,0.3426180384712132,0.346357123073403,0.5515962682754946,0.5546661310510742,0.5518105304553732,0.5549000897166223,0.21602025962001975,0.21937293354007942,0.21575651707396404,0.2191578536929858,0.360961024940157,0.37611912125124747,0.21216288839854466,0.2154675516987631,0.21225949728677282,0.21561408218421949,0.357002271626624,0.3721110459891779,0.7885513421017809,0.03669738148490909,0.12492108695107748,0.27864443249058635,0.4683498556505971,0.4877174107943339
greedy|2024|7000|all,10 chosen for continuity,2024,tanker,methanol,operating,1.5,0.1,5577,211,0.30890403037341013,0.3119521905479534,0.5285325572580772,0.5312891710192805,,,,,,,,,,,,,,,0.7885513421017809,0.03669738148490909,0.11190754832790457,0.2485207100591716,0.43882925910859355,0.4669176976869285
greedy|2024|7000|all,10 chosen for continuity,2024,tanker,methanol,operating,2.0,0.0,5577,211,0.41943522838949043,0.4244753362289308,0.6087119328357612,0.61278815228125,0.609584069402439,0.6137555204873987,0.27749666451706057,0.28209421477764035,0.27684078570609383,0.2815994844781997,0.42033306932862513,0.4393428103375022,0.2729157419818215,0.27744655965202064,0.27272259385864356,0.27741402947553323,0.41594698777312966,0.43480779397228025,0.7885513421017809,0.03669738148490909,0.17633060402558917,0.3453469607315761,0.5691390996077234,0.5287789133942981
greedy|2024|7000|all,10 chosen for continuity,2024,tanker,methanol,operating,2.0,0.1,5577,211,0.3912032700394117,0.3960690092143071,0.5883982753352178,0.5920729020249015,,,,,,,,,,,,,,,0.7885513421017809,0.03669738148490909,0.1570384477336069,0.3245472476241707,0.5300618960296158,0.5131791285637439
greedy|2024|7000|all,10 chosen for continuity,2024,tanker,ammonia,service,1.0,0.0,5577,211,0.17352857945182226,0.1754312371478817,0.4031160805401376,0.4050453811656479,,,,,,,,,,,,,,,0.7885513421017809,0.03669738148490909,0.05701461738625288,0.13555675094136632,0.32317743461139364,0.3622019006634391
greedy|2024|7000|all,10 chosen for continuity,2024,tanker,ammonia,service,1.0,0.1,5577,211,0.154604185700873,0.15628190618104199,0.37856978732330215,0.38033998941327385,,,,,,,,,,,,,,,0.7885513421017809,0.03669738148490909,0.04639261671676015,0.11995696611081226,0.29779705198545586,0.33620225927918235
greedy|2024|7000|all,10 chosen for continuity,2024,tanker,ammonia,service,1.5,0.0,5577,211,0.26701500507513537,0.2702378740024863,0.5017480457173358,0.5046474235799265,,,,,,,,,,,,,,,0.7885513421017809,0.03669738148490909,0.1058582640285357,0.22879684418145957,0.4321015088730609,0.45759368836291914
greedy|2024|7000|all,10 chosen for continuity,2024,tanker,ammonia,service,1.5,0.1,5577,211,0.2381843930824664,0.24089293631275321,0.47605014598716844,0.4786668140058761,,,,,,,,,,,,,,,0.7885513421017809,0.03669738148490909,0.08955278909253936,0.20190066343912497,0.40350565447094644,0.4353595122825892
greedy|2024|7000|all,10 chosen for continuity,2024,tanker,ammonia,service,2.0,0.0,5577,211,0.35699410331511355,0.3614234900369507,0.5675291430932023,0.5712919498816473,,,,,,,,,,,,,,,0.7885513421017809,0.03669738148490909,0.1487388417986124,0.3080509234355388,0.5167075800685869,0.5110274341043571
greedy|2024|7000|all,10 chosen for continuity,2024,tanker,ammonia,service,2.0,0.1,5577,211,0.3236149356097924,0.32747922048645073,0.5444425767029147,0.5478456484519975,,,,,,,,,,,,,,,0.7885513421017809,0.03669738148490909,0.130950733533623,0.27954097184866417,0.4835309662977379,0.49327595481441633
greedy|2024|7000|all,10 chosen for continuity,2024,tanker,ammonia,operating,1.0,0.0,5577,211,0.18135586403322546,0.1830408161303373,0.40793421598042123,0.4095252411184932,,,,,,,,,,,,,,,0.7885513421017809,0.03669738148490909,0.04769177184109015,0.13340505648197956,0.3011883695596555,0.35054688900842745
greedy|2024|7000|all,10 chosen for continuity,2024,tanker,ammonia,operating,1.0,0.1,5577,211,0.1601392702231025,0.16166118825989492,0.3835811451869424,0.38501729855959904,,,,,,,,,,,,,,,0.7885513421017809,0.03669738148490909,0.039358015510098786,0.11099157253003407,0.27740025097214416,0.32329209252286173
greedy|2024|7000|all,10 chosen for continuity,2024,tanker,ammonia,operating,1.5,0.0,5577,211,0.27801945167139114,0.28059909337673666,0.5031187037896876,0.5055599516364053,,,,,,,,,,,,,,,0.7885513421017809,0.03669738148490909,0.09399764433066018,0.22144522144522144,0.4076399641757111,0.4462972924511386
greedy|2024|7000|all,10 chosen for continuity,2024,tanker,ammonia,operating,1.5,0.1,5577,211,0.24908130972677237,0.2514492725134171,0.478542184300923,0.4807178581867565,,,,,,,,,,,,,,,0.7885513421017809,0.03669738148490909,0.07916737743565158,0.19221803837188453,0.37728205883847465,0.42442173211403983
greedy|2024|7000|all,10 chosen for continuity,2024,tanker,ammonia,operating,2.0,0.0,5577,211,0.36369546730705665,0.36802693737880443,0.5661335958697602,0.5694208507054604,,,,,,,,,,,,,,,0.7885513421017809,0.03669738148490909,0.1358294106120053,0.29836829836829837,0.49370041212348376,0.49722072798995876
greedy|2024|7000|all,10 chosen for continuity,2024,tanker,ammonia,operating,2.0,0.1,5577,211,0.3317589460785157,0.33515856688572593,0.5440564258301743,0.5470192405731078,,,,,,,,,,,,,,,0.7885513421017809,0.03669738148490909,0.12094738496392009,0.2678859601936525,0.4580260131086359,0.4816209431594047
greedy|2024|7000|all,10 chosen for continuity,2024,gas,methanol,service,1.0,0.0,1035,146,0.0611320092296023,0.06219518879436371,0.22594660290631413,0.22635635480833907,,,0.07818354819437225,0.07830169901530258,,,,,0.07616130061814484,0.07627615666966235,,,,,0.8103723394903002,0.007046219214175703,0.0,0.0821256038647343,0.1365712247636695,0.24057971014492754
greedy|2024|7000|all,10 chosen for continuity,2024,gas,methanol,service,1.0,0.1,1035,146,0.05065373373999111,0.0511765761065863,0.2091099853395754,0.2094456165590449,,,,,,,,,,,,,,,0.8103723394903002,0.007046219214175703,0.0,0.07149758454106281,0.12193034882065035,0.22318840579710145
greedy|2024|7000|all,10 chosen for continuity,2024,gas,methanol,service,1.5,0.0,1035,146,0.12200532731533331,0.1237581579720045,0.2954907616369921,0.2963067831088398,,,0.14349043341584083,0.14399232640082726,,,,,0.13995817723122503,0.14044607436207843,,,,,0.8103723394903002,0.007046219214175703,0.0,0.16135265700483092,0.19853631676306974,0.3188405797101449
greedy|2024|7000|all,10 chosen for continuity,2024,gas,methanol,service,1.5,0.1,1035,146,0.10496837680625724,0.10614207011499079,0.2770775499196734,0.277768600914549,,,,,,,,,,,,,,,0.8103723394903002,0.007046219214175703,0.0,0.14396135265700483,0.17733574712572714,0.293719806763285
greedy|2024|7000|all,10 chosen for continuity,2024,gas,methanol,service,2.0,0.0,1035,146,0.15364789635547021,0.15741891713214184,0.34763005145331716,0.3488208629612406,,,0.19433960386806867,0.19495570583709385,,,,,0.18962375748976898,0.19022267875783294,,,,,0.8103723394903002,0.007046219214175703,0.0,0.1932367149758454,0.26678231448764395,0.3739130434782609
greedy|2024|7000|all,10 chosen for continuity,2024,gas,methanol,service,2.0,0.1,1035,146,0.14211845867417916,0.14453274398215807,0.3278457801740757,0.3289101552909479,,,,,,,,,,,,,,,0.8103723394903002,0.007046219214175703,0.0,0.18164251207729468,0.235295393405176,0.3545893719806763
greedy|2024|7000|all,10 chosen for continuity,2024,gas,methanol,operating,1.0,0.0,1035,146,0.05982150855456299,0.060296291030142855,0.19686190158793423,0.19706986436092638,0.1938981017741127,0.1941417492982524,0.044815063917136924,0.044815063917136924,0.04275314850839207,0.04275314850839207,0.15405214754930915,0.15794549620643636,0.04377048498729588,0.04377048498729588,0.04175062292912568,0.04175062292912568,0.15078714254994652,0.15452757193668898,0.8103723394903002,0.007046219214175703,0.0,0.10048309178743961,0.13424429114907016,0.24444444444444444
greedy|2024|7000|all,10 chosen for continuity,2024,gas,methanol,operating,1.0,0.1,1035,146,0.05150378824236871,0.05196181528206084,0.18270137407560932,0.18289771575065186,,,,,,,,,,,,,,,0.8103723394903002,0.007046219214175703,0.0,0.08792270531400966,0.11970168254265147,0.2222222222222222
greedy|2024|7000|all,10 chosen for continuity,2024,gas,methanol,operating,1.5,0.0,1035,146,0.09564042433733526,0.09615717013524419,0.2558080525560333,0.2561459564160696,0.2545370408166756,0.2548725059107933,0.08228531202143377,0.08235498482110795,0.08041012154926008,0.08052131412601073,0.21390694429581242,0.21933801910369793,0.0805640907369931,0.08063182063176434,0.0787541027206458,0.07886219456650072,0.20870596080273907,0.21376997212709659,0.8103723394903002,0.007046219214175703,0.0,0.1603864734299517,0.19576529294870804,0.30531400966183575
greedy|2024|7000|all,10 chosen for continuity,2024,gas,methanol,operating,1.5,0.1,1035,146,0.08772368059099532,0.08824042638890425,0.23923179245353582,0.23952338290685105,,,,,,,,,,,,,,,0.8103723394903002,0.007046219214175703,0.0,0.1391304347826087,0.175849240769901,0.2898550724637681
greedy|2024|7000|all,10 chosen for continuity,2024,gas,methanol,operating,2.0,0.0,1035,146,0.12855139415938965,0.13019278086517874,0.3045876032797854,0.30520092524075004,0.304477129748065,0.3050353523752706,0.1233765398780405,0.12376394355048849,0.12367064032678374,0.12416550999725454,0.26624340127011853,0.2732448142185792,0.12070547012544826,0.1210820706078689,0.12102816328802016,0.121509232957435,0.2596577429034151,0.2660957091084139,0.8103723394903002,0.007046219214175703,0.0,0.19516908212560385,0.26217613059989736,0.3545893719806763
greedy|2024|7000|all,10 chosen for continuity,2024,gas,methanol,operating,2.0,0.1,1035,146,0.11596671391686343,0.11695865159786949,0.2860667183576691,0.2865602351811185,,,,,,,,,,,,,,,0.8103723394903002,0.007046219214175703,0.0,0.178743961352657,0.23672547323672408,0.3323671497584541
greedy|2024|7000|all,10 chosen for continuity,2024,gas,ammonia,service,1.0,0.0,1035,146,0.04152553270193348,0.04203395605770324,0.19220213943498815,0.192481058462994,,,,,,,,,,,,,,,0.8103723394903002,0.007046219214175703,0.0,0.05314009661835749,0.11232598151020805,0.1961352657004831
greedy|2024|7000|all,10 chosen for continuity,2024,gas,ammonia,service,1.0,0.1,1035,146,0.03543567673651417,0.03574274156572627,0.17697311445729177,0.17720415726698707,,,,,,,,,,,,,,,0.8103723394903002,0.007046219214175703,0.0,0.044444444444444446,0.10420041081273533,0.17971014492753623
greedy|2024|7000|all,10 chosen for continuity,2024,gas,ammonia,service,1.5,0.0,1035,146,0.08836218559931341,0.08942536516407484,0.25767879942416044,0.258251619015189,,,,,,,,,,,,,,,0.8103723394903002,0.007046219214175703,0.0,0.11497584541062802,0.15821446372547984,0.2763285024154589
greedy|2024|7000|all,10 chosen for continuity,2024,gas,ammonia,service,1.5,0.1,1035,146,0.07505013561192986,0.07611331517669127,0.23975067821297824,0.24022176381390897,,,,,,,,,,,,,,,0.8103723394903002,0.007046219214175703,0.0,0.09371980676328502,0.14601971811073908,0.2541062801932367
greedy|2024|7000|all,10 chosen for continuity,2024,gas,ammonia,service,2.0,0.0,1035,146,0.12678179747505822,0.12919608278303713,0.307924153804907,0.3088387943132605,,,,,,,,,,,,,,,0.8103723394903002,0.007046219214175703,0.0,0.1671497584541063,0.21293805436504157,0.3285024154589372
greedy|2024|7000|all,10 chosen for continuity,2024,gas,ammonia,service,2.0,0.1,1035,146,0.11748484446397037,0.11923767512064157,0.28951863583243054,0.29028153192537043,,,,,,,,,,,,,,,0.8103723394903002,0.007046219214175703,0.0,0.1536231884057971,0.19045146374788066,0.30821256038647343
greedy|2024|7000|all,10 chosen for continuity,2024,gas,ammonia,operating,1.0,0.0,1035,146,0.04226297977107566,0.042538585299471396,0.16840945970932267,0.16859353253246004,,,,,,,,,,,,,,,0.8103723394903002,0.007046219214175703,0.0,0.07439613526570048,0.10748973445080978,0.2038647342995169
greedy|2024|7000|all,10 chosen for continuity,2024,gas,ammonia,operating,1.0,0.1,1035,146,0.03490404583932996,0.03510719495892243,0.15527460070227134,0.1554429480189337,,,,,,,,,,,,,,,0.8103723394903002,0.007046219214175703,0.0,0.05603864734299517,0.0944771428499661,0.18164251207729468
greedy|2024|7000|all,10 chosen for continuity,2024,gas,ammonia,operating,1.5,0.0,1035,146,0.0782508427275089,0.07876758852541783,0.22287182896039057,0.22313888485371547,,,,,,,,,,,,,,,0.8103723394903002,0.007046219214175703,0.0,0.12657004830917876,0.1602185677134201,0.2753623188405797
greedy|2024|7000|all,10 chosen for continuity,2024,gas,ammonia,operating,1.5,0.1,1035,146,0.06844123890286176,0.06891602137844163,0.2082270079173537,0.20847971755051176,,,,,,,,,,,,,,,0.8103723394903002,0.007046219214175703,0.0,0.11014492753623188,0.14744809060192898,0.2570048309178744
greedy|2024|7000|all,10 chosen for continuity,2024,gas,ammonia,operating,2.0,0.0,1035,146,0.1026065543054497,0.10337608603673654,0.2672974419387532,0.267689872717091,,,,,,,,,,,,,,,0.8103723394903002,0.007046219214175703,0.0,0.1671497584541063,0.20885282537743588,0.31980676328502416
greedy|2024|7000|all,10 chosen for continuity,2024,gas,ammonia,operating,2.0,0.1,1035,146,0.09253890660980847,0.0930556524077174,0.2503189964265207,0.25064221927442737,,,,,,,,,,,,,,,0.8103723394903002,0.007046219214175703,0.0,0.1536231884057971,0.19023969751883346,0.30144927536231886
greedy|2024|7000|all,10 chosen for continuity,2024,general,methanol,service,1.0,0.0,1886,557,0.10062434794020414,0.10194358878169596,0.26117725772599165,0.2641399382246491,,,0.04379597983442658,0.04606013353329483,,,,,0.0419834457672688,0.044147252621115324,,,,,0.6088535074933015,0.01644303543893703,0.0,0.061505832449628844,0.12678033179636417,0.235949098621421
greedy|2024|7000|all,10 chosen for continuity,2024,general,methanol,service,1.0,0.1,1886,557,0.0881545334624153,0.08909352336404462,0.24412626147177255,0.24685268804506966,,,,,,,,,,,,,,,0.6088535074933015,0.01644303543893703,0.0,0.04612937433722163,0.11443235872426048,0.21527041357370094
greedy|2024|7000|all,10 chosen for continuity,2024,general,methanol,service,1.5,0.0,1886,557,0.15604224030783187,0.15801279472291127,0.32934676242566313,0.3338646952507832,,,0.06905192092727068,0.07366607300440181,,,,,0.06631119330740827,0.07072084707524971,,,,,0.6088535074933015,0.01644303543893703,0.0,0.13626723223753975,0.19246375922772424,0.32025450689289503
greedy|2024|7000|all,10 chosen for continuity,2024,general,methanol,service,1.5,0.1,1886,557,0.14334543055950444,0.14516958305305744,0.3111552603592106,0.3151723872313189,,,,,,,,,,,,,,,0.6088535074933015,0.01644303543893703,0.0,0.11770943796394485,0.17500896933277285,0.29957582184517495
greedy|2024|7000|all,10 chosen for continuity,2024,general,methanol,service,2.0,0.0,1886,557,0.19999401827114743,0.2023261145758184,0.3799319581047397,0.3865288683155845,,,0.09833779730673439,0.10543419331602759,,,,,0.09478437564340154,0.10156626078229172,,,,,0.6088535074933015,0.01644303543893703,0.0,0.1818663838812301,0.24863620940046333,0.3711558854718982
greedy|2024|7000|all,10 chosen for continuity,2024,general,methanol,service,2.0,0.1,1886,557,0.18240789003916574,0.18454527775305263,0.361055002927638,0.36685007810845854,,,,,,,,,,,,,,,0.6088535074933015,0.01644303543893703,0.0,0.16595970307529162,0.22815146384885432,0.34994697773064687
greedy|2024|7000|all,10 chosen for continuity,2024,general,methanol,operating,1.0,0.0,1886,557,0.10077099087617694,0.10183860869023979,0.26510420624041575,0.26728494650346785,0.2627453892096787,0.26472262333644003,0.04690544974978294,0.049148155361530915,0.04716530223332022,0.049604819198075564,0.15036858918187082,0.1644698695986179,0.044965316000936326,0.0471086253426502,0.04526657157928671,0.04759796963369047,0.1455585463993609,0.15878194741365417,0.6088535074933015,0.01644303543893703,0.0,0.06680805938494168,0.13083578137214072,0.24337221633085895
greedy|2024|7000|all,10 chosen for continuity,2024,general,methanol,operating,1.0,0.1,1886,557,0.08920661236184106,0.09027423017590391,0.2478313522394345,0.24976884303596258,,,,,,,,,,,,,,,0.6088535074933015,0.01644303543893703,0.0,0.05143160127253447,0.11391536894929494,0.22481442205726404
greedy|2024|7000|all,10 chosen for continuity,2024,general,methanol,operating,1.5,0.0,1886,557,0.15831700138912783,0.16000069435315262,0.33587906488785796,0.3396609752760138,0.3335396654528514,0.33726732112379004,0.07654390556876682,0.08109917434433005,0.07655928934266214,0.08128560598906308,0.19852666857125065,0.2199991621246272,0.07357803408593819,0.07793141424851449,0.07363021280941066,0.0781470600349516,0.19154089890916362,0.2115815399417029,0.6088535074933015,0.01644303543893703,0.0,0.12990455991516436,0.1926114094630655,0.3266171792152704
greedy|2024|7000|all,10 chosen for continuity,2024,general,methanol,operating,1.5,0.1,1886,557,0.14307068981813892,0.1444829049695772,0.31709257856413003,0.3203549442257596,,,,,,,,,,,,,,,0.6088535074933015,0.01644303543893703,0.0,0.11452810180275716,0.17491558439825244,0.3091198303287381
greedy|2024|7000|all,10 chosen for continuity,2024,general,methanol,operating,2.0,0.0,1886,557,0.2076965045287849,0.21044452579111145,0.3872810751142267,0.39310921969248613,0.38529028064152365,0.3909911252428769,0.10765054992454114,0.11466935544884381,0.10738310717509458,0.1147706617726593,0.2386282390512128,0.2678792002160989,0.10412584423287355,0.11083357768175271,0.10376929224608891,0.11082943188208902,0.22953273517109082,0.2565381013411266,0.6088535074933015,0.01644303543893703,0.0,0.19353128313891835,0.23870903373849672,0.3796394485683987
greedy|2024|7000|all,10 chosen for continuity,2024,general,methanol,operating,2.0,0.1,1886,557,0.18736319612848837,0.18984797907105652,0.36833392239861495,0.3732620279434133,,,,,,,,,,,,,,,0.6088535074933015,0.01644303543893703,0.0,0.1702014846235419,0.21954943847415198,0.3621420996818664
greedy|2024|7000|all,10 chosen for continuity,2024,general,ammonia,service,1.0,0.0,1886,557,0.07884910249248045,0.07969133211608011,0.2270591309872593,0.22942263991653042,,,,,,,,,,,,,,,0.6088535074933015,0.01644303543893703,0.0,0.03552492046659597,0.10502586580167854,0.18928950159066807
greedy|2024|7000|all,10 chosen for continuity,2024,general,ammonia,service,1.0,0.1,1886,557,0.06637657975887706,0.06707144208602799,0.21145323303836358,0.21352199403913208,,,,,,,,,,,,,,,0.6088535074933015,0.01644303543893703,0.0,0.02704135737009544,0.09693551658437058,0.16436903499469777
greedy|2024|7000|all,10 chosen for continuity,2024,general,ammonia,service,1.5,0.0,1886,557,0.1274533719275259,0.12917454529336153,0.292353422353464,0.2959293998423385,,,,,,,,,,,,,,,0.6088535074933015,0.01644303543893703,0.0,0.09384941675503712,0.15640621611943467,0.28101802757158006
greedy|2024|7000|all,10 chosen for continuity,2024,general,ammonia,service,1.5,0.1,1886,557,0.11418330706392102,0.11590448042975664,0.27490746666509525,0.2781102998612389,,,,,,,,,,,,,,,0.6088535074933015,0.01644303543893703,0.0,0.07741251325556733,0.1392432583360877,0.2550371155885472
greedy|2024|7000|all,10 chosen for continuity,2024,general,ammonia,service,2.0,0.0,1886,557,0.1661836775258338,0.1681542319409132,0.3414858742370668,0.3464907244983642,,,,,,,,,,,,,,,0.6088535074933015,0.01644303543893703,0.0,0.1474019088016967,0.20806270498745028,0.32873806998939553
greedy|2024|7000|all,10 chosen for continuity,2024,general,ammonia,service,2.0,0.1,1886,557,0.1512898175723969,0.1531765640055746,0.3232948626104208,0.32762326369483336,,,,,,,,,,,,,,,0.6088535074933015,0.01644303543893703,0.0,0.12937433722163308,0.18599909533092468,0.31601272534464475
greedy|2024|7000|all,10 chosen for continuity,2024,general,ammonia,operating,1.0,0.0,1886,557,0.07707749409528838,0.07814511190935124,0.23017490190948345,0.23173277947719323,,,,,,,,,,,,,,,0.6088535074933015,0.01644303543893703,0.0,0.037645811240721104,0.10291358375995863,0.1951219512195122
greedy|2024|7000|all,10 chosen for continuity,2024,general,ammonia,operating,1.0,0.1,1886,557,0.06615663318116814,0.067224250995231,0.2142339685362727,0.2155738828452895,,,,,,,,,,,,,,,0.6088535074933015,0.01644303543893703,0.0,0.02916224814422057,0.09343809200800261,0.16914103923647933
greedy|2024|7000|all,10 chosen for continuity,2024,general,ammonia,operating,1.5,0.0,1886,557,0.12510322431510246,0.12633882778234407,0.29738728326045033,0.30017884633646896,,,,,,,,,,,,,,,0.6088535074933015,0.01644303543893703,0.0,0.10127253446447508,0.15932976748920546,0.28366914103923646
greedy|2024|7000|all,10 chosen for continuity,2024,general,ammonia,operating,1.5,0.1,1886,557,0.1108689138695361,0.11205274132666514,0.27922868209747564,0.2816976870410773,,,,,,,,,,,,,,,0.6088535074933015,0.01644303543893703,0.0,0.08112407211028633,0.14325894312525522,0.26617179215270415
greedy|2024|7000|all,10 chosen for continuity,2024,general,ammonia,operating,2.0,0.0,1886,557,0.169362650408773,0.17104634337279778,0.34844673161839207,0.352629372612712,,,,,,,,,,,,,,,0.6088535074933015,0.01644303543893703,0.0,0.14528101802757157,0.2057603077671597,0.34093319194061505
greedy|2024|7000|all,10 chosen for continuity,2024,general,ammonia,operating,2.0,0.1,1886,557,0.15356130386652858,0.15507087966259067,0.329632210460724,0.3332262735046024,,,,,,,,,,,,,,,0.6088535074933015,0.01644303543893703,0.0,0.1256627783669141,0.1865522075975884,0.3213149522799576
greedy|2024|7000|all,10 chosen for continuity,2024,roro,methanol,service,1.0,0.0,538,158,0.12922548768981962,0.130050931889771,0.41974281475921277,0.4210213039966196,,,0.16820660240025953,0.16870045643012757,,,,,0.16580937674683177,0.16629619253008787,,,,,0.8595534548879531,0.018535373249594953,0.05265134116808169,0.08736059479553904,0.4302255289828205,0.40892193308550184
greedy|2024|7000|all,10 chosen for continuity,2024,roro,methanol,service,1.0,0.1,538,158,0.11416955212628199,0.11493295533411758,0.3899315709030205,0.3911309702417295,,,,,,,,,,,,,,,0.8595534548879531,0.018535373249594953,0.046482875497242324,0.07434944237918216,0.3946340762222466,0.3475836431226766
greedy|2024|7000|all,10 chosen for continuity,2024,roro,methanol,service,1.5,0.0,538,158,0.24334315948908672,0.24479909384051216,0.5375490107387987,0.5393431268968848,,,0.2881848931425805,0.28959587831143163,,,,,0.28407777600857037,0.2854686522768486,,,,,0.8595534548879531,0.018535373249594953,0.12096848640224955,0.21933085501858737,0.5824803064550026,0.6022304832713755
greedy|2024|7000|all,10 chosen for continuity,2024,roro,methanol,service,1.5,0.1,538,158,0.21374699759831037,0.2152029319497358,0.5074465608092381,0.5090640667581261,,,,,,,,,,,,,,,0.8595534548879531,0.018535373249594953,0.09636559032548056,0.18587360594795538,0.5403214311160346,0.550185873605948
greedy|2024|7000|all,10 chosen for continuity,2024,roro,methanol,service,2.0,0.0,538,158,0.31456426670007853,0.3181149234551075,0.6232357709784506,0.6256954232484055,,,0.39285490203854595,0.3957620921827819,,,,,0.38738641730896295,0.3902521751271564,,,,,0.8595534548879531,0.018535373249594953,0.2269892547688644,0.30111524163568776,0.7204558083719906,0.6802973977695167
greedy|2024|7000|all,10 chosen for continuity,2024,roro,methanol,service,2.0,0.1,538,158,0.28473917037824054,0.28734125598665156,0.5911757962419046,0.5933599164432973,,,,,,,,,,,,,,,0.8595534548879531,0.018535373249594953,0.17281359300460022,0.26765799256505574,0.6701392115144091,0.6524163568773235
greedy|2024|7000|all,10 chosen for continuity,2024,roro,methanol,operating,1.0,0.0,538,158,0.10982016032066483,0.11047071423520023,0.3701070282500712,0.3710733929160436,0.3633622578631825,0.3642287812747601,0.13164881061461509,0.13189555172089526,0.12399791322299322,0.12436563273515977,0.31677781242073216,0.31817019171414634,0.1297725946900009,0.13001581932248465,0.12223073539341944,0.12259321428699402,0.3123401647661725,0.3137127003240177,0.8595534548879531,0.018535373249594953,0.04735904927676962,0.0724907063197026,0.3828614443669359,0.3215613382899628
greedy|2024|7000|all,10 chosen for continuity,2024,roro,methanol,operating,1.0,0.1,538,158,0.10190219353890921,0.10255274745344461,0.3436182111981429,0.3445006321663497,,,,,,,,,,,,,,,0.8595534548879531,0.018535373249594953,0.042565842912613706,0.06505576208178439,0.35531300112377096,0.2695167286245353
greedy|2024|7000|all,10 chosen for continuity,2024,roro,methanol,operating,1.5,0.0,538,158,0.18526859246749075,0.18644496859517226,0.48600477111289114,0.48742513112913494,0.47793561173472265,0.47931150726033084,0.22923462645413378,0.23000918157965689,0.21418553909706795,0.2152811491803344,0.4149143806883129,0.41816488565467624,0.22596764930015653,0.22673116571857538,0.21113303662932914,0.212213032434914,0.4092148933422578,0.4124190731716719,0.8595534548879531,0.018535373249594953,0.08795985168412501,0.1579925650557621,0.5283968382876119,0.5260223048327137
greedy|2024|7000|all,10 chosen for continuity,2024,roro,methanol,operating,1.5,0.1,538,158,0.15607182689711566,0.15724820302479717,0.45470076230452466,0.45593092337524543,,,,,,,,,,,,,,,0.8595534548879531,0.018535373249594953,0.06626169172063445,0.12453531598513011,0.4838953342013091,0.483271375464684
greedy|2024|7000|all,10 chosen for continuity,2024,roro,methanol,operating,2.0,0.0,538,158,0.273366608400585,0.2751970900269487,0.569449598519651,0.5714695329566787,0.5653386805798664,0.5673076898666555,0.32307992665866164,0.3247410940767114,0.3096695931436895,0.3117092956544165,0.4838965038544272,0.4912385286895763,0.3185708189515491,0.32020831195318267,0.30529974610432314,0.3073103794399149,0.4772139057807193,0.48445129447179464,0.8595534548879531,0.018535373249594953,0.17281359300460022,0.26022304832713755,0.630415561358187,0.6245353159851301
greedy|2024|7000|all,10 chosen for continuity,2024,roro,methanol,operating,2.0,0.1,538,158,0.2374375077974281,0.23926798942379177,0.5391664702451815,0.5409635679920729,,,,,,,,,,,,,,,0.8595534548879531,0.018535373249594953,0.13207461771799114,0.21933085501858737,0.5934191950968587,0.5836431226765799
greedy|2024|7000|all,10 chosen for continuity,2024,roro,ammonia,service,1.0,0.0,538,158,0.10472079394338069,0.10548419715121629,0.35998764360056845,0.36111690102312416,,,,,,,,,,,,,,,0.8595534548879531,0.018535373249594953,0.043899696341048434,0.06319702602230483,0.36158814012456125,0.28810408921933084
greedy|2024|7000|all,10 chosen for continuity,2024,roro,ammonia,service,1.0,0.1,538,158,0.09906011991662009,0.09964863283903974,0.3340420233923811,0.33510831874836206,,,,,,,,,,,,,,,0.8595534548879531,0.018535373249594953,0.04178542721152259,0.06133828996282528,0.33461736102879314,0.23234200743494424
greedy|2024|7000|all,10 chosen for continuity,2024,roro,ammonia,service,1.5,0.0,538,158,0.17359256641431545,0.17467500391499632,0.4752018116024282,0.4766658821172132,,,,,,,,,,,,,,,0.8595534548879531,0.018535373249594953,0.08230018146636409,0.13568773234200743,0.4965804604629016,0.49256505576208176
greedy|2024|7000|all,10 chosen for continuity,2024,roro,ammonia,service,1.5,0.1,538,158,0.14634120883443177,0.14716665303438314,0.44404609341975937,0.44539900889367295,,,,,,,,,,,,,,,0.8595534548879531,0.018535373249594953,0.06276624829335115,0.10594795539033457,0.46065542768505174,0.4516728624535316
greedy|2024|7000|all,10 chosen for continuity,2024,roro,ammonia,service,2.0,0.0,538,158,0.2608982892205761,0.2630370910897248,0.5578983710113438,0.5598356423776839,,,,,,,,,,,,,,,0.8595534548879531,0.018535373249594953,0.157253721251989,0.241635687732342,0.6160120782813374,0.6301115241635687
greedy|2024|7000|all,10 chosen for continuity,2024,roro,ammonia,service,2.0,0.1,538,158,0.23349588166020663,0.23495181601163206,0.5276555822008804,0.5293814751030054,,,,,,,,,,,,,,,0.8595534548879531,0.018535373249594953,0.11233250937180969,0.20631970260223048,0.5660855009704993,0.5817843866171004
greedy|2024|7000|all,10 chosen for continuity,2024,roro,ammonia,operating,1.0,0.0,538,158,0.09586512354598004,0.09645363646839969,0.3177593271043904,0.31856795945937816,,,,,,,,,,,,,,,0.8595534548879531,0.018535373249594953,0.04178542721152259,0.05947955390334572,0.3244811726220085,0.21933085501858737
greedy|2024|7000|all,10 chosen for continuity,2024,roro,ammonia,operating,1.0,0.1,538,158,0.0894817471447787,0.08998035750089566,0.29512244639124247,0.2958677113965819,,,,,,,,,,,,,,,0.8595534548879531,0.018535373249594953,0.041005730180804084,0.05018587360594796,0.2954425036166044,0.18401486988847585
greedy|2024|7000|all,10 chosen for continuity,2024,roro,ammonia,operating,1.5,0.0,538,158,0.13536830449967321,0.13619374869962456,0.42191974091315526,0.42303653842124495,,,,,,,,,,,,,,,0.8595534548879531,0.018535373249594953,0.05886187193983791,0.10408921933085502,0.4421260941743544,0.42379182156133827
greedy|2024|7000|all,10 chosen for continuity,2024,roro,ammonia,operating,1.5,0.1,538,158,0.12104778201509671,0.12187322621504808,0.3923169871608861,0.39334697189290246,,,,,,,,,,,,,,,0.8595534548879531,0.018535373249594953,0.05236365865956319,0.08178438661710037,0.40887773488260526,0.37174721189591076
greedy|2024|7000|all,10 chosen for continuity,2024,roro,ammonia,operating,2.0,0.0,538,158,0.2056688493544373,0.20684522548211878,0.5065576044655321,0.5081132461507235,,,,,,,,,,,,,,,0.8595534548879531,0.018535373249594953,0.09818048383323691,0.18401486988847585,0.553237337933153,0.5557620817843866
greedy|2024|7000|all,10 chosen for continuity,2024,roro,ammonia,operating,2.0,0.1,538,158,0.1736295063470421,0.17480588247472362,0.4757024228205463,0.4770635065245195,,,,,,,,,,,,,,,0.8595534548879531,0.018535373249594953,0.08008657143873146,0.13568773234200743,0.5134219881900146,0.5148698884758365
volume|2024|0|all,top 20 by calls,2024,all,methanol,service,1.0,0.0,19981,3054,0.23335928066968337,0.23522339326863745,0.540926670649567,0.5421565153799706,,,0.44932618834989796,0.4506814235716125,,,,,0.4510186065426752,0.4523510218891334,,,,,0.9305999081378782,0.06371573859835868,0.13460397465734714,0.19843851659076123,0.5522820766390724,0.5636855012261649
volume|2024|0|all,top 20 by calls,2024,all,methanol,service,1.0,0.1,19981,3054,0.20978411585928056,0.21133951921602062,0.5089614945512867,0.5100744751806432,,,,,,,,,,,,,,,0.9305999081378782,0.06371573859835868,0.11697001166762179,0.17291426855512737,0.5115157127956546,0.5138881937840949
volume|2024|0|all,top 20 by calls,2024,all,methanol,service,1.5,0.0,19981,3054,0.3745090504958202,0.37792743204533025,0.6633759192243505,0.6651723302400173,,,0.5799943752791894,0.5820496971270513,,,,,0.5808927333900102,0.5829154789783424,,,,,0.9305999081378782,0.06371573859835868,0.27167770269065344,0.33216555727941544,0.7284894202668001,0.7036684850608078
volume|2024|0|all,top 20 by calls,2024,all,methanol,service,1.5,0.1,19981,3054,0.33242183123882274,0.3354086184584197,0.632663200757861,0.6343002496816067,,,,,,,,,,,,,,,0.9305999081378782,0.06371573859835868,0.22833724988747167,0.29077623742555425,0.6812577720858415,0.6745408137730844
volume|2024|0|all,top 20 by calls,2024,all,methanol,service,2.0,0.0,19981,3054,0.49763482112557234,0.5022164370951109,0.7405045748212865,0.7428360886401064,,,0.6651225426713203,0.6677995666530242,,,,,0.6655698391582452,0.6682022087350525,,,,,0.9305999081378782,0.06371573859835868,0.43894552047587443,0.45928632200590563,0.8549590341965441,0.7701816725889595
volume|2024|0|all,top 20 by calls,2024,all,methanol,service,2.0,0.1,19981,3054,0.4457968919046897,0.4497433254774628,0.7137901947992337,0.7159097885937772,,,,,,,,,,,,,,,0.9305999081378782,0.06371573859835868,0.3622062637414399,0.40643611430859317,0.8112130339540025,0.7495620839797807
volume|2024|0|all,top 20 by calls,2024,all,methanol,operating,1.0,0.0,19981,3054,0.2821019377235854,0.28423611661623366,0.5727581017939211,0.573924155208939,0.5678889178512967,0.5690047943893267,0.47571461815435667,0.47726925280260296,0.4719036365334339,0.47339265400916325,0.6366288197027289,0.6409384138580893,0.47669396266905745,0.47822059492555413,0.47304133493539613,0.47450894498189067,0.6343710406047689,0.6386029445773073,0.9305999081378782,0.06371573859835868,0.15530247813514525,0.22216105300035033,0.5850849106540681,0.5871577999099145
volume|2024|0|all,top 20 by calls,2024,all,methanol,operating,1.0,0.1,19981,3054,0.25013913113109576,0.25188398861743166,0.5422373566602858,0.5432927745907767,,,,,,,,,,,,,,,0.9305999081378782,0.06371573859835868,0.12990417870389798,0.19473499824833593,0.5430467445680162,0.5463690505980682
volume|2024|0|all,top 20 by calls,2024,all,methanol,operating,1.5,0.0,19981,3054,0.42423866124543985,0.4275410985076927,0.6850380092705065,0.686751388445664,0.6818692411009153,0.683565523507091,0.588578258276543,0.5908911457494067,0.5850866667014238,0.5874283202749803,0.7326060169904524,0.7382657737409063,0.5892953553630133,0.5915709810166316,0.5859582086526666,0.5882619218504188,0.7304062403221018,0.735957938323188,0.9305999081378782,0.06371573859835868,0.30645156757912223,0.37045192933286625,0.7619378472368837,0.7139782793653972
volume|2024|0|all,top 20 by calls,2024,all,methanol,operating,1.5,0.1,19981,3054,0.3821202204300928,0.3850835165004512,0.6571422865443975,0.6586847438467792,,,,,,,,,,,,,,,0.9305999081378782,0.06371573859835868,0.25945062982772016,0.3265101846754417,0.7148085067575697,0.6866022721585506
volume|2024|0|all,top 20 by calls,2024,all,methanol,operating,2.0,0.0,19981,3054,0.5539252748262037,0.5583619549209916,0.7510476038734752,0.7532778561241964,0.7492387658069496,0.7514667070243752,0.6652058599072546,0.6682233029739056,0.6617427468146544,0.6648437890179386,0.7863973063968978,0.7932273817391314,0.6656141901861654,0.6685783481223789,0.662266409343869,0.6653197496933279,0.7843624912579409,0.7910542375442473,0.9305999081378782,0.06371573859835868,0.49592983831672843,0.4975726940593564,0.8820863055109657,0.7740853811120565
volume|2024|0|all,top 20 by calls,2024,all,methanol,operating,2.0,0.1,19981,3054,0.5069283548149286,0.5109684433838565,0.7290246249400755,0.7310522809349003,,,,,,,,,,,,,,,0.9305999081378782,0.06371573859835868,0.4223703910747201,0.45162904759521544,0.8393400603438751,0.755017266403083
volume|2024|0|all,top 20 by calls,2024,all,ammonia,service,1.0,0.0,19981,3054,0.18997904103350613,0.19133074170999062,0.4763228188869575,0.4773008420786703,,,,,,,,,,,,,,,0.9305999081378782,0.06371573859835868,0.10132891167078771,0.150442920774736,0.4710794808888144,0.46118812872228615
volume|2024|0|all,top 20 by calls,2024,all,ammonia,service,1.0,0.1,19981,3054,0.17278584464476102,0.17390377766000403,0.4467879589791173,0.44767291997046094,,,,,,,,,,,,,,,0.9305999081378782,0.06371573859835868,0.08746339639642078,0.13087433061408338,0.4347380804540042,0.41249186727391024
volume|2024|0|all,top 20 by calls,2024,all,ammonia,service,1.5,0.0,19981,3054,0.290433471427974,0.29290869073700193,0.5989746785841298,0.6004507058952895,,,,,,,,,,,,,,,0.9305999081378782,0.06371573859835868,0.1852892158482227,0.25213953255592814,0.6310700030783774,0.6378559631650068
volume|2024|0|all,top 20 by calls,2024,all,ammonia,service,1.5,0.1,19981,3054,0.25671897616923467,0.2588674831833614,0.5665960047282014,0.5679301046040489,,,,,,,,,,,,,,,0.9305999081378782,0.06371573859835868,0.1541705391889002,0.22116010209699213,0.5863605202230876,0.5994694960212201
volume|2024|0|all,top 20 by calls,2024,all,ammonia,service,2.0,0.0,19981,3054,0.4005831001490288,0.4042755901793895,0.6833185740157114,0.6852411312631592,,,,,,,,,,,,,,,0.9305999081378782,0.06371573859835868,0.2995742242432167,0.35944146939592614,0.7610092020509022,0.7238876933086432
volume|2024|0|all,top 20 by calls,2024,all,ammonia,service,2.0,0.1,19981,3054,0.3605701356532562,0.3639002018332377,0.653412410131184,0.6551548838639131,,,,,,,,,,,,,,,0.9305999081378782,0.06371573859835868,0.25758034637935845,0.3183023872679045,0.7121954338959142,0.6941094039337371
volume|2024|0|all,top 20 by calls,2024,all,ammonia,operating,1.0,0.0,19981,3054,0.22183826970158416,0.22327314376581187,0.5099455815135764,0.5108792849129062,,,,,,,,,,,,,,,0.9305999081378782,0.06371573859835868,0.10945533152501218,0.16785946649316852,0.500023120316468,0.5001251188629198
volume|2024|0|all,top 20 by calls,2024,all,ammonia,operating,1.0,0.1,19981,3054,0.19660958662552477,0.1977584663222191,0.4798844756921607,0.4807180850913509,,,,,,,,,,,,,,,0.9305999081378782,0.06371573859835868,0.09510178959893435,0.14338621690606076,0.46285795007331115,0.4539312346729393
volume|2024|0|all,top 20 by calls,2024,all,ammonia,operating,1.5,0.0,19981,3054,0.3433609421435566,0.34601648021756753,0.626315739339477,0.6277007203936993,,,,,,,,,,,,,,,0.9305999081378782,0.06371573859835868,0.21870459483380753,0.2846704369150693,0.6657326485049476,0.6550723187027676
volume|2024|0|all,top 20 by calls,2024,all,ammonia,operating,1.5,0.1,19981,3054,0.3081984860426153,0.310551234753158,0.5965668546809554,0.5978247305674508,,,,,,,,,,,,,,,0.9305999081378782,0.06371573859835868,0.18019943791787116,0.24703468294880135,0.6196079846245017,0.6191381812722085
volume|2024|0|all,top 20 by calls,2024,all,ammonia,operating,2.0,0.0,19981,3054,0.45496460927285753,0.45856025433927106,0.7028782979289648,0.7047053189220551,,,,,,,,,,,,,,,0.9305999081378782,0.06371573859835868,0.3473033493831846,0.4007807417046194,0.7927206957689698,0.7304439217256393
volume|2024|0|all,top 20 by calls,2024,all,ammonia,operating,2.0,0.1,19981,3054,0.41011272697963946,0.41334582418850174,0.6759776502462439,0.6776386931485548,,,,,,,,,,,,,,,0.9305999081378782,0.06371573859835868,0.29011554502561726,0.3550372854211501,0.7464739205815858,0.705219958961013
volume|2024|0|all,top 20 by calls,2024,container,methanol,service,1.0,0.0,2926,858,0.3254310956494602,0.3263549964418424,0.6398839180501759,0.6406578450361928,,,0.5871655691762709,0.588508595725365,,,,,0.5891336289705045,0.5904575202485506,,,,,0.9147302816479579,0.1474317899929572,0.19548063129566856,0.34313055365686945,0.6838864238285407,0.6640464798359536
volume|2024|0|all,top 20 by calls,2024,container,methanol,service,1.0,0.1,2926,858,0.2964382545391365,0.2972010493936106,0.6065288851734062,0.6072135183789472,,,,,,,,,,,,,,,0.9147302816479579,0.1474317899929572,0.16858032437341447,0.3154477101845523,0.632993803381513,0.6237183868762816
volume|2024|0|all,top 20 by calls,2024,container,methanol,service,1.5,0.0,2926,858,0.5133227457367846,0.5159894596229063,0.75661819447944,0.7577399168056718,,,0.7134780447839059,0.715414134521161,,,,,0.71379361323444,0.7157021178119523,,,,,0.9147302816479579,0.1474317899929572,0.5054520990398277,0.5013670539986329,0.8683197291881448,0.7419685577580314
volume|2024|0|all,top 20 by calls,2024,container,methanol,service,1.5,0.1,2926,858,0.45989600488418686,0.4624080983923505,0.7298981723209106,0.7309436646421068,,,,,,,,,,,,,,,0.9147302816479579,0.1474317899929572,0.38490649051137915,0.45420369104579633,0.8272152602993188,0.7296650717703349
volume|2024|0|all,top 20 by calls,2024,container,methanol,service,2.0,0.0,2926,858,0.6355220784277509,0.6386271120792563,0.8175758106001679,0.8189837469225938,,,0.7715969897958088,0.7741475031812843,,,,,0.7712228772176719,0.773737051213598,,,,,0.9147302816479579,0.1474317899929572,0.758369918146491,0.6015037593984962,0.9758860832610894,0.7634996582365003
volume|2024|0|all,top 20 by calls,2024,container,methanol,service,2.0,0.1,2926,858,0.58817884138069,0.5911158159005057,0.797193606785073,0.7984860024033776,,,,,,,,,,,,,,,0.9147302816479579,0.1474317899929572,0.674168996715398,0.5639097744360902,0.9382583739516819,0.7549555707450444
volume|2024|0|all,top 20 by calls,2024,container,methanol,operating,1.0,0.0,2926,858,0.4593463031364087,0.461605896654026,0.7248553339235615,0.7258377905752355,0.7186937988315432,0.719617493378786,0.6785224019565893,0.6803502813525645,0.6705414833309257,0.6722628644484077,0.7575653339809373,0.7628806968778631,0.6790604708422794,0.6808623068456585,0.6711220387260289,0.672818893824809,0.7566180676167685,0.7618576979008029,0.9147302816479579,0.1474317899929572,0.368530205451306,0.4449760765550239,0.8122439862481174,0.7115516062884484
volume|2024|0|all,top 20 by calls,2024,container,methanol,operating,1.0,0.1,2926,858,0.4074745537171484,0.40912311635150916,0.6957922536740618,0.6966888382517262,,,,,,,,,,,,,,,0.9147302816479579,0.1474317899929572,0.2823463773318695,0.4032809295967191,0.7599541051282392,0.6924128503075871
volume|2024|0|all,top 20 by calls,2024,container,methanol,operating,1.5,0.0,2926,858,0.6380695106850642,0.6409609352816171,0.8147453409920647,0.8160565582956918,0.811441002915873,0.8127701209003496,0.7636373881637532,0.766196521368369,0.7606531820399164,0.7632960029759068,0.8157860023516499,0.8227576671455146,0.7631863545931888,0.765709025594171,0.7602446940379762,0.7628498603982057,0.8144448691215203,0.8213172025242463,0.9147302816479579,0.1474317899929572,0.7608383055281531,0.5960355434039645,0.9720141245491005,0.7559808612440191
volume|2024|0|all,top 20 by calls,2024,container,methanol,operating,1.5,0.1,2926,858,0.5894587261729268,0.5923501507694797,0.7948947878705569,0.7960971585384781,,,,,,,,,,,,,,,0.9147302816479579,0.1474317899929572,0.6635572371137776,0.5574162679425837,0.9350059824096792,0.7494873547505126
volume|2024|0|all,top 20 by calls,2024,container,methanol,operating,2.0,0.0,2926,858,0.7631385129298379,0.7665220779133273,0.8522044965338802,0.8539080812485029,0.8504334726164859,0.8521508601006819,0.8031279053188654,0.8066464286401495,0.8004773696216857,0.8040651643824412,0.8420698610566523,0.8505864736682317,0.8022539867959226,0.8057223786455043,0.7996342611762174,0.8031709374946325,0.8404934454215478,0.8488887144224266,0.9147302816479579,0.1474317899929572,0.9398918004942445,0.6838687628161313,0.9999999999999997,0.7693096377306904
volume|2024|0|all,top 20 by calls,2024,container,methanol,operating,2.0,0.1,2926,858,0.7234065469630909,0.7267901119465802,0.8413768129323594,0.8429281990881321,,,,,,,,,,,,,,,0.9147302816479579,0.1474317899929572,0.9024799271383561,0.6568694463431306,0.9999999999999996,0.7641831852358169
volume|2024|0|all,top 20 by calls,2024,container,ammonia,service,1.0,0.0,2926,858,0.27602094885517076,0.27677200931513585,0.5722697352319664,0.5728690772511719,,,,,,,,,,,,,,,0.9147302816479579,0.1474317899929572,0.15297990573446546,0.2928913192071087,0.5904245174619858,0.5813397129186603
volume|2024|0|all,top 20 by calls,2024,container,ammonia,service,1.0,0.1,2926,858,0.2625149883621055,0.26318302390148796,0.5415367438674059,0.5420645396318047,,,,,,,,,,,,,,,0.9147302816479579,0.1474317899929572,0.1453353110189689,0.2781954887218045,0.5465720041918037,0.5423786739576213
volume|2024|0|all,top 20 by calls,2024,container,ammonia,service,1.5,0.0,2926,858,0.4043778286147988,0.40601707934358916,0.6985275410981636,0.699466432533416,,,,,,,,,,,,,,,0.9147302816479579,0.1474317899929572,0.29162940484273414,0.41353383458646614,0.7754274880411502,0.7136021872863978
volume|2024|0|all,top 20 by calls,2024,container,ammonia,service,1.5,0.1,2926,858,0.3545221192289983,0.35568181329722015,0.6664314907946257,0.6672801575122078,,,,,,,,,,,,,,,0.9147302816479579,0.1474317899929572,0.23015497054160208,0.3725222146274778,0.724535998485026,0.6927546138072453
volume|2024|0|all,top 20 by calls,2024,container,ammonia,service,2.0,0.0,2926,858,0.5429169894444514,0.5457537715257152,0.7730397685749009,0.7742309676033416,,,,,,,,,,,,,,,0.9147302816479579,0.1474317899929572,0.5728770040706428,0.5252904989747095,0.8985043110536277,0.7491455912508544
volume|2024|0|all,top 20 by calls,2024,container,ammonia,service,2.0,0.1,2926,858,0.4960132262954589,0.498634188001672,0.7481659454941852,0.7492623198022036,,,,,,,,,,,,,,,0.9147302816479579,0.1474317899929572,0.4612311181294586,0.48769651401230346,0.8534134251399212,0.735475051264525
volume|2024|0|all,top 20 by calls,2024,container,ammonia,operating,1.0,0.0,2926,858,0.3627591557985462,0.3639908645616406,0.6629632014737701,0.6637628731493433,,,,,,,,,,,,,,,0.9147302816479579,0.1474317899929572,0.2226139485630226,0.36944634313055363,0.7043446369758947,0.6664388243335612
volume|2024|0|all,top 20 by calls,2024,container,ammonia,operating,1.0,0.1,2926,858,0.3204563005565226,0.3213970559233815,0.630632983961769,0.6313384191858399,,,,,,,,,,,,,,,0.9147302816479579,0.1474317899929572,0.1864536213959413,0.3304853041695147,0.6564817799541478,0.6411483253588517
volume|2024|0|all,top 20 by calls,2024,container,ammonia,operating,1.5,0.0,2926,858,0.5422378190193061,0.5449992784931018,0.7708227726233852,0.7719291590825166,,,,,,,,,,,,,,,0.9147302816479579,0.1474317899929572,0.5582869240620905,0.5181134654818865,0.8923275464652498,0.7388926862611073
volume|2024|0|all,top 20 by calls,2024,container,ammonia,operating,1.5,0.1,2926,858,0.49730940737541723,0.4998344478916265,0.7460709328397387,0.74710449344916,,,,,,,,,,,,,,,0.9147302816479579,0.1474317899929572,0.43846146919861373,0.4784688995215311,0.8488706941607684,0.7241968557758032
volume|2024|0|all,top 20 by calls,2024,container,ammonia,operating,2.0,0.0,2926,858,0.6722308506906423,0.6752725256093859,0.8264495233795546,0.8278401134924199,,,,,,,,,,,,,,,0.9147302816479579,0.1474317899929572,0.820494897073196,0.6216678058783321,0.9892164292912582,0.7576896787423103
volume|2024|0|all,top 20 by calls,2024,container,ammonia,operating,2.0,0.1,2926,858,0.6220236543936825,0.6249150789902354,0.8085305360583235,0.8098082131085591,,,,,,,,,,,,,,,0.9147302816479579,0.1474317899929572,0.7275848985510218,0.5833902939166097,0.9599413663683686,0.7535885167464115
volume|2024|0|all,top 20 by calls,2024,bulk,methanol,service,1.0,0.0,8019,1124,0.19222021413810525,0.19462081510746823,0.5382556315202505,0.5392996137688073,,,0.35012184039027405,0.35218722389676815,,,,,0.35348940534389617,0.35552430422492093,,,,,0.9527982143444731,0.013961707320467866,0.12691074984860734,0.13330839256765184,0.5403329961601395,0.5629130814315999
volume|2024|0|all,top 20 by calls,2024,bulk,methanol,service,1.0,0.1,8019,1124,0.17304430255131925,0.1750444497858617,0.5035701915475814,0.5044980468588812,,,,,,,,,,,,,,,0.9527982143444731,0.013961707320467866,0.11255046914388947,0.11036288814066592,0.5001612994663062,0.5003117595710188
volume|2024|0|all,top 20 by calls,2024,bulk,methanol,service,1.5,0.0,8019,1124,0.3102950519217473,0.31454200366259943,0.6805363692440072,0.6821859110900967,,,0.49888550383195984,0.5020265797326648,,,,,0.5019374007852235,0.5050157391996131,,,,,0.9527982143444731,0.013961707320467866,0.24692738752431184,0.2571392941763312,0.7168771923295008,0.7353784761192168
volume|2024|0|all,top 20 by calls,2024,bulk,methanol,service,1.5,0.1,8019,1124,0.2720154909449831,0.275502985342938,0.6428036303899078,0.6442456801742091,,,,,,,,,,,,,,,0.9527982143444731,0.013961707320467866,0.21110469512529587,0.2167352537722908,0.6690078242996806,0.7017084424491832
volume|2024|0|all,top 20 by calls,2024,bulk,methanol,service,2.0,0.0,8019,1124,0.4761261093170424,0.4818736118473806,0.7787924982843716,0.7810913314884861,,,0.6177256642985081,0.6218570785640867,,,,,0.6198749356803492,0.6239216787543886,,,,,0.9527982143444731,0.013961707320467866,0.3992826881806702,0.41613667539593463,0.84789908525799,0.8143159995011847
volume|2024|0|all,top 20 by calls,2024,bulk,methanol,service,2.0,0.1,8019,1124,0.3965233712235371,0.40136366261477274,0.7449440832359505,0.7469753553570146,,,,,,,,,,,,,,,0.9527982143444731,0.013961707320467866,0.32301092039654133,0.3459284200024941,0.8011538893987296,0.7932410525003117
volume|2024|0|all,top 20 by calls,2024,bulk,methanol,operating,1.0,0.0,8019,1124,0.2239069957626162,0.22656789941841438,0.5832064778948415,0.5843711816160854,0.5747371501001273,0.5758994616078262,0.39428680400890675,0.3965635252976182,0.3918196673643517,0.3941810412161266,0.7153549240222546,0.7213853587068785,0.39773273708707435,0.399972637135762,0.3955967613722422,0.39791877581662183,0.7124405667871363,0.7183744791019141,0.9527982143444731,0.013961707320467866,0.15861377114457215,0.1658560917820177,0.6003179050611575,0.6301284449432598
volume|2024|0|all,top 20 by calls,2024,bulk,methanol,operating,1.0,0.1,8019,1124,0.19978076602944653,0.20213314745585614,0.5469615038377336,0.548003697015839,,,,,,,,,,,,,,,0.9527982143444731,0.013961707320467866,0.1342349715541022,0.14116473375732635,0.5554619003416698,0.5760069834143908
volume|2024|0|all,top 20 by calls,2024,bulk,methanol,operating,1.5,0.0,8019,1124,0.3746104152173227,0.3791056289565596,0.726229583219431,0.7280854794823433,0.720634282716654,0.7224948217105137,0.5544750489275798,0.5580419040430771,0.548257389854594,0.5518725743409306,0.8322136409551524,0.8399304471533054,0.557484433113407,0.5609757844556468,0.55120876987941,0.5547470015160796,0.8289466273488408,0.8365163481108753,0.9527982143444731,0.013961707320467866,0.3034196557957595,0.3275969572265869,0.7816924350613114,0.7752837012096271
volume|2024|0|all,top 20 by calls,2024,bulk,methanol,operating,1.5,0.1,8019,1124,0.3234873192237472,0.32739446973353803,0.6894410116369997,0.6910643665384566,,,,,,,,,,,,,,,0.9527982143444731,0.013961707320467866,0.25703306500094664,0.27671779523631373,0.7335294637359641,0.7434842249657064
volume|2024|0|all,top 20 by calls,2024,bulk,methanol,operating,2.0,0.0,8019,1124,0.5617288295563412,0.567885387607379,0.8129182797191526,0.81533909255566,0.8094682836280478,0.811911230905304,0.6664767470374506,0.6710812953238071,0.6621429784533532,0.6669912706106129,0.8887381018799065,0.8974720809242428,0.6681923535180934,0.6726941502845424,0.6637387101813769,0.6685259245611956,0.8860772485975503,0.8946336439571317,0.9527982143444731,0.013961707320467866,0.5020443853697119,0.5015587978550942,0.9078753445804674,0.8398802843247287
volume|2024|0|all,top 20 by calls,2024,bulk,methanol,operating,2.0,0.1,8019,1124,0.4914506524880702,0.4969907119624059,0.7846060790234751,0.7868205140175808,,,,,,,,,,,,,,,0.9527982143444731,0.013961707320467866,0.42375703750877314,0.4384586606808829,0.8622691188313606,0.819553560294301
volume|2024|0|all,top 20 by calls,2024,bulk,ammonia,service,1.0,0.0,8019,1124,0.1532571932314178,0.1548395366970267,0.46840711655913597,0.46923253948207494,,,,,,,,,,,,,,,0.9527982143444731,0.013961707320467866,0.09733518236795051,0.09140790622272103,0.46152191784595953,0.4342187305150268
volume|2024|0|all,top 20 by calls,2024,bulk,ammonia,service,1.0,0.1,8019,1124,0.1327548204824037,0.13402885837904474,0.4365558153515989,0.43729438035408125,,,,,,,,,,,,,,,0.9527982143444731,0.013961707320467866,0.08361218000136272,0.07245292430477615,0.4266413633824047,0.37448559670781895
volume|2024|0|all,top 20 by calls,2024,bulk,ammonia,service,1.5,0.0,8019,1124,0.23712295084045645,0.24021131391549128,0.6031277700901627,0.6043972844817035,,,,,,,,,,,,,,,0.9527982143444731,0.013961707320467866,0.1740727342627958,0.17894999376480858,0.6199452602895472,0.6556927297668038
volume|2024|0|all,top 20 by calls,2024,bulk,ammonia,service,1.5,0.1,8019,1124,0.21144539479727187,0.2142394992353063,0.5664349466649754,0.5675751433524209,,,,,,,,,,,,,,,0.9527982143444731,0.013961707320467866,0.14574115951082292,0.15176455917196657,0.5741314649950238,0.6060606060606061
volume|2024|0|all,top 20 by calls,2024,bulk,ammonia,service,2.0,0.0,8019,1124,0.34080380887470846,0.3451937173777062,0.7058573518294042,0.7076598118369869,,,,,,,,,,,,,,,0.9527982143444731,0.013961707320467866,0.2725201120311345,0.2890634742486594,0.7494250158542581,0.7598204264870931
volume|2024|0|all,top 20 by calls,2024,bulk,ammonia,service,2.0,0.1,8019,1124,0.29760030146973543,0.3016470451878309,0.6680876639754814,0.6696709809872302,,,,,,,,,,,,,,,0.9527982143444731,0.013961707320467866,0.23510397123384288,0.24441950367876294,0.7012683063367995,0.7249033545329842
volume|2024|0|all,top 20 by calls,2024,bulk,ammonia,operating,1.0,0.0,8019,1124,0.17709257247710572,0.179038988706086,0.5098341597222973,0.5107534185786906,,,,,,,,,,,,,,,0.9527982143444731,0.013961707320467866,0.11585195091066702,0.11622396807581993,0.5121480775896556,0.5147774036662925
volume|2024|0|all,top 20 by calls,2024,bulk,ammonia,operating,1.0,0.1,8019,1124,0.15799770290758983,0.15959630560888216,0.47635871561860593,0.4771730154856573,,,,,,,,,,,,,,,0.9527982143444731,0.013961707320467866,0.10066621304241449,0.09614665170220726,0.47239564492531666,0.4555430851727148
volume|2024|0|all,top 20 by calls,2024,bulk,ammonia,operating,1.5,0.0,8019,1124,0.2824932251939726,0.2860957275470424,0.6498314264785446,0.65125570958768,,,,,,,,,,,,,,,0.9527982143444731,0.013961707320467866,0.22079836751390228,0.2303279710687118,0.682384108551348,0.710562414266118
volume|2024|0|all,top 20 by calls,2024,bulk,ammonia,operating,1.5,0.1,8019,1124,0.2477209617350944,0.250682513339069,0.6123831441458215,0.6136504152363729,,,,,,,,,,,,,,,0.9527982143444731,0.013961707320467866,0.18376983864126442,0.19017333832148647,0.6353027740453162,0.668163112607557
volume|2024|0|all,top 20 by calls,2024,bulk,ammonia,operating,2.0,0.0,8019,1124,0.41519253663480504,0.42005751020449883,0.7499427560384623,0.7519357908852273,,,,,,,,,,,,,,,0.9527982143444731,0.013961707320467866,0.3436238325932845,0.36899862825788754,0.8135206185050808,0.7931163486719043
volume|2024|0|all,top 20 by calls,2024,bulk,ammonia,operating,2.0,0.1,8019,1124,0.35658636165284274,0.36102959114956534,0.7142351959112672,0.716024541452125,,,,,,,,,,,,,,,0.9527982143444731,0.013961707320467866,0.2861604527216441,0.3091407906222721,0.7654679003685514,0.7664297293926924
volume|2024|0|all,top 20 by calls,2024,tanker,methanol,service,1.0,0.0,5577,211,0.2478483797718895,0.2505141998173811,0.5431466072854568,0.5453833408541128,,,0.4480875178797583,0.4497237918500607,,,,,0.450687083043754,0.4522962079868391,,,,,0.9288351440696349,0.05164700772152608,0.16300346770357615,0.2406311637080868,0.5673741496710214,0.5675094136632598
volume|2024|0|all,top 20 by calls,2024,tanker,methanol,service,1.0,0.1,5577,211,0.2203510051676552,0.22272520558836834,0.5115392644656641,0.5136020948934639,,,,,,,,,,,,,,,0.9288351440696349,0.05164700772152608,0.13858130755425327,0.21212121212121213,0.5251245686442921,0.5266272189349113
volume|2024|0|all,top 20 by calls,2024,tanker,methanol,service,1.5,0.0,5577,211,0.3869702632471362,0.391365447075129,0.663176695992739,0.6662516421708692,,,0.587131069435171,0.5895108526317561,,,,,0.5892069732518908,0.5915633224457846,,,,,0.9288351440696349,0.05164700772152608,0.31287629504270303,0.3767258382642998,0.7396159686257425,0.6971490048413125
volume|2024|0|all,top 20 by calls,2024,tanker,methanol,service,1.5,0.1,5577,211,0.3467948927322797,0.35067960473535015,0.6330301472170013,0.6358950760117968,,,,,,,,,,,,,,,0.9288351440696349,0.05164700772152608,0.26882714424247683,0.33530571992110453,0.6925812836660646,0.6679218217679757
volume|2024|0|all,top 20 by calls,2024,tanker,methanol,service,2.0,0.0,5577,211,0.4930091599417903,0.4985175639299921,0.7397230919604872,0.7435229034993045,,,0.6854771191226712,0.6884706006990786,,,,,0.6870441165736093,0.6900032396099433,,,,,0.9288351440696349,0.05164700772152608,0.47458254505755787,0.4866415635646405,0.8593530664080979,0.7654653039268424
volume|2024|0|all,top 20 by calls,2024,tanker,methanol,service,2.0,0.1,5577,211,0.45155332549528737,0.45674454988427665,0.7129125608819962,0.7164263029217801,,,,,,,,,,,,,,,0.9288351440696349,0.05164700772152608,0.4039813885813992,0.44109736417428724,0.8198053011536242,0.7435897435897436
volume|2024|0|all,top 20 by calls,2024,tanker,methanol,operating,1.0,0.0,5577,211,0.2572990598683374,0.2596968714017346,0.5424209640006867,0.5441904914168205,0.5422641656367218,0.5439675967319423,0.4320125003809483,0.4337364163279892,0.4313338243828235,0.43290609845344946,0.6047143766669099,0.6083944968412488,0.43433600818991697,0.43602895172051304,0.4338156153644116,0.43537762567923693,0.6036033027259318,0.6072267005783697,0.9288351440696349,0.05164700772152608,0.1492696253481933,0.22395553164783935,0.5425781645885261,0.535771920387305
volume|2024|0|all,top 20 by calls,2024,tanker,methanol,operating,1.0,0.1,5577,211,0.22758666358438914,0.22948607315670844,0.5118826339752218,0.5134852183432281,,,,,,,,,,,,,,,0.9288351440696349,0.05164700772152608,0.12557159433183832,0.1968800430338892,0.5016266615956595,0.5013448090371168
volume|2024|0|all,top 20 by calls,2024,tanker,methanol,operating,1.5,0.0,5577,211,0.39148035736309,0.39537601902993313,0.6572710164701051,0.6598223736739876,0.6569088358374539,0.6594474887419234,0.5650146516165684,0.5674954385221083,0.563170464721896,0.5655805481416047,0.7288368767823676,0.7336965592314907,0.5671438988821975,0.5696033335631477,0.5657362149226466,0.5681267397620041,0.7279087479975707,0.7326867291147665,0.9288351440696349,0.05164700772152608,0.29090590293523244,0.3632777478931325,0.702065262321486,0.6761699838622915
volume|2024|0|all,top 20 by calls,2024,tanker,methanol,operating,1.5,0.1,5577,211,0.35313501792282476,0.35650089456661915,0.6285262283390566,0.6308684236835581,,,,,,,,,,,,,,,0.9288351440696349,0.05164700772152608,0.24990105513949432,0.32329209252286173,0.6621530267317804,0.6444324905863368
volume|2024|0|all,top 20 by calls,2024,tanker,methanol,operating,2.0,0.0,5577,211,0.49545977124808843,0.5006611467774861,0.7305365044595044,0.7337397030344547,0.7304357744796731,0.7337029893390503,0.6607228201594186,0.6636267394978653,0.6579292975853255,0.6608465434869512,0.8024319924453436,0.8082075277879314,0.6622913091656513,0.6651631420272788,0.6598184223483159,0.6627032436976656,0.801223265833209,0.8068938659923676,0.9288351440696349,0.05164700772152608,0.43416646005316173,0.46297292451138605,0.8222222977386082,0.7484310561233638
volume|2024|0|all,top 20 by calls,2024,tanker,methanol,operating,2.0,0.1,5577,211,0.4559302203832471,0.4606377226706917,0.7048574313664442,0.7078009404206238,,,,,,,,,,,,,,,0.9288351440696349,0.05164700772152608,0.37430734257073245,0.42567688721534874,0.7777891825781564,0.7254796485565717
volume|2024|0|all,top 20 by calls,2024,tanker,ammonia,service,1.0,0.0,5577,211,0.19596202731272414,0.19804449804789429,0.4789642392442559,0.4807514489487296,,,,,,,,,,,,,,,0.9288351440696349,0.05164700772152608,0.11756627896689698,0.1854043392504931,0.48361919144246124,0.4832347140039448
volume|2024|0|all,top 20 by calls,2024,tanker,ammonia,service,1.0,0.1,5577,211,0.17471019647800032,0.17646919477739773,0.4490774620854003,0.4507210974302182,,,,,,,,,,,,,,,0.9288351440696349,0.05164700772152608,0.1012062342052544,0.16209431594046977,0.44906690173649677,0.44091805630267167
volume|2024|0|all,top 20 by calls,2024,tanker,ammonia,service,1.5,0.0,5577,211,0.30543515386411885,0.30883620357258246,0.5998411728686515,0.6024775743392979,,,,,,,,,,,,,,,0.9288351440696349,0.05164700772152608,0.22316863708189819,0.2958579881656805,0.6423807866632686,0.6317016317016317
volume|2024|0|all,top 20 by calls,2024,tanker,ammonia,service,1.5,0.1,5577,211,0.27311948289170523,0.27618467021160914,0.5682415180051563,0.5706452605304223,,,,,,,,,,,,,,,0.9288351440696349,0.05164700772152608,0.18492215535854378,0.26555495786265015,0.6000493427622005,0.5978124439662901
volume|2024|0|all,top 20 by calls,2024,tanker,ammonia,service,2.0,0.0,5577,211,0.41002065627795486,0.414836066522754,0.6827579269219946,0.6859984056509585,,,,,,,,,,,,,,,0.9288351440696349,0.05164700772152608,0.34223459238848036,0.3994979379594764,0.7712579100900363,0.7188452573067957
volume|2024|0|all,top 20 by calls,2024,tanker,ammonia,service,2.0,0.1,5577,211,0.3735299249735869,0.37787880359730536,0.6534112438718868,0.6564168913968403,,,,,,,,,,,,,,,0.9288351440696349,0.05164700772152608,0.2974675721355178,0.3620225927918236,0.7239587190073015,0.6874663797740721
volume|2024|0|all,top 20 by calls,2024,tanker,ammonia,operating,1.0,0.0,5577,211,0.2016625378224485,0.20336444298023013,0.4798582401150606,0.4812838853322933,,,,,,,,,,,,,,,0.9288351440696349,0.05164700772152608,0.10409849003885858,0.16962524654832348,0.4602628939777917,0.46386946386946387
volume|2024|0|all,top 20 by calls,2024,tanker,ammonia,operating,1.0,0.1,5577,211,0.17854796759269215,0.17991826415026435,0.450285153335042,0.4515740795678628,,,,,,,,,,,,,,,0.9288351440696349,0.05164700772152608,0.0876337321631141,0.14488076026537566,0.4257617581059719,0.4224493455262686
volume|2024|0|all,top 20 by calls,2024,tanker,ammonia,operating,1.5,0.0,5577,211,0.3156881448630604,0.31846915171316725,0.5968910183923989,0.599005795860239,,,,,,,,,,,,,,,0.9288351440696349,0.05164700772152608,0.20944207835431633,0.2822305899228976,0.6175374160287684,0.6069571454186838
volume|2024|0|all,top 20 by calls,2024,tanker,ammonia,operating,1.5,0.1,5577,211,0.2798163839582541,0.28241121203058933,0.5664645847505139,0.5683796688117303,,,,,,,,,,,,,,,0.9288351440696349,0.05164700772152608,0.16960676779087636,0.24618970772816925,0.5761415679484723,0.5687645687645687
volume|2024|0|all,top 20 by calls,2024,tanker,ammonia,operating,2.0,0.0,5577,211,0.41539425144694053,0.41972441857721665,0.6760198290724536,0.6787113792240114,,,,,,,,,,,,,,,0.9288351440696349,0.05164700772152608,0.32008956163398167,0.385691231845078,0.7317523683031518,0.6955352339967724
volume|2024|0|all,top 20 by calls,2024,tanker,ammonia,operating,2.0,0.1,5577,211,0.3796092566242512,0.38337399443295084,0.6478223985500493,0.6503052775288461,,,,,,,,,,,,,,,0.9288351440696349,0.05164700772152608,0.27672770022008175,0.3503675811368119,0.6886589237208535,0.6652322036937421
volume|2024|0|all,top 20 by calls,2024,gas,methanol,service,1.0,0.0,1035,146,0.08282555060838112,0.08427777021086227,0.29531191550741215,0.2956850718564514,,,0.18233758173925788,0.18245573256018818,,,,,0.18521159620701413,0.18532645225853164,,,,,0.9224346945317997,0.011886834838376954,0.010340941232050416,0.14396135265700483,0.37380293535427944,0.4106280193236715
volume|2024|0|all,top 20 by calls,2024,gas,methanol,service,1.0,0.1,1035,146,0.06947241625958923,0.07034846983711496,0.2735657592161238,0.27387012504710456,,,,,,,,,,,,,,,0.9224346945317997,0.011886834838376954,0.004662139812421968,0.1285024154589372,0.33791642082052264,0.3739130434782609
volume|2024|0|all,top 20 by calls,2024,gas,methanol,service,1.5,0.0,1035,146,0.16850229449439513,0.17007859637614312,0.3830384545924186,0.3838178805112804,,,0.26888909896024255,0.26939099194522903,,,,,0.2709444988149964,0.2714323959458497,,,,,0.9224346945317997,0.011886834838376954,0.10504612507847669,0.26570048309178745,0.5266908598676033,0.5130434782608696
volume|2024|0|all,top 20 by calls,2024,gas,methanol,service,1.5,0.1,1035,146,0.14280331071953412,0.14425553032201527,0.3600390689646058,0.3606935244064957,,,,,,,,,,,,,,,0.9224346945317997,0.011886834838376954,0.060709185101085576,0.2222222222222222,0.4886512808445335,0.49178743961352656
volume|2024|0|all,top 20 by calls,2024,gas,methanol,service,2.0,0.0,1035,146,0.2259166876488973,0.23024277697238998,0.44405777349868736,0.4451934357190046,,,0.3357996094165667,0.33641571138559184,,,,,0.3373029081202764,0.3379018293883404,,,,,0.9224346945317997,0.011886834838376954,0.2022841220834165,0.35555555555555557,0.6469631559349078,0.5681159420289855
volume|2024|0|all,top 20 by calls,2024,gas,methanol,service,2.0,0.1,1035,146,0.2089715561927593,0.21128478330527556,0.42169916658931855,0.42272042188354836,,,,,,,,,,,,,,,0.9224346945317997,0.011886834838376954,0.1707233809354852,0.3294685990338164,0.5970173253184843,0.5449275362318841
volume|2024|0|all,top 20 by calls,2024,gas,methanol,operating,1.0,0.0,1035,146,0.08592090123413391,0.08648365492474924,0.26593133936474056,0.26610270658474694,0.26265517275051603,0.26286222472167,0.14733453346720898,0.14733453346720898,0.1443322983540194,0.1443322983540194,0.2702771149987813,0.2728494408242228,0.15140290871112952,0.15140290871112952,0.14857842058292453,0.14857842058292453,0.27013388065300337,0.2726344742603391,0.9224346945317997,0.011886834838376954,0.021136882374840876,0.16135265700483092,0.3541165483183163,0.4038647342995169
volume|2024|0|all,top 20 by calls,2024,gas,methanol,operating,1.0,0.1,1035,146,0.07262826248076519,0.07317426073549277,0.2473112192177403,0.24747096533979712,,,,,,,,,,,,,,,0.9224346945317997,0.011886834838376954,0.010588115749502032,0.14782608695652175,0.3258384008839731,0.38454106280193234
volume|2024|0|all,top 20 by calls,2024,gas,methanol,operating,1.5,0.0,1035,146,0.148673753709578,0.14937723243987863,0.33934360987685447,0.33964491818390496,0.33772642149634463,0.33802529103747647,0.20145261850033486,0.201522291300009,0.19798658202971292,0.19809777460646358,0.3465882327834604,0.34966917189208124,0.2056392330005873,0.20570696289535853,0.20247287224511729,0.20258096409097226,0.346456281339545,0.3494513049725704,0.9224346945317997,0.011886834838376954,0.0818212763383563,0.28792270531400965,0.4880655652226262,0.49082125603864735
volume|2024|0|all,top 20 by calls,2024,gas,methanol,operating,1.5,0.1,1035,146,0.13493226989620596,0.1355116663472398,0.3195291685156395,0.319784163415969,,,,,,,,,,,,,,,0.9224346945317997,0.011886834838376954,0.05967191918106406,0.2579710144927536,0.4510652205498594,0.47439613526570046
volume|2024|0|all,top 20 by calls,2024,gas,methanol,operating,2.0,0.0,1035,146,0.2007269653539617,0.20246381260009857,0.39496648469191503,0.39554321109989393,0.3944895529244214,0.39500325276371834,0.25448116099396206,0.25486856466641006,0.25106634456250315,0.251561214232974,0.40738893869505866,0.4111814101476541,0.25864936122520543,0.2590259617076261,0.25564300404462537,0.2561240737140402,0.4071562688666635,0.4108429829589408,0.9224346945317997,0.011886834838376954,0.18531549225304755,0.3536231884057971,0.5918056104175794,0.5410628019323671
volume|2024|0|all,top 20 by calls,2024,gas,methanol,operating,2.0,0.1,1035,146,0.1814649823708892,0.1824769100127825,0.37433926583882626,0.3747961871092899,,,,,,,,,,,,,,,0.9224346945317997,0.011886834838376954,0.13968959422575777,0.3342995169082126,0.5537542283422378,0.5256038647342995
volume|2024|0|all,top 20 by calls,2024,gas,ammonia,service,1.0,0.0,1035,146,0.05988447660678903,0.06074611117348933,0.25195071162512084,0.25220188870160576,,,,,,,,,,,,,,,0.9224346945317997,0.011886834838376954,0.0033140986223980625,0.10531400966183575,0.303795178050561,0.3285024154589372
volume|2024|0|all,top 20 by calls,2024,gas,ammonia,service,1.0,0.1,1035,146,0.051014590996420854,0.0516748670365635,0.2325257692874934,0.23273235123445174,,,,,,,,,,,,,,,0.9224346945317997,0.011886834838376954,0.0022050788875953905,0.08792270531400966,0.28000494905169954,0.293719806763285
volume|2024|0|all,top 20 by calls,2024,gas,ammonia,service,1.5,0.0,1035,146,0.1174870578547642,0.11893927745724536,0.3358062267397096,0.33634245077775254,,,,,,,,,,,,,,,0.9224346945317997,0.011886834838376954,0.036541212334747004,0.18743961352657004,0.4449234128334401,0.45893719806763283
volume|2024|0|all,top 20 by calls,2024,gas,ammonia,service,1.5,0.1,1035,146,0.09955293012511301,0.10100514972759417,0.3131107105688197,0.31354520061676466,,,,,,,,,,,,,,,0.9224346945317997,0.011886834838376954,0.021653640034697552,0.1603864734299517,0.4028219793416553,0.42995169082125606
volume|2024|0|all,top 20 by calls,2024,gas,ammonia,service,2.0,0.0,1035,146,0.17967998129278415,0.18199320840530037,0.3981466672279812,0.399024712183349,,,,,,,,,,,,,,,0.9224346945317997,0.011886834838376954,0.12530411378312106,0.293719806763285,0.5537725537227296,0.527536231884058
volume|2024|0|all,top 20 by calls,2024,gas,ammonia,service,2.0,0.1,1035,146,0.16043640845108806,0.16201271033283604,0.37557085710468713,0.3762971576446412,,,,,,,,,,,,,,,0.9224346945317997,0.011886834838376954,0.09087867420470143,0.25120772946859904,0.5170240510142408,0.5072463768115942
volume|2024|0|all,top 20 by calls,2024,gas,ammonia,operating,1.0,0.0,1035,146,0.05959692065517549,0.05996049739860668,0.2283529001074179,0.22850037737756948,,,,,,,,,,,,,,,0.9224346945317997,0.011886834838376954,0.003958685409807288,0.12270531400966184,0.2898523929814701,0.3516908212560386
volume|2024|0|all,top 20 by calls,2024,gas,ammonia,operating,1.0,0.1,1035,146,0.0498196048960492,0.05003320672784982,0.21103425858785835,0.21116601035153496,,,,,,,,,,,,,,,0.9224346945317997,0.011886834838376954,0.0021667481358190856,0.10048309178743961,0.2651301146895844,0.3188405797101449
volume|2024|0|all,top 20 by calls,2024,gas,ammonia,operating,1.5,0.0,1035,146,0.11689341695998584,0.11747281341101966,0.29931237913672026,0.29954283947705945,,,,,,,,,,,,,,,0.9224346945317997,0.011886834838376954,0.03865604465691883,0.21835748792270532,0.4123348237245452,0.44830917874396137
volume|2024|0|all,top 20 by calls,2024,gas,ammonia,operating,1.5,0.1,1035,146,0.10033622461351635,0.10089897830413168,0.28060661443999124,0.28082272852016354,,,,,,,,,,,,,,,0.9224346945317997,0.011886834838376954,0.02998357679438758,0.18164251207729468,0.38430354034936626,0.41835748792270533
volume|2024|0|all,top 20 by calls,2024,gas,ammonia,operating,2.0,0.0,1035,146,0.16229983204657608,0.1631875462886116,0.35289063116451713,0.35324646638986923,,,,,,,,,,,,,,,0.9224346945317997,0.011886834838376954,0.10538241604670345,0.30917874396135264,0.5139024654906753,0.5072463768115942
volume|2024|0|all,top 20 by calls,2024,gas,ammonia,operating,2.0,0.1,1035,146,0.14402506057544592,0.14472853930574658,0.3327974193880111,0.33308404668293207,,,,,,,,,,,,,,,0.9224346945317997,0.011886834838376954,0.07594515171799433,0.2763285024154589,0.47377573697576353,0.4830917874396135
volume|2024|0|all,top 20 by calls,2024,general,methanol,service,1.0,0.0,1886,557,0.18259036215930424,0.18418613206312062,0.4564458773121417,0.45812576932440785,,,0.38896900363756487,0.3901951771063614,,,,,0.3884074243687699,0.3895792540714588,,,,,0.8992649749532612,0.060513133841020195,0.10097510915455013,0.16808059384941676,0.4816568691025887,0.4745493107104984
volume|2024|0|all,top 20 by calls,2024,general,methanol,service,1.0,0.1,1886,557,0.16545413867350675,0.16689623083555744,0.42833779090970175,0.42988812648097596,,,,,,,,,,,,,,,0.8992649749532612,0.060513133841020195,0.09079054487987395,0.14103923647932132,0.44357116304166533,0.43584305408271473
volume|2024|0|all,top 20 by calls,2024,general,methanol,service,1.5,0.0,1886,557,0.2850435265802258,0.28774842018511326,0.5705414589158637,0.57294145885479,,,0.5057405938793278,0.5080266045025486,,,,,0.5068584529158559,0.5090431479994817,,,,,0.8992649749532612,0.060513133841020195,0.19362380509728655,0.2932131495227996,0.6397999643821362,0.6214209968186638
volume|2024|0|all,top 20 by calls,2024,general,methanol,service,1.5,0.1,1886,557,0.25581671503604075,0.25818469344685435,0.5402099135831999,0.5423983063196035,,,,,,,,,,,,,,,0.8992649749532612,0.060513133841020195,0.1683572519612135,0.2608695652173913,0.5963917982677056,0.5827147401908802
volume|2024|0|all,top 20 by calls,2024,general,methanol,service,2.0,0.0,1886,557,0.3882563747949961,0.39152874912477387,0.6511184371860865,0.6544248925192592,,,0.6036328163753851,0.6068784658180291,,,,,0.6052026938439063,0.608304496743898,,,,,0.8992649749532612,0.060513133841020195,0.31550742629464745,0.3934252386002121,0.7657342432731628,0.7073170731707317
volume|2024|0|all,top 20 by calls,2024,general,methanol,service,2.0,0.1,1886,557,0.34570642333982565,0.3486640209584457,0.6220897084031679,0.6250528310206208,,,,,,,,,,,,,,,0.8992649749532612,0.060513133841020195,0.26234853924784807,0.355779427359491,0.7188217400147314,0.6786850477200425
volume|2024|0|all,top 20 by calls,2024,general,methanol,operating,1.0,0.0,1886,557,0.18634366549290704,0.1876341529807494,0.46167040819010763,0.4631161625017418,0.4597032346812012,0.46076973975250135,0.38739130425777757,0.3884862072894903,0.3869485071311752,0.3880747982978586,0.5701149987995663,0.5736574211209697,0.38604505241226694,0.3870914295577326,0.3858965572911125,0.3869729314556027,0.560906742364978,0.5642921652277217,0.8992649749532612,0.060513133841020195,0.10480059058098642,0.1728525980911983,0.4878186935181627,0.4899257688229056
volume|2024|0|all,top 20 by calls,2024,general,methanol,operating,1.0,0.1,1886,557,0.16561971393031957,0.1668740986822748,0.4331544759419427,0.4344620386658951,,,,,,,,,,,,,,,0.8992649749532612,0.060513133841020195,0.0895729895221955,0.14581124072110285,0.4516624098265887,0.44750795334040294
volume|2024|0|all,top 20 by calls,2024,general,methanol,operating,1.5,0.0,1886,557,0.29484955196371604,0.29687091228054197,0.5767923374153688,0.5790507222449804,0.5756003052618403,0.5774578255952284,0.5045431886603566,0.5067776420203225,0.5053468528563051,0.5077245159500684,0.6877236830424303,0.6930145664195896,0.5048204196022812,0.506955842430383,0.5054006775866925,0.5076729631214576,0.6793519475283598,0.6844083399987383,0.8992649749532612,0.060513133841020195,0.20514637796877683,0.3022269353128314,0.6527513442721566,0.6283138918345705
volume|2024|0|all,top 20 by calls,2024,general,methanol,operating,1.5,0.1,1886,557,0.26174924435652275,0.26354277824025585,0.5469892152986404,0.5489983759899648,,,,,,,,,,,,,,,0.8992649749532612,0.060513133841020195,0.17217981019513523,0.26033934252386004,0.6157184853182973,0.5943796394485684
volume|2024|0|all,top 20 by calls,2024,general,methanol,operating,2.0,0.0,1886,557,0.3982666284881507,0.40182832517608613,0.6559421988323261,0.6591210697107184,0.6540487077094557,0.6567652366888946,0.603457166171039,0.6066158938051206,0.6016058996605255,0.6048826229778085,0.7598937670071367,0.7669569125178546,0.6047691935060623,0.6077879269548899,0.6027200153017707,0.6058515148884108,0.7528964749854725,0.759610927764195,0.8992649749532612,0.060513133841020195,0.3361432915458878,0.40137857900318136,0.7830242994236671,0.7083775185577943
volume|2024|0|all,top 20 by calls,2024,general,methanol,operating,2.0,0.1,1886,557,0.35850982442518686,0.3618150464425883,0.6275362596015717,0.6302749700683608,,,,,,,,,,,,,,,0.8992649749532612,0.060513133841020195,0.27594701311925823,0.3647932131495228,0.7318678457582172,0.6829268292682927
volume|2024|0|all,top 20 by calls,2024,general,ammonia,service,1.0,0.0,1886,557,0.1496585707274645,0.15091702785729932,0.39959131778633494,0.40101243352840404,,,,,,,,,,,,,,,0.8992649749532612,0.060513133841020195,0.07576517509712363,0.11611876988335101,0.4071667809109556,0.3934252386002121
volume|2024|0|all,top 20 by calls,2024,general,ammonia,service,1.0,0.1,1886,557,0.13250197962550497,0.13339989223856893,0.37381594935891327,0.37509699509878314,,,,,,,,,,,,,,,0.8992649749532612,0.060513133841020195,0.06687721704055308,0.09490986214209968,0.3760141191413676,0.352067868504772
volume|2024|0|all,top 20 by calls,2024,general,ammonia,service,1.5,0.0,1886,557,0.22720952680849688,0.22924680485763466,0.5085866863146946,0.5105732732123326,,,,,,,,,,,,,,,0.8992649749532612,0.060513133841020195,0.1409228091957905,0.2264050901378579,0.5518693223657126,0.5477200424178155
volume|2024|0|all,top 20 by calls,2024,general,ammonia,service,1.5,0.1,1886,557,0.2022163767854979,0.20395432091077242,0.4793334612682483,0.48113777605763725,,,,,,,,,,,,,,,0.8992649749532612,0.060513133841020195,0.116835545807809,0.19353128313891835,0.513179230944748,0.514846235418876
volume|2024|0|all,top 20 by calls,2024,general,ammonia,service,2.0,0.0,1886,557,0.30670356548908007,0.30957085392163913,0.5906203777429181,0.5932212368056453,,,,,,,,,,,,,,,0.8992649749532612,0.060513133841020195,0.21525339908316807,0.3154825026511135,0.6707880578657107,0.6452810180275715
volume|2024|0|all,top 20 by calls,2024,general,ammonia,service,2.0,0.1,1886,557,0.2729379010856225,0.27547462233000847,0.560556629973359,0.56287494648571,,,,,,,,,,,,,,,0.8992649749532612,0.060513133841020195,0.18414934220650636,0.27942735949098624,0.6246560097878547,0.6086956521739131
volume|2024|0|all,top 20 by calls,2024,general,ammonia,operating,1.0,0.0,1886,557,0.14520010879136078,0.14631546107657484,0.4035478087187228,0.4045793579798588,,,,,,,,,,,,,,,0.8992649749532612,0.060513133841020195,0.07412216277892672,0.11770943796394485,0.41436596191575503,0.4061505832449629
volume|2024|0|all,top 20 by calls,2024,general,ammonia,operating,1.0,0.1,1886,557,0.13122557159014078,0.13227187561287054,0.37710236885103193,0.3780014156643004,,,,,,,,,,,,,,,0.8992649749532612,0.060513133841020195,0.06878696735527716,0.09278897136797455,0.3805666879031069,0.3616118769883351
volume|2024|0|all,top 20 by calls,2024,general,ammonia,operating,1.5,0.0,1886,557,0.22698483669913433,0.22842584573510558,0.5149640027600064,0.5167197067137981,,,,,,,,,,,,,,,0.8992649749532612,0.060513133841020195,0.14277152603083887,0.22905620360551432,0.5664903953504559,0.5583244962884412
volume|2024|0|all,top 20 by calls,2024,general,ammonia,operating,1.5,0.1,1886,557,0.20294513187116958,0.20426292060961443,0.485020468906683,0.48659384070015604,,,,,,,,,,,,,,,0.8992649749532612,0.060513133841020195,0.12174319537956024,0.1977730646871686,0.5207115171826593,0.5270413573700954
volume|2024|0|all,top 20 by calls,2024,general,ammonia,operating,2.0,0.0,1886,557,0.3194380201461956,0.32191910310140165,0.5964944301284388,0.5989288961419017,,,,,,,,,,,,,,,0.8992649749532612,0.060513133841020195,0.23673301272430686,0.32237539766702017,0.6824264458362883,0.6500530222693531
volume|2024|0|all,top 20 by calls,2024,general,ammonia,operating,2.0,0.1,1886,557,0.2827215394348944,0.2846525905656594,0.5669138484897428,0.5690928000345093,,,,,,,,,,,,,,,0.8992649749532612,0.060513133841020195,0.19240773723007604,0.2863202545068929,0.6414508273504492,0.6150583244962884
volume|2024|0|all,top 20 by calls,2024,roro,methanol,service,1.0,0.0,538,158,0.2074242306444095,0.20850405504978878,0.5398849865835258,0.5411099019378552,,,0.4497701080535638,0.4497701080535638,,,,,0.45567242314080364,0.45567242314080364,,,,,0.948434973542611,0.029374993980120497,0.12821329246038862,0.15613382899628253,0.5654559809089477,0.5966542750929368
volume|2024|0|all,top 20 by calls,2024,roro,methanol,service,1.0,0.1,538,158,0.18356488496352152,0.18434244185291784,0.505558990563788,0.5067118111665602,,,,,,,,,,,,,,,0.948434973542611,0.029374993980120497,0.11301856377303504,0.120817843866171,0.5178753286001531,0.5297397769516728
volume|2024|0|all,top 20 by calls,2024,roro,methanol,service,1.5,0.0,538,158,0.36925850953171907,0.37141669439938957,0.6721430285882758,0.6737760842163449,,,0.6153568259340559,0.6153568259340559,,,,,0.6196606641704576,0.6196606641704576,,,,,0.948434973542611,0.029374993980120497,0.3093930568994132,0.33271375464684017,0.7438608255862069,0.7453531598513011
volume|2024|0|all,top 20 by calls,2024,roro,methanol,service,1.5,0.1,538,158,0.31537145087586305,0.3170817654327164,0.6397238211281913,0.6412282479575274,,,,,,,,,,,,,,,0.948434973542611,0.029374993980120497,0.22804337722046306,0.28066914498141265,0.7000508023077295,0.7118959107806692
volume|2024|0|all,top 20 by calls,2024,roro,methanol,service,2.0,0.0,538,158,0.4861687083297055,0.48920880806921757,0.7546485198479566,0.7566747985236331,,,0.7179677441481102,0.7179677441481102,,,,,0.7212669545791223,0.7212669545791223,,,,,0.948434973542611,0.029374993980120497,0.465764500067899,0.4758364312267658,0.8649963926787991,0.8066914498141264
volume|2024|0|all,top 20 by calls,2024,roro,methanol,service,2.0,0.1,538,158,0.4384068214229535,0.440565006290624,0.7256043957813837,0.7274759063434676,,,,,,,,,,,,,,,0.948434973542611,0.029374993980120497,0.3998051798715328,0.41821561338289964,0.8195632259123686,0.7732342007434945
volume|2024|0|all,top 20 by calls,2024,roro,methanol,operating,1.0,0.0,538,158,0.1759501602729528,0.17661486786904892,0.4839716685901187,0.4849113984751961,0.4777136905416909,0.4785414884608786,0.3903825933127297,0.3903825933127297,0.3848531674209741,0.3848531674209741,0.583792720846491,0.583792720847042,0.39672513011050986,0.39672513011050986,0.3908151595230361,0.3908151595230361,0.586196286734211,0.5861962867348878,0.948434973542611,0.029374993980120497,0.11301856377303504,0.120817843866171,0.49888280177872313,0.4962825278810409
volume|2024|0|all,top 20 by calls,2024,roro,methanol,operating,1.0,0.1,538,158,0.1578895133847209,0.15855422098081703,0.4521225387286259,0.452989262550836,,,,,,,,,,,,,,,0.948434973542611,0.029374993980120497,0.09057924626070704,0.09851301115241635,0.4638515111266574,0.4349442379182156
volume|2024|0|all,top 20 by calls,2024,roro,methanol,operating,1.5,0.0,538,158,0.27906609873655586,0.28094472538048243,0.6151975699438709,0.6165403217707345,0.6070223925939799,0.6082678747349095,0.5363164531460787,0.5363164531460787,0.5198228383505487,0.5198228383505487,0.7109226010328825,0.7111191417968052,0.5413258107450198,0.5413258107450198,0.5247683381324599,0.5247683381324599,0.712279274009412,0.7124730137384498,0.948434973542611,0.029374993980120497,0.20317514275723156,0.25464684014869887,0.669114614693716,0.6933085501858736
volume|2024|0|all,top 20 by calls,2024,roro,methanol,operating,1.5,0.1,538,158,0.24359568079637053,0.24502643712947994,0.5803272336918558,0.5814998251651994,,,,,,,,,,,,,,,0.948434973542611,0.029374993980120497,0.16201837941008995,0.2100371747211896,0.6218642600990103,0.6654275092936803
volume|2024|0|all,top 20 by calls,2024,roro,methanol,operating,2.0,0.0,538,158,0.4137519212615359,0.4163792249129485,0.7047849707705512,0.7065503510903087,0.7005529016342462,0.7022310564433388,0.6584061109174658,0.6584061109174658,0.6442578663989145,0.6442578663989145,0.7838411290028982,0.7846314986292192,0.6623094637646444,0.6623094637646444,0.6481263061666692,0.6481263061666692,0.7855604835264784,0.7863395890625863,0.948434973542611,0.029374993980120497,0.38772257652019704,0.39776951672862454,0.7778566609334767,0.7639405204460966
volume|2024|0|all,top 20 by calls,2024,roro,methanol,operating,2.0,0.1,538,158,0.3575897750169387,0.35984189851160986,0.6735570653803931,0.6751736043648099,,,,,,,,,,,,,,,0.948434973542611,0.029374993980120497,0.3032954433336951,0.3308550185873606,0.7350781122333108,0.7434944237918215
volume|2024|0|all,top 20 by calls,2024,roro,ammonia,service,1.0,0.0,538,158,0.1668720205465284,0.16764957743592468,0.4705935142798047,0.47168949729188814,,,,,,,,,,,,,,,0.948434973542611,0.029374993980120497,0.0974242366305007,0.10037174721189591,0.47547764987559266,0.4739776951672863
volume|2024|0|all,top 20 by calls,2024,roro,ammonia,service,1.0,0.1,538,158,0.1512951653805403,0.15189783198452067,0.43923607155963906,0.4402810328930675,,,,,,,,,,,,,,,0.948434973542611,0.029374993980120497,0.08629623110372289,0.08550185873605948,0.43809349344657456,0.41821561338289964
volume|2024|0|all,top 20 by calls,2024,roro,ammonia,service,1.5,0.0,538,158,0.2605909966860828,0.26192781439219165,0.6033105619959808,0.6047010003002526,,,,,,,,,,,,,,,0.948434973542611,0.029374993980120497,0.179533435929984,0.22676579925650558,0.6482525415525371,0.6840148698884758
volume|2024|0|all,top 20 by calls,2024,roro,ammonia,service,1.5,0.1,538,158,0.2278352352196534,0.22891505962503267,0.5674605784418797,0.5687545974494561,,,,,,,,,,,,,,,0.948434973542611,0.029374993980120497,0.14536551093880462,0.18587360594795538,0.603939723865393,0.6338289962825279
volume|2024|0|all,top 20 by calls,2024,roro,ammonia,service,2.0,0.0,538,158,0.3991321714077495,0.40129035627542,0.6931237181988364,0.6948458992806368,,,,,,,,,,,,,,,0.948434973542611,0.029374993980120497,0.3621206592724886,0.37174721189591076,0.7754508215859349,0.7565055762081785
volume|2024|0|all,top 20 by calls,2024,roro,ammonia,service,2.0,0.1,538,158,0.35096223999730575,0.35312042486497625,0.6616359896532603,0.6632200490100043,,,,,,,,,,,,,,,0.948434973542611,0.029374993980120497,0.2768139913703492,0.3104089219330855,0.7316959483231795,0.7379182156133829
volume|2024|0|all,top 20 by calls,2024,roro,ammonia,operating,1.0,0.0,538,158,0.14544633450238675,0.14604900110636712,0.42032460712299485,0.42112551495711537,,,,,,,,,,,,,,,0.948434973542611,0.029374993980120497,0.08382285774114859,0.08550185873605948,0.4288080627472504,0.3680297397769517
volume|2024|0|all,top 20 by calls,2024,roro,ammonia,operating,1.0,0.1,538,158,0.13488399747029733,0.135396761507975,0.3921362333232372,0.3928785400888139,,,,,,,,,,,,,,,0.948434973542611,0.029374993980120497,0.07681110282765127,0.07434944237918216,0.39166118613900464,0.3215613382899628
volume|2024|0|all,top 20 by calls,2024,roro,ammonia,operating,1.5,0.0,538,158,0.2167861675162364,0.21762576539774844,0.5436344287016225,0.5447051317906448,,,,,,,,,,,,,,,0.948434973542611,0.029374993980120497,0.1372490230038811,0.17286245353159851,0.5703362497227387,0.6078066914498141
volume|2024|0|all,top 20 by calls,2024,roro,ammonia,operating,1.5,0.1,538,158,0.19487772419422225,0.19571732207573433,0.5098923523067841,0.5108859032663611,,,,,,,,,,,,,,,0.948434973542611,0.029374993980120497,0.1257119979866664,0.14312267657992564,0.5325732981569598,0.5483271375464684
volume|2024|0|all,top 20 by calls,2024,roro,ammonia,operating,2.0,0.0,538,158,0.3066198725993083,0.30849849924323486,0.6381206495175057,0.6395740980329111,,,,,,,,,,,,,,,0.948434973542611,0.029374993980120497,0.2384128778702304,0.28066914498141265,0.6994718777879998,0.7211895910780669
volume|2024|0|all,top 20 by calls,2024,roro,ammonia,operating,2.0,0.1,538,158,0.2665663521323844,0.2679971084654938,0.6037188165793195,0.6050098536173377,,,,,,,,,,,,,,,0.948434973542611,0.029374993980120497,0.19427614640294544,0.2379182156133829,0.6554066731041129,0.6877323420074349
greedy|2024|7000|all,20 chosen for continuity,2024,all,methanol,service,1.0,0.0,19981,3054,0.2815093333889124,0.28355687095623006,0.6033442815542578,0.6044045697015271,,,0.5180639065608852,0.5191382246116812,,,,,0.5169256841129504,0.5179838087753679,,,,,0.9524030993866814,0.06320065241834213,0.1976865815085309,0.23507331965367098,0.6313696502004117,0.6603273109453981
greedy|2024|7000|all,20 chosen for continuity,2024,all,methanol,service,1.0,0.1,19981,3054,0.24886541749852795,0.25063693598492187,0.569283709132075,0.5702565268592896,,,,,,,,,,,,,,,0.9524030993866814,0.06320065241834213,0.16636520950170394,0.1993894199489515,0.5874574106869833,0.6135829037585706
greedy|2024|7000|all,20 chosen for continuity,2024,all,methanol,service,1.5,0.0,19981,3054,0.44725897984811963,0.45083690813821914,0.7279341291594572,0.7294085024765682,,,0.6523321272586741,0.6539164739599309,,,,,0.6502108056094237,0.6517714961835112,,,,,0.9524030993866814,0.06320065241834213,0.3870460497992328,0.4120914869125669,0.8068556497132157,0.7846454131424854
greedy|2024|7000|all,20 chosen for continuity,2024,all,methanol,service,1.5,0.1,19981,3054,0.3993441577568832,0.4024761122030453,0.6975149180106286,0.6988775406168317,,,,,,,,,,,,,,,0.9524030993866814,0.06320065241834213,0.3227350967730497,0.3608928482057955,0.7603369597037549,0.7595215454681948
greedy|2024|7000|all,20 chosen for continuity,2024,all,methanol,service,2.0,0.0,19981,3054,0.5815374948606279,0.5860425646473142,0.8001726189724696,0.8020183550896702,,,0.7340723509564565,0.7360919779423704,,,,,0.7316174496312176,0.7336031527691068,,,,,0.9524030993866814,0.06320065241834213,0.580322584373197,0.5546769430959412,0.9243251010593303,0.8332916270456934
greedy|2024|7000|all,20 chosen for continuity,2024,all,methanol,service,2.0,0.1,19981,3054,0.5276458188962979,0.5316957210124885,0.7758677501816544,0.7775656745273374,,,,,,,,,,,,,,,0.9524030993866814,0.06320065241834213,0.49803678386923955,0.4987738351433862,0.8843286005677863,0.8184775536759922
greedy|2024|7000|all,20 chosen for continuity,2024,all,methanol,operating,1.0,0.0,19981,3054,0.33021204662687786,0.3325123516793408,0.6322874759376333,0.6332275496937799,0.628214917555018,0.6290896080599224,0.5435325471102446,0.5446961039482047,0.5394069507653454,0.5405155899785595,0.6719461885470783,0.6741566539100009,0.5417391141302881,0.5428838936159278,0.5377388355936755,0.5388350400280517,0.6676024528790468,0.6697683192304669,0.9524030993866814,0.06320065241834213,0.223155951495936,0.2627496121315249,0.6633316459794235,0.6825984685451179
greedy|2024|7000|all,20 chosen for continuity,2024,all,methanol,operating,1.0,0.1,19981,3054,0.2946714069931415,0.2966048241489471,0.6002248055515524,0.6010850158931635,,,,,,,,,,,,,,,0.9524030993866814,0.06320065241834213,0.1864135175417981,0.22736599769781293,0.6189264430764758,0.642710575046294
greedy|2024|7000|all,20 chosen for continuity,2024,all,methanol,operating,1.5,0.0,19981,3054,0.493911324247691,0.49731948194213743,0.7457435815681644,0.7470630182457747,0.7425785907190662,0.7438543033319789,0.6579516111892691,0.6596243730753047,0.6545934256397055,0.6562942180984475,0.7671723412300093,0.7702441808594793,0.6557365002441056,0.6573835203986642,0.6525230773278379,0.6541974668487351,0.7628998629973992,0.7658967966810423,0.9524030993866814,0.06320065241834213,0.43053302525444154,0.4479755767979581,0.8379226529932795,0.7899504529302838
greedy|2024|7000|all,20 chosen for continuity,2024,all,methanol,operating,1.5,0.1,19981,3054,0.4469414214018291,0.4500066633816636,0.7185031320480761,0.7197010108299392,,,,,,,,,,,,,,,0.9524030993866814,0.06320065241834213,0.3655995777077106,0.3957259396426605,0.7927464414807369,0.7707822431309744
greedy|2024|7000|all,20 chosen for continuity,2024,all,methanol,operating,2.0,0.0,19981,3054,0.6271760971955174,0.631452531616716,0.80739438485446,0.8090729933770208,0.8057293215155337,0.8073778411309882,0.7318441321810761,0.7340694707023543,0.728695375436371,0.7309860949357907,0.8192972054222915,0.8230292713498052,0.7293790465951616,0.7315656087889985,0.7264070124113843,0.7286574133273578,0.8150569703834023,0.8186892646609747,0.9524030993866814,0.06320065241834213,0.6501205743622529,0.5898103198038136,0.9501038209214149,0.8342425304038837
greedy|2024|7000|all,20 chosen for continuity,2024,all,methanol,operating,2.0,0.1,19981,3054,0.5797983519738275,0.5837423227692655,0.7871829089992061,0.7887183421730185,,,,,,,,,,,,,,,0.9524030993866814,0.06320065241834213,0.5618333692593099,0.5399129172714079,0.911077379988951,0.8200790751213652
greedy|2024|7000|all,20 chosen for continuity,2024,all,ammonia,service,1.0,0.0,19981,3054,0.2210270363090534,0.22257619115050015,0.5336511848911454,0.53451124817058,,,,,,,,,,,,,,,0.9524030993866814,0.06320065241834213,0.14108019011458506,0.16800960912867224,0.5427331528750531,0.5589810319803814
greedy|2024|7000|all,20 chosen for continuity,2024,all,ammonia,service,1.0,0.1,19981,3054,0.19585349291061804,0.19707987612476294,0.5008804537896023,0.5016652333554258,,,,,,,,,,,,,,,0.9524030993866814,0.06320065241834213,0.12028678911962111,0.14173464791551973,0.502671603710891,0.5043791602021921
greedy|2024|7000|all,20 chosen for continuity,2024,all,ammonia,service,1.5,0.0,19981,3054,0.3506342882315193,0.35333691292488933,0.6636443550325868,0.6648873772291131,,,,,,,,,,,,,,,0.9524030993866814,0.06320065241834213,0.2722545699255229,0.30799259296331516,0.7120026016541499,0.7280416395575797
greedy|2024|7000|all,20 chosen for continuity,2024,all,ammonia,service,1.5,0.1,19981,3054,0.31028650727654156,0.3126497750758609,0.6302128882303579,0.6313503757746962,,,,,,,,,,,,,,,0.9524030993866814,0.06320065241834213,0.22814856178944282,0.2646514188479055,0.666681433687215,0.6933086432110505
greedy|2024|7000|all,20 chosen for continuity,2024,all,ammonia,service,2.0,0.0,19981,3054,0.47709000246026706,0.4809145485092015,0.7471968803991494,0.7487600416658825,,,,,,,,,,,,,,,0.9524030993866814,0.06320065241834213,0.42601106114719767,0.4434712977328462,0.8364959280797337,0.7986086782443321
greedy|2024|7000|all,20 chosen for continuity,2024,all,ammonia,service,2.0,0.1,19981,3054,0.4300562135320278,0.4334811625891174,0.7181399709658656,0.719576257425894,,,,,,,,,,,,,,,0.9524030993866814,0.06320065241834213,0.36566153144324137,0.3940243231069516,0.7918203942560663,0.7763875681897803
greedy|2024|7000|all,20 chosen for continuity,2024,all,ammonia,operating,1.0,0.0,19981,3054,0.26056318782848814,0.2622040424505716,0.5660288142122227,0.5667972952684734,,,,,,,,,,,,,,,0.9524030993866814,0.06320065241834213,0.1547954244439496,0.1920324308092688,0.5723640535548924,0.5940643611430859
greedy|2024|7000|all,20 chosen for continuity,2024,all,ammonia,operating,1.0,0.1,19981,3054,0.23000957829859153,0.23138561827672677,0.5337543342216728,0.5344483987349857,,,,,,,,,,,,,,,0.9524030993866814,0.06320065241834213,0.13037253175319605,0.16295480706671336,0.5292904473374601,0.542064961713628
greedy|2024|7000|all,20 chosen for continuity,2024,all,ammonia,operating,1.5,0.0,19981,3054,0.40159889563558027,0.4043573376422559,0.6875931522730498,0.6886855489051628,,,,,,,,,,,,,,,0.9524030993866814,0.06320065241834213,0.3053243332312084,0.3433762073970272,0.7447909332728483,0.7437065211951354
greedy|2024|7000|all,20 chosen for continuity,2024,all,ammonia,operating,1.5,0.1,19981,3054,0.36044711529155277,0.3629270682356603,0.6570636231431112,0.6580690450341528,,,,,,,,,,,,,,,0.9524030993866814,0.06320065241834213,0.25562216858070685,0.29703218057154296,0.6993530197527563,0.710725188929483
greedy|2024|7000|all,20 chosen for continuity,2024,all,ammonia,operating,2.0,0.0,19981,3054,0.5275568288089347,0.5311202742606915,0.7627671968174914,0.7641641357826396,,,,,,,,,,,,,,,0.9524030993866814,0.06320065241834213,0.47736886957966057,0.48250838296381565,0.8659098316330612,0.8022621490415895
greedy|2024|7000|all,20 chosen for continuity,2024,all,ammonia,operating,2.0,0.1,19981,3054,0.4786113676326791,0.48191797114530033,0.7369824558948496,0.738262401236131,,,,,,,,,,,,,,,0.9524030993866814,0.06320065241834213,0.40792873839190374,0.43075922126019717,0.8231981786501056,0.7845453180521496
greedy|2024|7000|all,20 chosen for continuity,2024,container,methanol,service,1.0,0.0,2926,858,0.3935570049990971,0.3948362126517068,0.6947730222955284,0.6953503203704274,,,0.6371774592606855,0.6379903875341093,,,,,0.6364067301606035,0.6372080759356281,,,,,0.9412182526733109,0.14387874530575995,0.30686071086276456,0.3913192071086808,0.7467344831871117,0.706766917293233
greedy|2024|7000|all,20 chosen for continuity,2024,container,methanol,service,1.0,0.1,2926,858,0.34818856106339335,0.3493290817393338,0.6615699707489947,0.6620846494444397,,,,,,,,,,,,,,,0.9412182526733109,0.14387874530575995,0.24504457863348084,0.3434723171565277,0.6996768974422827,0.6753246753246753
greedy|2024|7000|all,20 chosen for continuity,2024,container,methanol,service,1.5,0.0,2926,858,0.5896069681148789,0.5924460056071549,0.8043538453468777,0.8051784118409177,,,0.7648461336871264,0.7659487623032164,,,,,0.7625718992418601,0.763658817746003,,,,,0.9412182526733109,0.14387874530575995,0.639822135442398,0.5591250854408749,0.9183070841794658,0.7758031442241968
greedy|2024|7000|all,20 chosen for continuity,2024,container,methanol,service,1.5,0.1,2926,858,0.5345196761215851,0.5370521432144195,0.7796359090555034,0.7804150830239508,,,,,,,,,,,,,,,0.9412182526733109,0.14387874530575995,0.5275858135471392,0.5105946684894054,0.8847978502900016,0.7624743677375256
greedy|2024|7000|all,20 chosen for continuity,2024,container,methanol,service,2.0,0.0,2926,858,0.7050306792681877,0.7082012109827063,0.8565869161198197,0.8575850166037708,,,0.817457043713231,0.8188152960639659,,,,,0.8146864829751802,0.8160253831195865,,,,,0.9412182526733109,0.14387874530575995,0.857051061368814,0.6483253588516746,0.9992617196671414,0.7973342447026658
greedy|2024|7000|all,20 chosen for continuity,2024,container,methanol,service,2.0,0.1,2926,858,0.6614032535932598,0.6644057261760885,0.8397389456896275,0.8406626900204229,,,,,,,,,,,,,,,0.9412182526733109,0.14387874530575995,0.7771245884799014,0.6172248803827751,0.9732041961936115,0.7915242652084757
greedy|2024|7000|all,20 chosen for continuity,2024,container,methanol,operating,1.0,0.0,2926,858,0.5263297515209221,0.5287820814799994,0.7722851762658695,0.7729253595715588,0.7669743497103944,0.7675621131750667,0.7280310931141482,0.7290997670135528,0.7180045009062457,0.7190176755772365,0.7873388946702631,0.7893004638160394,0.7257968389741004,0.7268502865440322,0.7158301836570428,0.7168289227444921,0.7835421146545244,0.7854757356131723,0.9412182526733109,0.14387874530575995,0.48232443616721454,0.49077238550922764,0.8575310293014664,0.7450444292549556
greedy|2024|7000|all,20 chosen for continuity,2024,container,methanol,operating,1.0,0.1,2926,858,0.4759082697324641,0.4779435142650657,0.7448246268992704,0.7454098109789605,,,,,,,,,,,,,,,0.9412182526733109,0.14387874530575995,0.40550625371440674,0.4460013670539986,0.813640653439477,0.7293233082706767
greedy|2024|7000|all,20 chosen for continuity,2024,container,methanol,operating,1.5,0.0,2926,858,0.7013966296220709,0.7043103532019935,0.852167350723087,0.8530360809917441,0.8485839738257775,0.8494391142470129,0.8073613339956232,0.8087235177734597,0.8039392519213474,0.8053096117599606,0.8489601904410998,0.8519239712964322,0.804359450701074,0.8057022262581097,0.8009752402061292,0.8023260753324702,0.8447438185159636,0.8476653717995412,0.9412182526733109,0.14387874530575995,0.8409569101369486,0.6394395078605605,0.9916913369993994,0.784688995215311
greedy|2024|7000|all,20 chosen for continuity,2024,container,methanol,operating,1.5,0.1,2926,858,0.6589892715450668,0.6618813421049515,0.83547124279784,0.8362502587390765,,,,,,,,,,,,,,,0.9412182526733109,0.14387874530575995,0.7504722107779693,0.6059466848940533,0.9672393672901394,0.7778537252221462
greedy|2024|7000|all,20 chosen for continuity,2024,container,methanol,operating,2.0,0.0,2926,858,0.8029189316801651,0.8060463471534843,0.8829873787686782,0.8841542567445979,0.8811639743320301,0.8823159678311109,0.8448494283879641,0.846857679109376,0.8420457634358055,0.8440700580755391,0.8791115813634697,0.8828146642325816,0.8415706162542125,0.8435502536753794,0.83879897962547,0.8407944323732557,0.8746317441993967,0.8782820660158983,0.9412182526733109,0.14387874530575995,0.9487690913686999,0.7142857142857143,0.9999999999999998,0.803485987696514
greedy|2024|7000|all,20 chosen for continuity,2024,container,methanol,operating,2.0,0.1,2926,858,0.772802479778486,0.7759298952518053,0.873833875127073,0.8748653828491596,,,,,,,,,,,,,,,0.9412182526733109,0.14387874530575995,0.9325124667721743,0.6951469583048531,0.9999999999999997,0.7973342447026658
greedy|2024|7000|all,20 chosen for continuity,2024,container,ammonia,service,1.0,0.0,2926,858,0.314278436757691,0.31538903722709993,0.6256132672601608,0.6260721649867321,,,,,,,,,,,,,,,0.9412182526733109,0.14387874530575995,0.198813289998373,0.3082706766917293,0.6521395851901624,0.6414900888585099
greedy|2024|7000|all,20 chosen for continuity,2024,container,ammonia,service,1.0,0.1,2926,858,0.28156914012190765,0.2825153304547146,0.5922223278565028,0.592633561512787,,,,,,,,,,,,,,,0.9412182526733109,0.14387874530575995,0.17019058255809064,0.2778537252221463,0.6048627036922132,0.6059466848940533
greedy|2024|7000|all,20 chosen for continuity,2024,container,ammonia,service,1.5,0.0,2926,858,0.47717018552759566,0.47919948085658437,0.750834338097972,0.7515283688059066,,,,,,,,,,,,,,,0.9412182526733109,0.14387874530575995,0.4330761473422087,0.46206425153793573,0.8342893020415657,0.7477785372522214
greedy|2024|7000|all,20 chosen for continuity,2024,container,ammonia,service,1.5,0.1,2926,858,0.4271667079598155,0.4287687902328003,0.7203072727378107,0.7209389260653372,,,,,,,,,,,,,,,0.9412182526733109,0.14387874530575995,0.3501184953258621,0.41968557758031444,0.7891403504205081,0.7276144907723855
greedy|2024|7000|all,20 chosen for continuity,2024,container,ammonia,service,2.0,0.0,2926,858,0.6173671009691681,0.620206138461444,0.8189269225902621,0.8197914528486752,,,,,,,,,,,,,,,0.9412182526733109,0.14387874530575995,0.697639072938405,0.5854408749145591,0.9428119919180129,0.7819548872180451
greedy|2024|7000|all,20 chosen for continuity,2024,container,ammonia,service,2.0,0.1,2926,858,0.5685602287013248,0.5712015639922088,0.7966141352698712,0.7974231511862403,,,,,,,,,,,,,,,0.9412182526733109,0.14387874530575995,0.5966245584074751,0.5423786739576213,0.9096352318292684,0.771701982228298
greedy|2024|7000|all,20 chosen for continuity,2024,container,ammonia,operating,1.0,0.0,2926,858,0.42702301364505546,0.4287016764813997,0.713658543459382,0.7141797241271882,,,,,,,,,,,,,,,0.9412182526733109,0.14387874530575995,0.324328645059708,0.4025974025974026,0.7635590668304735,0.7081339712918661
greedy|2024|7000|all,20 chosen for continuity,2024,container,ammonia,operating,1.0,0.1,2926,858,0.37713478333706457,0.3784351212240748,0.682024990470075,0.6824818738592413,,,,,,,,,,,,,,,0.9412182526733109,0.14387874530575995,0.26033423028475144,0.36021872863978127,0.7118752889403532,0.6845522898154477
greedy|2024|7000|all,20 chosen for continuity,2024,container,ammonia,operating,1.5,0.0,2926,858,0.6125618276030113,0.6153494587784413,0.8144949119500778,0.8152140216275969,,,,,,,,,,,,,,,0.9412182526733109,0.14387874530575995,0.6568368779176645,0.5669856459330144,0.9341070303916477,0.7686261107313739
greedy|2024|7000|all,20 chosen for continuity,2024,container,ammonia,operating,1.5,0.1,2926,858,0.5646844276137474,0.5671637550786197,0.7920220921762966,0.792694872365672,,,,,,,,,,,,,,,0.9412182526733109,0.14387874530575995,0.5662674340188314,0.5273410799726589,0.8925104010530949,0.7573479152426521
greedy|2024|7000|all,20 chosen for continuity,2024,container,ammonia,operating,2.0,0.0,2926,858,0.7330263175399309,0.7360902914420443,0.8617981832847806,0.8627188530116263,,,,,,,,,,,,,,,0.9412182526733109,0.14387874530575995,0.8916658356171271,0.6630211893369788,0.9999999999999996,0.7894736842105263
greedy|2024|7000|all,20 chosen for continuity,2024,container,ammonia,operating,2.0,0.1,2926,858,0.6878895242917036,0.6908032478716263,0.8469978542420896,0.8478273304041276,,,,,,,,,,,,,,,0.9412182526733109,0.14387874530575995,0.8025532448206141,0.6274777853725222,0.9835236237183973,0.7826384142173616
greedy|2024|7000|all,20 chosen for continuity,2024,bulk,methanol,service,1.0,0.0,8019,1124,0.21647735677100827,0.21918262461660862,0.5787423510406304,0.579668915614541,,,0.4644308150740544,0.4664145925753443,,,,,0.4631594191689699,0.4651151588661535,,,,,0.9644461750801546,0.013531071429625835,0.16730877344657571,0.1662302032672403,0.6032210173876946,0.6600573637610675
greedy|2024|7000|all,20 chosen for continuity,2024,bulk,methanol,service,1.0,0.1,8019,1124,0.19388234706506124,0.19620860453773156,0.5422474979969809,0.5430866632249876,,,,,,,,,,,,,,,0.9644461750801546,0.013531071429625835,0.14556343433126814,0.1390447686743983,0.5591740189024538,0.5967078189300411
greedy|2024|7000|all,20 chosen for continuity,2024,bulk,methanol,service,1.5,0.0,8019,1124,0.35313208823092984,0.35748744635316815,0.7251064304940589,0.7264616682650828,,,0.6238448652321293,0.6266873781119172,,,,,0.6219183475564612,0.6247070748692921,,,,,0.9644461750801546,0.013531071429625835,0.3235793563152284,0.33071455293677515,0.7816154701929637,0.8226711560044894
greedy|2024|7000|all,20 chosen for continuity,2024,bulk,methanol,service,1.5,0.1,8019,1124,0.3104121879496537,0.3141199397916264,0.6868090623603107,0.6880157917093508,,,,,,,,,,,,,,,0.9644461750801546,0.013531071429625835,0.27350638872836364,0.28108242923057736,0.7340653645115814,0.790248160618531
greedy|2024|7000|all,20 chosen for continuity,2024,bulk,methanol,service,2.0,0.0,8019,1124,0.5317475754555794,0.5373712954627695,0.8223042543406468,0.8241036394587274,,,0.7424769085776828,0.7460068571996482,,,,,0.7400392590932615,0.7434948105222582,,,,,0.9644461750801546,0.013531071429625835,0.5141709389555417,0.5112856964708816,0.9103124822662773,0.8819054744980671
greedy|2024|7000|all,20 chosen for continuity,2024,bulk,methanol,service,2.0,0.1,8019,1124,0.448087292407102,0.45304016058716945,0.789419021416255,0.7910284544803352,,,,,,,,,,,,,,,0.9644461750801546,0.013531071429625835,0.42826779408075166,0.43434343434343436,0.8644801477081656,0.8648210500062352
greedy|2024|7000|all,20 chosen for continuity,2024,bulk,methanol,operating,1.0,0.0,8019,1124,0.2552080197750101,0.258092520312511,0.6260103323721505,0.6269958231188466,0.6184194743878589,0.619388017274532,0.5133225212544921,0.515442309189966,0.5130311310563769,0.5152156430995625,0.7723119434670097,0.7763407592776083,0.5119252334049209,0.5140129054879254,0.5117014495358715,0.5138519050810549,0.7675251268187226,0.7714087819971345,0.9644461750801546,0.013531071429625835,0.2134890452392758,0.21573762314503056,0.6597524995136214,0.7237810200773164
greedy|2024|7000|all,20 chosen for continuity,2024,bulk,methanol,operating,1.0,0.1,8019,1124,0.22679789134844291,0.2293379373540016,0.5883974758812258,0.5892980193787403,,,,,,,,,,,,,,,0.9644461750801546,0.013531071429625835,0.17857302935009967,0.18007232822047636,0.6145737252184387,0.6741488963711186
greedy|2024|7000|all,20 chosen for continuity,2024,bulk,methanol,operating,1.5,0.0,8019,1124,0.4264126144887255,0.4310022104610356,0.7704185547536911,0.7718714967332724,0.7657305054718672,0.767145020262848,0.6795421793181162,0.6826596975936673,0.6766775693555716,0.6797842598480058,0.8833551707111937,0.8883484163875139,0.6775011854206803,0.6805566725464206,0.6744010164308221,0.6774460004266496,0.8791126134227728,0.8838705129037807,0.9644461750801546,0.013531071429625835,0.4067744437987347,0.415513156253897,0.8412722961479346,0.8503554059109615
greedy|2024|7000|all,20 chosen for continuity,2024,bulk,methanol,operating,1.5,0.1,8019,1124,0.3697718163112354,0.3737623183936139,0.7341268739342777,0.7354191209139477,,,,,,,,,,,,,,,0.9644461750801546,0.013531071429625835,0.34473973219902426,0.3567776530739494,0.7933669485577935,0.8285322359396433
greedy|2024|7000|all,20 chosen for continuity,2024,bulk,methanol,operating,2.0,0.0,8019,1124,0.6207882910553928,0.6266384809685326,0.8535351808655155,0.8553798325280889,0.8512390695783398,0.8530459430411895,0.7883317603415135,0.7921948318617797,0.7852344326969036,0.7892121563966927,0.9298015844450638,0.9353803107966198,0.7856904024355712,0.7894690886226334,0.7827335552487534,0.7866234559589862,0.9263083300190673,0.9316341555036891,0.9644461750801546,0.013531071429625835,0.640773433820612,0.5972066342436713,0.9672819503757456,0.8972440453921935
greedy|2024|7000|all,20 chosen for continuity,2024,bulk,methanol,operating,2.0,0.1,8019,1124,0.5465106451202484,0.5517656563433019,0.8268652439642108,0.8285651021479411,,,,,,,,,,,,,,,0.9644461750801546,0.013531071429625835,0.5405995982298755,0.5313630128444943,0.9236877205081877,0.8834019204389575
greedy|2024|7000|all,20 chosen for continuity,2024,bulk,ammonia,service,1.0,0.0,8019,1124,0.17150114384056234,0.17328745234005694,0.5049403823253932,0.5056960668721389,,,,,,,,,,,,,,,0.9644461750801546,0.013531071429625835,0.12405893121204091,0.11310637236563162,0.5161308000908523,0.5264995635366005
greedy|2024|7000|all,20 chosen for continuity,2024,bulk,ammonia,service,1.0,0.1,8019,1124,0.15015882569311118,0.1515230362024036,0.47103461277031433,0.4717144916239398,,,,,,,,,,,,,,,0.9644461750801546,0.013531071429625835,0.10712947863373899,0.08978675645342311,0.4777209457745826,0.45766305025564286
greedy|2024|7000|all,20 chosen for continuity,2024,bulk,ammonia,service,1.5,0.0,8019,1124,0.2709910128010375,0.27429478367207505,0.6461647932090459,0.6472497869634259,,,,,,,,,,,,,,,0.9644461750801546,0.013531071429625835,0.23186427209211546,0.23257263998004737,0.6833749494751031,0.7468512283327098
greedy|2024|7000|all,20 chosen for continuity,2024,bulk,ammonia,service,1.5,0.1,8019,1124,0.23939640293433254,0.2424712112047717,0.6081858124643963,0.6091805767952294,,,,,,,,,,,,,,,0.9644461750801546,0.013531071429625835,0.19514666979947806,0.19304152637485972,0.6389682164649967,0.7018331462775907
greedy|2024|7000|all,20 chosen for continuity,2024,bulk,ammonia,service,2.0,0.0,8019,1124,0.3864524890005962,0.3909686308016083,0.7505689532362542,0.7520304749230108,,,,,,,,,,,,,,,0.9644461750801546,0.013531071429625835,0.35852412507612985,0.36563162489088413,0.8145998557910086,0.8413767302656191
greedy|2024|7000|all,20 chosen for continuity,2024,bulk,ammonia,service,2.0,0.1,8019,1124,0.3378332509465112,0.3419290509641234,0.7125111199096088,0.7138201009098316,,,,,,,,,,,,,,,0.9644461750801546,0.013531071429625835,0.30563562796228594,0.3130066093029056,0.7661662414499297,0.8114478114478114
greedy|2024|7000|all,20 chosen for continuity,2024,bulk,ammonia,operating,1.0,0.0,8019,1124,0.19948285011818703,0.20163210096662024,0.5494733313788455,0.5502855768039207,,,,,,,,,,,,,,,0.9644461750801546,0.013531071429625835,0.15122401099876615,0.14777403666292555,0.5682209036267369,0.613792243421873
greedy|2024|7000|all,20 chosen for continuity,2024,bulk,ammonia,operating,1.0,0.1,8019,1124,0.17722301484388317,0.17902404081318443,0.513928560996686,0.5146620420918592,,,,,,,,,,,,,,,0.9644461750801546,0.013531071429625835,0.12787849298630335,0.12258386332460407,0.526460890046327,0.5467015837386208
greedy|2024|7000|all,20 chosen for continuity,2024,bulk,ammonia,operating,1.5,0.0,8019,1124,0.32181293767338826,0.3254310227634761,0.6942248660858227,0.6953850419134462,,,,,,,,,,,,,,,0.9644461750801546,0.013531071429625835,0.2885872173645595,0.2959221848110737,0.7440330713208341,0.7958598328968699
greedy|2024|7000|all,20 chosen for continuity,2024,bulk,ammonia,operating,1.5,0.1,8019,1124,0.28224911915344125,0.28543452383524653,0.6559796578476857,0.657033581626321,,,,,,,,,,,,,,,0.9644461750801546,0.013531071429625835,0.24275890354073498,0.24953236064347176,0.6968044736078978,0.7545828656939768
greedy|2024|7000|all,20 chosen for continuity,2024,bulk,ammonia,operating,2.0,0.0,8019,1124,0.4692591018288597,0.4739421150146865,0.7935413401986858,0.7950862483140242,,,,,,,,,,,,,,,0.9644461750801546,0.013531071429625835,0.4529978610296829,0.4567901234567901,0.8736318648466267,0.8638234193789749
greedy|2024|7000|all,20 chosen for continuity,2024,bulk,ammonia,operating,2.0,0.1,8019,1124,0.4077841952328619,0.412275854970387,0.7586501514113269,0.7600605385136435,,,,,,,,,,,,,,,0.9644461750801546,0.013531071429625835,0.3826473147325437,0.39655817433595214,0.8255889043893494,0.8452425489462526
greedy|2024|7000|all,20 chosen for continuity,2024,tanker,methanol,service,1.0,0.0,5577,211,0.31120442136069,0.31376703355504293,0.6434919521740349,0.6453657967682757,,,0.5479160514818548,0.5491684338048085,,,,,0.5481480134972079,0.5493829855637192,,,,,0.9614713524347601,0.055155290617393646,0.2675314516147675,0.29406490944952485,0.6904947443541509,0.708445400753093
greedy|2024|7000|all,20 chosen for continuity,2024,tanker,methanol,service,1.0,0.1,5577,211,0.2764968092642766,0.27885506665354853,0.6076215246984142,0.6093729757793992,,,,,,,,,,,,,,,0.9614713524347601,0.055155290617393646,0.22853000209220276,0.252465483234714,0.6458254178468765,0.6733010579164426
greedy|2024|7000|all,20 chosen for continuity,2024,tanker,methanol,service,1.5,0.0,5577,211,0.49927598719807076,0.5037385625682382,0.7722181193848927,0.7746748897101963,,,0.6907637752752807,0.6925500343174246,,,,,0.6903739599953664,0.6921445267953094,,,,,0.9614713524347601,0.055155290617393646,0.4924467613419605,0.4936345705576475,0.8514366814573019,0.8099336560875022
greedy|2024|7000|all,20 chosen for continuity,2024,tanker,methanol,service,1.5,0.1,5577,211,0.4456420446307972,0.4496239255100672,0.7417668559216333,0.7440904323938432,,,,,,,,,,,,,,,0.9614713524347601,0.055155290617393646,0.414344258757382,0.4360767437690515,0.8120472553729787,0.7894925587233279
greedy|2024|7000|all,20 chosen for continuity,2024,tanker,methanol,service,2.0,0.0,5577,211,0.6304683421877882,0.6356500706348344,0.842659636760239,0.8455729689518261,,,0.7863463291948002,0.788566609675994,,,,,0.7855669964904824,0.7877605742390533,,,,,0.9614713524347601,0.055155290617393646,0.6815785873881907,0.6257844719383181,0.9527326106666368,0.8526089295320065
greedy|2024|7000|all,20 chosen for continuity,2024,tanker,methanol,service,2.0,0.1,5577,211,0.5859398286384028,0.5910059037955125,0.8189984513663365,0.8217373916870779,,,,,,,,,,,,,,,0.9614713524347601,0.055155290617393646,0.6075820836100952,0.5766541151156536,0.9175273563013832,0.8407746100053792
greedy|2024|7000|all,20 chosen for continuity,2024,tanker,methanol,operating,1.0,0.0,5577,211,0.3196444884495545,0.32219607432421293,0.64115571957902,0.6426489053157338,0.6424243311836043,0.6438031007684109,0.5291559231969566,0.5304689581708499,0.5291843331254921,0.5303301292185616,0.6605324673150149,0.6624754738196521,0.5291505798200571,0.530443065828083,0.5293086654921181,0.5304550169532013,0.6578231222195505,0.6597464600278635,0.9614713524347601,0.055155290617393646,0.24827779726676188,0.270575578267886,0.6659802354429416,0.6793975255513717
greedy|2024|7000|all,20 chosen for continuity,2024,tanker,methanol,operating,1.0,0.1,5577,211,0.28200132892083374,0.28397866018650725,0.6062698845435599,0.6076384394790696,,,,,,,,,,,,,,,0.9614713524347601,0.055155290617393646,0.20660528744358714,0.2350726196880043,0.6219877863688125,0.6403084095391788
greedy|2024|7000|all,20 chosen for continuity,2024,tanker,methanol,operating,1.5,0.0,5577,211,0.5004081469508234,0.5044384075222289,0.7649758507984227,0.7670026678449452,0.7644021497994193,0.7663694354948721,0.668393284814402,0.6702858425560758,0.6664539790316032,0.6683528321674366,0.7822287044048014,0.7850260166840053,0.668050399264199,0.6699245681208156,0.6665737554125879,0.6684540599584026,0.7800354602759227,0.7827914313682474,0.9614713524347601,0.055155290617393646,0.45468460652868536,0.46655908194369733,0.8303521610743088,0.7932580240272548
greedy|2024|7000|all,20 chosen for continuity,2024,tanker,methanol,operating,1.5,0.1,5577,211,0.447303931993164,0.45086902796488826,0.7355122055390326,0.737402716272026,,,,,,,,,,,,,,,0.9614713524347601,0.055155290617393646,0.38775304830526236,0.4104357181280258,0.7907347501013914,0.7712031558185405
greedy|2024|7000|all,20 chosen for continuity,2024,tanker,methanol,operating,2.0,0.0,5577,211,0.6277241835565266,0.6327362234951749,0.832895624471708,0.8353068516829231,0.8325159161902395,0.8349330925458504,0.7607809860246327,0.7630244845511609,0.7582138578200177,0.7604863463119935,0.850533775776494,0.8537656065250403,0.7600265545085515,0.7622427612945348,0.7578298925815063,0.7600743538998272,0.8482104162306611,0.851389882692645,0.9614713524347601,0.055155290617393646,0.6397091928890832,0.5924332078178232,0.9320630520797407,0.8379056840595303
greedy|2024|7000|all,20 chosen for continuity,2024,tanker,methanol,operating,2.0,0.1,5577,211,0.5824421474320832,0.5871731677149776,0.8100005454370258,0.8122716376705893,,,,,,,,,,,,,,,0.9614713524347601,0.055155290617393646,0.567992022176336,0.5479648556571634,0.8969845919716777,0.8251748251748252
greedy|2024|7000|all,20 chosen for continuity,2024,tanker,ammonia,service,1.0,0.0,5577,211,0.24357054369870842,0.2457156998494477,0.5701010541444991,0.5716317660669643,,,,,,,,,,,,,,,0.9614713524347601,0.055155290617393646,0.19332458669792066,0.21140398063474986,0.5990237547580329,0.6259637798099337
greedy|2024|7000|all,20 chosen for continuity,2024,tanker,ammonia,service,1.0,0.1,5577,211,0.2159024675899472,0.21779137429155362,0.5352626048608358,0.5366922799424069,,,,,,,,,,,,,,,0.9614713524347601,0.055155290617393646,0.16179226118865003,0.1793078716155639,0.5580503795226783,0.578088578088578
greedy|2024|7000|all,20 chosen for continuity,2024,tanker,ammonia,service,1.5,0.0,5577,211,0.3886395243405642,0.39212463105793266,0.7066514994402676,0.7088202044709057,,,,,,,,,,,,,,,0.9614713524347601,0.055155290617393646,0.3510999880544667,0.37816030123722433,0.7700747988164997,0.7645687645687645
greedy|2024|7000|all,20 chosen for continuity,2024,tanker,ammonia,service,1.5,0.1,5577,211,0.34392261684785846,0.34689096820294113,0.6717574225888147,0.6737530915308028,,,,,,,,,,,,,,,0.9614713524347601,0.055155290617393646,0.3012469899258086,0.32974717590102204,0.7250004707700884,0.7360588129818899
greedy|2024|7000|all,20 chosen for continuity,2024,tanker,ammonia,service,2.0,0.0,5577,211,0.5323809646329343,0.5372552382073237,0.7911684696350513,0.7937333436091946,,,,,,,,,,,,,,,0.9614713524347601,0.055155290617393646,0.530750405553458,0.5226824457593688,0.87796716070959,0.8221265913573605
greedy|2024|7000|all,20 chosen for continuity,2024,tanker,ammonia,service,2.0,0.1,5577,211,0.48102760642399334,0.4854343935650262,0.7624836483224385,0.7648970779506377,,,,,,,,,,,,,,,0.9614713524347601,0.055155290617393646,0.46417852836811896,0.4731934731934732,0.8380795444400361,0.8036578805809576
greedy|2024|7000|all,20 chosen for continuity,2024,tanker,ammonia,operating,1.0,0.0,5577,211,0.24719760264735044,0.2489574548792376,0.5691948143119429,0.5704256855824975,,,,,,,,,,,,,,,0.9614713524347601,0.055155290617393646,0.17117223707114054,0.1958041958041958,0.5770852473381093,0.5940469786623632
greedy|2024|7000|all,20 chosen for continuity,2024,tanker,ammonia,operating,1.0,0.1,5577,211,0.2178523406329422,0.2194608401027363,0.5347015245783302,0.5358316416518567,,,,,,,,,,,,,,,0.9614713524347601,0.055155290617393646,0.14333518009976665,0.1635287789133943,0.5344219285132087,0.5459924690693921
greedy|2024|7000|all,20 chosen for continuity,2024,tanker,ammonia,operating,1.5,0.0,5577,211,0.3960925926068725,0.3990781724729908,0.7017173502307369,0.7034537955067345,,,,,,,,,,,,,,,0.9614713524347601,0.055155290617393646,0.3244481896209525,0.35718128025820334,0.7455427528129641,0.7428725121032813
greedy|2024|7000|all,20 chosen for continuity,2024,tanker,ammonia,operating,1.5,0.1,5577,211,0.35114203013720735,0.3539742469261165,0.6682595082680354,0.6698556052160854,,,,,,,,,,,,,,,0.9614713524347601,0.055155290617393646,0.2769816464502318,0.30643715259099874,0.6998653594734126,0.7097005558544021
greedy|2024|7000|all,20 chosen for continuity,2024,tanker,ammonia,operating,2.0,0.0,5577,211,0.5341416512551054,0.5383683016296309,0.7832243043843358,0.7853432165912603,,,,,,,,,,,,,,,0.9614713524347601,0.055155290617393646,0.5002160039406548,0.5000896539358077,0.8581817141995436,0.8065268065268065
greedy|2024|7000|all,20 chosen for continuity,2024,tanker,ammonia,operating,2.0,0.1,5577,211,0.4830419935419091,0.4868644694151735,0.7554711948378944,0.7574532234844216,,,,,,,,,,,,,,,0.9614713524347601,0.055155290617393646,0.42681147651994245,0.44844898691052537,0.8187007168666591,0.7857270934194011
greedy|2024|7000|all,20 chosen for continuity,2024,gas,methanol,service,1.0,0.0,1035,146,0.10324402354168637,0.10490640343483468,0.33962098327573725,0.34003073517776217,,,0.2293120212741961,0.22943017209512642,,,,,0.23068522896893198,0.23080008502044946,,,,,0.9442766737413442,0.011975938302127448,0.07589289682214088,0.15072463768115943,0.4935757408110004,0.4985507246376812
greedy|2024|7000|all,20 chosen for continuity,2024,gas,methanol,service,1.0,0.1,1035,146,0.08727163973093842,0.08834522324154398,0.3151648380868576,0.315500469306327,,,,,,,,,,,,,,,0.9442766737413442,0.011975938302127448,0.06435834321774378,0.12753623188405797,0.4575944380188202,0.4666666666666667
greedy|2024|7000|all,20 chosen for continuity,2024,gas,methanol,service,1.5,0.0,1035,146,0.20233182891075693,0.20424222219735533,0.43556273003866947,0.43637875151051725,,,0.3263843436157197,0.32688623660070615,,,,,0.3268372603530275,0.32732515748388086,,,,,0.9442766737413442,0.011975938302127448,0.2111488570535991,0.3207729468599034,0.6551353497675778,0.5826086956521739
greedy|2024|7000|all,20 chosen for continuity,2024,gas,methanol,service,1.5,0.1,1035,146,0.17310367166454968,0.17480801488002706,0.41075506782471477,0.4114461188195904,,,,,,,,,,,,,,,0.9442766737413442,0.011975938302127448,0.1573215096655757,0.26859903381642514,0.6152510350555426,0.5681159420289855
greedy|2024|7000|all,20 chosen for continuity,2024,gas,methanol,service,2.0,0.0,1035,146,0.2782613968650353,0.2822654508510947,0.49839697939938576,0.49956923717268864,,,0.3939509475965255,0.3945670495655506,,,,,0.39400665387783934,0.3946055751459033,,,,,0.9442766737413442,0.011975938302127448,0.36048656318669714,0.4289855072463768,0.7736013347017495,0.629951690821256
greedy|2024|7000|all,20 chosen for continuity,2024,gas,methanol,service,2.0,0.1,1035,146,0.25621901884251175,0.2588663373598784,0.47594961403778546,0.47700746488500106,,,,,,,,,,,,,,,0.9442766737413442,0.011975938302127448,0.3120510815708146,0.39903381642512076,0.7306670493087868,0.6115942028985507
greedy|2024|7000|all,20 chosen for continuity,2024,gas,methanol,operating,1.0,0.0,1035,146,0.10428425875596331,0.10485567202057952,0.3031456715735966,0.3033536343465888,0.29943206073661144,0.29967570826075113,0.1830780458872391,0.1830780458872391,0.17780315985968417,0.17780315985968417,0.3023049224265401,0.3039420996221622,0.18602631369155442,0.18602631369155442,0.18101604909984464,0.18101604909984464,0.30133994833594885,0.30293147099202217,0.9442766737413442,0.011975938302127448,0.08203775512737142,0.1681159420289855,0.4769713364471262,0.4888888888888889
greedy|2024|7000|all,20 chosen for continuity,2024,gas,methanol,operating,1.0,0.1,1035,146,0.0904995674063629,0.09101647096113603,0.2826454430621167,0.2828417847371592,,,,,,,,,,,,,,,0.9442766737413442,0.011975938302127448,0.06786035890548318,0.15169082125603864,0.4469494201372723,0.4570048309178744
greedy|2024|7000|all,20 chosen for continuity,2024,gas,methanol,operating,1.5,0.0,1035,146,0.17796730307134825,0.17880337248983305,0.38454356582913435,0.3848814696891706,0.3822606689880284,0.38259613408214604,0.24802897700324486,0.24809864980291904,0.2421990190792622,0.24231021165601282,0.3843539760212561,0.38613422262299946,0.2510714270392957,0.2511391569340669,0.2456075793651695,0.24571567121102442,0.3829828173165323,0.3847134197259456,0.9442766737413442,0.011975938302127448,0.19506035742321118,0.336231884057971,0.6245384003278319,0.5526570048309178
greedy|2024|7000|all,20 chosen for continuity,2024,gas,methanol,operating,1.5,0.1,1035,146,0.1610188622083295,0.16173084934754747,0.36279795604351633,0.36308954649683167,,,,,,,,,,,,,,,0.9442766737413442,0.011975938302127448,0.15301974127167844,0.28792270531400965,0.5770827807649925,0.5391304347826087
greedy|2024|7000|all,20 chosen for continuity,2024,gas,methanol,operating,2.0,0.0,1035,146,0.23797718595531187,0.24008052714102257,0.4436429342529491,0.4442562562139138,0.4426665891502429,0.44321688454252534,0.30618700554321854,0.3065744092156665,0.3028088682766582,0.303303737947129,0.4494514867724235,0.45161541046749787,0.3089181229761683,0.309294723458589,0.3059202468628732,0.3064013165322881,0.4475082399388417,0.4496118201715531,0.9442766737413442,0.011975938302127448,0.3120510815708146,0.4241545893719807,0.7435617758192279,0.6
greedy|2024|7000|all,20 chosen for continuity,2024,gas,methanol,operating,2.0,0.1,1035,146,0.21841054628209003,0.2196532571620289,0.4222139234929006,0.42270744031634994,,,,,,,,,,,,,,,0.9442766737413442,0.011975938302127448,0.2805442225724782,0.39516908212560387,0.7093578454950615,0.5806763285024155
greedy|2024|7000|all,20 chosen for continuity,2024,gas,ammonia,service,1.0,0.0,1035,146,0.07422135856301292,0.07528052306279306,0.2906605989724772,0.29093951800048307,,,,,,,,,,,,,,,0.9442766737413442,0.011975938302127448,0.049217842518105,0.10531400966183575,0.4222779515359242,0.41256038647342996
greedy|2024|7000|all,20 chosen for continuity,2024,gas,ammonia,service,1.0,0.1,1035,146,0.06500976592905185,0.06538164512334228,0.26860882211890263,0.26883986492859796,,,,,,,,,,,,,,,0.9442766737413442,0.011975938302127448,0.04145937212068429,0.08792270531400966,0.3839892702564157,0.3681159420289855
greedy|2024|7000|all,20 chosen for continuity,2024,gas,ammonia,service,1.5,0.0,1035,146,0.145800486212183,0.14746286610533132,0.3844056055532316,0.3849784251442601,,,,,,,,,,,,,,,0.9442766737413442,0.011975938302127448,0.1266429849415521,0.2144927536231884,0.5650355183000462,0.5478260869565217
greedy|2024|7000|all,20 chosen for continuity,2024,gas,ammonia,service,1.5,0.1,1035,146,0.12226851959189748,0.12393089948504579,0.3592536680119015,0.3597247536128322,,,,,,,,,,,,,,,0.9442766737413442,0.011975938302127448,0.09795880591983516,0.17198067632850242,0.5243330841902144,0.514975845410628
greedy|2024|7000|all,20 chosen for continuity,2024,gas,ammonia,service,2.0,0.0,1035,146,0.22006499479136546,0.22271231330873212,0.45160750108644154,0.45252214159479504,,,,,,,,,,,,,,,0.9442766737413442,0.011975938302127448,0.24926266437315825,0.35555555555555557,0.6866956229795668,0.5961352657004831
greedy|2024|7000|all,20 chosen for continuity,2024,gas,ammonia,service,2.0,0.1,1035,146,0.19234672677493173,0.19425712006153012,0.42755299452434636,0.4283158906172863,,,,,,,,,,,,,,,0.9442766737413442,0.011975938302127448,0.2008932170643421,0.2966183574879227,0.6426478764510754,0.578743961352657
greedy|2024|7000|all,20 chosen for continuity,2024,gas,ammonia,operating,1.0,0.0,1035,146,0.07463859191165194,0.07497307395512867,0.26150716642631233,0.2616912392494497,,,,,,,,,,,,,,,0.9442766737413442,0.011975938302127448,0.053153158880484115,0.12270531400966184,0.4061397377605695,0.41932367149758454
greedy|2024|7000|all,20 chosen for continuity,2024,gas,ammonia,operating,1.0,0.1,1035,146,0.06317735419392041,0.06336186132576657,0.2421965744094416,0.242364921726104,,,,,,,,,,,,,,,0.9442766737413442,0.011975938302127448,0.03798632190494106,0.09565217391304348,0.3753641079035763,0.38164251207729466
greedy|2024|7000|all,20 chosen for continuity,2024,gas,ammonia,operating,1.5,0.0,1035,146,0.1401582362769494,0.14087022341616737,0.34034479086775754,0.34061184676108247,,,,,,,,,,,,,,,0.9442766737413442,0.011975938302127448,0.12530411378312106,0.24444444444444444,0.5412460340169988,0.5246376811594203
greedy|2024|7000|all,20 chosen for continuity,2024,gas,ammonia,operating,1.5,0.1,1035,146,0.11980493175508543,0.12045831281155585,0.3195041155115481,0.31975682514470616,,,,,,,,,,,,,,,0.9442766737413442,0.011975938302127448,0.09762429489118714,0.19516908212560385,0.5059455062501262,0.5024154589371981
greedy|2024|7000|all,20 chosen for continuity,2024,gas,ammonia,operating,2.0,0.0,1035,146,0.19382866689992118,0.19484897183014083,0.39920237424530847,0.39959480502364625,,,,,,,,,,,,,,,0.9442766737413442,0.011975938302127448,0.21228012936495683,0.36231884057971014,0.6577398613445429,0.5623188405797102
greedy|2024|7000|all,20 chosen for continuity,2024,gas,ammonia,operating,2.0,0.1,1035,146,0.1722409426907233,0.1730770121092081,0.37739355595773344,0.37771677880564014,,,,,,,,,,,,,,,0.9442766737413442,0.011975938302127448,0.1770926249102769,0.31980676328502416,0.6100351669619629,0.5439613526570048
greedy|2024|7000|all,20 chosen for continuity,2024,general,methanol,service,1.0,0.0,1886,557,0.19906868615854545,0.20057881795457108,0.49635138625020486,0.4983588210995868,,,0.37671071951238944,0.37796532710434894,,,,,0.3725830606886714,0.3737820643197972,,,,,0.9060740622018186,0.05485183206382561,0.12337788047557,0.16542948038176034,0.5120694430644894,0.513255567338282
greedy|2024|7000|all,20 chosen for continuity,2024,general,methanol,service,1.0,0.1,1886,557,0.17433420304866648,0.17569065710292642,0.4649961052006024,0.46688947442838286,,,,,,,,,,,,,,,0.9060740622018186,0.05485183206382561,0.10185154902559473,0.13043478260869565,0.46943471121376346,0.4692470837751856
greedy|2024|7000|all,20 chosen for continuity,2024,general,methanol,service,1.5,0.0,1886,557,0.3261982002771969,0.32902981455853253,0.6165933299446179,0.6192812993395288,,,0.49104841735064975,0.4931833846673144,,,,,0.48641964437235796,0.48845999035896054,,,,,0.9060740622018186,0.05485183206382561,0.2551337112971185,0.3107104984093319,0.6691952661138865,0.6648992576882291
greedy|2024|7000|all,20 chosen for continuity,2024,general,methanol,service,1.5,0.1,1886,557,0.2942241307641932,0.2966673653592497,0.5856342806363157,0.5881285162798984,,,,,,,,,,,,,,,0.9060740622018186,0.05485183206382561,0.21205201974669777,0.2767762460233298,0.6233569980845186,0.633085896076352
greedy|2024|7000|all,20 chosen for continuity,2024,general,methanol,service,2.0,0.0,1886,557,0.44035779342621906,0.443882437007117,0.6970120586497827,0.7005300375380765,,,0.5854369960383022,0.5884515445113861,,,,,0.5801715820808692,0.5830525263606556,,,,,0.9060740622018186,0.05485183206382561,0.38516839296766425,0.42152704135737007,0.796981563437011,0.7332979851537645
greedy|2024|7000|all,20 chosen for continuity,2024,general,methanol,service,2.0,0.1,1886,557,0.3925289570361626,0.39573022158016186,0.6684993461887118,0.6717143392048204,,,,,,,,,,,,,,,0.9060740622018186,0.05485183206382561,0.3264353338663059,0.3828207847295864,0.7481851052423178,0.7083775185577943
greedy|2024|7000|all,20 chosen for continuity,2024,general,methanol,operating,1.0,0.0,1886,557,0.21122999809800763,0.2126165021595488,0.504915853778139,0.5062263989648245,0.5033974980662083,0.5043543138024749,0.38112385217762634,0.38220118416651655,0.38108983444631855,0.3821460529908749,0.5366665669721473,0.5391198519507513,0.3767130633693789,0.37774264821717174,0.3768565708778633,0.37786597802500765,0.5249215515792657,0.5272986890916227,0.9060740622018186,0.05485183206382561,0.13790215892368046,0.17391304347826086,0.5310678629735075,0.5254506892895016
greedy|2024|7000|all,20 chosen for continuity,2024,general,methanol,operating,1.0,0.1,1886,557,0.1820607318497817,0.18341113317543575,0.4738724663745595,0.47506206888534386,,,,,,,,,,,,,,,0.9060740622018186,0.05485183206382561,0.10960820623202001,0.14262990455991517,0.4940016387577036,0.49045599151643693
greedy|2024|7000|all,20 chosen for continuity,2024,general,methanol,operating,1.5,0.0,1886,557,0.3409222895913746,0.3429805924994282,0.6245440915646172,0.6264939555363396,0.62295791663791,0.6246838961511074,0.49545582578035563,0.4973933993925884,0.4960699184813683,0.49818871434446654,0.6440014540595361,0.6475478510565135,0.4903422602574781,0.49219396098966667,0.4907699496553254,0.49279484090399156,0.6310096947565061,0.6344243005200387,0.9060740622018186,0.05485183206382561,0.2705775297956602,0.3207847295864263,0.6935481864647763,0.6633085896076352
greedy|2024|7000|all,20 chosen for continuity,2024,general,methanol,operating,1.5,0.1,1886,557,0.30488554898985326,0.30673030637102877,0.5941678021463778,0.5959368798912161,,,,,,,,,,,,,,,0.9060740622018186,0.05485183206382561,0.2240791926782612,0.2815482502651113,0.6537952919477796,0.6405090137857901
greedy|2024|7000|all,20 chosen for continuity,2024,general,methanol,operating,2.0,0.0,1886,557,0.4562323447142866,0.4598330482842753,0.7021769659868339,0.704804518154226,0.6996374832837311,0.7021171735524454,0.585880882762858,0.5887803616217587,0.5845468468784709,0.5876606781814486,0.7121698815328404,0.7172133439507433,0.5802533787815586,0.5830243533097492,0.5788724951278159,0.5818483220420723,0.699230737668577,0.7039516935154622,0.9060740622018186,0.05485183206382561,0.42858887634783915,0.4501590668080594,0.8174116056642238,0.7327677624602333
greedy|2024|7000|all,20 chosen for continuity,2024,general,methanol,operating,2.0,0.1,1886,557,0.4109686167340372,0.4143947472533157,0.6748241409716179,0.677147724594354,,,,,,,,,,,,,,,0.9060740622018186,0.05485183206382561,0.3614062501482963,0.3987274655355249,0.7761885995502351,0.7036055143160127
greedy|2024|7000|all,20 chosen for continuity,2024,general,ammonia,service,1.0,0.0,1886,557,0.15485820810300638,0.1560732195700577,0.43310280572867943,0.4347455123336005,,,,,,,,,,,,,,,0.9060740622018186,0.05485183206382561,0.08839296796852247,0.10869565217391304,0.4337351855525703,0.42152704135737007
greedy|2024|7000|all,20 chosen for continuity,2024,general,ammonia,service,1.0,0.1,1886,557,0.13406875190577747,0.13504719072792723,0.404273611839024,0.40571693147761695,,,,,,,,,,,,,,,0.9060740622018186,0.05485183206382561,0.07308810629010007,0.08536585365853659,0.40069832496569047,0.37645811240721105
greedy|2024|7000|all,20 chosen for continuity,2024,general,ammonia,service,1.5,0.0,1886,557,0.2584673364712118,0.26070623730002856,0.5527061779229053,0.5550032487512009,,,,,,,,,,,,,,,0.9060740622018186,0.05485183206382561,0.17963043754993427,0.22905620360551432,0.579921691329969,0.5954400848356309
greedy|2024|7000|all,20 chosen for continuity,2024,general,ammonia,service,1.5,0.1,1886,557,0.22508737486115604,0.2269994391815255,0.5214008888722502,0.5235219760350251,,,,,,,,,,,,,,,0.9060740622018186,0.05485183206382561,0.14876108242147948,0.1919406150583245,0.539975659080048,0.5556733828207847
greedy|2024|7000|all,20 chosen for continuity,2024,general,ammonia,service,2.0,0.0,1886,557,0.3505838264914574,0.35361825773664923,0.6370756344465074,0.639957061984948,,,,,,,,,,,,,,,0.9060740622018186,0.05485183206382561,0.27677849432014634,0.33775185577942735,0.7000663897819668,0.6781548250265111
greedy|2024|7000|all,20 chosen for continuity,2024,general,ammonia,service,2.0,0.1,1886,557,0.31478530593720483,0.3173972833658337,0.6063792503883744,0.6089920092537843,,,,,,,,,,,,,,,0.9060740622018186,0.05485183206382561,0.2349697927210283,0.2990455991516437,0.6543194243675763,0.6548250265111347
greedy|2024|7000|all,20 chosen for continuity,2024,general,ammonia,operating,1.0,0.0,1886,557,0.1573873100172368,0.15865219005630887,0.44131633975772266,0.4422503815422503,,,,,,,,,,,,,,,0.9060740622018186,0.05485183206382561,0.08981366372864355,0.11081654294803818,0.44887181816611,0.4411452810180276
greedy|2024|7000|all,20 chosen for continuity,2024,general,ammonia,operating,1.0,0.1,1886,557,0.13732876100986585,0.13846638777267722,0.41178580475248555,0.4125987188942853,,,,,,,,,,,,,,,0.9060740622018186,0.05485183206382561,0.0738572241804441,0.08907741251325557,0.41295198082358486,0.39819724284199365
greedy|2024|7000|all,20 chosen for continuity,2024,general,ammonia,operating,1.5,0.0,1886,557,0.2657961752506341,0.26733320086030415,0.5611770975122758,0.562742830732883,,,,,,,,,,,,,,,0.9060740622018186,0.05485183206382561,0.18462768894762016,0.24443266171792152,0.6052950228694906,0.6055143160127253
greedy|2024|7000|all,20 chosen for continuity,2024,general,ammonia,operating,1.5,0.1,1886,557,0.23467278603269748,0.23608659134484117,0.5297970889732769,0.5312179127184651,,,,,,,,,,,,,,,0.9060740622018186,0.05485183206382561,0.155910931633226,0.20413573700954402,0.5620248168224078,0.5657476139978791
greedy|2024|7000|all,20 chosen for continuity,2024,general,ammonia,operating,2.0,0.0,1886,557,0.36704000414197235,0.36955802968840606,0.6443277859128254,0.6464126452677005,,,,,,,,,,,,,,,0.9060740622018186,0.05485183206382561,0.3008100469762005,0.3462354188759279,0.7234777372699712,0.679745493107105
greedy|2024|7000|all,20 chosen for continuity,2024,general,ammonia,operating,2.0,0.1,1886,557,0.330721068293503,0.33268906201549564,0.6145661902521334,0.6164581663268573,,,,,,,,,,,,,,,0.9060740622018186,0.05485183206382561,0.2587585751734522,0.3091198303287381,0.6793661663635425,0.6580063626723224
greedy|2024|7000|all,20 chosen for continuity,2024,roro,methanol,service,1.0,0.0,538,158,0.2889166443389305,0.29008230870407964,0.6429237964955815,0.6439886926390537,,,0.4728622899993107,0.4733561440291788,,,,,0.4766685539920367,0.4771553697752929,,,,,0.9569110128110274,0.02855153029266959,0.2275913996477186,0.20631970260223048,0.7073891567287746,0.7397769516728625
greedy|2024|7000|all,20 chosen for continuity,2024,roro,methanol,service,1.0,0.1,538,158,0.23909974399986772,0.23995646509010468,0.6046736645631146,0.605683437958873,,,,,,,,,,,,,,,0.9569110128110274,0.02855153029266959,0.19444470098585134,0.1449814126394052,0.6600238299035202,0.6988847583643123
greedy|2024|7000|all,20 chosen for continuity,2024,roro,methanol,service,1.5,0.0,538,158,0.5109554707924698,0.5137063914280338,0.7699073544094828,0.7711770582937163,,,0.6275159743549839,0.6284803829218238,,,,,0.6297845111335516,0.6307351752639435,,,,,0.9569110128110274,0.02855153029266959,0.507641547339949,0.5111524163568774,0.8619862952732209,0.8122676579925651
greedy|2024|7000|all,20 chosen for continuity,2024,roro,methanol,service,1.5,0.1,538,158,0.4503335218091385,0.4526365721338852,0.7415273087258885,0.7427217716365476,,,,,,,,,,,,,,,0.9569110128110274,0.02855153029266959,0.4375461357889686,0.42936802973977695,0.8271857690150497,0.7862453531598513
greedy|2024|7000|all,20 chosen for continuity,2024,roro,methanol,service,2.0,0.0,538,158,0.649658073438321,0.6537598240902884,0.833937659285011,0.8355189036085975,,,0.7185706326366672,0.7204487208672339,,,,,0.7200302335827813,0.7218815559122391,,,,,0.9569110128110274,0.02855153029266959,0.7245967722732247,0.6635687732342007,0.9522806711039649,0.845724907063197
greedy|2024|7000|all,20 chosen for continuity,2024,roro,methanol,service,2.0,0.1,538,158,0.5903633026370081,0.5935164821423576,0.8129936971517755,0.8144408310275966,,,,,,,,,,,,,,,0.9569110128110274,0.02855153029266959,0.6273109035379687,0.6059479553903345,0.9222188012461755,0.8271375464684015
greedy|2024|7000|all,20 chosen for continuity,2024,roro,methanol,operating,1.0,0.0,538,158,0.21832298476766965,0.21909788117734844,0.5761700029280327,0.5769444126926243,0.5692947265695165,0.5699114902489811,0.4131324249337505,0.4133791660400307,0.4079788775337856,0.40834659704595216,0.5671733272733834,0.5675900718149709,0.4174806757344291,0.4177239003669129,0.411994190393502,0.41235666928707654,0.568008242053751,0.5684190472881454,0.9569110128110274,0.02855153029266959,0.16860282585649466,0.13568773234200743,0.6176055233198586,0.6858736059479554
greedy|2024|7000|all,20 chosen for continuity,2024,roro,methanol,operating,1.0,0.1,538,158,0.1902707994918999,0.19104569590157866,0.5385152935482811,0.539217845971312,,,,,,,,,,,,,,,0.9569110128110274,0.02855153029266959,0.13475605960878673,0.10594795539033457,0.5700805859062181,0.6189591078066915
greedy|2024|7000|all,20 chosen for continuity,2024,roro,methanol,operating,1.5,0.0,538,158,0.4003420551763758,0.4028134175881957,0.7177334014101147,0.7187412370751558,0.7085896456843692,0.7094792997764923,0.5555575146132207,0.5561615570500716,0.53997018163043,0.5407544312789855,0.6924428541958441,0.6935468296655797,0.5583113856839342,0.558906819504924,0.5426393284335075,0.5434124012117776,0.6924961919071769,0.6935844338784704,0.9569110128110274,0.02855153029266959,0.375682974279415,0.3587360594795539,0.8045484102113039,0.7843866171003717
greedy|2024|7000|all,20 chosen for continuity,2024,roro,methanol,operating,1.5,0.1,538,158,0.3419598278736155,0.34371117547790647,0.6830931958035487,0.6839936558241807,,,,,,,,,,,,,,,0.9569110128110274,0.02855153029266959,0.297263222815106,0.28810408921933084,0.7556965361463903,0.7695167286245354
greedy|2024|7000|all,20 chosen for continuity,2024,roro,methanol,operating,2.0,0.0,538,158,0.5630045214145496,0.5658493806771141,0.7974334580015024,0.7987373970999998,0.7926111839822467,0.7938095504865438,0.6669280508957349,0.6679095484203739,0.6543337066536432,0.6554919048951261,0.7662743762158315,0.7684628707133746,0.6687847651748742,0.6697522747168105,0.6560462508829876,0.657187942860765,0.7663313459595495,0.7684886507470752,0.9569110128110274,0.02855153029266959,0.604570292758226,0.5836431226765799,0.9057226750668501,0.8308550185873605
greedy|2024|7000|all,20 chosen for continuity,2024,roro,methanol,operating,2.0,0.1,538,158,0.49947836812440166,0.5023232273869661,0.7713723580080563,0.7725725541055424,,,,,,,,,,,,,,,0.9569110128110274,0.02855153029266959,0.5073039006333995,0.5130111524163569,0.8729135019295831,0.8159851301115242
greedy|2024|7000|all,20 chosen for continuity,2024,roro,ammonia,service,1.0,0.0,538,158,0.20220905068945103,0.20306577177968801,0.5635375576530323,0.5644897198705597,,,,,,,,,,,,,,,0.9569110128110274,0.02855153029266959,0.14501956861604198,0.10223048327137546,0.6046013796537693,0.6635687732342007
greedy|2024|7000|all,20 chosen for continuity,2024,roro,ammonia,service,1.0,0.1,538,158,0.17476181171219435,0.1752841430367511,0.5254714385703442,0.5263712391078665,,,,,,,,,,,,,,,0.9569110128110274,0.02855153029266959,0.12305405424341481,0.08736059479553904,0.5566413641773363,0.5947955390334573
greedy|2024|7000|all,20 chosen for continuity,2024,roro,ammonia,service,1.5,0.0,538,158,0.3826242474606062,0.3840779297392269,0.7076748563520547,0.7088120320341473,,,,,,,,,,,,,,,0.9569110128110274,0.02855153029266959,0.3595656764069576,0.32342007434944237,0.7854504717229922,0.7732342007434945
greedy|2024|7000|all,20 chosen for continuity,2024,roro,ammonia,service,1.5,0.1,538,158,0.3273253648562466,0.3285220538341377,0.6721765961909364,0.6732718333491231,,,,,,,,,,,,,,,0.9569110128110274,0.02855153029266959,0.28208364891383275,0.24721189591078066,0.7400728857424319,0.7620817843866171
greedy|2024|7000|all,20 chosen for continuity,2024,roro,ammonia,service,2.0,0.0,538,158,0.5459826042978739,0.5491357838032235,0.7873234222315447,0.788656021900728,,,,,,,,,,,,,,,0.9569110128110274,0.02855153029266959,0.5539227064465484,0.550185873605948,0.8853215641712173,0.8197026022304833
greedy|2024|7000|all,20 chosen for continuity,2024,roro,ammonia,service,2.0,0.1,538,158,0.49032497904651823,0.4930758996820821,0.7609552260574902,0.7621918254474278,,,,,,,,,,,,,,,0.9569110128110274,0.02855153029266959,0.49235256012442485,0.4944237918215613,0.849649964830095,0.8029739776951673
greedy|2024|7000|all,20 chosen for continuity,2024,roro,ammonia,operating,1.0,0.0,538,158,0.16227495965243383,0.16295679045725486,0.5000459806624179,0.5006862437190044,,,,,,,,,,,,,,,0.9569110128110274,0.02855153029266959,0.11463368594099743,0.08550185873605948,0.5273759516775678,0.5520446096654275
greedy|2024|7000|all,20 chosen for continuity,2024,roro,ammonia,operating,1.0,0.1,538,158,0.14448097424314976,0.1451628050479708,0.46514169587126886,0.46572997186467985,,,,,,,,,,,,,,,0.9569110128110274,0.02855153029266959,0.09961014692796331,0.07434944237918216,0.4866089066255853,0.47026022304832715
greedy|2024|7000|all,20 chosen for continuity,2024,roro,ammonia,operating,1.5,0.0,538,158,0.29206426474278224,0.29346468041934304,0.6443741888544973,0.6452303867206578,,,,,,,,,,,,,,,0.9569110128110274,0.02855153029266959,0.23943651292931978,0.22862453531598512,0.7052470067571228,0.7453531598513011
greedy|2024|7000|all,20 chosen for continuity,2024,roro,ammonia,operating,1.5,0.1,538,158,0.24914595695098932,0.250095743646084,0.6062867106765653,0.607110890800596,,,,,,,,,,,,,,,0.9569110128110274,0.02855153029266959,0.19472801823064356,0.17657992565055763,0.655826214064493,0.7230483271375465
greedy|2024|7000|all,20 chosen for continuity,2024,roro,ammonia,operating,2.0,0.0,538,158,0.43442486729703217,0.4368962297088521,0.739501957309592,0.740575724503245,,,,,,,,,,,,,,,0.9569110128110274,0.02855153029266959,0.41172467278868174,0.4107806691449814,0.8365179661344918,0.8011152416356877
greedy|2024|7000|all,20 chosen for continuity,2024,roro,ammonia,operating,2.0,0.1,538,158,0.3798291376818613,0.38185262978286405,0.7066248718622113,0.707602538530615,,,,,,,,,,,,,,,0.9569110128110274,0.02855153029266959,0.35231885306013544,0.3271375464684015,0.7890141445734413,0.7843866171003717
greedy|2019|7000|all,20 chosen for continuity on 2019,2024,all,methanol,service,1.0,0.0,19981,3054,0.2767628517104953,0.2788443998433315,0.6015228908046552,0.6025795073043326,,,0.5185901309492487,0.5196644490000447,,,,,0.517514703517694,0.5185728281801115,,,,,0.9535444211424,0.05689337453937498,0.19159966476427623,0.22816675842049947,0.6264085883719421,0.6575246484159952
greedy|2019|7000|all,20 chosen for continuity on 2019,2024,all,methanol,service,1.0,0.1,19981,3054,0.2418632151599911,0.2436190915861079,0.5670788897845449,0.5680498838446331,,,,,,,,,,,,,,,0.9535444211424,0.05689337453937498,0.16098739828593156,0.19068114708973524,0.582434094408719,0.6097292427806416
greedy|2019|7000|all,20 chosen for continuity on 2019,2024,all,methanol,service,1.5,0.0,19981,3054,0.4446217154764954,0.4481148178787369,0.7271037848427101,0.7285658909988935,,,0.6486090068990937,0.6501933536003505,,,,,0.6466845756384484,0.6482452662125359,,,,,0.9535444211424,0.05689337453937498,0.37994075399525556,0.40783744557329465,0.803766932528187,0.7844452229618137
greedy|2019|7000|all,20 chosen for continuity on 2019,2024,all,methanol,service,1.5,0.1,19981,3054,0.3952421107565164,0.39831786509178524,0.6964780094671028,0.6978292117677283,,,,,,,,,,,,,,,0.9535444211424,0.05689337453937498,0.3161452353519664,0.35393623942745606,0.7579037917296501,0.7593714028326911
greedy|2019|7000|all,20 chosen for continuity on 2019,2024,all,methanol,service,2.0,0.0,19981,3054,0.5786779270649663,0.583138196026685,0.7997885110418775,0.8016214413262962,,,0.7302403148592809,0.7322599418451948,,,,,0.7279370247588182,0.7299227278967075,,,,,0.9535444211424,0.05689337453937498,0.5745981925510761,0.5506731394825084,0.9215849132297572,0.8326910565036785
greedy|2019|7000|all,20 chosen for continuity on 2019,2024,all,methanol,service,2.0,0.1,19981,3054,0.5253776949296994,0.5293742418660085,0.7752384681309762,0.7769223007119729,,,,,,,,,,,,,,,0.9535444211424,0.05689337453937498,0.492216733865288,0.4940693658976027,0.8811349951277502,0.8176767929533056
greedy|2019|7000|all,20 chosen for continuity on 2019,2024,all,methanol,operating,1.0,0.0,19981,3054,0.3251136069028005,0.3273654642846441,0.6304085602121401,0.6313413743156788,0.6259196322410953,0.626791005179681,0.540738384698899,0.5419019415368593,0.5371035846538447,0.5382122238670587,0.6732001434201134,0.6754909231722346,0.5390903859787981,0.5402351654644378,0.5355698393034106,0.5366660437377867,0.6689301408726379,0.6711744270966558,0.9535444211424,0.05689337453937498,0.21739780838744227,0.2567439067113758,0.6569825462124731,0.6797958060157149
greedy|2019|7000|all,20 chosen for continuity on 2019,2024,all,methanol,operating,1.0,0.1,19981,3054,0.28951659668346263,0.29141108661538534,0.598007765241744,0.5988603288490314,,,,,,,,,,,,,,,0.9535444211424,0.05689337453937498,0.17868538931466735,0.22045943646464142,0.6132367615959752,0.6390571042490366
greedy|2019|7000|all,20 chosen for continuity on 2019,2024,all,methanol,operating,1.5,0.0,19981,3054,0.4905758628825027,0.493924345941813,0.7447855023755375,0.7460988802977138,0.7414438475773502,0.7427185632542506,0.6545889147568941,0.6562616766429297,0.6514484648389669,0.6531492572977089,0.7670124455103688,0.7701229786233806,0.6525253137616772,0.6541723339162359,0.6495128586635789,0.651187248184476,0.762812510944506,0.7658472253805192,0.9535444211424,0.05689337453937498,0.4237807961005915,0.4427706321004955,0.8332835217723947,0.7906010710174666
greedy|2019|7000|all,20 chosen for continuity on 2019,2024,all,methanol,operating,1.5,0.1,19981,3054,0.4437041822213749,0.44668937925741947,0.7173212226426535,0.7185127082838005,,,,,,,,,,,,,,,0.9535444211424,0.05689337453937498,0.3575136046137406,0.3904208998548621,0.78843779682605,0.7701316250437916
greedy|2019|7000|all,20 chosen for continuity on 2019,2024,all,methanol,operating,2.0,0.0,19981,3054,0.623872228998407,0.6281616545533114,0.8073926782295902,0.8090571894135017,0.8055392619940777,0.8071795575033774,0.7299545606227404,0.7321798991440186,0.7265711194927906,0.7288618389922104,0.818290278328288,0.8220552716356064,0.7275873963980687,0.7297739585919055,0.7243754653607445,0.726625866276718,0.8141224341704116,0.8177868791118368,0.9535444211424,0.05689337453937498,0.639608215070358,0.5860567539162204,0.9473971806410934,0.8331414844101896
greedy|2019|7000|all,20 chosen for continuity on 2019,2024,all,methanol,operating,2.0,0.1,19981,3054,0.5760488071273066,0.5799357574319979,0.78683504235232,0.7883591599814128,,,,,,,,,,,,,,,0.9535444211424,0.05689337453937498,0.5538398437114389,0.535408638206296,0.9076649144307065,0.818577648766328
greedy|2019|7000|all,20 chosen for continuity on 2019,2024,all,ammonia,service,1.0,0.0,19981,3054,0.2124238524964233,0.21395549643385944,0.5309032436006361,0.5317590558392962,,,,,,,,,,,,,,,0.9535444211424,0.05689337453937498,0.13581678566261104,0.15950152645012763,0.5375540898225523,0.5546769430959412
greedy|2019|7000|all,20 chosen for continuity on 2019,2024,all,ammonia,service,1.0,0.1,19981,3054,0.18568206133760382,0.1868982466447921,0.49753358071920795,0.4983130232016407,,,,,,,,,,,,,,,0.9535444211424,0.05689337453937498,0.11539179989584054,0.1331264701466393,0.49855257592809304,0.4976227416045243
greedy|2019|7000|all,20 chosen for continuity on 2019,2024,all,ammonia,service,1.5,0.0,19981,3054,0.3464192229012373,0.3491146600953001,0.6622539364986728,0.6634879807588964,,,,,,,,,,,,,,,0.9535444211424,0.05689337453937498,0.2662411035418582,0.30173664981732645,0.70894763855831,0.7266403082928783
greedy|2019|7000|all,20 chosen for continuity on 2019,2024,all,ammonia,service,1.5,0.1,19981,3054,0.3061085678004345,0.30847299215310664,0.6285410815921902,0.6296721829538401,,,,,,,,,,,,,,,0.9535444211424,0.05689337453937498,0.22296788872880868,0.2587958560632601,0.6626998732695448,0.690806265952655
greedy|2019|7000|all,20 chosen for continuity on 2019,2024,all,ammonia,service,2.0,0.0,19981,3054,0.47569143371306133,0.4794492854674544,0.7464138914961607,0.7479644927977898,,,,,,,,,,,,,,,0.9535444211424,0.05689337453937498,0.420836416206853,0.4398678744807567,0.833465419250793,0.7982583454281568
greedy|2019|7000|all,20 chosen for continuity on 2019,2024,all,ammonia,service,2.0,0.1,19981,3054,0.42731358395934493,0.43068002680739265,0.7172712168337039,0.7186954092521719,,,,,,,,,,,,,,,0.9535444211424,0.05689337453937498,0.3589443258102567,0.3881187127771383,0.7886956930946981,0.7765877583704519
greedy|2019|7000|all,20 chosen for continuity on 2019,2024,all,ammonia,operating,1.0,0.0,19981,3054,0.2547463376801731,0.2563338529572353,0.5634497275631035,0.5642086619232516,,,,,,,,,,,,,,,0.9535444211424,0.05689337453937498,0.14809154675963188,0.18517591712126522,0.5669607573066967,0.5894599869876382
greedy|2019|7000|all,20 chosen for continuity on 2019,2024,all,ammonia,operating,1.0,0.1,19981,3054,0.22277859426304342,0.2240841227477707,0.5308040359113667,0.5314823573597154,,,,,,,,,,,,,,,0.9535444211424,0.05689337453937498,0.12481472682876776,0.15634853110454933,0.5253135105737935,0.5346579250287773
greedy|2019|7000|all,20 chosen for continuity on 2019,2024,all,ammonia,operating,1.5,0.0,19981,3054,0.3977741875945545,0.40044713839832236,0.6861567166922353,0.6872430014501005,,,,,,,,,,,,,,,0.9535444211424,0.05689337453937498,0.2996561150922541,0.33702016916070265,0.7397581384376055,0.7421550472949302
greedy|2019|7000|all,20 chosen for continuity on 2019,2024,all,ammonia,operating,1.5,0.1,19981,3054,0.35613701410729265,0.35855673788899756,0.65545884747761,0.6564575243597331,,,,,,,,,,,,,,,0.9535444211424,0.05689337453937498,0.25005405434925165,0.2897252389770282,0.693634574001349,0.7084230018517592
greedy|2019|7000|all,20 chosen for continuity on 2019,2024,all,ammonia,operating,2.0,0.0,19981,3054,0.5236678630518549,0.5271716338684757,0.7620235231697929,0.7634123283233143,,,,,,,,,,,,,,,0.9535444211424,0.05689337453937498,0.46986598361016485,0.4772533907211851,0.8620517540494931,0.8021120064060858
greedy|2019|7000|all,20 chosen for continuity on 2019,2024,all,ammonia,operating,2.0,0.1,19981,3054,0.47510592035150323,0.478320062940415,0.7359285062809782,0.7372023255980803,,,,,,,,,,,,,,,0.9535444211424,0.05689337453937498,0.4019127694997715,0.42600470446924577,0.8189090225431668,0.78429508032631
greedy|2019|7000|all,20 chosen for continuity on 2019,2024,container,methanol,service,1.0,0.0,2926,858,0.3860335679186706,0.3873279287388765,0.6932025969470924,0.6937435290655118,,,0.6359329081674768,0.6367458364409004,,,,,0.6351799112727018,0.6359812570477267,,,,,0.9444765412099474,0.12613208986961658,0.28920578225951354,0.38072453861927547,0.74688213288227,0.6999316473000684
greedy|2019|7000|all,20 chosen for continuity on 2019,2024,container,methanol,service,1.0,0.1,2926,858,0.3345605631001443,0.3356078036798454,0.6591255029248861,0.6596077175518531,,,,,,,,,,,,,,,0.9444765412099474,0.12613208986961658,0.22976350077805638,0.3257006151742994,0.6973966380634157,0.6695146958304853
greedy|2019|7000|all,20 chosen for continuity on 2019,2024,container,methanol,service,1.5,0.0,2926,858,0.5886420400011287,0.5911715958949576,0.8042208092098487,0.8050069580140029,,,0.7524768287542942,0.7535794573703841,,,,,0.7503788305887388,0.7514657490928817,,,,,0.9444765412099474,0.12613208986961658,0.6380485786276451,0.5557074504442926,0.9178281371606312,0.7747778537252221
greedy|2019|7000|all,20 chosen for continuity on 2019,2024,container,methanol,service,1.5,0.1,2926,858,0.5301358466698952,0.5323390814935648,0.7794284894903275,0.7801687639763134,,,,,,,,,,,,,,,0.9444765412099474,0.12613208986961658,0.5156996965640218,0.5078605604921395,0.8824199282755769,0.7614490772385509
greedy|2019|7000|all,20 chosen for continuity on 2019,2024,container,methanol,service,2.0,0.0,2926,858,0.7016516750564282,0.7046413019402031,0.8567452346570869,0.857706524002752,,,0.8057373069447112,0.8070955592954462,,,,,0.8031337275219804,0.8044726276663868,,,,,0.9444765412099474,0.12613208986961658,0.8458374428676324,0.6414900888585099,0.9972521532005839,0.7993848257006152
greedy|2019|7000|all,20 chosen for continuity on 2019,2024,container,methanol,service,2.0,0.1,2926,858,0.6622884278112587,0.6650234455746453,0.8395233531021672,0.8404096433282284,,,,,,,,,,,,,,,0.9444765412099474,0.12613208986961658,0.7769170197335928,0.614149008885851,0.9719540772367908,0.7915242652084757
greedy|2019|7000|all,20 chosen for continuity on 2019,2024,container,methanol,operating,1.0,0.0,2926,858,0.519702329096804,0.5219146914831638,0.7707810879236237,0.771380468983203,0.7649473896107832,0.7654975385589811,0.7164759952079347,0.717544669107339,0.7079284951911214,0.7089416698621124,0.7856117073879929,0.7878743895805069,0.7144063766296863,0.7154598241996183,0.7058977395867502,0.7068964786741992,0.7818395361164516,0.7840699799015363,0.9444765412099474,0.12613208986961658,0.4696455933829049,0.4880382775119617,0.850367949252036,0.7433356117566644
greedy|2019|7000|all,20 chosen for continuity on 2019,2024,container,methanol,operating,1.0,0.1,2926,858,0.4711405367649763,0.4729983631317006,0.7428499163938733,0.7433941610679846,,,,,,,,,,,,,,,0.9444765412099474,0.12613208986961658,0.38968690917976556,0.44121667805878334,0.8068783303875259,0.726930963773069
greedy|2019|7000|all,20 chosen for continuity on 2019,2024,container,methanol,operating,1.5,0.0,2926,858,0.6985609281544932,0.7012071969149737,0.8518382483537854,0.8526673930610988,0.8480794211353635,0.8488994764778003,0.7953128504836334,0.7966750342614702,0.7923813066848453,0.7937516665234586,0.844506009486651,0.8476300061285679,0.7924826324460928,0.7938254080031286,0.7895819710998259,0.7909328062261668,0.840353100163887,0.8434325864999478,0.9444765412099474,0.12613208986961658,0.8242076023251765,0.6322624743677375,0.9888629367619104,0.7877648667122351
greedy|2019|7000|all,20 chosen for continuity on 2019,2024,container,methanol,operating,1.5,0.1,2926,858,0.656208007502439,0.6588326232428815,0.8349090047237365,0.8356480700981996,,,,,,,,,,,,,,,0.9444765412099474,0.12613208986961658,0.7390537080689803,0.596719070403281,0.9631410941935132,0.7812713602187287
greedy|2019|7000|all,20 chosen for continuity on 2019,2024,container,methanol,operating,2.0,0.0,2926,858,0.7975854476644958,0.8006314822582423,0.8844953019119355,0.8856238110112774,0.8826907981985469,0.8838078356855354,0.83741773805783,0.839425988779242,0.8343122941250898,0.8363365887648233,0.8735007289236556,0.8773162063028896,0.8342448117004303,0.836224449121597,0.8311756957995476,0.8331711485473331,0.8691008344698135,0.872861949413786,0.9444765412099474,0.12613208986961658,0.9414243715670791,0.7074504442925496,0.9999999999999998,0.80622009569378
greedy|2019|7000|all,20 chosen for continuity on 2019,2024,container,methanol,operating,2.0,0.1,2926,858,0.7661056992098322,0.7689656598637091,0.8745971456286383,0.8755897978002412,,,,,,,,,,,,,,,0.9444765412099474,0.12613208986961658,0.9157330020372931,0.6831852358168148,0.9999999999999997,0.797676008202324
greedy|2019|7000|all,20 chosen for continuity on 2019,2024,container,ammonia,service,1.0,0.0,2926,858,0.298154573322029,0.2991021543824472,0.6219526149643269,0.6223790300239108,,,,,,,,,,,,,,,0.9444765412099474,0.12613208986961658,0.18469693239257962,0.28400546821599454,0.6467114905008761,0.6363636363636364
greedy|2019|7000|all,20 chosen for continuity on 2019,2024,container,ammonia,service,1.0,0.1,2926,858,0.26323979220176535,0.264040022137279,0.5873764858885198,0.587754978361532,,,,,,,,,,,,,,,0.9444765412099474,0.12613208986961658,0.15876923540773388,0.2501708817498291,0.5996197750990391,0.5977443609022557
greedy|2019|7000|all,20 chosen for continuity on 2019,2024,container,ammonia,service,1.5,0.0,2926,858,0.47149903571028734,0.4733566550467533,0.7500158144838673,0.7506704873204243,,,,,,,,,,,,,,,0.9444765412099474,0.12613208986961658,0.4254274983919646,0.4600136705399863,0.8349707914860099,0.7443609022556391
greedy|2019|7000|all,20 chosen for continuity on 2019,2024,container,ammonia,service,1.5,0.1,2926,858,0.42110746968154583,0.42261397689946945,0.7189613565407442,0.7195532642224667,,,,,,,,,,,,,,,0.9444765412099474,0.12613208986961658,0.3309003219964879,0.4155844155844156,0.7903576415844558,0.7207792207792207
greedy|2019|7000|all,20 chosen for continuity on 2019,2024,container,ammonia,service,2.0,0.0,2926,858,0.6189819699118523,0.6215481342941769,0.8186413510385122,0.8194678160069694,,,,,,,,,,,,,,,0.9444765412099474,0.12613208986961658,0.691560376896334,0.5782638414217361,0.9399521626261595,0.7805878332194122
greedy|2019|7000|all,20 chosen for continuity on 2019,2024,container,ammonia,service,2.0,0.1,2926,858,0.5681429175852447,0.5705525275402085,0.7965423706647746,0.7973128042586193,,,,,,,,,,,,,,,0.9444765412099474,0.12613208986961658,0.5939998180727128,0.5403280929596719,0.9085462673554299,0.7713602187286398
greedy|2019|7000|all,20 chosen for continuity on 2019,2024,container,ammonia,operating,1.0,0.0,2926,858,0.42108906186254635,0.42254309993447037,0.7112099562414583,0.7116901975036858,,,,,,,,,,,,,,,0.9444765412099474,0.12613208986961658,0.3131872771479093,0.3923444976076555,0.7556550693958759,0.7012987012987013
greedy|2019|7000|all,20 chosen for continuity on 2019,2024,container,ammonia,operating,1.0,0.1,2926,858,0.36754440632092533,0.36861109689120036,0.6790807353548887,0.679496679338476,,,,,,,,,,,,,,,0.9444765412099474,0.12613208986961658,0.23956355110667898,0.34518113465481887,0.7057334567080052,0.6736158578263841
greedy|2019|7000|all,20 chosen for continuity on 2019,2024,container,ammonia,operating,1.5,0.0,2926,858,0.6083465073281513,0.6107980227416291,0.8135645514852153,0.8142433633211128,,,,,,,,,,,,,,,0.9444765412099474,0.12613208986961658,0.6446694264871172,0.5567327409432673,0.927177130160725,0.7699931647300068
greedy|2019|7000|all,20 chosen for continuity on 2019,2024,container,ammonia,operating,1.5,0.1,2926,858,0.5601934570830746,0.5624437346363946,0.7909869510889304,0.7916191396592822,,,,,,,,,,,,,,,0.9444765412099474,0.12613208986961658,0.5399697095723368,0.5194805194805194,0.8862167029025354,0.7566643882433356
greedy|2019|7000|all,20 chosen for continuity on 2019,2024,container,ammonia,operating,2.0,0.0,2926,858,0.7291416632332626,0.7319381823159338,0.8617584072767743,0.8626397584200056,,,,,,,,,,,,,,,0.9444765412099474,0.12613208986961658,0.8779624276236078,0.6534518113465482,0.9999999999999994,0.7915242652084757
greedy|2019|7000|all,20 chosen for continuity on 2019,2024,container,ammonia,operating,2.0,0.1,2926,858,0.6846392663185177,0.6872855350789981,0.8465383298296059,0.8473280957048266,,,,,,,,,,,,,,,0.9444765412099474,0.12613208986961658,0.7975141737379317,0.6209842788790157,0.9812153614183281,0.7870813397129187
greedy|2019|7000|all,20 chosen for continuity on 2019,2024,bulk,methanol,service,1.0,0.0,8019,1124,0.21639047680247955,0.21920677363847801,0.5794221522695024,0.5803191556894862,,,0.46349419367850325,0.4654779711797933,,,,,0.46240816143144997,0.4643639011286335,,,,,0.9647110622024807,0.013645080454702866,0.16595285092847556,0.16336201521386706,0.6028052259865143,0.6619279211871805
greedy|2019|7000|all,20 chosen for continuity on 2019,2024,bulk,methanol,service,1.0,0.1,8019,1124,0.1933326796012821,0.19575119895808665,0.5428726101639675,0.5436876087505899,,,,,,,,,,,,,,,0.9647110622024807,0.013645080454702866,0.14417117918645583,0.13542835765057987,0.5578501753159455,0.5984536725277466
greedy|2019|7000|all,20 chosen for continuity on 2019,2024,bulk,methanol,service,1.5,0.0,8019,1124,0.3543624563668677,0.35877420889263734,0.7260754865511814,0.7273770124050483,,,0.621247544758869,0.6240900576386569,,,,,0.6195629349926354,0.6223516623054662,,,,,0.9647110622024807,0.013645080454702866,0.3248610744676581,0.3328345180197032,0.7835815873122338,0.8244170096021948
greedy|2019|7000|all,20 chosen for continuity on 2019,2024,bulk,methanol,service,1.5,0.1,8019,1124,0.3102056541557439,0.31399620902654335,0.6877031666460592,0.6888639046995819,,,,,,,,,,,,,,,0.9647110622024807,0.013645080454702866,0.2729596593783247,0.2779648335203891,0.7358841999065161,0.7924928295298665
greedy|2019|7000|all,20 chosen for continuity on 2019,2024,bulk,methanol,service,2.0,0.0,8019,1124,0.5316718942705876,0.5373130682713968,0.823297961797466,0.8250186198121336,,,0.7392084446647262,0.7427383932866914,,,,,0.7368670031889291,0.7403225546179257,,,,,0.9647110622024807,0.013645080454702866,0.5163734783496445,0.512532734754957,0.9118752347126665,0.8830278089537349
greedy|2019|7000|all,20 chosen for continuity on 2019,2024,bulk,methanol,service,2.0,0.1,8019,1124,0.4484456070533254,0.4535015693185357,0.7903333262760706,0.7918727499906244,,,,,,,,,,,,,,,0.9647110622024807,0.013645080454702866,0.42869667104510645,0.43559047262750966,0.865126217549659,0.8654445691482728
greedy|2019|7000|all,20 chosen for continuity on 2019,2024,bulk,methanol,operating,1.0,0.0,8019,1124,0.2549975112629389,0.25797885324804587,0.626846051678287,0.6277989452366377,0.6190540788556016,0.6199967966005544,0.5117945667388073,0.5139143546742813,0.5113939645879629,0.5135784766311486,0.7723447870900608,0.7763736029006784,0.5105934317196293,0.512681103802634,0.5102608473619766,0.5124113029071602,0.7675569856799448,0.7714406408583749,0.9647110622024807,0.013645080454702866,0.21275902413543518,0.21187180446439705,0.6595876454499227,0.7250280583613917
greedy|2019|7000|all,20 chosen for continuity on 2019,2024,bulk,methanol,operating,1.0,0.1,8019,1124,0.22630035359870915,0.22893266148840208,0.5891559761785041,0.5900300033933549,,,,,,,,,,,,,,,0.9647110622024807,0.013645080454702866,0.17644956193440275,0.176705324853473,0.6155669265250833,0.6751465269983788
greedy|2019|7000|all,20 chosen for continuity on 2019,2024,bulk,methanol,operating,1.5,0.0,8019,1124,0.426961879527966,0.43161899173113955,0.7714954859155552,0.7728873870664126,0.7667134935384171,0.7680760736776554,0.676371719297621,0.6794892375731719,0.6736193925907382,0.6767260830831724,0.8832995870072754,0.8882928326835573,0.6745193404212321,0.6775748275469725,0.6715015146972196,0.6745464986930472,0.8790586963044591,0.88381659578543,0.9647110622024807,0.013645080454702866,0.40747591713198306,0.4160119715675271,0.842818439358017,0.8532235939643347
greedy|2019|7000|all,20 chosen for continuity on 2019,2024,bulk,methanol,operating,1.5,0.1,8019,1124,0.37043365974913744,0.37449167806237943,0.7351518465397082,0.7363902824849453,,,,,,,,,,,,,,,0.9647110622024807,0.013645080454702866,0.34482485792949064,0.3572764683875795,0.7936253834412704,0.8306522010225714
greedy|2019|7000|all,20 chosen for continuity on 2019,2024,bulk,methanol,operating,2.0,0.0,8019,1124,0.6224677696664054,0.6283860878637851,0.8547550723037671,0.8565197315669335,0.8523228914773574,0.854057601620041,0.786099864511531,0.7899629360317975,0.7825140044583493,0.7864917281581383,0.9301867267250703,0.9357654530765499,0.7835161716747329,0.7872948578617951,0.7800728196318591,0.7839627203420918,0.9266819244435432,0.9320077499280912,0.9647110622024807,0.013645080454702866,0.6405191491313444,0.6004489337822672,0.9663983129766405,0.897119341563786
greedy|2019|7000|all,20 chosen for continuity on 2019,2024,bulk,methanol,operating,2.0,0.1,8019,1124,0.5482759953454119,0.5536078514099093,0.8281162574408747,0.8297425790470638,,,,,,,,,,,,,,,0.9647110622024807,0.013645080454702866,0.5437818710108521,0.533857089412645,0.9232488177255759,0.8830278089537349
greedy|2019|7000|all,20 chosen for continuity on 2019,2024,bulk,ammonia,service,1.0,0.0,8019,1124,0.1702578175475538,0.17213576406962164,0.5054253951083817,0.5061590355343508,,,,,,,,,,,,,,,0.9647110622024807,0.013645080454702866,0.12365820688744637,0.11086170345429605,0.5152627678724891,0.5262501558797855
greedy|2019|7000|all,20 chosen for continuity on 2019,2024,bulk,ammonia,service,1.0,0.1,8019,1124,0.1482167243541461,0.14970400177885165,0.4713899659395606,0.4720511244988087,,,,,,,,,,,,,,,0.9647110622024807,0.013645080454702866,0.10486290330958982,0.08791619902731014,0.4776430854823347,0.4564160119715675
greedy|2019|7000|all,20 chosen for continuity on 2019,2024,bulk,ammonia,service,1.5,0.0,8019,1124,0.27084238298509833,0.27429673364155316,0.6469757684688682,0.6480205682950649,,,,,,,,,,,,,,,0.9647110622024807,0.013645080454702866,0.23124750161791138,0.2299538595834892,0.6839020146038778,0.7487217857588228
greedy|2019|7000|all,20 chosen for continuity on 2019,2024,bulk,ammonia,service,1.5,0.1,8019,1124,0.23957976406748627,0.24276560132832356,0.6089134658254195,0.6098734528854709,,,,,,,,,,,,,,,0.9647110622024807,0.013645080454702866,0.19487716947046463,0.19004863449307893,0.6387721851768833,0.7047013343309639
greedy|2019|7000|all,20 chosen for continuity on 2019,2024,bulk,ammonia,service,2.0,0.0,8019,1124,0.3884376956489814,0.3930372562845538,0.7515156121648348,0.7529188435634822,,,,,,,,,,,,,,,0.9647110622024807,0.013645080454702866,0.3612240838137016,0.36899862825788754,0.8158074767747846,0.8434966953485472
greedy|2019|7000|all,20 chosen for continuity on 2019,2024,bulk,ammonia,service,2.0,0.1,8019,1124,0.33842287205147553,0.3426014750979145,0.7134632813979088,0.7147209441198641,,,,,,,,,,,,,,,0.9647110622024807,0.013645080454702866,0.3051859983056543,0.31200897867564537,0.7677722745688258,0.8133183688739244
greedy|2019|7000|all,20 chosen for continuity on 2019,2024,bulk,ammonia,operating,1.0,0.0,8019,1124,0.19869690445511462,0.20094936811202985,0.5501248658116198,0.5509133393903115,,,,,,,,,,,,,,,0.9647110622024807,0.013645080454702866,0.14939266026851186,0.1441576256391071,0.5689976657090121,0.6145404663923183
greedy|2019|7000|all,20 chosen for continuity on 2019,2024,bulk,ammonia,operating,1.0,0.1,8019,1124,0.1761980729319454,0.17806924673883917,0.5144700502372866,0.5151817083530326,,,,,,,,,,,,,,,0.9647110622024807,0.013645080454702866,0.1275551235358591,0.11896745230078563,0.5276921553426382,0.5457039531113606
greedy|2019|7000|all,20 chosen for continuity on 2019,2024,bulk,ammonia,operating,1.5,0.0,8019,1124,0.3224424327806266,0.32614332089954123,0.6952343702806121,0.6963493214429063,,,,,,,,,,,,,,,0.9647110622024807,0.013645080454702866,0.289587085027945,0.29642100012470385,0.7447690695910266,0.7991021324354658
greedy|2019|7000|all,20 chosen for continuity on 2019,2024,bulk,ammonia,operating,1.5,0.1,8019,1124,0.28222488130977785,0.2854930890204099,0.6569149798965047,0.6579305560809535,,,,,,,,,,,,,,,0.9647110622024807,0.013645080454702866,0.24265044908814948,0.24653946876169097,0.6968988856720236,0.75695223843372
greedy|2019|7000|all,20 chosen for continuity on 2019,2024,bulk,ammonia,operating,2.0,0.0,8019,1124,0.4689249101070438,0.47367543952373403,0.7947075110099465,0.7961867718601001,,,,,,,,,,,,,,,0.9647110622024807,0.013645080454702866,0.4529978610296829,0.4570395311136052,0.8736490598502025,0.8656939768050879
greedy|2019|7000|all,20 chosen for continuity on 2019,2024,bulk,ammonia,operating,2.0,0.1,8019,1124,0.40808801596484073,0.41264719193322924,0.7597128582819992,0.7610641554619348,,,,,,,,,,,,,,,0.9647110622024807,0.013645080454702866,0.3845048655972513,0.39743110113480484,0.8264302972440039,0.8471131063723656
greedy|2019|7000|all,20 chosen for continuity on 2019,2024,tanker,methanol,service,1.0,0.0,5577,211,0.302511399407048,0.3050336202473782,0.6384592028496495,0.6403887904414638,,,0.5502943587337198,0.5515467410566736,,,,,0.5506361965741143,0.5518711686406257,,,,,0.9614714010244682,0.051900810549295684,0.25647814329678753,0.283306437152591,0.6813262760148847,0.7045006275775506
greedy|2019|7000|all,20 chosen for continuity on 2019,2024,tanker,methanol,service,1.0,0.1,5577,211,0.26611303546968973,0.2684096269715777,0.6020995610468713,0.6039054265205344,,,,,,,,,,,,,,,0.9614714010244682,0.051900810549295684,0.21920298780061548,0.2406311637080868,0.6376956761948335,0.6657701273085889
greedy|2019|7000|all,20 chosen for continuity on 2019,2024,tanker,methanol,service,1.5,0.0,5577,211,0.49117112169327287,0.4956325204877422,0.7688290084553988,0.7713360105139645,,,0.6932465906114331,0.6950328496535769,,,,,0.6930736376849352,0.6948442044848783,,,,,0.9614714010244682,0.051900810549295684,0.47829111691702314,0.48377263761879147,0.8469643213388016,0.8077819616281154
greedy|2019|7000|all,20 chosen for continuity on 2019,2024,tanker,methanol,service,1.5,0.1,5577,211,0.43724319916127563,0.44129499884380147,0.7379271838363199,0.7402970611068255,,,,,,,,,,,,,,,0.9614714010244682,0.051900810549295684,0.4017869156384569,0.426394118701811,0.8057863272009753,0.7859064012910166
greedy|2019|7000|all,20 chosen for continuity on 2019,2024,tanker,methanol,service,2.0,0.0,5577,211,0.6238806598263454,0.6291791738544031,0.840378566759057,0.8433591805931467,,,0.7886983509705074,0.7909186314517012,,,,,0.7880647951761696,0.7902583729247403,,,,,0.9614714010244682,0.051900810549295684,0.6632718591143989,0.6168190783575399,0.9482619384327824,0.8488434642280797
greedy|2019|7000|all,20 chosen for continuity on 2019,2024,tanker,methanol,service,2.0,0.1,5577,211,0.5773694724754906,0.5824467368470443,0.8163187776179822,0.8191174852805435,,,,,,,,,,,,,,,0.9614714010244682,0.051900810549295684,0.5912249836156481,0.5662542585619509,0.9132953943323958,0.8375470683162991
greedy|2019|7000|all,20 chosen for continuity on 2019,2024,tanker,methanol,operating,1.0,0.0,5577,211,0.309162373512181,0.31167477118989534,0.6359805416349208,0.6375236125032193,0.6366634535126461,0.638098535771675,0.5317744949272819,0.5330875299011752,0.5318572005615259,0.5330029966545956,0.6657417481792582,0.6676168934771495,0.5318909262541177,0.5331834122621437,0.5321051189179076,0.5332514703789909,0.6632620996570084,0.6651192977983709,0.9614714010244682,0.051900810549295684,0.23593003525632988,0.2608929532006455,0.6586976825408426,0.673121750044827
greedy|2019|7000|all,20 chosen for continuity on 2019,2024,tanker,methanol,operating,1.0,0.1,5577,211,0.269141676560328,0.2710516332597643,0.6003684934311787,0.6017785885460891,,,,,,,,,,,,,,,0.9614714010244682,0.051900810549295684,0.1933232041897808,0.22305899228976153,0.6140787813465163,0.6345705576474807
greedy|2019|7000|all,20 chosen for continuity on 2019,2024,tanker,methanol,operating,1.5,0.0,5577,211,0.49292376137754923,0.49698048305612635,0.7615004330955857,0.7636114704497281,0.7607622805054507,0.762818760037717,0.6712729466395546,0.6731655043812286,0.6694727633706347,0.6713716165064679,0.7862971596225712,0.7890448424619417,0.6710499684659775,0.6729241373225943,0.6696837516061332,0.671564056151948,0.7842314059857302,0.7869390066646818,0.9614714010244682,0.051900810549295684,0.4421053280812386,0.4579523041061503,0.8260806882316545,0.7898511744665591
greedy|2019|7000|all,20 chosen for continuity on 2019,2024,tanker,methanol,operating,1.5,0.1,5577,211,0.43957753207694744,0.4430634927892754,0.7316542570625658,0.7336204008596715,,,,,,,,,,,,,,,0.9614714010244682,0.051900810549295684,0.37747439562377144,0.4020082481620943,0.784545650669279,0.7663618432849202
greedy|2019|7000|all,20 chosen for continuity on 2019,2024,tanker,methanol,operating,2.0,0.0,5577,211,0.6212149056528742,0.6263313653823922,0.8305939286926758,0.8330773547316749,0.8299115925523396,0.8324116985173567,0.7639940443043882,0.7662375428309164,0.761312645820595,0.7635851343125708,0.8530551725757725,0.8562715432059778,0.7633411013578133,0.7655573081437966,0.761003662673551,0.7632481239918718,0.8508320792176557,0.8539964777619453,0.9614714010244682,0.051900810549295684,0.6259583960051949,0.5832885063654294,0.9289906100446508,0.8336022951407567
greedy|2019|7000|all,20 chosen for continuity on 2019,2024,tanker,methanol,operating,2.0,0.1,5577,211,0.5757080457326981,0.5804655271227641,0.8072638818069203,0.8096115252219,,,,,,,,,,,,,,,0.9614714010244682,0.051900810549295684,0.5585245495713259,0.5400753093060785,0.8920093603553322,0.8210507441276672
greedy|2019|7000|all,20 chosen for continuity on 2019,2024,tanker,ammonia,service,1.0,0.0,5577,211,0.2302878448865899,0.23244442926863304,0.5639118520702742,0.5654877727236248,,,,,,,,,,,,,,,0.9614714010244682,0.051900810549295684,0.17741509805586445,0.20010758472296933,0.5916971424994141,0.61843284920208
greedy|2019|7000|all,20 chosen for continuity on 2019,2024,tanker,ammonia,service,1.0,0.1,5577,211,0.19977969628231795,0.2016800312152282,0.5281700286787758,0.5296371650731144,,,,,,,,,,,,,,,0.9614714010244682,0.051900810549295684,0.14705114013960838,0.16872870719024566,0.5512116577287733,0.5660749506903353
greedy|2019|7000|all,20 chosen for continuity on 2019,2024,tanker,ammonia,service,1.5,0.0,5577,211,0.3804974742956037,0.3839745411325299,0.7022892769343446,0.7045079919932496,,,,,,,,,,,,,,,0.9614714010244682,0.051900810549295684,0.33983764944745254,0.3654294423525193,0.7587772853456608,0.7609826071364533
greedy|2019|7000|all,20 chosen for continuity on 2019,2024,tanker,ammonia,service,1.5,0.1,5577,211,0.3359192703558153,0.33884723035687514,0.6670150984557888,0.6690654406271432,,,,,,,,,,,,,,,0.9614714010244682,0.051900810549295684,0.29187711049289794,0.319885242962166,0.7161087439673127,0.7317554240631163
greedy|2019|7000|all,20 chosen for continuity on 2019,2024,tanker,ammonia,service,2.0,0.0,5577,211,0.5250704500656802,0.5299435470643715,0.7880338985383476,0.7906521680563007,,,,,,,,,,,,,,,0.9614714010244682,0.051900810549295684,0.5189110644377678,0.514434283665053,0.8739613804307812,0.8185404339250493
greedy|2019|7000|all,20 chosen for continuity on 2019,2024,tanker,ammonia,service,2.0,0.1,5577,211,0.47274657899644973,0.47715218956178446,0.758952184682836,0.7614141835465065,,,,,,,,,,,,,,,0.9614714010244682,0.051900810549295684,0.4513623315140409,0.46297292451138605,0.8335972449675374,0.8016854939931863
greedy|2019|7000|all,20 chosen for continuity on 2019,2024,tanker,ammonia,operating,1.0,0.0,5577,211,0.2327490182239772,0.23445051783922405,0.5624392775624423,0.5637021101969406,,,,,,,,,,,,,,,0.9614714010244682,0.051900810549295684,0.15604805607231695,0.18558364712210865,0.5687637423051802,0.5863367401828941
greedy|2019|7000|all,20 chosen for continuity on 2019,2024,tanker,ammonia,operating,1.0,0.1,5577,211,0.2018435654972812,0.20339894997267766,0.5270595625817853,0.528197357135202,,,,,,,,,,,,,,,0.9614714010244682,0.051900810549295684,0.12837242411724378,0.15474269320423167,0.5257324204613597,0.5346960731576116
greedy|2019|7000|all,20 chosen for continuity on 2019,2024,tanker,ammonia,operating,1.5,0.0,5577,211,0.38787318071573496,0.39078653715838907,0.6973949114887372,0.699199700609047,,,,,,,,,,,,,,,0.9614714010244682,0.051900810549295684,0.31638268314828855,0.34606419221803836,0.7392782886473965,0.7353415814954276
greedy|2019|7000|all,20 chosen for continuity on 2019,2024,tanker,ammonia,operating,1.5,0.1,5577,211,0.34146421221074386,0.3441861454237549,0.6635227099032837,0.6651770874222622,,,,,,,,,,,,,,,0.9614714010244682,0.051900810549295684,0.2665732285765924,0.2962166039089116,0.6932169109654712,0.702707548861395
greedy|2019|7000|all,20 chosen for continuity on 2019,2024,tanker,ammonia,operating,2.0,0.0,5577,211,0.5264213862586496,0.5306744977403467,0.7800526840007415,0.7822524408873792,,,,,,,,,,,,,,,0.9614714010244682,0.051900810549295684,0.4901223340212159,0.49184149184149184,0.8519228712450343,0.8024027254796485
greedy|2019|7000|all,20 chosen for continuity on 2019,2024,tanker,ammonia,operating,2.0,0.1,5577,211,0.4752541312781505,0.4789974718920187,0.7518646833825153,0.753928659501662,,,,,,,,,,,,,,,0.9614714010244682,0.051900810549295684,0.41956502750932134,0.43984220907297833,0.8123631814108032,0.7803478572709341
greedy|2019|7000|all,20 chosen for continuity on 2019,2024,gas,methanol,service,1.0,0.0,1035,146,0.10279205030216691,0.10455337525954303,0.33909171540048616,0.3395137724229903,,,0.22711829015726664,0.22723644097819695,,,,,0.2285526725279557,0.22866752857947323,,,,,0.9445374146081524,0.011094642260992648,0.07993759616674542,0.1536231884057971,0.48328303154028096,0.4927536231884058
greedy|2019|7000|all,20 chosen for continuity on 2019,2024,gas,methanol,service,1.0,0.1,1035,146,0.08654570749869588,0.08768420230227547,0.31465396878704377,0.31499721782629375,,,,,,,,,,,,,,,0.9445374146081524,0.011094642260992648,0.06583310665393716,0.12753623188405797,0.4480750238107251,0.463768115942029
greedy|2019|7000|all,20 chosen for continuity on 2019,2024,gas,methanol,service,1.5,0.0,1035,146,0.19989402993932012,0.20173732268855046,0.4350380790504439,0.4358664056427707,,,0.32360834399539506,0.3241102369803815,,,,,0.32413867262512164,0.324626569755975,,,,,0.9445374146081524,0.011094642260992648,0.20479487504823637,0.314975845410628,0.6525741301032337,0.578743961352657
greedy|2019|7000|all,20 chosen for continuity on 2019,2024,gas,methanol,service,1.5,0.1,1035,146,0.17148578646230747,0.17324711141968357,0.4101494837813943,0.41085283989674914,,,,,,,,,,,,,,,0.9445374146081524,0.011094642260992648,0.15831140676946118,0.2647342995169082,0.608339259575179,0.5642512077294686
greedy|2019|7000|all,20 chosen for continuity on 2019,2024,gas,methanol,service,2.0,0.0,1035,146,0.2783463403376445,0.2822832937863358,0.4983237908673989,0.49950835376118097,,,0.39230495849605856,0.39292106046508374,,,,,0.39240656504703925,0.3930054863151032,,,,,0.9445374146081524,0.011094642260992648,0.3573623489435787,0.4270531400966184,0.7705927147612895,0.6280193236714976
greedy|2019|7000|all,20 chosen for continuity on 2019,2024,gas,methanol,service,2.0,0.1,1035,146,0.25469861124058085,0.2572788292205795,0.4757503842021267,0.4768205401698213,,,,,,,,,,,,,,,0.9445374146081524,0.011094642260992648,0.29729204201374076,0.39516908212560387,0.7284198687314682,0.6106280193236715
greedy|2019|7000|all,20 chosen for continuity on 2019,2024,gas,methanol,operating,1.0,0.0,1035,146,0.10242417088016317,0.1030945292090072,0.30126044832968585,0.30148071622315714,0.2973703865989548,0.29762139651043507,0.18125033573375304,0.18125033573375304,0.1761851021023921,0.1761851021023921,0.30229976021268373,0.30393693740827615,0.18424957130504444,0.18424957130504444,0.17944311271509092,0.17944311271509092,0.30133493007627055,0.302926452732315,0.9445374146081524,0.011094642260992648,0.07676507135278435,0.1681159420289855,0.4696713773380964,0.4830917874396135
greedy|2019|7000|all,20 chosen for continuity on 2019,2024,gas,methanol,operating,1.0,0.1,1035,146,0.08938004736965939,0.08999589598866034,0.2808299360513061,0.28103858284682787,,,,,,,,,,,,,,,0.9445374146081524,0.011094642260992648,0.06651657224647788,0.14879227053140096,0.4399481129794369,0.44830917874396137
greedy|2019|7000|all,20 chosen for continuity on 2019,2024,gas,methanol,operating,1.5,0.0,1035,146,0.17412951632749352,0.17489848520861026,0.382939060200104,0.38328926918061945,0.38043983396133046,0.3807876041759272,0.24582822615612962,0.24589789895580377,0.23992834006762506,0.2400395326443757,0.3843488138073401,0.3861290604091134,0.24893204662125762,0.24899977651602884,0.24340022080865042,0.24350831265450534,0.38297779905673784,0.38470840146623847,0.9445374146081524,0.011094642260992648,0.1770926249102769,0.33043478260869563,0.6165979988424376,0.5507246376811594
greedy|2019|7000|all,20 chosen for continuity on 2019,2024,gas,methanol,operating,1.5,0.1,1035,146,0.15805460408857214,0.15882357296968888,0.361047869045481,0.3613517646192754,,,,,,,,,,,,,,,0.9445374146081524,0.011094642260992648,0.14679935897016905,0.28695652173913044,0.5706461009704826,0.5342995169082125
greedy|2019|7000|all,20 chosen for continuity on 2019,2024,gas,methanol,operating,2.0,0.0,1035,146,0.23395573012912488,0.2359919707774675,0.4426370102130707,0.4432626372945146,0.44138924182285166,0.4419518423356134,0.3038401782824653,0.30422758195491323,0.29990071375590094,0.30039558342637174,0.4494463245584477,0.45161024825361185,0.3066367396506752,0.3070133401330959,0.30309318952356,0.30357425919297487,0.4475032216789891,0.44960680191184593,0.9445374146081524,0.011094642260992648,0.28550698010347403,0.41932367149758454,0.736859035884304,0.5971014492753624
greedy|2019|7000|all,20 chosen for continuity on 2019,2024,gas,methanol,operating,2.0,0.1,1035,146,0.21471444268121628,0.21589005302378708,0.42095306428396423,0.4214588862278928,,,,,,,,,,,,,,,0.9445374146081524,0.011094642260992648,0.2529557789087637,0.3893719806763285,0.6972543043782511,0.5806763285024155
greedy|2019|7000|all,20 chosen for continuity on 2019,2024,gas,ammonia,service,1.0,0.0,1035,146,0.07432072446569858,0.07544480025845275,0.2902024515921913,0.2904816575179289,,,,,,,,,,,,,,,0.9445374146081524,0.011094642260992648,0.05297377268817416,0.11014492753623188,0.4095844447314437,0.4144927536231884
greedy|2019|7000|all,20 chosen for continuity on 2019,2024,gas,ammonia,service,1.0,0.1,1035,146,0.06464537767233483,0.06501725686662527,0.2682479055447255,0.2684789483544208,,,,,,,,,,,,,,,0.9445374146081524,0.011094642260992648,0.04341410683901967,0.08599033816425121,0.3805761686961066,0.3739130434782609
greedy|2019|7000|all,20 chosen for continuity on 2019,2024,gas,ammonia,service,1.5,0.0,1035,146,0.14507272960191148,0.14683405455928758,0.3838066069684101,0.38439173167991786,,,,,,,,,,,,,,,0.9445374146081524,0.011094642260992648,0.12895589139023328,0.2135265700483092,0.5623649861235488,0.5429951690821256
greedy|2019|7000|all,20 chosen for continuity on 2019,2024,gas,ammonia,service,1.5,0.1,1035,146,0.12176882601771037,0.12353015097508649,0.35866118265797586,0.3591445733793857,,,,,,,,,,,,,,,0.9445374146081524,0.011094642260992648,0.10095680444271869,0.1748792270531401,0.5174208881326922,0.5101449275362319
greedy|2019|7000|all,20 chosen for continuity on 2019,2024,gas,ammonia,service,2.0,0.0,1035,146,0.21787822196730364,0.22045843994730224,0.4512290063439976,0.4521559519728303,,,,,,,,,,,,,,,0.9445374146081524,0.011094642260992648,0.24407190661636324,0.3516908212560386,0.6778879446811107,0.5932367149758454
greedy|2019|7000|all,20 chosen for continuity on 2019,2024,gas,ammonia,service,2.0,0.1,1035,146,0.19031811333620088,0.19216140608543122,0.4270061037541336,0.42778130496755257,,,,,,,,,,,,,,,0.9445374146081524,0.011094642260992648,0.1943643550906267,0.29178743961352654,0.6394674290813751,0.5748792270531401
greedy|2019|7000|all,20 chosen for continuity on 2019,2024,gas,ammonia,operating,1.0,0.0,1035,146,0.07379423212858763,0.07415193578900028,0.259860069210174,0.2600534943431114,,,,,,,,,,,,,,,0.9445374146081524,0.011094642260992648,0.049151919922420954,0.12173913043478261,0.4027839835761399,0.4144927536231884
greedy|2019|7000|all,20 chosen for continuity on 2019,2024,gas,ammonia,operating,1.0,0.1,1035,146,0.06265266930820443,0.06279548676401249,0.24066043116735097,0.24083109881385292,,,,,,,,,,,,,,,0.9445374146081524,0.011094642260992648,0.037667970490420644,0.09758454106280193,0.36760111316029176,0.3739130434782609
greedy|2019|7000|all,20 chosen for continuity on 2019,2024,gas,ammonia,operating,1.5,0.0,1035,146,0.13673607235989282,0.13750504124100954,0.3384833050460215,0.3387626660598256,,,,,,,,,,,,,,,0.9445374146081524,0.011094642260992648,0.11656032858919023,0.242512077294686,0.5327549810464325,0.5178743961352656
greedy|2019|7000|all,20 chosen for continuity on 2019,2024,gas,ammonia,operating,1.5,0.1,1035,146,0.1173850663392482,0.11813739245994642,0.3175825722447874,0.3178475869984246,,,,,,,,,,,,,,,0.9445374146081524,0.011094642260992648,0.08953945344509245,0.19130434782608696,0.4936763445031446,0.4956521739130435
greedy|2019|7000|all,20 chosen for continuity on 2019,2024,gas,ammonia,operating,2.0,0.0,1035,146,0.1900417140727921,0.19099491846564368,0.39771796826277145,0.3981227041615885,,,,,,,,,,,,,,,0.9445374146081524,0.011094642260992648,0.20767393150417565,0.35555555555555557,0.6432526113679973,0.5603864734299517
greedy|2019|7000|all,20 chosen for continuity on 2019,2024,gas,ammonia,operating,2.0,0.1,1035,146,0.1687140414232982,0.16948301030441495,0.37572637790538044,0.3760619058737663,,,,,,,,,,,,,,,0.9445374146081524,0.011094642260992648,0.1603877956409999,0.314975845410628,0.6029711455469499,0.5420289855072464
greedy|2019|7000|all,20 chosen for continuity on 2019,2024,general,methanol,service,1.0,0.0,1886,557,0.185594516993434,0.18707423435313944,0.4849956572568725,0.4870030921062544,,,0.37786284191361386,0.3791174495055734,,,,,0.37368412125248635,0.37488312488361214,,,,,0.902748478893002,0.05152213463647223,0.11153620488408511,0.1511134676564157,0.4990904751768447,0.49893955461293743
greedy|2019|7000|all,20 chosen for continuity on 2019,2024,general,methanol,service,1.0,0.1,1886,557,0.16251488472297057,0.16372471469784414,0.4536583399203005,0.45555170914808096,,,,,,,,,,,,,,,0.902748478893002,0.05152213463647223,0.09704545330132475,0.11823966065747614,0.46085841356732177,0.4528101802757158
greedy|2019|7000|all,20 chosen for continuity on 2019,2024,general,methanol,service,1.5,0.0,1886,557,0.3108069882081261,0.3138053013611357,0.6073419040134156,0.6100356721771465,,,0.49197256644432574,0.4941075337609903,,,,,0.4873028353606162,0.48934318134721894,,,,,0.902748478893002,0.05152213463647223,0.23484342569042593,0.2953340402969247,0.6596763243411972,0.66118769883351
greedy|2019|7000|all,20 chosen for continuity on 2019,2024,general,methanol,service,1.5,0.1,1886,557,0.277119080778486,0.2796452062633149,0.5755153896621135,0.5780096253056961,,,,,,,,,,,,,,,0.902748478893002,0.05152213463647223,0.19654923248374118,0.2550371155885472,0.6165389374013484,0.630965005302227
greedy|2019|7000|all,20 chosen for continuity on 2019,2024,general,methanol,service,2.0,0.0,1886,557,0.42580074905563936,0.42956949126169947,0.6894314624438952,0.6929592847842423,,,0.585603840446912,0.588618388919996,,,,,0.5803310319782222,0.5832119762580086,,,,,0.902748478893002,0.05152213463647223,0.36800172988640856,0.41092258748674443,0.7856218125855254,0.7274655355249204
greedy|2019|7000|all,20 chosen for continuity on 2019,2024,general,methanol,service,2.0,0.1,1886,557,0.37629019708758976,0.37973556025675126,0.6602108560205334,0.6634356924886954,,,,,,,,,,,,,,,0.902748478893002,0.05152213463647223,0.3090030196637015,0.3679745493107105,0.737500494195779,0.7036055143160127
greedy|2019|7000|all,20 chosen for continuity on 2019,2024,general,methanol,operating,1.0,0.0,1886,557,0.19760470816866324,0.19884458815081807,0.49368447218565986,0.4949950173723455,0.49184185053420487,0.4927986662704713,0.3822069108938538,0.383284242882744,0.3821032849221663,0.3831595034667227,0.5371013327398391,0.5395546177184494,0.3777481211370837,0.37877770598487653,0.3778251054286624,0.37883451257580664,0.5252701545047731,0.5276472920171359,0.902748478893002,0.05152213463647223,0.12396063570593975,0.15906680805938495,0.5141956641031287,0.5143160127253447
greedy|2019|7000|all,20 chosen for continuity on 2019,2024,general,methanol,operating,1.0,0.1,1886,557,0.16935448871245953,0.17055826595872722,0.46262669372515214,0.4638162962359365,,,,,,,,,,,,,,,0.902748478893002,0.05152213463647223,0.1021786019413859,0.1283138918345705,0.47708999985993994,0.47348886532343587
greedy|2019|7000|all,20 chosen for continuity on 2019,2024,general,methanol,operating,1.5,0.0,1886,557,0.3235637634152904,0.32586616494850623,0.6152054475802993,0.6171651550040749,0.6129187566336382,0.6146533045916981,0.49595616527466324,0.4978937388868961,0.4966425150804206,0.4987613109435187,0.6441417633079125,0.6476881603048719,0.4908204248041581,0.49267212553634654,0.49131716888613014,0.49334206013479637,0.6311400016320243,0.6345546073955396,0.902748478893002,0.05152213463647223,0.2531998148123466,0.30275715800636266,0.6851887419720887,0.6595970307529162
greedy|2019|7000|all,20 chosen for continuity on 2019,2024,general,methanol,operating,1.5,0.1,1886,557,0.28846600060817207,0.29039364887911995,0.5839204236934813,0.5856956477807713,,,,,,,,,,,,,,,0.902748478893002,0.05152213463647223,0.20728223851455402,0.26193001060445387,0.6364396203726206,0.634676564156946
greedy|2019|7000|all,20 chosen for continuity on 2019,2024,general,methanol,operating,2.0,0.0,1886,557,0.4407039254886857,0.4445487276838366,0.6946034386058719,0.6972408342253171,0.6913762924590612,0.6938658261798288,0.5857568966881408,0.5886563755470415,0.5844342870625524,0.5875481183655301,0.7120632963364595,0.7171067587543892,0.5801348877451996,0.5829058622733903,0.5787649239407212,0.5817407508549776,0.6991219229448076,0.7038428787917185,0.902748478893002,0.05152213463647223,0.3987986671605138,0.43584305408271473,0.8065784428446893,0.7279957582184517
greedy|2019|7000|all,20 chosen for continuity on 2019,2024,general,methanol,operating,2.0,0.1,1886,557,0.39516177350211845,0.3988320026465592,0.6665276901583478,0.6688611172331371,,,,,,,,,,,,,,,0.902748478893002,0.05152213463647223,0.33838886357880615,0.38494167550371156,0.7608943780908908,0.6972428419936373
greedy|2019|7000|all,20 chosen for continuity on 2019,2024,general,ammonia,service,1.0,0.0,1886,557,0.14280459146838564,0.14387297885605063,0.42181879082925594,0.42346149743417694,,,,,,,,,,,,,,,0.902748478893002,0.05152213463647223,0.08187202394430983,0.09597030752916225,0.42329678103185925,0.40827147401908803
greedy|2019|7000|all,20 chosen for continuity on 2019,2024,general,ammonia,service,1.0,0.1,1886,557,0.12387301211224283,0.12470482685500625,0.3930795603501199,0.39452287998871277,,,,,,,,,,,,,,,0.902748478893002,0.05152213463647223,0.0676718182982802,0.07688229056203605,0.3925465713041766,0.3579003181336161
greedy|2019|7000|all,20 chosen for continuity on 2019,2024,general,ammonia,service,1.5,0.0,1886,557,0.241773048209809,0.24409483992839812,0.5418940087809196,0.5441910796092151,,,,,,,,,,,,,,,0.902748478893002,0.05152213463647223,0.16570883084035332,0.21261930010604455,0.5717059263569699,0.5869565217391305
greedy|2019|7000|all,20 chosen for continuity on 2019,2024,general,ammonia,service,1.5,0.1,1886,557,0.20967035840544399,0.21155200828949328,0.5102027331238734,0.5123238202866481,,,,,,,,,,,,,,,0.902748478893002,0.05152213463647223,0.13555460395271351,0.1765641569459173,0.5309821052032495,0.5418875927889714
greedy|2019|7000|all,20 chosen for continuity on 2019,2024,general,ammonia,service,2.0,0.0,1886,557,0.33551139827511767,0.33871252839198357,0.6281661971260162,0.6310564396329507,,,,,,,,,,,,,,,0.902748478893002,0.05152213463647223,0.2656708501823685,0.323966065747614,0.6892962738872239,0.6755037115588547
greedy|2019|7000|all,20 chosen for continuity on 2019,2024,general,ammonia,service,2.0,0.1,1886,557,0.2982206162575605,0.3009154845759618,0.5969033558075508,0.5995207473105789,,,,,,,,,,,,,,,0.902748478893002,0.05152213463647223,0.22038882428866247,0.2799575821845175,0.6453714130235706,0.651643690349947
greedy|2019|7000|all,20 chosen for continuity on 2019,2024,general,ammonia,operating,1.0,0.0,1886,557,0.1464393958218999,0.14755765178158564,0.4302520411731603,0.431186082957688,,,,,,,,,,,,,,,0.902748478893002,0.05152213463647223,0.08204429589680017,0.10021208907741251,0.4367858322727972,0.42735949098621423
greedy|2019|7000|all,20 chosen for continuity on 2019,2024,general,ammonia,operating,1.0,0.1,1886,557,0.12779737272154082,0.12878837540496585,0.4009914252861106,0.4018043394279103,,,,,,,,,,,,,,,0.902748478893002,0.05152213463647223,0.06969854071159712,0.08218451749734888,0.40202414124926955,0.37857900318133614
greedy|2019|7000|all,20 chosen for continuity on 2019,2024,general,ammonia,operating,1.5,0.0,1886,557,0.2505476984837284,0.2521070615128451,0.5504023272079936,0.5519680604286008,,,,,,,,,,,,,,,0.902748478893002,0.05152213463647223,0.1732188394887454,0.22534464475079533,0.5917518115633082,0.5980911983032874
greedy|2019|7000|all,20 chosen for continuity on 2019,2024,general,ammonia,operating,1.5,0.1,1886,557,0.22032064264795936,0.22175678537954968,0.5186832979609325,0.5201041217061209,,,,,,,,,,,,,,,0.902748478893002,0.05152213463647223,0.14359821575044396,0.1861081654294804,0.5470551049511159,0.556203605514316
greedy|2019|7000|all,20 chosen for continuity on 2019,2024,general,ammonia,operating,2.0,0.0,1886,557,0.3504857228727843,0.3532478470443802,0.6354557614995048,0.637550464306433,,,,,,,,,,,,,,,0.902748478893002,0.05152213463647223,0.28000731297613835,0.3303287380699894,0.7150330173856312,0.6749734888653235
greedy|2019|7000|all,20 chosen for continuity on 2019,2024,general,ammonia,operating,2.0,0.1,1886,557,0.31390943305399027,0.3159603176657552,0.604808505091225,0.6067098087395119,,,,,,,,,,,,,,,0.902748478893002,0.05152213463647223,0.23752831284819573,0.29109225874867445,0.667050735313264,0.6537645811240721
greedy|2019|7000|all,20 chosen for continuity on 2019,2024,roro,methanol,service,1.0,0.0,538,158,0.29324088714069885,0.2943938487762437,0.647732224173472,0.6487971203169443,,,0.4845742815136245,0.48506813554349265,,,,,0.4882136300219985,0.4887004458052546,,,,,0.9628866889632979,0.02256529768489067,0.2309913210624401,0.20631970260223048,0.699769154322878,0.7472118959107806
greedy|2019|7000|all,20 chosen for continuity on 2019,2024,roro,methanol,service,1.0,0.1,538,158,0.24340238025916652,0.24424639861979916,0.6094995973768402,0.6105093707725987,,,,,,,,,,,,,,,0.9628866889632979,0.02256529768489067,0.19103526248754515,0.137546468401487,0.6510349332916727,0.7026022304832714
greedy|2019|7000|all,20 chosen for continuity on 2019,2024,roro,methanol,service,1.5,0.0,538,158,0.5151091781535925,0.5175593781460804,0.7748195392454229,0.7760892431296563,,,0.6337494161352768,0.6347138247021167,,,,,0.6359291159340135,0.6368797800644053,,,,,0.9628866889632979,0.02256529768489067,0.5062728916157198,0.5074349442379182,0.8642521044971208,0.8271375464684015
greedy|2019|7000|all,20 chosen for continuity on 2019,2024,roro,methanol,service,1.5,0.1,538,158,0.4539848261024978,0.45598715578416865,0.7462243100948761,0.7474187730055353,,,,,,,,,,,,,,,0.9628866889632979,0.02256529768489067,0.42917417595932117,0.4163568773234201,0.8297106412702867,0.8048327137546468
greedy|2019|7000|all,20 chosen for continuity on 2019,2024,roro,methanol,service,2.0,0.0,538,158,0.6580697691957361,0.66142896277311,0.8380608231329645,0.8396839332122196,,,0.7192608354395259,0.7211389236700925,,,,,0.7207105998403353,0.722561922169793,,,,,0.9628866889632979,0.02256529768489067,0.7261220096111105,0.6672862453531598,0.9522806711039649,0.8587360594795539
greedy|2019|7000|all,20 chosen for continuity on 2019,2024,roro,methanol,service,2.0,0.1,538,158,0.5981309005498383,0.600983359412112,0.8177149088350157,0.8191620427108368,,,,,,,,,,,,,,,0.9628866889632979,0.02256529768489067,0.6186826848007873,0.5966542750929368,0.9230176504707384,0.8401486988847584
greedy|2019|7000|all,20 chosen for continuity on 2019,2024,roro,methanol,operating,1.0,0.0,538,158,0.22313964595061353,0.22387081501794595,0.5820872362673974,0.5828616460319891,0.5743941715452116,0.5750109352246762,0.4274440478815173,0.4276907889877975,0.4218686864627365,0.4222364059749031,0.5726980091723032,0.5731147537138905,0.4315883340982676,0.43183155873075124,0.42568604629438767,0.42604852518796227,0.573454187987577,0.5738649932219715,0.9628866889632979,0.02256529768489067,0.16555391725474283,0.137546468401487,0.6219584039957924,0.6877323420074349
greedy|2019|7000|all,20 chosen for continuity on 2019,2024,roro,methanol,operating,1.0,0.1,538,158,0.1944946768973999,0.19522584596473233,0.5442500207938832,0.544952573216914,,,,,,,,,,,,,,,0.9628866889632979,0.02256529768489067,0.13533405613948474,0.10594795539033457,0.5733622971341146,0.6171003717472119
greedy|2019|7000|all,20 chosen for continuity on 2019,2024,roro,methanol,operating,1.5,0.0,538,158,0.40679526377973996,0.40896590554848405,0.7233930198048318,0.7244008554698731,0.714027041815283,0.714916695907406,0.5663673087129588,0.5669713511498099,0.5507020521766969,0.5514863018252525,0.6950234471082868,0.6961274225780224,0.5689671221227103,0.5695625559437001,0.5532182518598895,0.5539913246381594,0.695040007050837,0.6961282490221306,0.9628866889632979,0.02256529768489067,0.3742339158461159,0.36059479553903345,0.8079750238581884,0.8011152416356877
greedy|2019|7000|all,20 chosen for continuity on 2019,2024,roro,methanol,operating,1.5,0.1,538,158,0.3480637054518911,0.34951433241310614,0.6888474352084418,0.6897478952290736,,,,,,,,,,,,,,,0.9628866889632979,0.02256529768489067,0.30192535046816854,0.29182156133828996,0.7642981421687538,0.775092936802974
greedy|2019|7000|all,20 chosen for continuity on 2019,2024,roro,methanol,operating,2.0,0.0,538,158,0.5725005184817928,0.5750446571012815,0.8023210371498642,0.8036249762483616,0.7968915919130661,0.7980899584173632,0.6718773317401775,0.6728588292648164,0.6599585629065725,0.6611167611480554,0.7677443237592005,0.7699328182567438,0.6736635104824409,0.6746310200243772,0.6615909435185919,0.6627326354963693,0.7677803442898088,0.7699376490773345,0.9628866889632979,0.02256529768489067,0.6031459986202177,0.587360594795539,0.9105409190808285,0.8438661710037175
greedy|2019|7000|all,20 chosen for continuity on 2019,2024,roro,methanol,operating,2.0,0.1,538,158,0.507834966083328,0.5103791047028167,0.7767572436112922,0.7779574397087782,,,,,,,,,,,,,,,0.9628866889632979,0.02256529768489067,0.5113362133380668,0.5148698884758365,0.8809524251461407,0.828996282527881
greedy|2019|7000|all,20 chosen for continuity on 2019,2024,roro,ammonia,service,1.0,0.0,538,158,0.20546182650222783,0.20630584486286044,0.5684216234889548,0.5693737857064821,,,,,,,,,,,,,,,0.9628866889632979,0.02256529768489067,0.14693207904829061,0.10408921933085502,0.5975571548458036,0.6561338289962825
greedy|2019|7000|all,20 chosen for continuity on 2019,2024,roro,ammonia,service,1.0,0.1,538,158,0.17651107805725708,0.17702070665220945,0.530053345221438,0.5309531457589604,,,,,,,,,,,,,,,0.9628866889632979,0.02256529768489067,0.1236890000366895,0.08921933085501858,0.5512867793295999,0.5855018587360595
greedy|2019|7000|all,20 chosen for continuity on 2019,2024,roro,ammonia,service,1.5,0.0,538,158,0.3879428354102293,0.38909579704577407,0.7124168899593988,0.7135540656414916,,,,,,,,,,,,,,,0.9628866889632979,0.02256529768489067,0.3515773954869968,0.33271375464684017,0.7832407313152605,0.7881040892193308
greedy|2019|7000|all,20 chosen for continuity on 2019,2024,roro,ammonia,service,1.5,0.1,538,158,0.33128857603160167,0.3324415376671465,0.6769749154921195,0.6780701526503063,,,,,,,,,,,,,,,0.9628866889632979,0.02256529768489067,0.2825160942962406,0.24721189591078066,0.7400468780570806,0.7657992565055762
greedy|2019|7000|all,20 chosen for continuity on 2019,2024,roro,ammonia,service,2.0,0.0,538,158,0.5514148519756621,0.5542673108379357,0.7923691370695797,0.7937017367387632,,,,,,,,,,,,,,,0.9628866889632979,0.02256529768489067,0.5536664361599526,0.5464684014869888,0.8879604471150517,0.8345724907063197
greedy|2019|7000|all,20 chosen for continuity on 2019,2024,roro,ammonia,service,2.0,0.1,538,158,0.4937668833745845,0.4962170833670726,0.7657605438484185,0.7669971432383563,,,,,,,,,,,,,,,0.9628866889632979,0.02256529768489067,0.48399629652684645,0.483271375464684,0.8548668069015082,0.8234200743494424
greedy|2019|7000|all,20 chosen for continuity on 2019,2024,roro,ammonia,operating,1.0,0.0,538,158,0.16772271330766947,0.16839184138288615,0.5055876032274651,0.5062278662840516,,,,,,,,,,,,,,,0.9628866889632979,0.02256529768489067,0.11895494861193423,0.08550185873605948,0.5284746732205261,0.5446096654275093
greedy|2019|7000|all,20 chosen for continuity on 2019,2024,roro,ammonia,operating,1.0,0.1,538,158,0.14984004961452652,0.15050917768974317,0.47068963986102924,0.4712779158544404,,,,,,,,,,,,,,,0.9628866889632979,0.02256529768489067,0.1047028525124024,0.0762081784386617,0.48538704137087585,0.47026022304832715
greedy|2019|7000|all,20 chosen for continuity on 2019,2024,roro,ammonia,operating,1.5,0.0,538,158,0.2970000791832178,0.29835676751743223,0.6502001360941254,0.6510563339602861,,,,,,,,,,,,,,,0.9628866889632979,0.02256529768489067,0.2408389429827092,0.22676579925650558,0.7113874544457328,0.7490706319702602
greedy|2019|7000|all,20 chosen for continuity on 2019,2024,roro,ammonia,operating,1.5,0.1,538,158,0.2542292477366716,0.25513530708941995,0.612247150339475,0.6130713304635058,,,,,,,,,,,,,,,0.9628866889632979,0.02256529768489067,0.195644000031197,0.1691449814126394,0.6638315918948628,0.724907063197026
greedy|2019|7000|all,20 chosen for continuity on 2019,2024,roro,ammonia,operating,2.0,0.0,538,158,0.44132674277672834,0.44349738454547244,0.7451622499016625,0.7462360170953155,,,,,,,,,,,,,,,0.9628866889632979,0.02256529768489067,0.41172467278868174,0.41821561338289964,0.8403227060189347,0.8197026022304833
greedy|2019|7000|all,20 chosen for continuity on 2019,2024,roro,ammonia,operating,2.0,0.1,538,158,0.3872740835550502,0.38899685501297715,0.7123130491837947,0.7132907158521984,,,,,,,,,,,,,,,0.9628866889632979,0.02256529768489067,0.35356292975104503,0.3345724907063197,0.7931490354971096,0.7973977695167286
dualfuel|2024|7000|all,10 chosen for dual-fuel use,2024,all,methanol,service,1.0,0.0,19981,3054,0.165541025388478,0.16749286840581762,0.4727747100283278,0.4741005218956405,,,0.3424715167301806,0.34393632895473586,,,,,0.33875449600276414,0.340194792474623,,,,,0.8960037644687647,0.028143957104439586,0.0763914842221388,0.12091486912566939,0.4729363277542771,0.46799459486512185
dualfuel|2024|7000|all,10 chosen for dual-fuel use,2024,all,methanol,service,1.0,0.1,19981,3054,0.14167982693794762,0.14332435942622762,0.44075055627543896,0.44195091976886697,,,,,,,,,,,,,,,0.8960037644687647,0.028143957104439586,0.06363605053344817,0.0989439967969571,0.4352196017674742,0.4174966217907012
dualfuel|2024|7000|all,10 chosen for dual-fuel use,2024,all,methanol,service,1.5,0.0,19981,3054,0.2990693550686288,0.3026292274611457,0.5973387319581109,0.599279311714913,,,0.4704808511619049,0.47274664694121943,,,,,0.46537876147916213,0.4676079050883773,,,,,0.8960037644687647,0.028143957104439586,0.1822994468280722,0.24908663230068565,0.6423697742383798,0.6302487362994845
dualfuel|2024|7000|all,10 chosen for dual-fuel use,2024,all,methanol,service,1.5,0.1,19981,3054,0.2597773456298941,0.26290013867306716,0.5656279960645942,0.5673906801426349,,,,,,,,,,,,,,,0.8960037644687647,0.028143957104439586,0.14311003444783044,0.2066963615434663,0.5963345001524767,0.5950152645012762
dualfuel|2024|7000|all,10 chosen for dual-fuel use,2024,all,methanol,service,2.0,0.0,19981,3054,0.4177563059570104,0.42271241516414265,0.6782401385252952,0.6807806795120126,,,0.5618079021227557,0.5648627019197185,,,,,0.556090683216767,0.5590916093128181,,,,,0.8960037644687647,0.028143957104439586,0.31513743745540346,0.37380511485911616,0.7700014423758463,0.7015664881637556
dualfuel|2024|7000|all,10 chosen for dual-fuel use,2024,all,methanol,service,2.0,0.1,19981,3054,0.3688965942254827,0.37312512976703355,0.6498373301765344,0.6521340994877298,,,,,,,,,,,,,,,0.8960037644687647,0.028143957104439586,0.25762965440909624,0.3225063810620089,0.7237004540747808,0.6805465191932336
dualfuel|2024|7000|all,10 chosen for dual-fuel use,2024,all,methanol,operating,1.0,0.0,19981,3054,0.20854824981544107,0.21072619628753175,0.5048070296629278,0.5060022627501856,0.5003383673670602,0.5014878634525203,0.3720956161697591,0.3736663166975743,0.36865666989925355,0.3702350046200295,0.5474153008468469,0.5518751046722017,0.3676428360093084,0.3691860440790963,0.3643228760876758,0.3658785854042801,0.5403981598710763,0.5447104192122498,0.8960037644687647,0.028143957104439586,0.08832790722368336,0.1452379760772734,0.4996513923622086,0.4997247385015765
dualfuel|2024|7000|all,10 chosen for dual-fuel use,2024,all,methanol,operating,1.0,0.1,19981,3054,0.18272198321225797,0.18458583361026232,0.4738460386677789,0.47492726549411896,,,,,,,,,,,,,,,0.8960037644687647,0.028143957104439586,0.07153750428704389,0.12351734147440067,0.46053146414877294,0.45643361193133475
dualfuel|2024|7000|all,10 chosen for dual-fuel use,2024,all,methanol,operating,1.5,0.0,19981,3054,0.3454377492783729,0.349059235502728,0.6222005936468573,0.6239769389668975,0.6188191903664602,0.6205774319720443,0.4875504871937499,0.48997036447749137,0.4849703441138705,0.4874302567659833,0.6489778676831254,0.6550286608943162,0.48207481523950896,0.4844557958552077,0.47962157002975314,0.4820416416292478,0.6414529069292357,0.6473144449924781,0.8960037644687647,0.028143957104439586,0.21216587108358748,0.28346929583103947,0.6731204868120972,0.6424603373204544
dualfuel|2024|7000|all,10 chosen for dual-fuel use,2024,all,methanol,operating,1.5,0.1,19981,3054,0.3033872923526779,0.3065648874144707,0.5926486637136853,0.5942417808520717,,,,,,,,,,,,,,,0.8960037644687647,0.028143957104439586,0.1684920052254062,0.24112907261898803,0.6261350302624428,0.614533807116761
dualfuel|2024|7000|all,10 chosen for dual-fuel use,2024,all,methanol,operating,2.0,0.0,19981,3054,0.4701971444044445,0.47513789160709197,0.6944160162210948,0.6967478127521097,0.692518632421625,0.6948471450243477,0.5700029741255985,0.5733133025352469,0.5672875950092371,0.5707020875171281,0.7105426498476528,0.7181345910518174,0.564281622774096,0.5675320498804856,0.5617077743635427,0.565059908466575,0.7031111735048283,0.7104914359952791,0.8960037644687647,0.028143957104439586,0.36343761013256487,0.4139932936289475,0.7979532978175095,0.7073219558580651
dualfuel|2024|7000|all,10 chosen for dual-fuel use,2024,all,methanol,operating,2.0,0.1,19981,3054,0.4231222783905279,0.4276770452305892,0.6696889156701579,0.6718036228372138,,,,,,,,,,,,,,,0.8960037644687647,0.028143957104439586,0.30066849112896527,0.3659976978129223,0.7519729946722558,0.6853510835293529
dualfuel|2024|7000|all,10 chosen for dual-fuel use,2024,all,ammonia,service,1.0,0.0,19981,3054,0.12283000714228236,0.12425176314434842,0.40787684016285314,0.4089327485680366,,,,,,,,,,,,,,,0.8960037644687647,0.028143957104439586,0.05152825930721205,0.08252840198188278,0.39865819427751703,0.36079275311545966
dualfuel|2024|7000|all,10 chosen for dual-fuel use,2024,all,ammonia,service,1.0,0.1,19981,3054,0.1063759660535393,0.10748003292981627,0.3784236028256469,0.379379410515775,,,,,,,,,,,,,,,0.8960037644687647,0.028143957104439586,0.039358015510098786,0.06806466142835695,0.36511849127137747,0.3096942094990241
dualfuel|2024|7000|all,10 chosen for dual-fuel use,2024,all,ammonia,service,1.5,0.0,19981,3054,0.2191106810233014,0.22179436558656784,0.5313063816963756,0.5328967915081262,,,,,,,,,,,,,,,0.8960037644687647,0.028143957104439586,0.11332027395707493,0.1694109403933737,0.548272003166226,0.5512236624793554
dualfuel|2024|7000|all,10 chosen for dual-fuel use,2024,all,ammonia,service,1.5,0.1,19981,3054,0.18737855860881908,0.18970635496449478,0.4985320940410685,0.4999695235789777,,,,,,,,,,,,,,,0.8960037644687647,0.028143957104439586,0.09016518484407093,0.139932936289475,0.5055028211499205,0.5066813472799159
dualfuel|2024|7000|all,10 chosen for dual-fuel use,2024,all,ammonia,service,2.0,0.0,19981,3054,0.3260200189669863,0.3299375282537111,0.6179934530922521,0.6200709287102802,,,,,,,,,,,,,,,0.8960037644687647,0.028143957104439586,0.20991964691255374,0.27601221160102096,0.6742754011598431,0.6502677543666483
dualfuel|2024|7000|all,10 chosen for dual-fuel use,2024,all,ammonia,service,2.0,0.1,19981,3054,0.2852921256092127,0.28872810968888607,0.5869491840336668,0.5888267970662315,,,,,,,,,,,,,,,0.8960037644687647,0.028143957104439586,0.1689803250796329,0.23382213102447325,0.6276915953228348,0.6185876582753616
dualfuel|2024|7000|all,10 chosen for dual-fuel use,2024,all,ammonia,operating,1.0,0.0,19981,3054,0.15600839452988707,0.15760358271088365,0.44167039176448847,0.4426290199351318,,,,,,,,,,,,,,,0.8960037644687647,0.028143957104439586,0.057152040952023135,0.1014964216005205,0.4221100520740695,0.40493468795355586
dualfuel|2024|7000|all,10 chosen for dual-fuel use,2024,all,ammonia,operating,1.0,0.1,19981,3054,0.133209789591558,0.1344854928013876,0.41182274032957117,0.4126778582514414,,,,,,,,,,,,,,,0.8960037644687647,0.028143957104439586,0.04584065874757587,0.08277863970772234,0.3872199683878595,0.3530353836144337
dualfuel|2024|7000|all,10 chosen for dual-fuel use,2024,all,ammonia,operating,1.5,0.0,19981,3054,0.2654271053651621,0.26815844186196697,0.5601730307666765,0.5616035717532424,,,,,,,,,,,,,,,0.8960037644687647,0.028143957104439586,0.1312885704377946,0.2009909413943246,0.5781276235005374,0.5756468645212952
dualfuel|2024|7000|all,10 chosen for dual-fuel use,2024,all,ammonia,operating,1.5,0.1,19981,3054,0.23303206694796252,0.2354605993719526,0.5292656564638347,0.53056048958014,,,,,,,,,,,,,,,0.8960037644687647,0.028143957104439586,0.10646066990795972,0.16825984685451179,0.5338682194002361,0.5338071167609229
dualfuel|2024|7000|all,10 chosen for dual-fuel use,2024,all,ammonia,operating,2.0,0.0,19981,3054,0.3751700060547439,0.3790556484100613,0.6412351512884785,0.6431323590919248,,,,,,,,,,,,,,,0.8960037644687647,0.028143957104439586,0.24491538905086113,0.31339772784144937,0.7031118337993846,0.660377358490566
dualfuel|2024|7000|all,10 chosen for dual-fuel use,2024,all,ammonia,operating,2.0,0.1,19981,3054,0.33172365262241127,0.3352339441374467,0.6125901755185935,0.6143062579998424,,,,,,,,,,,,,,,0.8960037644687647,0.028143957104439586,0.1983837078191707,0.2709073619938942,0.6574195151058843,0.6345027776387568
dualfuel|2024|7000|all,10 chosen for dual-fuel use,2024,container,methanol,service,1.0,0.0,2926,858,0.2189925262220323,0.2201211712523575,0.5225778575753898,0.5232376432896955,,,0.4374373862769329,0.438302080902909,,,,,0.432294112490216,0.4331464870574017,,,,,0.8775458382898995,0.06342737098145568,0.07424028175359516,0.20950102529049897,0.4809347644232514,0.48222829801777173
dualfuel|2024|7000|all,10 chosen for dual-fuel use,2024,container,methanol,service,1.0,0.1,2926,858,0.18473366884109438,0.18564219113670974,0.49001098916030983,0.4905932362455,,,,,,,,,,,,,,,0.8775458382898995,0.06342737098145568,0.05846216306299347,0.18147641831852357,0.4399543766622012,0.449419002050581
dualfuel|2024|7000|all,10 chosen for dual-fuel use,2024,container,methanol,service,1.5,0.0,2926,858,0.3817497702676623,0.38444163042748153,0.6393379752093161,0.640354004357768,,,0.5635537198055076,0.5648639202031394,,,,,0.5568412117786238,0.5581327446080285,,,,,0.8775458382898995,0.06342737098145568,0.19564766481862417,0.3458646616541353,0.6520593584753114,0.5885167464114832
dualfuel|2024|7000|all,10 chosen for dual-fuel use,2024,container,methanol,service,1.5,0.1,2926,858,0.33974407016734975,0.3420113889536462,0.6112438809647085,0.6121819622844378,,,,,,,,,,,,,,,0.8775458382898995,0.06342737098145568,0.149869591831935,0.30553656869446344,0.6027070575356146,0.5717703349282297
dualfuel|2024|7000|all,10 chosen for dual-fuel use,2024,container,methanol,service,2.0,0.0,2926,858,0.48866799527675137,0.4919590402309312,0.7078231602383463,0.709099563501863,,,0.6343302270047396,0.6360574173185339,,,,,0.6268308086182404,0.6285333901446446,,,,,0.8775458382898995,0.06342737098145568,0.3575519394179051,0.43574846206425155,0.7809809090389485,0.6302118933697881
dualfuel|2024|7000|all,10 chosen for dual-fuel use,2024,container,methanol,service,2.0,0.1,2926,858,0.44933617184381175,0.45234068130483546,0.6839219223524138,0.6850901124553345,,,,,,,,,,,,,,,0.8775458382898995,0.06342737098145568,0.30252677904254255,0.4032809295967191,0.7341516415091345,0.6172248803827751
dualfuel|2024|7000|all,10 chosen for dual-fuel use,2024,container,methanol,operating,1.0,0.0,2926,858,0.332041273407443,0.3341723832120155,0.6052550620107401,0.6060205942217954,0.6006839026362244,0.6014081900156321,0.5339741969534187,0.5351597095210965,0.5277366523748863,0.5288999279934703,0.6378272696566775,0.6418091221625561,0.5274094483082804,0.5285780698440358,0.5212515139650669,0.522398215380944,0.6294888534771705,0.6333674560902358,0.8775458382898995,0.06342737098145568,0.1377787378562655,0.2911825017088175,0.5931726289884884,0.550580997949419
dualfuel|2024|7000|all,10 chosen for dual-fuel use,2024,container,methanol,operating,1.0,0.1,2926,858,0.2964704784468674,0.298470048085917,0.5757936276180335,0.5764842702627377,,,,,,,,,,,,,,,0.8775458382898995,0.06342737098145568,0.10750125386260587,0.2611073137388927,0.5468908471207167,0.5321257689678742
dualfuel|2024|7000|all,10 chosen for dual-fuel use,2024,container,methanol,operating,1.5,0.0,2926,858,0.49283092495118336,0.4959566223884017,0.7052473253103089,0.7063407188049653,0.7012696288660786,0.7023585308835657,0.6317385728901944,0.6334022848001735,0.6301222461935904,0.6318211982655061,0.7182108319783294,0.7238728528975854,0.6239522408163343,0.6255922483711277,0.6223546951274733,0.6240294407468692,0.7087672608044259,0.7143020930054238,0.8775458382898995,0.06342737098145568,0.3427524706132773,0.4316473000683527,0.7556082675828373,0.6203007518796992
dualfuel|2024|7000|all,10 chosen for dual-fuel use,2024,container,methanol,operating,1.5,0.1,2926,858,0.4457756491496245,0.44877744163862915,0.6817324545600236,0.6827095497982973,,,,,,,,,,,,,,,0.8775458382898995,0.06342737098145568,0.2718517117887317,0.39200273410799724,0.7072515045631863,0.6090225563909775
dualfuel|2024|7000|all,10 chosen for dual-fuel use,2024,container,methanol,operating,2.0,0.0,2926,858,0.6053292781660611,0.6093073211962403,0.7571091002916439,0.7585853906664014,0.7543509184433383,0.7558263993089773,0.6842159810962526,0.6867224556858981,0.6825646016179896,0.6851074868636182,0.7615702273304773,0.7689834071984074,0.6758955620341072,0.6783663246933517,0.6742447861234633,0.6767514406643067,0.751562528215737,0.7588235690759282,0.8775458382898995,0.06342737098145568,0.5441530652818787,0.5150375939849624,0.8698255034902446,0.6541353383458647
dualfuel|2024|7000|all,10 chosen for dual-fuel use,2024,container,methanol,operating,2.0,0.1,2926,858,0.5664501576286879,0.5703837774106751,0.7401127918946748,0.7414212314306691,,,,,,,,,,,,,,,0.8775458382898995,0.06342737098145568,0.46847263030404857,0.48872180451127817,0.8366287883515113,0.6414900888585099
dualfuel|2024|7000|all,10 chosen for dual-fuel use,2024,container,ammonia,service,1.0,0.0,2926,858,0.16227534713573458,0.16310542872147468,0.4559264861192835,0.4564479553958973,,,,,,,,,,,,,,,0.8775458382898995,0.06342737098145568,0.04707696680506478,0.15926179084073822,0.4042934554285436,0.411825017088175
dualfuel|2024|7000|all,10 chosen for dual-fuel use,2024,container,ammonia,service,1.0,0.1,2926,858,0.1414641592509042,0.14208742682274034,0.4252929930732122,0.42575895137437375,,,,,,,,,,,,,,,0.8775458382898995,0.06342737098145568,0.03824866554361497,0.13738892686261106,0.3706394923226015,0.37218045112781956
dualfuel|2024|7000|all,10 chosen for dual-fuel use,2024,container,ammonia,service,1.5,0.0,2926,858,0.2883357692074996,0.2901791363605591,0.579764474584738,0.5805912109666937,,,,,,,,,,,,,,,0.8775458382898995,0.06342737098145568,0.11017444245489365,0.2669172932330827,0.558961431884067,0.5423786739576213
dualfuel|2024|7000|all,10 chosen for dual-fuel use,2024,container,ammonia,service,1.5,0.1,2926,858,0.24694659109946965,0.24842986511782109,0.5482986577501557,0.5490349786363031,,,,,,,,,,,,,,,0.8775458382898995,0.06342737098145568,0.08638711935724261,0.23581681476418317,0.5114441850508371,0.5105946684894054
dualfuel|2024|7000|all,10 chosen for dual-fuel use,2024,container,ammonia,service,2.0,0.0,2926,858,0.4105644166212661,0.41340007270122786,0.6571010138646914,0.6581756177013903,,,,,,,,,,,,,,,0.8775458382898995,0.06342737098145568,0.23632126284031274,0.3708133971291866,0.6869622529616612,0.6004784688995215
dualfuel|2024|7000|all,10 chosen for dual-fuel use,2024,container,ammonia,service,2.0,0.1,2926,858,0.3663256178364137,0.36876908689181626,0.6301402109929615,0.6311316235524577,,,,,,,,,,,,,,,0.8775458382898995,0.06342737098145568,0.18012737719302524,0.33014354066985646,0.6351503299666661,0.582365003417635
dualfuel|2024|7000|all,10 chosen for dual-fuel use,2024,container,ammonia,operating,1.0,0.0,2926,858,0.2526473786451546,0.2543639877569828,0.5438916289052084,0.544506199561436,,,,,,,,,,,,,,,0.8775458382898995,0.06342737098145568,0.07970520999699282,0.22453861927546137,0.5027660261678245,0.5034176349965823
dualfuel|2024|7000|all,10 chosen for dual-fuel use,2024,container,ammonia,operating,1.0,0.1,2926,858,0.21138352792754733,0.2125735486354428,0.5123393359082858,0.512884501904416,,,,,,,,,,,,,,,0.8775458382898995,0.06342737098145568,0.06341085601773411,0.18899521531100477,0.46380491966910076,0.4699248120300752
dualfuel|2024|7000|all,10 chosen for dual-fuel use,2024,container,ammonia,operating,1.5,0.0,2926,858,0.4032601273476332,0.40584262472903265,0.6543048502812421,0.655193981943144,,,,,,,,,,,,,,,0.8775458382898995,0.06342737098145568,0.20858287586190327,0.35509227614490774,0.6627055601290324,0.588174982911825
dualfuel|2024|7000|all,10 chosen for dual-fuel use,2024,container,ammonia,operating,1.5,0.1,2926,858,0.36514856116207234,0.36754062159500145,0.6273524669034376,0.6281736441719419,,,,,,,,,,,,,,,0.8775458382898995,0.06342737098145568,0.17311363476867525,0.31954887218045114,0.6263729170120951,0.570745044429255
dualfuel|2024|7000|all,10 chosen for dual-fuel use,2024,container,ammonia,operating,2.0,0.0,2926,858,0.5231778523829037,0.5266678430749976,0.7196183354855508,0.7207832180638767,,,,,,,,,,,,,,,0.8775458382898995,0.06342737098145568,0.3859146546163065,0.45454545454545453,0.7880771090512213,0.6281613123718387
dualfuel|2024|7000|all,10 chosen for dual-fuel use,2024,container,ammonia,operating,2.0,0.1,2926,858,0.4780667970774651,0.48119249451468343,0.6977446804051646,0.6987898020357173,,,,,,,,,,,,,,,0.8775458382898995,0.06342737098145568,0.3266651503499324,0.42071086807928915,0.7416372361682539,0.6175666438824333
dualfuel|2024|7000|all,10 chosen for dual-fuel use,2024,bulk,methanol,service,1.0,0.0,8019,1124,0.14230109967766785,0.1449148128302941,0.49143275053759805,0.49259762774326477,,,0.321775180700336,0.3241167056842182,,,,,0.31764692204767103,0.3199496827596981,,,,,0.9284599113057843,0.0060212669482411696,0.08886272453203245,0.08666916074323482,0.5039505745270982,0.5059234318493577
dualfuel|2024|7000|all,10 chosen for dual-fuel use,2024,bulk,methanol,service,1.0,0.1,8019,1124,0.1254806005439398,0.12769449868274071,0.45657446281321845,0.45761610262391217,,,,,,,,,,,,,,,0.9284599113057843,0.0060212669482411696,0.07688999537730046,0.06646714054121461,0.4636089267670397,0.4394562913081432
dualfuel|2024|7000|all,10 chosen for dual-fuel use,2024,bulk,methanol,service,1.5,0.0,8019,1124,0.25546417563500906,0.25988253637209624,0.6366938181021388,0.6384658889323923,,,0.4867456240547174,0.4903732859260589,,,,,0.48076800584066137,0.4843183407485424,,,,,0.9284599113057843,0.0060212669482411696,0.19956289879911648,0.21486469634617783,0.6804980440931444,0.7100635989524878
dualfuel|2024|7000|all,10 chosen for dual-fuel use,2024,bulk,methanol,service,1.5,0.1,8019,1124,0.2176256513322232,0.22135586124499343,0.5976786538542956,0.599234225450705,,,,,,,,,,,,,,,0.9284599113057843,0.0060212669482411696,0.1599004057596892,0.1717171717171717,0.6313986972748661,0.6632996632996633
dualfuel|2024|7000|all,10 chosen for dual-fuel use,2024,bulk,methanol,service,2.0,0.0,8019,1124,0.4157537636989342,0.422232646817166,0.7400078757484473,0.7423813353640296,,,0.617583305108791,0.6224378362125506,,,,,0.6112178015785138,0.6159582200700133,,,,,0.9284599113057843,0.0060212669482411696,0.3441420596295114,0.37423618905100386,0.8152305799161796,0.7952363137548323
dualfuel|2024|7000|all,10 chosen for dual-fuel use,2024,bulk,methanol,service,2.0,0.1,8019,1124,0.33963258942981955,0.3449590831539526,0.7038764055688609,0.7060047441698764,,,,,,,,,,,,,,,0.9284599113057843,0.0060212669482411696,0.27769980674593575,0.30390322982915574,0.7640315507119804,0.7720414016710313
dualfuel|2024|7000|all,10 chosen for dual-fuel use,2024,bulk,methanol,operating,1.0,0.0,8019,1124,0.1730162489245203,0.17593907610706486,0.5377599446758637,0.5389877915697052,0.5296512008417856,0.5308598593931151,0.3719891641972426,0.3744654004920104,0.3683711358389985,0.37091195742810873,0.692301807086296,0.6984893575411151,0.3672777889784745,0.3697112219050918,0.36372938380504943,0.36622546554256613,0.6851678944726028,0.6911455581998948,0.9284599113057843,0.0060212669482411696,0.11607669603960628,0.12158623269734381,0.5587798811536685,0.5822421748347675
dualfuel|2024|7000|all,10 chosen for dual-fuel use,2024,bulk,methanol,operating,1.0,0.1,8019,1124,0.15009736996440481,0.15263616320459625,0.5010905656593936,0.5022024654061183,,,,,,,,,,,,,,,0.9284599113057843,0.0060212669482411696,0.09462187540695126,0.09726898615787505,0.5166644633174949,0.5241301907968574
dualfuel|2024|7000|all,10 chosen for dual-fuel use,2024,bulk,methanol,operating,1.5,0.0,8019,1124,0.3206214585810679,0.3255758719675606,0.6853115790798542,0.6871932515642902,0.6802633933184271,0.6821058256164907,0.5486705643943776,0.5526866219959848,0.5443725963088281,0.5483698965540731,0.8137430992206586,0.8217665470037433,0.5426065627654679,0.546533647998749,0.5381937671264744,0.5421026574117619,0.8071806923933104,0.8148449421810103,0.9284599113057843,0.0060212669482411696,0.2623057974037024,0.2888140665918444,0.7421347169764078,0.7525876044394563
dualfuel|2024|7000|all,10 chosen for dual-fuel use,2024,bulk,methanol,operating,1.5,0.1,8019,1124,0.27119663617058637,0.27537716565988657,0.6471883345565475,0.6488579422500267,,,,,,,,,,,,,,,0.9284599113057843,0.0060212669482411696,0.21227995800977958,0.23706197780271854,0.6936003236211766,0.7179199401421623
dualfuel|2024|7000|all,10 chosen for dual-fuel use,2024,bulk,methanol,operating,2.0,0.0,8019,1124,0.505318948339549,0.5122091215447082,0.7777119954790316,0.7801283379178057,0.7751044620528429,0.777467628327148,0.6731143325483384,0.6784269348849262,0.6683630293868621,0.6737900856073155,0.8739682010751604,0.8832499460402881,0.6675818163054943,0.6727665715200221,0.6628731634534631,0.6681689408410723,0.868793670839158,0.8776351528954567,0.9284599113057843,0.0060212669482411696,0.4469214375456352,0.4597830153385709,0.8772559194968729,0.8180571143534107
dualfuel|2024|7000|all,10 chosen for dual-fuel use,2024,bulk,methanol,operating,2.0,0.1,8019,1124,0.43198468280989716,0.43814127325914065,0.7468350813885177,0.7490643688478653,,,,,,,,,,,,,,,0.9284599113057843,0.0060212669482411696,0.3716346807465979,0.3945629130814316,0.830476257095475,0.7973562788377603
dualfuel|2024|7000|all,10 chosen for dual-fuel use,2024,bulk,ammonia,service,1.0,0.0,8019,1124,0.10949612201818523,0.11127517010868122,0.4214577234379487,0.42238801560971234,,,,,,,,,,,,,,,0.9284599113057843,0.0060212669482411696,0.06503833172814696,0.05075445816186557,0.42516621245542985,0.36825040528744235
dualfuel|2024|7000|all,10 chosen for dual-fuel use,2024,bulk,ammonia,service,1.0,0.1,8019,1124,0.09390498583800587,0.09525548106751616,0.3900391714805771,0.39086716625425705,,,,,,,,,,,,,,,0.9284599113057843,0.0060212669482411696,0.05113416474078129,0.037037037037037035,0.39063064282359033,0.30377852600074823
dualfuel|2024|7000|all,10 chosen for dual-fuel use,2024,bulk,ammonia,service,1.5,0.0,8019,1124,0.18559573579314104,0.18894278455509764,0.5570277363433894,0.5584168846570998,,,,,,,,,,,,,,,0.9284599113057843,0.0060212669482411696,0.1283659297255929,0.13430602319491208,0.582288209660902,0.6078064596583115
dualfuel|2024|7000|all,10 chosen for dual-fuel use,2024,bulk,ammonia,service,1.5,0.1,8019,1124,0.1605585624483524,0.16363924119550166,0.5198544143812944,0.5211150540348313,,,,,,,,,,,,,,,0.9284599113057843,0.0060212669482411696,0.105146037641417,0.1056241426611797,0.5365033676561726,0.5543085172714802
dualfuel|2024|7000|all,10 chosen for dual-fuel use,2024,bulk,ammonia,service,2.0,0.0,8019,1124,0.2852444376615078,0.28996890006903164,0.6629173815667533,0.6648281470803904,,,,,,,,,,,,,,,0.9284599113057843,0.0060212669482411696,0.22731679861100298,0.24516772664920813,0.7127944231587034,0.7350043646339942
dualfuel|2024|7000|all,10 chosen for dual-fuel use,2024,bulk,ammonia,service,2.0,0.1,8019,1124,0.24210286782068258,0.24640783765380178,0.6237651553511524,0.6254607176232395,,,,,,,,,,,,,,,0.9284599113057843,0.0060212669482411696,0.18328847832917503,0.1992767177952363,0.6639241985341762,0.6923556553186183
dualfuel|2024|7000|all,10 chosen for dual-fuel use,2024,bulk,ammonia,operating,1.0,0.0,8019,1124,0.1291943724384661,0.13131285496796852,0.4637259721608682,0.46471528343169205,,,,,,,,,,,,,,,0.9284599113057843,0.0060212669482411696,0.07815215315149601,0.07419877790248161,0.47293438438941554,0.45928420002494075
dualfuel|2024|7000|all,10 chosen for dual-fuel use,2024,bulk,ammonia,operating,1.0,0.1,8019,1124,0.11419733538301313,0.11591437001274507,0.43011952652170277,0.43099964426129855,,,,,,,,,,,,,,,0.9284599113057843,0.0060212669482411696,0.06699222266792619,0.056989649582242174,0.43577359986165043,0.3939393939393939
dualfuel|2024|7000|all,10 chosen for dual-fuel use,2024,bulk,ammonia,operating,1.5,0.0,8019,1124,0.22818670431734972,0.2319816715177761,0.6060625066152724,0.6075419464590676,,,,,,,,,,,,,,,0.9284599113057843,0.0060212669482411696,0.16858592131619704,0.18593340815563036,0.64355460309395,0.6743983040279337
dualfuel|2024|7000|all,10 chosen for dual-fuel use,2024,bulk,ammonia,operating,1.5,0.1,8019,1124,0.19493477032883652,0.19821113728666334,0.5674946599423355,0.5688159407903087,,,,,,,,,,,,,,,0.9284599113057843,0.0060212669482411696,0.13459216616977085,0.14877166729018582,0.5960157089318322,0.6227709190672154
dualfuel|2024|7000|all,10 chosen for dual-fuel use,2024,bulk,ammonia,operating,2.0,0.0,8019,1124,0.36099858006020863,0.3662157782836838,0.7101577938682345,0.7121644317166521,,,,,,,,,,,,,,,0.9284599113057843,0.0060212669482411696,0.30067595268384945,0.32572639980047385,0.7780426981538828,0.7715425863574011
dualfuel|2024|7000|all,10 chosen for dual-fuel use,2024,bulk,ammonia,operating,2.0,0.1,8019,1124,0.30385661964905825,0.3087074462405067,0.6728548680246842,0.6746803227969842,,,,,,,,,,,,,,,0.9284599113057843,0.0060212669482411696,0.24582782780869245,0.2722284574136426,0.7252745372766408,0.7441077441077442
dualfuel|2024|7000|all,10 chosen for dual-fuel use,2024,tanker,methanol,service,1.0,0.0,5577,211,0.18411356401565604,0.18683195884906958,0.4948321109741514,0.49731995307457005,,,0.3149191511149883,0.31714416331791373,,,,,0.3136943757101024,0.3158802731651274,,,,,0.8993543815927041,0.026165876207912993,0.0924237515374444,0.15187376725838264,0.48161265572407874,0.48072440380132686
dualfuel|2024|7000|all,10 chosen for dual-fuel use,2024,tanker,methanol,service,1.0,0.1,5577,211,0.15869008428335976,0.16105596363288469,0.46181674777913084,0.4641021407375324,,,,,,,,,,,,,,,0.8993543815927041,0.026165876207912993,0.07722856723112416,0.12766720459028152,0.4430128737899869,0.4382284382284382
dualfuel|2024|7000|all,10 chosen for dual-fuel use,2024,tanker,methanol,service,1.5,0.0,5577,211,0.33293762343655664,0.3376411484614495,0.6216037491372782,0.6250895216686612,,,0.4469372765413889,0.45018190256091306,,,,,0.4447311043661997,0.4479333262918884,,,,,0.8993543815927041,0.026165876207912993,0.20870510594583525,0.29209252286175363,0.649226253148118,0.6220190066343912
dualfuel|2024|7000|all,10 chosen for dual-fuel use,2024,tanker,methanol,service,1.5,0.1,5577,211,0.28804272155437466,0.2924166000409321,0.5899779463320962,0.5931973440325606,,,,,,,,,,,,,,,0.8993543815927041,0.026165876207912993,0.1669523190137381,0.24565178411332259,0.6025100827194186,0.591715976331361
dualfuel|2024|7000|all,10 chosen for dual-fuel use,2024,tanker,methanol,service,2.0,0.0,5577,211,0.44248429567322556,0.4484387515641373,0.700070405660426,0.70456278315647,,,0.5518927670014842,0.5561775645252208,,,,,0.5489880125230867,0.5532086624149091,,,,,0.8993543815927041,0.026165876207912993,0.3365304929266597,0.39878070647301417,0.7665717134614346,0.6910525372063834
dualfuel|2024|7000|all,10 chosen for dual-fuel use,2024,tanker,methanol,service,2.0,0.1,5577,211,0.4036626568906386,0.40911212035399275,0.6725936671196112,0.6766633020438709,,,,,,,,,,,,,,,0.8993543815927041,0.026165876207912993,0.28226582361239244,0.3598708983324368,0.7243317076349072,0.6729424421732114
dualfuel|2024|7000|all,10 chosen for dual-fuel use,2024,tanker,methanol,operating,1.0,0.0,5577,211,0.19683543163912878,0.19922241362634227,0.49549909519711405,0.49751627155716055,0.4941656910957309,0.4961304237612259,0.2995555095325698,0.30181329576107097,0.29939734568087867,0.3016392529298691,0.49780306186710593,0.5029667893445238,0.2981787852743228,0.3003950252855331,0.2981849187149953,0.30040254430080066,0.4936180073373595,0.49862488757195556,0.8993543815927041,0.026165876207912993,0.08241974533743483,0.14398422090729784,0.4536435373343416,0.45149722072799
dualfuel|2024|7000|all,10 chosen for dual-fuel use,2024,tanker,methanol,operating,1.0,0.1,5577,211,0.16938244547672737,0.17121591169187284,0.46357130127417756,0.4653955541611077,,,,,,,,,,,,,,,0.8993543815927041,0.026165876207912993,0.0673987920962252,0.12443966290120136,0.4186657745245122,0.41240810471579703
dualfuel|2024|7000|all,10 chosen for dual-fuel use,2024,tanker,methanol,operating,1.5,0.0,5577,211,0.33737967087780146,0.34156932543451574,0.6157008588281324,0.6186787038034217,0.6146535374566094,0.6176592414349348,0.42797202027277653,0.4313241133837438,0.4271336955460282,0.4305306276511423,0.6196620104514328,0.6263361902099441,0.4257330349671446,0.42904464179579793,0.425231784711843,0.4285870930348076,0.6150531039406393,0.6215493133318415,0.8993543815927041,0.026165876207912993,0.1821004201512189,0.2694997310381926,0.6129394077021952,0.5976331360946746
dualfuel|2024|7000|all,10 chosen for dual-fuel use,2024,tanker,methanol,operating,1.5,0.1,5577,211,0.2948486219066071,0.2984446462727729,0.5857329998939476,0.5884353316456133,,,,,,,,,,,,,,,0.8993543815927041,0.026165876207912993,0.1458907299815639,0.23094853864084633,0.5687312439538005,0.5696611081226466
dualfuel|2024|7000|all,10 chosen for dual-fuel use,2024,tanker,methanol,operating,2.0,0.0,5577,211,0.4413854759949787,0.4469237263024352,0.6915647664614918,0.6953809521166808,0.6917102995151488,0.6956368993704621,0.5308409768544097,0.535080411415661,0.5295323678509453,0.5339040870121967,0.6999268841398976,0.7080174107710957,0.5281204174705212,0.532296855192006,0.5272200250672867,0.5315253915215485,0.6958148526548855,0.7037911551564999,0.8993543815927041,0.026165876207912993,0.29475142976347146,0.37941545633853324,0.7372166722532694,0.6724045185583647
dualfuel|2024|7000|all,10 chosen for dual-fuel use,2024,tanker,methanol,operating,2.0,0.1,5577,211,0.40321964360436746,0.40836324624720455,0.6646197525418757,0.6681132736795394,,,,,,,,,,,,,,,0.8993543815927041,0.026165876207912993,0.25504166419264096,0.342119419042496,0.691214974496961,0.6462255693024924
dualfuel|2024|7000|all,10 chosen for dual-fuel use,2024,tanker,ammonia,service,1.0,0.0,5577,211,0.13637066413227256,0.1384572283538741,0.4279015429435823,0.42989163786750584,,,,,,,,,,,,,,,0.8993543815927041,0.026165876207912993,0.06419172592092139,0.11009503317195625,0.4068308891982986,0.38694638694638694
dualfuel|2024|7000|all,10 chosen for dual-fuel use,2024,tanker,ammonia,service,1.0,0.1,5577,211,0.11830533905750268,0.12020208039290425,0.39705030954900244,0.39888582261931566,,,,,,,,,,,,,,,0.8993543815927041,0.026165876207912993,0.0508681216626463,0.09449524834140219,0.37521256792235075,0.3439124977586516
dualfuel|2024|7000|all,10 chosen for dual-fuel use,2024,tanker,ammonia,service,1.5,0.0,5577,211,0.24267825001948085,0.24639708340552116,0.5549763871625789,0.557922882171747,,,,,,,,,,,,,,,0.8993543815927041,0.026165876207912993,0.13074243682149664,0.20512820512820512,0.5546000025980133,0.5531647839340147
dualfuel|2024|7000|all,10 chosen for dual-fuel use,2024,tanker,ammonia,service,1.5,0.1,5577,211,0.20789084732141486,0.21100437307669084,0.5213375763778009,0.5240142774439005,,,,,,,,,,,,,,,0.8993543815927041,0.026165876207912993,0.10936585899750344,0.17213555675094136,0.5132718201699314,0.5137170521785906
dualfuel|2024|7000|all,10 chosen for dual-fuel use,2024,tanker,ammonia,service,2.0,0.0,5577,211,0.36088240301553204,0.3660205599576586,0.6417571347521794,0.6454618208983601,,,,,,,,,,,,,,,0.8993543815927041,0.026165876207912993,0.23652638178620325,0.31845077998924154,0.6784120832177072,0.6413842567688721
dualfuel|2024|7000|all,10 chosen for dual-fuel use,2024,tanker,ammonia,service,2.0,0.1,5577,211,0.3178653170382021,0.3225130538339603,0.6113741952166134,0.6147686553922515,,,,,,,,,,,,,,,0.8993543815927041,0.026165876207912993,0.19901564937869215,0.27613412228796846,0.6336111690937858,0.6144880760265375
dualfuel|2024|7000|all,10 chosen for dual-fuel use,2024,tanker,ammonia,operating,1.0,0.0,5577,211,0.14453087782349905,0.14622771788342775,0.430349909697089,0.4319736891180277,,,,,,,,,,,,,,,0.8993543815927041,0.026165876207912993,0.052681544566345016,0.10471579702348933,0.3829195613555337,0.3666845974538282
dualfuel|2024|7000|all,10 chosen for dual-fuel use,2024,tanker,ammonia,operating,1.0,0.1,5577,211,0.12389528215293755,0.1254405259835929,0.3999254477041806,0.4013835270427073,,,,,,,,,,,,,,,0.8993543815927041,0.026165876207912993,0.04114537747174917,0.08786085709162632,0.3510629366678167,0.3200645508337816
dualfuel|2024|7000|all,10 chosen for dual-fuel use,2024,tanker,ammonia,operating,1.5,0.0,5577,211,0.25583595499021783,0.2587323409382145,0.5525858685932169,0.5550161707410148,,,,,,,,,,,,,,,0.8993543815927041,0.026165876207912993,0.11809240784137254,0.19562488793258023,0.523166446270945,0.5255513717052178
dualfuel|2024|7000|all,10 chosen for dual-fuel use,2024,tanker,ammonia,operating,1.5,0.1,5577,211,0.22076410850888264,0.22337781605945048,0.5208393107203637,0.5230281579642675,,,,,,,,,,,,,,,0.8993543815927041,0.026165876207912993,0.0963631760841852,0.16370808678500987,0.48351440759807096,0.48377263761879147
dualfuel|2024|7000|all,10 chosen for dual-fuel use,2024,tanker,ammonia,operating,2.0,0.0,5577,211,0.3642392835727792,0.3686463287004206,0.635035081627786,0.6382030265713133,,,,,,,,,,,,,,,0.8993543815927041,0.026165876207912993,0.21096120536643592,0.29657521965214273,0.6417650670456833,0.6171776941007711
dualfuel|2024|7000|all,10 chosen for dual-fuel use,2024,tanker,ammonia,operating,2.0,0.1,5577,211,0.3239705925651984,0.32793271874386326,0.6059487103021615,0.6088333118451328,,,,,,,,,,,,,,,0.8993543815927041,0.026165876207912993,0.17084771966477966,0.25981710597095214,0.5994478360248182,0.5890263582571275
dualfuel|2024|7000|all,10 chosen for dual-fuel use,2024,gas,methanol,service,1.0,0.0,1035,146,0.05576032906584764,0.05698808421168077,0.25379435998830385,0.2542164170108078,,,0.1682933139411408,0.16841146476207114,,,,,0.1694544557722446,0.16956931182376211,,,,,0.8614812175511385,0.005447176174702456,0.0,0.08985507246376812,0.29904201207113007,0.34202898550724636
dualfuel|2024|7000|all,10 chosen for dual-fuel use,2024,gas,methanol,service,1.0,0.1,1035,146,0.046219678911213063,0.04727450173429354,0.2331456027262927,0.23348885176554274,,,,,,,,,,,,,,,0.8614812175511385,0.005447176174702456,0.0,0.07439613526570048,0.27306119886783486,0.30531400966183575
dualfuel|2024|7000|all,10 chosen for dual-fuel use,2024,gas,methanol,service,1.5,0.0,1035,146,0.13164475052648214,0.13316239098820637,0.33877243320147926,0.3396007597938061,,,0.25304685816013245,0.2535487511451189,,,,,0.2531015763376937,0.25358947346854704,,,,,0.8614812175511385,0.005447176174702456,0.03338172310277638,0.19516908212560385,0.42146929251754717,0.4647342995169082
dualfuel|2024|7000|all,10 chosen for dual-fuel use,2024,gas,methanol,service,1.5,0.1,1035,146,0.10969492065938143,0.11113059332925143,0.31663477273607904,0.3173381288514339,,,,,,,,,,,,,,,0.8614812175511385,0.005447176174702456,0.010400811367028763,0.1642512077294686,0.3872883537006973,0.4386473429951691
dualfuel|2024|7000|all,10 chosen for dual-fuel use,2024,gas,methanol,service,2.0,0.0,1035,146,0.19228705807747185,0.19598563831955737,0.3981654981456886,0.39936861477409125,,,0.3165788831068847,0.3171949850759098,,,,,0.3156932320513457,0.31629215331940974,,,,,0.8614812175511385,0.005447176174702456,0.11841404876573622,0.28309178743961355,0.522746117538036,0.5169082125603864
dualfuel|2024|7000|all,10 chosen for dual-fuel use,2024,gas,methanol,service,2.0,0.1,1035,146,0.16949150098819993,0.17183334576159273,0.3765518173350613,0.37762849757241274,,,,,,,,,,,,,,,0.8614812175511385,0.005447176174702456,0.08646937002484942,0.25120772946859904,0.485873640656977,0.4927536231884058
dualfuel|2024|7000|all,10 chosen for dual-fuel use,2024,gas,methanol,operating,1.0,0.0,1035,146,0.06080475892574049,0.06157026930494361,0.22589598799591182,0.2261162558893832,0.22283233576147907,0.22308334567295937,0.13022068038674203,0.13022068038674203,0.12517510298055826,0.12517510298055826,0.2649592242564679,0.26678925334327,0.1324973342455278,0.1324973342455278,0.1276180674229611,0.1276180674229611,0.2631036246828056,0.2648826213366089,0.8614812175511385,0.005447176174702456,0.0,0.10434782608695652,0.2633347451889973,0.3458937198067633
dualfuel|2024|7000|all,10 chosen for dual-fuel use,2024,gas,methanol,operating,1.0,0.1,1035,146,0.05103223359158569,0.05153531673690886,0.20872020346990905,0.20892885026543073,,,,,,,,,,,,,,,0.8614812175511385,0.005447176174702456,0.0,0.09178743961352658,0.24508216629698396,0.32270531400966185
dualfuel|2024|7000|all,10 chosen for dual-fuel use,2024,gas,methanol,operating,1.5,0.0,1035,146,0.11246949736845435,0.11342203468089954,0.2960309016434777,0.29638111062399314,0.2939856066299391,0.29433337684453587,0.18238516362655166,0.1824548364262258,0.17727841091961358,0.1773896034963642,0.3429528524514077,0.345185437717161,0.18445472713357014,0.18452245702834136,0.1796089355149273,0.1797170273607822,0.34032041305830224,0.3424907401561133,0.8614812175511385,0.005447176174702456,0.003900542172940278,0.20676328502415459,0.387954667610748,0.4386473429951691
dualfuel|2024|7000|all,10 chosen for dual-fuel use,2024,gas,methanol,operating,1.5,0.1,1035,146,0.09886758285120471,0.09971506102226205,0.2767778054301264,0.2770817010039208,,,,,,,,,,,,,,,0.8614812175511385,0.005447176174702456,0.0013549985717508355,0.1681159420289855,0.3483714785282439,0.4260869565217391
dualfuel|2024|7000|all,10 chosen for dual-fuel use,2024,gas,methanol,operating,2.0,0.0,1035,146,0.16115349804415321,0.1629984347176274,0.35068832320321225,0.35131395028465606,0.349067880516914,0.3496384082645987,0.23189832803228386,0.23228573170473182,0.2271522728804753,0.22764714255094612,0.4043374605110445,0.40716013612479385,0.23338393325424897,0.2337605337366696,0.22875689020059248,0.22923795987000736,0.4008254371204525,0.4035693992287431,0.8614812175511385,0.005447176174702456,0.06579846955333969,0.2956521739130435,0.4802466949398146,0.4888888888888889
dualfuel|2024|7000|all,10 chosen for dual-fuel use,2024,gas,methanol,operating,2.0,0.1,1035,146,0.1441143067933358,0.1454887725497423,0.3307767757483974,0.331282597692326,,,,,,,,,,,,,,,0.8614812175511385,0.005447176174702456,0.03338172310277638,0.26859903381642514,0.4476505184655888,0.4753623188405797
dualfuel|2024|7000|all,10 chosen for dual-fuel use,2024,gas,ammonia,service,1.0,0.0,1035,146,0.03842311025113481,0.039463514063389854,0.21184804236393243,0.21212724828967003,,,,,,,,,,,,,,,0.8614812175511385,0.005447176174702456,0.0,0.05893719806763285,0.24730180621959674,0.2589371980676328
dualfuel|2024|7000|all,10 chosen for dual-fuel use,2024,gas,ammonia,service,1.0,0.1,1035,146,0.03353010280534657,0.03388322131211191,0.19421230218102079,0.19444334499071605,,,,,,,,,,,,,,,0.8614812175511385,0.005447176174702456,0.0,0.0463768115942029,0.2263195608747956,0.21739130434782608
dualfuel|2024|7000|all,10 chosen for dual-fuel use,2024,gas,ammonia,service,1.5,0.0,1035,146,0.0847217599194368,0.0861574325893068,0.2932945807120745,0.29387970542358216,,,,,,,,,,,,,,,0.8614812175511385,0.005447176174702456,0.0010541563262495834,0.12657004830917876,0.3503727760321795,0.4077294685990338
dualfuel|2024|7000|all,10 chosen for dual-fuel use,2024,gas,ammonia,service,1.5,0.1,1035,146,0.06585907772225882,0.06729475039212883,0.2708373345527816,0.27132072527419154,,,,,,,,,,,,,,,0.8614812175511385,0.005447176174702456,0.0,0.10144927536231885,0.316153194581857,0.370048309178744
dualfuel|2024|7000|all,10 chosen for dual-fuel use,2024,gas,ammonia,service,2.0,0.0,1035,146,0.14359912180247597,0.14594096657586877,0.35341671803428504,0.3543436636631177,,,,,,,,,,,,,,,0.8614812175511385,0.005447176174702456,0.058296485217185945,0.21159420289855072,0.4494241766705438,0.4753623188405797
dualfuel|2024|7000|all,10 chosen for dual-fuel use,2024,gas,ammonia,service,2.0,0.1,1035,146,0.12455655096900607,0.1260741914307303,0.33157452409817206,0.33234972531159107,,,,,,,,,,,,,,,0.8614812175511385,0.005447176174702456,0.030664120637825813,0.1855072463768116,0.4086361444820697,0.45314009661835747
dualfuel|2024|7000|all,10 chosen for dual-fuel use,2024,gas,ammonia,operating,1.0,0.0,1035,146,0.042698390206531704,0.042943328393266575,0.1916569746076469,0.1918503997405843,,,,,,,,,,,,,,,0.8614812175511385,0.005447176174702456,0.0,0.0782608695652174,0.21986188482952515,0.28599033816425123
dualfuel|2024|7000|all,10 chosen for dual-fuel use,2024,gas,ammonia,operating,1.0,0.1,1035,146,0.03522205673247495,0.03533445434578047,0.17638414710321731,0.17655481474971932,,,,,,,,,,,,,,,0.8614812175511385,0.005447176174702456,0.0,0.057971014492753624,0.1989082905050622,0.24057971014492754
dualfuel|2024|7000|all,10 chosen for dual-fuel use,2024,gas,ammonia,operating,1.5,0.0,1035,146,0.08515486192853261,0.08600234009958994,0.25724737145311277,0.2575267324669169,,,,,,,,,,,,,,,0.8614812175511385,0.005447176174702456,0.0004035436838608911,0.14106280193236714,0.3054433959860601,0.39903381642512076
dualfuel|2024|7000|all,10 chosen for dual-fuel use,2024,gas,ammonia,operating,1.5,0.1,1035,146,0.07318755774732512,0.07403503591838245,0.2396528595893314,0.23991787434296863,,,,,,,,,,,,,,,0.8614812175511385,0.005447176174702456,0.0,0.12173913043478261,0.2792495810043342,0.3710144927536232
dualfuel|2024|7000|all,10 chosen for dual-fuel use,2024,gas,ammonia,operating,2.0,0.0,1035,146,0.12210236183190849,0.12323913465608853,0.3092889478032755,0.3096936837020925,,,,,,,,,,,,,,,0.8614812175511385,0.005447176174702456,0.021653640034697552,0.2289855072463768,0.40340076885173265,0.45507246376811594
dualfuel|2024|7000|all,10 chosen for dual-fuel use,2024,gas,ammonia,operating,2.0,0.1,1035,146,0.10751910457820864,0.10847164189065382,0.28966898185310613,0.29000450982149195,,,,,,,,,,,,,,,0.8614812175511385,0.005447176174702456,0.0019046415483586843,0.1961352657004831,0.37450474860014993,0.4318840579710145
dualfuel|2024|7000|all,10 chosen for dual-fuel use,2024,general,methanol,service,1.0,0.0,1886,557,0.11483338124179027,0.11622080261342456,0.37245706549112784,0.3748144197843438,,,0.2477964445623243,0.2494309344039581,,,,,0.2430863863219735,0.24464843589645136,,,,,0.8343013823161908,0.02402758528646121,0.012333460741651543,0.06574761399787911,0.321088375542984,0.3091198303287381
dualfuel|2024|7000|all,10 chosen for dual-fuel use,2024,general,methanol,service,1.0,0.1,1886,557,0.09823491201141007,0.09929828247679698,0.34572985439943665,0.34792153309679463,,,,,,,,,,,,,,,0.8343013823161908,0.02402758528646121,0.002302306114922886,0.051961823966065745,0.29554538695090415,0.2698833510074231
dualfuel|2024|7000|all,10 chosen for dual-fuel use,2024,general,methanol,service,1.5,0.0,1886,557,0.20592352522957114,0.208721486834261,0.4817755817907098,0.48516091282125984,,,0.337658627362421,0.34056027043001347,,,,,0.33192355238145604,0.33469659520103634,,,,,0.8343013823161908,0.02402758528646121,0.06539689417557545,0.15164369034994699,0.4531134938425516,0.46129374337221635
dualfuel|2024|7000|all,10 chosen for dual-fuel use,2024,general,methanol,service,1.5,0.1,1886,557,0.1801058520078083,0.18261606301337205,0.45266720298821,0.4557641263591172,,,,,,,,,,,,,,,0.8343013823161908,0.02402758528646121,0.048954184488512215,0.12089077412513255,0.4148578973739633,0.4236479321314952
dualfuel|2024|7000|all,10 chosen for dual-fuel use,2024,general,methanol,service,2.0,0.0,1886,557,0.29679429398842544,0.3010996307490214,0.5604751540147164,0.5650845433836629,,,0.41922824198185965,0.42350247187048645,,,,,0.4129603769437378,0.41704517380737366,,,,,0.8343013823161908,0.02402758528646121,0.13594683802839733,0.2391304347826087,0.5582448443534849,0.5355249204665959
dualfuel|2024|7000|all,10 chosen for dual-fuel use,2024,general,methanol,service,2.0,0.1,1886,557,0.2566629761741142,0.2600807507520024,0.531895543058983,0.5360822376266426,,,,,,,,,,,,,,,0.8343013823161908,0.02402758528646121,0.10274817636386252,0.20042417815482502,0.5166892937500341,0.5084835630965006
dualfuel|2024|7000|all,10 chosen for dual-fuel use,2024,general,methanol,operating,1.0,0.0,1886,557,0.12254411638004721,0.12370988013854711,0.3821240351828029,0.38377045505689206,0.3804228223647497,0.38174111128141275,0.2539114552467243,0.25541571178384037,0.25363279923198845,0.25520124962587876,0.41408382030012636,0.4201270652722555,0.24896836881770004,0.2504059570020102,0.24868507556511002,0.2501840125471332,0.4016940217758015,0.40726257088734086,0.8343013823161908,0.02402758528646121,0.007810108880313216,0.07476139978791092,0.32799585263450803,0.3297985153764581
dualfuel|2024|7000|all,10 chosen for dual-fuel use,2024,general,methanol,operating,1.0,0.1,1886,557,0.10394478740678884,0.10503074416199114,0.3552747779464515,0.3567550955825874,,,,,,,,,,,,,,,0.8343013823161908,0.02402758528646121,0.0021565999643419396,0.061505832449628844,0.30054221802477565,0.29374337221633084
dualfuel|2024|7000|all,10 chosen for dual-fuel use,2024,general,methanol,operating,1.5,0.0,1886,557,0.2184584765355054,0.2207915909570319,0.49089338867948085,0.4934823224376698,0.4887303091048192,0.4911433280129129,0.3429585378025943,0.345889169448108,0.34295764351967334,0.34596916279563594,0.5062546345319079,0.5152771979017378,0.3364855084902287,0.33928625511967875,0.33652706388447207,0.33940511322055567,0.4932036808737384,0.5016892646244436,0.8343013823161908,0.02402758528646121,0.06962505804008366,0.15482502651113467,0.45398801164059144,0.4634146341463415
dualfuel|2024|7000|all,10 chosen for dual-fuel use,2024,general,methanol,operating,1.5,0.1,1886,557,0.19207006860374432,0.19411223774490458,0.46217996730248295,0.46448067017460104,,,,,,,,,,,,,,,0.8343013823161908,0.02402758528646121,0.05266981526360519,0.13043478260869565,0.4143273754388863,0.4337221633085896
dualfuel|2024|7000|all,10 chosen for dual-fuel use,2024,general,methanol,operating,2.0,0.0,1886,557,0.3113515714069213,0.31551031360870224,0.5672146525986107,0.5708784975092054,0.5648054149096432,0.568349796091883,0.41965943434116654,0.4239276077594592,0.41879713166834903,0.4232953492360818,0.5704509035503741,0.5825074224259776,0.4128180397444264,0.41689704855929777,0.41203813533203765,0.4163369927850535,0.5566852981854944,0.5679469545299128,0.8343013823161908,0.02402758528646121,0.14146681334573366,0.25609756097560976,0.566030188230706,0.5445387062566278
dualfuel|2024|7000|all,10 chosen for dual-fuel use,2024,general,methanol,operating,2.0,0.1,1886,557,0.27414375904186866,0.2778246355272097,0.539742233230899,0.5429526532384403,,,,,,,,,,,,,,,0.8343013823161908,0.02402758528646121,0.11502600524816406,0.21527041357370094,0.5229911276119055,0.5121951219512195
dualfuel|2024|7000|all,10 chosen for dual-fuel use,2024,general,ammonia,service,1.0,0.0,1886,557,0.08547185661851865,0.08639413497331497,0.31901560716249994,0.32090186572017343,,,,,,,,,,,,,,,0.8343013823161908,0.02402758528646121,0.001557034039904952,0.044538706256627786,0.26974442253510794,0.2301166489925769
dualfuel|2024|7000|all,10 chosen for dual-fuel use,2024,general,ammonia,service,1.0,0.1,1886,557,0.073798767253387,0.07436830714440323,0.2952605976456632,0.29691614491529994,,,,,,,,,,,,,,,0.8343013823161908,0.02402758528646121,0.0012057552683627886,0.03711558854718982,0.24610073791486436,0.19618239660657477
dualfuel|2024|7000|all,10 chosen for dual-fuel use,2024,general,ammonia,service,1.5,0.0,1886,557,0.15418408669715641,0.1563743679876082,0.422462124945169,0.4252892351226743,,,,,,,,,,,,,,,0.8343013823161908,0.02402758528646121,0.0349206994011836,0.09650053022269353,0.37939481867418356,0.3860021208907741
dualfuel|2024|7000|all,10 chosen for dual-fuel use,2024,general,ammonia,service,1.5,0.1,1886,557,0.13077372373003676,0.13256307762601488,0.39436764696105564,0.39691147584088987,,,,,,,,,,,,,,,0.8343013823161908,0.02402758528646121,0.023775052899818662,0.07582184517497349,0.34850813108966106,0.34358430540827145
dualfuel|2024|7000|all,10 chosen for dual-fuel use,2024,general,ammonia,service,2.0,0.0,1886,557,0.22478707373040296,0.2278558747032658,0.5012553614512811,0.5049691411747815,,,,,,,,,,,,,,,0.8343013823161908,0.02402758528646121,0.07873793958406222,0.16967126193001061,0.47541756113215705,0.47985153764581123
dualfuel|2024|7000|all,10 chosen for dual-fuel use,2024,general,ammonia,service,2.0,0.1,1886,557,0.19606996509602054,0.19869704859525725,0.4721304292664309,0.47540699716272655,,,,,,,,,,,,,,,0.8343013823161908,0.02402758528646121,0.05558473793114381,0.13997879109225875,0.4396430728085515,0.4533404029692471
dualfuel|2024|7000|all,10 chosen for dual-fuel use,2024,general,ammonia,operating,1.0,0.0,1886,557,0.09064127984425596,0.09157892175765296,0.32785696902972256,0.3290529467448483,,,,,,,,,,,,,,,0.8343013823161908,0.02402758528646121,0.00162995798398735,0.0503711558854719,0.27415234935548494,0.24602332979851538
dualfuel|2024|7000|all,10 chosen for dual-fuel use,2024,general,ammonia,operating,1.0,0.1,1886,557,0.07945869204730766,0.080295936501921,0.3036816731683901,0.3047145069952422,,,,,,,,,,,,,,,0.8343013823161908,0.02402758528646121,0.0012057552683627886,0.043478260869565216,0.24788962512681967,0.2046659597030753
dualfuel|2024|7000|all,10 chosen for dual-fuel use,2024,general,ammonia,operating,1.5,0.0,1886,557,0.16307630186434144,0.1646509508649824,0.4322004972890503,0.4342224710717427,,,,,,,,,,,,,,,0.8343013823161908,0.02402758528646121,0.0349206994011836,0.10816542948038176,0.3799887825153778,0.39766702014846234
dualfuel|2024|7000|all,10 chosen for dual-fuel use,2024,general,ammonia,operating,1.5,0.1,1886,557,0.13923046468227868,0.14066694430404394,0.4041325588252313,0.4059570093425111,,,,,,,,,,,,,,,0.8343013823161908,0.02402758528646121,0.018931450909301914,0.08695652173913043,0.3494414104093059,0.3589607635206787
dualfuel|2024|7000|all,10 chosen for dual-fuel use,2024,general,ammonia,operating,2.0,0.0,1886,557,0.23941468582102332,0.24206829266970256,0.5100605598839942,0.5128711261023672,,,,,,,,,,,,,,,0.8343013823161908,0.02402758528646121,0.08476190115974729,0.1792152704135737,0.4774244937817601,0.4835630965005302
dualfuel|2024|7000|all,10 chosen for dual-fuel use,2024,general,ammonia,operating,2.0,0.1,1886,557,0.21053031066377953,0.21269571614575689,0.4813541886127713,0.4838352786116009,,,,,,,,,,,,,,,0.8343013823161908,0.02402758528646121,0.06297712457086235,0.14634146341463414,0.44219270995946514,0.45227995758218453
dualfuel|2024|7000|all,10 chosen for dual-fuel use,2024,roro,methanol,service,1.0,0.0,538,158,0.15982875353363965,0.16057713245247332,0.49583647122200547,0.4970474281207454,,,0.4263596405177094,0.42685349454757754,,,,,0.4222015693452375,0.4226883851284936,,,,,0.9237687983243927,0.007572957713132784,0.07665123444787433,0.08178438661710037,0.4950806225646359,0.49256505576208176
dualfuel|2024|7000|all,10 chosen for dual-fuel use,2024,roro,methanol,service,1.0,0.1,538,158,0.12683086651183892,0.1272703021557604,0.46030210373947916,0.46143242320275607,,,,,,,,,,,,,,,0.9237687983243927,0.007572957713132784,0.062021511119628586,0.048327137546468404,0.453581068031898,0.4349442379182156
dualfuel|2024|7000|all,10 chosen for dual-fuel use,2024,roro,methanol,service,1.5,0.0,538,158,0.32085578165240675,0.32328028356460037,0.6292687324346511,0.6307204863753728,,,0.5725955160397144,0.5735599246065543,,,,,0.567019685519944,0.5679703496503359,,,,,0.9237687983243927,0.007572957713132784,0.23905078434725874,0.23234200743494424,0.6707793951479357,0.6635687732342007
dualfuel|2024|7000|all,10 chosen for dual-fuel use,2024,roro,methanol,service,1.5,0.1,538,158,0.268795746680747,0.27077237828212347,0.5966466584440775,0.5980100306347075,,,,,,,,,,,,,,,0.9237687983243927,0.007572957713132784,0.1848366462753957,0.1691449814126394,0.6257514513546911,0.6394052044609665
dualfuel|2024|7000|all,10 chosen for dual-fuel use,2024,roro,methanol,service,2.0,0.0,538,158,0.4572653510470343,0.46087945519205137,0.7104668647586354,0.7123376551435778,,,0.6678058051916682,0.6696838934222348,,,,,0.6613618141432301,0.6632131364726879,,,,,0.9237687983243927,0.007572957713132784,0.3853029415316097,0.41821561338289964,0.7905517982730423,0.7397769516728625
dualfuel|2024|7000|all,10 chosen for dual-fuel use,2024,roro,methanol,service,2.0,0.1,538,158,0.39811590863424984,0.4012232780641667,0.6823579164012419,0.6840276393409391,,,,,,,,,,,,,,,0.9237687983243927,0.007572957713132784,0.32141848209101753,0.3382899628252788,0.7452969268305325,0.7044609665427509
dualfuel|2024|7000|all,10 chosen for dual-fuel use,2024,roro,methanol,operating,1.0,0.0,538,158,0.11182702899366463,0.11232850562970187,0.434780781405314,0.4356826135047611,0.4310983084089126,0.43187007105466435,0.3693628705122174,0.3696096116184977,0.36378891123495566,0.3641566307471222,0.5418400871419995,0.5422568316845787,0.36578311564488214,0.3660263402773659,0.36023481634071114,0.36059729523428563,0.5348368542553583,0.5352476594906971,0.9237687983243927,0.007572957713132784,0.0554428711008713,0.04275092936802974,0.4393282437296542,0.3847583643122677
dualfuel|2024|7000|all,10 chosen for dual-fuel use,2024,roro,methanol,operating,1.0,0.1,538,158,0.09725703028586273,0.09775850692189997,0.40118320099855376,0.4019930087121946,,,,,,,,,,,,,,,0.9237687983243927,0.007572957713132784,0.04394121404868291,0.03531598513011153,0.4051484204622284,0.31970260223048325
dualfuel|2024|7000|all,10 chosen for dual-fuel use,2024,roro,methanol,operating,1.5,0.0,538,158,0.23406589351643475,0.23621083720488442,0.5707646490240723,0.5719450158641706,0.5644564017730829,0.5655078953926351,0.5026415600835482,0.5032456025203992,0.48797804996597,0.48876229961452555,0.6655270081594841,0.6668692657403518,0.4975224963215425,0.4981179301425323,0.4829672931632306,0.4837403659415006,0.6575430632184146,0.6588661913818513,0.9237687983243927,0.007572957713132784,0.15971056464029637,0.1412639405204461,0.6014533925014338,0.6059479553903345
dualfuel|2024|7000|all,10 chosen for dual-fuel use,2024,roro,methanol,operating,1.5,0.1,538,158,0.19613040661962572,0.19782747999725825,0.5352416598034432,0.5363029076234057,,,,,,,,,,,,,,,0.9237687983243927,0.007572957713132784,0.1171368266586985,0.11524163568773234,0.5597809581374398,0.5650557620817844
dualfuel|2024|7000|all,10 chosen for dual-fuel use,2024,roro,methanol,operating,2.0,0.0,538,158,0.37123843419070923,0.3740374833778411,0.6612272017289039,0.6627623344258214,0.6576607278927976,0.6590712187492493,0.6110045930491805,0.6119860905738195,0.5989900973201221,0.6001482955616049,0.7392675903696211,0.7420167530873145,0.6050312344522724,0.6059987439942087,0.5928651619472619,0.5940068539250392,0.7310832333420849,0.7337932158890603,0.9237687983243927,0.007572957713132784,0.27941430676001516,0.3215613382899628,0.707755243711826,0.6988847583643123
dualfuel|2024|7000|all,10 chosen for dual-fuel use,2024,roro,methanol,operating,2.0,0.1,538,158,0.3122303048364043,0.31502935402353616,0.6297853455343322,0.6311885207159941,,,,,,,,,,,,,,,0.9237687983243927,0.007572957713132784,0.24159257313338597,0.23605947955390336,0.6639940034964839,0.671003717472119
dualfuel|2024|7000|all,10 chosen for dual-fuel use,2024,roro,ammonia,service,1.0,0.0,538,158,0.10130430774424673,0.10174374338816822,0.4234312976506179,0.4244834184954473,,,,,,,,,,,,,,,0.9237687983243927,0.007572957713132784,0.046796058615796325,0.031598513011152414,0.4130606438617156,0.3550185873605948
dualfuel|2024|7000|all,10 chosen for dual-fuel use,2024,roro,ammonia,service,1.0,0.1,538,158,0.08605636289993374,0.08633629906359093,0.3898703494934308,0.39085989531211557,,,,,,,,,,,,,,,0.9237687983243927,0.007572957713132784,0.03936819704267881,0.02973977695167286,0.3808352901547696,0.2788104089219331
dualfuel|2024|7000|all,10 chosen for dual-fuel use,2024,roro,ammonia,service,1.5,0.0,538,158,0.21865501076204422,0.21982062478509093,0.5597518316268814,0.5610538061151679,,,,,,,,,,,,,,,0.9237687983243927,0.007572957713132784,0.1277543470164341,0.13011152416356878,0.5754657231253333,0.5910780669144982
dualfuel|2024|7000|all,10 chosen for dual-fuel use,2024,roro,ammonia,service,1.5,0.1,538,158,0.18662739761205385,0.18753601833437103,0.5238680718883347,0.5251246399708855,,,,,,,,,,,,,,,0.9237687983243927,0.007572957713132784,0.10244287258712495,0.09479553903345725,0.5289244566438841,0.5371747211895911
dualfuel|2024|7000|all,10 chosen for dual-fuel use,2024,roro,ammonia,service,2.0,0.0,538,158,0.3537215917533105,0.3568289611832274,0.6502659308495597,0.6517939999948412,,,,,,,,,,,,,,,0.9237687983243927,0.007572957713132784,0.2631915392351031,0.27695167286245354,0.6963658000036858,0.6840148698884758
dualfuel|2024|7000|all,10 chosen for dual-fuel use,2024,roro,ammonia,service,2.0,0.1,538,158,0.30332799477266353,0.30575249668485716,0.6187149174236266,0.6201240338424994,,,,,,,,,,,,,,,0.9237687983243927,0.007572957713132784,0.22420436885607936,0.20817843866171004,0.6556158943418372,0.6561338289962825
dualfuel|2024|7000|all,10 chosen for dual-fuel use,2024,roro,ammonia,operating,1.0,0.0,538,158,0.07995094209274921,0.08039037773667068,0.36790568575969707,0.3686390082057681,,,,,,,,,,,,,,,0.9237687983243927,0.007572957713132784,0.036272584753336445,0.02973977695167286,0.3669433216219772,0.241635687732342
dualfuel|2024|7000|all,10 chosen for dual-fuel use,2024,roro,ammonia,operating,1.0,0.1,538,158,0.06958007530458148,0.07001951094850295,0.3383652688545389,0.33903655208647804,,,,,,,,,,,,,,,0.9237687983243927,0.007572957713132784,0.030021839840872498,0.022304832713754646,0.33420281040460315,0.18587360594795538
dualfuel|2024|7000|all,10 chosen for dual-fuel use,2024,roro,ammonia,operating,1.5,0.0,538,158,0.16333082393151976,0.16444317135250658,0.4976918349808183,0.498705143585846,,,,,,,,,,,,,,,0.9237687983243927,0.007572957713132784,0.09268517027600993,0.08364312267657993,0.5148662573060298,0.5185873605947955
dualfuel|2024|7000|all,10 chosen for dual-fuel use,2024,roro,ammonia,operating,1.5,0.1,538,158,0.13467290100193416,0.13517437763797138,0.4622324133663728,0.46320147197285344,,,,,,,,,,,,,,,0.9237687983243927,0.007572957713132784,0.06674616386262944,0.05762081784386617,0.46968685394607107,0.4516728624535316
dualfuel|2024|7000|all,10 chosen for dual-fuel use,2024,roro,ammonia,operating,2.0,0.0,538,158,0.26076290801965324,0.26290785170810294,0.5940754255065073,0.5953339850053043,,,,,,,,,,,,,,,0.9237687983243927,0.007572957713132784,0.18877747287391827,0.1691449814126394,0.6300339990837391,0.6412639405204461
dualfuel|2024|7000|all,10 chosen for dual-fuel use,2024,roro,ammonia,operating,2.0,0.1,538,158,0.21990385764111584,0.22160093101874834,0.5590982232095026,0.5602426929524953,,,,,,,,,,,,,,,0.9237687983243927,0.007572957713132784,0.14404290187446211,0.13197026022304834,0.5889226499420352,0.5929368029739777
dualfuel|2024|7000|all,20 chosen for dual-fuel use,2024,all,methanol,service,1.0,0.0,19981,3054,0.27538437688676876,0.27748726124074935,0.6164421653031512,0.6175105248418448,,,0.5678405184213607,0.5689414276824181,,,,,0.5658942578121795,0.5669783464312614,,,,,0.9574669596297374,0.057986284355876286,0.20606380674329372,0.2261148090686152,0.6565199281814512,0.697462589459987
dualfuel|2024|7000|all,20 chosen for dual-fuel use,2024,all,methanol,service,1.0,0.1,19981,3054,0.23944477491982416,0.24122413042779375,0.5804676378894382,0.5814497425189523,,,,,,,,,,,,,,,0.9574669596297374,0.057986284355876286,0.16900160903298267,0.1867774385666383,0.6109229814831829,0.650417897002152
dualfuel|2024|7000|all,20 chosen for dual-fuel use,2024,all,methanol,service,1.5,0.0,19981,3054,0.4629509240129358,0.4664350359089856,0.7444790299371851,0.7459553040045692,,,0.7049674094020791,0.706529631668204,,,,,0.7019872397037304,0.7035285173165288,,,,,0.9574669596297374,0.057986284355876286,0.42887721191586015,0.4397677793904209,0.830265403164951,0.8148240828787348
dualfuel|2024|7000|all,20 chosen for dual-fuel use,2024,all,methanol,service,1.5,0.1,19981,3054,0.41031415124959997,0.41338991510028417,0.7138197968883649,0.7151876505227804,,,,,,,,,,,,,,,0.9574669596297374,0.057986284355876286,0.35894656651515583,0.3774585856563736,0.7865195354476707,0.7947049697212352
dualfuel|2024|7000|all,20 chosen for dual-fuel use,2024,all,methanol,service,2.0,0.0,19981,3054,0.6050729988620778,0.6094786630500245,0.8151767887966479,0.8170092789981319,,,0.7809458087452789,0.7828359818487195,,,,,0.7776832794690923,0.7795461620598223,,,,,0.9574669596297374,0.057986284355876286,0.6289435988916094,0.5934137430559031,0.94043159376009,0.8548621190130624
dualfuel|2024|7000|all,20 chosen for dual-fuel use,2024,all,methanol,service,2.0,0.1,19981,3054,0.5497871986419877,0.5538251309470197,0.7916584016474206,0.793349202540492,,,,,,,,,,,,,,,0.9574669596297374,0.057986284355876286,0.5493216214018346,0.5378609679195235,0.9018764417839984,0.8427005655372604
dualfuel|2024|7000|all,20 chosen for dual-fuel use,2024,all,methanol,operating,1.0,0.0,19981,3054,0.3341187524068697,0.3363883691804946,0.6461162238366644,0.6470472092298043,0.6411087100707783,0.6419756861225133,0.591875385551138,0.5930195112821116,0.586750941971075,0.587835170022915,0.7172879721085326,0.719160937065719,0.5893024685956654,0.5904282753299792,0.5843329066136225,0.585405275715578,0.7121336493027478,0.7139720760519621,0.9574669596297374,0.057986284355876286,0.240964870819552,0.2669035583804614,0.6881508851641814,0.7174315599819829
dualfuel|2024|7000|all,20 chosen for dual-fuel use,2024,all,methanol,operating,1.0,0.1,19981,3054,0.2930477076329554,0.29493902760896357,0.6129684769072592,0.6138204800934149,,,,,,,,,,,,,,,0.9574669596297374,0.057986284355876286,0.19629247481904397,0.225113858165257,0.6417017528892729,0.6781442370251739
dualfuel|2024|7000|all,20 chosen for dual-fuel use,2024,all,methanol,operating,1.5,0.0,19981,3054,0.5100883610920954,0.5135112155993297,0.7608348750377171,0.7621390818858044,0.7575147037496295,0.7587750045530595,0.7081866081462062,0.7097581084816965,0.7042335902499156,0.7058331071617073,0.8066502514709988,0.8091827436338216,0.7051391130851875,0.706690840002448,0.7013745092715299,0.7029535918888817,0.8017854301530527,0.8042593185855043,0.9574669596297374,0.057986284355876286,0.4710998956813411,0.47675291526950603,0.8584121731883942,0.817476602772634
dualfuel|2024|7000|all,20 chosen for dual-fuel use,2024,all,methanol,operating,1.5,0.1,19981,3054,0.4609333599769943,0.4639722469518913,0.7336168189840762,0.7348015760108468,,,,,,,,,,,,,,,0.9574669596297374,0.057986284355876286,0.40392800482966434,0.4209499024072869,0.8152807511767698,0.800860817776888
dualfuel|2024|7000|all,20 chosen for dual-fuel use,2024,all,methanol,operating,2.0,0.0,19981,3054,0.6452834438017019,0.6495861751557308,0.821521425667621,0.8231643294482259,0.8199115784169011,0.8215204868595858,0.7773960194970254,0.779397602930288,0.7742785992887665,0.7763173944763169,0.8528597622452173,0.8559222003291448,0.7741545532695081,0.7761262181588641,0.771206126425457,0.7732141252900717,0.8480739313038552,0.8510586370511097,0.9574669596297374,0.057986284355876286,0.6890839520381788,0.6242430308793354,0.964142816882694,0.8542115009258796
dualfuel|2024|7000|all,20 chosen for dual-fuel use,2024,all,methanol,operating,2.0,0.1,19981,3054,0.597675611591253,0.6016530856724439,0.8017401587396739,0.8032467655787925,,,,,,,,,,,,,,,0.9574669596297374,0.057986284355876286,0.6041561867771309,0.5743456283469296,0.9284795321055914,0.8425003753565887
dualfuel|2024|7000|all,20 chosen for dual-fuel use,2024,all,ammonia,service,1.0,0.0,19981,3054,0.20879333880196255,0.2103591966118454,0.5427213094252019,0.543589667068017,,,,,,,,,,,,,,,0.9574669596297374,0.057986284355876286,0.1412880902920355,0.15429658175266503,0.5646163376595332,0.5943646464140934
dualfuel|2024|7000|all,20 chosen for dual-fuel use,2024,all,ammonia,service,1.0,0.1,19981,3054,0.1830424620765549,0.18428887639177968,0.5080229238543293,0.5088161040444856,,,,,,,,,,,,,,,0.9574669596297374,0.057986284355876286,0.11896144950925651,0.12867223862669536,0.5223012164886519,0.5353085431159602
dualfuel|2024|7000|all,20 chosen for dual-fuel use,2024,all,ammonia,service,1.5,0.0,19981,3054,0.3559415072361135,0.35861893816760654,0.6792170166403774,0.6804659944512735,,,,,,,,,,,,,,,0.9574669596297374,0.057986284355876286,0.2970192395357065,0.31534958210299785,0.7372856799955048,0.764376157349482
dualfuel|2024|7000|all,20 chosen for dual-fuel use,2024,all,ammonia,service,1.5,0.1,19981,3054,0.30827979459963084,0.3106366584764188,0.644598879184362,0.6457430399053484,,,,,,,,,,,,,,,0.9574669596297374,0.057986284355876286,0.24338948863552187,0.2624993744056854,0.6925134712573823,0.7314448726289976
dualfuel|2024|7000|all,20 chosen for dual-fuel use,2024,all,ammonia,service,2.0,0.0,19981,3054,0.49639272330614104,0.5001613111932237,0.763574689771093,0.7651363481956241,,,,,,,,,,,,,,,0.9574669596297374,0.057986284355876286,0.4740032258806662,0.47785396126320007,0.8588628941679037,0.8261348280866824
dualfuel|2024|7000|all,20 chosen for dual-fuel use,2024,all,ammonia,service,2.0,0.1,19981,3054,0.44393017197262097,0.44730019264339343,0.7346392767783272,0.7360787228365634,,,,,,,,,,,,,,,0.9574669596297374,0.057986284355876286,0.40397738497092983,0.4177468595165407,0.816176181412708,0.8084680446424103
dualfuel|2024|7000|all,20 chosen for dual-fuel use,2024,all,ammonia,operating,1.0,0.0,19981,3054,0.2546347529588256,0.25624116914698974,0.577279165638729,0.5780416799688902,,,,,,,,,,,,,,,0.9574669596297374,0.057986284355876286,0.15969811425676853,0.1840748711275712,0.5928221181139629,0.6278464541314248
dualfuel|2024|7000|all,20 chosen for dual-fuel use,2024,all,ammonia,operating,1.0,0.1,19981,3054,0.22050259572687358,0.221849135468724,0.5433196209570442,0.5440104930214034,,,,,,,,,,,,,,,0.9574669596297374,0.057986284355876286,0.13270303807435319,0.1504929683199039,0.54861163697484,0.5721935839047094
dualfuel|2024|7000|all,20 chosen for dual-fuel use,2024,all,ammonia,operating,1.5,0.0,19981,3054,0.4127944027601288,0.4154971640261106,0.7024829775354965,0.7035649350820519,,,,,,,,,,,,,,,0.9574669596297374,0.057986284355876286,0.3374866189042194,0.361193133476803,0.7690549989263621,0.7762374255542765
dualfuel|2024|7000|all,20 chosen for dual-fuel use,2024,all,ammonia,operating,1.5,0.1,19981,3054,0.3675132705719961,0.3699482309269928,0.6715015282347703,0.6724983148441586,,,,,,,,,,,,,,,0.9574669596297374,0.057986284355876286,0.2803739683547303,0.30739202242130026,0.7234028759384089,0.7453080426405084
dualfuel|2024|7000|all,20 chosen for dual-fuel use,2024,all,ammonia,operating,2.0,0.0,19981,3054,0.5447863436279856,0.5483799445704486,0.77770498346258,0.7790821491109069,,,,,,,,,,,,,,,0.9574669596297374,0.057986284355876286,0.5210020213172409,0.5145388118712777,0.8862479767830578,0.8277863970772233
dualfuel|2024|7000|all,20 chosen for dual-fuel use,2024,all,ammonia,operating,2.0,0.1,19981,3054,0.49416371679975934,0.4974651305748188,0.7521107401219911,0.7533765856370248,,,,,,,,,,,,,,,0.9574669596297374,0.057986284355876286,0.4478920005105136,0.4588358940993944,0.8443518902565157,0.8127721335268505
dualfuel|2024|7000|all,20 chosen for dual-fuel use,2024,container,methanol,service,1.0,0.0,2926,858,0.3683226513924632,0.3696615807279381,0.6947285526503355,0.6952685629227804,,,0.6914880385387816,0.6922604823812082,,,,,0.6899434992292419,0.6907049373902808,,,,,0.9440616989766136,0.13186672242190256,0.27283291221247113,0.3735475051264525,0.7588993983773636,0.7136021872863978
dualfuel|2024|7000|all,20 chosen for dual-fuel use,2024,container,methanol,service,1.0,0.1,2926,858,0.32072239494594246,0.3218142040409126,0.6592177439654051,0.6597066530690628,,,,,,,,,,,,,,,0.9440616989766136,0.13186672242190256,0.22177240216716182,0.32946001367054,0.7086744303539545,0.6838687628161313
dualfuel|2024|7000|all,20 chosen for dual-fuel use,2024,container,methanol,service,1.5,0.0,2926,858,0.5918384040364395,0.5943802715504856,0.8073837223691955,0.808141398689203,,,0.8160876463952517,0.8170345832965639,,,,,0.8130833294097392,0.8140167744748071,,,,,0.9440616989766136,0.13186672242190256,0.6400090129684488,0.569377990430622,0.9246725156147613,0.7819548872180451
dualfuel|2024|7000|all,20 chosen for dual-fuel use,2024,container,methanol,service,1.5,0.1,2926,858,0.535452372168671,0.5376240954141588,0.78285443603254,0.783572113562262,,,,,,,,,,,,,,,0.9440616989766136,0.13186672242190256,0.5447879734723808,0.518796992481203,0.8882847726039254,0.7706766917293233
dualfuel|2024|7000|all,20 chosen for dual-fuel use,2024,container,methanol,service,2.0,0.0,2926,858,0.7115119085175883,0.7144218787423727,0.8586965892980168,0.8596056580926884,,,0.8673522580835877,0.8684547205157105,,,,,0.8638800333855964,0.86496678807354,,,,,0.9440616989766136,0.13186672242190256,0.8585635859322064,0.6599453178400547,0.9998704511709443,0.8051948051948052
dualfuel|2024|7000|all,20 chosen for dual-fuel use,2024,container,methanol,service,2.0,0.1,2926,858,0.665808675768529,0.6685505868616237,0.8421609635214007,0.843005881336116,,,,,,,,,,,,,,,0.9440616989766136,0.13186672242190256,0.782190330504041,0.6274777853725222,0.976231230075881,0.797676008202324
dualfuel|2024|7000|all,20 chosen for dual-fuel use,2024,container,methanol,operating,1.0,0.0,2926,858,0.5243547631988787,0.5265091582338508,0.775233349749452,0.7757985477401563,0.7685175770523914,0.769028958865406,0.7805697906789943,0.7814313200904374,0.7703372705464584,0.7711099999780652,0.8364880595843305,0.8378367415992649,0.7775869718742409,0.7784362263244667,0.7674173226673663,0.7681790423485473,0.8319910085329604,0.833320474698469,0.9440616989766136,0.13186672242190256,0.4991954935329863,0.49965823650034175,0.8667477468347984,0.7522214627477786
dualfuel|2024|7000|all,20 chosen for dual-fuel use,2024,container,methanol,operating,1.0,0.1,2926,858,0.4649772838759877,0.4666797189822355,0.7470217499464905,0.7475387226797766,,,,,,,,,,,,,,,0.9440616989766136,0.13186672242190256,0.40310972297250436,0.44429254955570746,0.8229680388788281,0.7385509227614491
dualfuel|2024|7000|all,20 chosen for dual-fuel use,2024,container,methanol,operating,1.5,0.0,2926,858,0.7064403374375454,0.7090934995277338,0.8541335376627072,0.8548884941134588,0.8500725472488027,0.8508169549116803,0.857825595871111,0.8588955099861458,0.8543199122656662,0.8553914276891503,0.8948507178769258,0.8968958221374275,0.8541091085345156,0.8551637786496438,0.8506420843941337,0.8516983330024723,0.8899805035675019,0.8919964694432491,0.9440616989766136,0.13186672242190256,0.8383107133252252,0.6496924128503075,0.990415926809083,0.7918660287081339
dualfuel|2024|7000|all,20 chosen for dual-fuel use,2024,container,methanol,operating,1.5,0.1,2926,858,0.6645672771231614,0.6671987861933121,0.8377172299843267,0.8383933090591191,,,,,,,,,,,,,,,0.9440616989766136,0.13186672242190256,0.7587306144398211,0.6175666438824333,0.9673073459373631,0.7863978127136022
dualfuel|2024|7000|all,20 chosen for dual-fuel use,2024,container,methanol,operating,2.0,0.0,2926,858,0.8042309108049763,0.8070977647885614,0.8842998908752707,0.8853191742154148,0.8823862426392028,0.8833931522732257,0.8941988557006698,0.8957033968706851,0.8915096373703476,0.8930190884355889,0.9226159905583123,0.925256744968222,0.8902346104206827,0.8917177150799227,0.8875750387501914,0.889062983349096,0.9175163081184412,0.9201194373961902,0.9440616989766136,0.13186672242190256,0.9473288433331366,0.7190704032809296,0.9999999999999998,0.8110047846889952
dualfuel|2024|7000|all,20 chosen for dual-fuel use,2024,container,methanol,operating,2.0,0.1,2926,858,0.7765131383361205,0.7793799923197056,0.8752868624033117,0.8761838227174304,,,,,,,,,,,,,,,0.9440616989766136,0.13186672242190256,0.9291148434318532,0.7012987012987013,0.9999999999999997,0.803485987696514
dualfuel|2024|7000|all,20 chosen for dual-fuel use,2024,container,ammonia,service,1.0,0.0,2926,858,0.2840517501741934,0.285113639062632,0.6209432169890483,0.6213832535390141,,,,,,,,,,,,,,,0.9440616989766136,0.13186672242190256,0.1848958202199884,0.2891319207108681,0.6554841067567752,0.6520847573479153
dualfuel|2024|7000|all,20 chosen for dual-fuel use,2024,container,ammonia,service,1.0,0.1,2926,858,0.2512291427674278,0.25210197606283813,0.585405062180209,0.5858031671293952,,,,,,,,,,,,,,,0.9440616989766136,0.13186672242190256,0.157345055815556,0.252904989747095,0.6074254874535144,0.6148325358851675
dualfuel|2024|7000|all,20 chosen for dual-fuel use,2024,container,ammonia,service,1.5,0.0,2926,858,0.4689721239315998,0.4707916936418173,0.7536354807307696,0.7542736375132696,,,,,,,,,,,,,,,0.9440616989766136,0.13186672242190256,0.43749632569895813,0.462406015037594,0.8431342607495174,0.7556390977443609
dualfuel|2024|7000|all,20 chosen for dual-fuel use,2024,container,ammonia,service,1.5,0.1,2926,858,0.40603767074110214,0.4075088861442287,0.7218474840163177,0.722431879632911,,,,,,,,,,,,,,,0.9440616989766136,0.13186672242190256,0.3363763058032154,0.40704032809295965,0.7943254046267825,0.7344497607655502
dualfuel|2024|7000|all,20 chosen for dual-fuel use,2024,container,ammonia,service,2.0,0.0,2926,858,0.6233885922400919,0.6259670682426338,0.821653901315018,0.8224472817732091,,,,,,,,,,,,,,,0.9440616989766136,0.13186672242190256,0.7014756943047225,0.5946684894053315,0.9484151695963313,0.7874231032125769
dualfuel|2024|7000|all,20 chosen for dual-fuel use,2024,container,ammonia,service,2.0,0.1,2926,858,0.5695414469844542,0.5719195453612361,0.7996441232993104,0.8003881180417597,,,,,,,,,,,,,,,0.9440616989766136,0.13186672242190256,0.6071287559564869,0.5509227614490773,0.9128213511860539,0.778879015721121
dualfuel|2024|7000|all,20 chosen for dual-fuel use,2024,container,ammonia,operating,1.0,0.0,2926,858,0.4094248545407265,0.41086290027791267,0.714646965310605,0.7151138134046984,,,,,,,,,,,,,,,0.9440616989766136,0.13186672242190256,0.3219292921775593,0.39268626110731375,0.7738412940393387,0.7190704032809296
dualfuel|2024|7000|all,20 chosen for dual-fuel use,2024,container,ammonia,operating,1.0,0.1,2926,858,0.3528965464712787,0.3540837639341593,0.6811580281514884,0.6815739833163574,,,,,,,,,,,,,,,0.9440616989766136,0.13186672242190256,0.24068177299455262,0.33868762816131237,0.7239242514035049,0.6941216678058784
dualfuel|2024|7000|all,20 chosen for dual-fuel use,2024,container,ammonia,operating,1.5,0.0,2926,858,0.6192362909554102,0.6217370833048692,0.8171363340991584,0.8177640406441068,,,,,,,,,,,,,,,0.9440616989766136,0.13186672242190256,0.6802812989971714,0.582365003417635,0.9360847724799595,0.777511961722488
dualfuel|2024|7000|all,20 chosen for dual-fuel use,2024,container,ammonia,operating,1.5,0.1,2926,858,0.5671201513826578,0.56931246158459,0.7950364024042631,0.7956282241535549,,,,,,,,,,,,,,,0.9440616989766136,0.13186672242190256,0.5793416275793004,0.5403280929596719,0.899140382002061,0.7662337662337663
dualfuel|2024|7000|all,20 chosen for dual-fuel use,2024,container,ammonia,operating,2.0,0.0,2926,858,0.7380248697697943,0.7408282821821737,0.8635491267196248,0.8643482976142142,,,,,,,,,,,,,,,0.9440616989766136,0.13186672242190256,0.8880803488635143,0.6708817498291183,0.9999999999999994,0.7959671907040328
dualfuel|2024|7000|all,20 chosen for dual-fuel use,2024,container,ammonia,operating,2.0,0.1,2926,858,0.6919128615508437,0.6945660236410321,0.8490381372760634,0.8497573749523459,,,,,,,,,,,,,,,0.9440616989766136,0.13186672242190256,0.8095533521987253,0.638755980861244,0.9831856460091015,0.790498974709501
dualfuel|2024|7000|all,20 chosen for dual-fuel use,2024,bulk,methanol,service,1.0,0.0,8019,1124,0.23009597394829118,0.23288563322080133,0.6156568550627188,0.6165540287845667,,,0.5649413924304147,0.566796611790323,,,,,0.5623944473508774,0.564225483510344,,,,,0.9740807635934593,0.01175838645150834,0.19005817662128746,0.1646090534979424,0.6444487633482912,0.7290185808704327
dualfuel|2024|7000|all,20 chosen for dual-fuel use,2024,bulk,methanol,service,1.0,0.1,8019,1124,0.19837433645879085,0.20073198907303252,0.5764972087182989,0.5773113871077531,,,,,,,,,,,,,,,0.9740807635934593,0.01175838645150834,0.1588077187752627,0.12644968200523757,0.600036256472345,0.67003367003367
dualfuel|2024|7000|all,20 chosen for dual-fuel use,2024,bulk,methanol,service,1.5,0.0,8019,1124,0.4019541090723504,0.40629682848587545,0.7643661463887658,0.7656636962786256,,,0.7297369487453185,0.7323386171443828,,,,,0.7263274056149596,0.7288825097712707,,,,,0.9740807635934593,0.01175838645150834,0.3977591563154703,0.3940640977678015,0.8231848343260986,0.8666916074323482
dualfuel|2024|7000|all,20 chosen for dual-fuel use,2024,bulk,methanol,service,1.5,0.1,8019,1124,0.35076545489621824,0.3546148070950778,0.7266774332928285,0.7278355877608591,,,,,,,,,,,,,,,0.9740807635934593,0.01175838645150834,0.3344507931316941,0.32497817683002866,0.7771182446986301,0.8441202144905848
dualfuel|2024|7000|all,20 chosen for dual-fuel use,2024,bulk,methanol,service,2.0,0.0,8019,1124,0.590928308067813,0.5966541067461019,0.8559570584512934,0.8576652899234855,,,0.829446661988949,0.8325764628433778,,,,,0.8256755729830455,0.8287429744148104,,,,,0.9740807635934593,0.01175838645150834,0.5957346601663328,0.5858585858585859,0.9411531026538803,0.9124579124579124
dualfuel|2024|7000|all,20 chosen for dual-fuel use,2024,bulk,methanol,service,2.0,0.1,8019,1124,0.5065954335609941,0.5116445547898635,0.8255282532573212,0.8270592532281829,,,,,,,,,,,,,,,0.9740807635934593,0.01175838645150834,0.5115772296357973,0.5105374735004364,0.8991900355614829,0.9001122334455668
dualfuel|2024|7000|all,20 chosen for dual-fuel use,2024,bulk,methanol,operating,1.0,0.0,8019,1124,0.28131972540786665,0.2844133436155736,0.6646339124612954,0.6655846310447657,0.6561858818512291,0.6571159234761101,0.6186551845014525,0.6206334158070725,0.6148435648475336,0.6169068650441948,0.8445944184427747,0.8480722550200581,0.6158241397233347,0.6177744995183706,0.6122283051014171,0.6142611831372157,0.8385905531844055,0.8419397493322639,0.9740807635934593,0.01175838645150834,0.2531282835408741,0.2338196782641227,0.706098402670836,0.7871305649083427
dualfuel|2024|7000|all,20 chosen for dual-fuel use,2024,bulk,methanol,operating,1.0,0.1,8019,1124,0.24228710328742092,0.24504827661371656,0.6253745165486727,0.6262457051127877,,,,,,,,,,,,,,,0.9740807635934593,0.01175838645150834,0.2050179920402241,0.18518518518518517,0.6597247969867193,0.7416136675395935
dualfuel|2024|7000|all,20 chosen for dual-fuel use,2024,bulk,methanol,operating,1.5,0.0,8019,1124,0.4810900092728783,0.4858859594301619,0.8076186448776456,0.809002078875454,0.8029628863012456,0.804306759749183,0.779243976171961,0.7820825443209872,0.774259924281709,0.7771247860465066,0.9297512398059585,0.9339996425373653,0.7756744508118975,0.7784593516702072,0.7706730268478487,0.7734834329512624,0.9256488240971341,0.9296842135194552,0.9740807635934593,0.01175838645150834,0.48621429523885734,0.48522259633370746,0.880261836273573,0.8892630003741114
dualfuel|2024|7000|all,20 chosen for dual-fuel use,2024,bulk,methanol,operating,1.5,0.1,8019,1124,0.4191184872778076,0.42327154399203754,0.7728102167207017,0.7740446329977305,,,,,,,,,,,,,,,0.9740807635934593,0.01175838645150834,0.4168072049130169,0.42000249407656814,0.8363791440697738,0.8711809452550193
dualfuel|2024|7000|all,20 chosen for dual-fuel use,2024,bulk,methanol,operating,2.0,0.0,8019,1124,0.6751428511099274,0.6811129176157048,0.8842814935497421,0.8860147607005623,0.882000756385216,0.8836956551798826,0.8634874473806641,0.8669374051996946,0.8608139991045252,0.86431160676265,0.959177639862067,0.9638096259583839,0.8598003840105917,0.8631783430288427,0.8572292374581919,0.8606534176137649,0.9557575795016928,0.9601650511748807,0.9740807635934593,0.01175838645150834,0.724841911572399,0.6644219977553311,0.9920188620207093,0.922434218730515
dualfuel|2024|7000|all,20 chosen for dual-fuel use,2024,bulk,methanol,operating,2.0,0.1,8019,1124,0.6035497627060955,0.60895308875897,0.8601030741864227,0.8617076806271601,,,,,,,,,,,,,,,0.9740807635934593,0.01175838645150834,0.6284369821890804,0.6056864945753835,0.9536749200757312,0.9134555430851727
dualfuel|2024|7000|all,20 chosen for dual-fuel use,2024,bulk,ammonia,service,1.0,0.0,8019,1124,0.16937301880087616,0.171271824861026,0.5357800437710921,0.5365132969792156,,,,,,,,,,,,,,,0.9740807635934593,0.01175838645150834,0.12931576762641345,0.09664546701583739,0.5525177722995918,0.5989524878413768
dualfuel|2024|7000|all,20 chosen for dual-fuel use,2024,bulk,ammonia,service,1.0,0.1,8019,1124,0.14587308039924202,0.14736718033927504,0.4986497883484257,0.4993091235405993,,,,,,,,,,,,,,,0.9740807635934593,0.01175838645150834,0.1106248392235872,0.07432348173088914,0.511158975206532,0.5227584486843746
dualfuel|2024|7000|all,20 chosen for dual-fuel use,2024,bulk,ammonia,service,1.5,0.0,8019,1124,0.3033899936886084,0.3068154440611248,0.6857819043990825,0.686825973364907,,,,,,,,,,,,,,,0.9740807635934593,0.01175838645150834,0.2825485968588396,0.2598827784012969,0.7273355732572729,0.8064596583115101
dualfuel|2024|7000|all,20 chosen for dual-fuel use,2024,bulk,ammonia,service,1.5,0.1,8019,1124,0.2614103261617761,0.26456660703469703,0.6466550680873715,0.6476156252738731,,,,,,,,,,,,,,,0.9740807635934593,0.01175838645150834,0.2300254933288831,0.20339194413268488,0.6801784138933715,0.7704202519017334
dualfuel|2024|7000|all,20 chosen for dual-fuel use,2024,bulk,ammonia,service,2.0,0.0,8019,1124,0.4396515047144497,0.44426389956426376,0.7888831365869052,0.7902796176082242,,,,,,,,,,,,,,,0.9740807635934593,0.01175838645150834,0.43704250999087285,0.43646339942636236,0.8526649257600767,0.881656066841252
dualfuel|2024|7000|all,20 chosen for dual-fuel use,2024,bulk,ammonia,service,2.0,0.1,8019,1124,0.38402527245151435,0.38822295339735896,0.7520664917068924,0.7533213187026173,,,,,,,,,,,,,,,0.9740807635934593,0.01175838645150834,0.37525183739253426,0.36962214739992516,0.8078123267687186,0.8588352662426737
dualfuel|2024|7000|all,20 chosen for dual-fuel use,2024,bulk,ammonia,operating,1.0,0.0,8019,1124,0.20561045176422432,0.20791181963357722,0.5837531814031924,0.5845406496127704,,,,,,,,,,,,,,,0.9740807635934593,0.01175838645150834,0.1655548692681621,0.13879536101758325,0.610283666151608,0.6851228332709814
dualfuel|2024|7000|all,20 chosen for dual-fuel use,2024,bulk,ammonia,operating,1.0,0.1,8019,1124,0.177817787586506,0.17968308054547863,0.5452614742155191,0.5459731584826787,,,,,,,,,,,,,,,0.9740807635934593,0.01175838645150834,0.13755387009857026,0.10849233071455294,0.5650309900273768,0.6166604314752463
dualfuel|2024|7000|all,20 chosen for dual-fuel use,2024,bulk,ammonia,operating,1.5,0.0,8019,1124,0.36353560509391664,0.36728812567167834,0.733684366683242,0.7347961018484735,,,,,,,,,,,,,,,0.9740807635934593,0.01175838645150834,0.35328903052819194,0.3455543085172715,0.7897593490348733,0.8453672527746602
dualfuel|2024|7000|all,20 chosen for dual-fuel use,2024,bulk,ammonia,operating,1.5,0.1,8019,1124,0.3156626782196541,0.319082215951906,0.6953297296294602,0.696343599158205,,,,,,,,,,,,,,,0.9740807635934593,0.01175838645150834,0.29597143079624244,0.28208005985783763,0.7427888423283108,0.811821922933034
dualfuel|2024|7000|all,20 chosen for dual-fuel use,2024,bulk,ammonia,operating,2.0,0.0,8019,1124,0.5268850224796121,0.5317966708338446,0.8293453729515907,0.8308109175552495,,,,,,,,,,,,,,,0.9740807635934593,0.01175838645150834,0.5369984012294036,0.532235939643347,0.9095424518249077,0.8996134181319366
dualfuel|2024|7000|all,20 chosen for dual-fuel use,2024,bulk,ammonia,operating,2.0,0.1,8019,1124,0.461258623554106,0.4659566374766046,0.796423283797883,0.7977686568814177,,,,,,,,,,,,,,,0.9740807635934593,0.01175838645150834,0.46451261836035906,0.46589350293054,0.8665499790613689,0.8850230702082554
dualfuel|2024|7000|all,20 chosen for dual-fuel use,2024,tanker,methanol,service,1.0,0.0,5577,211,0.2996401236121027,0.30216324121051713,0.6396299081036221,0.6416051280848929,,,0.5769087981328419,0.5783832642472205,,,,,0.5765974415471153,0.578048863463411,,,,,0.9609055076483839,0.051874230667361854,0.2543586367971743,0.2788237403622019,0.6865065615978599,0.7218934911242604
dualfuel|2024|7000|all,20 chosen for dual-fuel use,2024,tanker,methanol,service,1.0,0.1,5577,211,0.2659716811248918,0.26830320707295374,0.6032406300702307,0.6050790657977083,,,,,,,,,,,,,,,0.9609055076483839,0.051874230667361854,0.21977419532575193,0.23830016137708446,0.6417130704865099,0.6808319885242962
dualfuel|2024|7000|all,20 chosen for dual-fuel use,2024,tanker,methanol,service,1.5,0.0,5577,211,0.4864523820144184,0.49089502793664924,0.7726708173489393,0.7752752910717519,,,0.7269180397627584,0.7289598171294609,,,,,0.7258009439745767,0.7278278620531478,,,,,0.9609055076483839,0.051874230667361854,0.48252285415758467,0.48538640846333153,0.8536782136235381,0.8296575219652143
dualfuel|2024|7000|all,20 chosen for dual-fuel use,2024,tanker,methanol,service,1.5,0.1,5577,211,0.43001870671537656,0.43399204331804586,0.740634330136174,0.7431021502124997,,,,,,,,,,,,,,,0.9609055076483839,0.051874230667361854,0.40917295591789943,0.4240631163708087,0.8145363401865057,0.8102922718307334
dualfuel|2024|7000|all,20 chosen for dual-fuel use,2024,tanker,methanol,service,2.0,0.0,5577,211,0.6260224867649782,0.6314820315923051,0.845396025870337,0.8484641961912707,,,0.8171965326509263,0.8195372721219379,,,,,0.8157068844856586,0.818029824531085,,,,,0.9609055076483839,0.051874230667361854,0.6720898128504226,0.6317016317016317,0.95208980681455,0.865519096288327
dualfuel|2024|7000|all,20 chosen for dual-fuel use,2024,tanker,methanol,service,2.0,0.1,5577,211,0.5792878811825262,0.5844559838824975,0.8211499552414807,0.8240400858420974,,,,,,,,,,,,,,,0.9609055076483839,0.051874230667361854,0.6075820836100952,0.5831091984938139,0.9168447840206947,0.8552985476062399
dualfuel|2024|7000|all,20 chosen for dual-fuel use,2024,tanker,methanol,operating,1.0,0.0,5577,211,0.3055039558213204,0.30796162699959134,0.6364875320381719,0.6380599070111256,0.6368767188134189,0.6383470973817291,0.5555355433918364,0.5570953708313511,0.5543465488994966,0.555753851826261,0.6980848747089629,0.7000583317138694,0.5550667586926321,0.5565997764016385,0.5540345411911008,0.5554357654391968,0.6945650207412595,0.69652505097806,0.9609055076483839,0.051874230667361854,0.2356365396110945,0.2538999462076385,0.6617163215447491,0.6942800788954635
dualfuel|2024|7000|all,20 chosen for dual-fuel use,2024,tanker,methanol,operating,1.0,0.1,5577,211,0.2700341249522837,0.27190578408988497,0.6010821553917938,0.6025181320803165,,,,,,,,,,,,,,,0.9609055076483839,0.051874230667361854,0.2024926157949087,0.22287968441814596,0.6179008231394203,0.6548323471400395
dualfuel|2024|7000|all,20 chosen for dual-fuel use,2024,tanker,methanol,operating,1.5,0.0,5577,211,0.48574915650367,0.4898748396785496,0.765239727608595,0.767408256034757,0.7646536832577039,0.7667654250750695,0.7043778694194648,0.7064333262963178,0.7016893600622315,0.703739378052551,0.816489857875193,0.8190922623426767,0.703338130794232,0.7053830254485223,0.7011500000820413,0.7031895938264113,0.8135387589306468,0.8161167259137427,0.9609055076483839,0.051874230667361854,0.4476276114521835,0.45651784113322574,0.8277050938157587,0.8108301954455801
dualfuel|2024|7000|all,20 chosen for dual-fuel use,2024,tanker,methanol,operating,1.5,0.1,5577,211,0.4322555597260146,0.43573277257292237,0.7343224607019802,0.7363367842229475,,,,,,,,,,,,,,,0.9609055076483839,0.051874230667361854,0.3841255192002122,0.3975255513717052,0.7870623061823743,0.7932580240272548
dualfuel|2024|7000|all,20 chosen for dual-fuel use,2024,tanker,methanol,operating,2.0,0.0,5577,211,0.6187067790002672,0.6239072671680645,0.8370526330659965,0.8396123251509426,0.8369707018124216,0.8395269569433572,0.7943859080726601,0.796687542109166,0.7923382074882531,0.7946334160710112,0.8786523373353746,0.8815350497347039,0.7928533380831754,0.7951381647418919,0.7911769331349979,0.7934554973443498,0.8757724909685463,0.8786236548800402,0.9609055076483839,0.051874230667361854,0.6374814206964275,0.5999641384256769,0.9295467660819203,0.8520710059171598
dualfuel|2024|7000|all,20 chosen for dual-fuel use,2024,tanker,methanol,operating,2.0,0.1,5577,211,0.5700654730656858,0.574993492652035,0.8128082237827177,0.8152209169609225,,,,,,,,,,,,,,,0.9609055076483839,0.051874230667361854,0.5631982988794635,0.5515510130894746,0.8940386313438969,0.8384436076743769
dualfuel|2024|7000|all,20 chosen for dual-fuel use,2024,tanker,ammonia,service,1.0,0.0,5577,211,0.234357134061946,0.2364318704076405,0.5653517179776179,0.5669529955747034,,,,,,,,,,,,,,,0.9609055076483839,0.051874230667361854,0.1884357822114652,0.20100412408104715,0.5977097715345143,0.6299085529854761
dualfuel|2024|7000|all,20 chosen for dual-fuel use,2024,tanker,ammonia,service,1.0,0.1,5577,211,0.20712991258357813,0.2089973278848201,0.5302527657699143,0.5317433565363306,,,,,,,,,,,,,,,0.9609055076483839,0.051874230667361854,0.1580237913917285,0.17141832526447912,0.5536016895565666,0.5802402725479648
dualfuel|2024|7000|all,20 chosen for dual-fuel use,2024,tanker,ammonia,service,1.5,0.0,5577,211,0.3750605514863701,0.3784440869397802,0.7041004051130514,0.7063992440889778,,,,,,,,,,,,,,,0.9609055076483839,0.051874230667361854,0.34631486872858824,0.36489151873767256,0.7694488693022737,0.7846512461897077
dualfuel|2024|7000|all,20 chosen for dual-fuel use,2024,tanker,ammonia,service,1.5,0.1,5577,211,0.3318586904481278,0.3347663208926499,0.6683859717312712,0.6704954351763053,,,,,,,,,,,,,,,0.9609055076483839,0.051874230667361854,0.291814463869125,0.3157611619150081,0.7236289557595035,0.7523758292989062
dualfuel|2024|7000|all,20 chosen for dual-fuel use,2024,tanker,ammonia,service,2.0,0.0,5577,211,0.5221593723712689,0.5269993965748646,0.7924138158288959,0.7951266301530117,,,,,,,,,,,,,,,0.9609055076483839,0.051874230667361854,0.5282952984069198,0.5241169087322933,0.8798965740138924,0.838802223417608
dualfuel|2024|7000|all,20 chosen for dual-fuel use,2024,tanker,ammonia,service,2.0,0.1,5577,211,0.46682312592352115,0.47120998361661737,0.7624678106900592,0.7650286877320747,,,,,,,,,,,,,,,0.9609055076483839,0.051874230667361854,0.45866419961039034,0.46440738748431054,0.8405187724724545,0.8233817464586696
dualfuel|2024|7000|all,20 chosen for dual-fuel use,2024,tanker,ammonia,operating,1.0,0.0,5577,211,0.23748823089905854,0.23915143295247038,0.5637089117171183,0.5649946972384802,,,,,,,,,,,,,,,0.9609055076483839,0.051874230667361854,0.16932525567454731,0.18719741796664874,0.5718537106162758,0.6006813699121392
dualfuel|2024|7000|all,20 chosen for dual-fuel use,2024,tanker,ammonia,operating,1.0,0.1,5577,211,0.20872645345711247,0.21023830274843125,0.5290059423177733,0.5301836258207232,,,,,,,,,,,,,,,0.9609055076483839,0.051874230667361854,0.14121264071091885,0.15312892235969158,0.5281081147584161,0.5449166218396988
dualfuel|2024|7000|all,20 chosen for dual-fuel use,2024,tanker,ammonia,operating,1.5,0.0,5577,211,0.3792499882456263,0.38210193922880886,0.699029262956737,0.7008756547872141,,,,,,,,,,,,,,,0.9609055076483839,0.051874230667361854,0.31867616241885754,0.3369194907656446,0.7400157473576542,0.7645687645687645
dualfuel|2024|7000|all,20 chosen for dual-fuel use,2024,tanker,ammonia,operating,1.5,0.1,5577,211,0.33463802087736955,0.3372590051537668,0.6643462717179953,0.6660374292967901,,,,,,,,,,,,,,,0.9609055076483839,0.051874230667361854,0.2686649687310705,0.28743051819974896,0.6956827543845975,0.7292451138604985
dualfuel|2024|7000|all,20 chosen for dual-fuel use,2024,tanker,ammonia,operating,2.0,0.0,5577,211,0.5184864109307229,0.5228451046732548,0.7844906348825965,0.7867535986681743,,,,,,,,,,,,,,,0.9609055076483839,0.051874230667361854,0.49148870823018576,0.4930966469428008,0.8544161775822559,0.8223058992289761
dualfuel|2024|7000|all,20 chosen for dual-fuel use,2024,tanker,ammonia,operating,2.0,0.1,5577,211,0.46875460240723477,0.4726186855674229,0.7552741616279206,0.7573930616010338,,,,,,,,,,,,,,,0.9609055076483839,0.051874230667361854,0.42350438095975934,0.43625605164066705,0.8159651085292979,0.8049130356822665
dualfuel|2024|7000|all,20 chosen for dual-fuel use,2024,gas,methanol,service,1.0,0.0,1035,146,0.11133074035917132,0.11302123595531065,0.3588951382338686,0.35930489013589356,,,0.24771921195318738,0.24783736277411772,,,,,0.24858014491280897,0.24869500096432645,,,,,0.9537357889951139,0.012649379116578069,0.08230785568301432,0.1671497584541063,0.5258481554893508,0.5169082125603864
dualfuel|2024|7000|all,20 chosen for dual-fuel use,2024,gas,methanol,service,1.0,0.1,1035,146,0.09279697165541988,0.09389867086901647,0.3329660991603096,0.3333017303797791,,,,,,,,,,,,,,,0.9537357889951139,0.012649379116578069,0.06431474927853102,0.1391304347826087,0.47897210656597417,0.4888888888888889
dualfuel|2024|7000|all,20 chosen for dual-fuel use,2024,gas,methanol,service,1.5,0.0,1035,146,0.2322792905078376,0.2340937172181602,0.4564463488726685,0.4572623703445162,,,0.34887764913697894,0.34937954212196537,,,,,0.3487600676642836,0.349247964795137,,,,,0.9537357889951139,0.012649379116578069,0.2709792792992518,0.36135265700483093,0.6951911561657458,0.6009661835748792
dualfuel|2024|7000|all,20 chosen for dual-fuel use,2024,gas,methanol,service,1.5,0.1,1035,146,0.19828527787405512,0.20001773679252352,0.4320478580184267,0.4327389090133023,,,,,,,,,,,,,,,0.9537357889951139,0.012649379116578069,0.19823390548731395,0.30821256038647343,0.6512226967566952,0.5864734299516908
dualfuel|2024|7000|all,20 chosen for dual-fuel use,2024,gas,methanol,service,2.0,0.0,1035,146,0.3109601883920782,0.313511540333169,0.5169946915356474,0.5181669493089504,,,0.41302368213198964,0.41363978410101476,,,,,0.412659999161849,0.4132589204299129,,,,,0.9537357889951139,0.012649379116578069,0.42312336204937884,0.4608695652173913,0.7914128551689307,0.6434782608695652
dualfuel|2024|7000|all,20 chosen for dual-fuel use,2024,gas,methanol,service,2.0,0.1,1035,146,0.2891009459253614,0.29165229786645225,0.4954760473729214,0.49653389822013694,,,,,,,,,,,,,,,0.9537357889951139,0.012649379116578069,0.3760285210688951,0.43768115942028984,0.757111820154716,0.6241545893719807
dualfuel|2024|7000|all,20 chosen for dual-fuel use,2024,gas,methanol,operating,1.0,0.0,1035,146,0.11664539823087956,0.11724492719848681,0.32032562596644165,0.32053358873943383,0.316788641932096,0.31703228945623574,0.19441218062194626,0.19441218062194626,0.1897339570723172,0.1897339570723172,0.3195124346831919,0.320742836781357,0.19705350423682755,0.19705350423682755,0.19262036287569378,0.19262036287569378,0.31811969955537356,0.31931579049813613,0.9537357889951139,0.012649379116578069,0.08797730674495913,0.19903381642512077,0.502078195877941,0.5024154589371981
dualfuel|2024|7000|all,20 chosen for dual-fuel use,2024,gas,methanol,operating,1.0,0.1,1035,146,0.0996623471399201,0.10020736639768427,0.2991088265713173,0.2993051682463599,,,,,,,,,,,,,,,0.9537357889951139,0.012649379116578069,0.07233054515768475,0.1671497584541063,0.4578465071084751,0.47342995169082125
dualfuel|2024|7000|all,20 chosen for dual-fuel use,2024,gas,methanol,operating,1.5,0.0,1035,146,0.20022546755257944,0.20096557039478846,0.40232463538224505,0.40266253924228124,0.4004478100184696,0.4007832751125872,0.26316102163435756,0.26323069443403174,0.2576371220849453,0.25774831466169595,0.4061571468821904,0.40760682211903543,0.26585038611356404,0.26591811600833526,0.26069541642159155,0.2608035082674465,0.4042126024919276,0.4056218518932862,0.9537357889951139,0.012649379116578069,0.2194237065745643,0.3719806763285024,0.645643786363728,0.5642512077294686
dualfuel|2024|7000|all,20 chosen for dual-fuel use,2024,gas,methanol,operating,1.5,0.1,1035,146,0.18084309348900543,0.18158319633121442,0.380842305082431,0.3811338955357462,,,,,,,,,,,,,,,0.9537357889951139,0.012649379116578069,0.17813395550381297,0.33043478260869563,0.6088325175857107,0.5516908212560386
dualfuel|2024|7000|all,20 chosen for dual-fuel use,2024,gas,methanol,operating,2.0,0.0,1035,146,0.2583486757545494,0.26037133734649154,0.4606720155085031,0.4612853374694678,0.46008269679421393,0.4606329921864964,0.3266230229489757,0.32701042662142377,0.3221446020034896,0.32263947167396045,0.4719424014784655,0.4738530304512512,0.32890549664213814,0.32928209712455875,0.32483801950605284,0.32531908917546776,0.4694065904435439,0.4712639393641379,0.9537357889951139,0.012649379116578069,0.36637818194656413,0.4444444444444444,0.7650167666371757,0.6135265700483091
dualfuel|2024|7000|all,20 chosen for dual-fuel use,2024,gas,methanol,operating,2.0,0.1,1035,146,0.23991460491059935,0.24107663619676964,0.4394069724950786,0.43990048931852804,,,,,,,,,,,,,,,0.9537357889951139,0.012649379116578069,0.3364735228506626,0.42318840579710143,0.7248289805657502,0.6009661835748792
dualfuel|2024|7000|all,20 chosen for dual-fuel use,2024,gas,ammonia,service,1.0,0.0,1035,146,0.07815689842715322,0.0792441786299244,0.3068684511749778,0.3071473702029837,,,,,,,,,,,,,,,0.9537357889951139,0.012649379116578069,0.05239316925416458,0.11207729468599034,0.43737191818684545,0.45217391304347826
dualfuel|2024|7000|all,20 chosen for dual-fuel use,2024,gas,ammonia,service,1.0,0.1,1035,146,0.06782816682852065,0.06820057615319673,0.2835644891611479,0.2837955319708432,,,,,,,,,,,,,,,0.9537357889951139,0.012649379116578069,0.04154433433940545,0.0927536231884058,0.3985340267933631,0.4115942028985507
dualfuel|2024|7000|all,20 chosen for dual-fuel use,2024,gas,ammonia,service,1.5,0.0,1035,146,0.1650300401000844,0.16672053569622375,0.40561384235392983,0.4061866619449583,,,,,,,,,,,,,,,0.9537357889951139,0.012649379116578069,0.150618157840429,0.24057971014492754,0.6022196383441183,0.5632850241545894
dualfuel|2024|7000|all,20 chosen for dual-fuel use,2024,gas,ammonia,service,1.5,0.1,1035,146,0.13439416319225236,0.13608465878839168,0.37954484889785206,0.3800159344987828,,,,,,,,,,,,,,,0.9537357889951139,0.012649379116578069,0.1083248851940911,0.19516908212560385,0.5618221959435703,0.5333333333333333
dualfuel|2024|7000|all,20 chosen for dual-fuel use,2024,gas,ammonia,service,2.0,0.0,1035,146,0.2515466237633533,0.25409797570444415,0.47203689406332355,0.47295153457167705,,,,,,,,,,,,,,,0.9537357889951139,0.012649379116578069,0.31640978987530705,0.4,0.7176424466914252,0.6125603864734299
dualfuel|2024|7000|all,20 chosen for dual-fuel use,2024,gas,ammonia,service,2.0,0.1,1035,146,0.22102059466160306,0.22283502137192565,0.4486294971689259,0.44939239326186586,,,,,,,,,,,,,,,0.9537357889951139,0.012649379116578069,0.2538942837004312,0.33816425120772947,0.6802336864413591,0.5980676328502416
dualfuel|2024|7000|all,20 chosen for dual-fuel use,2024,gas,ammonia,operating,1.0,0.0,1035,146,0.08088241936835125,0.081245017114819,0.2768160418106855,0.27700011463382285,,,,,,,,,,,,,,,0.9537357889951139,0.012649379116578069,0.05328925613452358,0.13623188405797101,0.4155795579646286,0.4444444444444444
dualfuel|2024|7000|all,20 chosen for dual-fuel use,2024,gas,ammonia,operating,1.0,0.1,1035,146,0.06600845167766642,0.06619348893989824,0.256495666418445,0.2566640137351074,,,,,,,,,,,,,,,0.9537357889951139,0.012649379116578069,0.03798632190494106,0.10048309178743961,0.3823232514754233,0.40869565217391307
dualfuel|2024|7000|all,20 chosen for dual-fuel use,2024,gas,ammonia,operating,1.5,0.0,1035,146,0.1574544387643482,0.15819454160655722,0.35833293783544373,0.35859999372876866,,,,,,,,,,,,,,,0.9537357889951139,0.012649379116578069,0.14290051277972624,0.28405797101449276,0.5679768765610423,0.5352657004830917
dualfuel|2024|7000|all,20 chosen for dual-fuel use,2024,gas,ammonia,operating,1.5,0.1,1035,146,0.13343681983963512,0.13411831659909657,0.33710998234126566,0.33736269197442376,,,,,,,,,,,,,,,0.9537357889951139,0.012649379116578069,0.10684902449722711,0.2289855072463768,0.5326164453439567,0.514975845410628
dualfuel|2024|7000|all,20 chosen for dual-fuel use,2024,gas,ammonia,operating,2.0,0.0,1035,146,0.21725182181810854,0.21817616017205238,0.4167714392223355,0.41716387000067334,,,,,,,,,,,,,,,0.9537357889951139,0.012649379116578069,0.2585440534072717,0.3922705314009662,0.6801144317640462,0.5768115942028985
dualfuel|2024|7000|all,20 chosen for dual-fuel use,2024,gas,ammonia,operating,2.0,0.1,1035,146,0.19380749362824023,0.19454759647044925,0.3952782937003414,0.39560151654824816,,,,,,,,,,,,,,,0.9537357889951139,0.012649379116578069,0.20489923791442674,0.35845410628019325,0.6306618215248709,0.5555555555555556
dualfuel|2024|7000|all,20 chosen for dual-fuel use,2024,general,methanol,service,1.0,0.0,1886,557,0.1941086646732016,0.19593299833434194,0.5176250487161771,0.519601699976356,,,0.44987777353954883,0.4510429631603462,,,,,0.443048222006435,0.4441617706532307,,,,,0.9147842638299342,0.05018890331630311,0.12266492471495259,0.14952279957582185,0.5354476997280806,0.542948038176034
dualfuel|2024|7000|all,20 chosen for dual-fuel use,2024,general,methanol,service,1.0,0.1,1886,557,0.16951723995668355,0.17107168623299202,0.48407846699528173,0.48595145343851354,,,,,,,,,,,,,,,0.9147842638299342,0.05018890331630311,0.10119831593591974,0.11452810180275716,0.4919531632402463,0.4909862142099682
dualfuel|2024|7000|all,20 chosen for dual-fuel use,2024,general,methanol,service,1.5,0.0,1886,557,0.3382491600695488,0.34160648929806187,0.6464727825765034,0.6490763223717638,,,0.5706197654906937,0.5726241163691019,,,,,0.5632589409274342,0.5651744593705421,,,,,0.9147842638299342,0.05018890331630311,0.2673560827936083,0.3181336161187699,0.7055563332262789,0.7131495227995758
dualfuel|2024|7000|all,20 chosen for dual-fuel use,2024,general,methanol,service,1.5,0.1,1886,557,0.2991320117973371,0.3020171533576695,0.6136745965431823,0.6160992482272637,,,,,,,,,,,,,,,0.9147842638299342,0.05018890331630311,0.21721371290868846,0.2704135737009544,0.6583036200629496,0.6818663838812301
dualfuel|2024|7000|all,20 chosen for dual-fuel use,2024,general,methanol,service,2.0,0.0,1886,557,0.47601936879909723,0.48039117979160645,0.7273698233279428,0.7307585478712832,,,0.6564463953371897,0.6592055212576015,,,,,0.6489143139196075,0.6515511559238392,,,,,0.9147842638299342,0.05018890331630311,0.43663939002966734,0.4528101802757158,0.8285982207795415,0.7688229056203606
dualfuel|2024|7000|all,20 chosen for dual-fuel use,2024,general,methanol,service,2.0,0.1,1886,557,0.42238476881950976,0.42636142574412095,0.6995685944408893,0.7026733494614409,,,,,,,,,,,,,,,0.9147842638299342,0.05018890331630311,0.3744160665141104,0.4050901378579003,0.7867141666348313,0.750795334040297
dualfuel|2024|7000|all,20 chosen for dual-fuel use,2024,general,methanol,operating,1.0,0.0,1886,557,0.2110926648114789,0.21267716109506862,0.5273970529277419,0.5286968771178564,0.5248551378949713,0.5257947853631673,0.4535784497759604,0.454624640179771,0.4522565085245263,0.45326285791025595,0.593242985077226,0.595454331374106,0.44638992692209006,0.44738975037370715,0.4453138806011837,0.44627562878077714,0.5798570802640037,0.5820030017693197,0.9147842638299342,0.05018890331630311,0.13701384996602617,0.16489925768822905,0.5442223321671551,0.5567338282078473
dualfuel|2024|7000|all,20 chosen for dual-fuel use,2024,general,methanol,operating,1.0,0.1,1886,557,0.17840681252063623,0.17990677489081205,0.4942144561708839,0.4954017322304882,,,,,,,,,,,,,,,0.9147842638299342,0.05018890331630311,0.10710956509979724,0.13149522799575822,0.5048993931348273,0.5079533404029692
dualfuel|2024|7000|all,20 chosen for dual-fuel use,2024,general,methanol,operating,1.5,0.0,1886,557,0.35611384628324694,0.35887267628158037,0.6527945359678251,0.6547053879987771,0.6504105449737877,0.6520718099711245,0.5700476776865955,0.5718546348605721,0.5691526863174571,0.5711408657422989,0.6953874627527258,0.6985538121225804,0.5623561621373451,0.5640830353260389,0.561330761896585,0.5632308256017565,0.6810015351135495,0.6840529368856337,0.9147842638299342,0.05018890331630311,0.28207029277928175,0.33085896076352067,0.7210132024997583,0.7099681866383881
dualfuel|2024|7000|all,20 chosen for dual-fuel use,2024,general,methanol,operating,1.5,0.1,1886,557,0.3150081059640653,0.3173923100660245,0.6213804978953424,0.6231177802624998,,,,,,,,,,,,,,,0.9147842638299342,0.05018890331630311,0.23038868051813494,0.2873806998939555,0.6740170714815445,0.6802757158006363
dualfuel|2024|7000|all,20 chosen for dual-fuel use,2024,general,methanol,operating,2.0,0.0,1886,557,0.49281748598520525,0.49740458082502587,0.7309448713557896,0.7334967533433062,0.7281166547751905,0.7304840842802542,0.654932278396575,0.6577011408172194,0.6521252537732004,0.6550592223752487,0.7542554410540309,0.7587434378530292,0.64720593082502,0.649852077809716,0.6443235770627769,0.6471275127555065,0.74010171412445,0.7443274779964799,0.9147842638299342,0.05018890331630311,0.4714985782733659,0.47985153764581123,0.8446961998079026,0.7698833510074231
dualfuel|2024|7000|all,20 chosen for dual-fuel use,2024,general,methanol,operating,2.0,0.1,1886,557,0.43470925225582147,0.4390469087545999,0.704051900297729,0.7063216173609047,,,,,,,,,,,,,,,0.9147842638299342,0.05018890331630311,0.39270656183159597,0.41304347826086957,0.8005120766844083,0.7460233297985154
dualfuel|2024|7000|all,20 chosen for dual-fuel use,2024,general,ammonia,service,1.0,0.0,1886,557,0.14910889418131257,0.15043919683422885,0.4498607909502218,0.4514930103435316,,,,,,,,,,,,,,,0.9147842638299342,0.05018890331630311,0.0879560347051547,0.09597030752916225,0.4535321502779707,0.43637327677624604
dualfuel|2024|7000|all,20 chosen for dual-fuel use,2024,general,ammonia,service,1.0,0.1,1886,557,0.12810335422188315,0.12909738883999947,0.4189911481599004,0.42043235175377736,,,,,,,,,,,,,,,0.9147842638299342,0.05018890331630311,0.07362589139936353,0.07635206786850478,0.4155502551023079,0.3870625662778367
dualfuel|2024|7000|all,20 chosen for dual-fuel use,2024,general,ammonia,service,1.5,0.0,1886,557,0.2570190713415656,0.25963272750582284,0.5783674729063882,0.5806105039144911,,,,,,,,,,,,,,,0.9147842638299342,0.05018890331630311,0.18503434803327098,0.2205726405090138,0.6083892240898128,0.6357370095440085
dualfuel|2024|7000|all,20 chosen for dual-fuel use,2024,general,ammonia,service,1.5,0.1,1886,557,0.22099839787999745,0.2232246640654816,0.5446538164143989,0.546734751298737,,,,,,,,,,,,,,,0.9147842638299342,0.05018890331630311,0.15340533440521575,0.17815482502651114,0.5656744328793625,0.588016967126193
dualfuel|2024|7000|all,20 chosen for dual-fuel use,2024,general,ammonia,service,2.0,0.0,1886,557,0.3697239231354109,0.37328406932778024,0.6678265312347322,0.6706149405968379,,,,,,,,,,,,,,,0.9147842638299342,0.05018890331630311,0.3027328590904734,0.352067868504772,0.7380772231837849,0.7258748674443266
dualfuel|2024|7000|all,20 chosen for dual-fuel use,2024,general,ammonia,service,2.0,0.1,1886,557,0.3245060792619022,0.327559963655807,0.6357220353186028,0.6382546802973524,,,,,,,,,,,,,,,0.9147842638299342,0.05018890331630311,0.2512954465884222,0.3022269353128314,0.6914617409600782,0.7051961823966065
dualfuel|2024|7000|all,20 chosen for dual-fuel use,2024,general,ammonia,operating,1.0,0.0,1886,557,0.15379562056982665,0.15514747289928033,0.45942620087777913,0.4603602426623068,,,,,,,,,,,,,,,0.9147842638299342,0.05018890331630311,0.09092598293024232,0.10180275715800637,0.46476021628925834,0.4501590668080594
dualfuel|2024|7000|all,20 chosen for dual-fuel use,2024,general,ammonia,operating,1.0,0.1,1886,557,0.13374863103276502,0.134973230085958,0.42798052978050133,0.42879344392230095,,,,,,,,,,,,,,,0.9147842638299342,0.05018890331630311,0.07620191322983903,0.08271474019088017,0.42725724064074716,0.4029692470837752
dualfuel|2024|7000|all,20 chosen for dual-fuel use,2024,general,ammonia,operating,1.5,0.0,1886,557,0.27413016478692953,0.27614608364705756,0.5869536961043065,0.5884956897188609,,,,,,,,,,,,,,,0.9147842638299342,0.05018890331630311,0.19445295757354752,0.24602332979851538,0.6290563556146536,0.644220572640509
dualfuel|2024|7000|all,20 chosen for dual-fuel use,2024,general,ammonia,operating,1.5,0.1,1886,557,0.23767781677921995,0.23940582395647833,0.5538273513852553,0.5552301880009898,,,,,,,,,,,,,,,0.9147842638299342,0.05018890331630311,0.1599509450308531,0.2014846235418876,0.582963989811526,0.602863202545069
dualfuel|2024|7000|all,20 chosen for dual-fuel use,2024,general,ammonia,operating,2.0,0.0,1886,557,0.3849192747959596,0.38813782743267317,0.6731692755289331,0.6752096399122214,,,,,,,,,,,,,,,0.9147842638299342,0.05018890331630311,0.3253914994669687,0.36002120890774125,0.7533936172185547,0.7248144220572641
dualfuel|2024|7000|all,20 chosen for dual-fuel use,2024,general,ammonia,operating,2.0,0.1,1886,557,0.34565209930582275,0.34815953974859903,0.6425344599134432,0.6443898068214241,,,,,,,,,,,,,,,0.9147842638299342,0.05018890331630311,0.27355808917050545,0.316542948038176,0.7063746702280291,0.7030752916224814
dualfuel|2024|7000|all,20 chosen for dual-fuel use,2024,roro,methanol,service,1.0,0.0,538,158,0.2759235657840091,0.27730133243769767,0.6621092645670346,0.6632491229403522,,,0.48262199893720215,0.48311585296707027,,,,,0.4862891707403111,0.4867759865235673,,,,,0.9656008287054167,0.020085326329694113,0.20970850390106688,0.17657992565055763,0.6920346439892688,0.775092936802974
dualfuel|2024|7000|all,20 chosen for dual-fuel use,2024,roro,methanol,service,1.0,0.1,538,158,0.22437948480970787,0.22544830818848421,0.6206141143134326,0.6216949790485226,,,,,,,,,,,,,,,0.9656008287054167,0.020085326329694113,0.16111299820252883,0.120817843866171,0.6445156229394958,0.7304832713754646
dualfuel|2024|7000|all,20 chosen for dual-fuel use,2024,roro,methanol,service,1.5,0.0,538,158,0.5323890650808575,0.5348451921968372,0.7969394504650443,0.7983072967788104,,,0.6384840633681981,0.639448471935038,,,,,0.640596286518309,0.641546950648701,,,,,0.9656008287054167,0.020085326329694113,0.5263129448606221,0.5204460966542751,0.8627038267244568,0.8345724907063197
dualfuel|2024|7000|all,20 chosen for dual-fuel use,2024,roro,methanol,service,1.5,0.1,538,158,0.4600190363241449,0.4620272931293075,0.7676018663566696,0.768881330920344,,,,,,,,,,,,,,,0.9656008287054167,0.020085326329694113,0.41601791890292117,0.4163568773234201,0.8284436591029085,0.8234200743494424
dualfuel|2024|7000|all,20 chosen for dual-fuel use,2024,roro,methanol,service,2.0,0.0,538,158,0.6801885232973028,0.6839954804296862,0.8599377317263777,0.8616347012424639,,,0.7326116177797763,0.7344897060103429,,,,,0.7338711111837125,0.7357224335131703,,,,,0.9656008287054167,0.020085326329694113,0.722644603774537,0.6951672862453532,0.9510257806190214,0.8643122676579925
dualfuel|2024|7000|all,20 chosen for dual-fuel use,2024,roro,methanol,service,2.0,0.1,538,158,0.6246644057454498,0.6275227917312153,0.8395456557855282,0.8411020321197438,,,,,,,,,,,,,,,0.9656008287054167,0.020085326329694113,0.6532636456038082,0.6468401486988847,0.9225862804542868,0.8438661710037175
dualfuel|2024|7000|all,20 chosen for dual-fuel use,2024,roro,methanol,operating,1.0,0.0,538,158,0.2019549795803831,0.20291095366585926,0.5893047812397346,0.5901502823436577,0.5812608969206515,0.5819487519394477,0.4215698941104165,0.4218166352166967,0.41662518150575734,0.4169929010179238,0.5859304232436039,0.5863471677850387,0.425797896851437,0.4260411214839207,0.42051727006040385,0.4208797489539784,0.5864980180079793,0.5869088232422234,0.9656008287054167,0.020085326329694113,0.1451974759382399,0.1171003717472119,0.6084171558154929,0.7063197026022305
dualfuel|2024|7000|all,20 chosen for dual-fuel use,2024,roro,methanol,operating,1.0,0.1,538,158,0.17309593015432503,0.1740519042398012,0.5488332824689163,0.5496069262312786,,,,,,,,,,,,,,,0.9656008287054167,0.020085326329694113,0.1159896151850537,0.09107806691449814,0.5622593797515874,0.6356877323420075
dualfuel|2024|7000|all,20 chosen for dual-fuel use,2024,roro,methanol,operating,1.5,0.0,538,158,0.40017672500773493,0.40235329389997077,0.7413134837945407,0.742401599321716,0.7313487694126266,0.7323095148440811,0.565176671219216,0.565780713656067,0.5510314298581592,0.5518156795067147,0.713645353836068,0.7147493293057018,0.5677934532063194,0.5683888870273092,0.5535429353580295,0.5543160081362994,0.7133965204356307,0.7144847624068241,0.9656008287054167,0.020085326329694113,0.3663948799854757,0.33271375464684017,0.8055304617868291,0.8197026022304833
dualfuel|2024|7000|all,20 chosen for dual-fuel use,2024,roro,methanol,operating,1.5,0.1,538,158,0.3350380132198132,0.33676671180123186,0.704178179472923,0.7051555196659298,,,,,,,,,,,,,,,0.9656008287054167,0.020085326329694113,0.2818286619607945,0.25092936802973975,0.7585918921541852,0.8122676579925651
dualfuel|2024|7000|all,20 chosen for dual-fuel use,2024,roro,methanol,operating,2.0,0.0,538,158,0.5875239848279925,0.5900740505709728,0.8245198965366778,0.8259256718211649,0.8190941940180451,0.8203786403081048,0.6776767069876274,0.6786582045122663,0.6648075447336849,0.6659657429751678,0.7860398274644167,0.7882283219618581,0.6793802349247582,0.6803477444666945,0.666370819237721,0.6675125112154983,0.785815106441491,0.7879724112289164,0.9656008287054167,0.020085326329694113,0.6119270492893728,0.6133828996282528,0.9083316843739607,0.8531598513011153
dualfuel|2024|7000|all,20 chosen for dual-fuel use,2024,roro,methanol,operating,2.0,0.1,538,158,0.5132901380788578,0.5158402038218382,0.7980271131030175,0.7993144213155895,,,,,,,,,,,,,,,0.9656008287054167,0.020085326329694113,0.5122391332107992,0.5092936802973977,0.8809956403153357,0.8420074349442379
dualfuel|2024|7000|all,20 chosen for dual-fuel use,2024,roro,ammonia,service,1.0,0.0,538,158,0.18083327700833074,0.18190210038710705,0.576111222242019,0.5771344757988781,,,,,,,,,,,,,,,0.9656008287054167,0.020085326329694113,0.12793438662282317,0.08178438661710037,0.591930478405196,0.671003717472119
dualfuel|2024|7000|all,20 chosen for dual-fuel use,2024,roro,ammonia,service,1.0,0.1,538,158,0.15533224269656187,0.15606667630965798,0.5349775344649211,0.5359484263417751,,,,,,,,,,,,,,,0.9656008287054167,0.020085326329694113,0.10183885275543565,0.0724907063197026,0.545793308217025,0.5817843866171004
dualfuel|2024|7000|all,20 chosen for dual-fuel use,2024,roro,ammonia,service,1.5,0.0,538,158,0.3812376324189589,0.38287239237337695,0.7316906445422923,0.7329087114036232,,,,,,,,,,,,,,,0.9656008287054167,0.020085326329694113,0.33817713125054427,0.3048327137546468,0.7815450791503924,0.8122676579925651
dualfuel|2024|7000|all,20 chosen for dual-fuel use,2024,roro,ammonia,service,1.5,0.1,538,158,0.32029519978873766,0.3216729664424262,0.6935657560155875,0.6947384164711825,,,,,,,,,,,,,,,0.9656008287054167,0.020085326329694113,0.26445918225468634,0.23048327137546468,0.7255914315045098,0.8011152416356877
dualfuel|2024|7000|all,20 chosen for dual-fuel use,2024,roro,ammonia,service,2.0,0.0,538,158,0.5722452637466877,0.5751036497324532,0.8143875484486366,0.8158229440250355,,,,,,,,,,,,,,,0.9656008287054167,0.020085326329694113,0.568991119753651,0.570631970260223,0.8830827364258571,0.8401486988847584
dualfuel|2024|7000|all,20 chosen for dual-fuel use,2024,roro,ammonia,service,2.0,0.1,538,158,0.5081397023893269,0.5105958295053068,0.7877240570969677,0.7890492658888849,,,,,,,,,,,,,,,0.9656008287054167,0.020085326329694113,0.48741713730071123,0.4851301115241636,0.8497892021484359,0.8308550185873605
dualfuel|2024|7000|all,20 chosen for dual-fuel use,2024,roro,ammonia,operating,1.0,0.0,538,158,0.14480545577772042,0.14569938887108083,0.507881476241954,0.5085928306378721,,,,,,,,,,,,,,,0.9656008287054167,0.020085326329694113,0.09612697599924412,0.0724907063197026,0.5168853165826564,0.5353159851301115
dualfuel|2024|7000|all,20 chosen for dual-fuel use,2024,roro,ammonia,operating,1.0,0.1,538,158,0.12910173991551688,0.1299057704425746,0.47084934961521774,0.4715070644573944,,,,,,,,,,,,,,,0.9656008287054167,0.020085326329694113,0.08617462234272188,0.05947955390334572,0.47593223915638305,0.4368029739776952
dualfuel|2024|7000|all,20 chosen for dual-fuel use,2024,roro,ammonia,operating,1.5,0.0,538,158,0.2810266737110389,0.28240444036472745,0.6625013664144047,0.663430767392477,,,,,,,,,,,,,,,0.9656008287054167,0.020085326329694113,0.2165820858595428,0.19516728624535315,0.6979877884541027,0.7862453531598513
dualfuel|2024|7000|all,20 chosen for dual-fuel use,2024,roro,ammonia,operating,1.5,0.1,538,158,0.2366588429951141,0.23778970736600621,0.6216376935124902,0.6225329649758524,,,,,,,,,,,,,,,0.9656008287054167,0.020085326329694113,0.1738613175034005,0.14684014869888476,0.6481716154947357,0.7490706319702602
dualfuel|2024|7000|all,20 chosen for dual-fuel use,2024,roro,ammonia,operating,2.0,0.0,538,158,0.4403684753447289,0.4425450442369647,0.7643754025923988,0.7655319483224927,,,,,,,,,,,,,,,0.9656008287054167,0.020085326329694113,0.4059519433522293,0.3996282527881041,0.8370717138600549,0.8308550185873605
dualfuel|2024|7000|all,20 chosen for dual-fuel use,2024,roro,ammonia,operating,2.0,0.1,538,158,0.3795610241823242,0.38128972276374284,0.7294364098801297,0.7304931890910679,,,,,,,,,,,,,,,0.9656008287054167,0.020085326329694113,0.3414029370436591,0.30111524163568776,0.7916093143501902,0.8178438661710037
dualfuel|2019|7000|all,20 chosen for dual-fuel use on 2019,2024,all,methanol,service,1.0,0.0,19981,3054,0.2814322821700067,0.2835366499578708,0.6114747384391912,0.6125219263107818,,,0.5728855773271699,0.5738965765328973,,,,,0.570843657235668,0.5718399566658655,,,,,0.9563630126641172,0.05655314001755371,0.20777370157518973,0.23116961113057405,0.6514047056587482,0.6881537460587558
dualfuel|2019|7000|all,20 chosen for dual-fuel use on 2019,2024,all,methanol,service,1.0,0.1,19981,3054,0.24450510433939185,0.24627786428454954,0.5763280245125257,0.5772918123052448,,,,,,,,,,,,,,,0.9563630126641172,0.05655314001755371,0.16960676779087636,0.191381812722086,0.6064023766581219,0.6419598618687753
dualfuel|2019|7000|all,20 chosen for dual-fuel use on 2019,2024,all,methanol,service,1.5,0.0,19981,3054,0.4594203081593694,0.4628492602961554,0.7370224673426544,0.7384688243615123,,,0.6999569524068653,0.7014077841411746,,,,,0.697100184836954,0.6985305098962031,,,,,0.9563630126641172,0.05655314001755371,0.4249923633577465,0.4381662579450478,0.8256812386108118,0.8062159051098544
dualfuel|2019|7000|all,20 chosen for dual-fuel use on 2019,2024,all,methanol,service,1.5,0.1,19981,3054,0.40923933081326147,0.4122872635349533,0.7068075086038706,0.7081447110056268,,,,,,,,,,,,,,,0.9563630126641172,0.05655314001755371,0.35665282063741016,0.3772583954757019,0.7822920901941643,0.7849957459586607
dualfuel|2019|7000|all,20 chosen for dual-fuel use on 2019,2024,all,methanol,service,2.0,0.0,19981,3054,0.5944511922653607,0.5989000841174401,0.8079286332659792,0.8097366752436711,,,0.7733648726038967,0.7751422314995552,,,,,0.770270176995526,0.7720193268462661,,,,,0.9563630126641172,0.05655314001755371,0.6183033035743963,0.5851058505580301,0.9368004603062499,0.8489064611380812
dualfuel|2019|7000|all,20 chosen for dual-fuel use on 2019,2024,all,methanol,service,2.0,0.1,19981,3054,0.5409857571154703,0.5449478020234136,0.7841475421456257,0.785810374166339,,,,,,,,,,,,,,,0.9563630126641172,0.05655314001755371,0.5384839184816561,0.5287022671537961,0.8987841938282395,0.8360942895750963
dualfuel|2019|7000|all,20 chosen for dual-fuel use on 2019,2024,all,methanol,operating,1.0,0.0,19981,3054,0.33274585297737114,0.33497957459635747,0.6396777785562378,0.6405894453069171,0.6356449322476398,0.6364921594534267,0.5933904995912664,0.594437332826533,0.5897345661602401,0.590715303375801,0.7120846973173532,0.7138715263464241,0.5908018543960839,0.5918326636437283,0.5872676999321772,0.5882390194180407,0.7070528814595991,0.7088051045316816,0.9563630126641172,0.05655314001755371,0.2381015158083597,0.268254842099995,0.6818388595264313,0.707972573945248
dualfuel|2019|7000|all,20 chosen for dual-fuel use on 2019,2024,all,methanol,operating,1.0,0.1,19981,3054,0.2944041946719391,0.2962807870419486,0.6069019533021887,0.6077355991866453,,,,,,,,,,,,,,,0.9563630126641172,0.05655314001755371,0.19354171984472024,0.2261648566137831,0.6354663539604849,0.6671337770882338
dualfuel|2019|7000|all,20 chosen for dual-fuel use on 2019,2024,all,methanol,operating,1.5,0.0,19981,3054,0.5026327500647533,0.5059605949349552,0.7540841284677684,0.7553604492638172,0.7510482529310119,0.7522826776376279,0.703961869455398,0.7054205555831059,0.7010067732876339,0.7024934759916434,0.8013584469652034,0.8037954650869354,0.7010127885375675,0.702450782714838,0.6982224155977206,0.6996877654750826,0.7966147539832076,0.7989918408093882,0.9563630126641172,0.05655314001755371,0.4643681619529931,0.4718983033882188,0.8534921568183105,0.8105199939942945
dualfuel|2019|7000|all,20 chosen for dual-fuel use on 2019,2024,all,methanol,operating,1.5,0.1,19981,3054,0.45496618211876105,0.4579151681518424,0.726762124542637,0.7279214150783165,,,,,,,,,,,,,,,0.9563630126641172,0.05655314001755371,0.39783185469542043,0.4166958610680146,0.8103375750929804,0.7921525449176718
dualfuel|2019|7000|all,20 chosen for dual-fuel use on 2019,2024,all,methanol,operating,2.0,0.0,19981,3054,0.6359361254196254,0.6401848460963334,0.8154623045768343,0.8170745488348102,0.8138816906794137,0.8154650790318771,0.772600000980439,0.7744887702059192,0.7697648564283163,0.7716908374080842,0.8479934369872076,0.8509630614839905,0.7694576434520386,0.7713155756014048,0.766782629435894,0.7686768955605191,0.8433177194035972,0.8462082212417569,0.9563630126641172,0.05655314001755371,0.6783930487389859,0.6167358991041489,0.9601943275195939,0.8493068414994245
dualfuel|2019|7000|all,20 chosen for dual-fuel use on 2019,2024,all,methanol,operating,2.0,0.1,19981,3054,0.5894451532454318,0.593299450339852,0.7953978702844909,0.7968747868612727,,,,,,,,,,,,,,,0.9563630126641172,0.05655314001755371,0.5963593749179358,0.5680896852009409,0.9238571874162682,0.836294479755768
dualfuel|2019|7000|all,20 chosen for dual-fuel use on 2019,2024,all,ammonia,service,1.0,0.0,19981,3054,0.21217977762338994,0.2137473301381174,0.5392580990976715,0.5401093808327027,,,,,,,,,,,,,,,0.9563630126641172,0.05655314001755371,0.1403517841770006,0.15764976727891497,0.5603373774003164,0.5853560882838696
dualfuel|2019|7000|all,20 chosen for dual-fuel use on 2019,2024,all,ammonia,service,1.0,0.1,19981,3054,0.18416035078861753,0.18541243412732117,0.5049373630013726,0.5057140380766452,,,,,,,,,,,,,,,0.9563630126641172,0.05655314001755371,0.11645218519432302,0.131074520794755,0.5185900433524345,0.5277013162504379
dualfuel|2019|7000|all,20 chosen for dual-fuel use on 2019,2024,all,ammonia,service,1.5,0.0,19981,3054,0.3575391714700974,0.3602213246860624,0.6727450780254463,0.6739660472894837,,,,,,,,,,,,,,,0.9563630126641172,0.05655314001755371,0.29571326504156104,0.31670086582253143,0.7325623731747108,0.7547169811320755
dualfuel|2019|7000|all,20 chosen for dual-fuel use on 2019,2024,all,ammonia,service,1.5,0.1,19981,3054,0.31373314730316443,0.3160960034075714,0.6389099452524907,0.6400300044353505,,,,,,,,,,,,,,,0.9563630126641172,0.05655314001755371,0.24440375906844836,0.26580251238676744,0.6872091229670503,0.7215354586857514
dualfuel|2019|7000|all,20 chosen for dual-fuel use on 2019,2024,all,ammonia,service,2.0,0.0,19981,3054,0.4907201104107449,0.49442212955295123,0.7560067538070301,0.7575395683705888,,,,,,,,,,,,,,,0.9563630126641172,0.05655314001755371,0.46566504064713654,0.4729993493819128,0.8549784011173762,0.8187778389469996
dualfuel|2019|7000|all,20 chosen for dual-fuel use on 2019,2024,all,ammonia,service,2.0,0.1,19981,3054,0.4420439795763298,0.44538916784412513,0.727325119137146,0.7287345060332445,,,,,,,,,,,,,,,0.9563630126641172,0.05655314001755371,0.4011712828881806,0.41629548070667133,0.8112382642728314,0.7996596766928582
dualfuel|2019|7000|all,20 chosen for dual-fuel use on 2019,2024,all,ammonia,operating,1.0,0.0,19981,3054,0.25716486628307844,0.258775448762052,0.5717784004878214,0.5725230951159829,,,,,,,,,,,,,,,0.9563630126641172,0.05655314001755371,0.1561664978511809,0.18647715329563086,0.587882488117051,0.6187878484560332
dualfuel|2019|7000|all,20 chosen for dual-fuel use on 2019,2024,all,ammonia,operating,1.0,0.1,19981,3054,0.22374045232215897,0.2251024005520424,0.5383891995620683,0.5390575299602185,,,,,,,,,,,,,,,0.9563630126641172,0.05655314001755371,0.12895990352606465,0.15524748511085532,0.5448641295766906,0.5639357389520044
dualfuel|2019|7000|all,20 chosen for dual-fuel use on 2019,2024,all,ammonia,operating,1.5,0.0,19981,3054,0.40851916631081786,0.4111318285082155,0.6956900662632013,0.6967485152969707,,,,,,,,,,,,,,,0.9563630126641172,0.05655314001755371,0.331860555898486,0.35864070867323955,0.7629666227397697,0.7661278214303588
dualfuel|2019|7000|all,20 chosen for dual-fuel use on 2019,2024,all,ammonia,operating,1.5,0.1,19981,3054,0.36493902679523227,0.3673288958801783,0.6648619155019265,0.6658374085924089,,,,,,,,,,,,,,,0.9563630126641172,0.05655314001755371,0.27499346365633304,0.30639107151794204,0.7175024243293345,0.7361493418747811
dualfuel|2019|7000|all,20 chosen for dual-fuel use on 2019,2024,all,ammonia,operating,2.0,0.0,19981,3054,0.5367877423489366,0.540279994345136,0.7711032773402989,0.7724510876700252,,,,,,,,,,,,,,,0.9563630126641172,0.05655314001755371,0.5115347099080347,0.508332916270457,0.8818680971887279,0.821380311295731
dualfuel|2019|7000|all,20 chosen for dual-fuel use on 2019,2024,all,ammonia,operating,2.0,0.1,19981,3054,0.48685860139136083,0.49004899467642044,0.7453010352387377,0.7465396732481885,,,,,,,,,,,,,,,0.9563630126641172,0.05655314001755371,0.4417274318667327,0.4541314248536109,0.8394181300454785,0.8052149542064961
dualfuel|2019|7000|all,20 chosen for dual-fuel use on 2019,2024,container,methanol,service,1.0,0.0,2926,858,0.38817094706003336,0.38955065682335815,0.6884049663653886,0.6889152341198109,,,0.674223589871447,0.6749960337138736,,,,,0.6729250322254618,0.673686470386501,,,,,0.9467002838894873,0.12779489104473807,0.29450721949390146,0.38072453861927547,0.7462187687195454,0.6954887218045113
dualfuel|2019|7000|all,20 chosen for dual-fuel use on 2019,2024,container,methanol,service,1.0,0.1,2926,858,0.33795600125061764,0.3390885907734376,0.6549193707291296,0.6553785373147648,,,,,,,,,,,,,,,0.9467002838894873,0.12779489104473807,0.23181971783856206,0.3304853041695147,0.6995098724907844,0.6684894053315106
dualfuel|2019|7000|all,20 chosen for dual-fuel use on 2019,2024,container,methanol,service,1.5,0.0,2926,858,0.5868917377376855,0.5892469224193415,0.7957330685632846,0.7964610023652695,,,0.78678074259439,0.787727679495702,,,,,0.7841939866378727,0.7851274317029406,,,,,0.9467002838894873,0.12779489104473807,0.6323238963899352,0.5601503759398496,0.91422962646367,0.7655502392344498
dualfuel|2019|7000|all,20 chosen for dual-fuel use on 2019,2024,container,methanol,service,1.5,0.1,2926,858,0.5342315712886092,0.5363229289614833,0.7717929849674102,0.7724809199791095,,,,,,,,,,,,,,,0.9467002838894873,0.12779489104473807,0.5284574523107517,0.5133287764866712,0.8782660622865952,0.7515379357484621
dualfuel|2019|7000|all,20 chosen for dual-fuel use on 2019,2024,container,methanol,service,2.0,0.0,2926,858,0.6930223488687892,0.6958786660754284,0.8476500439292096,0.8485293702058588,,,0.8366063415050994,0.8377088039372221,,,,,0.833572180706698,0.8346589353946416,,,,,0.9467002838894873,0.12779489104473807,0.8373891132345463,0.6411483253588517,0.9911236152858507,0.7925495557074504
dualfuel|2019|7000|all,20 chosen for dual-fuel use on 2019,2024,container,methanol,service,2.0,0.1,2926,858,0.6531888486270724,0.6557905567133234,0.8305923616513331,0.8314075369480258,,,,,,,,,,,,,,,0.9467002838894873,0.12779489104473807,0.7602071146970835,0.6114149008885851,0.9679608041019735,0.7829801777170198
dualfuel|2019|7000|all,20 chosen for dual-fuel use on 2019,2024,container,methanol,operating,1.0,0.0,2926,858,0.52240440152287,0.5245048867584343,0.7640172920651304,0.7645527475378122,0.7591674372567077,0.7596490765516998,0.7534170983339905,0.7542786277454335,0.7453560781328887,0.7461288075644955,0.821560038057125,0.8229701935339049,0.7508211476280513,0.7516704020782773,0.7427920590984342,0.743553778779615,0.8172756795532898,0.8186657433145967,0.9467002838894873,0.12779489104473807,0.482299741693785,0.49077238550922764,0.8470080209222706,0.7347915242652084
dualfuel|2019|7000|all,20 chosen for dual-fuel use on 2019,2024,container,methanol,operating,1.0,0.1,2926,858,0.47377022026145454,0.47551616947738334,0.7368219335065486,0.7373091637218122,,,,,,,,,,,,,,,0.9467002838894873,0.12779489104473807,0.4015536679135112,0.44121667805878334,0.8028117772871206,0.7180451127819549
dualfuel|2019|7000|all,20 chosen for dual-fuel use on 2019,2024,container,methanol,operating,1.5,0.0,2926,858,0.6888286829005816,0.6913005804488892,0.8440455016101976,0.8447707155429268,0.8404715873295345,0.8411862524743895,0.8288397750103912,0.8299096891254262,0.8264524633919593,0.8275239788154433,0.8797553914643121,0.881861969186668,0.8255362739539953,0.8265909440691233,0.8231716873791372,0.8242279359874758,0.8751002534411005,0.8771768169126548,0.9467002838894873,0.12779489104473807,0.805244082103701,0.632946001367054,0.9843650926322411,0.7816131237183869
dualfuel|2019|7000|all,20 chosen for dual-fuel use on 2019,2024,container,methanol,operating,1.5,0.1,2926,858,0.6498705335336388,0.6523207780619084,0.8268641846185543,0.8275105211753242,,,,,,,,,,,,,,,0.9467002838894873,0.12779489104473807,0.7288636187503397,0.6001367053998633,0.956782854820093,0.7740943267259057
dualfuel|2019|7000|all,20 chosen for dual-fuel use on 2019,2024,container,methanol,operating,2.0,0.0,2926,858,0.7843018608147645,0.7872145857313756,0.8773220860945181,0.8783116269166397,0.8757293574995035,0.8767041242445346,0.869816676001995,0.87132121717201,0.8676004669097486,0.8691099179749896,0.908757464821401,0.9114596926931712,0.866199824909852,0.867682929569092,0.8640065231021167,0.8654944677010212,0.9038552368893954,0.9065189637629579,0.9467002838894873,0.12779489104473807,0.9357046015523228,0.7009569377990431,0.9999999999999998,0.8028024606971975
dualfuel|2019|7000|all,20 chosen for dual-fuel use on 2019,2024,container,methanol,operating,2.0,0.1,2926,858,0.7558163876156975,0.758543038592439,0.867111206776943,0.8679784245730391,,,,,,,,,,,,,,,0.9467002838894873,0.12779489104473807,0.9092283199229136,0.6818181818181818,0.9999999999999997,0.7939166097060834
dualfuel|2019|7000|all,20 chosen for dual-fuel use on 2019,2024,container,ammonia,service,1.0,0.0,2926,858,0.29716249520555593,0.29824097885197237,0.6183098285869194,0.618720122618863,,,,,,,,,,,,,,,0.9467002838894873,0.12779489104473807,0.18564299105665377,0.2884483937115516,0.6477009122466659,0.6360218728639782
dualfuel|2019|7000|all,20 chosen for dual-fuel use on 2019,2024,container,ammonia,service,1.0,0.1,2926,858,0.25928752904133906,0.26019545766321434,0.5838051949714479,0.5841735717063473,,,,,,,,,,,,,,,0.9467002838894873,0.12779489104473807,0.1554609082913297,0.2508544087491456,0.6006140354885638,0.5997949419002051
dualfuel|2019|7000|all,20 chosen for dual-fuel use on 2019,2024,container,ammonia,service,1.5,0.0,2926,858,0.4770919286809683,0.4789285567276608,0.7435888614654276,0.744197275729905,,,,,,,,,,,,,,,0.9467002838894873,0.12779489104473807,0.4384358503671736,0.461038961038961,0.8323264203164168,0.735475051264525
dualfuel|2019|7000|all,20 chosen for dual-fuel use on 2019,2024,container,ammonia,service,1.5,0.1,2926,858,0.4255298321615013,0.42706566519621236,0.7137017779501212,0.714256431048692,,,,,,,,,,,,,,,0.9467002838894873,0.12779489104473807,0.35133716112953234,0.4128503075871497,0.786191084180534,0.715311004784689
dualfuel|2019|7000|all,20 chosen for dual-fuel use on 2019,2024,container,ammonia,service,2.0,0.0,2926,858,0.6138076856871258,0.6161994788572774,0.8099018629656421,0.810665500905811,,,,,,,,,,,,,,,0.9467002838894873,0.12779489104473807,0.6880042886310315,0.5813397129186603,0.9365578848217706,0.771701982228298
dualfuel|2019|7000|all,20 chosen for dual-fuel use on 2019,2024,container,ammonia,service,2.0,0.1,2926,858,0.5688059207005893,0.5711036535047576,0.7882373701917876,0.7889516224162142,,,,,,,,,,,,,,,0.9467002838894873,0.12779489104473807,0.596858397093696,0.5461380724538619,0.9049083123657022,0.7624743677375256
dualfuel|2019|7000|all,20 chosen for dual-fuel use on 2019,2024,container,ammonia,operating,1.0,0.0,2926,858,0.42292335593974417,0.42444660314757493,0.7061105390906163,0.7065476446666872,,,,,,,,,,,,,,,0.9467002838894873,0.12779489104473807,0.321259042176926,0.39268626110731375,0.753835423509431,0.6989063568010937
dualfuel|2019|7000|all,20 chosen for dual-fuel use on 2019,2024,container,ammonia,operating,1.0,0.1,2926,858,0.37001356574701033,0.37124035131421423,0.6744871842847352,0.6748733969315819,,,,,,,,,,,,,,,0.9467002838894873,0.12779489104473807,0.24776299190995976,0.34313055365686945,0.7013638617509383,0.6732740943267259
dualfuel|2019|7000|all,20 chosen for dual-fuel use on 2019,2024,container,ammonia,operating,1.5,0.0,2926,858,0.607564934214682,0.6098420784159869,0.8058428784902903,0.8064408425172163,,,,,,,,,,,,,,,0.9467002838894873,0.12779489104473807,0.6446694264871172,0.5625427204374572,0.9210041134017692,0.7621326042378674
dualfuel|2019|7000|all,20 chosen for dual-fuel use on 2019,2024,container,ammonia,operating,1.5,0.1,2926,858,0.5602678989477189,0.5624062993502434,0.7835749525385394,0.7841370317698086,,,,,,,,,,,,,,,0.9467002838894873,0.12779489104473807,0.5503626362341081,0.5252904989747095,0.8818598835544509,0.7494873547505126
dualfuel|2019|7000|all,20 chosen for dual-fuel use on 2019,2024,container,ammonia,operating,2.0,0.0,2926,858,0.7191622424562347,0.7217843903267331,0.8541453690389279,0.8549147974154948,,,,,,,,,,,,,,,0.9467002838894873,0.12779489104473807,0.8674268365678568,0.6534518113465482,0.9999999999999991,0.7860560492139439
dualfuel|2019|7000|all,20 chosen for dual-fuel use on 2019,2024,container,ammonia,operating,2.0,0.1,2926,858,0.6757176286279124,0.67818952617622,0.8386560060370739,0.8393455011953339,,,,,,,,,,,,,,,0.9467002838894873,0.12779489104473807,0.7806193637350443,0.621326042378674,0.9765019021923433,0.780246069719754
dualfuel|2019|7000|all,20 chosen for dual-fuel use on 2019,2024,bulk,methanol,service,1.0,0.0,8019,1124,0.22758104173394364,0.23032432482415452,0.6026878142897648,0.6035909524154399,,,0.5904230437275625,0.5922782630874708,,,,,0.5871365674168479,0.5889676035763144,,,,,0.9679084791504167,0.01234720884226368,0.18929450304316436,0.17121835640354158,0.6366619866701458,0.7111859334081556
dualfuel|2019|7000|all,20 chosen for dual-fuel use on 2019,2024,bulk,methanol,service,1.0,0.1,8019,1124,0.1980083089130681,0.20033295058721828,0.5645382995179586,0.5653580909144691,,,,,,,,,,,,,,,0.9679084791504167,0.01234720884226368,0.15772236694373315,0.13729891507669287,0.5919944701299346,0.6518269110861703
dualfuel|2019|7000|all,20 chosen for dual-fuel use on 2019,2024,bulk,methanol,service,1.5,0.0,8019,1124,0.3900376527255048,0.39429731177711286,0.7493610864588782,0.750670073026221,,,0.7400108313330325,0.7426124997320966,,,,,0.7362932427918897,0.738848346948201,,,,,0.9679084791504167,0.01234720884226368,0.3878288846449618,0.38545953360768176,0.8153365702468507,0.8528494824791121
dualfuel|2019|7000|all,20 chosen for dual-fuel use on 2019,2024,bulk,methanol,service,1.5,0.1,8019,1124,0.3414096711825019,0.3451452143697578,0.7119278653379383,0.7130956492742057,,,,,,,,,,,,,,,0.9679084791504167,0.01234720884226368,0.32445120368598096,0.32048883900735753,0.7680111032105693,0.8279087167976057
dualfuel|2019|7000|all,20 chosen for dual-fuel use on 2019,2024,bulk,methanol,service,2.0,0.0,8019,1124,0.5705364809841222,0.5761259169622749,0.8418286101813791,0.84355808595372,,,0.8335644530609438,0.8366942539153728,,,,,0.8295338102210437,0.8326012116528086,,,,,0.9679084791504167,0.01234720884226368,0.5776513943391176,0.5693976805087916,0.9351246736448414,0.9033545329841626
dualfuel|2019|7000|all,20 chosen for dual-fuel use on 2019,2024,bulk,methanol,service,2.0,0.1,8019,1124,0.48884102050513406,0.4937741236319624,0.8108064031967662,0.8123547036972574,,,,,,,,,,,,,,,0.9679084791504167,0.01234720884226368,0.49358753384967874,0.4945753834642724,0.8929370710108422,0.8892630003741114
dualfuel|2019|7000|all,20 chosen for dual-fuel use on 2019,2024,bulk,methanol,operating,1.0,0.0,8019,1124,0.2759240350800416,0.27889477148568004,0.6509192881657104,0.6518792581048023,0.6435511705429524,0.6444980231041129,0.638864423791631,0.640842655097251,0.637624491559774,0.6396877917564353,0.8441517490524211,0.8476295856296282,0.6354274383318264,0.6373777981268623,0.6343343521505219,0.6363672301863205,0.8381659328049095,0.841515128952694,0.9679084791504167,0.01234720884226368,0.24706171976567168,0.23731138545953362,0.6980704286182976,0.770794363386956
dualfuel|2019|7000|all,20 chosen for dual-fuel use on 2019,2024,bulk,methanol,operating,1.0,0.1,8019,1124,0.23950851473206736,0.24213105425516357,0.6124793392507185,0.6133584033140155,,,,,,,,,,,,,,,0.9679084791504167,0.01234720884226368,0.20259896225659757,0.19029804214989401,0.6517507088216179,0.7237810200773164
dualfuel|2019|7000|all,20 chosen for dual-fuel use on 2019,2024,bulk,methanol,operating,1.5,0.0,8019,1124,0.4649330980845655,0.46959836482950923,0.7926798864258309,0.7940839601723548,0.7887068968782683,0.7900798347970338,0.7847144259837798,0.7875529941328063,0.7817578486217481,0.7846227103865456,0.929655942260107,0.9339043449914375,0.7809133814542253,0.783698282312535,0.7778607840098436,0.7806711901132574,0.9255563838908916,0.9295917733131388,0.9679084791504167,0.01234720884226368,0.47364513641652717,0.4732510288065844,0.8718812204962308,0.877914951989026
dualfuel|2019|7000|all,20 chosen for dual-fuel use on 2019,2024,bulk,methanol,operating,1.5,0.1,8019,1124,0.4065646257681652,0.41058699907005525,0.7578043192499263,0.7590555230424743,,,,,,,,,,,,,,,0.9679084791504167,0.01234720884226368,0.40742581975425113,0.4107744107744108,0.8278442894578022,0.8580870432722285
dualfuel|2019|7000|all,20 chosen for dual-fuel use on 2019,2024,bulk,methanol,operating,2.0,0.0,8019,1124,0.6552475338328171,0.6611005970250183,0.8708778698825878,0.8726441203262953,0.8689496150432645,0.870685831843312,0.8666347597123817,0.8700847175314123,0.8637858008104206,0.8672834084685453,0.9591893889953188,0.9638213750916359,0.8627200280176753,0.8660979870359263,0.8599533305410028,0.863377510696576,0.9557733597546118,0.9601808314277996,0.9679084791504167,0.01234720884226368,0.7006174591041678,0.6503304651452799,0.9860461387791293,0.9147025813692481
dualfuel|2019|7000|all,20 chosen for dual-fuel use on 2019,2024,bulk,methanol,operating,2.0,0.1,8019,1124,0.5855046528766253,0.5907909756159239,0.8460359208992351,0.8476695458925118,,,,,,,,,,,,,,,0.9679084791504167,0.01234720884226368,0.6091781455130503,0.5912208504801097,0.9470082834190503,0.9032298291557551
dualfuel|2019|7000|all,20 chosen for dual-fuel use on 2019,2024,bulk,ammonia,service,1.0,0.0,8019,1124,0.17081236178221582,0.17267145596772843,0.524971636899069,0.5257105031142488,,,,,,,,,,,,,,,0.9679084791504167,0.01234720884226368,0.12942969230766885,0.10736999625888514,0.5462044746048065,0.5832398054620277
dualfuel|2019|7000|all,20 chosen for dual-fuel use on 2019,2024,bulk,ammonia,service,1.0,0.1,8019,1124,0.14783713566669218,0.14931991990133253,0.4889395427123575,0.4896044909115875,,,,,,,,,,,,,,,0.9679084791504167,0.01234720884226368,0.10885720228565705,0.08405038034667664,0.505456695617488,0.5094151390447687
dualfuel|2019|7000|all,20 chosen for dual-fuel use on 2019,2024,bulk,ammonia,service,1.5,0.0,8019,1124,0.2954743881848548,0.2988268324193871,0.6714647256570172,0.6725169296498834,,,,,,,,,,,,,,,0.9679084791504167,0.01234720884226368,0.27282016037669354,0.260132186058112,0.7185266288170008,0.7907469759321611
dualfuel|2019|7000|all,20 chosen for dual-fuel use on 2019,2024,bulk,ammonia,service,1.5,0.1,8019,1124,0.2569551492116705,0.26003842394660737,0.6330106167770767,0.6339780447670387,,,,,,,,,,,,,,,0.9679084791504167,0.01234720884226368,0.22554998180307342,0.2077565781269485,0.6717571126893709,0.7533358274099015
dualfuel|2019|7000|all,20 chosen for dual-fuel use on 2019,2024,bulk,ammonia,service,2.0,0.0,8019,1124,0.4261239523454302,0.4306006538426207,0.7738803050623033,0.7752903672743133,,,,,,,,,,,,,,,0.9679084791504167,0.01234720884226368,0.42702162177162073,0.4263623893253523,0.8451606152171391,0.8688115725152762
dualfuel|2019|7000|all,20 chosen for dual-fuel use on 2019,2024,bulk,ammonia,service,2.0,0.1,8019,1124,0.3727574505553423,0.37687207113926996,0.7371108204469954,0.7383763109169246,,,,,,,,,,,,,,,0.9679084791504167,0.01234720884226368,0.3659878712230962,0.361142287068213,0.7992224857917577,0.8434966953485472
dualfuel|2019|7000|all,20 chosen for dual-fuel use on 2019,2024,bulk,ammonia,operating,1.0,0.0,8019,1124,0.204968755427308,0.20717813513869973,0.5719079986235698,0.5727020333097883,,,,,,,,,,,,,,,0.9679084791504167,0.01234720884226368,0.1628654112589284,0.14789874049133309,0.6031806738897868,0.6672901858087044
dualfuel|2019|7000|all,20 chosen for dual-fuel use on 2019,2024,bulk,ammonia,operating,1.0,0.1,8019,1124,0.17835876167894382,0.1802044126383503,0.5344111030822868,0.5351284003565028,,,,,,,,,,,,,,,0.9679084791504167,0.01234720884226368,0.13652216183691948,0.11896745230078563,0.558533220670998,0.6005736376106746
dualfuel|2019|7000|all,20 chosen for dual-fuel use on 2019,2024,bulk,ammonia,operating,1.5,0.0,8019,1124,0.3539860606251757,0.35761787042233467,0.7189739604035134,0.720098817977973,,,,,,,,,,,,,,,0.9679084791504167,0.01234720884226368,0.34563102840821347,0.33994263623893256,0.7796400485522292,0.8306522010225714
dualfuel|2019|7000|all,20 chosen for dual-fuel use on 2019,2024,bulk,ammonia,operating,1.5,0.1,8019,1124,0.30839151361713524,0.31162994403677796,0.6810912617238317,0.6821155735191109,,,,,,,,,,,,,,,0.9679084791504167,0.01234720884226368,0.2873193101424409,0.28208005985783763,0.7343348161142939,0.7966080558673151
dualfuel|2019|7000|all,20 chosen for dual-fuel use on 2019,2024,bulk,ammonia,operating,2.0,0.0,8019,1124,0.5084852279164965,0.5132439118749569,0.8146819184622685,0.8161711565719689,,,,,,,,,,,,,,,0.9679084791504167,0.01234720884226368,0.5189209069794681,0.5161491457787754,0.9007535894295402,0.8890135927172964
dualfuel|2019|7000|all,20 chosen for dual-fuel use on 2019,2024,bulk,ammonia,operating,2.0,0.1,8019,1124,0.4457098088806614,0.4502771393908201,0.7814190987135016,0.7827837952047603,,,,,,,,,,,,,,,0.9679084791504167,0.01234720884226368,0.4518532301646947,0.4535478239181943,0.8569856473388054,0.8731762065095399
dualfuel|2019|7000|all,20 chosen for dual-fuel use on 2019,2024,tanker,methanol,service,1.0,0.0,5577,211,0.30535435847826053,0.30793266143714276,0.6481317696502547,0.6500565884143967,,,0.5933664837767196,0.5945400252441485,,,,,0.5926970123292652,0.5938551436176822,,,,,0.9640118184739709,0.05116430161124369,0.2635025857109018,0.28420297651066884,0.6939315019518554,0.7238658777120316
dualfuel|2019|7000|all,20 chosen for dual-fuel use on 2019,2024,tanker,methanol,service,1.0,0.1,5577,211,0.2675565392936915,0.26990921291413156,0.6110223899067352,0.6128235380219612,,,,,,,,,,,,,,,0.9640118184739709,0.05116430161124369,0.22204846585893115,0.23991393222162452,0.6491680118820948,0.6844181459566075
dualfuel|2019|7000|all,20 chosen for dual-fuel use on 2019,2024,tanker,methanol,service,1.5,0.0,5577,211,0.5028645304151228,0.5073675750097801,0.7800859767296978,0.7826015461801215,,,0.7336591844302252,0.7353281430244656,,,,,0.7323783907220479,0.7340346328152418,,,,,0.9640118184739709,0.05116430161124369,0.50209561810287,0.5017034247803479,0.8607802306525197,0.827685135377443
dualfuel|2019|7000|all,20 chosen for dual-fuel use on 2019,2024,tanker,methanol,service,1.5,0.1,5577,211,0.44637850210389407,0.4504353268220754,0.7490857730013807,0.7514625854388661,,,,,,,,,,,,,,,0.9640118184739709,0.05116430161124369,0.422255156861254,0.4380491303568227,0.8214614659645583,0.8088578088578089
dualfuel|2019|7000|all,20 chosen for dual-fuel use on 2019,2024,tanker,methanol,service,2.0,0.0,5577,211,0.6388605947979595,0.64419900865176,0.8508138108589285,0.8538006500760658,,,0.8214218334612765,0.8233849891845836,,,,,0.8198429524198059,0.8217859282903047,,,,,0.9640118184739709,0.05116430161124369,0.6881765816013292,0.6392325623094854,0.9560474747320729,0.8642639411870181
dualfuel|2019|7000|all,20 chosen for dual-fuel use on 2019,2024,tanker,methanol,service,2.0,0.1,5577,211,0.5917761077613963,0.5968932719586926,0.8272235621676285,0.830027859488085,,,,,,,,,,,,,,,0.9640118184739709,0.05116430161124369,0.6194380876550393,0.5874125874125874,0.9235079603749389,0.8544020082481621
dualfuel|2019|7000|all,20 chosen for dual-fuel use on 2019,2024,tanker,methanol,operating,1.0,0.0,5577,211,0.31111001277619327,0.3136686453674263,0.6449439977618608,0.6464690217503131,0.6458369834982477,0.6472516325086735,0.5736167893213566,0.5748509834397251,0.5734269432869016,0.5744878673436326,0.6975839112629378,0.6992045468377431,0.5727487024056847,0.5739643476356162,0.5726902864239934,0.5737539189284228,0.6940837804196507,0.6956929253780785,0.9640118184739709,0.05116430161124369,0.24164010207439118,0.2625067240451856,0.6660857848091998,0.6914111529496145
dualfuel|2019|7000|all,20 chosen for dual-fuel use on 2019,2024,tanker,methanol,operating,1.0,0.1,5577,211,0.27019476421939503,0.2721509558323501,0.6085969470172861,0.6099910051562754,,,,,,,,,,,,,,,0.9640118184739709,0.05116430161124369,0.19532205709401104,0.22431414739107047,0.6214966368514485,0.652142729065806
dualfuel|2019|7000|all,20 chosen for dual-fuel use on 2019,2024,tanker,methanol,operating,1.5,0.0,5577,211,0.5019062425706206,0.5059679892848531,0.7727997880211033,0.7748759556984075,0.7722575108247102,0.7742715462509248,0.7128807227545666,0.7145585958837148,0.7112902723162828,0.7129627065588977,0.8158884028306485,0.8181420676278732,0.7116438328890431,0.7133087633684058,0.7105317662762529,0.7121913958456954,0.8129645210985236,0.8151906362519737,0.9640118184739709,0.05116430161124369,0.45791041770667984,0.4678142370450063,0.8361157321460502,0.8090371167294245
dualfuel|2019|7000|all,20 chosen for dual-fuel use on 2019,2024,tanker,methanol,operating,1.5,0.1,5577,211,0.44560296675047484,0.44909395249845824,0.7425470774068449,0.7444821225247303,,,,,,,,,,,,,,,0.9640118184739709,0.05116430161124369,0.3904354157005223,0.40882194728348575,0.7969429796899741,0.7880580957504034
dualfuel|2019|7000|all,20 chosen for dual-fuel use on 2019,2024,tanker,methanol,operating,2.0,0.0,5577,211,0.6351219203408576,0.6401875561887693,0.841614060192151,0.8440628418061045,0.8412397488303193,0.843690731333759,0.7993470372186444,0.8012710875074456,0.7975821366592604,0.7994997614943136,0.8780692133684379,0.8806373554190468,0.797701652339808,0.799606514823597,0.7963057883150562,0.7982043883494806,0.8752161191813284,0.8777487337589196,0.9640118184739709,0.05116430161124369,0.6508844191058936,0.6051640667025282,0.9376778229559942,0.8506365429442353
dualfuel|2019|7000|all,20 chosen for dual-fuel use on 2019,2024,tanker,methanol,operating,2.0,0.1,5577,211,0.588890280930367,0.5936188430430775,0.8185681257558405,0.820874571270947,,,,,,,,,,,,,,,0.9640118184739709,0.05116430161124369,0.5793440787945245,0.5596198673121751,0.9014720828976387,0.8375470683162991
dualfuel|2019|7000|all,20 chosen for dual-fuel use on 2019,2024,tanker,ammonia,service,1.0,0.0,5577,211,0.23076096078854016,0.23291766646451137,0.5720033293877826,0.5735752483138397,,,,,,,,,,,,,,,0.9640118184739709,0.05116430161124369,0.1804057286254462,0.19903173749327596,0.6004285275661699,0.6317016317016317
dualfuel|2019|7000|all,20 chosen for dual-fuel use on 2019,2024,tanker,ammonia,service,1.0,0.1,5577,211,0.19970485623823417,0.20160531246507257,0.5354873395750396,0.5369509627077151,,,,,,,,,,,,,,,0.9640118184739709,0.05116430161124369,0.14789169783003173,0.16854939931863008,0.5584914512498054,0.5829298906221984
dualfuel|2019|7000|all,20 chosen for dual-fuel use on 2019,2024,tanker,ammonia,service,1.5,0.0,5577,211,0.387093274640065,0.39059407212196273,0.7130552787858621,0.71527475499106,,,,,,,,,,,,,,,0.9640118184739709,0.05116430161124369,0.355408622465345,0.3740362201900663,0.776633992651759,0.7824995517303209
dualfuel|2019|7000|all,20 chosen for dual-fuel use on 2019,2024,tanker,ammonia,service,1.5,0.1,5577,211,0.3401492134027392,0.3431332555223511,0.6772309460233057,0.6792776111912677,,,,,,,,,,,,,,,0.9640118184739709,0.05116430161124369,0.3024268201293879,0.3225748610363995,0.729771933460994,0.7520172135556751
dualfuel|2019|7000|all,20 chosen for dual-fuel use on 2019,2024,tanker,ammonia,service,2.0,0.0,5577,211,0.5374433043852808,0.54235804718416,0.7992358020093158,0.8018618478342896,,,,,,,,,,,,,,,0.9640118184739709,0.05116430161124369,0.5406278831449761,0.5339788416711494,0.8853220726669309,0.8384436076743769
dualfuel|2019|7000|all,20 chosen for dual-fuel use on 2019,2024,tanker,ammonia,service,2.0,0.1,5577,211,0.4835002551200009,0.48794751148552357,0.7702105840043078,0.7726814929173446,,,,,,,,,,,,,,,0.9640118184739709,0.05116430161124369,0.4727417434479544,0.4791106329567868,0.8477815875020577,0.823202438587054
dualfuel|2019|7000|all,20 chosen for dual-fuel use on 2019,2024,tanker,ammonia,operating,1.0,0.0,5577,211,0.2333519172110424,0.23509965173980796,0.5699265990386583,0.5711753069676365,,,,,,,,,,,,,,,0.9640118184739709,0.05116430161124369,0.15866751914037094,0.18576295499372422,0.5757590774332875,0.6033709879863726
dualfuel|2019|7000|all,20 chosen for dual-fuel use on 2019,2024,tanker,ammonia,operating,1.0,0.1,5577,211,0.2014038795059831,0.20300026127265564,0.5338527669747992,0.5349780545091879,,,,,,,,,,,,,,,0.9640118184739709,0.05116430161124369,0.1282389158595436,0.15312892235969158,0.5328055307119967,0.5479648556571634
dualfuel|2019|7000|all,20 chosen for dual-fuel use on 2019,2024,tanker,ammonia,operating,1.5,0.0,5577,211,0.39157679021439784,0.39447887461223197,0.7076377146779983,0.7094165625974552,,,,,,,,,,,,,,,0.9640118184739709,0.05116430161124369,0.32468958448166896,0.35054688900842745,0.7486171184898887,0.7582929890622199
dualfuel|2019|7000|all,20 chosen for dual-fuel use on 2019,2024,tanker,ammonia,operating,1.5,0.1,5577,211,0.34420432665161277,0.3469473392933845,0.6730742455136953,0.6747087609119955,,,,,,,,,,,,,,,0.9640118184739709,0.05116430161124369,0.27218908663177743,0.297292451138605,0.7028672403299707,0.7267348036578806
dualfuel|2019|7000|all,20 chosen for dual-fuel use on 2019,2024,tanker,ammonia,operating,2.0,0.0,5577,211,0.5369125235507785,0.5412072808326635,0.7914547962279075,0.7936170932026827,,,,,,,,,,,,,,,0.9640118184739709,0.05116430161124369,0.5066149422972431,0.5045723507261969,0.8628619825434594,0.8199748968979739
dualfuel|2019|7000|all,20 chosen for dual-fuel use on 2019,2024,tanker,ammonia,operating,2.0,0.1,5577,211,0.4831896231845425,0.48693798883406614,0.7630605920821114,0.7650909086189508,,,,,,,,,,,,,,,0.9640118184739709,0.05116430161124369,0.4345357261971029,0.44970414201183434,0.8236349967393378,0.8013268782499552
dualfuel|2019|7000|all,20 chosen for dual-fuel use on 2019,2024,gas,methanol,service,1.0,0.0,1035,146,0.10111977879533757,0.10284377803234505,0.3419337808954989,0.34235583791800306,,,0.25687060525913125,0.2569887560800616,,,,,0.25747634125514557,0.25759119730666313,,,,,0.9454630921920082,0.010741344708220036,0.075370966653369,0.14589371980676327,0.4935757408110004,0.4975845410628019
dualfuel|2019|7000|all,20 chosen for dual-fuel use on 2019,2024,gas,methanol,service,1.0,0.1,1035,146,0.08468600274940573,0.08578717183261668,0.31700231255763567,0.3173455615968857,,,,,,,,,,,,,,,0.9454630921920082,0.010741344708220036,0.060709185101085576,0.12077294685990338,0.4575944380188202,0.4666666666666667
dualfuel|2019|7000|all,20 chosen for dual-fuel use on 2019,2024,gas,methanol,service,1.5,0.0,1035,146,0.20406167782069234,0.20586764484955405,0.4393846308211486,0.44021295741347544,,,0.3530770424113503,0.3535789353963367,,,,,0.35284235610261694,0.3533302532334703,,,,,0.9454630921920082,0.010741344708220036,0.21618550352038432,0.3188405797101449,0.656836467829391,0.5855072463768116
dualfuel|2019|7000|all,20 chosen for dual-fuel use on 2019,2024,gas,methanol,service,1.5,0.1,1035,146,0.17380171515347145,0.17552571439047895,0.41437934369411894,0.41508269980947377,,,,,,,,,,,,,,,0.9454630921920082,0.010741344708220036,0.15831140676946118,0.263768115942029,0.6195755423466606,0.5719806763285025
dualfuel|2019|7000|all,20 chosen for dual-fuel use on 2019,2024,gas,methanol,service,2.0,0.0,1035,146,0.2822052568379555,0.28610488456627814,0.5028914332043519,0.5040759960981339,,,0.41724545478785907,0.4178615567568842,,,,,0.41676404290728924,0.4173629641753532,,,,,0.9454630921920082,0.010741344708220036,0.36048656318669714,0.4289855072463768,0.7771322325615265,0.6357487922705314
dualfuel|2019|7000|all,20 chosen for dual-fuel use on 2019,2024,gas,methanol,service,2.0,0.1,1035,146,0.25753132876741136,0.2600742210270413,0.4802071072994961,0.48127726326719084,,,,,,,,,,,,,,,0.9454630921920082,0.010741344708220036,0.307526699062056,0.39903381642512076,0.7349257823568313,0.6193236714975845
dualfuel|2019|7000|all,20 chosen for dual-fuel use on 2019,2024,gas,methanol,operating,1.0,0.0,1035,146,0.1027894528973832,0.10342248550585857,0.3041361728345573,0.3043564407280286,0.30036233031140747,0.3006133402228877,0.20474802705662173,0.20474802705662173,0.20018550161179044,0.20018550161179044,0.3193241637998233,0.32054170769300755,0.20710112389135504,0.20710112389135504,0.20278045426237262,0.20278045426237262,0.3179366788187493,0.319120270122135,0.9454630921920082,0.010741344708220036,0.07926052149681578,0.16521739130434782,0.47652459899477984,0.4859903381642512
dualfuel|2019|7000|all,20 chosen for dual-fuel use on 2019,2024,gas,methanol,operating,1.0,0.1,1035,146,0.08886428308905052,0.08944280598768282,0.28333718484255854,0.2835458316380803,,,,,,,,,,,,,,,0.9454630921920082,0.010741344708220036,0.06670161231914802,0.14396135265700483,0.4426728547099101,0.45217391304347826
dualfuel|2019|7000|all,20 chosen for dual-fuel use on 2019,2024,gas,methanol,operating,1.5,0.0,1035,146,0.17677380540787282,0.1775054485686209,0.38696169335939834,0.3873119023399138,0.3844610033606183,0.38480877357521504,0.2744455024841934,0.27451517528386754,0.2684984203210432,0.2686096128977939,0.405431966004564,0.406760702474888,0.27682018643853473,0.27688791633330595,0.27125383505913864,0.2713619269049936,0.40350764410412865,0.40479932725339834,0.9454630921920082,0.010741344708220036,0.18854545799399755,0.3323671497584541,0.6265586656240915,0.5555555555555556
dualfuel|2019|7000|all,20 chosen for dual-fuel use on 2019,2024,gas,methanol,operating,1.5,0.1,1035,146,0.15989461457252585,0.16062625773327394,0.3648555862655443,0.3651594818393387,,,,,,,,,,,,,,,0.9454630921920082,0.010741344708220036,0.1520216849352353,0.28792270531400965,0.5814033786247919,0.5410628019323671
dualfuel|2019|7000|all,20 chosen for dual-fuel use on 2019,2024,gas,methanol,operating,2.0,0.0,1035,146,0.23691470064949363,0.23891361557746763,0.4471729897914182,0.44779861687286204,0.44595332091219725,0.446515921424959,0.3347297477427621,0.33511715141521004,0.33019151885880493,0.3306863885292758,0.47100531920017763,0.47271773276392254,0.33678615623655966,0.3371627567189804,0.3326605389740827,0.33314160864349757,0.46849563976555714,0.4701603007382122,0.9454630921920082,0.010741344708220036,0.3103759583047388,0.42028985507246375,0.7435617758192279,0.6048309178743961
dualfuel|2019|7000|all,20 chosen for dual-fuel use on 2019,2024,gas,methanol,operating,2.0,0.1,1035,146,0.21765852767949428,0.21879681230169645,0.4253217933164048,0.42582761526033336,,,,,,,,,,,,,,,0.9454630921920082,0.010741344708220036,0.27925075034646435,0.391304347826087,0.7021658604898947,0.591304347826087
dualfuel|2019|7000|all,20 chosen for dual-fuel use on 2019,2024,gas,ammonia,service,1.0,0.0,1035,146,0.07202103796330356,0.07310778803568908,0.29204097276961,0.2923201786953476,,,,,,,,,,,,,,,0.9454630921920082,0.010741344708220036,0.043651728749919794,0.09855072463768116,0.4217102041184237,0.4106280193236715
dualfuel|2019|7000|all,20 chosen for dual-fuel use on 2019,2024,gas,ammonia,service,1.0,0.1,1035,146,0.06264038272627993,0.06301226192057037,0.26965316665600203,0.26988420946569736,,,,,,,,,,,,,,,0.9454630921920082,0.010741344708220036,0.038823554830571344,0.07922705314009662,0.38306589406929614,0.3690821256038647
dualfuel|2019|7000|all,20 chosen for dual-fuel use on 2019,2024,gas,ammonia,service,1.5,0.0,1035,146,0.14558792168078144,0.14731192091778894,0.38763326770308215,0.3882183924145898,,,,,,,,,,,,,,,0.9454630921920082,0.010741344708220036,0.12311699708659032,0.20869565217391303,0.5666341100978939,0.5507246376811594
dualfuel|2019|7000|all,20 chosen for dual-fuel use on 2019,2024,gas,ammonia,service,1.5,0.1,1035,146,0.12000161190797554,0.12172561114498302,0.3619360315313227,0.3624194222527326,,,,,,,,,,,,,,,0.9454630921920082,0.010741344708220036,0.09624229316988882,0.16521739130434782,0.5243330841902144,0.514975845410628
dualfuel|2019|7000|all,20 chosen for dual-fuel use on 2019,2024,gas,ammonia,service,2.0,0.0,1035,146,0.2215722466013459,0.22411513886097584,0.4555961700392402,0.45652311566807285,,,,,,,,,,,,,,,0.9454630921920082,0.010741344708220036,0.24926266437315825,0.3545893719806763,0.6906226411122225,0.6028985507246377
dualfuel|2019|7000|all,20 chosen for dual-fuel use on 2019,2024,gas,ammonia,service,2.0,0.1,1035,146,0.19391374016221347,0.19571970719107518,0.43132652819847506,0.4321017294118941,,,,,,,,,,,,,,,0.9454630921920082,0.010741344708220036,0.2035431535449014,0.2927536231884058,0.6447067725915842,0.5826086956521739
dualfuel|2019|7000|all,20 chosen for dual-fuel use on 2019,2024,gas,ammonia,operating,1.0,0.0,1035,146,0.0733091962615199,0.07362957420156391,0.26196265340647246,0.26215607853940986,,,,,,,,,,,,,,,0.9454630921920082,0.010741344708220036,0.05095852132249187,0.11690821256038647,0.4053937208945676,0.41932367149758454
dualfuel|2019|7000|all,20 chosen for dual-fuel use on 2019,2024,gas,ammonia,operating,1.0,0.1,1035,146,0.06101036493622007,0.06115318239202814,0.24240317493077482,0.24257384257727677,,,,,,,,,,,,,,,0.9454630921920082,0.010741344708220036,0.03524207116258582,0.09082125603864734,0.3684596612466548,0.37971014492753624
dualfuel|2019|7000|all,20 chosen for dual-fuel use on 2019,2024,gas,ammonia,operating,1.5,0.0,1035,146,0.1379249759202719,0.13865661908101998,0.3419519187408732,0.34223127975467726,,,,,,,,,,,,,,,0.9454630921920082,0.010741344708220036,0.11656032858919023,0.242512077294686,0.5412460340169988,0.5227053140096618
dualfuel|2019|7000|all,20 chosen for dual-fuel use on 2019,2024,gas,ammonia,operating,1.5,0.1,1035,146,0.11823604080548328,0.11895104120581287,0.3207433545047473,0.32100836925838455,,,,,,,,,,,,,,,0.9454630921920082,0.010741344708220036,0.08949690247863197,0.19227053140096617,0.5021577857785581,0.5004830917874397
dualfuel|2019|7000|all,20 chosen for dual-fuel use on 2019,2024,gas,ammonia,operating,2.0,0.0,1035,146,0.1928993814469013,0.19381526011938424,0.4018800978647953,0.40228483376361224,,,,,,,,,,,,,,,0.9454630921920082,0.010741344708220036,0.2150961552387527,0.35942028985507246,0.6577398613445429,0.5690821256038647
dualfuel|2019|7000|all,20 chosen for dual-fuel use on 2019,2024,gas,ammonia,operating,2.0,0.1,1035,146,0.1711850815323057,0.17191672469305377,0.379688274545761,0.38002380251414686,,,,,,,,,,,,,,,0.9454630921920082,0.010741344708220036,0.16670311444025537,0.3169082125603865,0.6124503352004388,0.5458937198067633
dualfuel|2019|7000|all,20 chosen for dual-fuel use on 2019,2024,general,methanol,service,1.0,0.0,1886,557,0.1999208393326726,0.20161160354384672,0.5240727323951115,0.5260493836552904,,,0.45810253559648423,0.4592677252172816,,,,,0.45093244114499575,0.45204598979179145,,,,,0.9130026953221732,0.05011312923364619,0.1376880786023112,0.15270413573700956,0.5427209493181395,0.556203605514316
dualfuel|2019|7000|all,20 chosen for dual-fuel use on 2019,2024,general,methanol,service,1.0,0.1,1886,557,0.17336770432101534,0.17478858114735757,0.49010130054327444,0.4919742869865063,,,,,,,,,,,,,,,0.9130026953221732,0.05011312923364619,0.10783467746293988,0.11823966065747614,0.5047135104529269,0.5058324496288441
dualfuel|2019|7000|all,20 chosen for dual-fuel use on 2019,2024,general,methanol,service,1.5,0.0,1886,557,0.3476425381684651,0.3509190498027787,0.6528483072467034,0.6554576458107836,,,0.5768421143021173,0.5788464651805256,,,,,0.5692459655606406,0.5711614840037483,,,,,0.9130026953221732,0.05011312923364619,0.28014508075298283,0.3266171792152704,0.7172484263989491,0.7205726405090138
dualfuel|2019|7000|all,20 chosen for dual-fuel use on 2019,2024,general,methanol,service,1.5,0.1,1886,557,0.3081029724062304,0.3109072963723633,0.6202746878987204,0.6226993395828017,,,,,,,,,,,,,,,0.9130026953221732,0.05011312923364619,0.23786483911539535,0.2767762460233298,0.6714320032419384,0.6924708377518558
dualfuel|2019|7000|all,20 chosen for dual-fuel use on 2019,2024,general,methanol,service,2.0,0.0,1886,557,0.48223510105087686,0.4866034942026748,0.7327384676503736,0.7361280165206078,,,0.6602651945459725,0.6630243204663843,,,,,0.6526257680035323,0.6552626100077641,,,,,0.9130026953221732,0.05011312923364619,0.4467477621859693,0.4602332979851538,0.8338366254642224,0.7714740190880169
dualfuel|2019|7000|all,20 chosen for dual-fuel use on 2019,2024,general,methanol,service,2.0,0.1,1886,557,0.4301790252716738,0.4341522643555737,0.7051704281346586,0.7082802090761418,,,,,,,,,,,,,,,0.9130026953221732,0.05011312923364619,0.3874271728992012,0.41410392364793214,0.79632396097783,0.7545068928950159
dualfuel|2019|7000|all,20 chosen for dual-fuel use on 2019,2024,general,methanol,operating,1.0,0.0,1886,557,0.2179528497513159,0.2194037765849394,0.5335134449253351,0.5348132691154498,0.5312415639909044,0.5321812114591006,0.46191381836558215,0.46296000876939275,0.4612411983834197,0.46224754776914934,0.5935094483645005,0.5957207946612162,0.45438577095907473,0.45538559441069176,0.4539339848573958,0.4548957330369891,0.5800706683692294,0.5822165898743502,0.9130026953221732,0.05011312923364619,0.14643005982934107,0.16914103923647933,0.5545105786241782,0.5699893955461294
dualfuel|2019|7000|all,20 chosen for dual-fuel use on 2019,2024,general,methanol,operating,1.0,0.1,1886,557,0.1839228848680707,0.18533770896580706,0.5002453781596944,0.5014326542192988,,,,,,,,,,,,,,,0.9130026953221732,0.05011312923364619,0.11796274416216024,0.1325556733828208,0.5138061784850407,0.5212089077412513
dualfuel|2019|7000|all,20 chosen for dual-fuel use on 2019,2024,general,methanol,operating,1.5,0.0,1886,557,0.36479167259593664,0.3675470847535588,0.658438777282725,0.6603440776527977,0.6559679345183598,0.6576377679605592,0.5768213595415803,0.5786283167155569,0.5762618594080976,0.5782500388329394,0.6956074632741223,0.6987738126438686,0.5688780248706774,0.5706048980593712,0.5681846088812393,0.5700846725864108,0.6811143672321195,0.6841657690042531,0.9130026953221732,0.05011312923364619,0.296393519524603,0.33934252386002123,0.731750817147457,0.7136797454931071
dualfuel|2019|7000|all,20 chosen for dual-fuel use on 2019,2024,general,methanol,operating,1.5,0.1,1886,557,0.32326528776077906,0.3255686742685388,0.6270694093906592,0.6288040908585777,,,,,,,,,,,,,,,0.9130026953221732,0.05011312923364619,0.24978264142154846,0.292152704135737,0.6832176838529045,0.689289501590668
dualfuel|2019|7000|all,20 chosen for dual-fuel use on 2019,2024,general,methanol,operating,2.0,0.0,1886,557,0.5006775916820584,0.5050502697919478,0.7356472320742018,0.7381740694860704,0.7324940808837048,0.7348713538408216,0.6587034413081345,0.661472303728779,0.6560984573586772,0.6590324259607254,0.7546276714659292,0.7591156682647383,0.6508452122087622,0.6534913591934582,0.6481589873296446,0.6509629230223742,0.7403378837402127,0.7445636476125581,0.9130026953221732,0.05011312923364619,0.48567714144431134,0.48939554612937436,0.8535750944835065,0.7725344644750796
dualfuel|2019|7000|all,20 chosen for dual-fuel use on 2019,2024,general,methanol,operating,2.0,0.1,1886,557,0.444413571905781,0.4485368116746281,0.7090338842362075,0.711286856759276,,,,,,,,,,,,,,,0.9130026953221732,0.05011312923364619,0.40958435282477496,0.42948038176033937,0.8122409232707739,0.7465535524920467
dualfuel|2019|7000|all,20 chosen for dual-fuel use on 2019,2024,general,ammonia,service,1.0,0.0,1886,557,0.1518707027352959,0.15311586711577269,0.4554980323091184,0.4571302517024282,,,,,,,,,,,,,,,0.9130026953221732,0.05011312923364619,0.09112359244702828,0.09703075291622482,0.46147348680535144,0.4501590668080594
dualfuel|2019|7000|all,20 chosen for dual-fuel use on 2019,2024,general,ammonia,service,1.0,0.1,1886,557,0.13043156296256678,0.13141005473598813,0.42418913324818863,0.4256303368420656,,,,,,,,,,,,,,,0.9130026953221732,0.05011312923364619,0.07585266341953703,0.07741251325556733,0.4253892588028561,0.39819724284199365
dualfuel|2019|7000|all,20 chosen for dual-fuel use on 2019,2024,general,ammonia,service,1.5,0.0,1886,557,0.2636528957322774,0.26618573430233516,0.5850012859469141,0.5872443169550169,,,,,,,,,,,,,,,0.9130026953221732,0.05011312923364619,0.19789575091512426,0.22110286320254507,0.6219540205624755,0.647932131495228
dualfuel|2019|7000|all,20 chosen for dual-fuel use on 2019,2024,general,ammonia,service,1.5,0.1,1886,557,0.2272069177767038,0.2292996145122217,0.5511918336391276,0.5532727685234657,,,,,,,,,,,,,,,0.9130026953221732,0.05011312923364619,0.1636689873724217,0.18027571580063625,0.5782244863747809,0.6007423117709438
dualfuel|2019|7000|all,20 chosen for dual-fuel use on 2019,2024,general,ammonia,service,2.0,0.0,1886,557,0.3795243764207943,0.38300370501896414,0.6739025673383564,0.6766997916689563,,,,,,,,,,,,,,,0.9130026953221732,0.05011312923364619,0.32066392775605246,0.3605514316012725,0.7485985549376756,0.7332979851537645
dualfuel|2019|7000|all,20 chosen for dual-fuel use on 2019,2024,general,ammonia,service,2.0,0.1,1886,557,0.33376621646300586,0.33673928326271113,0.6421962801408195,0.6447335577571872,,,,,,,,,,,,,,,0.9130026953221732,0.05011312923364619,0.26893927026982956,0.3091198303287381,0.6990825457199032,0.7126193001060446
dualfuel|2019|7000|all,20 chosen for dual-fuel use on 2019,2024,general,ammonia,operating,1.0,0.0,1886,557,0.15809729509391016,0.15939649794291066,0.4652321661573131,0.4661662079418407,,,,,,,,,,,,,,,0.9130026953221732,0.05011312923364619,0.09642221585098619,0.10233297985153765,0.4733767006033582,0.4650053022269353
dualfuel|2019|7000|all,20 chosen for dual-fuel use on 2019,2024,general,ammonia,operating,1.0,0.1,1886,557,0.13706664911862043,0.13823859869136024,0.4335049880023287,0.4343179021441283,,,,,,,,,,,,,,,0.9130026953221732,0.05011312923364619,0.08150491530279197,0.08483563096500531,0.43656420462225437,0.41569459172852596
dualfuel|2019|7000|all,20 chosen for dual-fuel use on 2019,2024,general,ammonia,operating,1.5,0.0,1886,557,0.2823049204523917,0.2842400217183203,0.5928053878695819,0.5943429993399805,,,,,,,,,,,,,,,0.9130026953221732,0.05011312923364619,0.2087980216803127,0.2507953340402969,0.637784243144228,0.651643690349947
dualfuel|2019|7000|all,20 chosen for dual-fuel use on 2019,2024,general,ammonia,operating,1.5,0.1,1886,557,0.24512978290583134,0.2467769724888903,0.5598409964222762,0.5612438330380108,,,,,,,,,,,,,,,0.9130026953221732,0.05011312923364619,0.1700974251771996,0.20254506892895016,0.5932593038854916,0.612407211028632
dualfuel|2019|7000|all,20 chosen for dual-fuel use on 2019,2024,general,ammonia,operating,2.0,0.0,1886,557,0.39465850911410205,0.3978736439101043,0.678589976030998,0.6806206268642798,,,,,,,,,,,,,,,0.9130026953221732,0.05011312923364619,0.3443508538028548,0.37009544008483564,0.7667512586926901,0.7285259809119831
dualfuel|2019|7000|all,20 chosen for dual-fuel use on 2019,2024,general,ammonia,operating,2.0,0.1,1886,557,0.35359919832250486,0.35602582117108167,0.6481881189460347,0.6500395214116151,,,,,,,,,,,,,,,0.9130026953221732,0.05011312923364619,0.28359329651452425,0.32502651113467657,0.716225711719356,0.7083775185577943
dualfuel|2019|7000|all,20 chosen for dual-fuel use on 2019,2024,roro,methanol,service,1.0,0.0,538,158,0.28733164558676083,0.28849730995191,0.6583610270009398,0.6594259231444121,,,0.4941058519685878,0.4945997059984559,,,,,0.4976093596426186,0.49809617542587475,,,,,0.9662240874619108,0.01841207951792202,0.2204246759242658,0.20074349442379183,0.6983872279061802,0.7639405204460966
dualfuel|2019|7000|all,20 chosen for dual-fuel use on 2019,2024,roro,methanol,service,1.0,0.1,538,158,0.2368645144326921,0.2377212355229291,0.6183168623756973,0.6193266357714557,,,,,,,,,,,,,,,0.9662240874619108,0.01841207951792202,0.18698647561081752,0.13011152416356878,0.644817197177159,0.724907063197026
dualfuel|2019|7000|all,20 chosen for dual-fuel use on 2019,2024,roro,methanol,service,1.5,0.0,538,158,0.5233198997244838,0.5260397957473056,0.7905806522594545,0.7918503561436879,,,0.6460486620786605,0.6470130706455004,,,,,0.648053077034397,0.6490037411647891,,,,,0.9662240874619108,0.01841207951792202,0.5249463061569162,0.5223048327137546,0.864814425870287,0.8345724907063197
dualfuel|2019|7000|all,20 chosen for dual-fuel use on 2019,2024,roro,methanol,service,1.5,0.1,538,158,0.4587972200694294,0.46106924578143416,0.7611728568204416,0.7623673197311008,,,,,,,,,,,,,,,0.9662240874619108,0.01841207951792202,0.43382473167295243,0.42379182156133827,0.8318098096337685,0.8141263940520446
dualfuel|2019|7000|all,20 chosen for dual-fuel use on 2019,2024,roro,methanol,service,2.0,0.0,538,158,0.6773580988726094,0.6809869884803171,0.854277742489259,0.8559008525685142,,,0.7350464086733096,0.7369244969038763,,,,,0.7362712022312977,0.7381225245607553,,,,,0.9662240874619108,0.01841207951792202,0.7304408424754589,0.6914498141263941,0.9534303210880839,0.8661710037174721
dualfuel|2019|7000|all,20 chosen for dual-fuel use on 2019,2024,roro,methanol,service,2.0,0.1,538,158,0.6145165820003674,0.617638736892975,0.8338608525393458,0.8353079864151667,,,,,,,,,,,,,,,0.9662240874619108,0.01841207951792202,0.6581203721174249,0.6301115241635687,0.923239631341097,0.845724907063197
dualfuel|2019|7000|all,20 chosen for dual-fuel use on 2019,2024,roro,methanol,operating,1.0,0.0,538,158,0.21254193979745115,0.21328581159438792,0.5876138378671882,0.5883882476317799,0.5801209413083119,0.5807377049877764,0.4324129215349687,0.4326596626412489,0.42727602232000533,0.42764374183217185,0.5859304232435022,0.5863471677850387,0.4364863929845177,0.4367296176170014,0.4310163185640877,0.4313787974576622,0.586498018007879,0.5869088232422234,0.9662240874619108,0.01841207951792202,0.15804391043494395,0.12453531598513011,0.6185337619318361,0.70817843866171
dualfuel|2019|7000|all,20 chosen for dual-fuel use on 2019,2024,roro,methanol,operating,1.0,0.1,538,158,0.18427922047567666,0.18502309227261343,0.5482435120080223,0.5489460644310532,,,,,,,,,,,,,,,0.9662240874619108,0.01841207951792202,0.1303619661335767,0.09665427509293681,0.5688101449237879,0.6263940520446096
dualfuel|2019|7000|all,20 chosen for dual-fuel use on 2019,2024,roro,methanol,operating,1.5,0.0,538,158,0.4035732236778818,0.4060135614769598,0.7365344094591121,0.7375422451241532,0.7267193814473252,0.7276090355394483,0.5763535650767081,0.5769576075135591,0.5622631414156047,0.5630473910641604,0.7136453538359663,0.7147493293057018,0.5788110576167952,0.579406491437785,0.5646145762244724,0.5653876490027425,0.7133965204355304,0.7144847624068241,0.9662240874619108,0.01841207951792202,0.3741335760287691,0.3513011152416357,0.8101054816544548,0.8085501858736059
dualfuel|2019|7000|all,20 chosen for dual-fuel use on 2019,2024,roro,methanol,operating,1.5,0.1,538,158,0.3408303103441425,0.3425506333356914,0.7000963178355782,0.7009967778562102,,,,,,,,,,,,,,,0.9662240874619108,0.01841207951792202,0.2989988678434954,0.2732342007434944,0.7649381382142131,0.7936802973977695
dualfuel|2019|7000|all,20 chosen for dual-fuel use on 2019,2024,roro,methanol,operating,2.0,0.0,538,158,0.5811304384849098,0.5839442731347322,0.8189040398835854,0.8202079789820829,0.8131449243760875,0.8143432908803847,0.6850262633346486,0.6860077608592875,0.6734960862655176,0.6746542845070004,0.786039827464281,0.7882283219618581,0.6866250477910539,0.6875925573329903,0.6749355345085521,0.6760772264863295,0.7858151064413573,0.7879724112289164,0.9662240874619108,0.01841207951792202,0.6119636092537488,0.6022304832713755,0.9147235717096593,0.8531598513011153
dualfuel|2019|7000|all,20 chosen for dual-fuel use on 2019,2024,roro,methanol,operating,2.0,0.1,538,158,0.5122137060085139,0.5150275406583364,0.7923196880821718,0.7935198841796579,,,,,,,,,,,,,,,0.9662240874619108,0.01841207951792202,0.5181257680119016,0.5185873605947955,0.8817963729242592,0.8420074349442379
dualfuel|2019|7000|all,20 chosen for dual-fuel use on 2019,2024,roro,ammonia,service,1.0,0.0,538,158,0.19637323969124712,0.1972299607814841,0.575217397934178,0.5761695601517054,,,,,,,,,,,,,,,0.9662240874619108,0.01841207951792202,0.14091603757310284,0.09293680297397769,0.59659453090562,0.671003717472119
dualfuel|2019|7000|all,20 chosen for dual-fuel use on 2019,2024,roro,ammonia,service,1.0,0.1,538,158,0.16841229712208663,0.16893462844664336,0.5352889364030503,0.5361887369405726,,,,,,,,,,,,,,,0.9662240874619108,0.01841207951792202,0.11548557968499495,0.07992565055762081,0.5489265638295688,0.5947955390334573
dualfuel|2019|7000|all,20 chosen for dual-fuel use on 2019,2024,roro,ammonia,service,1.5,0.0,538,158,0.38650889523152754,0.3879315528974062,0.7260528022459595,0.7271899779280522,,,,,,,,,,,,,,,0.9662240874619108,0.01841207951792202,0.35356292975104503,0.32342007434944237,0.7861048890994098,0.8011152416356877
dualfuel|2019|7000|all,20 chosen for dual-fuel use on 2019,2024,roro,ammonia,service,1.5,0.1,538,158,0.3273000662133826,0.32846573057853173,0.6889891075279656,0.6900843446861523,,,,,,,,,,,,,,,0.9662240874619108,0.01841207951792202,0.27614234510363217,0.23605947955390336,0.736602099036079,0.7862453531598513
dualfuel|2019|7000|all,20 chosen for dual-fuel use on 2019,2024,roro,ammonia,service,2.0,0.0,538,158,0.565100226501062,0.5682223813936695,0.8083845280392438,0.8097171277084273,,,,,,,,,,,,,,,0.9662240874619108,0.01841207951792202,0.5688726407696996,0.5687732342007435,0.8879604471150517,0.8401486988847584
dualfuel|2019|7000|all,20 chosen for dual-fuel use on 2019,2024,roro,ammonia,service,2.0,0.1,538,158,0.5011952650444328,0.5039151610672548,0.7813007369567684,0.7825373363467062,,,,,,,,,,,,,,,0.9662240874619108,0.01841207951792202,0.4922554455406146,0.4944237918215613,0.8556582734393039,0.8271375464684015
dualfuel|2019|7000|all,20 chosen for dual-fuel use on 2019,2024,roro,ammonia,operating,1.0,0.0,538,158,0.15646839012342695,0.15715022092824796,0.5080918116767679,0.5087320747333544,,,,,,,,,,,,,,,0.9662240874619108,0.01841207951792202,0.11293394020701522,0.0762081784386617,0.5257168805035501,0.5427509293680297
dualfuel|2019|7000|all,20 chosen for dual-fuel use on 2019,2024,roro,ammonia,operating,1.0,0.1,538,158,0.13867185434265206,0.13935368514747307,0.4718353188347127,0.4724235948281239,,,,,,,,,,,,,,,0.9662240874619108,0.01841207951792202,0.09426094368212143,0.06691449814126393,0.4841068563094767,0.4628252788104089
dualfuel|2019|7000|all,20 chosen for dual-fuel use on 2019,2024,roro,ammonia,operating,1.5,0.0,538,158,0.28901157963461865,0.29038097069843744,0.6594139521323724,0.6602701499985328,,,,,,,,,,,,,,,0.9662240874619108,0.01841207951792202,0.23086796673185492,0.2137546468401487,0.7113874544457328,0.7769516728624535
dualfuel|2019|7000|all,20 chosen for dual-fuel use on 2019,2024,roro,ammonia,operating,1.5,0.1,538,158,0.24370146901774875,0.24462023110010148,0.6192650076405131,0.6200891877645438,,,,,,,,,,,,,,,0.9662240874619108,0.01841207951792202,0.18925942305293747,0.15613382899628253,0.657166188832135,0.7472118959107806
dualfuel|2019|7000|all,20 chosen for dual-fuel use on 2019,2024,roro,ammonia,operating,2.0,0.0,538,158,0.4421593242018223,0.44459966200090023,0.7592470886968525,0.7603208558905056,,,,,,,,,,,,,,,0.9662240874619108,0.01841207951792202,0.4191287435298027,0.41263940520446096,0.8404588817388889,0.8308550185873605
dualfuel|2019|7000|all,20 chosen for dual-fuel use on 2019,2024,roro,ammonia,operating,2.0,0.1,538,158,0.38170320502326854,0.38369567251152936,0.724890187397883,0.7258678540662868,,,,,,,,,,,,,,,0.9662240874619108,0.01841207951792202,0.35356292975104503,0.3159851301115242,0.7941251693108506,0.8066914498141264
volume|2019|0|all,top 20 by calls on 2019,2024,all,methanol,service,1.0,0.0,19981,3054,0.25402659731029403,0.25589915815181363,0.5646930998817843,0.5658543011909825,,,0.4426595393357704,0.44406020992386724,,,,,0.44455089913658946,0.44592767808561384,,,,,0.9304970874058751,0.058179489919083865,0.14995415240320367,0.20069065612331716,0.5765533747683649,0.5890095590811271
volume|2019|0|all,top 20 by calls on 2019,2024,all,methanol,service,1.0,0.1,19981,3054,0.22339622639262374,0.2249884544115972,0.5320636931288537,0.5331191716112886,,,,,,,,,,,,,,,0.9304970874058751,0.058179489919083865,0.1271513801505847,0.17001151093538863,0.5343858093970355,0.5433161503428257
volume|2019|0|all,top 20 by calls on 2019,2024,all,methanol,service,1.5,0.0,19981,3054,0.4055253013869914,0.4088968445704624,0.6852391969561277,0.6869096280995706,,,0.5670674038625483,0.5692214378315118,,,,,0.5683338337444291,0.5704529629576266,,,,,0.9304970874058751,0.058179489919083865,0.3019182193030526,0.35328562134027325,0.7522724400991712,0.7178819878884941
volume|2019|0|all,top 20 by calls on 2019,2024,all,methanol,service,1.5,0.1,19981,3054,0.362483005694005,0.3653784849799446,0.6553367057254799,0.6568639010544917,,,,,,,,,,,,,,,0.9304970874058751,0.058179489919083865,0.2538134425236398,0.3076422601471398,0.7055135609765137,0.6921075021270207
volume|2019|0|all,top 20 by calls on 2019,2024,all,methanol,service,2.0,0.0,19981,3054,0.532759959889215,0.5371363308770454,0.7586768563045756,0.760834821669751,,,0.6498826188994863,0.6527573646717386,,,,,0.6507822537377124,0.6536076810938001,,,,,0.9304970874058751,0.058179489919083865,0.48096802282923906,0.4868124718482558,0.8780585850999775,0.7725339072118512
volume|2019|0|all,top 20 by calls on 2019,2024,all,methanol,service,2.0,0.1,19981,3054,0.4806305967744418,0.48447688495366314,0.7335853378946852,0.7355466867010063,,,,,,,,,,,,,,,0.9304970874058751,0.058179489919083865,0.40133349089922943,0.4310094589860367,0.8335624915358414,0.7553175516740904
volume|2019|0|all,top 20 by calls on 2019,2024,all,methanol,operating,1.0,0.0,19981,3054,0.30156205481154047,0.30365661812619715,0.5929993672324839,0.5940569735906065,0.5879809508054614,0.5889888030461028,0.46419757807167383,0.46575534164767685,0.46042367598912226,0.46194992399832124,0.6213688275145253,0.6261865800929831,0.4654975088457153,0.4670271962224522,0.46186115937628297,0.46336512173424055,0.6194741348400994,0.6242059729292182,0.9304970874058751,0.058179489919083865,0.16909677638825557,0.22701566488163755,0.6068291587183107,0.6121315249487013
volume|2019|0|all,top 20 by calls on 2019,2024,all,methanol,operating,1.0,0.1,19981,3054,0.26865373887089383,0.27040914337762584,0.5623601217719817,0.56332043217871,,,,,,,,,,,,,,,0.9304970874058751,0.058179489919083865,0.1419058634855325,0.1967369000550523,0.5650420560886478,0.5725439167208849
volume|2019|0|all,top 20 by calls on 2019,2024,all,methanol,operating,1.5,0.0,19981,3054,0.45116260986555623,0.45437902546922326,0.7043273971865797,0.7058855374024308,0.7009711994313894,0.7024993136925781,0.5751056831956842,0.5775503416829895,0.5717723818950611,0.5742500696174384,0.7155799710183557,0.7219775120251963,0.5762097686292297,0.5786140569828522,0.5730366198137445,0.5754731582838398,0.7138065082311082,0.7200734975452411,0.9304970874058751,0.058179489919083865,0.3426487733561691,0.39012061458385466,0.7834914749264286,0.7252890245733447
volume|2019|0|all,top 20 by calls on 2019,2024,all,methanol,operating,1.5,0.1,19981,3054,0.40730346694420794,0.41018728150874617,0.6770526752093865,0.6784509768121889,,,,,,,,,,,,,,,0.9304970874058751,0.058179489919083865,0.2868816118456115,0.34172463840648615,0.7364663720637563,0.7030679145187928
volume|2019|0|all,top 20 by calls on 2019,2024,all,methanol,operating,2.0,0.0,19981,3054,0.5785431191931226,0.5827958646907209,0.7679558272329687,0.770008591294416,0.7662804714541926,0.7683076026599627,0.6512786746492517,0.6545917052694792,0.6480019482941545,0.6513879559389927,0.769610584074561,0.7774395373628044,0.6520814216608279,0.6553341946076487,0.6489070992471033,0.652238683057566,0.7679851985145755,0.7756404863779993,0.9304970874058751,0.058179489919083865,0.5421478481508899,0.522696561733647,0.9023918190758964,0.7759371402832691
volume|2019|0|all,top 20 by calls on 2019,2024,all,methanol,operating,2.0,0.1,19981,3054,0.532156479712809,0.5359914200171283,0.7468152150824706,0.7486740473055297,,,,,,,,,,,,,,,0.9304970874058751,0.058179489919083865,0.4646009007644139,0.47490115609829336,0.8613032651221818,0.7593714028326911
volume|2019|0|all,top 20 by calls on 2019,2024,all,ammonia,service,1.0,0.0,19981,3054,0.19800288855952958,0.1993651548565539,0.49809224758728876,0.49902045739263606,,,,,,,,,,,,,,,0.9304970874058751,0.058179489919083865,0.10844363390968424,0.1436364546319003,0.49243966427644104,0.48906461138081175
volume|2019|0|all,top 20 by calls on 2019,2024,all,ammonia,service,1.0,0.1,19981,3054,0.17611657087629703,0.17725520663225355,0.466953628446723,0.4677937752125015,,,,,,,,,,,,,,,0.9304970874058751,0.058179489919083865,0.0925936785997857,0.12216605775486712,0.4541031151751817,0.43696511686101797
volume|2019|0|all,top 20 by calls on 2019,2024,all,ammonia,service,1.5,0.0,19981,3054,0.31941386794337795,0.3218760770528253,0.6224371100165862,0.6238194057436605,,,,,,,,,,,,,,,0.9304970874058751,0.058179489919083865,0.21030692275000282,0.26385065812521896,0.6570170654766047,0.6592262649517041
volume|2019|0|all,top 20 by calls on 2019,2024,all,ammonia,service,1.5,0.1,19981,3054,0.281847454745974,0.28398993939803285,0.5904194670177447,0.5916722557370787,,,,,,,,,,,,,,,0.9304970874058751,0.058179489919083865,0.1725382039983057,0.22716580751714127,0.6114056888504624,0.6237425554276562
volume|2019|0|all,top 20 by calls on 2019,2024,all,ammonia,service,2.0,0.0,19981,3054,0.4335843321199371,0.4371949976996723,0.7044562889864684,0.7062394422232677,,,,,,,,,,,,,,,0.9304970874058751,0.058179489919083865,0.33759872889721726,0.3823632450828287,0.7842813313076722,0.7340473449777288
volume|2019|0|all,top 20 by calls on 2019,2024,all,ammonia,service,2.0,0.1,19981,3054,0.3906765747535716,0.39395307821409825,0.6755305685948896,0.6771495760768967,,,,,,,,,,,,,,,0.9304970874058751,0.058179489919083865,0.2857750291214219,0.33757069215754965,0.7371848331406261,0.7100245232971323
volume|2019|0|all,top 20 by calls on 2019,2024,all,ammonia,operating,1.0,0.0,19981,3054,0.23791878927084714,0.23941668344220546,0.5297922095103442,0.5306424989193046,,,,,,,,,,,,,,,0.9304970874058751,0.058179489919083865,0.11755366943539669,0.16705870577048196,0.5207629813009388,0.5249987488113708
volume|2019|0|all,top 20 by calls on 2019,2024,all,ammonia,operating,1.0,0.1,19981,3054,0.2085710678845637,0.20976105486737712,0.49915578181076276,0.4999122302159807,,,,,,,,,,,,,,,0.9304970874058751,0.058179489919083865,0.09987721387032308,0.14173464791551973,0.4817189871473174,0.47540163154997245
volume|2019|0|all,top 20 by calls on 2019,2024,all,ammonia,operating,1.5,0.0,19981,3054,0.3661832037776994,0.3687537552110158,0.6465913380848789,0.6478480230334758,,,,,,,,,,,,,,,0.9304970874058751,0.058179489919083865,0.24078446681423846,0.2967318953005355,0.6885128626672491,0.6733897202342225
volume|2019|0|all,top 20 by calls on 2019,2024,all,ammonia,operating,1.5,0.1,19981,3054,0.3282639580605639,0.3305278352033038,0.6169061020584218,0.6180466645109159,,,,,,,,,,,,,,,0.9304970874058751,0.058179489919083865,0.19855367207839186,0.25374105400130126,0.6425317812558076,0.640458435513738
volume|2019|0|all,top 20 by calls on 2019,2024,all,ammonia,operating,2.0,0.0,19981,3054,0.4820864522520034,0.4855292581827593,0.7216124985604009,0.7232779378784937,,,,,,,,,,,,,,,0.9304970874058751,0.058179489919083865,0.3834973785972924,0.42200090085581304,0.8139935108478594,0.7386517191331765
volume|2019|0|all,top 20 by calls on 2019,2024,all,ammonia,operating,2.0,0.1,19981,3054,0.4367723817261098,0.4399239973253176,0.6955149742503058,0.6970201619699858,,,,,,,,,,,,,,,0.9304970874058751,0.058179489919083865,0.3249954531748231,0.3735548771332766,0.7679812403116321,0.718482558430509
volume|2019|0|all,top 20 by calls on 2019,2024,container,methanol,service,1.0,0.0,2926,858,0.34735806845261874,0.34837412048580824,0.6424377352992598,0.6431246758630113,,,0.572747015480597,0.5738247886992105,,,,,0.5749205089896544,0.5759829262328551,,,,,0.907888724280267,0.13301998631506692,0.19653918846724172,0.3444976076555024,0.6836847865791349,0.6336295283663704
volume|2019|0|all,top 20 by calls on 2019,2024,container,methanol,service,1.0,0.1,2926,858,0.304891483539046,0.3057863730044411,0.6103897435365836,0.6110049414027807,,,,,,,,,,,,,,,0.907888724280267,0.13301998631506692,0.1663325325897727,0.30656185919343815,0.6339459945143524,0.6049213943950786
volume|2019|0|all,top 20 by calls on 2019,2024,container,methanol,service,1.5,0.0,2926,858,0.5323264096798163,0.5348171577196219,0.7477085330028773,0.7487112747420268,,,0.6763099866925599,0.6779073256404027,,,,,0.6771551208961957,0.6787297011623556,,,,,0.907888724280267,0.13301998631506692,0.494535956357795,0.4979494190020506,0.8616485925835837,0.7009569377990431
volume|2019|0|all,top 20 by calls on 2019,2024,container,methanol,service,1.5,0.1,2926,858,0.4846608043318696,0.4868018012720985,0.7237176908183158,0.7246533799112161,,,,,,,,,,,,,,,0.907888724280267,0.13301998631506692,0.3981062973783174,0.45727956254272045,0.8185135229923635,0.6876281613123718
volume|2019|0|all,top 20 by calls on 2019,2024,container,methanol,service,2.0,0.0,2926,858,0.6434730159819162,0.646369417713673,0.8011373600020634,0.802395680771575,,,0.7262320597108193,0.7283403041203168,,,,,0.7265043008729244,0.728582507284857,,,,,0.907888724280267,0.13301998631506692,0.7394734136387897,0.5833902939166097,0.9692728906882193,0.7238550922761449
volume|2019|0|all,top 20 by calls on 2019,2024,container,methanol,service,2.0,0.1,2926,858,0.6039773514295914,0.6066369528504589,0.7834360878488785,0.7845794823971319,,,,,,,,,,,,,,,0.907888724280267,0.13301998631506692,0.6625961205306857,0.5502392344497608,0.9298041901805504,0.7149692412850308
volume|2019|0|all,top 20 by calls on 2019,2024,container,methanol,operating,1.0,0.0,2926,858,0.47871750650589195,0.4808950583699961,0.7176849743814718,0.7184836545115517,0.7125996222372736,0.71336336157,0.6486942558730663,0.6501669069909551,0.6422900175206332,0.6437404316894284,0.724134899777198,0.7299159655281435,0.6496573123813416,0.6511089813538522,0.6432730961988009,0.6447028450514334,0.7236639459774928,0.7293626438406555,0.907888724280267,0.13301998631506692,0.3614980742912783,0.44053315105946683,0.7996140238497531,0.6715652768284347
volume|2019|0|all,top 20 by calls on 2019,2024,container,methanol,operating,1.0,0.1,2926,858,0.43125284677065506,0.43296178237870786,0.6913875588137486,0.6921126061492455,,,,,,,,,,,,,,,0.907888724280267,0.13301998631506692,0.28778321461276635,0.40123034859876966,0.7474685967881703,0.6585782638414217
volume|2019|0|all,top 20 by calls on 2019,2024,container,methanol,operating,1.5,0.0,2926,858,0.6434909613951901,0.646012945038856,0.7987230343648397,0.7998850894305327,0.795380031061601,0.7965501950286417,0.7233217692153882,0.7256115251847173,0.7215333835103601,0.7239027500175753,0.7828971125664437,0.7907141383848417,0.7234451474437315,0.7257022792619321,0.7216822694104564,0.7240178774857492,0.7820245760449445,0.789730225876102,0.907888724280267,0.13301998631506692,0.7333647864422721,0.5786056049213943,0.962436783178576,0.7180451127819549
volume|2019|0|all,top 20 by calls on 2019,2024,container,methanol,operating,1.5,0.1,2926,858,0.6008950746887989,0.6033954053124269,0.7810470429472891,0.7820746113795718,,,,,,,,,,,,,,,0.907888724280267,0.13301998631506692,0.6454250412244269,0.5451127819548872,0.9228436351749489,0.7098427887901572
volume|2019|0|all,top 20 by calls on 2019,2024,container,methanol,operating,2.0,0.0,2926,858,0.7384425958722188,0.7416029749224623,0.833679216090719,0.8352886388201325,0.8320192897515065,0.8336303449395414,0.760975650207906,0.7641891502003663,0.7589469233027719,0.7622154902362138,0.8139351470211049,0.8237693985396525,0.7607023116417614,0.7638700260960206,0.7586955353617076,0.7619175321701939,0.812759591204663,0.8224537255613502,0.907888724280267,0.13301998631506692,0.9155941971613503,0.6438824333561176,0.9999999999999997,0.7388926862611073
volume|2019|0|all,top 20 by calls on 2019,2024,container,methanol,operating,2.0,0.1,2926,858,0.7080647780143206,0.7110390831246944,0.8229081685058511,0.8243294386085809,,,,,,,,,,,,,,,0.907888724280267,0.13301998631506692,0.8738138947774565,0.6220095693779905,0.9999999999999994,0.728298017771702
volume|2019|0|all,top 20 by calls on 2019,2024,container,ammonia,service,1.0,0.0,2926,858,0.27682829787544533,0.2776235278215576,0.5760903708816668,0.5766362760632696,,,,,,,,,,,,,,,0.907888724280267,0.13301998631506692,0.1487705307974817,0.27648667122351334,0.5852188185226412,0.5717703349282297
volume|2019|0|all,top 20 by calls on 2019,2024,container,ammonia,service,1.0,0.1,2926,858,0.25448623799169673,0.255175842056378,0.5446675746075218,0.5451525579684098,,,,,,,,,,,,,,,0.907888724280267,0.13301998631506692,0.13549467433957357,0.2552973342447027,0.5398559247535855,0.5375939849624061
volume|2019|0|all,top 20 by calls on 2019,2024,container,ammonia,service,1.5,0.0,2926,858,0.4328225035583289,0.4344611657740838,0.6959314467254221,0.6967617515460726,,,,,,,,,,,,,,,0.907888724280267,0.13301998631506692,0.30709232537344777,0.4155844155844156,0.7657822128977184,0.6739576213260424
volume|2019|0|all,top 20 by calls on 2019,2024,container,ammonia,service,1.5,0.1,2926,858,0.38164602006340304,0.38290502851826336,0.6669544609166919,0.6677045054933552,,,,,,,,,,,,,,,0.907888724280267,0.13301998631506692,0.23484639966626084,0.37696514012303484,0.7191398756592485,0.6541353383458647
volume|2019|0|all,top 20 by calls on 2019,2024,container,ammonia,service,2.0,0.0,2926,858,0.562785066045992,0.5652758140857976,0.7621611478763535,0.7632186314133217,,,,,,,,,,,,,,,0.907888724280267,0.13301998631506692,0.5670633185619814,0.5201640464798359,0.8903528646798915,0.7077922077922078
volume|2019|0|all,top 20 by calls on 2019,2024,container,ammonia,service,2.0,0.1,2926,858,0.5146766874367505,0.5169901889149016,0.7400310374555955,0.7410114236361439,,,,,,,,,,,,,,,0.907888724280267,0.13301998631506692,0.4679041467683076,0.48427887901572114,0.8490024452828612,0.6971975393028025
volume|2019|0|all,top 20 by calls on 2019,2024,container,ammonia,operating,1.0,0.0,2926,858,0.3888226938160342,0.39023173063120714,0.6616600212323693,0.6623020931606182,,,,,,,,,,,,,,,0.907888724280267,0.13301998631506692,0.22490242849851522,0.3697881066302119,0.6995179448922819,0.6384142173615858
volume|2019|0|all,top 20 by calls on 2019,2024,container,ammonia,operating,1.0,0.1,2926,858,0.3384566764188029,0.33941057664221047,0.631652232420713,0.6322164333777374,,,,,,,,,,,,,,,0.907888724280267,0.13301998631506692,0.18251884907853594,0.3277511961722488,0.6544381367242591,0.6114149008885851
volume|2019|0|all,top 20 by calls on 2019,2024,container,ammonia,operating,1.5,0.0,2926,858,0.5553710974629028,0.5576983277595661,0.759448907248338,0.7603714239074796,,,,,,,,,,,,,,,0.907888724280267,0.13301998631506692,0.5383849012596469,0.5099111414900889,0.8806703871018455,0.6954887218045113
volume|2019|0|all,top 20 by calls on 2019,2024,container,ammonia,operating,1.5,0.1,2926,858,0.5116722058508762,0.5138497577149804,0.7369725138435256,0.7378201128073744,,,,,,,,,,,,,,,0.907888724280267,0.13301998631506692,0.42831002893179,0.46958304853041694,0.8411078466564044,0.6828434723171565
volume|2019|0|all,top 20 by calls on 2019,2024,container,ammonia,operating,2.0,0.0,2926,858,0.6723192204168966,0.6749914543827533,0.8091524501543372,0.8104001861684634,,,,,,,,,,,,,,,0.907888724280267,0.13301998631506692,0.7988495414105727,0.5980861244019139,0.9826058843651402,0.7221462747778538
volume|2019|0|all,top 20 by calls on 2019,2024,container,ammonia,operating,2.0,0.1,2926,858,0.6292769190348584,0.6317989026785242,0.7932392466680648,0.7943472861351099,,,,,,,,,,,,,,,0.907888724280267,0.13301998631506692,0.6990931158971413,0.5676691729323309,0.9496084551896662,0.715311004784689
volume|2019|0|all,top 20 by calls on 2019,2024,bulk,methanol,service,1.0,0.0,8019,1124,0.2121318451940102,0.2146554519352447,0.5666814752876335,0.5677187241124747,,,0.34473953578809924,0.3471653398403233,,,,,0.3483894767465055,0.35077398955812555,,,,,0.95536258863952,0.013045978662355068,0.14254812764283004,0.1429105873550318,0.5711990592273812,0.6064347175458287
volume|2019|0|all,top 20 by calls on 2019,2024,bulk,methanol,service,1.0,0.1,8019,1124,0.18903228349160378,0.1911321499469925,0.530984764304382,0.5319119785866316,,,,,,,,,,,,,,,0.95536258863952,0.013045978662355068,0.12340590250571476,0.11547574510537474,0.5279289659538831,0.5467015837386208
volume|2019|0|all,top 20 by calls on 2019,2024,bulk,methanol,service,1.5,0.0,8019,1124,0.34313307373891183,0.34742557596844337,0.7096932482307438,0.711284863476983,,,0.5014231697134798,0.5052769010397525,,,,,0.5045521113718705,0.5083217374152387,,,,,0.95536258863952,0.013045978662355068,0.28060498297967645,0.29105873550317996,0.7479159851135342,0.7674273600199526
volume|2019|0|all,top 20 by calls on 2019,2024,bulk,methanol,service,1.5,0.1,8019,1124,0.30232648141026913,0.3058703784927168,0.6721673849958573,0.6735563812936695,,,,,,,,,,,,,,,0.95536258863952,0.013045978662355068,0.24030337229617513,0.24479361516398554,0.6996430284197166,0.7377478488589599
volume|2019|0|all,top 20 by calls on 2019,2024,bulk,methanol,service,2.0,0.0,8019,1124,0.516907594556668,0.522413378433158,0.8056709260980706,0.8078403893404498,,,0.6257482119373838,0.6309958301246666,,,,,0.6280218088256695,0.6331512882892852,,,,,0.95536258863952,0.013045978662355068,0.453120278367238,0.46040653448060853,0.8814891070517284,0.8316498316498316
volume|2019|0|all,top 20 by calls on 2019,2024,bulk,methanol,service,2.0,0.1,8019,1124,0.4345985591403027,0.43946880964250346,0.7729927956525602,0.7749270235467665,,,,,,,,,,,,,,,0.95536258863952,0.013045978662355068,0.3689212220298391,0.38533482977927425,0.832850406181364,0.8138171841875546
volume|2019|0|all,top 20 by calls on 2019,2024,bulk,methanol,operating,1.0,0.0,8019,1124,0.24911323158139703,0.251818051357633,0.6124617141997337,0.6135260715749905,0.6033810431881991,0.6044468650075926,0.39268987453701326,0.3952258220347773,0.388393670573486,0.39100416455253134,0.7122806512404488,0.7192114621888255,0.39631116748967105,0.3988025212774252,0.39231351549457444,0.39487718061041904,0.7094242479046174,0.7162559331676379,0.95536258863952,0.013045978662355068,0.18087008127857657,0.18543459284200026,0.6297381183753707,0.6721536351165981
volume|2019|0|all,top 20 by calls on 2019,2024,bulk,methanol,operating,1.0,0.1,8019,1124,0.22150789150392,0.2238797683182445,0.5756431940670957,0.5766039864482894,,,,,,,,,,,,,,,0.95536258863952,0.013045978662355068,0.15271316875625582,0.15438333956852476,0.5849552300205354,0.6211497692979174
volume|2019|0|all,top 20 by calls on 2019,2024,bulk,methanol,operating,1.5,0.0,8019,1124,0.4117871363492865,0.41630045885635936,0.7546671254659327,0.7563319728477256,0.7488712699533758,0.7505260484122402,0.5602207088410484,0.564452665361241,0.5535644766913088,0.5578416377054723,0.8275884764030846,0.8363203840252321,0.5632069117283866,0.567343422507553,0.556532874868138,0.5607132347591406,0.8246705891476035,0.8331919790010082,0.95536258863952,0.013045978662355068,0.3494528521942497,0.36800099763062727,0.8122177231174486,0.7991021324354658
volume|2019|0|all,top 20 by calls on 2019,2024,bulk,methanol,operating,1.5,0.1,8019,1124,0.35722978201490724,0.36117486639739427,0.718595155600246,0.7200607958315799,,,,,,,,,,,,,,,0.95536258863952,0.013045978662355068,0.2970267960748045,0.3115101633620152,0.7641659149866382,0.7735378476119217
volume|2019|0|all,top 20 by calls on 2019,2024,bulk,methanol,operating,2.0,0.0,8019,1124,0.6043793350695761,0.6102262642586681,0.8376070654093036,0.8397961248309553,0.8344084230837246,0.8365893647070775,0.676809802543883,0.6825954982885798,0.6714545629293188,0.6774229458186521,0.8830760466115608,0.893065241728563,0.6785391156477611,0.6841866451156762,0.6730171142322838,0.6788908352724556,0.8808263798428426,0.8905240225517853,0.95536258863952,0.013045978662355068,0.5704356404166941,0.5459533607681756,0.9400342629167298,0.850480109739369
volume|2019|0|all,top 20 by calls on 2019,2024,bulk,methanol,operating,2.0,0.1,8019,1124,0.5326168645442513,0.5378698375780623,0.8109901412153859,0.8129948695686378,,,,,,,,,,,,,,,0.95536258863952,0.013045978662355068,0.4818158274963192,0.4849731886768924,0.8949971846350481,0.8343933158747974
volume|2019|0|all,top 20 by calls on 2019,2024,bulk,ammonia,service,1.0,0.0,8019,1124,0.16554938953227338,0.16723672372846132,0.49445668521910635,0.49528112673210756,,,,,,,,,,,,,,,0.95536258863952,0.013045978662355068,0.10570451184531557,0.09240553684998129,0.4861486003102365,0.47549569771791994
volume|2019|0|all,top 20 by calls on 2019,2024,bulk,ammonia,service,1.0,0.1,8019,1124,0.1424443190517202,0.14386466497258163,0.4611712074341326,0.4619074754947936,,,,,,,,,,,,,,,0.95536258863952,0.013045978662355068,0.08998425763045943,0.0710811821922933,0.44829706165078814,0.4110238184312258
volume|2019|0|all,top 20 by calls on 2019,2024,bulk,ammonia,service,1.5,0.0,8019,1124,0.26495970181178824,0.2680790716747606,0.6324804067173615,0.6337157428456154,,,,,,,,,,,,,,,0.95536258863952,0.013045978662355068,0.20000423821939164,0.20189549819179448,0.6506813255208738,0.6955979548572141
volume|2019|0|all,top 20 by calls on 2019,2024,bulk,ammonia,service,1.5,0.1,8019,1124,0.23508892901740525,0.23795548258217786,0.5954320818223996,0.5965521116233861,,,,,,,,,,,,,,,0.95536258863952,0.013045978662355068,0.16578715979661598,0.1669784262376855,0.6060413127655155,0.6492081306896121
volume|2019|0|all,top 20 by calls on 2019,2024,bulk,ammonia,service,2.0,0.0,8019,1124,0.37590449938090115,0.38033719487976836,0.7347099754595215,0.7364346896046465,,,,,,,,,,,,,,,0.95536258863952,0.013045978662355068,0.3103238844590723,0.32560169597206634,0.781724604285591,0.7871305649083427
volume|2019|0|all,top 20 by calls on 2019,2024,bulk,ammonia,service,2.0,0.1,8019,1124,0.3295990398307661,0.3337639365997454,0.6973262250340141,0.6988455003648204,,,,,,,,,,,,,,,0.95536258863952,0.013045978662355068,0.26548462294647496,0.27709190672153633,0.7322654731923959,0.7584486843746103
volume|2019|0|all,top 20 by calls on 2019,2024,bulk,ammonia,operating,1.0,0.0,8019,1124,0.19430152001605147,0.19632878912283422,0.5375558315727824,0.538407144995267,,,,,,,,,,,,,,,0.95536258863952,0.013045978662355068,0.12710190295732562,0.12245915949619653,0.5394343482077321,0.5630377852600075
volume|2019|0|all,top 20 by calls on 2019,2024,bulk,ammonia,operating,1.0,0.1,8019,1124,0.17194988307582545,0.1736095599017885,0.5028776780188946,0.5036339243000503,,,,,,,,,,,,,,,0.95536258863952,0.013045978662355068,0.10993764079725085,0.1013842124953236,0.49979194023012985,0.4993141289437586
volume|2019|0|all,top 20 by calls on 2019,2024,bulk,ammonia,operating,1.5,0.0,8019,1124,0.3140415176718999,0.31769466948060143,0.6792885809011735,0.6805813113277742,,,,,,,,,,,,,,,0.95536258863952,0.013045978662355068,0.25096952464128486,0.26237685496944757,0.712399971938717,0.7424865943384462
volume|2019|0|all,top 20 by calls on 2019,2024,bulk,ammonia,operating,1.5,0.1,8019,1124,0.27576349147092233,0.27879622963222783,0.6418533277274945,0.6430002553967973,,,,,,,,,,,,,,,0.95536258863952,0.013045978662355068,0.2141366968390458,0.21461528868936278,0.6648178463014606,0.7040778151889263
volume|2019|0|all,top 20 by calls on 2019,2024,bulk,ammonia,operating,2.0,0.0,8019,1124,0.4540501897672507,0.4587852685070849,0.777744497892308,0.7795314656190659,,,,,,,,,,,,,,,0.95536258863952,0.013045978662355068,0.3929432582584738,0.4104002992891882,0.8442309948859622,0.8125701459034792
volume|2019|0|all,top 20 by calls on 2019,2024,bulk,ammonia,operating,2.0,0.1,8019,1124,0.3933893800827979,0.39782219411227127,0.742957593865922,0.7445677364920129,,,,,,,,,,,,,,,0.95536258863952,0.013045978662355068,0.3332682500796489,0.3484224965706447,0.7966125942663124,0.7918693103878289
volume|2019|0|all,top 20 by calls on 2019,2024,tanker,methanol,service,1.0,0.0,5577,211,0.26588926920503286,0.26845611136954434,0.5787546037084282,0.5807505468370704,,,0.44198841430486974,0.4437918871490965,,,,,0.444812949163452,0.4465850313890693,,,,,0.9315893176438157,0.04811446310258338,0.18406530717444766,0.2415277030661646,0.599849552060481,0.6035502958579881
volume|2019|0|all,top 20 by calls on 2019,2024,tanker,methanol,service,1.0,0.1,5577,211,0.23609751664863982,0.2384562395737728,0.5453759559836272,0.5472234285143981,,,,,,,,,,,,,,,0.9315893176438157,0.04811446310258338,0.1550310110475431,0.20907297830374755,0.5583608550886756,0.565357719203873
volume|2019|0|all,top 20 by calls on 2019,2024,tanker,methanol,service,1.5,0.0,5577,211,0.4211323598694831,0.425578371033447,0.7029565275639372,0.7056404260651462,,,0.5823459198538694,0.5848621551066335,,,,,0.5846433096905479,0.5871326493511175,,,,,0.9315893176438157,0.04811446310258338,0.3522680097607443,0.39931863008786084,0.7695212450888981,0.7260175721714184
volume|2019|0|all,top 20 by calls on 2019,2024,tanker,methanol,service,1.5,0.1,5577,211,0.375733961338463,0.37971541049934754,0.67224422644315,0.6747713712292683,,,,,,,,,,,,,,,0.9315893176438157,0.04811446310258338,0.29195400872466165,0.35126412049488975,0.7259591990887034,0.7007351622736238
volume|2019|0|all,top 20 by calls on 2019,2024,tanker,methanol,service,2.0,0.0,5577,211,0.5392655151790442,0.5444475692075722,0.7787170309979272,0.7820058671177077,,,0.6805831821918267,0.6838005653748407,,,,,0.682375133375414,0.6855524779613957,,,,,0.9315893176438157,0.04811446310258338,0.5247346214196753,0.5158687466379774,0.8875168124877111,0.7794513179128564
volume|2019|0|all,top 20 by calls on 2019,2024,tanker,methanol,service,2.0,0.1,5577,211,0.49443587142541784,0.4994964278077206,0.752576046057127,0.7556168328925126,,,,,,,,,,,,,,,0.9315893176438157,0.04811446310258338,0.4523205374601264,0.4676349291733907,0.8448183747545174,0.7631343015958401
volume|2019|0|all,top 20 by calls on 2019,2024,tanker,methanol,operating,1.0,0.0,5577,211,0.27369812077355554,0.2759499562753818,0.5761479228893484,0.5777606424550861,0.5748843567286545,0.5764050909121554,0.4252335887877991,0.4271219367671103,0.4239248737329516,0.4256715831543041,0.595495278737837,0.5991512853780403,0.4277982435743464,0.42965144773655495,0.42665209859074477,0.4283841190860501,0.5946090619153831,0.598208957958889,0.9315893176438157,0.04811446310258338,0.1649667134774975,0.22556930249237941,0.5752127071602164,0.5753989600143447
volume|2019|0|all,top 20 by calls on 2019,2024,tanker,methanol,operating,1.0,0.1,5577,211,0.24070707548206918,0.24254895044598948,0.5438524068806478,0.54532104554724,,,,,,,,,,,,,,,0.9315893176438157,0.04811446310258338,0.1388996036513672,0.19508696431773354,0.5337437056618538,0.535771920387305
volume|2019|0|all,top 20 by calls on 2019,2024,tanker,methanol,operating,1.5,0.0,5577,211,0.42277182897607135,0.4266404111238434,0.6959582920273957,0.698220042266763,0.6951027434526635,0.6973225872382546,0.5608162357089446,0.5634279286550619,0.5584781411161608,0.5610682838105695,0.7150857089463765,0.7198430913858694,0.563146266009388,0.5657332858357332,0.5612723243480795,0.5638383406211478,0.7144610968948414,0.7191393732043372,0.9315893176438157,0.04811446310258338,0.32493793683504535,0.38246369015599785,0.7389626767768954,0.7055764748072441
volume|2019|0|all,top 20 by calls on 2019,2024,tanker,methanol,operating,1.5,0.1,5577,211,0.3785220254521701,0.38191076484418146,0.6663837837507292,0.6684750390865154,,,,,,,,,,,,,,,0.9315893176438157,0.04811446310258338,0.27435175446481874,0.33387125694818004,0.6972570001390833,0.6802940649094495
volume|2019|0|all,top 20 by calls on 2019,2024,tanker,methanol,operating,2.0,0.0,5577,211,0.5390335069034712,0.5439256069593775,0.7688473707822442,0.7716220775548297,0.7688111576763877,0.7716036126887228,0.6567291610158058,0.6599248623799161,0.6541487792595093,0.6573588119087559,0.7856588828616297,0.7912934228062478,0.6584997650212482,0.6616559778244258,0.6562346119502567,0.6594047924747842,0.7847866758082775,0.7903198574169147,0.9315893176438157,0.04811446310258338,0.49221996709075433,0.49381387842926305,0.8559712758330361,0.7629549937242245
volume|2019|0|all,top 20 by calls on 2019,2024,tanker,methanol,operating,2.0,0.1,5577,211,0.49486589328643554,0.4994507039891745,0.743633050118041,0.7462076916065581,,,,,,,,,,,,,,,0.9315893176438157,0.04811446310258338,0.4261343452462143,0.45095929711314325,0.8160221206552545,0.7444862829478214
volume|2019|0|all,top 20 by calls on 2019,2024,tanker,ammonia,service,1.0,0.0,5577,211,0.20694393009146755,0.20899902680165816,0.5106810553191651,0.5122758720480124,,,,,,,,,,,,,,,0.9315893176438157,0.04811446310258338,0.13005691889950288,0.1769768692845616,0.5161191220148278,0.5169445938676708
volume|2019|0|all,top 20 by calls on 2019,2024,tanker,ammonia,service,1.0,0.1,5577,211,0.18178128292927762,0.1835776894531507,0.4784928225506223,0.4799639110815013,,,,,,,,,,,,,,,0.9315893176438157,0.04811446310258338,0.10986413916032238,0.15241169087322934,0.4757015296795353,0.46889008427469964
volume|2019|0|all,top 20 by calls on 2019,2024,tanker,ammonia,service,1.5,0.0,5577,211,0.3304359970206499,0.3338863177506228,0.6380891290277584,0.6404289931201794,,,,,,,,,,,,,,,0.9315893176438157,0.04811446310258338,0.24896010419124948,0.3069750762058454,0.6776471012350054,0.6695355926125157
volume|2019|0|all,top 20 by calls on 2019,2024,tanker,ammonia,service,1.5,0.1,5577,211,0.2935038794879989,0.29645539386082764,0.6051231853255091,0.6072598091123819,,,,,,,,,,,,,,,0.9315893176438157,0.04811446310258338,0.21121099690854742,0.2684238838084992,0.6331597009056781,0.6360050206204052
volume|2019|0|all,top 20 by calls on 2019,2024,tanker,ammonia,service,2.0,0.0,5577,211,0.44647764597021744,0.45134177499868994,0.7226363701001248,0.7254544831584097,,,,,,,,,,,,,,,0.9315893176438157,0.04811446310258338,0.386110806614443,0.42316657701273086,0.8006260903448208,0.7421552806168191
volume|2019|0|all,top 20 by calls on 2019,2024,tanker,ammonia,service,2.0,0.1,5577,211,0.4056296241565655,0.4100504301856107,0.6930266791241726,0.6956580435906008,,,,,,,,,,,,,,,0.9315893176438157,0.04811446310258338,0.33331341886205956,0.38138784292630445,0.7552674511380636,0.7177694100771024
volume|2019|0|all,top 20 by calls on 2019,2024,tanker,ammonia,operating,1.0,0.0,5577,211,0.21115590365797868,0.21284614720253783,0.5097432148877103,0.5110534806599006,,,,,,,,,,,,,,,0.9315893176438157,0.04811446310258338,0.1131399505271931,0.16514254975793438,0.48975895744388637,0.49076564461179845
volume|2019|0|all,top 20 by calls on 2019,2024,tanker,ammonia,operating,1.0,0.1,5577,211,0.18560047555095244,0.18704381368330059,0.4780359443592379,0.47921133814089806,,,,,,,,,,,,,,,0.9315893176438157,0.04811446310258338,0.0936320046144009,0.1396808319885243,0.45252856799443003,0.4468352160659853
volume|2019|0|all,top 20 by calls on 2019,2024,tanker,ammonia,operating,1.5,0.0,5577,211,0.3370698659721531,0.33979763659617856,0.6334725936126626,0.6353798888348886,,,,,,,,,,,,,,,0.9315893176438157,0.04811446310258338,0.234065766024457,0.2883270575578268,0.6497054825201158,0.6440738748431056
volume|2019|0|all,top 20 by calls on 2019,2024,tanker,ammonia,operating,1.5,0.1,5577,211,0.29808906434031895,0.3005595264777777,0.6016219697093379,0.6033616199255311,,,,,,,,,,,,,,,0.9315893176438157,0.04811446310258338,0.19315456794402952,0.2488793258024027,0.6072494497872422,0.6080329926483773
volume|2019|0|all,top 20 by calls on 2019,2024,tanker,ammonia,operating,2.0,0.0,5577,211,0.44952416712375504,0.4537421587880005,0.7149036360636332,0.7172844156773974,,,,,,,,,,,,,,,0.9315893176438157,0.04811446310258338,0.3560278417347094,0.40828402366863903,0.7695945656807164,0.7211762596377981
volume|2019|0|all,top 20 by calls on 2019,2024,tanker,ammonia,operating,2.0,0.1,5577,211,0.40903762273925837,0.41283861648589915,0.6862939677976176,0.6884983819221634,,,,,,,,,,,,,,,0.9315893176438157,0.04811446310258338,0.3085327250350573,0.3666845974538282,0.7245403993860376,0.6975076205845436
volume|2019|0|all,top 20 by calls on 2019,2024,gas,methanol,service,1.0,0.0,1035,146,0.10404344845608864,0.10517721152590215,0.32288226031294637,0.32330431733545045,,,0.18937155685675722,0.18948970767768755,,,,,0.19209839086140879,0.19221324691292627,,,,,0.9309941849609255,0.011927351718878307,0.06397646360070074,0.16135265700483092,0.44011938327686534,0.47053140096618357
volume|2019|0|all,top 20 by calls on 2019,2024,gas,methanol,service,1.0,0.1,1035,146,0.08627943808863395,0.08686788950747823,0.3000010194763526,0.3003442685156027,,,,,,,,,,,,,,,0.9309941849609255,0.011927351718878307,0.04078928525166161,0.13429951690821257,0.4113491028485742,0.43671497584541064
volume|2019|0|all,top 20 by calls on 2019,2024,gas,methanol,service,1.5,0.0,1035,146,0.19920866526526998,0.20054847840620454,0.412127796050334,0.4129561226426609,,,0.2792923124305462,0.2797942054155327,,,,,0.28128555487254503,0.28177345200339843,,,,,0.9309941849609255,0.011927351718878307,0.1776735323215806,0.2995169082125604,0.6032815140739022,0.5400966183574879
volume|2019|0|all,top 20 by calls on 2019,2024,gas,methanol,service,1.5,0.1,1035,146,0.1717746203386338,0.17290838340844733,0.38906928935808105,0.3897726454734358,,,,,,,,,,,,,,,0.9309941849609255,0.011927351718878307,0.13417180104341014,0.2579710144927536,0.5623182473532083,0.527536231884058
volume|2019|0|all,top 20 by calls on 2019,2024,gas,methanol,service,2.0,0.0,1035,146,0.26380552618719644,0.2678951267698757,0.47230410441249376,0.47348866730627576,,,0.3479098553316983,0.3485259573007235,,,,,0.34943286136848717,0.3500317826365511,,,,,0.9309941849609255,0.011927351718878307,0.292622230530549,0.40869565217391307,0.7067793812045471,0.5884057971014492
volume|2019|0|all,top 20 by calls on 2019,2024,gas,methanol,service,2.0,0.1,1035,146,0.2450579125880776,0.2471346509597804,0.45056810624564375,0.4516382622133384,,,,,,,,,,,,,,,0.9309941849609255,0.011927351718878307,0.24892301380134552,0.38067632850241545,0.6761651916972383,0.5700483091787439
volume|2019|0|all,top 20 by calls on 2019,2024,gas,methanol,operating,1.0,0.0,1035,146,0.10497051992977009,0.10551588591040206,0.2911932450386113,0.29141351293208256,0.2880577538542714,0.28830876376575165,0.15186561708854793,0.15186561708854793,0.1485255187890353,0.1485255187890353,0.27805524134376586,0.28052792716802016,0.15592832223083283,0.15592832223083283,0.15275835271401825,0.15275835271401825,0.27787684290587705,0.2802805750862718,0.9309941849609255,0.011927351718878307,0.060709185101085576,0.17777777777777778,0.40922593006421576,0.45603864734299515
volume|2019|0|all,top 20 by calls on 2019,2024,gas,methanol,operating,1.0,0.1,1035,146,0.09190706146010119,0.09239791773089008,0.272061867653781,0.27227051444930267,,,,,,,,,,,,,,,0.9309941849609255,0.011927351718878307,0.05239316925416458,0.15845410628019324,0.3730253417359933,0.43381642512077295
volume|2019|0|all,top 20 by calls on 2019,2024,gas,methanol,operating,1.5,0.0,1035,146,0.17730039806728226,0.17805181411903528,0.36623505972240106,0.3665852687029166,0.36484932793699837,0.3651970981515951,0.20782590892181182,0.20789558172148598,0.20424461028712074,0.20435580286387137,0.35344924074237277,0.356300735643243,0.2121922122545048,0.21225994214927604,0.20891380355091127,0.20902189539676624,0.35334354234558984,0.356115520082376,0.9309941849609255,0.011927351718878307,0.1326677549722222,0.3294685990338164,0.5458941901584411,0.5159420289855072
volume|2019|0|all,top 20 by calls on 2019,2024,gas,methanol,operating,1.5,0.1,1035,146,0.16140163717187175,0.16202897094435792,0.346356178773085,0.3466600743468794,,,,,,,,,,,,,,,0.9309941849609255,0.011927351718878307,0.11633765717158871,0.2927536231884058,0.5049584043363207,0.5004830917874397
volume|2019|0|all,top 20 by calls on 2019,2024,gas,methanol,operating,2.0,0.0,1035,146,0.23412196202220467,0.2361559368236908,0.4205271749953686,0.4211528020768124,0.42053062656293144,0.42109322707569313,0.26181870657355544,0.2622061102460034,0.2587513395066464,0.2592462091771172,0.4125915117138654,0.4160639008811174,0.2659650561111443,0.266341656593565,0.2632818940376567,0.26376296370707153,0.4123888715474239,0.4157644292112839,0.9309941849609255,0.011927351718878307,0.24148403647634037,0.4048309178743961,0.6520463675739018,0.561352657004831
volume|2019|0|all,top 20 by calls on 2019,2024,gas,methanol,operating,2.0,0.1,1035,146,0.2153801921751726,0.2165535366708869,0.4006663753456802,0.4011721972896088,,,,,,,,,,,,,,,0.9309941849609255,0.011927351718878307,0.20098765608426244,0.38357487922705313,0.6141329527448784,0.548792270531401
volume|2019|0|all,top 20 by calls on 2019,2024,gas,ammonia,service,1.0,0.0,1035,146,0.07397698450003352,0.07455101690805238,0.27696435309128764,0.27724355901702524,,,,,,,,,,,,,,,0.9309941849609255,0.011927351718878307,0.034612053687374855,0.11594202898550725,0.3727070387769391,0.39806763285024155
volume|2019|0|all,top 20 by calls on 2019,2024,gas,ammonia,service,1.0,0.1,1035,146,0.06477800224508436,0.06515067612654557,0.2563311513855342,0.2565621941952296,,,,,,,,,,,,,,,0.9309941849609255,0.011927351718878307,0.028666488583590742,0.09565217391304348,0.34099761934825373,0.35555555555555557
volume|2019|0|all,top 20 by calls on 2019,2024,gas,ammonia,service,1.5,0.0,1035,146,0.14619511478388936,0.14732887785370286,0.36447492587600405,0.3650600505875118,,,,,,,,,,,,,,,0.9309941849609255,0.011927351718878307,0.10257187513807037,0.2135265700483092,0.5137921158771737,0.5082125603864734
volume|2019|0|all,top 20 by calls on 2019,2024,gas,ammonia,service,1.5,0.1,1035,146,0.12542007270832042,0.12655383577813395,0.3412714751470791,0.341754865868489,,,,,,,,,,,,,,,0.9309941849609255,0.011927351718878307,0.08414014312989426,0.18357487922705315,0.4726354140233191,0.485024154589372
volume|2019|0|all,top 20 by calls on 2019,2024,gas,ammonia,service,2.0,0.0,1035,146,0.21401027119595256,0.21608700956765536,0.4272025780701317,0.4281295236989644,,,,,,,,,,,,,,,0.9309941849609255,0.011927351718878307,0.2078239455136893,0.3352657004830918,0.6307020019182215,0.553623188405797
volume|2019|0|all,top 20 by calls on 2019,2024,gas,ammonia,service,2.0,0.1,1035,146,0.19189987187757387,0.19323968501850844,0.4047369084215477,0.4055121096349667,,,,,,,,,,,,,,,0.9309941849609255,0.011927351718878307,0.16652996613813997,0.28405797101449276,0.5882658500827875,0.5362318840579711
volume|2019|0|all,top 20 by calls on 2019,2024,gas,ammonia,operating,1.0,0.0,1035,146,0.07471646451612633,0.07494917582832693,0.2522661846943397,0.25245960982727705,,,,,,,,,,,,,,,0.9309941849609255,0.011927351718878307,0.034612053687374855,0.1323671497584541,0.3388579825216785,0.4048309178743961
volume|2019|0|all,top 20 by calls on 2019,2024,gas,ammonia,operating,1.0,0.1,1035,146,0.06394856182344273,0.06410881672684006,0.2340058785817763,0.23417654622827827,,,,,,,,,,,,,,,0.9309941849609255,0.011927351718878307,0.02567332343108491,0.10917874396135266,0.3126406245250618,0.3719806763285024
volume|2019|0|all,top 20 by calls on 2019,2024,gas,ammonia,operating,1.5,0.0,1035,146,0.1402047275078364,0.14083206128032258,0.32569919062433694,0.325978551638141,,,,,,,,,,,,,,,0.9309941849609255,0.011927351718878307,0.08953945344509245,0.2492753623188406,0.4634191495156237,0.4859903381642512
volume|2019|0|all,top 20 by calls on 2019,2024,gas,ammonia,operating,1.5,0.1,1035,146,0.12050787473327117,0.12113520850575735,0.3063565812263395,0.3066215959799768,,,,,,,,,,,,,,,0.9309941849609255,0.011927351718878307,0.07852104628162493,0.20483091787439614,0.42654119448777283,0.4666666666666667
volume|2019|0|all,top 20 by calls on 2019,2024,gas,ammonia,operating,2.0,0.0,1035,146,0.19242020046158845,0.1933558520250763,0.37965985555526843,0.38006459145408544,,,,,,,,,,,,,,,0.9309941849609255,0.011927351718878307,0.1543767584507956,0.3536231884057971,0.5734813455081331,0.5265700483091788
volume|2019|0|all,top 20 by calls on 2019,2024,gas,ammonia,operating,2.0,0.1,1035,146,0.17180036443334026,0.1725517804850933,0.359667043926392,0.36000257189477786,,,,,,,,,,,,,,,0.9309941849609255,0.011927351718878307,0.12818455910503307,0.3140096618357488,0.5339870439815346,0.5091787439613527
volume|2019|0|all,top 20 by calls on 2019,2024,general,methanol,service,1.0,0.0,1886,557,0.1800978380570816,0.18161854379428843,0.4653770342227686,0.46752835545511073,,,0.37988041437073855,0.38150125782397726,,,,,0.37956185609185433,0.3811108640831771,,,,,0.8854490059699138,0.05287741380321132,0.08020169873830889,0.12990455991516436,0.4461824858641444,0.4369034994697773
volume|2019|0|all,top 20 by calls on 2019,2024,general,methanol,service,1.0,0.1,1886,557,0.16100272268488242,0.16236975068032355,0.43571631035253816,0.43769065088301495,,,,,,,,,,,,,,,0.8854490059699138,0.05287741380321132,0.07067211856183969,0.10657476139978792,0.41147208142288444,0.39660657476139977
volume|2019|0|all,top 20 by calls on 2019,2024,general,methanol,service,1.5,0.0,1886,557,0.297934827955055,0.3005307463438504,0.5824856898824353,0.585691082109134,,,0.4971555850278287,0.5002880933209883,,,,,0.49836036837678904,0.501354044520709,,,,,0.8854490059699138,0.05287741380321132,0.16721253698426924,0.26033934252386004,0.5982854447870183,0.5848356309650053
volume|2019|0|all,top 20 by calls on 2019,2024,general,methanol,service,1.5,0.1,1886,557,0.266314711034947,0.26869476863776276,0.5522052528991944,0.5551114321908306,,,,,,,,,,,,,,,0.8854490059699138,0.05287741380321132,0.13796049745089278,0.22216330858960764,0.5525420728200936,0.5482502651113468
volume|2019|0|all,top 20 by calls on 2019,2024,general,methanol,service,2.0,0.0,1886,557,0.41122378875953075,0.41501961595856257,0.6612008567441877,0.6657076400938193,,,0.5919902493448906,0.596706307187344,,,,,0.5936446992223591,0.5981517423121187,,,,,0.8854490059699138,0.05287741380321132,0.28188154807911,0.3695652173913043,0.7174464337338065,0.6595970307529162
volume|2019|0|all,top 20 by calls on 2019,2024,general,methanol,service,2.0,0.1,1886,557,0.3648565741383831,0.3679239166909718,0.6333427267861088,0.637376308017879,,,,,,,,,,,,,,,0.8854490059699138,0.05287741380321132,0.2343063311026008,0.3271474019088017,0.6716968067724536,0.633085896076352
volume|2019|0|all,top 20 by calls on 2019,2024,general,methanol,operating,1.0,0.0,1886,557,0.1882207517043619,0.18955315970169231,0.472601152018985,0.47433558950822946,0.4707007583188727,0.4721015281577201,0.37963318501205645,0.38117860447636465,0.3791702671402466,0.380808790156264,0.5505300963622191,0.5572389706089795,0.378466409164048,0.37994333594274216,0.3782798250411158,0.3798457290404847,0.5420997484860162,0.5485112867494233,0.8854490059699138,0.05287741380321132,0.07901268957696489,0.13467656415694593,0.46277003099966507,0.4591728525980912
volume|2019|0|all,top 20 by calls on 2019,2024,general,methanol,operating,1.0,0.1,1886,557,0.16346512224435902,0.16471772323839182,0.44294055219724215,0.4444938441130375,,,,,,,,,,,,,,,0.8854490059699138,0.05287741380321132,0.07101283874637992,0.11346765641569459,0.4258890393532684,0.42152704135737007
volume|2019|0|all,top 20 by calls on 2019,2024,general,methanol,operating,1.5,0.0,1886,557,0.30970889002393986,0.3119877251537598,0.5893297454490611,0.5921383917781292,0.5872355813950176,0.5897250436768852,0.49464488110346994,0.4979833010226712,0.4944606325530027,0.49782490542047564,0.6652698074568667,0.6752448281071537,0.49500980149613505,0.4982002633034745,0.4946558799053995,0.49787104886344613,0.6576851002527689,0.6672180299566001,0.8854490059699138,0.05287741380321132,0.17915832249507876,0.26564156945917283,0.6122923606935815,0.5874867444326617
volume|2019|0|all,top 20 by calls on 2019,2024,general,methanol,operating,1.5,0.1,1886,557,0.27479856906927314,0.2767164353558345,0.5595327863446111,0.5620042382987329,,,,,,,,,,,,,,,0.8854490059699138,0.05287741380321132,0.1426460648819644,0.2264050901378579,0.5694939386170972,0.563626723223754
volume|2019|0|all,top 20 by calls on 2019,2024,general,methanol,operating,2.0,0.0,1886,557,0.4213972923737865,0.4255714262866113,0.6662700355092941,0.6703572102502856,0.6637207639335397,0.6674081574674067,0.5904311774310439,0.5953582125799532,0.5878820191275062,0.5929705212969906,0.7367177669943274,0.7494874345220649,0.5918229814893021,0.5965316514129393,0.5891421629509054,0.5940051437086371,0.7305558275074661,0.7427238903736432,0.8854490059699138,0.05287741380321132,0.3029153893864411,0.3844114528101803,0.7380381076515063,0.6617179215270413
volume|2019|0|all,top 20 by calls on 2019,2024,general,methanol,operating,2.0,0.1,1886,557,0.37754622573600943,0.3808982859091998,0.6390022111817012,0.6425452290547656,,,,,,,,,,,,,,,0.8854490059699138,0.05287741380321132,0.26283937582087197,0.3361611876988335,0.6847015263098921,0.6378579003181336
volume|2019|0|all,top 20 by calls on 2019,2024,general,ammonia,service,1.0,0.0,1886,557,0.1441294900040125,0.14531995071812637,0.40590433440068857,0.40770169298769815,,,,,,,,,,,,,,,0.8854490059699138,0.05287741380321132,0.06241304090839427,0.08642629904559915,0.37876348682931993,0.3563096500530223
volume|2019|0|all,top 20 by calls on 2019,2024,general,ammonia,service,1.0,0.1,1886,557,0.12606924432055705,0.12678037426707986,0.3788481466515815,0.3804389775492036,,,,,,,,,,,,,,,0.8854490059699138,0.05287741380321132,0.05108402705117676,0.07051961823966066,0.34417826095281095,0.3170731707317073
volume|2019|0|all,top 20 by calls on 2019,2024,general,ammonia,service,1.5,0.0,1886,557,0.23271125078538032,0.23476020830061028,0.5199456719895598,0.5225795473875177,,,,,,,,,,,,,,,0.8854490059699138,0.05287741380321132,0.11331271098779702,0.18451749734888653,0.5133207555821848,0.5116648992576882
volume|2019|0|all,top 20 by calls on 2019,2024,general,ammonia,service,1.5,0.1,1886,557,0.2030556633271541,0.20472503247816995,0.4894763951755563,0.4918224825572737,,,,,,,,,,,,,,,0.8854490059699138,0.05287741380321132,0.09440175171102791,0.15164369034994699,0.47658699620284006,0.47985153764581123
volume|2019|0|all,top 20 by calls on 2019,2024,general,ammonia,service,2.0,0.0,1886,557,0.3229100696573853,0.32562843860494856,0.6025691495100172,0.6061075830229464,,,,,,,,,,,,,,,0.8854490059699138,0.05287741380321132,0.18868807477338434,0.2841993637327678,0.6259835212761629,0.6044538706256628
volume|2019|0|all,top 20 by calls on 2019,2024,general,ammonia,service,2.0,0.1,1886,557,0.2854333717615894,0.2879821721979775,0.5724839626320646,0.5755750213256698,,,,,,,,,,,,,,,0.8854490059699138,0.05287741380321132,0.15556698430941562,0.24443266171792152,0.582607144525056,0.5726405090137858
volume|2019|0|all,top 20 by calls on 2019,2024,general,ammonia,operating,1.0,0.0,1886,557,0.1439765007627545,0.1450671230738221,0.41203230160772764,0.41328701439052623,,,,,,,,,,,,,,,0.8854490059699138,0.05287741380321132,0.06293799014940946,0.0911983032873807,0.38936523619223085,0.37168610816542946
volume|2019|0|all,top 20 by calls on 2019,2024,general,ammonia,operating,1.0,0.1,1886,557,0.12846269205636912,0.12952645854995967,0.38448810845706677,0.38557595052644333,,,,,,,,,,,,,,,0.8854490059699138,0.05287741380321132,0.054406506855130744,0.06839872746553552,0.3547828739550002,0.3271474019088017
volume|2019|0|all,top 20 by calls on 2019,2024,general,ammonia,operating,1.5,0.0,1886,557,0.2369776749630655,0.23858780947812144,0.5273644075301672,0.5295201111807769,,,,,,,,,,,,,,,0.8854490059699138,0.05287741380321132,0.11680367600366753,0.18875927889713678,0.5252369624056472,0.5265111346765642
volume|2019|0|all,top 20 by calls on 2019,2024,general,ammonia,operating,1.5,0.1,1886,557,0.20778860297485804,0.2092755171923876,0.4967360704304718,0.49866396838817806,,,,,,,,,,,,,,,0.8854490059699138,0.05287741380321132,0.09276506228507146,0.15641569459172852,0.4883017710971888,0.48939554612937436
volume|2019|0|all,top 20 by calls on 2019,2024,general,ammonia,operating,2.0,0.0,1886,557,0.3366664920346387,0.3393176899315108,0.6088417142727329,0.6119125778566707,,,,,,,,,,,,,,,0.8854490059699138,0.05287741380321132,0.20736752310125034,0.29056203605514314,0.6425923404555052,0.6076352067868505
volume|2019|0|all,top 20 by calls on 2019,2024,general,ammonia,operating,2.0,0.1,1886,557,0.2982194157775267,0.30033054196779746,0.5795109977103776,0.5821933619760861,,,,,,,,,,,,,,,0.8854490059699138,0.05287741380321132,0.16626330924362961,0.2518557794273595,0.5996632501556962,0.5795334040296924
volume|2019|0|all,top 20 by calls on 2019,2024,roro,methanol,service,1.0,0.0,538,158,0.2620187259041396,0.263262428527096,0.6124024620613456,0.6134848756610721,,,0.467735994813343,0.467735994813343,,,,,0.47359600306442645,0.47359600306442645,,,,,0.9516897914144492,0.02982406824092518,0.1951214607708219,0.18029739776951673,0.6492987517092728,0.6970260223048327
volume|2019|0|all,top 20 by calls on 2019,2024,roro,methanol,service,1.0,0.1,538,158,0.21360582819589818,0.2145405875439424,0.5748439027210209,0.5758781887201742,,,,,,,,,,,,,,,0.9516897914144492,0.02982406824092518,0.15229173704024462,0.12639405204460966,0.6009261351322335,0.6486988847583643
volume|2019|0|all,top 20 by calls on 2019,2024,roro,methanol,service,1.5,0.0,538,158,0.4708564657411626,0.4731562868370924,0.7409101216295497,0.7421640730799454,,,0.618646243784884,0.618646243784884,,,,,0.6231169394347379,0.6231169394347379,,,,,0.9516897914144492,0.02982406824092518,0.44978309343843664,0.44609665427509293,0.8204512735129008,0.7955390334572491
volume|2019|0|all,top 20 by calls on 2019,2024,roro,methanol,service,1.5,0.1,538,158,0.40941496679226547,0.41126691757737804,0.7113674023403133,0.712551066997175,,,,,,,,,,,,,,,0.9516897914144492,0.02982406824092518,0.3576267323663452,0.3736059479553903,0.7848381462180158,0.7676579925650557
volume|2019|0|all,top 20 by calls on 2019,2024,roro,methanol,service,2.0,0.0,538,158,0.608937665211643,0.6121464798924586,0.8102048845360624,0.8117410335242655,,,0.7136996203786532,0.7136996203786532,,,,,0.7171430405987232,0.7171430405987232,,,,,0.9516897914144492,0.02982406824092518,0.6428535600684269,0.6152416356877324,0.9237673159251998,0.8345724907063197
volume|2019|0|all,top 20 by calls on 2019,2024,roro,methanol,service,2.0,0.1,538,158,0.546847679391567,0.5495497593572823,0.7872508969338539,0.788673659900078,,,,,,,,,,,,,,,0.9516897914144492,0.02982406824092518,0.543488012007312,0.5446096654275093,0.8907759070182466,0.8066914498141264
volume|2019|0|all,top 20 by calls on 2019,2024,roro,methanol,operating,1.0,0.0,538,158,0.1930074891966001,0.19386042386408614,0.5474786823198929,0.5482975486429211,0.5406474816376613,0.5412966111640675,0.40991632688641133,0.40991632688641133,0.40469699410222265,0.40469699410222265,0.579287196825167,0.5792871968257435,0.4161908351338676,0.4161908351338676,0.4105899155806721,0.4105899155806721,0.581754973972207,0.5817549739729089,0.9516897914144492,0.02982406824092518,0.13749598444624062,0.11895910780669144,0.5748452090832694,0.6115241635687733
volume|2019|0|all,top 20 by calls on 2019,2024,roro,methanol,operating,1.0,0.1,538,158,0.1686623196182007,0.16951525428568673,0.5105074991720245,0.5112654457883903,,,,,,,,,,,,,,,0.9516897914144492,0.02982406824092518,0.10977082852473818,0.09851301115241635,0.5309879345027029,0.5576208178438662
volume|2019|0|all,top 20 by calls on 2019,2024,roro,methanol,operating,1.5,0.0,538,158,0.3657769098936838,0.3677971727658696,0.6870904205124246,0.6881087805482026,0.6793232649233815,0.6801962447616352,0.547229373898342,0.547229373898342,0.5320599391142697,0.5320599391142697,0.7051220381858068,0.7055568610607897,0.5522969412330371,0.5522969412330371,0.5370447768501622,0.5370447768501622,0.7065613788927521,0.7069900048138953,0.9516897914144492,0.02982406824092518,0.3054107363725175,0.3271375464684015,0.7614038726140565,0.7546468401486989
volume|2019|0|all,top 20 by calls on 2019,2024,roro,methanol,operating,1.5,0.1,538,158,0.31268860797457565,0.3142610005359443,0.6524556986656952,0.6533730188995645,,,,,,,,,,,,,,,0.9516897914144492,0.02982406824092518,0.25836764136794127,0.26579925650557623,0.7186932930375581,0.7304832713754646
volume|2019|0|all,top 20 by calls on 2019,2024,roro,methanol,operating,2.0,0.0,538,158,0.5214706937508402,0.5238644534737705,0.7697131302875977,0.7710027849643827,0.7652987256217778,0.7664463662178405,0.6584023048084712,0.6584023048084712,0.6463091535462351,0.6463091535462351,0.7763643892666799,0.7776755785259873,0.6624241269562194,0.6624241269562194,0.650318633128589,0.650318633128589,0.7781902998471801,0.7794828024646787,0.9516897914144492,0.02982406824092518,0.5245569486581025,0.5278810408921933,0.8751104095967169,0.8141263940520446
volume|2019|0|all,top 20 by calls on 2019,2024,roro,methanol,operating,2.0,0.1,538,158,0.4563087473326917,0.4587025070556221,0.7420472734991279,0.7432366900457039,,,,,,,,,,,,,,,0.9516897914144492,0.02982406824092518,0.4443561881731708,0.4349442379182156,0.8364521578722715,0.7955390334572491
volume|2019|0|all,top 20 by calls on 2019,2024,roro,ammonia,service,1.0,0.0,538,158,0.17601885902313338,0.17695361837117762,0.5345001737477808,0.5354901528941675,,,,,,,,,,,,,,,0.9516897914144492,0.02982406824092518,0.11839755829411444,0.09293680297397769,0.5536034494330685,0.5929368029739777
volume|2019|0|all,top 20 by calls on 2019,2024,roro,ammonia,service,1.0,0.1,538,158,0.1509299440957804,0.15153031367814437,0.49694567668380984,0.4978952345381111,,,,,,,,,,,,,,,0.9516897914144492,0.02982406824092518,0.09760014725149624,0.07806691449814127,0.5122923050618108,0.5223048327137546
volume|2019|0|all,top 20 by calls on 2019,2024,roro,ammonia,service,1.5,0.0,538,158,0.3492948170428445,0.35056954427854287,0.6767155189319458,0.6778578812929974,,,,,,,,,,,,,,,0.9516897914144492,0.02982406824092518,0.2902544341227513,0.2899628252788104,0.731195488532448,0.7379182156133829
volume|2019|0|all,top 20 by calls on 2019,2024,roro,ammonia,service,1.5,0.1,538,158,0.3003826403735847,0.3016573676092831,0.6411706521914876,0.6422780842226686,,,,,,,,,,,,,,,0.9516897914144492,0.02982406824092518,0.2384128778702304,0.23048327137546468,0.6856583238763915,0.7230483271375465
volume|2019|0|all,top 20 by calls on 2019,2024,roro,ammonia,service,2.0,0.0,538,158,0.5013921305961104,0.5040942105618258,0.7594757185418167,0.7607917663946648,,,,,,,,,,,,,,,0.9516897914144492,0.02982406824092518,0.49137488337298885,0.49070631970260226,0.8494818960045067,0.8029739776951673
volume|2019|0|all,top 20 by calls on 2019,2024,roro,ammonia,service,2.0,0.1,538,158,0.4496197980908911,0.45191961918682083,0.7314935463942839,0.732711700987899,,,,,,,,,,,,,,,0.9516897914144492,0.02982406824092518,0.4294780106530699,0.4163568773234201,0.8096265002268019,0.7936802973977695
volume|2019|0|all,top 20 by calls on 2019,2024,roro,ammonia,operating,1.0,0.0,538,158,0.14353574304743885,0.14429561211006714,0.4730261705375135,0.47372980041256413,,,,,,,,,,,,,,,0.9516897914144492,0.02982406824092518,0.09060443151487976,0.08178438661710037,0.48553974360614177,0.4646840148698885
volume|2019|0|all,top 20 by calls on 2019,2024,roro,ammonia,operating,1.0,0.1,538,158,0.12995343583048427,0.13062340232680986,0.4393175476913129,0.4399723042937268,,,,,,,,,,,,,,,0.9516897914144492,0.02982406824092518,0.08508065714029509,0.0724907063197026,0.4471683440436738,0.3940520446096654
volume|2019|0|all,top 20 by calls on 2019,2024,roro,ammonia,operating,1.5,0.0,538,158,0.26669569860974923,0.26817415254411725,0.6143167204128696,0.6151979151992943,,,,,,,,,,,,,,,0.9516897914144492,0.02982406824092518,0.19921621918196408,0.20631970260223048,0.6684951607178149,0.7026022304832714
volume|2019|0|all,top 20 by calls on 2019,2024,roro,ammonia,operating,1.5,0.1,538,158,0.22486843092248665,0.2258962558753886,0.5770723761825691,0.577931213873492,,,,,,,,,,,,,,,0.9516897914144492,0.02982406824092518,0.16181535485984244,0.14869888475836432,0.6147730722111213,0.6617100371747212
volume|2019|0|all,top 20 by calls on 2019,2024,roro,ammonia,operating,2.0,0.0,538,158,0.4004051964750694,0.4024254593472552,0.7090420765407653,0.7101205760776974,,,,,,,,,,,,,,,0.9516897914144492,0.02982406824092518,0.36104743603551925,0.37174721189591076,0.7932301696446526,0.775092936802974
volume|2019|0|all,top 20 by calls on 2019,2024,roro,ammonia,operating,2.0,0.1,538,158,0.34943538178557976,0.3510077743469484,0.675901730311728,0.676891994641623,,,,,,,,,,,,,,,0.9516897914144492,0.02982406824092518,0.2925166205173855,0.3048327137546468,0.7459286238442803,0.7490706319702602
