set_key,n_ports,year,vessel_group,n_full,p10,p25,p50,p75,p90
all|-1|0|all,2551,2018,all,15321,1346.0323495864868,3151.693167209625,5409.5120730400085,8347.140728712082,9748.116021633148
all|-1|0|all,2551,2018,container,2234,938.8306693553925,1501.3689308054745,3820.6789016723633,5831.945739328861,8211.512868404388
all|-1|0|all,2551,2018,bulk,6294,2548.42458820343,4667.806000813842,6798.369982719421,9119.35861968994,10314.649234867096
all|-1|0|all,2551,2018,tanker,3798,1102.0871149182321,2577.994688630104,5074.441877007484,7461.986484527588,9492.965813350682
all|-1|0|all,2551,2018,gas,820,1624.1776440560818,3403.1080524921417,6137.54232186079,8832.667141914368,10588.748715782167
all|-1|0|all,2551,2018,general,1646,1340.5122566223145,2396.4377737641335,4238.883906066418,6475.366152882577,8894.530171871185
all|-1|0|all,2551,2018,roro,529,1427.403548526764,3413.898075699806,6544.263502597809,8229.229626178741,9710.342379331589
all|-1|0|all,2551,2019,all,15502,1342.8443366885183,3161.845161676407,5443.3354288339615,8418.356070458889,9856.095870018004
all|-1|0|all,2551,2019,container,2209,895.503538542986,1522.0951467752457,3860.614143371582,5746.409473180771,8212.153572583198
all|-1|0|all,2551,2019,bulk,6371,2533.980137825012,4672.764427661896,6827.063281536102,9121.742756843569,10421.408902168274
all|-1|0|all,2551,2019,tanker,3924,1146.6908197402954,2660.7353060245514,5113.099660992622,7564.900646805763,9393.602063035967
all|-1|0|all,2551,2019,gas,874,1607.1343461036683,3508.4025428891177,6406.389501452446,8712.533858299255,10656.164432525637
all|-1|0|all,2551,2019,general,1607,1360.459605932236,2307.235049724579,4242.51028251648,6757.66811811924,9027.698767882586
all|-1|0|all,2551,2019,roro,517,1372.647502565384,3496.5014550685883,6910.075616359711,8530.600922584534,9999.443869590761
all|-1|0|all,2551,2020,all,15740,1384.8211898326874,3252.8571894168854,5623.333949446678,8688.273224830627,10197.210019493103
all|-1|0|all,2551,2020,container,2212,924.7155119657516,1485.528781414032,3794.2801387738436,5840.31916809082,8405.484169006348
all|-1|0|all,2551,2020,bulk,6573,2680.924677586556,4700.405993759632,7231.951635360718,9216.064115524292,10688.46293067932
all|-1|0|all,2551,2020,tanker,3944,1197.1117948055266,2871.1642007529736,5118.79500246048,7765.558713197708,9558.397223472595
all|-1|0|all,2551,2020,gas,913,1649.037821018696,3680.701203346253,6595.915684700012,9318.264695167542,10998.249563837051
all|-1|0|all,2551,2020,general,1592,1240.2969215393066,2452.725151062012,4341.253607064486,7025.823108047247,9128.83836902678
all|-1|0|all,2551,2020,roro,506,1237.6916394531727,3388.445620238781,6246.818514466286,8229.229625940323,9870.862140417099
all|-1|0|all,2551,2021,all,16620,1422.999473810196,3239.243753433228,5659.400408744812,8623.423727035522,10022.876651239398
all|-1|0|all,2551,2021,container,2505,977.4309763908386,1625.7051850557327,4053.377546310425,6441.250440597534,8648.853875541687
all|-1|0|all,2551,2021,bulk,6773,2750.210886001587,4790.277378082275,7184.663220882416,9136.867144584656,10541.707183980941
all|-1|0|all,2551,2021,tanker,4085,1169.5968313694,2660.182594060898,5051.5996816158295,7592.154421806335,9289.574299812315
all|-1|0|all,2551,2021,gas,977,1861.7959429115058,4227.059500694275,6818.684414863586,9445.003116607666,11710.600633239746
all|-1|0|all,2551,2021,general,1751,1264.8226959705353,2452.725151062012,4282.838244765997,6754.689244270325,9062.469516277311
all|-1|0|all,2551,2021,roro,529,1322.1211388111115,3525.14981174469,6917.810544490814,8259.647758960724,9661.0074698925
all|-1|0|all,2551,2022,all,17691,1429.0423684120178,3062.5222266316414,5447.8141803741455,8285.077906608582,9740.715886116028
all|-1|0|all,2551,2022,container,2890,1039.1685596108437,1726.1831189393997,4080.975530385971,6540.704605102539,9003.552793121333
all|-1|0|all,2551,2022,bulk,7090,2566.4097576141357,4647.605409622192,6768.086815357208,9062.469516277311,10283.262089300157
all|-1|0|all,2551,2022,tanker,4229,1181.531885290146,2588.581970691681,5015.230248451233,7278.194324493408,8959.404026031503
all|-1|0|all,2551,2022,gas,991,1823.072916507721,3955.290885448456,6358.070605278015,8688.273224830627,10586.713193893433
all|-1|0|all,2551,2022,general,1884,1249.9693910479546,2398.3636076748376,4061.1149413585663,6719.50834274292,9060.72564382553
all|-1|0|all,2551,2022,roro,607,1407.1313851356506,3588.0969511270523,7238.014530658722,8605.520104885101,9937.744035148618
all|-1|0|all,2551,2023,all,17714,1360.77367643714,3009.14623439312,5342.29540014267,8298.816076278687,9798.667647451166
all|-1|0|all,2551,2023,container,2948,1071.1632725656032,1658.086702823639,3825.969521522522,6441.394498825073,9050.019997119905
all|-1|0|all,2551,2023,bulk,7061,2465.767085313797,4606.481708526611,6781.773660898209,9088.261850953102,10349.54781150818
all|-1|0|all,2551,2023,tanker,4262,1136.7546017885209,2551.664237499237,5009.600793361664,6826.6951603889465,8888.900712966919
all|-1|0|all,2551,2023,gas,993,1816.227368068695,3852.6477625481775,6318.426316261292,8887.18575000763,10894.658178329468
all|-1|0|all,2551,2023,general,1849,1177.8584857940675,2230.226475715637,4101.719638347626,6804.386630654335,9158.696794876456
all|-1|0|all,2551,2023,roro,601,1590.969232559204,4500.89731502533,7186.98954719305,8211.512868404388,9312.749398231506
all|-1|0|all,2551,2024,all,16746,1332.2936460971832,2922.4003590345383,5660.221650928259,8869.95498085022,10510.945757865906
all|-1|0|all,2551,2024,container,2715,1013.45512676239,1590.969232559204,3971.893811225891,7132.124786019325,9249.733162879944
all|-1|0|all,2551,2024,bulk,6665,2525.683590888977,4629.292611122131,7543.662278175354,9570.029029369354,11002.374830245972
all|-1|0|all,2551,2024,tanker,4087,1014.4866467118264,2193.910795688629,5009.600793600082,7439.558185100555,9382.770567941667
all|-1|0|all,2551,2024,gas,951,1719.4501516819,3513.4641189575195,6423.57515245676,10587.013890981674,11791.374454498293
all|-1|0|all,2551,2024,general,1767,1138.6236726164818,2235.8282034397125,4058.245238959789,7040.621020317078,9262.40483045578
all|-1|0|all,2551,2024,roro,561,1555.0692944526672,4126.772804260254,7822.294020652771,8832.66714167595,10326.41212940216
all|-1|0|all,2551,2025,all,17006,1336.9973363876345,2990.397042060271,5714.2680695056915,8835.093053817749,10338.728702545166
all|-1|0|all,2551,2025,container,2779,1034.2312328338624,1658.086702823639,4166.2443861961365,7567.245388031006,9318.408752441406
all|-1|0|all,2551,2025,bulk,6820,2635.824154400826,4624.482394218445,7716.836695492268,9395.840260505676,10791.94826889038
all|-1|0|all,2551,2025,tanker,4099,972.9114351272584,2175.853224754333,5009.600793361664,7512.408292770386,9479.404454231264
all|-1|0|all,2551,2025,gas,951,1719.4501516819,3558.3009872436523,6379.352723121643,9916.278858184814,11791.374454379082
all|-1|0|all,2551,2025,general,1769,1138.3179901123049,2292.399736404419,4242.510282337666,6872.97406578064,9158.696794939042
all|-1|0|all,2551,2025,roro,588,1410.1638679683208,4129.945784270763,7822.294020652771,8696.77074199915,10326.412129878998
backup[greedy:2019:7000:all@20]|2024|7000|all,20,2018,all,15321,6545.1191573143005,11448.774085998535,19261.370243549347,28886.008323669437,49502.72208917141
backup[greedy:2019:7000:all@20]|2024|7000|all,20,2018,container,2234,3716.454499578476,6800.531070053577,11187.135536253452,22363.749982200563,88589.85213632586
backup[greedy:2019:7000:all@20]|2024|7000|all,20,2018,bulk,6294,9928.369515991211,16633.468415379524,22536.151476860046,31893.375895977017,47411.92323760986
backup[greedy:2019:7000:all@20]|2024|7000|all,20,2018,tanker,3798,5625.493267893791,9914.278301149607,15322.09342622757,23380.774138629436,36844.164737224586
backup[greedy:2019:7000:all@20]|2024|7000|all,20,2018,gas,820,7280.144827735424,13278.825929164886,20248.54551053047,38133.198749542236,63152.26675205232
backup[greedy:2019:7000:all@20]|2024|7000|all,20,2018,general,1646,6830.882421731949,11020.299232065678,17887.07506430149,28151.976868271828,54791.300496287644
backup[greedy:2019:7000:all@20]|2024|7000|all,20,2018,roro,529,9391.827717721464,13102.79542350769,19878.537886619568,26636.730650901794,66092.9697870254
backup[greedy:2019:7000:all@20]|2024|7000|all,20,2019,all,15502,6876.418086022884,12169.92361075431,20783.404087781906,32704.728249907494,59670.42503439782
backup[greedy:2019:7000:all@20]|2024|7000|all,20,2019,container,2209,3391.1183109283447,6888.167245864868,11887.54248905182,27743.31601762772,105128.3735198975
backup[greedy:2019:7000:all@20]|2024|7000|all,20,2019,bulk,6371,10681.16756248474,17846.04635119438,24165.92985343933,36085.201884269714,55078.083203315735
backup[greedy:2019:7000:all@20]|2024|7000|all,20,2019,tanker,3924,6210.813815736771,10499.536355674267,16705.64871072769,25466.172139942646,43433.70324923398
backup[greedy:2019:7000:all@20]|2024|7000|all,20,2019,gas,874,8421.641993118823,14702.313423275948,23575.9535074234,41970.423380732536,83497.5596546352
backup[greedy:2019:7000:all@20]|2024|7000|all,20,2019,general,1607,7143.314129638672,12081.307012945414,20450.070043563843,33892.11037707329,68624.76938972487
backup[greedy:2019:7000:all@20]|2024|7000|all,20,2019,roro,517,9430.133416509627,13789.99171924591,20229.210657596588,30653.264275074005,91732.33906933371
backup[greedy:2019:7000:all@20]|2024|7000|all,20,2020,all,15740,7047.788154603541,12553.818025499582,20787.097428798676,32912.16355872154,63055.79255654813
backup[greedy:2019:7000:all@20]|2024|7000|all,20,2020,container,2212,3523.157693243027,7189.936933755875,12154.72211909294,27866.609704196457,117699.68991795182
backup[greedy:2019:7000:all@20]|2024|7000|all,20,2020,bulk,6573,11477.173489117624,18237.67260456085,24222.994205474854,35983.46479225159,56064.607590389256
backup[greedy:2019:7000:all@20]|2024|7000|all,20,2020,tanker,3944,6211.168761563301,10509.14782381058,16588.45590029657,25022.51822257042,43418.43980083472
backup[greedy:2019:7000:all@20]|2024|7000|all,20,2020,gas,913,8861.118206214906,16202.144709587095,24788.85708451271,44593.01181983948,91084.50933265686
backup[greedy:2019:7000:all@20]|2024|7000|all,20,2020,general,1592,6631.095233297349,11520.026003867386,20657.892366856337,36186.05987346172,77943.22768361577
backup[greedy:2019:7000:all@20]|2024|7000|all,20,2020,roro,506,9322.884610891342,12644.375353872776,19938.73720407486,31058.215978994966,103688.7943200171
backup[greedy:2019:7000:all@20]|2024|7000|all,20,2021,all,16620,7402.81625751257,12758.633811578155,21029.645446777344,33550.750964164734,63716.61869276166
backup[greedy:2019:7000:all@20]|2024|7000|all,20,2021,container,2505,4005.609618020803,7704.06654548645,12546.099994778631,29326.085871338844,119503.77994136809
backup[greedy:2019:7000:all@20]|2024|7000|all,20,2021,bulk,6773,12488.260604953766,18636.144748687744,24531.30393600464,36902.39672183991,56792.22704906464
backup[greedy:2019:7000:all@20]|2024|7000|all,20,2021,tanker,4085,6162.438638854027,10335.672229766846,16376.049763679504,25256.386664390564,43015.28605556487
backup[greedy:2019:7000:all@20]|2024|7000|all,20,2021,gas,977,10529.871008205415,17318.89872789383,26655.219404816628,47449.45856189728,99235.69981598851
backup[greedy:2019:7000:all@20]|2024|7000|all,20,2021,general,1751,7684.084901809692,12164.455118179321,20451.00231456757,35023.36002063751,71563.7745617181
backup[greedy:2019:7000:all@20]|2024|7000|all,20,2021,roro,529,9713.642794036865,13729.403124809263,20487.252081155777,31764.495880126957,99447.30686569212
backup[greedy:2019:7000:all@20]|2024|7000|all,20,2022,all,17691,6808.274491786957,12130.067037820816,20214.38840103149,32376.712040424347,62420.90512830019
backup[greedy:2019:7000:all@20]|2024|7000|all,20,2022,container,2890,4118.757185661794,7612.935307264328,12669.989600300789,25115.825974941257,107505.47273423336
backup[greedy:2019:7000:all@20]|2024|7000|all,20,2022,bulk,7090,10918.259263667465,17533.20680630207,23640.89122962952,35090.2271797657,54063.42823235989
backup[greedy:2019:7000:all@20]|2024|7000|all,20,2022,tanker,4229,5820.589679050446,9979.771728038788,16011.252082586288,24605.37361240387,45585.081237030034
backup[greedy:2019:7000:all@20]|2024|7000|all,20,2022,gas,991,10407.926678657532,16557.299383163452,25504.4595413208,50126.73712897301,95291.49582767488
backup[greedy:2019:7000:all@20]|2024|7000|all,20,2022,general,1884,7422.749871250988,12064.387333512306,20477.436283826828,36287.12417100975,73127.5089845216
backup[greedy:2019:7000:all@20]|2024|7000|all,20,2022,roro,607,9403.35852637291,13553.01378774643,19886.251286149025,31847.75876635313,91764.91945249136
backup[greedy:2019:7000:all@20]|2024|7000|all,20,2023,all,17714,6707.5760048985485,11828.390312433245,20092.28742671013,32353.86992907524,63366.07890419963
backup[greedy:2019:7000:all@20]|2024|7000|all,20,2023,container,2948,3865.6672075033184,7637.177077651024,13153.256166696548,28491.41920644045,110275.95568643525
backup[greedy:2019:7000:all@20]|2024|7000|all,20,2023,bulk,7061,10097.601391792296,16899.367881774902,23218.982849121094,34018.59285354614,53286.482946395874
backup[greedy:2019:7000:all@20]|2024|7000|all,20,2023,tanker,4262,5972.6715523242965,9751.854282140732,15721.790330410004,24819.68172097206,48266.52842288018
backup[greedy:2019:7000:all@20]|2024|7000|all,20,2023,gas,993,10417.498213672638,17153.893596172333,27496.195811271667,52007.47714328766,102103.06170077361
backup[greedy:2019:7000:all@20]|2024|7000|all,20,2023,general,1849,6866.4120690643795,11686.501270532608,20188.57479953766,35428.878973945975,72121.69800467418
backup[greedy:2019:7000:all@20]|2024|7000|all,20,2023,roro,601,10127.4714448452,13904.315508790314,20107.700036525726,31688.43387317657,88439.84810090065
backup[greedy:2019:7000:all@20]|2024|7000|all,20,2024,all,16746,6588.294696331024,12339.194805145264,20839.061658143997,33808.833797216415,66014.7290186882
backup[greedy:2019:7000:all@20]|2024|7000|all,20,2024,container,2715,3983.1923002243047,7678.026628494263,14213.155556678772,31443.003680586815,110211.71275253293
backup[greedy:2019:7000:all@20]|2024|7000|all,20,2024,bulk,6665,10235.534845447542,17465.65913450718,23656.6502661705,34943.61933135986,54162.8588508606
backup[greedy:2019:7000:all@20]|2024|7000|all,20,2024,tanker,4087,5413.431982421875,9857.708763122559,16438.635754585266,26409.355504989624,50699.35567207336
backup[greedy:2019:7000:all@20]|2024|7000|all,20,2024,gas,951,9667.423478603365,17546.268263041973,28960.75524902344,58874.62855195999,105138.88906860352
backup[greedy:2019:7000:all@20]|2024|7000|all,20,2024,general,1767,6792.493206882477,11539.535132452846,21056.960214614868,36150.058754086494,77790.78465195898
backup[greedy:2019:7000:all@20]|2024|7000|all,20,2024,roro,561,11042.6685628891,14675.734531402588,21280.682917118076,35015.81444454193,99874.0909371376
backup[greedy:2019:7000:all@20]|2024|7000|all,20,2025,all,17006,6785.211626112461,12580.643544197083,21111.27520465851,33284.047122716904,59950.770965099335
backup[greedy:2019:7000:all@20]|2024|7000|all,20,2025,container,2779,4517.848099517822,8411.762870550156,15017.04388332367,32605.39965093136,99203.15534882559
backup[greedy:2019:7000:all@20]|2024|7000|all,20,2025,bulk,6820,10539.632836818697,17745.79578626156,23671.05317091942,34613.73987519741,50615.77206809522
backup[greedy:2019:7000:all@20]|2024|7000|all,20,2025,tanker,4099,5260.977066993713,10166.027321219444,16386.862641334534,26415.650111615658,45818.69677696228
backup[greedy:2019:7000:all@20]|2024|7000|all,20,2025,gas,951,9587.202668905258,17486.56812429428,28907.278720855717,53495.14295601845,93777.57708740234
backup[greedy:2019:7000:all@20]|2024|7000|all,20,2025,general,1769,7253.3744621276865,11956.158017158508,20761.48099756241,34328.014514923096,62875.01502571106
backup[greedy:2019:7000:all@20]|2024|7000|all,20,2025,roro,588,9471.539085257053,14674.099596619606,22010.296166479588,33333.40886962414,76238.99024283918
backup[greedy:2019:7000:all@20]|2024|7000|all,21,2018,all,15321,6416.690661787987,11246.415035963058,19139.50036740303,28735.502823352814,49357.9357175827
backup[greedy:2019:7000:all@20]|2024|7000|all,21,2018,container,2234,3545.369681596756,6669.795012354851,10746.433335900307,22054.75564265251,88589.85213632586
backup[greedy:2019:7000:all@20]|2024|7000|all,21,2018,bulk,6294,9902.32728881836,16621.489845514297,22436.824577331543,31724.59189236164,47254.47625460623
backup[greedy:2019:7000:all@20]|2024|7000|all,21,2018,tanker,3798,5575.561928796768,9732.31852376461,15265.93201971054,23313.028974294666,36689.84575263263
backup[greedy:2019:7000:all@20]|2024|7000|all,21,2018,gas,820,7238.572074048221,13278.825929164886,20248.54551053047,37935.96301031113,63152.26675205232
backup[greedy:2019:7000:all@20]|2024|7000|all,21,2018,general,1646,6638.035629153252,10579.147071160376,17517.45074725151,28053.601820439097,54791.300496287644
backup[greedy:2019:7000:all@20]|2024|7000|all,21,2018,roro,529,8850.202744913102,13048.565470218658,19830.95624113083,26554.81932258606,66092.9697870254
backup[greedy:2019:7000:all@20]|2024|7000|all,21,2019,all,15502,6746.234833347798,11996.218004882336,20642.602754592896,32548.16635066271,59267.38739481121
backup[greedy:2019:7000:all@20]|2024|7000|all,21,2019,container,2209,3283.235215377808,6676.125318527222,11304.960244178772,26114.038729429245,105128.3735198975
backup[greedy:2019:7000:all@20]|2024|7000|all,21,2019,bulk,6371,10664.961769104004,17790.477843284607,24105.32649230957,35899.54020643234,54886.24706459045
backup[greedy:2019:7000:all@20]|2024|7000|all,21,2019,tanker,3924,6103.849687242508,10377.320393025875,16643.19793522358,25343.409547567368,43433.70324923398
backup[greedy:2019:7000:all@20]|2024|7000|all,21,2019,gas,874,8395.016869544983,14671.623471856119,23575.9535074234,41970.423380732536,83497.5596546352
backup[greedy:2019:7000:all@20]|2024|7000|all,21,2019,general,1607,7079.8360743254425,11529.37818145752,20055.4345073998,33312.85953831673,67626.17495379449
backup[greedy:2019:7000:all@20]|2024|7000|all,21,2019,roro,517,9394.802788420022,13621.930470466614,20022.805775642395,30653.264275074005,91732.33906933371
backup[greedy:2019:7000:all@20]|2024|7000|all,21,2020,all,15740,6857.6469808578495,12369.340058088303,20677.04553461075,32562.246967315674,62795.831671834
backup[greedy:2019:7000:all@20]|2024|7000|all,21,2020,container,2212,3235.349410057068,6718.842544049025,11782.426146805286,26821.307487607002,117699.68991795182
backup[greedy:2019:7000:all@20]|2024|7000|all,21,2020,bulk,6573,11338.286817550657,18171.752257347107,24080.259202957157,35576.88240146637,55793.83735704422
backup[greedy:2019:7000:all@20]|2024|7000|all,21,2020,tanker,3944,6121.385239869357,10403.080409884453,16508.13199046254,24902.594382703304,43418.43980083472
backup[greedy:2019:7000:all@20]|2024|7000|all,21,2020,gas,913,8790.43278579712,16179.482504844666,24788.85708451271,44593.01181983948,91084.50933265686
backup[greedy:2019:7000:all@20]|2024|7000|all,21,2020,general,1592,6540.29499872327,11202.205332063138,20453.40941697359,35295.575164198875,76732.87109603907
backup[greedy:2019:7000:all@20]|2024|7000|all,21,2020,roro,506,9148.334776759148,12541.872965246437,19938.73720407486,31058.215978994966,103688.7943200171
backup[greedy:2019:7000:all@20]|2024|7000|all,21,2021,all,16620,7191.685336518288,12573.86467552185,20894.65340065956,33289.1114808321,63246.59919424059
backup[greedy:2019:7000:all@20]|2024|7000|all,21,2021,container,2505,3779.064706903696,7137.292536973953,12167.21929359436,27578.56984742731,116683.5745128154
backup[greedy:2019:7000:all@20]|2024|7000|all,21,2021,bulk,6773,12439.586147117614,18523.78762626648,24355.51241064072,36581.61771225929,56452.5794631958
backup[greedy:2019:7000:all@20]|2024|7000|all,21,2021,tanker,4085,6076.884122037888,10212.707363128662,16216.589904785156,25172.564772605896,43015.28605556487
backup[greedy:2019:7000:all@20]|2024|7000|all,21,2021,gas,977,10425.239180946352,17316.835572719574,26655.219404816628,47449.45856189728,99235.69981598851
backup[greedy:2019:7000:all@20]|2024|7000|all,21,2021,general,1751,7508.160404078662,11747.246161222458,20099.84948158264,34077.34022164345,71018.34875798225
backup[greedy:2019:7000:all@20]|2024|7000|all,21,2021,roro,529,9713.642794036865,13616.414702892303,20487.252081155777,31764.495880126957,99447.30686569212
backup[greedy:2019:7000:all@20]|2024|7000|all,21,2022,all,17691,6605.4783182144165,11844.246970653534,20004.10513782501,32017.740661740303,61823.81960129738
backup[greedy:2019:7000:all@20]|2024|7000|all,21,2022,container,2890,3776.960424757004,6902.763589203358,12123.506666064262,23594.34451261163,104468.87357842921
backup[greedy:2019:7000:all@20]|2024|7000|all,21,2022,bulk,7090,10690.726923406124,17445.35015106201,23558.915221214294,34868.17177438736,53736.757281327256
backup[greedy:2019:7000:all@20]|2024|7000|all,21,2022,tanker,4229,5771.370432376862,9868.64996433258,15898.924158096312,24540.18381690979,45510.77043809893
backup[greedy:2019:7000:all@20]|2024|7000|all,21,2022,gas,991,10400.802628993988,16447.883240938187,25349.346059799194,50126.73712897301,95291.49582767488
backup[greedy:2019:7000:all@20]|2024|7000|all,21,2022,general,1884,7152.394467228652,11463.880337297916,19558.304364860058,35546.83047874272,71892.4546057448
backup[greedy:2019:7000:all@20]|2024|7000|all,21,2022,roro,607,9310.112303781509,13550.619930028915,19886.251286149025,31847.75876635313,91764.91945249136
backup[greedy:2019:7000:all@20]|2024|7000|all,21,2023,all,17714,6450.527649998666,11585.877555131914,19864.04251407087,31900.18130528927,62148.52921361926
backup[greedy:2019:7000:all@20]|2024|7000|all,21,2023,container,2948,3623.1984337806703,6932.715190768242,12658.536868572235,26910.408036507666,108272.65617412335
backup[greedy:2019:7000:all@20]|2024|7000|all,21,2023,bulk,7061,9919.255400180817,16771.93785047531,23114.077694892883,33658.57990074158,52514.62034702301
backup[greedy:2019:7000:all@20]|2024|7000|all,21,2023,tanker,4262,5914.537410259247,9612.747450113297,15559.297115802765,24724.57602727413,48187.901520347594
backup[greedy:2019:7000:all@20]|2024|7000|all,21,2023,gas,993,10200.30190525055,17011.805483818054,27261.85374355316,51882.39264297485,102103.06170077361
backup[greedy:2019:7000:all@20]|2024|7000|all,21,2023,general,1849,6675.384657549858,11098.313832700253,19515.901057243347,33986.15074586868,71002.18054410668
backup[greedy:2019:7000:all@20]|2024|7000|all,21,2023,roro,601,9875.387640953064,13816.972460985184,19919.266945123672,31507.42974948883,88439.84810090065
backup[greedy:2019:7000:all@20]|2024|7000|all,21,2024,all,16746,6369.437511920929,11929.444706320763,20597.630921840668,33216.353941977024,64965.78618693352
backup[greedy:2019:7000:all@20]|2024|7000|all,21,2024,container,2715,3642.666534376145,7103.923527479172,13796.687401294708,29354.053405344486,108927.25004825591
backup[greedy:2019:7000:all@20]|2024|7000|all,21,2024,bulk,6665,9939.710950183868,17279.71055817604,23447.65296125412,34459.00828552246,53526.077859306366
backup[greedy:2019:7000:all@20]|2024|7000|all,21,2024,tanker,4087,5396.82110490799,9743.724967718124,16255.887360572817,26172.3461060524,50472.42675247194
backup[greedy:2019:7000:all@20]|2024|7000|all,21,2024,gas,951,9610.41168832779,17541.440323114395,28802.07797527313,58874.62855195999,105138.88906860352
backup[greedy:2019:7000:all@20]|2024|7000|all,21,2024,general,1767,6607.489861375094,10858.740337848663,20481.37410926819,35548.990733623505,77436.56576004029
backup[greedy:2019:7000:all@20]|2024|7000|all,21,2024,roro,561,10163.320369362831,14524.077028274536,21085.38967204094,35015.81444454193,99874.0909371376
backup[greedy:2019:7000:all@20]|2024|7000|all,21,2025,all,17006,6550.251760452986,12165.938299521804,20756.547303318977,32735.718538582325,59133.371428370476
backup[greedy:2019:7000:all@20]|2024|7000|all,21,2025,container,2779,3973.5704739570615,7896.016750574112,14305.98762845993,30573.96145915985,97728.64208426485
backup[greedy:2019:7000:all@20]|2024|7000|all,21,2025,bulk,6820,10055.189272159341,17487.4026761055,23474.7702999115,34071.840202212334,49911.713770580296
backup[greedy:2019:7000:all@20]|2024|7000|all,21,2025,tanker,4099,5192.642185592651,9973.509973287582,16241.902619838716,26164.71850824356,45686.569562721284
backup[greedy:2019:7000:all@20]|2024|7000|all,21,2025,gas,951,9508.868139266968,17474.648540496826,28802.07797527313,53495.14295601845,93777.57708740234
backup[greedy:2019:7000:all@20]|2024|7000|all,21,2025,general,1769,7106.452598190308,11039.093888044355,20164.668641090397,33875.945667386055,62150.51491276028
backup[greedy:2019:7000:all@20]|2024|7000|all,21,2025,roro,588,9058.302987205981,14053.177134096622,21833.679263830185,33091.617694340646,76238.99024283918
backup[greedy:2019:7000:all@20]|2024|7000|all,22,2018,all,15321,6410.132912635803,11047.574279785156,18873.86676311493,28304.449198126797,48430.40964698792
backup[greedy:2019:7000:all@20]|2024|7000|all,22,2018,container,2234,3545.369681596756,6669.795012354851,10746.433335900307,22054.75564265251,88589.85213632586
backup[greedy:2019:7000:all@20]|2024|7000|all,22,2018,bulk,6294,9017.062298679351,15958.266940295696,21930.42782640457,30856.97727933526,46173.55685319901
backup[greedy:2019:7000:all@20]|2024|7000|all,22,2018,tanker,3798,5575.561928796768,9732.31852376461,15265.93201971054,23304.934653878212,36689.84575263263
backup[greedy:2019:7000:all@20]|2024|7000|all,22,2018,gas,820,7238.572074048221,13278.825929164886,20248.54551053047,37935.96301031113,63152.26675205232
backup[greedy:2019:7000:all@20]|2024|7000|all,22,2018,general,1646,6619.1736099123955,10541.990610919893,17443.676514416933,28053.601820439097,54791.300496287644
backup[greedy:2019:7000:all@20]|2024|7000|all,22,2018,roro,529,8850.202744913102,13048.565470218658,19830.95624113083,26554.81932258606,66092.9697870254
backup[greedy:2019:7000:all@20]|2024|7000|all,22,2019,all,15502,6727.636638569832,11800.03657197952,20337.659388124943,31959.893151819706,58330.47677106855
backup[greedy:2019:7000:all@20]|2024|7000|all,22,2019,container,2209,3283.235215377808,6676.125318527222,11304.960244178772,26114.038729429245,105128.3735198975
backup[greedy:2019:7000:all@20]|2024|7000|all,22,2019,bulk,6371,9797.69454717636,17175.96228504181,23606.56353855133,34743.16496491432,52516.2667093277
backup[greedy:2019:7000:all@20]|2024|7000|all,22,2019,tanker,3924,6103.849687242508,10367.50423103571,16641.545031547546,25339.313395500187,43433.70324923398
backup[greedy:2019:7000:all@20]|2024|7000|all,22,2019,gas,874,8395.016869544983,14671.623471856119,23575.9535074234,41970.423380732536,83497.5596546352
backup[greedy:2019:7000:all@20]|2024|7000|all,22,2019,general,1607,7079.8360743254425,11529.37818145752,20018.272171020508,33312.85953831673,67626.17495379449
backup[greedy:2019:7000:all@20]|2024|7000|all,22,2019,roro,517,9394.802788420022,13584.644926071169,20022.805775642395,30653.264275074005,91732.33906933371
backup[greedy:2019:7000:all@20]|2024|7000|all,22,2020,all,15740,6836.090651869775,12134.271367192268,20383.867195129395,31878.236737455238,61841.881093384356
backup[greedy:2019:7000:all@20]|2024|7000|all,22,2020,container,2212,3235.349410057068,6718.842544049025,11782.426146805286,26821.307487607002,117699.68991795182
backup[greedy:2019:7000:all@20]|2024|7000|all,22,2020,bulk,6573,10443.415705895424,17466.34977722168,23449.94688630104,34197.41280078888,53292.860191535954
backup[greedy:2019:7000:all@20]|2024|7000|all,22,2020,tanker,3944,6121.385239869357,10400.968204677105,16505.839262723923,24895.583807229996,43418.43980083472
backup[greedy:2019:7000:all@20]|2024|7000|all,22,2020,gas,913,8790.43278579712,16179.482504844666,24788.85708451271,44593.01181983948,91084.50933265686
backup[greedy:2019:7000:all@20]|2024|7000|all,22,2020,general,1592,6518.726762866974,11202.205332063138,20364.81645679474,35267.26952600479,76732.87109603907
backup[greedy:2019:7000:all@20]|2024|7000|all,22,2020,roro,506,9148.334776759148,12541.872965246437,19938.73720407486,31058.215978994966,103688.7943200171
backup[greedy:2019:7000:all@20]|2024|7000|all,22,2021,all,16620,7137.29253718853,12378.575177192688,20504.651963233948,32424.864873647686,61820.19725506306
backup[greedy:2019:7000:all@20]|2024|7000|all,22,2021,container,2505,3763.2991896033286,7137.292536973953,12167.21929359436,27578.56984742731,116683.5745128154
backup[greedy:2019:7000:all@20]|2024|7000|all,22,2021,bulk,6773,11379.565063858032,17852.407407283783,23637.527500152588,35078.5634803772,53662.62523975374
backup[greedy:2019:7000:all@20]|2024|7000|all,22,2021,tanker,4085,6076.884122037888,10212.707363128662,16209.672485351562,25172.564772605896,43015.28605556487
backup[greedy:2019:7000:all@20]|2024|7000|all,22,2021,gas,977,10425.239180946352,17316.835572719574,26655.219404816628,47449.45856189728,99235.69981598851
backup[greedy:2019:7000:all@20]|2024|7000|all,22,2021,general,1751,7495.96121931076,11649.363649368286,20059.616977214813,34077.34022164345,71018.34875798225
backup[greedy:2019:7000:all@20]|2024|7000|all,22,2021,roro,529,9713.642794036865,13616.414702892303,20487.252081155777,31764.495880126957,99447.30686569212
backup[greedy:2019:7000:all@20]|2024|7000|all,22,2022,all,17691,6581.829116165638,11661.311706542969,19611.769664764404,31336.625207304955,60741.27167463303
backup[greedy:2019:7000:all@20]|2024|7000|all,22,2022,container,2890,3776.960424757004,6902.763589203358,12123.506666064262,23594.34451261163,104468.87357842921
backup[greedy:2019:7000:all@20]|2024|7000|all,22,2022,bulk,7090,9921.46392941475,16769.638590931892,23012.250908851624,33437.17831003666,51633.70679186583
backup[greedy:2019:7000:all@20]|2024|7000|all,22,2022,tanker,4229,5771.370432376862,9865.101633548737,15886.395884513857,24534.48409461975,45510.77043809893
backup[greedy:2019:7000:all@20]|2024|7000|all,22,2022,gas,991,10400.802628993988,16447.883240938187,25349.346059799194,50126.73712897301,95291.49582767488
backup[greedy:2019:7000:all@20]|2024|7000|all,22,2022,general,1884,7152.394467228652,11432.700005977415,19504.48993909359,35480.389381334186,71489.7733151488
backup[greedy:2019:7000:all@20]|2024|7000|all,22,2022,roro,607,9310.112303781509,13550.619930028915,19886.251286149025,31847.75876635313,91764.91945249136
backup[greedy:2019:7000:all@20]|2024|7000|all,22,2023,all,17714,6442.453947067261,11422.681989431381,19571.93538403511,31340.310444831848,61514.82487475874
backup[greedy:2019:7000:all@20]|2024|7000|all,22,2023,container,2948,3623.1984337806703,6932.715190768242,12658.536868572235,26910.408036507666,108272.65617412335
backup[greedy:2019:7000:all@20]|2024|7000|all,22,2023,bulk,7061,9215.63037788868,16045.954271316528,22616.567476272583,32456.50995326042,50538.84699058533
backup[greedy:2019:7000:all@20]|2024|7000|all,22,2023,tanker,4262,5914.537410259247,9604.4827914238,15553.36246919632,24702.530334472656,48187.901520347594
backup[greedy:2019:7000:all@20]|2024|7000|all,22,2023,gas,993,10200.30190525055,17011.805483818054,27261.85374355316,51882.39264297485,102103.06170077361
backup[greedy:2019:7000:all@20]|2024|7000|all,22,2023,general,1849,6657.611021256447,11075.382380247116,19515.901057243347,33983.17115688324,70567.63335952761
backup[greedy:2019:7000:all@20]|2024|7000|all,22,2023,roro,601,9875.387640953064,13816.972460985184,19919.266945123672,31507.42974948883,88439.84810090065
backup[greedy:2019:7000:all@20]|2024|7000|all,22,2024,all,16746,6337.975499391556,11747.700329497458,20324.285044193268,32615.948687314987,64191.04921192303
backup[greedy:2019:7000:all@20]|2024|7000|all,22,2024,container,2715,3642.666534376145,7103.923527479172,13796.687401294708,29354.053405344486,108927.25004825591
backup[greedy:2019:7000:all@20]|2024|7000|all,22,2024,bulk,6665,9192.669646596909,16521.51444196701,23032.02085876465,33139.45603466034,51743.612586975134
backup[greedy:2019:7000:all@20]|2024|7000|all,22,2024,tanker,4087,5396.82110490799,9737.347992181778,16254.720109939575,26167.506899356842,50472.42675247194
backup[greedy:2019:7000:all@20]|2024|7000|all,22,2024,gas,951,9610.41168832779,17541.440323114395,28802.07797527313,58874.62855195999,105138.88906860352
backup[greedy:2019:7000:all@20]|2024|7000|all,22,2024,general,1767,6607.489861375094,10858.740337848663,20479.867020368576,35384.623392522335,76656.1626634002
backup[greedy:2019:7000:all@20]|2024|7000|all,22,2024,roro,561,10163.320369362831,14524.077028274536,21085.38967204094,35015.81444454193,99874.0909371376
backup[greedy:2019:7000:all@20]|2024|7000|all,22,2025,all,17006,6494.7078530192375,11936.901509642601,20435.2018584013,32189.27689760923,58414.8265209198
backup[greedy:2019:7000:all@20]|2024|7000|all,22,2025,container,2779,3973.5704739570615,7896.016750574112,14305.98762845993,30573.96145915985,97728.64208426485
backup[greedy:2019:7000:all@20]|2024|7000|all,22,2025,bulk,6820,9194.130718758704,16706.08367434144,23026.291138887405,33097.90617609024,48605.395237445846
backup[greedy:2019:7000:all@20]|2024|7000|all,22,2025,tanker,4099,5192.642185592651,9973.509973287582,16240.29471063614,26164.71850824356,45686.569562721284
backup[greedy:2019:7000:all@20]|2024|7000|all,22,2025,gas,951,9508.868139266968,17474.648540496826,28802.07797527313,53495.14295601845,93777.57708740234
backup[greedy:2019:7000:all@20]|2024|7000|all,22,2025,general,1769,7106.452598190308,11039.093888044355,20138.205953598022,33586.80362033844,62150.51491276028
backup[greedy:2019:7000:all@20]|2024|7000|all,22,2025,roro,588,9058.302987205981,14053.177134096622,21833.679263830185,33091.617694340646,76238.99024283918
backup[greedy:2019:7000:all@20]|2024|7000|all,23,2018,all,15321,6232.1461815834045,10897.43672990799,18733.310430526733,28174.93280506134,48103.8929131031
backup[greedy:2019:7000:all@20]|2024|7000|all,23,2018,container,2234,3405.576037701964,6236.749258458614,9980.14883708954,21283.23528765142,82875.34755621552
backup[greedy:2019:7000:all@20]|2024|7000|all,23,2018,bulk,6294,8989.194079363348,15953.764087587595,21920.16906428337,30856.97727933526,46164.223329830165
backup[greedy:2019:7000:all@20]|2024|7000|all,23,2018,tanker,3798,5557.410441446305,9689.709558904171,15208.37499988079,23304.934653878212,36689.84575263263
backup[greedy:2019:7000:all@20]|2024|7000|all,23,2018,gas,820,7238.572074048221,13278.825929164886,20248.54551053047,37935.96301031113,63152.26675205232
backup[greedy:2019:7000:all@20]|2024|7000|all,23,2018,general,1646,6440.795981884003,10373.59514403343,17340.129096351564,28034.13045144081,54791.300496287644
backup[greedy:2019:7000:all@20]|2024|7000|all,23,2018,roro,529,8675.696230888367,12928.488215446472,19438.360310554504,25748.392573833466,66092.9697870254
backup[greedy:2019:7000:all@20]|2024|7000|all,23,2019,all,15502,6481.25170917511,11637.03487533331,20234.675438642502,31745.77254629135,57807.44888819456
backup[greedy:2019:7000:all@20]|2024|7000|all,23,2019,container,2209,3115.710451221466,6089.4114191532135,10694.6468834877,22997.42024087906,102209.12315814497
backup[greedy:2019:7000:all@20]|2024|7000|all,23,2019,bulk,6371,9797.69454717636,17175.96228504181,23594.430788993835,34717.56734800339,52516.2667093277
backup[greedy:2019:7000:all@20]|2024|7000|all,23,2019,tanker,3924,6072.902050733566,10335.806579828262,16640.437295615673,25334.617111220956,43394.186188215026
backup[greedy:2019:7000:all@20]|2024|7000|all,23,2019,gas,874,8382.703108215332,14671.623471856119,23518.531563043594,41970.423380732536,83497.5596546352
backup[greedy:2019:7000:all@20]|2024|7000|all,23,2019,general,1607,7009.9885097026845,11506.856188774109,19993.84046602249,33312.85953831673,67626.17495379449
backup[greedy:2019:7000:all@20]|2024|7000|all,23,2019,roro,517,9394.802788420022,13437.98832821846,19448.942930340767,29632.110857009888,91732.33906933371
backup[greedy:2019:7000:all@20]|2024|7000|all,23,2020,all,15740,6629.1326638937,12004.180746734142,20292.582128822803,31680.15057873726,60830.95999898911
backup[greedy:2019:7000:all@20]|2024|7000|all,23,2020,container,2212,3115.1750211238864,6133.5377125144005,11175.263448476791,23305.512596964832,111884.27420244218
backup[greedy:2019:7000:all@20]|2024|7000|all,23,2020,bulk,6573,10420.523657417296,17465.1996717453,23435.704179763798,34130.849469184875,53292.860191535954
backup[greedy:2019:7000:all@20]|2024|7000|all,23,2020,tanker,3944,6075.852410984039,10381.113955020905,16493.37875536084,24895.583807229996,43232.90166814468
backup[greedy:2019:7000:all@20]|2024|7000|all,23,2020,gas,913,8770.79393749237,16179.482504844666,24763.5215511322,44520.23492240906,91084.50933265686
backup[greedy:2019:7000:all@20]|2024|7000|all,23,2020,general,1592,6518.726762866974,11189.844241201878,20345.905128479004,35011.1985527277,73964.40042052272
backup[greedy:2019:7000:all@20]|2024|7000|all,23,2020,roro,506,8917.270097136497,12500.798463433981,19275.858820021152,30902.27696478367,103688.7943200171
backup[greedy:2019:7000:all@20]|2024|7000|all,23,2021,all,16620,6916.094585514069,12162.265468135476,20362.753828763965,32161.885437130928,60593.88931531907
backup[greedy:2019:7000:all@20]|2024|7000|all,23,2021,container,2505,3557.799606251717,6591.813964366913,11602.391817092896,23225.050446748734,109754.51239166257
backup[greedy:2019:7000:all@20]|2024|7000|all,23,2021,bulk,6773,11372.68443403244,17852.316813468933,23633.231490135197,35067.558327674866,53599.55708541871
backup[greedy:2019:7000:all@20]|2024|7000|all,23,2021,tanker,4085,5988.809693002701,10181.406651496887,16196.084080696106,25164.8882580325,42900.71047587393
backup[greedy:2019:7000:all@20]|2024|7000|all,23,2021,gas,977,10367.832287788391,17296.328267097473,26650.55553340912,47449.45856189728,97394.39432173221
backup[greedy:2019:7000:all@20]|2024|7000|all,23,2021,general,1751,7455.845918178558,11564.569804549217,20055.84524668753,34000.92091226578,70602.02393341064
backup[greedy:2019:7000:all@20]|2024|7000|all,23,2021,roro,529,9258.034192180636,13534.34086751938,19841.64919948578,31710.54906308651,99447.30686569212
backup[greedy:2019:7000:all@20]|2024|7000|all,23,2022,all,17691,6360.765001296997,11501.865142822266,19491.450428962708,30924.296225309372,59329.7738404274
backup[greedy:2019:7000:all@20]|2024|7000|all,23,2022,container,2890,3617.5729236602792,6384.360916376114,11609.232944488525,21800.80037355423,92430.2419884063
backup[greedy:2019:7000:all@20]|2024|7000|all,23,2022,bulk,7090,9857.584487617018,16756.635758459568,23008.860224723816,33432.87168598175,51617.12787674666
backup[greedy:2019:7000:all@20]|2024|7000|all,23,2022,tanker,4229,5721.647558403015,9759.938048362732,15831.40177822113,24523.34967803955,45388.40245037082
backup[greedy:2019:7000:all@20]|2024|7000|all,23,2022,gas,991,10184.579877376556,16386.378682613373,25342.790182113647,50126.73712897301,94377.04328346252
backup[greedy:2019:7000:all@20]|2024|7000|all,23,2022,general,1884,7085.5036957740795,11319.246428012848,19388.67401599884,34858.5671043396,71227.47724526898
backup[greedy:2019:7000:all@20]|2024|7000|all,23,2022,roro,607,8908.081985282897,12999.691920012236,19420.12739801407,30784.294393271208,91764.91945249136
backup[greedy:2019:7000:all@20]|2024|7000|all,23,2023,all,17714,6254.95329284668,11206.65857256949,19368.68865263462,30901.97333216667,59913.463489317895
backup[greedy:2019:7000:all@20]|2024|7000|all,23,2023,container,2948,3507.262178018689,6320.268460512161,11901.964656829834,23001.026567339897,98399.86918407687
backup[greedy:2019:7000:all@20]|2024|7000|all,23,2023,bulk,7061,9186.801235496998,16032.430074095726,22605.91160392761,32411.490381240845,50498.28214645386
backup[greedy:2019:7000:all@20]|2024|7000|all,23,2023,tanker,4262,5828.846828889847,9578.22891795635,15542.333585500717,24663.63778537512,48131.79689784051
backup[greedy:2019:7000:all@20]|2024|7000|all,23,2023,gas,993,10200.30190525055,17011.805483818054,27261.85374355316,51869.624541282654,102103.06170077361
backup[greedy:2019:7000:all@20]|2024|7000|all,23,2023,general,1849,6643.846578156948,10968.774110794067,19447.937435626984,33394.934262782335,70185.43390483857
backup[greedy:2019:7000:all@20]|2024|7000|all,23,2023,roro,601,9400.377680063248,13259.84014415741,19102.16916370392,30282.774146080017,87529.69334602356
backup[greedy:2019:7000:all@20]|2024|7000|all,23,2024,all,16746,6174.983834028244,11534.676190286873,20153.60615503788,32097.858737900853,62627.693576574326
backup[greedy:2019:7000:all@20]|2024|7000|all,23,2024,container,2715,3512.3118407726292,6492.05690574646,12860.716497898102,24295.999779820442,101367.38143291473
backup[greedy:2019:7000:all@20]|2024|7000|all,23,2024,bulk,6665,9144.273004722596,16519.76499557495,23021.650716781616,33112.06714820862,51743.612586975134
backup[greedy:2019:7000:all@20]|2024|7000|all,23,2024,tanker,4087,5373.06782746315,9732.401343107224,16201.94829273224,26144.297588825226,50412.31677370072
backup[greedy:2019:7000:all@20]|2024|7000|all,23,2024,gas,951,9558.737491607666,17539.181680440903,28316.509559631348,58564.5639257431,105138.88906860352
backup[greedy:2019:7000:all@20]|2024|7000|all,23,2024,general,1767,6556.489475524426,10731.723554372787,20188.57479953766,34947.887899398804,74789.66128742696
backup[greedy:2019:7000:all@20]|2024|7000|all,23,2024,roro,561,9200.566698491572,13836.694337844849,20645.51173233986,32952.09926319122,93897.6420917511
backup[greedy:2019:7000:all@20]|2024|7000|all,23,2025,all,17006,6363.986384153366,11737.250786542892,20220.05690562725,31662.086203634735,57028.65329062939
backup[greedy:2019:7000:all@20]|2024|7000|all,23,2025,container,2779,3745.038846731186,7024.676690429449,13453.755006313324,25069.586337685585,90687.9860561967
backup[greedy:2019:7000:all@20]|2024|7000|all,23,2025,bulk,6820,9165.41461830139,16663.768557310104,23007.46210384369,33037.71628975868,48588.1791627884
backup[greedy:2019:7000:all@20]|2024|7000|all,23,2025,tanker,4099,5187.163035035133,9945.654228806496,16201.39192199707,26156.544303894043,45686.569562721284
backup[greedy:2019:7000:all@20]|2024|7000|all,23,2025,gas,951,9487.36116307974,17436.705681324005,28802.07797527313,53495.14295601845,93224.07716178894
backup[greedy:2019:7000:all@20]|2024|7000|all,23,2025,general,1769,7073.909399414062,10850.67735671997,19988.40899848938,33306.193068273365,62010.989873589584
backup[greedy:2019:7000:all@20]|2024|7000|all,23,2025,roro,588,8735.401682704687,13204.104691028595,21060.9636515379,31159.22000259161,73275.25293643476
backup[greedy:2019:7000:all@20]|2024|7000|all,24,2018,all,15321,6069.524037837982,10656.164432525637,18418.241786956787,27767.54574775696,47021.64378672838
backup[greedy:2019:7000:all@20]|2024|7000|all,24,2018,container,2234,3335.7385746002196,6066.958562731743,9714.122180461884,20756.051404714588,79817.99377261625
backup[greedy:2019:7000:all@20]|2024|7000|all,24,2018,bulk,6294,8788.038403987885,15501.222511768341,21621.671995401382,30358.51182794571,45424.479586887355
backup[greedy:2019:7000:all@20]|2024|7000|all,24,2018,tanker,3798,5476.890863335133,9547.047676622868,15076.877398490906,23045.113419413567,36321.87216587068
backup[greedy:2019:7000:all@20]|2024|7000|all,24,2018,gas,820,7169.916501045227,13004.906842589378,20100.159232854843,37439.90965689719,61792.309940874606
backup[greedy:2019:7000:all@20]|2024|7000|all,24,2018,general,1646,6438.415894985199,10327.439143538475,17301.918326854706,27970.914724826813,54791.300496287644
backup[greedy:2019:7000:all@20]|2024|7000|all,24,2018,roro,529,8465.557893943787,12884.096473932266,19062.63066482544,25537.744667053223,66092.9697870254
backup[greedy:2019:7000:all@20]|2024|7000|all,24,2019,all,15502,6274.281534767151,11382.755957901478,19924.796667099,31180.90653371811,56243.895268261804
backup[greedy:2019:7000:all@20]|2024|7000|all,24,2019,container,2209,3113.7953815460205,5894.899660110474,10250.183921337128,21990.405051231384,96550.76359081271
backup[greedy:2019:7000:all@20]|2024|7000|all,24,2019,bulk,6371,9385.767988681791,16837.304010868073,23181.126455307007,33995.258325099945,51001.37000083923
backup[greedy:2019:7000:all@20]|2024|7000|all,24,2019,tanker,3924,5930.430983066559,10039.292987585068,16482.756776809692,24917.773681879044,43012.21422252657
backup[greedy:2019:7000:all@20]|2024|7000|all,24,2019,gas,874,8322.565971565247,14214.882431089878,22710.05680656433,41508.378776818514,82095.49132469902
backup[greedy:2019:7000:all@20]|2024|7000|all,24,2019,general,1607,6920.186337393523,11399.992466419935,19899.093752145767,33312.85953831673,67626.17495379449
backup[greedy:2019:7000:all@20]|2024|7000|all,24,2019,roro,517,9394.802788420022,13331.22818183899,19299.451307296757,29382.47242450714,91732.33906933371
backup[greedy:2019:7000:all@20]|2024|7000|all,24,2020,all,15740,6436.029091310502,11597.38107532263,19971.704668045044,30879.95143699646,58960.51060536505
backup[greedy:2019:7000:all@20]|2024|7000|all,24,2020,container,2212,3041.723853287101,5867.714204549789,10781.8599973917,22070.14584067464,107939.74100177291
backup[greedy:2019:7000:all@20]|2024|7000|all,24,2020,bulk,6573,9946.74584980011,17149.30042743683,23055.69526386261,33075.2724609375,51512.66671018601
backup[greedy:2019:7000:all@20]|2024|7000|all,24,2020,tanker,3944,5829.029499089718,10017.96618783474,16282.190363645554,24479.992774009705,42535.35031595232
backup[greedy:2019:7000:all@20]|2024|7000|all,24,2020,gas,913,8686.559096336365,15665.42690563202,23984.195375919346,43421.653036117554,90794.6730783463
backup[greedy:2019:7000:all@20]|2024|7000|all,24,2020,general,1592,6518.726762866974,11062.055926322937,20180.487937927246,34792.813074588776,73964.40042052272
backup[greedy:2019:7000:all@20]|2024|7000|all,24,2020,roro,506,8917.270097136497,12490.281065702438,18983.89210188389,30498.01862615347,103688.7943200171
backup[greedy:2019:7000:all@20]|2024|7000|all,24,2021,all,16620,6754.836762046814,11812.846436738968,20016.913940429688,31444.00952410698,58696.085701227195
backup[greedy:2019:7000:all@20]|2024|7000|all,24,2021,container,2505,3496.197179412842,6495.417914867401,11150.994896888731,22072.141109466556,104482.03339796064
backup[greedy:2019:7000:all@20]|2024|7000|all,24,2021,bulk,6773,10895.88717122078,17561.763334274292,23323.08656692505,34192.998254299164,52265.20307092668
backup[greedy:2019:7000:all@20]|2024|7000|all,24,2021,tanker,4085,5781.0747888565065,9846.26744747162,15953.044524669647,24693.335872650143,42408.71239233017
backup[greedy:2019:7000:all@20]|2024|7000|all,24,2021,gas,977,10224.078896331786,17180.273976624012,26272.56185626984,45611.78207206726,95622.95587654113
backup[greedy:2019:7000:all@20]|2024|7000|all,24,2021,general,1751,7441.975233078003,11406.262988328934,19963.21514832973,33746.21286916733,70456.43786716461
backup[greedy:2019:7000:all@20]|2024|7000|all,24,2021,roro,529,9258.034192180636,13509.513703346252,19544.615129947662,31690.045912861824,99447.30686569212
backup[greedy:2019:7000:all@20]|2024|7000|all,24,2022,all,17691,6082.133449554443,11185.13870382309,19213.64126110077,30169.74735414982,57522.78244447708
backup[greedy:2019:7000:all@20]|2024|7000|all,24,2022,container,2890,3532.002028155327,6117.322070360184,11185.725193023682,21245.931375205517,87840.88369663949
backup[greedy:2019:7000:all@20]|2024|7000|all,24,2022,bulk,7090,9482.354237502814,16496.79684793949,22667.22296309471,32700.18586277962,49765.89411554338
backup[greedy:2019:7000:all@20]|2024|7000|all,24,2022,tanker,4229,5499.291459012032,9567.719244003296,15552.81911611557,24206.798820495605,43842.09945259096
backup[greedy:2019:7000:all@20]|2024|7000|all,24,2022,gas,991,9669.032936096191,16168.276574134827,24910.253942012787,49282.99468231201,92429.56711149216
backup[greedy:2019:7000:all@20]|2024|7000|all,24,2022,general,1884,6808.415517741441,11118.237285137177,19154.966315746307,33993.050751805305,70456.47860107422
backup[greedy:2019:7000:all@20]|2024|7000|all,24,2022,roro,607,8678.318308305741,12804.449304699898,19050.719613790512,30333.72059738636,91764.91945249136
backup[greedy:2019:7000:all@20]|2024|7000|all,24,2023,all,17714,5965.986858463289,10886.568339049816,18990.14401769638,30217.340382575992,58494.62480642799
backup[greedy:2019:7000:all@20]|2024|7000|all,24,2023,container,2948,3421.8274303197863,6162.531632244587,11520.000415027142,22055.963073775172,95690.10394706733
backup[greedy:2019:7000:all@20]|2024|7000|all,24,2023,bulk,7061,8824.629569470882,15568.58077120781,22221.175728797916,31705.94266986847,49676.02997589111
backup[greedy:2019:7000:all@20]|2024|7000|all,24,2023,tanker,4262,5458.090935945511,9300.64009398222,15293.751712560654,24225.776023626324,46054.75002193452
backup[greedy:2019:7000:all@20]|2024|7000|all,24,2023,gas,993,9844.804617166517,16628.45167541504,26932.63577079773,50751.02889919281,97131.80444278718
backup[greedy:2019:7000:all@20]|2024|7000|all,24,2023,general,1849,6437.553912958503,10878.723162651062,19338.001479148865,33184.07853794098,69731.92739377024
backup[greedy:2019:7000:all@20]|2024|7000|all,24,2023,roro,601,9348.918974280356,13089.298260688782,18843.92069888115,29440.38278079033,87529.69334602356
backup[greedy:2019:7000:all@20]|2024|7000|all,24,2024,all,16746,5897.271220207214,11215.85405510664,19789.642609357834,31409.480650365356,60787.7676179409
backup[greedy:2019:7000:all@20]|2024|7000|all,24,2024,container,2715,3408.688344669342,6263.82726547122,12291.525285720823,23231.355396032333,99101.39744949341
backup[greedy:2019:7000:all@20]|2024|7000|all,24,2024,bulk,6665,8902.066668033602,16225.307368278503,22729.685704231262,32378.567912101746,50869.81792373658
backup[greedy:2019:7000:all@20]|2024|7000|all,24,2024,tanker,4087,5151.828868961335,9427.09969496727,15839.47490644455,25297.195592284203,48604.82977392674
backup[greedy:2019:7000:all@20]|2024|7000|all,24,2024,gas,951,9283.307873666286,17355.40803003311,28147.360391139984,57300.81640100479,103652.22725105286
backup[greedy:2019:7000:all@20]|2024|7000|all,24,2024,general,1767,6397.608492565158,10531.255343914032,20020.03649663925,33885.68621325493,74165.91936078078
backup[greedy:2019:7000:all@20]|2024|7000|all,24,2024,roro,561,9064.461909770966,13784.756321310995,20548.018958568573,32091.464765548702,91652.89601802826
backup[greedy:2019:7000:all@20]|2024|7000|all,24,2025,all,17006,6136.601147592068,11362.010497152805,19915.201374053955,30865.01210361719,55649.44476604462
backup[greedy:2019:7000:all@20]|2024|7000|all,24,2025,container,2779,3596.922074699402,6793.586336612701,13083.247718811035,23620.40517425537,87845.4820415497
backup[greedy:2019:7000:all@20]|2024|7000|all,24,2025,bulk,6820,8983.151167184116,16440.812033951283,22693.901606082916,32354.637336552143,47427.61044168473
backup[greedy:2019:7000:all@20]|2024|7000|all,24,2025,tanker,4099,5009.435582065582,9577.481762886047,15883.579107284546,25456.202213287354,44288.0062008858
backup[greedy:2019:7000:all@20]|2024|7000|all,24,2025,gas,951,9323.214678287506,17241.094975948334,28158.121767044067,52869.24034380913,92844.70267772676
backup[greedy:2019:7000:all@20]|2024|7000|all,24,2025,general,1769,6924.06561435461,10681.52767276764,19852.180589199063,32998.156388282776,62010.989873589584
backup[greedy:2019:7000:all@20]|2024|7000|all,24,2025,roro,588,8656.977053427696,12974.40201306343,20801.513147830963,30908.486362710595,73275.25293643476
backup[greedy:2019:7000:all@20]|2024|7000|all,25,2018,all,15321,5930.81817483902,10359.21696138382,17969.116416931152,26901.78468704224,45112.46705150604
backup[greedy:2019:7000:all@20]|2024|7000|all,25,2018,container,2234,3272.2659427881244,5880.546117067337,9514.227635860443,20183.380192369226,73306.43261982202
backup[greedy:2019:7000:all@20]|2024|7000|all,25,2018,bulk,6294,8702.578611707688,15195.245212674141,21285.0278891325,29686.702276229855,44022.941694116584
backup[greedy:2019:7000:all@20]|2024|7000|all,25,2018,tanker,3798,5344.929511284829,9351.644804894924,14709.219899058342,22504.33212506771,35030.483174514775
backup[greedy:2019:7000:all@20]|2024|7000|all,25,2018,gas,820,7169.916501045227,12762.33994483948,19511.45946741104,36620.54024037719,61080.008628748365
backup[greedy:2019:7000:all@20]|2024|7000|all,25,2018,general,1646,6304.213639378548,9958.879570364952,16244.210842370987,25956.69446823001,50375.61276887357
backup[greedy:2019:7000:all@20]|2024|7000|all,25,2018,roro,529,8465.557893943787,12836.80526709184,18977.0116699636,25537.744667053223,66092.9697870254
backup[greedy:2019:7000:all@20]|2024|7000|all,25,2019,all,15502,6109.771349430084,11060.863061785698,19497.067967176437,29795.520507335663,53796.078306531905
backup[greedy:2019:7000:all@20]|2024|7000|all,25,2019,container,2209,3092.5511130094524,5746.409472942352,9757.814895153046,20920.512711524963,91796.56739511491
backup[greedy:2019:7000:all@20]|2024|7000|all,25,2019,bulk,6371,9371.776384353638,16568.663679361343,22766.501222610477,33007.86352610588,49764.50559234619
backup[greedy:2019:7000:all@20]|2024|7000|all,25,2019,tanker,3924,5837.659075903893,9704.70560657978,16120.07831788063,24164.289124488834,40817.8005212069
backup[greedy:2019:7000:all@20]|2024|7000|all,25,2019,gas,874,7914.190606355667,13701.85034441948,22116.966408610344,39555.53754448891,78268.33209300047
backup[greedy:2019:7000:all@20]|2024|7000|all,25,2019,general,1607,6754.348081207276,11060.616551263258,18933.854942321777,31302.823739767075,63885.31997308732
backup[greedy:2019:7000:all@20]|2024|7000|all,25,2019,roro,517,9394.802788420022,13331.22818183899,19299.451307296757,29382.47242450714,91732.33906933371
backup[greedy:2019:7000:all@20]|2024|7000|all,25,2020,all,15740,6346.140507459641,11364.749489426613,19569.14252257347,29640.607909083366,55986.935752272635
backup[greedy:2019:7000:all@20]|2024|7000|all,25,2020,container,2212,3012.5748905420305,5797.531832516193,10116.78249490261,21542.909645974636,104327.16158359351
backup[greedy:2019:7000:all@20]|2024|7000|all,25,2020,bulk,6573,9897.858668994904,16760.525267124176,22772.75454044342,32051.259192466736,50077.04570407869
backup[greedy:2019:7000:all@20]|2024|7000|all,25,2020,tanker,3944,5696.991982367635,9672.094963729382,15847.321603775024,23667.122727394104,40758.43587481977
backup[greedy:2019:7000:all@20]|2024|7000|all,25,2020,gas,913,8600.181333732606,15377.70404624939,23553.664211273197,41869.12989616394,90109.98368844987
backup[greedy:2019:7000:all@20]|2024|7000|all,25,2020,general,1592,6496.148204535246,10808.497518539429,19269.64560508728,32154.853655046783,69973.18624782567
backup[greedy:2019:7000:all@20]|2024|7000|all,25,2020,roro,506,8917.270097136497,12490.281065702438,18983.89210188389,30498.01862615347,103688.7943200171
backup[greedy:2019:7000:all@20]|2024|7000|all,25,2021,all,16620,6595.015061034355,11591.467112541199,19567.69949054718,30243.948284864426,55952.640116879345
backup[greedy:2019:7000:all@20]|2024|7000|all,25,2021,container,2505,3418.0519428253174,6452.076901674271,10783.528427124023,20694.02761030197,99672.53049482172
backup[greedy:2019:7000:all@20]|2024|7000|all,25,2021,bulk,6773,10742.777353858948,17240.53607749939,22947.025862693787,33061.568472862244,50163.36475353241
backup[greedy:2019:7000:all@20]|2024|7000|all,25,2021,tanker,4085,5641.794775104523,9600.790886878967,15537.948098182678,24055.752318382263,40710.04713783264
backup[greedy:2019:7000:all@20]|2024|7000|all,25,2021,gas,977,10032.693576240541,16556.76025390625,25322.90661907196,43741.3668384552,90633.2458766937
backup[greedy:2019:7000:all@20]|2024|7000|all,25,2021,general,1751,7328.612535119057,11215.212421655655,19182.7347330451,31716.36453294754,65680.49200159311
backup[greedy:2019:7000:all@20]|2024|7000|all,25,2021,roro,529,9258.034192180636,13509.513703346252,19544.615129947662,31690.045912861824,99447.30686569212
backup[greedy:2019:7000:all@20]|2024|7000|all,25,2022,all,17691,5977.774770021439,10925.489414419979,18712.42684364319,29058.85412621498,54636.33721351624
backup[greedy:2019:7000:all@20]|2024|7000|all,25,2022,container,2890,3495.0006869792956,6032.2886932492265,10744.843977451324,20381.658081889153,82667.73422394988
backup[greedy:2019:7000:all@20]|2024|7000|all,25,2022,bulk,7090,9381.154387038947,16149.152185082436,22289.896741986275,31759.161702036858,47888.34762535099
backup[greedy:2019:7000:all@20]|2024|7000|all,25,2022,tanker,4229,5305.9249448776245,9300.017936706545,15078.125658869743,23383.591108322144,42174.804623603835
backup[greedy:2019:7000:all@20]|2024|7000|all,25,2022,gas,991,9172.407172203064,15739.91487121582,23931.98012542725,45453.33989048004,88130.08689832687
backup[greedy:2019:7000:all@20]|2024|7000|all,25,2022,general,1884,6644.506444150209,10936.132597982882,18284.741055601276,31926.30896025896,67039.86631278992
backup[greedy:2019:7000:all@20]|2024|7000|all,25,2022,roro,607,8678.318308305741,12804.449304699898,19050.719613790512,30333.72059738636,91764.91945249136
backup[greedy:2019:7000:all@20]|2024|7000|all,25,2023,all,17714,5862.6177298545845,10604.682061105968,18586.174392223358,29202.251356363297,55944.8559032947
backup[greedy:2019:7000:all@20]|2024|7000|all,25,2023,container,2948,3397.2745296746493,5951.216965913773,11268.92079424858,21510.57934808731,91448.19212074281
backup[greedy:2019:7000:all@20]|2024|7000|all,25,2023,bulk,7061,8795.561970233917,15297.350232601166,21891.4445142746,31087.174778938293,48200.10526561737
backup[greedy:2019:7000:all@20]|2024|7000|all,25,2023,tanker,4262,5352.351930475235,9132.168693423271,14853.981865882874,23686.376735687256,44122.264752101924
backup[greedy:2019:7000:all@20]|2024|7000|all,25,2023,gas,993,9130.384057044983,16322.375159740448,26286.95554447174,48665.13289260864,92588.21754398367
backup[greedy:2019:7000:all@20]|2024|7000|all,25,2023,general,1849,6334.556909531355,10750.165258407593,18396.743542671204,31017.13183116913,64416.32576725484
backup[greedy:2019:7000:all@20]|2024|7000|all,25,2023,roro,601,9348.918974280356,13089.298260688782,18818.65263271332,29382.97826242447,87529.69334602356
backup[greedy:2019:7000:all@20]|2024|7000|all,25,2024,all,16746,5819.550104737282,10977.452693313362,19443.10198694468,30420.868864297867,58450.28637599945
backup[greedy:2019:7000:all@20]|2024|7000|all,25,2024,container,2715,3405.4412071228026,6118.16753411293,11869.165700674055,22647.547395586967,96611.05694609879
backup[greedy:2019:7000:all@20]|2024|7000|all,25,2024,bulk,6665,8797.024434614183,15938.512147188188,22476.350698947903,31787.64313840866,49844.42118988037
backup[greedy:2019:7000:all@20]|2024|7000|all,25,2024,tanker,4087,5078.594568920135,9193.79206418991,15317.47566986084,24524.815803527832,46771.720560455346
backup[greedy:2019:7000:all@20]|2024|7000|all,25,2024,gas,951,8933.605608940125,16998.73852598667,27565.533112168312,54917.06111228466,99272.89957046507
backup[greedy:2019:7000:all@20]|2024|7000|all,25,2024,general,1767,6294.918414688111,10288.61918926239,19123.277683734894,31767.142877578735,69697.74092092515
backup[greedy:2019:7000:all@20]|2024|7000|all,25,2024,roro,561,9056.314489364624,13609.605435609818,20524.108283638958,31839.71115088463,90917.40655869246
backup[greedy:2019:7000:all@20]|2024|7000|all,25,2025,all,17006,6015.183829680085,11070.441102266312,19487.032643795013,29767.66753101349,53132.69146776199
backup[greedy:2019:7000:all@20]|2024|7000|all,25,2025,container,2779,3540.3175354480745,6595.015061020851,12389.53343129158,22737.505435705185,85534.96573370697
backup[greedy:2019:7000:all@20]|2024|7000|all,25,2025,bulk,6820,8828.83496556282,16104.53735756874,22271.835721492767,31440.64059084654,46110.34324934483
backup[greedy:2019:7000:all@20]|2024|7000|all,25,2025,tanker,4099,4910.108038806915,9269.60586565733,15540.540437698364,24420.09451341629,42598.37416858674
backup[greedy:2019:7000:all@20]|2024|7000|all,25,2025,gas,951,9178.323026180267,16971.309928417206,27620.64689564705,50195.04082298279,91022.2901403904
backup[greedy:2019:7000:all@20]|2024|7000|all,25,2025,general,1769,6789.774430465698,10458.018546581268,19065.09876012802,30711.559186935425,57266.12743245364
backup[greedy:2019:7000:all@20]|2024|7000|all,25,2025,roro,588,8656.977053427696,12974.40201306343,20759.2655878067,30802.19142729044,72490.55502566106
backup[greedy:2019:7000:all@20]|2024|7000|all,26,2018,all,15321,5880.984974861145,10088.190263271332,17333.154711723328,25966.326516747475,43033.691730976105
backup[greedy:2019:7000:all@20]|2024|7000|all,26,2018,container,2234,3223.0758954524995,5785.828822255135,9154.458980560305,17429.53105351329,61510.14126715514
backup[greedy:2019:7000:all@20]|2024|7000|all,26,2018,bulk,6294,8625.557339763642,14443.426630496979,20800.520183205605,28621.22975087166,42229.9684425354
backup[greedy:2019:7000:all@20]|2024|7000|all,26,2018,tanker,3798,5322.459878507258,9236.183631896974,14362.424806594849,22016.243182599545,33369.59662566187
backup[greedy:2019:7000:all@20]|2024|7000|all,26,2018,gas,820,7155.095284509659,12679.461866736412,19220.284643173218,36251.06733945012,59783.02865331175
backup[greedy:2019:7000:all@20]|2024|7000|all,26,2018,general,1646,6277.933984398842,9882.03616094589,15601.28110986948,25357.78743070364,48628.682609558105
backup[greedy:2019:7000:all@20]|2024|7000|all,26,2018,roro,529,8465.557893943787,12322.944897651672,17433.3790872097,24611.05667233467,64124.17095928191
backup[greedy:2019:7000:all@20]|2024|7000|all,26,2019,all,15502,6070.4727085590375,10787.242844104765,18847.239968776703,28611.03210604191,50454.2325679779
backup[greedy:2019:7000:all@20]|2024|7000|all,26,2019,container,2209,3061.794684410095,5681.454793453217,9479.212054252625,19178.9968662262,82399.97344675065
backup[greedy:2019:7000:all@20]|2024|7000|all,26,2019,bulk,6371,9197.296654105186,15791.456711173058,22217.043596744537,31432.12456893921,47648.89025640488
backup[greedy:2019:7000:all@20]|2024|7000|all,26,2019,tanker,3924,5804.908846139908,9545.34552538395,15656.057668209076,23768.376266062263,38580.60135469439
backup[greedy:2019:7000:all@20]|2024|7000|all,26,2019,gas,874,7914.190606355667,13614.696955680847,21918.431644439697,39138.40506644548,74806.02797274591
backup[greedy:2019:7000:all@20]|2024|7000|all,26,2019,general,1607,6738.627649837733,10989.40952539444,18304.594624519348,29895.054179146886,63145.53640112881
backup[greedy:2019:7000:all@20]|2024|7000|all,26,2019,roro,517,8795.726059818267,13252.167592048643,18000.274637699127,26544.017221689224,83919.06528852
backup[greedy:2019:7000:all@20]|2024|7000|all,26,2020,all,15740,6287.118018496037,11051.726547300816,18982.24479150772,28463.753180503845,52325.916729795936
backup[greedy:2019:7000:all@20]|2024|7000|all,26,2020,container,2212,3004.107709789276,5786.600051045418,9673.692583084106,19408.058197282255,93172.65696623997
backup[greedy:2019:7000:all@20]|2024|7000|all,26,2020,bulk,6573,9802.791248416901,15972.6591463089,21970.91533088684,30525.88479757309,47398.48926315308
backup[greedy:2019:7000:all@20]|2024|7000|all,26,2020,tanker,3944,5674.072204697132,9470.038641512394,15546.764926671982,23232.195713877674,38892.60734252931
backup[greedy:2019:7000:all@20]|2024|7000|all,26,2020,gas,913,8571.74431552887,15151.983865737917,23439.16327095032,41490.388838768005,84839.38169355404
backup[greedy:2019:7000:all@20]|2024|7000|all,26,2020,general,1592,6470.389496773482,10774.696854114532,18572.412358164787,31269.833537966017,68726.97514476783
backup[greedy:2019:7000:all@20]|2024|7000|all,26,2020,roro,506,8880.505641222,12406.474031209946,17791.302844405174,27594.329262256622,95854.3226044178
backup[greedy:2019:7000:all@20]|2024|7000|all,26,2021,all,16620,6541.791726589203,11260.464064478876,19012.034584209323,28837.050109744072,52609.82015628815
backup[greedy:2019:7000:all@20]|2024|7000|all,26,2021,container,2505,3418.0519428253174,6395.447134971619,10339.810983657835,19112.007081985477,91272.93194479942
backup[greedy:2019:7000:all@20]|2024|7000|all,26,2021,bulk,6773,10521.592666053772,16486.64130783081,22254.117384910583,31312.13488674164,47240.55490493775
backup[greedy:2019:7000:all@20]|2024|7000|all,26,2021,tanker,4085,5609.0909582614895,9389.000525951384,15205.037212371826,23565.866572380062,37973.64781589508
backup[greedy:2019:7000:all@20]|2024|7000|all,26,2021,gas,977,9987.886622047425,16465.935421943665,24897.88189315796,43728.14122200012,88330.6200634956
backup[greedy:2019:7000:all@20]|2024|7000|all,26,2021,general,1751,7327.12869066,11025.780790707096,18198.26156705618,30815.870656073093,64465.17961281538
backup[greedy:2019:7000:all@20]|2024|7000|all,26,2021,roro,529,9258.034192180636,13325.06411933899,18450.92418575287,28774.43274497986,93144.89749040599
backup[greedy:2019:7000:all@20]|2024|7000|all,26,2022,all,17691,5956.349355697632,10634.487257122993,17981.46139192581,27814.982392787933,50979.73156452179
backup[greedy:2019:7000:all@20]|2024|7000|all,26,2022,container,2890,3453.8679150581365,5986.6839282512665,10275.74313646555,18453.141473054886,71164.03885264392
backup[greedy:2019:7000:all@20]|2024|7000|all,26,2022,bulk,7090,9276.252676057815,15281.178130149841,21593.5102083683,30186.17270815372,45597.72447268963
backup[greedy:2019:7000:all@20]|2024|7000|all,26,2022,tanker,4229,5235.782050418854,9132.424991130829,14663.829595565796,22742.455824375156,38052.23856239319
backup[greedy:2019:7000:all@20]|2024|7000|all,26,2022,gas,991,9172.407172203064,15729.549872398376,23761.426856160164,45081.86212873459,85523.9201323986
backup[greedy:2019:7000:all@20]|2024|7000|all,26,2022,general,1884,6644.506444150209,10874.189767062664,17413.070551395416,29873.390524148937,64729.70568441153
backup[greedy:2019:7000:all@20]|2024|7000|all,26,2022,roro,607,8678.318308305741,12659.01721483469,17906.21519088745,27016.77733065188,77095.82581107612
backup[greedy:2019:7000:all@20]|2024|7000|all,26,2023,all,17714,5837.854613280297,10340.368645071983,17857.631271362305,27740.250789880753,51538.07296561599
backup[greedy:2019:7000:all@20]|2024|7000|all,26,2023,container,2948,3397.154999020696,5906.741223007441,10478.856084346771,19633.940110325813,82969.84218379263
backup[greedy:2019:7000:all@20]|2024|7000|all,26,2023,bulk,7061,8779.390455245972,14575.0231256485,21157.98938345909,29477.470061302185,45278.43266260624
backup[greedy:2019:7000:all@20]|2024|7000|all,26,2023,tanker,4262,5327.695311927796,9043.406621336937,14420.57178068161,22841.416072428223,41316.638242530826
backup[greedy:2019:7000:all@20]|2024|7000|all,26,2023,gas,993,9130.384057044983,16206.354140281675,26096.66229915619,47658.40417385101,86492.48458588132
backup[greedy:2019:7000:all@20]|2024|7000|all,26,2023,general,1849,6334.556909531355,10624.259664535522,17370.937921524048,29045.941569328308,61270.19201736451
backup[greedy:2019:7000:all@20]|2024|7000|all,26,2023,roro,601,9348.918974280356,12751.454725027084,17779.198860168457,26774.07411766052,61875.30487060547
backup[greedy:2019:7000:all@20]|2024|7000|all,26,2024,all,16746,5804.526822153479,10695.759113073349,18640.268845796585,28921.259259700775,54460.942408680916
backup[greedy:2019:7000:all@20]|2024|7000|all,26,2024,container,2715,3404.1510467529297,6019.8455110788345,11268.403269648552,21688.611048579216,88123.16404609676
backup[greedy:2019:7000:all@20]|2024|7000|all,26,2024,bulk,6665,8707.136479878427,15348.54163646698,21782.91147136688,30340.22230911255,46636.1820406914
backup[greedy:2019:7000:all@20]|2024|7000|all,26,2024,tanker,4087,5069.744042158127,9148.099506497383,14898.905394554138,23717.694983124733,42127.74094055891
backup[greedy:2019:7000:all@20]|2024|7000|all,26,2024,gas,951,8933.605608940125,16879.12690591812,27125.632369041443,53391.64286899567,96500.55281066896
backup[greedy:2019:7000:all@20]|2024|7000|all,26,2024,general,1767,6294.918414688111,10239.251328915358,18221.918961524963,30575.952664852142,66517.63109493263
backup[greedy:2019:7000:all@20]|2024|7000|all,26,2024,roro,561,9056.314489364624,13592.605231881142,19264.796133041385,27876.98367547989,63000.18717479706
backup[greedy:2019:7000:all@20]|2024|7000|all,26,2025,all,17006,5991.089017510414,10871.664109468462,18826.159980773926,28357.356879740953,49723.25096964836
backup[greedy:2019:7000:all@20]|2024|7000|all,26,2025,container,2779,3530.30308303833,6492.05690574646,11590.704937934875,21881.772243261337,75463.7169718385
backup[greedy:2019:7000:all@20]|2024|7000|all,26,2025,bulk,6820,8825.628589820863,15442.691995024681,21578.078599452972,30037.54400408268,43813.29918503763
backup[greedy:2019:7000:all@20]|2024|7000|all,26,2025,tanker,4099,4887.117069625854,9216.391408205032,15213.966096401216,23723.83350020647,39964.754256534594
backup[greedy:2019:7000:all@20]|2024|7000|all,26,2025,gas,951,9151.87669467926,16838.272943496704,27364.530608177185,48304.88665962219,88422.03290462494
backup[greedy:2019:7000:all@20]|2024|7000|all,26,2025,general,1769,6779.364109992981,10433.865772247314,18333.262573719025,29317.85963582993,56499.91690425873
backup[greedy:2019:7000:all@20]|2024|7000|all,26,2025,roro,588,8656.977053427696,12949.122771993278,19341.97096633911,27449.703803434968,62755.23382740023
backup[greedy:2019:7000:all@20]|2024|7000|all,27,2018,all,15321,5785.828822612762,9939.189546108246,17078.55853652954,25355.88706111908,41779.988050460815
backup[greedy:2019:7000:all@20]|2024|7000|all,27,2018,container,2234,3215.421044945717,5785.62880551815,9154.458980560305,17429.53105351329,61510.14126715514
backup[greedy:2019:7000:all@20]|2024|7000|all,27,2018,bulk,6294,8560.686351193488,14230.120682477951,20434.694137096405,28010.868281006813,40586.47822723388
backup[greedy:2019:7000:all@20]|2024|7000|all,27,2018,tanker,3798,5161.482100057602,9004.36650556326,14065.055784225464,21466.96912765503,32853.858375787735
backup[greedy:2019:7000:all@20]|2024|7000|all,27,2018,gas,820,7130.83067727387,12255.784702539444,18512.39724636078,34540.25159263611,57372.6177247748
backup[greedy:2019:7000:all@20]|2024|7000|all,27,2018,general,1646,6164.359894037247,9807.81879877299,15533.048700332642,25260.417439699173,47127.925828933716
backup[greedy:2019:7000:all@20]|2024|7000|all,27,2018,roro,529,8438.693749237062,12227.584283828735,17263.635454177856,23610.673308372498,62420.959433358905
backup[greedy:2019:7000:all@20]|2024|7000|all,27,2019,all,15502,5936.426484298707,10601.233876228334,18540.41256046295,27936.339206576347,48876.4614052534
backup[greedy:2019:7000:all@20]|2024|7000|all,27,2019,container,2209,3061.794684410095,5680.4072551727295,9479.212054252625,19178.9968662262,82399.97344675065
backup[greedy:2019:7000:all@20]|2024|7000|all,27,2019,bulk,6371,8963.822679519653,15396.157429933548,21797.299550056458,30552.823421001434,45112.46705150604
backup[greedy:2019:7000:all@20]|2024|7000|all,27,2019,tanker,3924,5606.383020436764,9273.674455165865,15277.690285205841,23295.91959142685,38193.439028871086
backup[greedy:2019:7000:all@20]|2024|7000|all,27,2019,gas,874,7861.467982006073,13097.216598242521,20712.70383644104,37195.40279173851,71157.86929349901
backup[greedy:2019:7000:all@20]|2024|7000|all,27,2019,general,1607,6705.5076174825435,10828.921318054197,18219.951166152958,29318.403962612152,62152.033276796355
backup[greedy:2019:7000:all@20]|2024|7000|all,27,2019,roro,517,8694.393775892258,13252.167592048643,17574.335490226746,25373.574909210205,82345.9099739939
backup[greedy:2019:7000:all@20]|2024|7000|all,27,2020,all,15740,6219.725473117828,10818.731030106544,18609.668141067028,27556.713007688522,49488.434060521424
backup[greedy:2019:7000:all@20]|2024|7000|all,27,2020,container,2212,2987.705831551552,5786.600051045418,9667.836273312569,19408.058197282255,93172.65696623997
backup[greedy:2019:7000:all@20]|2024|7000|all,27,2020,bulk,6573,9615.918026018144,15478.985617637634,21410.581079483032,29397.10115540028,44307.13393144608
backup[greedy:2019:7000:all@20]|2024|7000|all,27,2020,tanker,3944,5546.756217336655,9260.038689613342,14943.134718179703,22829.80596590042,38207.702821540865
backup[greedy:2019:7000:all@20]|2024|7000|all,27,2020,gas,913,8295.047869491576,13960.692997455595,21938.487085342407,38285.177209854126,76181.5423954488
backup[greedy:2019:7000:all@20]|2024|7000|all,27,2020,general,1592,6375.108368957042,10677.609974175692,18171.695518255234,31004.392472028732,67593.49787266256
backup[greedy:2019:7000:all@20]|2024|7000|all,27,2020,roro,506,8514.921255350113,12272.999475181103,17510.751587823033,25286.33643257618,95854.3226044178
backup[greedy:2019:7000:all@20]|2024|7000|all,27,2021,all,16620,6477.737358665467,10968.78881639242,18504.76037788391,27763.087061285973,49408.496310992574
backup[greedy:2019:7000:all@20]|2024|7000|all,27,2021,container,2505,3415.3087591171266,6369.488594055176,10308.487058758736,19112.007081985477,91272.93194479942
backup[greedy:2019:7000:all@20]|2024|7000|all,27,2021,bulk,6773,10300.012047243119,15980.733464479446,21589.925753593445,29898.15951919556,44648.209073829654
backup[greedy:2019:7000:all@20]|2024|7000|all,27,2021,tanker,4085,5510.949737930298,8962.577910423279,14475.653695106506,23015.436781406403,37057.614473629
backup[greedy:2019:7000:all@20]|2024|7000|all,27,2021,gas,977,9343.380904197691,15474.575523376465,23081.483283996586,40095.35838699341,78291.88451633448
backup[greedy:2019:7000:all@20]|2024|7000|all,27,2021,general,1751,7144.7490129470825,10824.816506683826,18021.690792173147,30414.775871761143,64235.49455070496
backup[greedy:2019:7000:all@20]|2024|7000|all,27,2021,roro,529,9258.034192180636,13054.674901485443,18156.17626476288,25275.65007185936,91507.45575877426
backup[greedy:2019:7000:all@20]|2024|7000|all,27,2022,all,17691,5884.933349609375,10392.071428894997,17539.88733148575,26477.557448610663,47996.6538438797
backup[greedy:2019:7000:all@20]|2024|7000|all,27,2022,container,2890,3453.8679150581365,5986.6839282512665,10249.918309897184,18453.141473054886,71164.03885264392
backup[greedy:2019:7000:all@20]|2024|7000|all,27,2022,bulk,7090,9103.382495069505,14765.594019204378,20903.961374998093,28910.677147865295,42863.91560039521
backup[greedy:2019:7000:all@20]|2024|7000|all,27,2022,tanker,4229,5151.133369970322,8889.941882133484,14020.072032928469,21983.386653900143,36374.217625236524
backup[greedy:2019:7000:all@20]|2024|7000|all,27,2022,gas,991,8788.462145328522,14275.844255320728,21650.34408712387,40618.4229183197,76265.30389356613
backup[greedy:2019:7000:all@20]|2024|7000|all,27,2022,general,1884,6574.720145839453,10723.796430826189,17115.800808668137,29551.762965857986,64351.661925947665
backup[greedy:2019:7000:all@20]|2024|7000|all,27,2022,roro,607,8641.620588803291,12176.101482272148,17603.326513290405,23744.372470855713,69534.97654027936
backup[greedy:2019:7000:all@20]|2024|7000|all,27,2023,all,17714,5778.228777694702,10121.132217764854,17441.773199677467,26379.54704594612,49264.4733634949
backup[greedy:2019:7000:all@20]|2024|7000|all,27,2023,container,2948,3397.154999020696,5904.432776927948,10462.048113822937,19609.000046744943,82969.84218379263
backup[greedy:2019:7000:all@20]|2024|7000|all,27,2023,bulk,7061,8564.769535064697,14081.01035308838,20537.4651594162,28378.731122612957,42456.44216156006
backup[greedy:2019:7000:all@20]|2024|7000|all,27,2023,tanker,4262,5262.816600894928,8846.814838588238,13812.969524502754,21891.71821391583,39303.44327259064
backup[greedy:2019:7000:all@20]|2024|7000|all,27,2023,gas,993,8916.168027836084,14103.535212516785,24141.93752861023,45125.3369076252,82413.23715457918
backup[greedy:2019:7000:all@20]|2024|7000|all,27,2023,general,1849,6035.749110657722,10445.517565727234,17217.755759239197,28304.04767346382,60667.51220579151
backup[greedy:2019:7000:all@20]|2024|7000|all,27,2023,roro,601,9235.911422729492,12442.639848709106,17065.328229904175,23936.669001579285,60385.0743560791
backup[greedy:2019:7000:all@20]|2024|7000|all,27,2024,all,16746,5741.687954872847,10486.610153794289,18239.202118396755,27896.342353105545,52117.67955515534
backup[greedy:2019:7000:all@20]|2024|7000|all,27,2024,container,2715,3399.38462471962,6019.8455110788345,11235.26370716095,21688.611048579216,88123.16404609676
backup[greedy:2019:7000:all@20]|2024|7000|all,27,2024,bulk,6665,8614.361750078202,14859.95905303955,21195.189504623413,29400.935532569885,43535.060823249856
backup[greedy:2019:7000:all@20]|2024|7000|all,27,2024,tanker,4087,4962.45711494647,8939.439170002937,14546.648138284683,22995.35195708275,40774.16328697205
backup[greedy:2019:7000:all@20]|2024|7000|all,27,2024,gas,951,8596.643203258514,14347.305063724518,26121.349504470825,51182.33289337158,88864.11147880554
backup[greedy:2019:7000:all@20]|2024|7000|all,27,2024,general,1767,6160.774486159533,10128.382644414902,18038.839745521545,30450.253502845764,65444.925266706974
backup[greedy:2019:7000:all@20]|2024|7000|all,27,2024,roro,561,9056.314489364624,13461.45653772354,18660.001306533813,25401.534182310104,58738.33351039887
backup[greedy:2019:7000:all@20]|2024|7000|all,27,2025,all,17006,5917.883983492851,10589.27609837055,18345.53245162964,27452.497319936756,47774.24963545799
backup[greedy:2019:7000:all@20]|2024|7000|all,27,2025,container,2779,3526.155083179474,6492.05690574646,11590.704937934875,21881.772243261337,75463.7169718385
backup[greedy:2019:7000:all@20]|2024|7000|all,27,2025,bulk,6820,8560.320394349099,14915.034057855606,21015.863580703735,28958.947723150257,41565.0420352459
backup[greedy:2019:7000:all@20]|2024|7000|all,27,2025,tanker,4099,4795.390423217415,9038.625374794006,14584.7317237854,22872.20618724823,38387.16894478799
backup[greedy:2019:7000:all@20]|2024|7000|all,27,2025,gas,951,8503.379977226257,14894.472138166428,25734.969499111176,46161.47270011902,85381.70433235168
backup[greedy:2019:7000:all@20]|2024|7000|all,27,2025,general,1769,6770.588850019873,10373.736631393433,18086.0007648468,29264.24075555801,56349.93599716724
backup[greedy:2019:7000:all@20]|2024|7000|all,27,2025,roro,588,8656.977053427696,12749.622839808464,18551.92084121704,25464.259859800342,60247.42164350771
backup[greedy:2019:7000:all@20]|2024|7000|all,28,2018,all,15321,5715.231845498085,9801.464109897614,16575.256233215332,24331.92603123188,39852.13270831108
backup[greedy:2019:7000:all@20]|2024|7000|all,28,2018,container,2234,3127.373404848576,5665.362029790878,9116.46911740303,16903.01540634781,56810.14927355946
backup[greedy:2019:7000:all@20]|2024|7000|all,28,2018,bulk,6294,8492.578394067288,13879.478892087936,19775.371930599213,26719.64697742462,38889.037671589846
backup[greedy:2019:7000:all@20]|2024|7000|all,28,2018,tanker,3798,5149.911068105698,8868.219068288803,13798.540349960327,20897.878978490833,31672.78195357323
backup[greedy:2019:7000:all@20]|2024|7000|all,28,2018,gas,820,7130.83067727387,12132.585807979105,18462.42111682892,33936.32624959946,52900.083867079025
backup[greedy:2019:7000:all@20]|2024|7000|all,28,2018,general,1646,6164.359894037247,9662.286815047264,14920.180618017912,23956.782039433718,43597.13323140144
backup[greedy:2019:7000:all@20]|2024|7000|all,28,2018,roro,529,8399.177684402466,12193.00660276413,17139.08415699005,23367.946709632877,60946.41239416597
backup[greedy:2019:7000:all@20]|2024|7000|all,28,2019,all,15502,5905.193888926507,10405.441668812186,17880.71937096119,26598.49445271492,45925.90341285169
backup[greedy:2019:7000:all@20]|2024|7000|all,28,2019,container,2209,2991.738246870041,5578.233378410339,9264.865817070007,17966.48556947708,75114.84634518625
backup[greedy:2019:7000:all@20]|2024|7000|all,28,2019,bulk,6371,8886.330547332764,14884.373141765594,21001.090748786926,28741.512764930725,42641.065687179565
backup[greedy:2019:7000:all@20]|2024|7000|all,28,2019,tanker,3924,5584.277590274812,9091.262270689012,14848.41710615158,22728.95377242565,36689.26737785341
backup[greedy:2019:7000:all@20]|2024|7000|all,28,2019,gas,874,7861.467982006073,13052.396554619074,20381.251016497612,36712.8218203485,67912.60889840129
backup[greedy:2019:7000:all@20]|2024|7000|all,28,2019,general,1607,6664.265358734132,10673.880137711763,17232.11363220215,27184.957441631705,58772.84634132394
backup[greedy:2019:7000:all@20]|2024|7000|all,28,2019,roro,517,8666.372028923035,13089.298260688782,17457.8916477561,25243.93273830414,75666.43258252778
backup[greedy:2019:7000:all@20]|2024|7000|all,28,2020,all,15740,6155.044028997421,10635.92654299736,17957.018680095673,26192.424028635025,46261.46462427379
backup[greedy:2019:7000:all@20]|2024|7000|all,28,2020,container,2212,2911.440349304676,5672.66228967905,9539.04718387127,18972.61127716303,82370.38371510507
backup[greedy:2019:7000:all@20]|2024|7000|all,28,2020,bulk,6573,9519.313262176514,14899.249722480774,20669.864048957825,27858.3261051178,41265.42391700745
backup[greedy:2019:7000:all@20]|2024|7000|all,28,2020,tanker,3944,5532.1810816288,9132.538749217989,14547.567606449127,22142.817574560646,36743.282122230536
backup[greedy:2019:7000:all@20]|2024|7000|all,28,2020,gas,913,8295.047869491576,13952.811007678509,21842.309588432312,37868.03553771973,70385.30246696474
backup[greedy:2019:7000:all@20]|2024|7000|all,28,2020,general,1592,6375.108368957042,10471.105267614126,17069.549961835146,28264.28925013542,62567.314840376406
backup[greedy:2019:7000:all@20]|2024|7000|all,28,2020,roro,506,8373.887888669968,12192.829831242561,17486.668669700623,25235.86567622423,94908.52586102486
backup[greedy:2019:7000:all@20]|2024|7000|all,28,2021,all,16620,6409.81991314888,10805.153713583946,17954.186478614807,26532.542111635208,46423.5435415268
backup[greedy:2019:7000:all@20]|2024|7000|all,28,2021,container,2505,3350.4454409599307,6243.326735973358,10088.060033798218,18727.40185451508,76040.35793330142
backup[greedy:2019:7000:all@20]|2024|7000|all,28,2021,bulk,6773,10168.808415603638,15467.692791938782,20945.4057636261,28286.16966724396,41753.51328125001
backup[greedy:2019:7000:all@20]|2024|7000|all,28,2021,tanker,4085,5490.900453519821,8835.850831985474,14159.865345954897,22568.69906187057,35443.57176151275
backup[greedy:2019:7000:all@20]|2024|7000|all,28,2021,gas,977,9343.380904197691,15399.826099395752,22927.30540466309,39732.05253505707,73429.20726175308
backup[greedy:2019:7000:all@20]|2024|7000|all,28,2021,general,1751,7065.123700141907,10731.825780153275,17316.106693267822,28178.551181435585,61860.615082740784
backup[greedy:2019:7000:all@20]|2024|7000|all,28,2021,roro,529,9234.479897785188,13042.93655014038,18094.30711746216,25243.93273830414,84909.9414618015
backup[greedy:2019:7000:all@20]|2024|7000|all,28,2022,all,17691,5829.912759780884,10258.960066661239,17075.48546409607,25248.15901184082,45351.80457639694
backup[greedy:2019:7000:all@20]|2024|7000|all,28,2022,container,2890,3394.1164438247683,5917.940554618835,10149.948342323303,18017.508465170864,62793.30323327779
backup[greedy:2019:7000:all@20]|2024|7000|all,28,2022,bulk,7090,9071.409559488297,14176.218183279037,20245.998446941376,27285.102065324783,40084.15295361282
backup[greedy:2019:7000:all@20]|2024|7000|all,28,2022,tanker,4229,5141.351083374024,8730.540999412537,13693.05517578125,21580.76979827881,34749.88272018434
backup[greedy:2019:7000:all@20]|2024|7000|all,28,2022,gas,991,8788.462145328522,14275.844255320728,21244.657896995544,40001.15816736221,72937.45170402527
backup[greedy:2019:7000:all@20]|2024|7000|all,28,2022,general,1884,6548.880725669861,10537.259984493256,16311.473348617554,26861.48684284091,58491.01793013216
backup[greedy:2019:7000:all@20]|2024|7000|all,28,2022,roro,607,8579.773499298095,12157.951400995255,17510.429167747498,23428.136014401913,65546.87477722166
backup[greedy:2019:7000:all@20]|2024|7000|all,28,2023,all,17714,5719.259641861916,9983.47443318367,16885.314841747284,25076.997261285782,45876.59194191696
backup[greedy:2019:7000:all@20]|2024|7000|all,28,2023,container,2948,3311.9718923091887,5859.567622184753,10362.50149333477,18711.020615994934,73031.31741258514
backup[greedy:2019:7000:all@20]|2024|7000|all,28,2023,bulk,7061,8526.327775001526,13568.26768398285,19937.19508743286,26522.723845005035,39712.3485584259
backup[greedy:2019:7000:all@20]|2024|7000|all,28,2023,tanker,4262,5236.871743011475,8705.972970366478,13515.180160403252,21301.26888626814,37031.56331139804
backup[greedy:2019:7000:all@20]|2024|7000|all,28,2023,gas,993,8916.168027836084,14070.16982460022,23672.81241416931,44527.25546360016,81449.2943717957
backup[greedy:2019:7000:all@20]|2024|7000|all,28,2023,general,1849,5970.151604390145,10211.709630012512,16627.27414035797,26332.947074890137,56563.87636394501
backup[greedy:2019:7000:all@20]|2024|7000|all,28,2023,roro,601,9235.911422729492,12434.185166537762,17044.720545768738,23843.51862335205,56037.905870974064
backup[greedy:2019:7000:all@20]|2024|7000|all,28,2024,all,16746,5675.446336269379,10281.728642463686,17664.19948887825,26413.10556256771,47970.05298535526
backup[greedy:2019:7000:all@20]|2024|7000|all,28,2024,container,2715,3349.7878999948502,5947.3503576517105,11140.477288007736,20934.81152692437,80361.22244644164
backup[greedy:2019:7000:all@20]|2024|7000|all,28,2024,bulk,6665,8552.042828559875,14137.825430870056,20496.907711029053,27815.82454919815,40666.09057784081
backup[greedy:2019:7000:all@20]|2024|7000|all,28,2024,tanker,4087,4944.814915466309,8759.44141560793,14219.907663583755,22401.86643266678,39328.65737247467
backup[greedy:2019:7000:all@20]|2024|7000|all,28,2024,gas,951,8554.381652593613,13975.023165225983,25741.33534479141,50261.82252216339,88391.31612110138
backup[greedy:2019:7000:all@20]|2024|7000|all,28,2024,general,1767,6134.122815811634,10058.71533709392,16673.076032079756,27823.845147132874,58623.39769750836
backup[greedy:2019:7000:all@20]|2024|7000|all,28,2024,roro,561,9056.314489364624,13362.88702917099,18548.4084135294,25327.55445766449,57141.63782024384
backup[greedy:2019:7000:all@20]|2024|7000|all,28,2025,all,17006,5860.739471673965,10409.585225097835,17776.732810020447,26149.23767530918,44883.40199719742
backup[greedy:2019:7000:all@20]|2024|7000|all,28,2025,container,2779,3426.7083866119383,6407.56551527977,11369.51285648346,21309.341773748398,69557.98896932606
backup[greedy:2019:7000:all@20]|2024|7000|all,28,2025,bulk,6820,8403.147922945023,14198.318670511246,20275.628354549408,27347.74736982584,39340.031730747236
backup[greedy:2019:7000:all@20]|2024|7000|all,28,2025,tanker,4099,4755.287621307373,8929.565546989441,14296.068994998932,22355.87799358368,37077.467208671595
backup[greedy:2019:7000:all@20]|2024|7000|all,28,2025,gas,951,8503.379977226257,14805.48406124115,25392.88969230652,45634.12780737877,83562.01448631287
backup[greedy:2019:7000:all@20]|2024|7000|all,28,2025,general,1769,6701.728819084167,10201.466374397278,16796.034806251526,27087.280561447144,50426.26114339832
backup[greedy:2019:7000:all@20]|2024|7000|all,28,2025,roro,588,8580.009982013702,12685.406214356422,18420.810194015503,25255.97384095192,57646.389644658586
backup[greedy:2019:7000:all@20]|2024|7000|all,29,2018,all,15321,5682.733882904053,9565.22463464737,16100.692196846008,23890.197484970093,39470.63838040829
backup[greedy:2019:7000:all@20]|2024|7000|all,29,2018,container,2234,3127.373404848576,5605.162215352058,8870.731447026134,16144.493036977947,54460.442288867394
backup[greedy:2019:7000:all@20]|2024|7000|all,29,2018,bulk,6294,8416.310629224778,13548.269093930721,19532.367985725403,26300.47965478897,38468.82682609558
backup[greedy:2019:7000:all@20]|2024|7000|all,29,2018,tanker,3798,5127.424167728424,8740.753371566534,13636.802473306656,20623.96902370453,30947.882755732542
backup[greedy:2019:7000:all@20]|2024|7000|all,29,2018,gas,820,7130.83067727387,11993.083354473112,18237.03657102585,33792.833735466,52900.083867079025
backup[greedy:2019:7000:all@20]|2024|7000|all,29,2018,general,1646,6139.17024230957,9462.114141050726,14474.78512430191,23173.91042631865,43278.77218799293
backup[greedy:2019:7000:all@20]|2024|7000|all,29,2018,roro,529,8182.57022266388,11398.620718955994,15419.640813350676,22598.789461374283,60940.43845589159
backup[greedy:2019:7000:all@20]|2024|7000|all,29,2019,all,15502,5886.287351202966,10072.331878498197,17507.14131450653,25948.31246328354,44898.17448501587
backup[greedy:2019:7000:all@20]|2024|7000|all,29,2019,container,2209,2991.738246870041,5554.129836797714,9056.656607866287,17609.005431175232,70598.57831810717
backup[greedy:2019:7000:all@20]|2024|7000|all,29,2019,bulk,6371,8844.057734966278,14597.345536470413,20661.095228672028,28229.5020570755,41779.988050460815
backup[greedy:2019:7000:all@20]|2024|7000|all,29,2019,tanker,3924,5549.929366075992,8864.040884256363,14517.815584897995,22416.80571293831,35814.03974699974
backup[greedy:2019:7000:all@20]|2024|7000|all,29,2019,gas,874,7861.467982006073,13039.929686307907,20060.43124818802,35265.13178563118,64863.595074330275
backup[greedy:2019:7000:all@20]|2024|7000|all,29,2019,general,1607,6601.912021827698,10390.950330257416,16486.541307210922,26648.348044395447,56415.866514015215
backup[greedy:2019:7000:all@20]|2024|7000|all,29,2019,roro,517,8293.01459941864,12027.9684779644,16196.327666282654,23767.039281845093,75666.43258252778
backup[greedy:2019:7000:all@20]|2024|7000|all,29,2020,all,15740,6086.425224781036,10366.351027932018,17675.323172569275,25645.608743309975,45113.26677284242
backup[greedy:2019:7000:all@20]|2024|7000|all,29,2020,container,2212,2911.440349304676,5582.91465947032,9140.768102645874,18830.35121691227,79745.10751595498
backup[greedy:2019:7000:all@20]|2024|7000|all,29,2020,bulk,6573,9399.600568437576,14712.636986732485,20428.284698486328,27314.783331871036,40423.52711219788
backup[greedy:2019:7000:all@20]|2024|7000|all,29,2020,tanker,3944,5528.398654079438,9015.748598694801,14297.971814274788,21774.921228408813,36030.665047884
backup[greedy:2019:7000:all@20]|2024|7000|all,29,2020,gas,913,8295.047869491576,13593.278603553772,21499.214727401733,37671.8516330719,70087.65144758226
backup[greedy:2019:7000:all@20]|2024|7000|all,29,2020,general,1592,6359.631612741948,10303.118124365807,16671.19971778989,27776.920061349865,61844.942703247085
backup[greedy:2019:7000:all@20]|2024|7000|all,29,2020,roro,506,8237.928950250149,11608.824332907796,15941.672509431839,24037.50185084343,94908.52586102486
backup[greedy:2019:7000:all@20]|2024|7000|all,29,2021,all,16620,6381.024405002594,10602.746003627777,17675.856707185507,26111.03801524639,45856.052989220625
backup[greedy:2019:7000:all@20]|2024|7000|all,29,2021,container,2505,3350.4454409599307,6177.329242706299,9838.80189704895,18168.53046131134,73258.07877016811
backup[greedy:2019:7000:all@20]|2024|7000|all,29,2021,bulk,6773,10085.059414863586,15196.50617313385,20664.41294145584,28025.753202438354,41338.572929382324
backup[greedy:2019:7000:all@20]|2024|7000|all,29,2021,tanker,4085,5407.098574233055,8700.548298239708,13894.455426216124,22235.52816772461,34587.59498414993
backup[greedy:2019:7000:all@20]|2024|7000|all,29,2021,gas,977,9343.380904197691,15399.826099395752,22900.30476951599,39281.78689575195,73429.20726175308
backup[greedy:2019:7000:all@20]|2024|7000|all,29,2021,general,1751,7065.123700141907,10655.715665131806,17027.889010429382,28094.072773844004,59573.51170292497
backup[greedy:2019:7000:all@20]|2024|7000|all,29,2021,roro,529,8753.004404640198,11696.46537399292,16244.752292633057,24115.6044549942,84909.9414618015
backup[greedy:2019:7000:all@20]|2024|7000|all,29,2022,all,17691,5791.754512786865,10029.375638723373,16765.552156090736,24817.726132631302,44637.49544429779
backup[greedy:2019:7000:all@20]|2024|7000|all,29,2022,container,2890,3394.1164438247683,5890.595565319061,9828.676202654839,17689.051319658756,59357.60851852887
backup[greedy:2019:7000:all@20]|2024|7000|all,29,2022,bulk,7090,9057.162869036198,13961.92147743702,20033.935256421566,26951.793440788984,39783.524242699146
backup[greedy:2019:7000:all@20]|2024|7000|all,29,2022,tanker,4229,5111.83424475193,8580.132893562317,13468.478895187378,21307.29496061802,34322.80797643666
backup[greedy:2019:7000:all@20]|2024|7000|all,29,2022,gas,991,8788.462145328522,14275.844255320728,21235.89083051681,39838.52649998665,72937.45170402527
backup[greedy:2019:7000:all@20]|2024|7000|all,29,2022,general,1884,6536.671816444397,10445.185272693634,15938.69690811634,26243.83878230769,58491.01793013216
backup[greedy:2019:7000:all@20]|2024|7000|all,29,2022,roro,607,8372.873665952682,11529.77906703949,15913.082509875298,22619.788131952286,65546.87477722166
backup[greedy:2019:7000:all@20]|2024|7000|all,29,2023,all,17714,5695.275289440155,9767.819703161716,16589.410046815872,24821.54415756464,45264.75495559578
backup[greedy:2019:7000:all@20]|2024|7000|all,29,2023,container,2948,3311.9718923091887,5822.086464345455,10060.449751377106,18563.382494568825,71047.39071085455
backup[greedy:2019:7000:all@20]|2024|7000|all,29,2023,bulk,7061,8440.629579305649,13456.5899477005,19774.648151397705,26296.71364092827,39392.79380893707
backup[greedy:2019:7000:all@20]|2024|7000|all,29,2023,tanker,4262,5220.5164494514465,8541.67522263527,13310.61842417717,20936.822326779362,36450.34003355503
backup[greedy:2019:7000:all@20]|2024|7000|all,29,2023,gas,993,8916.168027836084,14046.952912330627,23672.81241416931,44527.25546360016,80633.2487070085
backup[greedy:2019:7000:all@20]|2024|7000|all,29,2023,general,1849,5903.254558360578,10029.701433181765,16071.252250671389,25966.55152130127,56563.87636394501
backup[greedy:2019:7000:all@20]|2024|7000|all,29,2023,roro,601,8623.65347957611,11733.17397928238,15709.664269447328,22384.204917907715,54298.84276211262
backup[greedy:2019:7000:all@20]|2024|7000|all,29,2024,all,16746,5628.1480103731155,10067.783402323723,17443.920349121094,26077.33803582192,47486.627631396055
backup[greedy:2019:7000:all@20]|2024|7000|all,29,2024,container,2715,3347.0133742809294,5889.716609477997,10934.213388204576,20428.540328741074,77473.35233268735
backup[greedy:2019:7000:all@20]|2024|7000|all,29,2024,bulk,6665,8428.710789072515,13951.155919075012,20313.21815299988,27647.63552570343,40531.49753646851
backup[greedy:2019:7000:all@20]|2024|7000|all,29,2024,tanker,4087,4939.632214260101,8634.55127465725,14012.252305030825,22059.78336238861,38574.14715690614
backup[greedy:2019:7000:all@20]|2024|7000|all,29,2024,gas,951,8322.783127784729,13975.023165225983,25733.23556041717,50261.82252216339,88130.08689832687
backup[greedy:2019:7000:all@20]|2024|7000|all,29,2024,general,1767,6118.4128058850765,9946.514978811145,16539.428542137146,27376.10679960251,58486.10357949734
backup[greedy:2019:7000:all@20]|2024|7000|all,29,2024,roro,561,8776.434066057205,12620.31984782219,17445.486454963684,23287.612864017487,57141.63782024384
backup[greedy:2019:7000:all@20]|2024|7000|all,29,2025,all,17006,5847.537034809589,10242.356501340866,17568.925317287445,25744.47414407134,44336.98725271225
backup[greedy:2019:7000:all@20]|2024|7000|all,29,2025,container,2779,3426.7083866119383,6389.778559625149,11152.34871339798,20982.989255070686,68100.75785182728
backup[greedy:2019:7000:all@20]|2024|7000|all,29,2025,bulk,6820,8328.476961517334,14035.145582437513,20168.249851465225,27212.705288887028,39225.58540420533
backup[greedy:2019:7000:all@20]|2024|7000|all,29,2025,tanker,4099,4689.294874715805,8824.376295685768,14092.45990884304,22089.307421684265,36630.93689022065
backup[greedy:2019:7000:all@20]|2024|7000|all,29,2025,gas,951,8503.379977226257,14805.48406124115,25300.82625579834,45634.12780737877,82575.21245288849
backup[greedy:2019:7000:all@20]|2024|7000|all,29,2025,general,1769,6675.591701555252,10119.1733751297,16466.061606407166,26686.62500027567,49537.09188196661
backup[greedy:2019:7000:all@20]|2024|7000|all,29,2025,roro,588,8214.622871910036,11844.198778152466,17191.871993541718,23556.03286844492,57646.389644658586
backup[greedy:2019:7000:all@20]|2024|7000|all,30,2018,all,15321,5554.040719032288,9501.376072406769,15962.309169054031,23718.504544734955,39155.87153686583
backup[greedy:2019:7000:all@20]|2024|7000|all,30,2018,container,2234,3120.516787147522,5487.416412949562,8768.278878331184,15787.505913376808,51998.578618946696
backup[greedy:2019:7000:all@20]|2024|7000|all,30,2018,bulk,6294,8320.371672654153,13513.76601165533,19488.241025447845,26190.350539445877,38210.45520792007
backup[greedy:2019:7000:all@20]|2024|7000|all,30,2018,tanker,3798,5024.976724600793,8551.276730537415,13452.33501958847,20246.865654677153,30309.743042576338
backup[greedy:2019:7000:all@20]|2024|7000|all,30,2018,gas,820,7130.83067727387,11993.083354473112,18228.749264478683,33792.833735466,52900.083867079025
backup[greedy:2019:7000:all@20]|2024|7000|all,30,2018,general,1646,6139.17024230957,9461.730347845703,14431.985721588135,23077.464699983597,43278.77218799293
backup[greedy:2019:7000:all@20]|2024|7000|all,30,2018,roro,529,8182.57022266388,11398.620718955994,15407.07781791687,22598.789461374283,60940.43845589159
backup[greedy:2019:7000:all@20]|2024|7000|all,30,2019,all,15502,5785.562133097648,9966.206395030022,17353.6993227005,25744.19126240909,44475.30715417861
backup[greedy:2019:7000:all@20]|2024|7000|all,30,2019,container,2209,2966.178338623047,5453.183657169342,9042.337069511414,17095.994764208794,68456.91537303929
backup[greedy:2019:7000:all@20]|2024|7000|all,30,2019,bulk,6371,8828.090585708618,14508.281886100769,20515.01389026642,28112.79395723343,41571.695677518845
backup[greedy:2019:7000:all@20]|2024|7000|all,30,2019,tanker,3924,5402.860432982445,8685.503560185432,14291.903126716614,21959.767908811573,34728.31056578159
backup[greedy:2019:7000:all@20]|2024|7000|all,30,2019,gas,874,7861.467982006073,13039.929686307907,20060.43124818802,35265.13178563118,64621.191689984524
backup[greedy:2019:7000:all@20]|2024|7000|all,30,2019,general,1607,6580.9765539094815,10378.035875320435,16392.114882469177,26413.59986335039,56415.866514015215
backup[greedy:2019:7000:all@20]|2024|7000|all,30,2019,roro,517,8293.01459941864,12015.404562950134,16196.327666282654,23767.039281845093,75666.43258252778
backup[greedy:2019:7000:all@20]|2024|7000|all,30,2020,all,15740,5996.2917288064955,10221.32545876503,17558.889325022697,25388.50396156311,44461.405964815625
backup[greedy:2019:7000:all@20]|2024|7000|all,30,2020,container,2212,2891.6065850257874,5477.613047003746,9108.71061962843,18512.865089654922,76969.01615732908
backup[greedy:2019:7000:all@20]|2024|7000|all,30,2020,bulk,6573,9335.248683547974,14658.050945281982,20350.00667572021,27177.34591293335,40084.25904312134
backup[greedy:2019:7000:all@20]|2024|7000|all,30,2020,tanker,3944,5442.8539996623995,8805.566139757633,13999.826374650002,21493.806669473648,34679.31479930878
backup[greedy:2019:7000:all@20]|2024|7000|all,30,2020,gas,913,8275.081488990783,13593.278603553772,21465.044281721115,37423.10951018333,68626.8455881119
backup[greedy:2019:7000:all@20]|2024|7000|all,30,2020,general,1592,6354.988871571421,10267.146412849426,16602.20779824257,27597.25937962532,61656.173723936125
backup[greedy:2019:7000:all@20]|2024|7000|all,30,2020,roro,506,8237.928950250149,11530.053826659918,15924.100113511086,24037.50185084343,94908.52586102486
backup[greedy:2019:7000:all@20]|2024|7000|all,30,2021,all,16620,6208.9062220931055,10415.694253921509,17490.55637741089,25839.807870015506,45200.97338142397
backup[greedy:2019:7000:all@20]|2024|7000|all,30,2021,container,2505,3278.785841178894,6062.907232284546,9558.301894187927,17630.847728729248,68573.79793734546
backup[greedy:2019:7000:all@20]|2024|7000|all,30,2021,bulk,6773,10008.020259565115,15106.123717308044,20619.195816993717,27883.473751544952,41165.5367082596
backup[greedy:2019:7000:all@20]|2024|7000|all,30,2021,tanker,4085,5213.429891490936,8525.697931289673,13556.920254707336,21657.11979240179,33117.577824926375
backup[greedy:2019:7000:all@20]|2024|7000|all,30,2021,gas,977,9343.380904197691,15382.57619380951,22900.30476951599,38603.79634450376,71056.43652274605
backup[greedy:2019:7000:all@20]|2024|7000|all,30,2021,general,1751,7065.123700141907,10639.299194008112,16972.044247701764,27823.976482391357,58731.17391490936
backup[greedy:2019:7000:all@20]|2024|7000|all,30,2021,roro,529,8753.004404640198,11695.129022836683,16244.752292633057,24115.6044549942,84909.9414618015
backup[greedy:2019:7000:all@20]|2024|7000|all,30,2022,all,17691,5700.113592147827,9850.080645799639,16536.80696773529,24576.10431742668,43589.19189804792
backup[greedy:2019:7000:all@20]|2024|7000|all,30,2022,container,2890,3339.238730776311,5746.536658704281,9564.400511085987,17140.56242930889,56123.75579514502
backup[greedy:2019:7000:all@20]|2024|7000|all,30,2022,bulk,7090,8932.252528572084,13855.201924026012,19819.12517696619,26834.305131673813,39661.77326161861
backup[greedy:2019:7000:all@20]|2024|7000|all,30,2022,tanker,4229,5074.44187707901,8301.345276355743,13268.414885520937,20922.51036262512,32532.06992969513
backup[greedy:2019:7000:all@20]|2024|7000|all,30,2022,gas,991,8788.462145328522,14275.844255320728,21235.89083051681,39520.43112659454,70804.49087429047
backup[greedy:2019:7000:all@20]|2024|7000|all,30,2022,general,1884,6374.317051076889,10382.129560470583,15880.96321773529,26134.67713177204,58314.048960876484
backup[greedy:2019:7000:all@20]|2024|7000|all,30,2022,roro,607,8372.873665952682,11483.79205417633,15913.082509875298,22619.788131952286,65546.87477722166
backup[greedy:2019:7000:all@20]|2024|7000|all,30,2023,all,17714,5591.922292518616,9638.568227767944,16379.308737277985,24469.6047924757,44084.67338665728
backup[greedy:2019:7000:all@20]|2024|7000|all,30,2023,container,2948,3214.6248043000696,5713.668238461018,9745.411549568176,17893.418896317482,65676.52193751339
backup[greedy:2019:7000:all@20]|2024|7000|all,30,2023,bulk,7061,8354.688417434692,13352.969230651855,19692.501454353333,26172.093195915226,39235.18515872955
backup[greedy:2019:7000:all@20]|2024|7000|all,30,2023,tanker,4262,5171.145757436753,8319.242169380188,13045.828857183456,20522.498271226883,34999.09950581195
backup[greedy:2019:7000:all@20]|2024|7000|all,30,2023,gas,993,8902.777151250839,13825.29437160492,23590.27236890793,43625.19532394409,77871.67557773604
backup[greedy:2019:7000:all@20]|2024|7000|all,30,2023,general,1849,5839.054082059861,10017.678365707396,15991.392058253288,25921.0536737442,56563.87636394501
backup[greedy:2019:7000:all@20]|2024|7000|all,30,2023,roro,601,8591.657701015472,11707.778420180082,15579.500323295591,22384.204917907715,54298.84276211262
backup[greedy:2019:7000:all@20]|2024|7000|all,30,2024,all,16746,5484.472803376615,9941.034083127977,17134.785692691803,25743.15866935253,46488.66109961271
backup[greedy:2019:7000:all@20]|2024|7000|all,30,2024,container,2715,3304.8068426132204,5787.633920669556,10631.3523979187,18978.39155483246,76668.19690346712
backup[greedy:2019:7000:all@20]|2024|7000|all,30,2024,bulk,6665,8350.238587760925,13832.31173007749,20183.44026565552,27415.73297691345,40014.1193482399
backup[greedy:2019:7000:all@20]|2024|7000|all,30,2024,tanker,4087,4810.173302078248,8463.280297994614,13728.54228591919,21732.22271823883,37094.82051143647
backup[greedy:2019:7000:all@20]|2024|7000|all,30,2024,gas,951,8213.76408290863,13784.029541492462,25676.265104293823,49065.368577480316,85432.80204296112
backup[greedy:2019:7000:all@20]|2024|7000|all,30,2024,general,1767,6052.93811070919,9893.586868286133,16467.539565563202,27299.151798725128,58486.10357949734
backup[greedy:2019:7000:all@20]|2024|7000|all,30,2024,roro,561,8749.725290000439,12565.7643866539,17387.25572037697,23287.612864017487,57141.63782024384
backup[greedy:2019:7000:all@20]|2024|7000|all,30,2025,all,17006,5701.051368832588,10091.446869969368,17229.220925807953,25299.62201857567,43346.28693151475
backup[greedy:2019:7000:all@20]|2024|7000|all,30,2025,container,2779,3408.1808844327925,6213.272953510284,10822.433758497238,19862.468665525317,65663.5780961991
backup[greedy:2019:7000:all@20]|2024|7000|all,30,2025,bulk,6820,8266.927614521981,13894.964060425758,19974.439206123352,26917.827171206474,38891.48429918291
backup[greedy:2019:7000:all@20]|2024|7000|all,30,2025,tanker,4099,4587.50764708519,8530.20828050375,13702.121040344238,21485.19141769409,35102.989570426944
backup[greedy:2019:7000:all@20]|2024|7000|all,30,2025,gas,951,8274.894301891327,14763.778789043427,25291.19272613525,44561.830221414566,81293.85075962543
backup[greedy:2019:7000:all@20]|2024|7000|all,30,2025,general,1769,6591.1983596801765,10083.3173494339,16426.41354894638,26525.20792388916,49537.09188196661
backup[greedy:2019:7000:all@20]|2024|7000|all,30,2025,roro,588,8214.622871910036,11844.198778152466,17191.871993541718,23335.515227556225,57646.389644658586
external:yap4|-1|0|all,5,2018,all,15321,16304.39831161499,29919.728587150574,53657.81670284271,100971.69015979768,194385.01362419128
external:yap4|-1|0|all,5,2018,container,2234,11751.907033014299,20614.170669674873,40837.73792159557,117532.40286237001,220224.99827601018
external:yap4|-1|0|all,5,2018,bulk,6294,20778.09849214554,32911.48731815815,52470.10189270973,87060.34742796421,147970.28865966797
external:yap4|-1|0|all,5,2018,tanker,3798,15984.045260429382,30961.232508420944,54759.08794951438,100574.557107687,187506.6758104533
external:yap4|-1|0|all,5,2018,gas,820,26283.489636325834,63541.70816898346,146958.73622989655,378227.12158727646,646431.8213262797
external:yap4|-1|0|all,5,2018,general,1646,14900.232347220182,25934.475719809532,47854.35378241539,89626.78117066622,157876.99072764814
external:yap4|-1|0|all,5,2018,roro,529,22395.78095216751,36114.92692494392,59463.42357087135,107702.01457762718,188112.7519347667
external:yap4|-1|0|all,5,2019,all,15502,19586.83258452416,37810.3805680573,69031.0687828064,124649.8781953603,231274.08326029772
external:yap4|-1|0|all,5,2019,container,2209,11829.849536395073,22359.832893371586,59865.43011331558,158287.08164919913,276286.8850925923
external:yap4|-1|0|all,5,2019,bulk,6371,25389.962943077087,42754.11299753189,66172.07782030106,104943.54543209076,171743.27794265747
external:yap4|-1|0|all,5,2019,tanker,3924,18047.000998449326,36970.50110554695,68401.533700943,122617.9119861126,219066.24653229714
external:yap4|-1|0|all,5,2019,gas,874,34946.067242801226,91817.75903058052,207433.25909280777,447804.12462115294,659254.8750900269
external:yap4|-1|0|all,5,2019,general,1607,20019.395626616482,34328.13598367572,64308.24424982071,112097.54752634466,185131.77478389745
external:yap4|-1|0|all,5,2019,roro,517,26680.527376651764,40181.78413772583,67655.97913706303,124141.73070144652,222514.43962211613
external:yap4|-1|0|all,5,2020,all,15740,20859.97892892361,38824.90753352642,74273.04228973389,142655.21152818203,260330.86381219624
external:yap4|-1|0|all,5,2020,container,2212,12386.631614528596,22721.36175739765,69425.87957134843,184301.41589045528,305429.9830231667
external:yap4|-1|0|all,5,2020,bulk,6573,26460.134569931033,43729.78973674774,70161.63877487183,117482.19542503355,188646.43296184542
external:yap4|-1|0|all,5,2020,tanker,3944,18867.078276252745,36787.11112463474,73823.90448379517,142396.2807109356,242119.02488660815
external:yap4|-1|0|all,5,2020,gas,913,45092.86851387024,110985.38542842864,241354.9224834442,471674.05450823903,658181.7617451191
external:yap4|-1|0|all,5,2020,general,1592,21772.92052497864,36062.69628469646,69097.2649307251,124416.48218643665,209506.71569576286
external:yap4|-1|0|all,5,2020,roro,506,19232.24451494217,37101.067515164614,61153.74261689186,127898.67140942812,247831.23963689804
external:yap4|-1|0|all,5,2021,all,16620,21286.430595827103,40053.74200749398,77031.72780704498,149235.57007169724,273801.2726187229
external:yap4|-1|0|all,5,2021,container,2505,12285.126984977722,23008.31213057041,64661.44174480438,183273.2573134899,306133.0129305839
external:yap4|-1|0|all,5,2021,bulk,6773,27695.05729312897,45360.09680080414,73446.61130833626,119699.79829740524,196643.85772819517
external:yap4|-1|0|all,5,2021,tanker,4085,18589.68384599686,39588.57138347626,77996.38920116425,153100.03405475616,255942.3933174133
external:yap4|-1|0|all,5,2021,gas,977,49772.56938152314,131413.53467702866,280309.76261615753,476855.4802389145,649847.1805124283
external:yap4|-1|0|all,5,2021,general,1751,21056.80024945736,35059.28286266327,68832.99191525578,128738.21298956871,219610.5777515173
external:yap4|-1|0|all,5,2021,roro,529,24343.04790782929,39721.49992585182,67044.90615332127,133873.26436519623,287530.98559303285
external:yap4|-1|0|all,5,2022,all,17691,20591.039727211,39140.69020032883,76281.31154584885,148389.0741944313,272190.70358181
external:yap4|-1|0|all,5,2022,container,2890,12458.963371038437,22899.583000421524,64220.3295275867,179083.68084597588,302722.0179885268
external:yap4|-1|0|all,5,2022,bulk,7090,26643.623965358736,44190.70949995984,71819.61214905977,117789.50250673294,193339.82394781118
external:yap4|-1|0|all,5,2022,tanker,4229,19659.76849946976,39810.71671509743,80726.09500789642,156363.5277004242,257023.5986284258
external:yap4|-1|0|all,5,2022,gas,991,47712.36768627167,137471.23612737656,284153.21389484406,476905.5918266773,646518.3112568855
external:yap4|-1|0|all,5,2022,general,1884,20743.841899162533,35828.03862333298,66647.5671467185,124907.56233632565,211184.1030421019
external:yap4|-1|0|all,5,2022,roro,607,22452.601137447356,41291.25786161423,69546.41737914085,135841.83465635777,294998.6523108482
external:yap4|-1|0|all,5,2023,all,17714,20834.7665409565,37982.458858191974,74250.77946901321,146317.82761618495,268183.466539669
external:yap4|-1|0|all,5,2023,container,2948,12551.44128227234,23188.751343818378,67554.91550970078,179012.96971535683,291425.9205965758
external:yap4|-1|0|all,5,2023,bulk,7061,25858.090733528137,41083.282601356506,67656.1110496521,114377.78829145432,186270.00772953036
external:yap4|-1|0|all,5,2023,tanker,4262,20326.197420215605,39478.07317709923,80285.65131998062,152569.9186372161,253489.18661832815
external:yap4|-1|0|all,5,2023,gas,993,63041.55425930023,139390.93227553368,281738.54329299927,471809.06688690186,645874.7750332834
external:yap4|-1|0|all,5,2023,general,1849,20584.63760204316,35145.060279369354,66566.43181228638,124486.43690395357,205656.06768379215
external:yap4|-1|0|all,5,2023,roro,601,25332.92222929001,43340.29747009277,71018.41932678223,154106.01949185133,306683.32316303253
external:yap4|-1|0|all,5,2024,all,16746,20209.161544322968,37176.95843285322,71662.25714331865,137311.3062057495,256098.1523399353
external:yap4|-1|0|all,5,2024,container,2715,12542.699277591706,23325.915684223175,66878.98430728912,171308.47304153442,285525.7416316033
external:yap4|-1|0|all,5,2024,bulk,6665,24535.717426872256,39797.68110752106,64669.22477245331,106516.91493797302,172554.4302606583
external:yap4|-1|0|all,5,2024,tanker,4087,18517.924150657658,39561.087019860744,79255.36348247528,143167.64822912216,242153.29378738403
external:yap4|-1|0|all,5,2024,gas,951,54009.76988887787,126660.39081764221,253566.01905155185,464902.44201278687,648861.4598665237
external:yap4|-1|0|all,5,2024,general,1767,19067.452255816763,32363.38608789444,63319.68444311619,117157.68507055193,195376.67411444196
external:yap4|-1|0|all,5,2024,roro,561,26260.87737929821,41219.37652748823,72370.77019691467,157018.98941493034,301715.04003858566
external:yap4|-1|0|all,5,2025,all,17006,19639.119234368205,34758.02273321152,61009.99055862427,114322.03915208577,223580.65722858906
external:yap4|-1|0|all,5,2025,container,2779,12754.367310488224,23519.05746638775,57316.81828165054,138103.73198357224,256188.84621734664
external:yap4|-1|0|all,5,2025,bulk,6820,24879.872991752625,37469.35806429386,56354.22538518906,89851.21827030182,146400.75914735795
external:yap4|-1|0|all,5,2025,tanker,4099,17564.73967857361,35924.60581636429,66629.2611207962,118890.79008865356,217510.2599414827
external:yap4|-1|0|all,5,2025,gas,951,42126.81494092941,99769.3333120346,206095.08907222748,421041.9351532459,643275.5624160767
external:yap4|-1|0|all,5,2025,general,1769,17905.113398814203,28825.94584083557,53254.01281738281,100309.96765327454,175363.3374511719
external:yap4|-1|0|all,5,2025,roro,588,24379.67995080948,41412.68802833557,66407.17778611183,128295.82496011256,275200.83977807197
external:yap8|-1|0|all,10,2018,all,15321,12777.49944448471,24757.783495426174,44317.670078754425,81170.84219503403,144214.92991638184
external:yap8|-1|0|all,10,2018,container,2234,7311.263949072361,13647.301919460297,24316.31763601303,79034.37536412477,172326.37194843293
external:yap8|-1|0|all,10,2018,bulk,6294,18519.549502289294,29606.312480568882,46443.90810585022,75065.0044286251,119807.26773701308
external:yap8|-1|0|all,10,2018,tanker,3798,13362.164997529984,25982.075445353985,44165.95873594284,78399.06945937872,130341.31122295858
external:yap8|-1|0|all,10,2018,gas,820,23710.14068202973,52944.7199511528,109612.76739704609,212684.36573306844,399100.9077755451
external:yap8|-1|0|all,10,2018,general,1646,11360.539450645447,22150.36986547709,40092.107382535934,74517.89426469803,132172.3981409073
external:yap8|-1|0|all,10,2018,roro,529,13444.38652572632,26236.11714076996,45784.90577200986,79216.89936828613,146020.64534912107
external:yap8|-1|0|all,10,2019,all,15502,14635.455459880834,29268.798098742962,56339.59053468704,98998.19842982294,170208.50511322852
external:yap8|-1|0|all,10,2019,container,2209,7429.54483191967,14862.8887257576,25432.52730846405,105708.92733716965,206800.18477860693
external:yap8|-1|0|all,10,2019,bulk,6371,21799.26808166504,37046.20292377472,58004.31527042389,91411.66633582115,138656.41377997398
external:yap8|-1|0|all,10,2019,tanker,3924,15429.565956115723,28888.892395853996,54729.368221998215,93380.21984291077,147788.39763782028
external:yap8|-1|0|all,10,2019,gas,874,31098.89106148482,76031.48561048508,137521.73379945755,249056.73985153434,425023.6828518868
external:yap8|-1|0|all,10,2019,general,1607,14031.51997472644,27591.526325941086,52709.65377521515,91934.8783493042,153605.5979631424
external:yap8|-1|0|all,10,2019,roro,517,15662.90315899849,31072.59907054901,50844.57314682007,89475.7796599865,166815.57451820397
external:yap8|-1|0|all,10,2020,all,15740,15053.110506314039,29619.19797444344,57907.395986795425,108258.98309755327,191263.93542490006
external:yap8|-1|0|all,10,2020,container,2212,7218.183182251453,14415.309277176857,26406.198417067528,117163.40274679662,231967.91056299512
external:yap8|-1|0|all,10,2020,bulk,6573,22830.55050086975,37201.95199012756,59965.01716995239,98251.31239509584,155015.74759845735
external:yap8|-1|0|all,10,2020,tanker,3944,15585.421430277824,28353.11165010929,55305.44538009167,101061.35105216505,169131.22755746858
external:yap8|-1|0|all,10,2020,gas,913,34165.39045753479,83217.14762532711,160081.48752975464,282918.3517229557,440017.22595920577
external:yap8|-1|0|all,10,2020,general,1592,14747.61631755829,28559.11882248521,53005.876143455505,102557.50654506683,169286.31672909672
external:yap8|-1|0|all,10,2020,roro,506,13917.486268281937,28609.151309490204,48195.21503782272,85819.74470412731,183006.13644956052
external:yap8|-1|0|all,10,2021,all,16620,15148.040460681916,30082.132885813713,58705.74869143963,108540.02537953854,200086.62278199196
external:yap8|-1|0|all,10,2021,container,2505,7911.088440036774,13836.97085571289,25353.68116378784,109235.94789111614,233357.36804189676
external:yap8|-1|0|all,10,2021,bulk,6773,24188.716729354863,38168.42341709137,61697.87803077698,98344.64012527466,159852.47864551545
external:yap8|-1|0|all,10,2021,tanker,4085,15020.567525339127,29370.42381548881,56478.4753446579,103110.29984641077,177537.87146530152
external:yap8|-1|0|all,10,2021,gas,977,41093.47307705879,85345.42681407928,169485.71456336975,304977.118929863,449547.27441196446
external:yap8|-1|0|all,10,2021,general,1751,15919.233655929564,27820.76989555359,52564.96941947937,101690.78478753567,180189.8087158203
external:yap8|-1|0|all,10,2021,roro,529,16629.000027465823,32147.89582425356,54720.48778438568,99163.43194198608,208247.72207884787
external:yap8|-1|0|all,10,2022,all,17691,14420.794732093813,28567.680943012238,57594.91239452362,107762.19097864628,198304.5288925171
external:yap8|-1|0|all,10,2022,container,2890,8006.228825616837,14037.33568736911,25144.933196067806,106367.6753846407,236186.73897478575
external:yap8|-1|0|all,10,2022,bulk,7090,23028.506629276275,37251.68765664101,60224.91795194149,96805.03082418442,156695.88364905716
external:yap8|-1|0|all,10,2022,tanker,4229,15120.99730644226,30006.55249023437,58435.29004096985,107163.37203097343,179136.60606575015
external:yap8|-1|0|all,10,2022,gas,991,40598.62896156311,89188.60086941719,169485.71456336975,306084.4126906395,440543.3916990757
external:yap8|-1|0|all,10,2022,general,1884,14126.886136469246,26715.54499077797,49659.62894964218,96897.85641559958,177451.95903892518
external:yap8|-1|0|all,10,2022,roro,607,14879.234667396546,29570.921835422516,53350.964369773865,98304.98619127274,195559.14622068402
external:yap8|-1|0|all,10,2023,all,17714,14441.875719094276,28494.61069524288,55306.63862991333,106335.47669231892,193384.8928835869
external:yap8|-1|0|all,10,2023,container,2948,7623.582975912094,14529.563864827156,25585.50865828991,108632.55433750153,227561.37865250127
external:yap8|-1|0|all,10,2023,bulk,7061,22441.150008499622,35107.6637878418,56863.684823036194,93114.62540626526,148815.74773454666
external:yap8|-1|0|all,10,2023,tanker,4262,15841.958233070374,29628.2558927536,56058.971516132355,104801.9403398037,176086.76316318513
external:yap8|-1|0|all,10,2023,gas,993,43535.35919544697,89036.03490924835,165113.8211927414,283597.8507385254,425121.6502193452
external:yap8|-1|0|all,10,2023,general,1849,13697.879509925842,27216.890328645703,50146.691647052765,96223.97953104971,173932.93594779968
external:yap8|-1|0|all,10,2023,roro,601,16618.051389932632,30887.64236855507,52886.77840518952,99874.0909371376,210871.0651750565
external:yap8|-1|0|all,10,2024,all,16746,13892.119544506073,28063.025410175323,54537.91798353195,102099.06206133962,184292.66338080168
external:yap8|-1|0|all,10,2024,container,2715,7362.681829309465,14241.514810860157,26559.72654724121,108677.17793989182,213034.42995785468
external:yap8|-1|0|all,10,2024,bulk,6665,21601.136536312108,34086.15281867981,54726.15463781357,87929.95409917831,138154.77942695617
external:yap8|-1|0|all,10,2024,tanker,4087,13812.060608673099,30002.58888271451,57314.48536539078,103456.91526150703,170413.3669169903
external:yap8|-1|0|all,10,2024,gas,951,34032.962445259094,83578.85044908524,154849.53309631348,266394.84992551804,407664.5787534714
external:yap8|-1|0|all,10,2024,general,1767,13984.687261046469,25645.65939617157,48484.31558084488,91054.24479395151,161392.52145690925
external:yap8|-1|0|all,10,2024,roro,561,18213.369462013245,30328.99643921852,52473.92277789116,95866.31176280975,213021.86990618703
external:yap8|-1|0|all,10,2025,all,17006,13898.282469391825,26624.48152899742,48442.323638916016,85346.86872944236,159092.41754484177
external:yap8|-1|0|all,10,2025,container,2779,8240.916429328918,14837.838164687157,26408.16655063629,84740.78299862146,189982.72272434254
external:yap8|-1|0|all,10,2025,bulk,6820,21832.490873146056,32360.1822321415,48896.746235609055,75595.79738473892,119325.50225276951
external:yap8|-1|0|all,10,2025,tanker,4099,12531.095226860049,27180.86957836151,50307.26219511032,87185.16012787819,151726.80646677018
external:yap8|-1|0|all,10,2025,gas,951,27307.979130268097,65722.06558656693,125633.65368795396,221547.1110200882,382513.7346801758
external:yap8|-1|0|all,10,2025,general,1769,13357.104522037505,23938.939472198486,42059.361808776855,76534.44830739498,144158.75777177812
external:yap8|-1|0|all,10,2025,roro,588,18663.52125720978,28487.24548382871,47226.85844993591,84459.66303873062,190444.53640414478
greedy|2018|10000|all,20,2018,all,15321,6697.664289474487,11383.41685962677,18806.739273548126,28645.713280677795,50469.69680786133
greedy|2018|10000|all,20,2018,container,2234,3585.052805328369,7114.417268276215,11086.92509841919,22768.974112391472,89502.1476979733
greedy|2018|10000|all,20,2018,bulk,6294,9606.614497280123,15405.497998952864,21688.951725482937,30360.366649508476,46179.878673171996
greedy|2018|10000|all,20,2018,tanker,3798,5689.872059571743,9979.207395553589,15853.84548664093,24387.464898765087,38890.26214461327
greedy|2018|10000|all,20,2018,gas,820,7238.572074048221,12975.44217479229,19993.378440380096,37525.801648795605,61792.309940874606
greedy|2018|10000|all,20,2018,general,1646,7545.464834623039,11742.418724536896,18394.889280319214,31337.458294332027,64712.858340874314
greedy|2018|10000|all,20,2018,roro,529,9580.04984277487,13448.913184165956,18567.513325691223,25774.905648231503,69175.79295310973
greedy|2018|10000|all,20,2019,all,15502,7180.989704704285,12199.058753728868,20525.916246414185,32709.208207666874,60574.9443264365
greedy|2018|10000|all,20,2019,container,2209,3396.9336652755733,7310.189681529999,11718.374960660934,29342.48868370056,109576.0966898203
greedy|2018|10000|all,20,2019,bulk,6371,10614.572366714478,17003.135989904404,23308.4885969162,34293.11537563801,52895.17327642441
greedy|2018|10000|all,20,2019,tanker,3924,6193.7787147998815,10467.750204518437,17168.924563407898,26913.08067113161,47513.20543985369
greedy|2018|10000|all,20,2019,gas,874,8407.03723897934,14300.730444848537,22960.640748500824,40631.679983854294,79178.3089826585
greedy|2018|10000|all,20,2019,general,1607,8034.920176696778,13141.717685103416,21676.632692813877,38424.144428014755,85492.80662813186
greedy|2018|10000|all,20,2019,roro,517,9317.267288117855,13660.799745202065,19438.360310554504,29530.88592529297,99540.97239729167
greedy|2018|10000|all,20,2020,all,15740,7238.603979063034,12346.076536614448,20416.942950725555,32323.38256597519,63763.392809023004
greedy|2018|10000|all,20,2020,container,2212,3455.848012018204,7465.9612246751785,11790.177402019503,27430.92366623878,125139.42186746604
greedy|2018|10000|all,20,2020,bulk,6573,11059.002138137817,17445.35015106201,23127.004143714905,33437.25282263756,53097.867372941975
greedy|2018|10000|all,20,2020,tanker,3944,5969.440551519394,10309.589250475168,16816.116199731827,26113.3730686903,48864.805337595986
greedy|2018|10000|all,20,2020,gas,913,8700.592994189263,15801.6605386734,24043.78873825073,43421.653036117554,90794.6730783463
greedy|2018|10000|all,20,2020,general,1592,7593.535982256383,12715.507478892803,21697.456033945084,40383.63991701603,94399.39582560364
greedy|2018|10000|all,20,2020,roro,506,9635.965702742338,12976.993163585663,18070.596261501312,28113.870435118675,108102.45973646642
greedy|2018|10000|all,20,2021,all,16620,7661.228042274714,12640.019751966,20763.102289676666,33051.23549237847,65314.70586661552
greedy|2018|10000|all,20,2021,container,2505,4116.304408454895,7903.329766750336,12209.981402158735,28298.69537448883,132706.55064182275
greedy|2018|10000|all,20,2021,bulk,6773,12042.36814928055,17829.739594459534,23640.15898799896,34462.33252000809,54535.265462493895
greedy|2018|10000|all,20,2021,tanker,4085,5941.070545387269,10199.885805130005,16580.569762945175,26352.97401666641,46511.700082063675
greedy|2018|10000|all,20,2021,gas,977,10306.973103141785,17252.787614822388,26371.00439596176,46957.17092800141,97024.63943881988
greedy|2018|10000|all,20,2021,general,1751,8861.534903526306,13302.663541510701,21614.30160522461,41126.130773067474,90968.243029356
greedy|2018|10000|all,20,2021,roro,529,9914.027231788636,13525.67337024212,18961.85747241974,30422.74203109741,99524.68081073758
greedy|2018|10000|all,20,2022,all,17691,7026.7320466041565,12055.242187976837,19882.36050081253,31923.5982786417,64319.3592781052
greedy|2018|10000|all,20,2022,container,2890,4025.4602791547777,7751.79526746273,12124.424357175827,25265.657969594,119459.58376698493
greedy|2018|10000|all,20,2022,bulk,7090,10851.175842285158,16901.244004011154,23052.56185626984,33437.22480916977,52586.39516973497
greedy|2018|10000|all,20,2022,tanker,4229,5778.835073852539,9935.7941198349,16314.020520687103,25465.891757011414,47064.51779470444
greedy|2018|10000|all,20,2022,gas,991,10283.547366797924,16386.378682613373,25405.497901916504,49234.651045680046,93870.5929646492
greedy|2018|10000|all,20,2022,general,1884,8280.249051824212,12796.234662055967,20518.949687480927,41052.154639750726,88302.57102456094
greedy|2018|10000|all,20,2022,roro,607,9310.112303781509,13520.595487356186,19352.3119058609,30684.53352726996,85670.03127524846
greedy|2018|10000|all,20,2023,all,17714,6983.639510822298,11885.950556993483,19829.59452831745,32144.457772016525,65528.83641328815
greedy|2018|10000|all,20,2023,container,2948,3862.9142041891814,7787.293899565935,12749.646463900805,31180.21692469716,125889.54304757135
greedy|2018|10000|all,20,2023,bulk,7061,10119.212234534323,16062.990701675417,22461.54494857788,32401.64725112915,51286.31805276871
greedy|2018|10000|all,20,2023,tanker,4262,6024.862369000913,9768.732675731182,16056.182044506073,25577.326887130737,49965.17192993166
greedy|2018|10000|all,20,2023,gas,993,10720.9822742939,16935.274065971375,27620.215052604675,51882.39264297485,97131.80444278718
greedy|2018|10000|all,20,2023,general,1849,8112.470663070679,12757.196303069592,21552.814925193787,39838.55577468872,83619.96801557542
greedy|2018|10000|all,20,2023,roro,601,10044.817956924438,13631.611870765686,18363.837058603764,28981.26643562317,87529.69334602356
greedy|2018|10000|all,20,2024,all,16746,6807.096670150757,12381.713181972504,20733.152179718018,33599.70141810179,67709.07606077194
greedy|2018|10000|all,20,2024,container,2715,3878.604981899262,7897.779994904995,14213.155556678772,37544.56634706259,126491.29167847631
greedy|2018|10000|all,20,2024,bulk,6665,10456.288633873313,16927.877190589905,23064.967961788177,33432.10575199127,52521.01893157962
greedy|2018|10000|all,20,2024,tanker,4087,5402.860433101654,9909.189474582672,16557.605297088623,27051.289071798325,51597.31390013695
greedy|2018|10000|all,20,2024,gas,951,9667.423478603365,17517.92058467865,28960.75524902344,58874.62855195999,105138.88906860352
greedy|2018|10000|all,20,2024,general,1767,7865.392198753358,13109.989978075027,22092.4600815773,39132.76468420029,85112.340966034
greedy|2018|10000|all,20,2024,roro,561,11499.53468799591,14710.543262958528,20564.69415473938,30565.73986530304,90917.40655869246
greedy|2018|10000|all,20,2025,all,17006,7063.073926568031,12649.572254180908,20903.664972126484,32885.878427386284,60990.20107984543
greedy|2018|10000|all,20,2025,container,2779,4403.2247547149655,8761.929684102535,15691.96766090393,39914.66649259627,106110.35960648063
greedy|2018|10000|all,20,2025,bulk,6820,10711.86974425316,17313.593994617462,23168.747250556946,33231.16298389435,48989.586031341554
greedy|2018|10000|all,20,2025,tanker,4099,5145.110183620453,9959.8693318367,16622.721795082092,26521.80367422104,45511.83829364778
greedy|2018|10000|all,20,2025,gas,951,9538.226588249208,17429.20173072815,28575.379375457764,52567.57203722,92462.72335338593
greedy|2018|10000|all,20,2025,general,1769,8303.514829134941,12651.844644367697,21648.5236825943,36054.16198635101,73218.81923249515
greedy|2018|10000|all,20,2025,roro,588,9911.816769850255,15027.117809951305,20556.858165979385,30031.32925248146,72030.7183875084
greedy|2018|10000|bulk,20,2018,all,15321,9209.551904678345,14424.2638463974,21946.917221069336,38519.83987116814,91537.46324722467
greedy|2018|10000|bulk,20,2018,container,2234,8335.863262701036,13765.297218799591,26732.492109775543,95473.07391238213,209970.66416549686
greedy|2018|10000|bulk,20,2018,bulk,6294,9096.698742032051,13884.345192432404,19470.928005695343,27451.251936674118,40960.82535572052
greedy|2018|10000|bulk,20,2018,tanker,3798,8203.584671568871,13914.6279591918,22592.234123706818,38229.978196144104,75478.04730979205
greedy|2018|10000|bulk,20,2018,gas,820,10686.364821648598,17392.496530413628,29861.602721750736,57181.8655606769,109005.16894493107
greedy|2018|10000|bulk,20,2018,general,1646,10277.109202384949,15962.31590613723,26499.65609106794,61748.63481479883,153762.47189489007
greedy|2018|10000|bulk,20,2018,roro,529,15748.291498613358,23345.03098678589,33507.341733932495,70597.10148477554,203920.69539833063
greedy|2018|10000|bulk,20,2019,all,15502,9831.452777147293,15608.09081363678,24285.49954724312,46342.14353913069,114703.28518075935
greedy|2018|10000|bulk,20,2019,container,2209,9263.693764019014,15219.954851448536,35878.109459877014,126492.62692260742,249547.342198372
greedy|2018|10000|bulk,20,2019,bulk,6371,9581.852878808975,14560.553272247314,20760.27864742279,30358.61159515381,48733.50838518143
greedy|2018|10000|bulk,20,2019,tanker,3924,9108.174118757248,14999.6983705163,24987.788573265076,45935.17215836048,88449.92451311351
greedy|2018|10000|bulk,20,2019,gas,874,12667.893111753463,20023.43624520302,34772.419033527374,67687.2049459219,140808.32285385134
greedy|2018|10000|bulk,20,2019,general,1607,11997.485599803924,19126.25606692955,33297.998215675354,84426.3950420022,179977.80326747906
greedy|2018|10000|bulk,20,2019,roro,517,17611.226949691772,25898.591468811035,36821.88593888283,97877.12712097168,263957.5046252253
greedy|2018|10000|bulk,20,2020,all,15740,10016.650667261983,15698.653355836868,23945.97005033493,46719.7766122818,127674.14467625621
greedy|2018|10000|bulk,20,2020,container,2212,9037.129287719727,15805.033910632133,38550.59842506051,148447.5893574953,289463.7791465044
greedy|2018|10000|bulk,20,2020,bulk,6573,9949.53923549652,14661.912385940552,20651.3738193512,29630.897214889526,47038.78362140657
greedy|2018|10000|bulk,20,2020,tanker,3944,8818.676641821861,14867.093002080917,24449.043452978134,47903.4325016737,101739.53299361472
greedy|2018|10000|bulk,20,2020,gas,913,13058.475141334533,20091.837392807007,36067.84564304352,72569.07988214493,157943.34748630534
greedy|2018|10000|bulk,20,2020,general,1592,11740.045345640185,19375.21612796933,33525.038741111755,96344.51890301704,207465.5682113648
greedy|2018|10000|bulk,20,2020,roro,506,15579.034576416016,23289.711591273546,37138.87364768982,101926.06000459196,287937.94063043594
greedy|2018|10000|bulk,20,2021,all,16620,10630.632234472037,16391.154230117798,25051.38222694397,49352.636327028275,138517.02491154673
greedy|2018|10000|bulk,20,2021,container,2505,10475.07574558258,18675.788306236267,43741.68929028511,155979.55154418945,294347.03087196336
greedy|2018|10000|bulk,20,2021,bulk,6773,10688.92902803421,15463.7748169899,21390.349645614624,30732.58922386169,48800.81388320923
greedy|2018|10000|bulk,20,2021,tanker,4085,8616.635400485993,14487.668683052065,24872.27831554413,47951.846336364746,104826.42908430098
greedy|2018|10000|bulk,20,2021,gas,977,15213.56801264286,22128.99800747633,39165.375212579966,80963.41627037525,162568.97641925808
greedy|2018|10000|bulk,20,2021,general,1751,12933.725794315338,19715.08049154282,35217.27314518392,99205.22138554975,210361.2281227112
greedy|2018|10000|bulk,20,2021,roro,529,17258.566580390932,24573.670061826702,36065.880360126495,101899.19447231293,357124.63119549747
greedy|2018|10000|bulk,20,2022,all,17691,10242.30605405569,16150.42895436287,24939.433825969696,49286.769630119205,136422.81398677826
greedy|2018|10000|bulk,20,2022,container,2890,9427.662119722369,17574.18009519577,40501.30231189728,142815.79462471604,283204.7840388894
greedy|2018|10000|bulk,20,2022,bulk,7090,10373.635257530213,15449.443986415863,21497.564866304398,30541.67435735464,48409.04178023339
greedy|2018|10000|bulk,20,2022,tanker,4229,8326.959454345704,14185.355398058891,24679.7655248642,47443.97165632248,104748.28582115179
greedy|2018|10000|bulk,20,2022,gas,991,13949.774134159088,20749.461916796863,42644.49350833893,93043.74783849716,173860.79948997498
greedy|2018|10000|bulk,20,2022,general,1884,12864.959902411698,19005.297816872597,33647.54370999336,90915.28360776603,209130.3716223121
greedy|2018|10000|bulk,20,2022,roro,607,15814.76711986661,23833.105022907257,36803.73320865631,91841.17945914716,315099.3296991272
greedy|2018|10000|bulk,20,2023,all,17714,9968.202692222594,15719.762798786163,24636.560324072838,50072.00293567777,133885.673155588
greedy|2018|10000|bulk,20,2023,container,2948,8668.31442952156,16925.374911010265,43808.32839155197,140821.71420407295,270943.6164980889
greedy|2018|10000|bulk,20,2023,bulk,7061,10046.001244544985,14909.12929046154,20908.653979301453,29555.004868507385,47159.14298915863
greedy|2018|10000|bulk,20,2023,tanker,4262,8713.600725650787,14338.176677286625,24361.48932981491,47320.988027095795,98725.19087975028
greedy|2018|10000|bulk,20,2023,gas,993,13239.878032040597,22764.19380569458,44812.20885705948,101728.09362983704,184506.57536430372
greedy|2018|10000|bulk,20,2023,general,1849,12570.188656830787,19090.722830295563,33802.62896116078,88544.24871778488,200171.28301763537
greedy|2018|10000|bulk,20,2023,roro,601,16756.899230092764,24511.209137916565,36649.85125923157,94207.0131559372,311654.9751980975
greedy|2018|10000|bulk,20,2024,all,16746,9661.286598682404,15980.697557181118,25203.586731910706,50409.8402453661,125953.85058194399
greedy|2018|10000|bulk,20,2024,container,2715,8678.112116718292,17113.69900417328,46378.71523785591,131017.75558675453,260384.05081393715
greedy|2018|10000|bulk,20,2024,bulk,6665,9875.384163570405,15099.13158941269,21410.991240501404,30476.20490264893,47961.39341363912
greedy|2018|10000|bulk,20,2024,tanker,4087,7601.104209470749,14200.449659824371,24576.92892074585,46733.88900780678,90665.12109925746
greedy|2018|10000|bulk,20,2024,gas,951,13106.120587557554,24387.994131088257,47033.58516430855,103238.64500689507,183489.51111221316
greedy|2018|10000|bulk,20,2024,general,1767,12082.675491905211,19337.126722216606,33982.32593154907,83407.79786705971,191378.1700657368
greedy|2018|10000|bulk,20,2024,roro,561,16981.883115291595,24403.40429097414,39067.9293756485,101254.4303356111,298049.6536296606
greedy|2018|10000|bulk,20,2025,all,17006,9740.715886116028,16070.62021395564,24937.141822099686,45750.453449480236,108158.8993961811
greedy|2018|10000|bulk,20,2025,container,2779,9088.11622505188,18442.678476333618,45674.26163434982,108034.22792446613,224981.07621793766
greedy|2018|10000|bulk,20,2025,bulk,6820,10040.188105154039,15385.299520373344,21199.099917411804,30361.787555634975,44942.34172301292
greedy|2018|10000|bulk,20,2025,tanker,4099,7206.4517963409435,13784.564504861832,23744.77174091339,41794.10305547714,78213.42153110505
greedy|2018|10000|bulk,20,2025,gas,951,12571.633462905884,23977.29518428445,44413.49598407745,86844.82690405846,156133.622508049
greedy|2018|10000|bulk,20,2025,general,1769,11996.040809488299,19453.063743323088,31680.80504226685,70065.49176263809,170498.7740403652
greedy|2018|10000|bulk,20,2025,roro,588,16774.250394248964,25845.793433472514,38326.298125982285,81723.50676189363,267582.94844538043
greedy|2018|10000|container,20,2018,all,15321,7274.2055678367615,13149.320713996887,23266.948848247528,38892.4022769928,65356.88208651543
greedy|2018|10000|container,20,2018,container,2234,3589.1519250392917,6603.582168161869,9598.856211900711,18711.893202461302,82631.50923154355
greedy|2018|10000|container,20,2018,bulk,6294,12415.764095783232,20020.744657039642,28516.392374277115,42628.76558458805,62527.1511431694
greedy|2018|10000|container,20,2018,tanker,3798,7441.0462239980725,13028.436930298805,21442.390988111496,34858.63517165184,59805.482512044924
greedy|2018|10000|container,20,2018,gas,820,10440.707614040379,16921.28161585331,29186.9223600626,50524.586737573154,105293.14192409517
greedy|2018|10000|container,20,2018,general,1646,7617.588546991348,12319.972603321075,20744.73471927643,36181.30873343907,66971.9309952259
greedy|2018|10000|container,20,2018,roro,529,8622.013503932953,13221.22017264366,17700.945965766907,25533.745391845703,58881.87141790388
greedy|2018|10000|container,20,2019,all,15502,7822.503568565846,14445.0735309124,26009.151464939117,45329.93359541894,78824.74048364758
greedy|2018|10000|container,20,2019,container,2209,3321.9406604766846,6771.660380363464,10037.608422279358,22680.66845440865,103758.54999938607
greedy|2018|10000|container,20,2019,bulk,6371,13829.46480035782,21869.188953876495,31922.86196899414,48320.317598581314,73498.2470779419
greedy|2018|10000|container,20,2019,tanker,3924,8381.777581644059,14095.638278007507,23403.750784873962,39933.841871380806,67969.54269979
greedy|2018|10000|container,20,2019,gas,874,11699.072856281698,19082.176275491714,32790.41493701935,62338.32629084587,124505.13980233677
greedy|2018|10000|container,20,2019,general,1607,8377.401249808074,13836.11439973116,25180.39972782135,47359.4059355706,88448.5726589203
greedy|2018|10000|container,20,2019,roro,517,9153.897958254815,13660.799745202065,19124.66069364548,29267.57385492325,71088.71714324955
greedy|2018|10000|container,20,2020,all,15740,8087.788203273714,15077.916660130024,26182.049590975046,45415.54871821404,83617.63655688168
greedy|2018|10000|container,20,2020,container,2212,3272.351329755784,6920.751775234938,10487.517366409302,23528.64408951253,113008.2069645882
greedy|2018|10000|container,20,2020,bulk,6573,15115.431468009949,22327.614016532894,31744.55983352661,48425.364459991455,76925.19132337571
greedy|2018|10000|container,20,2020,tanker,3944,8441.017734253406,14120.30031132698,23401.680846214294,40397.63659596444,72011.25877723699
greedy|2018|10000|container,20,2020,gas,913,13100.4476770401,19958.195804595947,33720.44497966766,67754.5208120346,134454.80119266518
greedy|2018|10000|container,20,2020,general,1592,8147.458196508886,13840.120514918119,25512.52050920576,47878.1029406013,96623.92493776977
greedy|2018|10000|container,20,2020,roro,506,8947.514703333378,12712.959394454956,18247.66445440054,28113.870435118675,83603.14190325141
greedy|2018|10000|container,20,2021,all,16620,8492.325955843926,15163.976022168996,26693.76695370674,45735.96255004406,85529.82393685728
greedy|2018|10000|container,20,2021,container,2505,4130.034508228302,7052.80329489708,11369.51285648346,22683.875463843346,114228.30613365174
greedy|2018|10000|container,20,2021,bulk,6773,15896.253026199342,22954.30434322357,32858.46119070053,49285.09513473511,78300.3697555542
greedy|2018|10000|container,20,2021,tanker,4085,8195.357471561432,13740.667340278624,23349.908000946045,40098.15553474426,72343.75502066611
greedy|2018|10000|container,20,2021,gas,977,14371.501457738877,22859.612867116928,36707.381481170654,70602.62789916992,151174.9207364082
greedy|2018|10000|container,20,2021,general,1751,9559.711248397827,14861.733721196651,24662.67783260345,47510.40345009416,94917.91444206238
greedy|2018|10000|container,20,2021,roro,529,9329.06880605221,13801.430800437927,19128.034605383877,30278.724152088165,83780.16938643454
greedy|2018|10000|container,20,2022,all,17691,7799.810663223267,14275.904445409775,24963.73181152344,43916.1910033226,83264.81921195984
greedy|2018|10000|container,20,2022,container,2890,4014.5335770130155,6688.730863571167,11483.929453134537,21089.917179852724,107091.96785942317
greedy|2018|10000|container,20,2022,bulk,7090,14348.951096874476,21673.142590761185,31069.95676784031,46982.070103168495,74673.32694520951
greedy|2018|10000|container,20,2022,tanker,4229,7779.0189203262335,13513.71292591095,22498.958866119385,38458.889944553375,71762.9634659052
greedy|2018|10000|container,20,2022,gas,991,14819.105368614197,21305.77587223053,37437.56441730261,76230.6645565033,158263.47094345093
greedy|2018|10000|container,20,2022,general,1884,8586.283734035493,14044.658323677257,23411.666364192963,47107.594173859805,94891.660556221
greedy|2018|10000|container,20,2022,roro,607,9108.283438968658,13487.950494647026,19238.928387403488,30346.938559889793,76136.92627215384
greedy|2018|10000|container,20,2023,all,17714,7695.920141029358,13934.922910392284,24842.665155172348,44289.16298055649,83847.41732339861
greedy|2018|10000|container,20,2023,container,2948,3993.376629900932,6720.725237838924,11654.678709924221,22128.70779275894,110712.8993949415
greedy|2018|10000|container,20,2023,bulk,7061,13360.856746673584,21406.396158218384,30820.67780208588,46895.19620227814,72863.08369350433
greedy|2018|10000|container,20,2023,tanker,4262,7842.645251226425,13479.063941836359,22337.999069452286,39436.19178289175,75907.03351675274
greedy|2018|10000|container,20,2023,gas,993,14671.312291336062,22797.841499328613,42175.789585113525,83360.13073021173,158163.22446422584
greedy|2018|10000|container,20,2023,general,1849,8647.124246323108,13909.647632598875,24216.303021669388,45932.00301504135,93821.54786472322
greedy|2018|10000|container,20,2023,roro,601,9827.996914625168,13445.826392650604,17906.21519088745,28023.73183441162,60657.55983161926
greedy|2018|10000|container,20,2024,all,16746,7815.589697360992,14882.533528089523,26769.366624951363,47538.92960481439,87064.9335861206
greedy|2018|10000|container,20,2024,container,2715,4063.8843489646915,7217.204570055008,12985.419445991516,25925.13410627842,113031.07865169048
greedy|2018|10000|container,20,2024,bulk,6665,13571.48233470917,22164.179200172424,32395.99185180664,49443.895924568176,75248.31552076341
greedy|2018|10000|container,20,2024,tanker,4087,7160.887643814087,13921.914269447327,24225.77602291107,42454.38705062866,78340.99422225954
greedy|2018|10000|container,20,2024,gas,951,17208.884740829468,26289.042922496796,50081.69853353501,93286.74509227276,170260.22381687164
greedy|2018|10000|container,20,2024,general,1767,8183.558752250672,14139.10595664382,25248.77143096924,47747.55863368511,94889.04352698328
greedy|2018|10000|container,20,2024,roro,561,10262.526012063026,14279.09142780304,20538.904349327087,30381.95196533203,63784.73715019226
greedy|2018|10000|container,20,2025,all,17006,8124.516187906265,14840.144005894663,26385.89872252941,45228.08245885372,78397.79850697517
greedy|2018|10000|container,20,2025,container,2779,4494.746050262452,7979.887077569962,13532.73941898346,25835.20721721649,93781.20601947341
greedy|2018|10000|container,20,2025,bulk,6820,13727.905860519411,22204.68403983116,32196.612058639526,47313.08568404615,69650.5245437622
greedy|2018|10000|container,20,2025,tanker,4099,6638.960136604309,13865.548728466034,23851.61236000061,40503.61019462347,72295.3273318291
greedy|2018|10000|container,20,2025,gas,951,13453.537429571152,25760.594197273254,46079.33291721344,84566.30784273148,145632.15220355988
greedy|2018|10000|container,20,2025,general,1769,8545.2007417202,13695.665762647986,24320.996038913727,44151.56899833679,84578.50480957032
greedy|2018|10000|container,20,2025,roro,588,8979.72531976402,13571.181044667957,19708.717514634132,28766.414194583896,62080.77546556005
greedy|2018|5000|all,20,2018,all,15321,6232.1461815834045,11734.827478457242,20602.46353530884,33984.59375,63144.06113338471
greedy|2018|5000|all,20,2018,container,2234,3213.2274128496647,6404.564503312111,11882.122903823853,24387.013725578785,121863.07025921348
greedy|2018|5000|all,20,2018,bulk,6294,8760.023444640638,16787.033616773784,23241.06382870674,35702.80248193443,56559.61891574859
greedy|2018|5000|all,20,2018,tanker,3798,5643.142146325112,10557.536806881428,18646.051916599274,29664.329287052155,52309.118604993826
greedy|2018|5000|all,20,2018,gas,820,7855.805333869159,14334.876491680741,23745.591584205627,42713.60114210844,82566.69822680952
greedy|2018|5000|all,20,2018,general,1646,6304.213639378548,10794.636863470078,19484.778431415558,35192.09198868647,69142.67915940285
greedy|2018|5000|all,20,2018,roro,529,8875.663771057129,13859.072749376295,21736.351980686188,32413.40199744329,83070.33761391637
greedy|2018|5000|all,20,2019,all,15502,6613.445393037796,12643.488838464022,22616.180461883545,39821.25137639046,77672.51938939093
greedy|2018|5000|all,20,2019,container,2209,3012.649566459656,6545.251326560974,13280.62808418274,48606.1732879281,160595.2122075081
greedy|2018|5000|all,20,2019,bulk,6371,9221.380906105042,17836.99771118164,25275.29282951355,40832.1695394516,64477.93552398682
greedy|2018|5000|all,20,2019,tanker,3924,6210.813815736771,11336.824174404144,20602.148427009583,34766.01089143753,62819.131398105645
greedy|2018|5000|all,20,2019,gas,874,8778.40989227295,16032.324921250343,26155.7576546669,50899.17244547606,100953.4705193043
greedy|2018|5000|all,20,2019,general,1607,6825.557676219941,11712.504162579775,22464.05091738701,42589.03539210558,87100.81807470326
greedy|2018|5000|all,20,2019,roro,517,9477.75029888153,15825.07805609703,23213.500950574875,38716.40256214142,110041.03195152296
greedy|2018|5000|all,20,2020,all,15740,6776.278472429515,13054.137853622435,22483.669878959656,38925.915759563446,82485.51014013292
greedy|2018|5000|all,20,2020,container,2212,2919.8148688316346,6403.162415266038,13130.082277178764,43170.221003100276,180512.53170598147
greedy|2018|5000|all,20,2020,bulk,6573,10130.619613736868,18118.84197998047,24814.28996372223,39247.87369585037,64699.92893161774
greedy|2018|5000|all,20,2020,tanker,3944,6236.416691666842,11436.72601044178,19775.052963256836,33384.65942823887,66555.78969311719
greedy|2018|5000|all,20,2020,gas,913,9685.781551456452,16986.011194229126,26737.223279953003,54355.74592930079,112757.45379035492
greedy|2018|5000|all,20,2020,general,1592,6488.945153492689,11520.026003867386,23165.749145030975,43502.354529857635,97664.76668833503
greedy|2018|5000|all,20,2020,roro,506,9369.309617459774,14235.175759911537,23038.40986084938,39353.64686705172,129942.49703291246
greedy|2018|5000|all,20,2021,all,16620,7067.279967880249,13062.991890668869,22683.83844870329,39379.872946500785,83209.69896469117
greedy|2018|5000|all,20,2021,container,2505,3309.8484078884126,7113.758271574974,13095.08669424057,40034.04358768463,178995.58520935764
greedy|2018|5000|all,20,2021,bulk,6773,11197.815379309655,18555.89531707764,25445.761365890503,40383.19492149353,65654.23339843751
greedy|2018|5000|all,20,2021,tanker,4085,5959.799147546291,10894.733991146088,19624.984088420868,32921.24863624573,65788.86539673804
greedy|2018|5000|all,20,2021,gas,977,11856.487058639528,18224.18095588684,29648.307737350464,59598.84849452973,118892.58090639113
greedy|2018|5000|all,20,2021,general,1751,7459.703311920166,12153.845253229141,21987.268812179565,41332.79183101654,94301.39537096024
greedy|2018|5000|all,20,2021,roro,529,9035.829461860658,15575.537335395811,23431.258644104004,39209.19904512167,119198.43398334978
greedy|2018|5000|all,20,2022,all,17691,6335.860598564148,12320.864107131958,21586.212202072144,38042.22092580795,81298.40928888321
greedy|2018|5000|all,20,2022,container,2890,3365.8566235303883,6398.884229660034,12921.394975662231,27522.139525098726,167266.66362915025
greedy|2018|5000|all,20,2022,bulk,7090,9750.549898529054,17608.13863492012,24361.881382107735,38573.61306929589,63230.700534391406
greedy|2018|5000|all,20,2022,tanker,4229,5771.370432376862,10396.285778999329,18804.852783203125,33045.931047439575,68124.19166030886
greedy|2018|5000|all,20,2022,gas,991,11649.41388130188,17434.785929203033,29745.01920223236,62927.87929606438,125316.53394889832
greedy|2018|5000|all,20,2022,general,1884,7061.11250368245,11398.07594015915,21357.001921892166,42290.91902530193,94671.42632949355
greedy|2018|5000|all,20,2022,roro,607,8444.8493393898,14820.622554719448,22218.923325538635,37042.638619065285,109219.11866522118
greedy|2018|5000|all,20,2023,all,17714,6144.863069581987,11973.319943666458,21428.52560353279,38370.47285556793,81854.10061321259
greedy|2018|5000|all,20,2023,container,2948,3190.321374565363,6139.378513932228,13120.01961672306,30706.80327898264,154788.8299728871
greedy|2018|5000|all,20,2023,bulk,7061,9100.6703414917,17120.2095618248,23698.497881889343,37271.10985326767,62046.32405376434
greedy|2018|5000|all,20,2023,tanker,4262,5911.748386526107,10380.306554198265,18922.39328789711,34622.45427262783,72959.43812484741
greedy|2018|5000|all,20,2023,gas,993,11324.964823818207,17589.60507965088,33114.36817598343,66250.49648094177,128725.06649818427
greedy|2018|5000|all,20,2023,general,1849,6242.566195964813,11075.382380247116,21776.304995536804,43329.00252056122,90265.61222896577
greedy|2018|5000|all,20,2023,roro,601,8988.517315864563,14500.689357757568,21798.540454864506,36170.75781917572,106826.0553832054
greedy|2018|5000|all,20,2024,all,16746,6123.39932012558,12111.7429625988,22457.306420326233,40513.12038862705,84385.07887840271
greedy|2018|5000|all,20,2024,container,2715,3327.0385095119477,6442.565524399281,13836.035348892212,37879.43741726875,148932.584496212
greedy|2018|5000|all,20,2024,bulk,6665,9011.321908330918,17518.945071697235,24371.751684188843,38598.12684774399,64073.048866558114
greedy|2018|5000|all,20,2024,tanker,4087,5373.406803035737,10456.507853031158,20053.61519539356,37483.26763892174,76198.09995708466
greedy|2018|5000|all,20,2024,gas,951,10247.31781744957,19134.22040474415,36939.40090894699,74415.39066791534,131161.62897491455
greedy|2018|5000|all,20,2024,general,1767,6324.0976016774775,10717.908932685852,22654.564381599423,44994.52347826958,90404.92330639959
greedy|2018|5000|all,20,2024,roro,561,9967.436901330948,15022.446290016174,22408.81913757324,39525.28211736679,116989.8837531805
greedy|2018|5000|all,20,2025,all,17006,6297.521306633949,12338.120466113092,22264.001560509205,38452.66192662717,74212.79258823395
greedy|2018|5000|all,20,2025,container,2779,3565.530859375,7211.720992565155,15079.568311691284,35357.30203336477,124956.37771210678
greedy|2018|5000|all,20,2025,bulk,6820,9099.459896028044,17351.376013040543,23861.705961227417,37258.42337369919,58450.801935958916
greedy|2018|5000|all,20,2025,tanker,4099,5171.919259643555,10520.521091341972,19691.49937915802,34983.223021030426,68049.91465721135
greedy|2018|5000|all,20,2025,gas,951,9602.268009856343,18899.954568862915,36417.991203308105,70141.5975689888,112314.52128219604
greedy|2018|5000|all,20,2025,general,1769,6938.695264816284,11039.093888044355,21956.25463294983,40159.272319078445,79408.21781444551
greedy|2018|5000|all,20,2025,roro,588,8796.856313419343,14656.304708659649,22919.79049384594,36496.97637939453,96543.91691849846
greedy|2018|5000|bulk,20,2018,all,15321,7580.346801757812,17666.729687690735,30818.38284921646,73100.23271942139,181918.1817998886
greedy|2018|5000|bulk,20,2018,container,2234,4798.165070533752,15349.847166061401,29799.87729036808,147684.66739344597,322006.52796415094
greedy|2018|5000|bulk,20,2018,bulk,6294,7574.816043782234,17664.516249895096,26727.30424976349,50431.710288882256,96151.68455238342
greedy|2018|5000|bulk,20,2018,tanker,3798,7713.241084527971,17200.678460240364,33233.57472848892,80221.30689358711,178894.21144500986
greedy|2018|5000|bulk,20,2018,gas,820,8778.46518087536,21653.632708907127,48010.252594828606,109505.06523531675,241350.27806081786
greedy|2018|5000|bulk,20,2018,general,1646,8679.05730676651,18359.18301491812,41387.26433540881,112796.25045501442,279334.47463941574
greedy|2018|5000|bulk,20,2018,roro,529,12023.890384054184,23423.71859178506,37601.426641225815,77270.0351858139,233589.91781444545
greedy|2018|5000|bulk,20,2019,all,15502,8244.758409559727,19556.942032575607,38406.75529718399,93926.82416319849,213407.689420104
greedy|2018|5000|bulk,20,2019,container,2209,5932.159403848648,19526.47883415222,52571.31763648987,197728.84554934505,364874.032856822
greedy|2018|5000|bulk,20,2019,bulk,6371,7624.906123638153,18346.90293391049,30295.507816314697,60157.9588766098,117084.58180236816
greedy|2018|5000|bulk,20,2019,tanker,3924,8546.964439439775,19206.126550078392,42409.28168165684,99172.46532636881,196804.5769120217
greedy|2018|5000|bulk,20,2019,gas,874,12616.249242448806,30314.26356267929,70270.98808312416,139026.569886446,276421.2266301397
greedy|2018|5000|bulk,20,2019,general,1607,10679.892414963246,23677.413193464276,55447.58870211244,132693.7506465912,298690.55777270213
greedy|2018|5000|bulk,20,2019,roro,517,12840.68774411082,26738.146291732788,44209.2288942337,115919.4217877388,283086.7072546959
greedy|2018|5000|bulk,20,2020,all,15740,8197.958162602783,19540.81932532787,37139.05197736621,104624.3132314384,233628.97419533733
greedy|2018|5000|bulk,20,2020,container,2212,5219.3783592700975,17259.46776652336,44601.80473327637,224210.26906901598,383719.5135251999
greedy|2018|5000|bulk,20,2020,bulk,6573,7857.198119926452,19231.5648765564,29639.704341888428,60529.53758764267,130664.98224296575
greedy|2018|5000|bulk,20,2020,tanker,3944,8298.230780011416,18825.40695660934,41299.17973506451,115867.54186725616,219338.76944463255
greedy|2018|5000|bulk,20,2020,gas,913,13762.8251411438,32325.362480953336,72854.93501853943,163743.60277175903,320954.6720026017
greedy|2018|5000|bulk,20,2020,general,1592,10013.628151959834,23436.52590417862,61508.08779677749,159267.26818025112,315095.73122558603
greedy|2018|5000|bulk,20,2020,roro,506,12097.377607762814,24334.69449520111,40144.820058107376,128137.27430924773,302152.43706965446
greedy|2018|5000|bulk,20,2021,all,16620,9148.780172300341,20111.705641269684,38720.32950222492,107912.14998112759,244212.27017827047
greedy|2018|5000|bulk,20,2021,container,2505,6556.0514244079595,18791.3775472641,46051.08642578125,228596.03517549485,383902.7802265167
greedy|2018|5000|bulk,20,2021,bulk,6773,9537.32409129143,19987.608531951904,31930.877902030945,63291.46910381317,136605.18348369602
greedy|2018|5000|bulk,20,2021,tanker,4085,7705.268916320803,17379.262535095215,41439.3345451355,119948.03307247162,229705.69387879368
greedy|2018|5000|bulk,20,2021,gas,977,15937.760564494134,36450.23973655701,80019.37014627457,176901.25943660736,332892.2294422626
greedy|2018|5000|bulk,20,2021,general,1751,11302.564318418505,23129.84337300062,54681.30674743652,161884.1584804058,311273.47350025177
greedy|2018|5000|bulk,20,2021,roro,529,13189.698123550415,25941.9655957222,40113.38382053375,127523.46890068054,353252.97357511515
greedy|2018|5000|bulk,20,2022,all,17691,8389.637156486511,19095.428467273712,36859.98630571365,102386.6781039238,239451.16432523727
greedy|2018|5000|bulk,20,2022,container,2890,5595.002521204949,13859.961548566816,29433.74598646164,208783.24150216577,368970.3377733826
greedy|2018|5000|bulk,20,2022,bulk,7090,8878.320882415774,19490.920045375824,31308.371390223503,60905.25670790672,127155.96116323478
greedy|2018|5000|bulk,20,2022,tanker,4229,7716.241732788086,17352.370675086975,41078.9143037796,118963.7752957344,229686.9316637993
greedy|2018|5000|bulk,20,2022,gas,991,12680.673747748137,36304.328949928284,90345.15348529816,185265.6453191042,337822.0576734543
greedy|2018|5000|bulk,20,2022,general,1884,10708.482803058625,20969.518833994865,50444.9330534935,151407.48967314884,301840.6851980686
greedy|2018|5000|bulk,20,2022,roro,607,11869.370417761804,23781.75355231762,38400.67757511139,93580.54687833786,310374.33602426347
greedy|2018|5000|bulk,20,2023,all,17714,8158.142327499391,18839.69951725006,35809.258098602295,101654.49382817745,234338.89072866438
greedy|2018|5000|bulk,20,2023,container,2948,5517.176942685246,14187.886015459895,39776.180565238,200966.64733722806,353135.5166924954
greedy|2018|5000|bulk,20,2023,bulk,7061,8407.079249292612,18821.483916282654,28695.964686393738,55491.2187666893,117740.47309708595
greedy|2018|5000|bulk,20,2023,tanker,4262,7894.680599021913,17900.858342289925,42161.150658130646,118641.48414754868,225536.76927909855
greedy|2018|5000|bulk,20,2023,gas,993,13053.73100528717,33658.892909139395,88134.96872997284,183618.43240642548,329348.51579971315
greedy|2018|5000|bulk,20,2023,general,1849,9996.039856529236,21663.125285208225,51536.72498469055,153558.54546785355,300051.7663419128
greedy|2018|5000|bulk,20,2023,roro,601,12260.091053009031,22905.86034679413,38241.52856206894,101254.4303356111,304310.2347404361
greedy|2018|5000|bulk,20,2024,all,16746,7992.210563182831,18539.62250351906,34338.67018508911,94109.26396879555,220860.79191224277
greedy|2018|5000|bulk,20,2024,container,2715,5684.908903121948,15338.80266046524,43843.69899511337,187763.20880889893,339151.95931432245
greedy|2018|5000|bulk,20,2024,bulk,6665,8593.064265346527,18544.779641628265,27274.662175178528,51566.55005168915,105874.87898330689
greedy|2018|5000|bulk,20,2024,tanker,4087,6777.772614717484,16577.14821410179,40570.8063583374,107466.66391611099,214077.63566818237
greedy|2018|5000|bulk,20,2024,gas,951,12116.486753463743,32071.215548038483,78761.23678302765,168792.06377744675,328446.4498093128
greedy|2018|5000|bulk,20,2024,general,1767,10056.512892520428,21013.271334290504,47169.71737766266,142163.94126486778,293980.156047249
greedy|2018|5000|bulk,20,2024,roro,561,13432.589123725891,23005.64493727684,38974.303243637085,110107.77068185806,294108.36753320694
greedy|2018|5000|bulk,20,2025,all,17006,8115.468447737396,18108.421903043985,32712.76433467865,77837.1501641944,188606.02906370163
greedy|2018|5000|bulk,20,2025,container,2779,6165.119406700135,16513.116801798344,39546.29275035858,140801.8691290617,292365.18891853146
greedy|2018|5000|bulk,20,2025,bulk,6820,8826.071267604828,18278.625346183777,26978.927529335022,46967.27616518736,85827.44690237062
greedy|2018|5000|bulk,20,2025,tanker,4099,6552.534359931946,15188.977463364601,37762.38266372681,90516.19393014908,193494.0892002106
greedy|2018|5000|bulk,20,2025,gas,951,11121.295107319953,29128.791894853115,65275.47128963471,138782.62538826466,289166.58551728725
greedy|2018|5000|bulk,20,2025,general,1769,10075.381466197969,19482.34258174896,41590.27945166081,117154.81701862812,277911.52559223183
greedy|2018|5000|bulk,20,2025,roro,588,12426.325406488775,23846.190744638443,39995.402091026306,97299.03594750166,257906.13136184847
greedy|2018|5000|container,20,2018,all,15321,6664.637470245361,14422.632766723633,26454.372576475143,45640.867911338806,80564.59207201004
greedy|2018|5000|container,20,2018,container,2234,2891.8646216392517,5839.4771727621555,12637.113502025604,23471.17004543543,108386.08145320418
greedy|2018|5000|container,20,2018,bulk,6294,12579.708896183967,21721.567073524,31691.662794351578,48696.41734147072,73507.96918816565
greedy|2018|5000|container,20,2018,tanker,3798,6842.0281002521515,13442.143247127533,24313.48879981041,42522.843497514725,75063.97387447361
greedy|2018|5000|container,20,2018,gas,820,10002.557897424698,18326.00454133749,36901.15762758255,63158.66907739639,113886.28004188537
greedy|2018|5000|container,20,2018,general,1646,6226.040214896202,11895.514409422874,24462.15448117256,43140.11476160865,84140.65227365494
greedy|2018|5000|container,20,2018,roro,529,7889.870602846146,14280.43604850769,24796.750375270844,38819.723479270935,93116.28487044573
greedy|2018|5000|container,20,2019,all,15502,7289.957215106488,16200.205080926418,30800.035823345184,54484.003625154495,96106.56667351721
greedy|2018|5000|container,20,2019,container,2209,2866.6890328884124,5638.778546214104,13273.852442741394,32928.2728420794,135985.98184099197
greedy|2018|5000|container,20,2019,bulk,6371,13515.87340259552,23791.567647457123,36639.59695625305,56512.61822080612,86203.25342178345
greedy|2018|5000|container,20,2019,tanker,3924,7861.8910781621935,15240.317863941193,27709.107490181923,49354.70407873392,85039.75641229155
greedy|2018|5000|container,20,2019,gas,874,11707.267620943487,22374.56354379654,44274.23381879181,83612.15761870146,149146.4857369423
greedy|2018|5000|container,20,2019,general,1607,6889.664863374829,13709.951045192778,29120.894479751587,54115.429096221924,97972.60956356529
greedy|2018|5000|container,20,2019,roro,517,9024.610390377045,16745.813133716583,26376.67602348328,43024.18931436539,121311.42654192455
greedy|2018|5000|container,20,2020,all,15740,7660.566311645508,16803.298746585846,30750.601712703705,55541.343241512775,103570.94507493975
greedy|2018|5000|container,20,2020,container,2212,2679.6793296337128,5506.782361984253,13127.990837812424,27940.102489888668,146412.4273773432
greedy|2018|5000|container,20,2020,bulk,6573,15480.804148864747,24079.42923164368,36423.7247915268,57161.5823135376,92119.83133230214
greedy|2018|5000|container,20,2020,tanker,3944,8090.684280586243,15047.114367485048,27101.75649178028,49647.83532196283,94345.90971179008
greedy|2018|5000|container,20,2020,gas,913,13186.201181221011,24788.85708451271,47326.16733837128,92256.5626502037,166684.3734993935
greedy|2018|5000|container,20,2020,general,1592,6712.014753279091,14525.977262020111,30364.687130451202,57676.548564076424,109413.58879799697
greedy|2018|5000|container,20,2020,roro,506,8243.297504037619,15010.770065963268,25560.92208957672,40846.042925880756,136677.0574401617
greedy|2018|5000|container,20,2021,all,16620,8193.299162387848,17017.637522995472,31275.113516569138,56200.92342996597,106121.5148221016
greedy|2018|5000|container,20,2021,container,2505,2905.592363357544,6500.743869781494,13801.507678806782,32401.01438561827,143714.87611999505
greedy|2018|5000|container,20,2021,bulk,6773,16557.568681335448,24704.26281261444,37633.99395465851,58024.56453514099,93877.06234321596
greedy|2018|5000|container,20,2021,tanker,4085,8050.730694007873,14632.868025779724,26584.346921920776,49175.15571451187,93400.09231433868
greedy|2018|5000|container,20,2021,gas,977,14340.83380789757,27992.10116958618,51863.01994287968,95515.6803369522,181595.77070217126
greedy|2018|5000|container,20,2021,general,1751,7963.222677230835,14790.644315481186,28777.73846054077,54993.4817340374,109978.73820114136
greedy|2018|5000|container,20,2021,roro,529,8566.413204222918,15598.499735832214,26590.29338812828,45622.73671746254,152003.4997758865
greedy|2018|5000|container,20,2022,all,17691,7061.672806948423,15618.571795225143,29170.82328271866,53964.81832629442,103506.24929523468
greedy|2018|5000|container,20,2022,container,2890,2905.8243251800536,5508.896234035492,13436.853367686272,26008.126547783613,135951.09461293218
greedy|2018|5000|container,20,2022,bulk,7090,14875.503704556824,23613.921643972397,35819.99154090881,56388.955327510834,90062.0095356465
greedy|2018|5000|container,20,2022,tanker,4229,7189.293557167053,14063.184058189392,25474.69197177887,48314.09667301178,95114.41672477729
greedy|2018|5000|container,20,2022,gas,991,14606.875951766968,27612.88805603981,53361.43227005005,96520.45268630981,185979.0706920624
greedy|2018|5000|container,20,2022,general,1884,7645.7309556007385,13132.70288324356,27468.92559978366,52997.132287979126,109408.12329951081
greedy|2018|5000|container,20,2022,roro,607,8239.897518444062,15750.670903921127,26344.372834682465,43420.68146106601,107149.25438995351
greedy|2018|5000|container,20,2023,all,17714,6827.394778129459,15248.889456272125,28538.59863603115,53140.818068146706,103576.39510346652
greedy|2018|5000|container,20,2023,container,2948,2911.980291312933,5222.063613712788,13203.745052814484,25165.842953443524,128708.93746587042
greedy|2018|5000|container,20,2023,bulk,7061,13286.709869861605,22992.92465114593,34280.18394994736,54823.33521461487,87653.11392652988
greedy|2018|5000|container,20,2023,tanker,4262,7368.75368679762,13901.453034758568,25234.520966529846,49758.181280732155,96447.8757798195
greedy|2018|5000|container,20,2023,gas,993,16265.837700843811,29196.45454144478,52891.49852490425,103095.49557685852,184785.55672531138
greedy|2018|5000|container,20,2023,general,1849,7051.908456969261,13284.149847745895,27808.42306137085,51944.76702976227,110360.40420732499
greedy|2018|5000|container,20,2023,roro,601,9298.403615951538,15535.484700202942,24667.379395484924,45561.73191785813,113116.17056787014
greedy|2018|5000|container,20,2024,all,16746,6990.954757034779,15469.412059783936,29882.27008247376,55817.12787616253,102488.27017450333
greedy|2018|5000|container,20,2024,container,2715,2900.098239326477,5780.433315873146,13924.54832458496,27936.228843688965,125200.20742185116
greedy|2018|5000|container,20,2024,bulk,6665,13008.834314537053,23115.504291296005,35684.1653881073,56783.756856918335,88150.0584696293
greedy|2018|5000|container,20,2024,tanker,4087,6804.921474456787,14133.232225894928,27243.804411888123,53010.01573753357,98262.29825258255
greedy|2018|5000|container,20,2024,gas,951,16944.999660730362,31911.525655269623,57241.37632751465,104419.47951316833,183325.2216262817
greedy|2018|5000|container,20,2024,general,1767,6832.384114784004,13359.215117365122,27389.971854686737,54387.23075842857,102952.78934764865
greedy|2018|5000|container,20,2024,roro,561,10600.252785742285,15966.557521507144,26064.07508277893,48957.1433082819,137834.04978084564
greedy|2018|5000|container,20,2025,all,17006,7182.754664182663,15699.57981932163,29619.25180852413,52527.63195204735,91502.43608677387
greedy|2018|5000|container,20,2025,container,2779,3161.8211986541746,6428.799794107676,15128.24066567421,29627.183177232742,105587.59496121417
greedy|2018|5000|container,20,2025,bulk,6820,13257.118852090836,23121.40940773487,35813.005141705275,53738.85547757149,80851.21999106408
greedy|2018|5000|container,20,2025,tanker,4099,6202.393744754791,13823.85919380188,26566.093925476074,49486.038430690765,87172.83875548847
greedy|2018|5000|container,20,2025,gas,951,14485.645721167326,30738.05541086197,53323.540179774165,94262.09825897217,163391.7138528824
greedy|2018|5000|container,20,2025,general,1769,7416.984589505196,13281.696188807487,27426.319551467896,49088.10074520111,90524.05249886515
greedy|2018|5000|container,20,2025,roro,588,9242.808445739747,15675.956091344357,25351.527574062347,45467.44976556301,109672.91933475783
greedy|2018|7000|all,20,2018,all,15321,6504.783573150635,11539.503600597382,19346.65967655182,29221.496876716614,50455.00054168701
greedy|2018|7000|all,20,2018,container,2234,3712.4680272862315,6795.84013068676,11675.572818636894,22775.8136420846,85209.66496162416
greedy|2018|7000|all,20,2018,bulk,6294,9491.740162503722,16390.21421766281,22520.095307588577,32146.009498655796,47876.762480831145
greedy|2018|7000|all,20,2018,tanker,3798,5606.79994391203,9799.226732373238,15291.407980442045,23425.97922551632,36918.095553660394
greedy|2018|7000|all,20,2018,gas,820,7376.107893943787,13394.771129608154,20308.231938898563,38899.86840486527,64879.95853124412
greedy|2018|7000|all,20,2018,general,1646,7392.600874904543,11791.825341701508,19069.86244107783,30775.886599302292,63698.42795228958
greedy|2018|7000|all,20,2018,roro,529,9420.74926519394,13221.22017264366,20105.52225589752,27760.350524902344,69175.79295310973
greedy|2018|7000|all,20,2019,all,15502,6874.642125499248,12343.132591247559,20926.957958221436,33364.768859028816,60898.47944221494
greedy|2018|7000|all,20,2019,container,2209,3631.635051465035,6875.623995780945,12470.8231883049,28247.630314350128,105128.3735198975
greedy|2018|7000|all,20,2019,bulk,6371,10299.74393749237,17736.771233916283,24253.686345100403,36495.69017279148,56106.34914159775
greedy|2018|7000|all,20,2019,tanker,3924,6210.813815736771,10521.00753313303,16728.858143806458,25511.170765936375,43511.682784938814
greedy|2018|7000|all,20,2019,gas,874,8471.36513196677,14815.7284553051,23634.004995822906,43218.3071513176,85276.46071109772
greedy|2018|7000|all,20,2019,general,1607,8082.796351814271,13014.671465665102,21617.8614385128,37376.08562850952,78449.87143962835
greedy|2018|7000|all,20,2019,roro,517,9438.370254516602,14116.30301618576,20350.69833612442,31806.60847514868,93170.23830728537
greedy|2018|7000|all,20,2020,all,15740,7143.444848644734,12735.212189912796,21066.930932044983,33624.48804426193,65086.64573589563
greedy|2018|7000|all,20,2020,container,2212,3626.8850963592536,7345.371607989073,12631.713005185125,29479.01069562137,119338.80514502537
greedy|2018|7000|all,20,2020,bulk,6573,11270.69490184784,18237.67260456085,24377.26282787323,36376.0686879158,56792.22704906464
greedy|2018|7000|all,20,2020,tanker,3944,6220.223430252076,10536.563115656376,16535.903148174286,25049.080536410213,43903.71897449494
greedy|2018|7000|all,20,2020,gas,913,8877.106271743774,16354.81704211235,24752.479460000992,44942.121720314026,92960.58459320078
greedy|2018|7000|all,20,2020,general,1592,7736.835523629189,13204.915503621101,22505.72835981846,38527.3025610447,89905.9660037816
greedy|2018|7000|all,20,2020,roro,506,9231.77231168747,12825.769020408392,19975.186866283417,32142.361753449775,104448.54636065662
greedy|2018|7000|all,20,2021,all,16620,7482.895038414003,12887.304252967238,21319.834887504578,34355.99859207869,66550.37859745027
greedy|2018|7000|all,20,2021,container,2505,4349.206698036194,7964.135560035706,13073.184865951538,33292.73058509827,121546.4105154036
greedy|2018|7000|all,20,2021,bulk,6773,12197.99066351056,18523.78762626648,24615.78916978836,37353.33658266068,58137.29023962023
greedy|2018|7000|all,20,2021,tanker,4085,6160.58083729744,10284.88961982727,16381.049458503723,25324.0066947937,43890.66499214172
greedy|2018|7000|all,20,2021,gas,977,10529.871008205415,17442.67659664154,26688.990300178528,49490.62344074249,102063.71455593106
greedy|2018|7000|all,20,2021,general,1751,8479.891943976283,13071.074201583862,21488.31651687622,37938.22030714154,83580.56686651707
greedy|2018|7000|all,20,2021,roro,529,9530.92890793085,13844.510838445276,20883.22173309326,31984.96846961975,101011.85294561383
greedy|2018|7000|all,20,2022,all,17691,6958.378396630287,12399.196741819382,20479.28735733032,33302.297490119934,65291.20192909241
greedy|2018|7000|all,20,2022,container,2890,4370.05783956051,7763.303053736687,13104.742480397224,27535.929089665413,109915.89004732667
greedy|2018|7000|all,20,2022,bulk,7090,10741.724744129182,17602.068452239037,23718.7409491539,35380.97600245476,55038.68443145754
greedy|2018|7000|all,20,2022,tanker,4229,5816.580525016785,9967.339413642883,16101.94280679524,24722.63847231865,46027.980850219756
greedy|2018|7000|all,20,2022,gas,991,10184.579877376556,16607.86103439331,25719.665285110477,50874.66401076317,95291.49582767488
greedy|2018|7000|all,20,2022,general,1884,8414.058024692535,13487.033119618893,22030.9316072464,40071.92982080579,84211.70154375733
greedy|2018|7000|all,20,2022,roro,607,9243.37684597969,13622.1330037117,20114.221612930294,32612.30149769783,94090.4324800014
greedy|2018|7000|all,20,2023,all,17714,6767.79702000618,12066.721098184586,20351.01904153824,33091.23729634285,66186.41583564282
greedy|2018|7000|all,20,2023,container,2948,4035.7754801511765,7863.280514419079,13578.54134440422,31588.004848241806,115255.71032366752
greedy|2018|7000|all,20,2023,bulk,7061,9873.56344127655,16930.208505630493,23220.08252763748,34051.40575218201,54328.05897808075
greedy|2018|7000|all,20,2023,tanker,4262,5784.005755227804,9686.028452605009,15761.915732860565,24999.073656320572,48581.979846465605
greedy|2018|7000|all,20,2023,gas,993,10232.156227684021,17165.71281147003,27377.022933006287,52698.84744930267,104160.3549678803
greedy|2018|7000|all,20,2023,general,1849,7819.188087844849,13056.603786468506,21872.930555820465,38847.93313980103,82928.67614244075
greedy|2018|7000|all,20,2023,roro,601,10127.4714448452,14376.72062587738,20774.98886585236,33532.230531454086,99737.96955901384
greedy|2018|7000|all,20,2024,all,16746,6734.387887001038,12518.333658635616,21066.129420757294,34591.29724919797,69222.22867155075
greedy|2018|7000|all,20,2024,container,2715,4324.663990306854,8240.295553684235,14809.535095214844,35510.03621771932,115539.06860367351
greedy|2018|7000|all,20,2024,bulk,6665,10046.227910995483,17440.942186832428,23594.28579044342,34919.87355709076,55376.30527057648
greedy|2018|7000|all,20,2024,tanker,4087,5402.12756383419,9834.416841506958,16477.68483066559,26529.22489488125,50618.77544418575
greedy|2018|7000|all,20,2024,gas,951,9610.41168832779,17674.122774124146,28960.75524902344,59559.16953635216,110925.58593082428
greedy|2018|7000|all,20,2024,general,1767,7611.84694519043,12766.704048365355,22162.06772994995,39083.100569948554,83979.26609544757
greedy|2018|7000|all,20,2024,roro,561,11595.02207660675,14868.50081896782,21516.767293930054,40464.14578640461,113913.7970237732
greedy|2018|7000|all,20,2025,all,17006,6994.33316218853,12793.311440080404,21258.785658836365,33912.29400014877,62262.99370855093
greedy|2018|7000|all,20,2025,container,2779,4859.774034500122,8765.417193949223,15809.877650260923,38029.92401736975,103738.31478228582
greedy|2018|7000|all,20,2025,bulk,6820,10504.376043450833,17601.730058670044,23618.71419930458,34706.41580247879,51112.76154747012
greedy|2018|7000|all,20,2025,tanker,4099,5279.975631713867,10175.919298291206,16475.81863641739,26481.032271385193,46552.921379852334
greedy|2018|7000|all,20,2025,gas,951,9587.202668905258,17492.822506904602,29153.50354957581,54668.807537555695,99391.23732614516
greedy|2018|7000|all,20,2025,general,1769,8077.1617216110235,12713.843055732548,21849.663507938385,36611.33106422424,71629.52102413181
greedy|2018|7000|all,20,2025,roro,588,9916.60331299305,15239.466371536255,22486.25556397438,36350.85568523407,96759.04421428467
greedy|2018|7000|bulk,20,2018,all,15321,7482.7188975811005,13935.146074295044,25145.65540075302,59038.88181114197,150782.24334907532
greedy|2018|7000|bulk,20,2018,container,2234,4596.886402702332,10206.990564107895,22521.558190464973,117710.84321852028,268556.1259647847
greedy|2018|7000|bulk,20,2018,bulk,6294,7869.227114641666,15379.057480812073,23007.786051630974,40467.10482478142,79243.43608598708
greedy|2018|7000|bulk,20,2018,tanker,3798,6864.347420477868,13378.984200716019,27319.915767669678,70194.87858742476,156562.08031220437
greedy|2018|7000|bulk,20,2018,gas,820,8832.885453502835,18806.47188591957,38898.900718688965,77519.45758771896,176764.75765728953
greedy|2018|7000|bulk,20,2018,general,1646,7946.15877532959,15146.160522460938,36269.38932299614,95694.5071311556,248237.26769009233
greedy|2018|7000|bulk,20,2018,roro,529,10286.300157642365,19958.310035705566,30647.67684078217,61119.253032684326,193038.54778079985
greedy|2018|7000|bulk,20,2019,all,15502,7763.763735055924,15707.767244338991,29364.939227819443,75095.1572791934,181235.65346643917
greedy|2018|7000|bulk,20,2019,container,2209,5427.206802749633,10756.218216896055,24018.20744800568,153609.8982899189,311584.868613863
greedy|2018|7000|bulk,20,2019,bulk,6371,8050.932182312012,16751.034675598145,24681.033370018005,47626.11693572998,92738.72670459747
greedy|2018|7000|bulk,20,2019,tanker,3924,7484.6797779917715,14997.640897572042,33243.4346178174,86580.66430543363,179982.3358951361
greedy|2018|7000|bulk,20,2019,gas,874,11612.823328065873,21709.13971066475,48452.308690071106,105017.28234577177,214047.1864784956
greedy|2018|7000|bulk,20,2019,general,1607,9333.887859010696,19917.845433473587,48560.02716738731,122045.19438326359,277048.2597520829
greedy|2018|7000|bulk,20,2019,roro,517,11770.459582901,21409.146976470947,34366.35605251789,82795.8767528534,238325.3805972577
greedy|2018|7000|bulk,20,2020,all,15740,7991.750699996948,16111.301930904388,27755.699862003326,80789.74531906843,198675.90739073756
greedy|2018|7000|bulk,20,2020,container,2212,4419.680554485321,11310.933851867914,23611.217375084758,175000.9013859108,336135.4844996097
greedy|2018|7000|bulk,20,2020,bulk,6573,8924.289757156374,17398.971486091614,24206.75032377243,44588.49490356445,100592.44761905672
greedy|2018|7000|bulk,20,2020,tanker,3944,7256.6893386602405,14525.371746182442,32171.14999294281,98766.47265923023,196791.6637597442
greedy|2018|7000|bulk,20,2020,gas,913,12382.696724987032,22687.49462413788,47214.38832950592,108675.85623025894,224761.07543883336
greedy|2018|7000|bulk,20,2020,general,1592,8553.399023771288,19528.907023906708,50582.82099246979,144358.6859400645,290697.7510881901
greedy|2018|7000|bulk,20,2020,roro,506,10610.217455387115,19683.273955583572,34072.6051838398,96428.44993782043,271520.0283408165
greedy|2018|7000|bulk,20,2021,all,16620,8518.77655324936,16389.401586532593,29326.513054847717,79793.41411858797,208441.5723546028
greedy|2018|7000|bulk,20,2021,container,2505,5201.156380653381,12637.240418434145,24604.370092391968,175257.79878127575,339270.59009761806
greedy|2018|7000|bulk,20,2021,bulk,6773,9765.023148441314,17858.0786113739,25082.242560386658,46523.20766687393,100302.25906677255
greedy|2018|7000|bulk,20,2021,tanker,4085,6750.39952492714,13491.100013494492,31809.55248260498,98643.11563682556,205590.79185857764
greedy|2018|7000|bulk,20,2021,gas,977,13675.013064956665,25297.574248313904,50380.02881526947,117696.36928129196,260369.06816291803
greedy|2018|7000|bulk,20,2021,general,1751,9785.565846204758,18730.36278165877,45720.71065855026,143376.56490763277,285605.3821668625
greedy|2018|7000|bulk,20,2021,roro,529,11560.574523329735,20985.65212905407,32976.09128379822,84827.50566256046,284819.0750088215
greedy|2018|7000|bulk,20,2022,all,17691,7944.152879238129,15291.164946079254,27521.795695781708,75688.44300919771,204317.5858246088
greedy|2018|7000|bulk,20,2022,container,2890,4732.1972512602815,11507.584907770157,22690.09596633911,154247.77379123122,322801.27980163094
greedy|2018|7000|bulk,20,2022,bulk,7090,9058.210096991063,17347.678881168365,24358.899306297302,44958.20434945822,94986.96834430702
greedy|2018|7000|bulk,20,2022,tanker,4229,6688.927034759522,13062.07592511177,30731.00142192841,96951.15743780136,205906.45473909384
greedy|2018|7000|bulk,20,2022,gas,991,12459.194967746736,22841.777015566826,53846.98616528511,123149.77950680256,262027.8946847916
greedy|2018|7000|bulk,20,2022,general,1884,9052.263747787476,16891.62514102459,42320.72453677654,138257.05020215455,280611.01960010536
greedy|2018|7000|bulk,20,2022,roro,607,10489.405757331848,19691.893598794937,31699.60771754384,73470.49524468184,272857.74523427465
greedy|2018|7000|bulk,20,2023,all,17714,7700.919463539124,14852.922706365585,26371.395193576813,76753.73089396954,199110.92243928908
greedy|2018|7000|bulk,20,2023,container,2948,4542.911229729652,11653.634412050247,24277.93343412876,150436.85200285912,303085.5038958228
greedy|2018|7000|bulk,20,2023,bulk,7061,8785.37213897705,16218.543744325638,23256.102326393127,40610.013456344604,89686.03984928131
greedy|2018|7000|bulk,20,2023,tanker,4262,7164.377932357789,12981.866993308067,30183.37078976631,97606.88746196033,200534.43784637452
greedy|2018|7000|bulk,20,2023,gas,993,12481.972467374802,24009.06013488769,55405.67062473297,123351.33770275116,259369.52197647095
greedy|2018|7000|bulk,20,2023,general,1849,8770.842486965657,17363.558755874634,43776.31182575226,138540.16878533363,279479.38803319936
greedy|2018|7000|bulk,20,2023,roro,601,11000.2651617527,18108.284576416016,29332.98147058487,66208.82914352417,278692.99831718206
greedy|2018|7000|bulk,20,2024,all,16746,7561.94540768303,15334.846632003784,28228.36465215683,75765.07620075345,188620.4038604498
greedy|2018|7000|bulk,20,2024,container,2715,4795.15484685898,12277.163363039494,29364.599007368088,141264.8273050785,286747.87250947946
greedy|2018|7000|bulk,20,2024,bulk,6665,8569.507729241252,16325.547880411148,23940.819445610046,41696.73626422882,85935.8676464081
greedy|2018|7000|bulk,20,2024,tanker,4087,6204.2249415397655,13262.915085792542,32123.56901884079,93093.14903569221,191696.19359073642
greedy|2018|7000|bulk,20,2024,gas,951,11934.341176509855,27838.189939022064,56833.42957019806,121721.31438136101,244620.8842344284
greedy|2018|7000|bulk,20,2024,general,1767,8435.24147720337,16656.15096616745,41553.10218858719,125561.59884598851,274841.6462064268
greedy|2018|7000|bulk,20,2024,roro,561,12811.3989880085,21252.56700706482,31886.384765148163,70496.29289531708,257282.45188999176
greedy|2018|7000|bulk,20,2025,all,17006,7613.131315231323,15373.571787238121,28150.28191947937,65600.16802668571,158524.0933790207
greedy|2018|7000|bulk,20,2025,container,2779,5431.208052825928,13524.019236624243,28947.62519454956,112217.07923221588,252676.45256769686
greedy|2018|7000|bulk,20,2025,bulk,6820,8787.100732135772,16563.71519523859,23955.517876148224,40947.36063194275,74822.50861024858
greedy|2018|7000|bulk,20,2025,tanker,4099,5903.298675537109,12684.613525390623,30245.7734746933,77957.05992859602,170700.37635841375
greedy|2018|7000|bulk,20,2025,gas,951,10934.272385597227,26535.68330913782,55498.654275894165,106770.4689502716,208879.3733930588
greedy|2018|7000|bulk,20,2025,general,1769,8738.98024520874,15884.30659675598,37755.7762517333,106775.71906018256,254050.64301182635
greedy|2018|7000|bulk,20,2025,roro,588,11845.823335599902,21732.306379646063,33314.88912272453,71684.73760223389,205512.8291020397
greedy|2018|7000|container,20,2018,all,15321,6768.879783630371,13126.309041023254,23385.86961460113,39242.6166601181,66802.98421382904
greedy|2018|7000|container,20,2018,container,2234,3315.6805641889573,6022.922239780426,9666.386876106262,19172.56066903472,76031.88667800129
greedy|2018|7000|container,20,2018,bulk,6294,12525.454185128217,20402.205919146538,29380.034020900726,43356.48986899853,65648.80942587851
greedy|2018|7000|container,20,2018,tanker,3798,7031.6633653163935,12626.897719979286,21110.72187960148,34723.28893125057,60064.17471427918
greedy|2018|7000|container,20,2018,gas,820,9656.335268354416,16388.409845352173,27918.633199870586,49304.57793569565,99290.64178090097
greedy|2018|7000|container,20,2018,general,1646,7362.905646175146,12501.28964087367,21485.514443531632,36968.90085554123,70018.97038078308
greedy|2018|7000|container,20,2018,roro,529,8493.075325584412,13510.744256019592,19561.920994520187,26364.47833204269,58881.87141790388
greedy|2018|7000|container,20,2019,all,15502,7423.220521204174,14418.133376598358,26526.32742357254,46099.009588986635,80500.9524064064
greedy|2018|7000|container,20,2019,container,2209,3115.534979391098,5966.370123207569,9912.384845018389,21548.48292350769,102157.1221340418
greedy|2018|7000|container,20,2019,bulk,6371,13477.543807029724,22661.480663061142,33093.655131816864,49791.674822330475,77071.85119533539
greedy|2018|7000|container,20,2019,tanker,3924,8064.145889759064,13662.227247416973,23685.404788970947,39751.304513797164,68739.80998835569
greedy|2018|7000|container,20,2019,gas,874,10664.165564727788,17647.071977615356,30974.824083805084,60772.66694453359,120381.47470331196
greedy|2018|7000|container,20,2019,general,1607,8358.949947452546,13977.837675094604,26347.331481933597,48774.11463499069,89089.93700227012
greedy|2018|7000|container,20,2019,roro,517,8928.385842895508,14459.608459472656,20710.088037490845,29951.28539204597,71088.71714324955
greedy|2018|7000|container,20,2020,all,15740,7779.3127749919895,15009.5925552845,26504.25510144234,46117.96951627731,85531.61049988419
greedy|2018|7000|container,20,2020,container,2212,3074.58300743103,6077.324511528015,10300.98189997673,21776.400655299425,111416.71441879275
greedy|2018|7000|container,20,2020,bulk,6573,15074.299285149575,22851.355492591854,32594.98037242889,49631.821967601776,79559.36662406924
greedy|2018|7000|container,20,2020,tanker,3944,8141.66200671196,13882.008623465894,23408.810057640076,40711.9230542779,72351.28139857056
greedy|2018|7000|container,20,2020,gas,913,12675.344596481324,19130.66221427917,32543.318846702576,65261.45309448242,129962.83382823472
greedy|2018|7000|container,20,2020,general,1592,8102.860740935804,13929.421998921782,26152.56337885186,49590.67927932739,98051.50026153329
greedy|2018|7000|container,20,2020,roro,506,8582.241749286652,13554.011172652245,20119.52276724577,29895.11801713705,83967.17366680503
greedy|2018|7000|container,20,2021,all,16620,8193.551605319977,15207.306050896645,26849.55377483368,46143.00423979759,86574.7061691046
greedy|2018|7000|container,20,2021,container,2505,3415.3087591171266,6499.886909842491,10745.360188484192,21700.69975090027,112030.18537569043
greedy|2018|7000|container,20,2021,bulk,6773,16095.821178913116,23317.881789684296,33694.953373909,50608.49475574493,80301.22636280063
greedy|2018|7000|container,20,2021,tanker,4085,8050.730694007873,13553.045204162598,23332.120985031128,40190.93878936768,72075.73734688759
greedy|2018|7000|container,20,2021,gas,977,13527.971725845337,21599.2003736496,35199.29837226868,67672.6455552578,139751.59154181476
greedy|2018|7000|container,20,2021,general,1751,9526.434682369232,15009.070163488388,24736.418048381805,47865.89813342504,94766.0911884308
greedy|2018|7000|container,20,2021,roro,529,9075.15725133419,15203.302489757538,21347.06960630417,32367.314980506897,84662.75578336713
greedy|2018|7000|container,20,2022,all,17691,7381.09577780962,14189.629770994186,25086.519384384155,44340.215012043715,84031.66372776031
greedy|2018|7000|container,20,2022,container,2890,3547.767251300812,6313.594794891775,10908.85180914402,20084.95957799256,103979.3598821958
greedy|2018|7000|container,20,2022,bulk,7090,14635.069195246695,22123.11963713169,31581.8079328537,48728.882627248764,77686.4733042717
greedy|2018|7000|container,20,2022,tanker,4229,7364.89009399414,13189.429553985596,22404.962670326237,38486.82310581207,72302.53980054858
greedy|2018|7000|container,20,2022,gas,991,13806.681455612184,19981.856438219547,36320.71097755432,73746.82626390457,147917.4870340228
greedy|2018|7000|container,20,2022,general,1884,8711.636874848606,14065.490246474743,23738.126938819885,47762.35348200798,94671.42632949355
greedy|2018|7000|container,20,2022,roro,607,8319.706666231155,14295.157081604004,20633.45173358917,31464.27795043588,79054.77487344742
greedy|2018|7000|container,20,2023,all,17714,7290.96014276743,13834.478131353855,25034.18373155594,44584.238231897354,84161.89462640294
greedy|2018|7000|container,20,2023,container,2948,3377.748085844517,6113.069998264313,10984.143830180168,21120.757224559784,103746.27532158965
greedy|2018|7000|container,20,2023,bulk,7061,13589.803942203522,21891.444464206696,31531.029663085938,48428.936425209045,75497.20296382904
greedy|2018|7000|container,20,2023,tanker,4262,7646.10936498642,13194.945950746536,22333.769030570984,39555.962255090475,76191.36489381791
greedy|2018|7000|container,20,2023,gas,993,14336.357036590576,21349.186235427856,39844.51543849707,77225.90119171143,147772.71494154935
greedy|2018|7000|container,20,2023,general,1849,8468.527082657814,13861.353577971458,24531.889176368717,46705.370206832886,94250.53772445323
greedy|2018|7000|container,20,2023,roro,601,10127.4714448452,14540.85854625702,19838.35926580429,28692.146220445637,62502.36483955383
greedy|2018|7000|container,20,2024,all,16746,7462.555240154266,14525.35017579794,26806.906703472137,47869.97065591812,86957.44744729996
greedy|2018|7000|container,20,2024,container,2715,3506.0896708488467,6396.05339294672,11984.85955286026,22584.158094882965,101893.06229603283
greedy|2018|7000|container,20,2024,bulk,6665,13695.666239166261,22456.205503463745,32933.40954351425,50661.575041770935,77966.42532501221
greedy|2018|7000|container,20,2024,tanker,4087,6982.024859046936,13584.267538309097,24305.13699245453,42660.96747023612,80226.83449363708
greedy|2018|7000|container,20,2024,gas,951,16218.634437561035,24216.105295181274,46077.8694152832,88764.2185306549,155364.16544246674
greedy|2018|7000|container,20,2024,general,1767,8335.136928844453,14264.506139278412,25531.89006137848,49626.57240408659,96561.24345760347
greedy|2018|7000|container,20,2024,roro,561,10485.701169967651,15057.526220321655,21177.57964515686,32194.194593429565,67626.24316811562
greedy|2018|7000|container,20,2025,all,17006,7608.6192989349365,14424.74035257101,26344.66790252924,45324.54824912548,78571.14750051498
greedy|2018|7000|container,20,2025,container,2779,3760.023639535904,7028.626415252686,12288.938036680222,22882.068418502808,87796.6470794678
greedy|2018|7000|container,20,2025,bulk,6820,13661.200889563564,22404.65006875992,32619.031968832016,48199.280149102204,71666.40586061477
greedy|2018|7000|container,20,2025,tanker,4099,6422.054550886154,13322.053442239761,23803.338201999664,40966.249932050705,72405.84902572636
greedy|2018|7000|container,20,2025,gas,951,13329.49794626236,24491.619463920593,42522.1066236496,78723.33358669281,135508.95835399628
greedy|2018|7000|container,20,2025,general,1769,8702.36978571415,13723.308455228806,24761.038640975952,44151.56899833679,84696.62728347779
greedy|2018|7000|container,20,2025,roro,588,9145.459121513366,14511.841760754583,21020.09247982502,31429.848106980324,63235.55216741567
greedy|2019|10000|all,20,2018,all,15321,6697.664289474487,11383.41685962677,18806.739273548126,28645.713280677795,50469.69680786133
greedy|2019|10000|all,20,2018,container,2234,3585.052805328369,7114.417268276215,11086.92509841919,22768.974112391472,89502.1476979733
greedy|2019|10000|all,20,2018,bulk,6294,9606.614497280123,15405.497998952864,21688.951725482937,30360.366649508476,46179.878673171996
greedy|2019|10000|all,20,2018,tanker,3798,5689.872059571743,9979.207395553589,15853.84548664093,24387.464898765087,38890.26214461327
greedy|2019|10000|all,20,2018,gas,820,7238.572074048221,12975.44217479229,19993.378440380096,37525.801648795605,61792.309940874606
greedy|2019|10000|all,20,2018,general,1646,7545.464834623039,11742.418724536896,18394.889280319214,31337.458294332027,64712.858340874314
greedy|2019|10000|all,20,2018,roro,529,9580.04984277487,13448.913184165956,18567.513325691223,25774.905648231503,69175.79295310973
greedy|2019|10000|all,20,2019,all,15502,7180.989704704285,12199.058753728868,20525.916246414185,32709.208207666874,60574.9443264365
greedy|2019|10000|all,20,2019,container,2209,3396.9336652755733,7310.189681529999,11718.374960660934,29342.48868370056,109576.0966898203
greedy|2019|10000|all,20,2019,bulk,6371,10614.572366714478,17003.135989904404,23308.4885969162,34293.11537563801,52895.17327642441
greedy|2019|10000|all,20,2019,tanker,3924,6193.7787147998815,10467.750204518437,17168.924563407898,26913.08067113161,47513.20543985369
greedy|2019|10000|all,20,2019,gas,874,8407.03723897934,14300.730444848537,22960.640748500824,40631.679983854294,79178.3089826585
greedy|2019|10000|all,20,2019,general,1607,8034.920176696778,13141.717685103416,21676.632692813877,38424.144428014755,85492.80662813186
greedy|2019|10000|all,20,2019,roro,517,9317.267288117855,13660.799745202065,19438.360310554504,29530.88592529297,99540.97239729167
greedy|2019|10000|all,20,2020,all,15740,7238.603979063034,12346.076536614448,20416.942950725555,32323.38256597519,63763.392809023004
greedy|2019|10000|all,20,2020,container,2212,3455.848012018204,7465.9612246751785,11790.177402019503,27430.92366623878,125139.42186746604
greedy|2019|10000|all,20,2020,bulk,6573,11059.002138137817,17445.35015106201,23127.004143714905,33437.25282263756,53097.867372941975
greedy|2019|10000|all,20,2020,tanker,3944,5969.440551519394,10309.589250475168,16816.116199731827,26113.3730686903,48864.805337595986
greedy|2019|10000|all,20,2020,gas,913,8700.592994189263,15801.6605386734,24043.78873825073,43421.653036117554,90794.6730783463
greedy|2019|10000|all,20,2020,general,1592,7593.535982256383,12715.507478892803,21697.456033945084,40383.63991701603,94399.39582560364
greedy|2019|10000|all,20,2020,roro,506,9635.965702742338,12976.993163585663,18070.596261501312,28113.870435118675,108102.45973646642
greedy|2019|10000|all,20,2021,all,16620,7661.228042274714,12640.019751966,20763.102289676666,33051.23549237847,65314.70586661552
greedy|2019|10000|all,20,2021,container,2505,4116.304408454895,7903.329766750336,12209.981402158735,28298.69537448883,132706.55064182275
greedy|2019|10000|all,20,2021,bulk,6773,12042.36814928055,17829.739594459534,23640.15898799896,34462.33252000809,54535.265462493895
greedy|2019|10000|all,20,2021,tanker,4085,5941.070545387269,10199.885805130005,16580.569762945175,26352.97401666641,46511.700082063675
greedy|2019|10000|all,20,2021,gas,977,10306.973103141785,17252.787614822388,26371.00439596176,46957.17092800141,97024.63943881988
greedy|2019|10000|all,20,2021,general,1751,8861.534903526306,13302.663541510701,21614.30160522461,41126.130773067474,90968.243029356
greedy|2019|10000|all,20,2021,roro,529,9914.027231788636,13525.67337024212,18961.85747241974,30422.74203109741,99524.68081073758
greedy|2019|10000|all,20,2022,all,17691,7026.7320466041565,12055.242187976837,19882.36050081253,31923.5982786417,64319.3592781052
greedy|2019|10000|all,20,2022,container,2890,4025.4602791547777,7751.79526746273,12124.424357175827,25265.657969594,119459.58376698493
greedy|2019|10000|all,20,2022,bulk,7090,10851.175842285158,16901.244004011154,23052.56185626984,33437.22480916977,52586.39516973497
greedy|2019|10000|all,20,2022,tanker,4229,5778.835073852539,9935.7941198349,16314.020520687103,25465.891757011414,47064.51779470444
greedy|2019|10000|all,20,2022,gas,991,10283.547366797924,16386.378682613373,25405.497901916504,49234.651045680046,93870.5929646492
greedy|2019|10000|all,20,2022,general,1884,8280.249051824212,12796.234662055967,20518.949687480927,41052.154639750726,88302.57102456094
greedy|2019|10000|all,20,2022,roro,607,9310.112303781509,13520.595487356186,19352.3119058609,30684.53352726996,85670.03127524846
greedy|2019|10000|all,20,2023,all,17714,6983.639510822298,11885.950556993483,19829.59452831745,32144.457772016525,65528.83641328815
greedy|2019|10000|all,20,2023,container,2948,3862.9142041891814,7787.293899565935,12749.646463900805,31180.21692469716,125889.54304757135
greedy|2019|10000|all,20,2023,bulk,7061,10119.212234534323,16062.990701675417,22461.54494857788,32401.64725112915,51286.31805276871
greedy|2019|10000|all,20,2023,tanker,4262,6024.862369000913,9768.732675731182,16056.182044506073,25577.326887130737,49965.17192993166
greedy|2019|10000|all,20,2023,gas,993,10720.9822742939,16935.274065971375,27620.215052604675,51882.39264297485,97131.80444278718
greedy|2019|10000|all,20,2023,general,1849,8112.470663070679,12757.196303069592,21552.814925193787,39838.55577468872,83619.96801557542
greedy|2019|10000|all,20,2023,roro,601,10044.817956924438,13631.611870765686,18363.837058603764,28981.26643562317,87529.69334602356
greedy|2019|10000|all,20,2024,all,16746,6807.096670150757,12381.713181972504,20733.152179718018,33599.70141810179,67709.07606077194
greedy|2019|10000|all,20,2024,container,2715,3878.604981899262,7897.779994904995,14213.155556678772,37544.56634706259,126491.29167847631
greedy|2019|10000|all,20,2024,bulk,6665,10456.288633873313,16927.877190589905,23064.967961788177,33432.10575199127,52521.01893157962
greedy|2019|10000|all,20,2024,tanker,4087,5402.860433101654,9909.189474582672,16557.605297088623,27051.289071798325,51597.31390013695
greedy|2019|10000|all,20,2024,gas,951,9667.423478603365,17517.92058467865,28960.75524902344,58874.62855195999,105138.88906860352
greedy|2019|10000|all,20,2024,general,1767,7865.392198753358,13109.989978075027,22092.4600815773,39132.76468420029,85112.340966034
greedy|2019|10000|all,20,2024,roro,561,11499.53468799591,14710.543262958528,20564.69415473938,30565.73986530304,90917.40655869246
greedy|2019|10000|all,20,2025,all,17006,7063.073926568031,12649.572254180908,20903.664972126484,32885.878427386284,60990.20107984543
greedy|2019|10000|all,20,2025,container,2779,4403.2247547149655,8761.929684102535,15691.96766090393,39914.66649259627,106110.35960648063
greedy|2019|10000|all,20,2025,bulk,6820,10711.86974425316,17313.593994617462,23168.747250556946,33231.16298389435,48989.586031341554
greedy|2019|10000|all,20,2025,tanker,4099,5145.110183620453,9959.8693318367,16622.721795082092,26521.80367422104,45511.83829364778
greedy|2019|10000|all,20,2025,gas,951,9538.226588249208,17429.20173072815,28575.379375457764,52567.57203722,92462.72335338593
greedy|2019|10000|all,20,2025,general,1769,8303.514829134941,12651.844644367697,21648.5236825943,36054.16198635101,73218.81923249515
greedy|2019|10000|all,20,2025,roro,588,9911.816769850255,15027.117809951305,20556.858165979385,30031.32925248146,72030.7183875084
greedy|2019|10000|bulk,20,2018,all,15321,8765.658995270729,13929.033389568329,21429.8356218338,36405.84860706329,81611.19364261627
greedy|2019|10000|bulk,20,2018,container,2234,6578.996655035019,12361.178016841412,21327.971304893494,67885.84645962715,176103.00381126403
greedy|2019|10000|bulk,20,2018,bulk,6294,9062.46951675415,13846.99586342275,19661.686012744904,27553.214884400368,41569.92945535182
greedy|2019|10000|bulk,20,2018,tanker,3798,8041.100616955758,13895.714173853397,22699.49186897278,38034.16996526718,78680.83039312366
greedy|2019|10000|bulk,20,2018,gas,820,10650.288438463213,16951.531732559204,28947.04399704933,53443.91382265091,97474.318489182
greedy|2019|10000|bulk,20,2018,general,1646,9729.644703447819,15245.810329675676,25419.23510888219,56839.921321868904,147057.21568345279
greedy|2019|10000|bulk,20,2018,roro,529,13976.364775943755,21635.23468542099,31749.40500307083,63832.3818564415,194209.69915983672
greedy|2019|10000|bulk,20,2019,all,15502,9325.52927684784,15026.250690937042,23435.512961506844,43270.08383727073,102583.5993041694
greedy|2019|10000|bulk,20,2019,container,2209,6915.930758643151,12712.17564702034,23635.08137702942,95457.25515556335,215456.08697457315
greedy|2019|10000|bulk,20,2019,bulk,6371,9405.201161384584,14480.160271525383,20590.78796005249,29724.59382852912,46673.08591556549
greedy|2019|10000|bulk,20,2019,tanker,3924,8711.800857686996,14896.559801757337,25050.87895822525,45130.68593233824,93331.06228141788
greedy|2019|10000|bulk,20,2019,gas,874,12635.018206715584,19461.44871354103,33290.17868876457,64958.444079015404,123222.69813342097
greedy|2019|10000|bulk,20,2019,general,1607,11428.381588673592,18459.264970876276,31670.27436214685,80588.18603241444,175233.63087248802
greedy|2019|10000|bulk,20,2019,roro,517,15430.59301609993,23776.695441246036,34413.76297998428,91813.57915782928,249592.40553622265
greedy|2019|10000|bulk,20,2020,all,15740,9574.969971466066,15109.100242376328,23053.962156295776,43119.93966138363,113469.36550040248
greedy|2019|10000|bulk,20,2020,container,2212,7101.371277368069,12984.05869156122,24361.762801647186,107619.25485992432,237423.99912199978
greedy|2019|10000|bulk,20,2020,bulk,6573,9953.696447181701,14732.330566227436,20597.33439350128,29430.651845932007,46027.918186759955
greedy|2019|10000|bulk,20,2020,tanker,3944,8495.207050478459,14596.376487672329,24152.099737286568,48158.332391023636,105880.21717859509
greedy|2019|10000|bulk,20,2020,gas,913,12820.366341209412,19890.643579483032,35078.3762319088,67205.63056755066,140354.53580970765
greedy|2019|10000|bulk,20,2020,general,1592,11274.977672719955,18261.32360816002,31070.31029009819,86824.98693543673,198495.65715436937
greedy|2019|10000|bulk,20,2020,roro,506,14443.472148180008,21969.47510355711,33162.41256046295,94063.5576429367,274328.3100708425
greedy|2019|10000|bulk,20,2021,all,16620,10181.6730915308,15943.487247914076,24030.788783550262,45278.95804658532,119468.79808893205
greedy|2019|10000|bulk,20,2021,container,2505,7906.435304641724,13595.416783332825,27855.130643725395,102667.90576553345,240568.03439760208
greedy|2019|10000|bulk,20,2021,bulk,6773,10873.848691543937,15766.118532180786,21604.41201591492,30722.1112241745,47955.386359787
greedy|2019|10000|bulk,20,2021,tanker,4085,8408.399539661408,14301.084757328032,24568.36180210113,48525.311712265015,108485.33192481993
greedy|2019|10000|bulk,20,2021,gas,977,15531.697365760803,21800.30743312836,38003.23904037476,73621.65390014648,153403.11865973473
greedy|2019|10000|bulk,20,2021,general,1751,12531.934198856354,18822.069164276123,31210.95857334137,89700.86744982004,201428.79413318637
greedy|2019|10000|bulk,20,2021,roro,529,16215.949242591858,21932.6486261487,33054.10510635376,90291.3887154758,307390.2249459743
greedy|2019|10000|bulk,20,2022,all,17691,9653.358197033403,15523.785395920277,23706.21864700317,44182.59847331047,117471.2655935362
greedy|2019|10000|bulk,20,2022,container,2890,7246.689528536796,13014.985241264105,25612.789385080338,91635.40001064539,231771.17216575134
greedy|2019|10000|bulk,20,2022,bulk,7090,10359.696137619021,15484.048881173132,21346.647884130478,29928.187751531605,46608.26338987351
greedy|2019|10000|bulk,20,2022,tanker,4229,8085.316460609436,13988.038639307022,24296.43270969391,46026.27540683746,108217.59288091672
greedy|2019|10000|bulk,20,2022,gas,991,14217.890398576856,20599.180383503437,41339.06351852417,88967.33323049545,167557.42311629653
greedy|2019|10000|bulk,20,2022,general,1884,12065.87475657463,18229.24058926105,30576.11492449045,81234.83128857613,198538.1080360055
greedy|2019|10000|bulk,20,2022,roro,607,15428.78935499862,22723.556250333786,35091.66615486145,83783.94563832879,289766.11751022324
greedy|2019|10000|bulk,20,2023,all,17714,9353.763145613671,15117.06500196457,23446.68514275551,44569.361348867424,118191.18589611058
greedy|2019|10000|bulk,20,2023,container,2948,7028.097523939609,12910.400786161423,27487.361821889877,99079.27982610466,219757.9149810314
greedy|2019|10000|bulk,20,2023,bulk,7061,9831.923367500303,14794.184677124023,20699.612701416016,28685.75354194641,44592.59710741043
greedy|2019|10000|bulk,20,2023,tanker,4262,8477.639904117585,14054.846574068071,24099.52398943901,46437.695227622986,103667.4045030833
greedy|2019|10000|bulk,20,2023,gas,993,13764.924901762604,22947.816868186,44390.284705638885,98358.56049156188,174101.06519451147
greedy|2019|10000|bulk,20,2023,general,1849,11663.152346324921,17489.41525363922,30551.26923286915,80777.41698884964,188923.09807176594
greedy|2019|10000|bulk,20,2023,roro,601,15868.298743516209,22478.160333156586,34010.477462768555,81708.76350617409,285929.0092082024
greedy|2019|10000|bulk,20,2024,all,16746,9077.63787817955,15428.438571214674,24167.795491933823,45486.22553086281,113325.0760563612
greedy|2019|10000|bulk,20,2024,container,2715,6858.331230640412,13556.686412215233,30667.662108182907,98670.22371768951,208634.30798311232
greedy|2019|10000|bulk,20,2024,bulk,6665,9756.50361070633,15371.288189888,21338.600191116333,29662.66176700592,44535.13296432496
greedy|2019|10000|bulk,20,2024,tanker,4087,7481.874342536926,13863.411416053772,24225.77602291107,46644.24383890629,95951.64883461
greedy|2019|10000|bulk,20,2024,gas,951,13196.494181156158,24408.37030029297,46766.433181762695,105101.79212880135,171384.66761302948
greedy|2019|10000|bulk,20,2024,general,1767,11259.238136863709,17410.806368112564,30971.17767894268,74519.1206805706,181897.17542541193
greedy|2019|10000|bulk,20,2024,roro,561,16443.12206554413,22945.918663978577,35618.8050365448,81708.76350617409,250440.6896276474
greedy|2019|10000|bulk,20,2025,all,17006,9311.686452686787,15443.751767635345,23761.712044000626,42667.616475343704,98561.71666932106
greedy|2019|10000|bulk,20,2025,container,2779,7397.745300984383,14672.956980228424,31590.50922048092,85002.74089854956,182957.2297121049
greedy|2019|10000|bulk,20,2025,bulk,6820,9932.083929657936,15374.776104807854,20864.895402431488,28958.918665409088,42132.214983844766
greedy|2019|10000|bulk,20,2025,tanker,4099,6940.180029726029,13563.825279712677,23588.484591007236,42677.02055644989,82579.26244831085
greedy|2019|10000|bulk,20,2025,gas,951,12817.202850818634,23957.575081974268,43841.38615989685,87305.94750905037,153365.50045108795
greedy|2019|10000|bulk,20,2025,general,1769,11443.232738304137,17358.682550430298,29005.29776573181,62080.6008001864,161384.2517079592
greedy|2019|10000|bulk,20,2025,roro,588,15864.050539970398,24021.253341436386,36292.89495372772,71157.34884727001,196728.93949193976
greedy|2019|10000|container,20,2018,all,15321,7091.3461174964905,12988.4613199234,22961.574531555176,38172.39409160614,64456.71393291652
greedy|2019|10000|container,20,2018,container,2234,3754.605895388127,6668.672714233398,9666.386876106262,21003.10939051956,92235.64209203725
greedy|2019|10000|container,20,2018,bulk,6294,12511.434377288819,20306.379370331764,28938.923609256744,42828.93883037567,63208.72161693571
greedy|2019|10000|container,20,2018,tanker,3798,6833.207788801194,12184.018044173717,19999.78849363327,32134.133947610855,55754.63817687035
greedy|2019|10000|container,20,2018,gas,820,8455.147888875008,15764.278374373913,25863.92676115036,46629.85807955266,86923.16424106061
greedy|2019|10000|container,20,2018,general,1646,7621.609407424927,12504.838166713715,20574.335080578923,34303.1827009432,65236.80078468565
greedy|2019|10000|container,20,2018,roro,529,8764.195148277282,13499.66478729248,19878.537886619568,26294.71493673325,49580.682298231106
greedy|2019|10000|container,20,2019,all,15502,7670.699790346623,14114.83452475071,25616.506377220154,44301.9280500412,77527.92101325988
greedy|2019|10000|container,20,2019,container,2209,3425.094323563576,6738.02937078476,10057.62194609642,27886.88858985901,113081.20568493605
greedy|2019|10000|container,20,2019,bulk,6371,13996.328786849976,22491.16189813614,32530.886212348934,48711.9460811615,73378.09529018402
greedy|2019|10000|container,20,2019,tanker,3924,7667.88786662817,12851.49395519495,21600.436690092087,36854.03521299363,64631.2244955063
greedy|2019|10000|container,20,2019,gas,874,9767.210594654083,17004.18275642395,29131.589627742767,57403.42793333531,111432.75788300051
greedy|2019|10000|container,20,2019,general,1607,8663.744324302674,13848.221924304962,24208.02771472931,43670.092170879245,87595.47014455797
greedy|2019|10000|container,20,2019,roro,517,8961.6755112648,14298.534401893616,20718.856335639957,29382.47242450714,61651.22752956156
greedy|2019|10000|container,20,2020,all,15740,7838.914651164413,14627.400686144829,25890.985876321793,44586.89815711975,82374.84891070127
greedy|2019|10000|container,20,2020,container,2212,3296.295889043808,6791.22103831172,10489.00091934204,28501.999278008938,130102.05654070378
greedy|2019|10000|container,20,2020,bulk,6573,15263.172400665284,22688.6628408432,32078.706623077396,48726.42123371363,75999.96530075073
greedy|2019|10000|container,20,2020,tanker,3944,7709.97102124691,13106.437581628561,21661.60792040825,36673.328524708755,68206.66122446061
greedy|2019|10000|container,20,2020,gas,913,11397.762868833543,17920.57220172882,30168.655751228333,60029.27066206932,114271.11723916531
greedy|2019|10000|container,20,2020,general,1592,8255.102860438825,13837.2845069468,24479.507225751877,44414.39016011357,93887.85521624093
greedy|2019|10000|container,20,2020,roro,506,8951.372883409262,13753.529560923576,20414.556527137756,29492.192157387733,75417.90130615234
greedy|2019|10000|container,20,2021,all,16620,8279.626176130772,14884.162773489952,26277.072916448116,44874.86138397455,84094.3549598694
greedy|2019|10000|container,20,2021,container,2505,4042.954255437851,7060.203325152397,11066.377008914948,26655.86195802689,134273.66764302252
greedy|2019|10000|container,20,2021,bulk,6773,16189.209248542786,23213.286766529083,33173.39341926575,49376.59432888031,77188.53277626038
greedy|2019|10000|container,20,2021,tanker,4085,7716.736361503601,12877.026762008669,21835.041145324707,36411.12388706207,65903.80851011274
greedy|2019|10000|container,20,2021,gas,977,12635.368827438357,19163.92855834961,32505.106124833223,60037.73828601837,127566.382132101
greedy|2019|10000|container,20,2021,general,1751,9612.415382288396,14766.143982887268,24100.976770401,44535.21542841196,92264.94881153108
greedy|2019|10000|container,20,2021,roro,529,10514.889028358459,15203.302489757538,21753.714789390564,31984.96846961975,83242.74224491119
greedy|2019|10000|container,20,2022,all,17691,7691.705648034811,13912.93318271637,24523.36195731163,43480.22051805258,81986.29002141953
greedy|2019|10000|container,20,2022,container,2890,3953.130699729921,6885.221193790436,11396.482681781054,22014.967775523663,126583.91485944239
greedy|2019|10000|container,20,2022,bulk,7090,14566.081023025514,21887.5117303133,31225.99933862686,47330.38252007961,74677.76506347659
greedy|2019|10000|container,20,2022,tanker,4229,7040.5010572433475,12653.20168352127,20919.156916618347,34456.589562892914,66182.48688325894
greedy|2019|10000|container,20,2022,gas,991,12764.192440509796,18186.795073509216,33019.278126716614,66241.69599676132,137709.7204221487
greedy|2019|10000|container,20,2022,general,1884,8865.07878605202,14032.188263166696,22933.712815697305,44279.501015499234,90115.51527543069
greedy|2019|10000|container,20,2022,roro,607,9392.744012475014,14329.242410779,20763.42513656616,30907.171209335327,75232.6914027214
greedy|2019|10000|container,20,2023,all,17714,7678.475156694651,13838.133851408958,24513.560877799988,43372.39935851098,81553.84770886898
greedy|2019|10000|container,20,2023,container,2948,3813.1496633827687,7025.236215654761,11668.22785782814,27899.85193753243,129338.64014314117
greedy|2019|10000|container,20,2023,bulk,7061,13576.56331539154,21605.40618634224,31137.26693439484,47017.07577046752,72230.52680778503
greedy|2019|10000|container,20,2023,tanker,4262,7309.609137487411,12559.12769895792,20681.41878604889,34879.3966281414,68901.6042699337
greedy|2019|10000|container,20,2023,gas,993,12645.059663295746,18989.44336128235,35817.74669456482,68279.17643356323,137548.99183149342
greedy|2019|10000|container,20,2023,general,1849,8775.999389800429,14137.040653407574,23663.83537054062,43776.31182575226,86635.3195798874
greedy|2019|10000|container,20,2023,roro,601,11132.488368988035,14885.338312447073,20561.589385271072,29454.70500183105,65289.92818927765
greedy|2019|10000|container,20,2024,all,16746,7670.939579248428,14620.433177113533,26014.259466171265,46164.87911748886,84041.96779082716
greedy|2019|10000|container,20,2024,container,2715,3846.532321929932,7209.264538407326,12566.39835000038,31174.885711967945,126335.63082294463
greedy|2019|10000|container,20,2024,bulk,6665,14051.106803894047,22292.987202644348,32433.453070640564,49518.77557563782,74450.0622236252
greedy|2019|10000|container,20,2024,tanker,4087,6644.4786840915685,12737.80437400937,22320.92872953415,38084.51785469055,71596.35284719468
greedy|2019|10000|container,20,2024,gas,951,13286.139570236206,20868.143865406513,40751.81089758873,75654.87112283707,143359.97471427915
greedy|2019|10000|container,20,2024,general,1767,8457.98761048317,14371.502403736115,24761.038640975952,46311.13766503334,88244.64786612094
greedy|2019|10000|container,20,2024,roro,561,11358.285068511965,15920.388112068176,22033.706560611725,35426.05033016205,71143.1564245224
greedy|2019|10000|container,20,2025,all,17006,7931.208605289459,14698.502240419388,25723.744919538498,43669.18091130257,75038.23027348518
greedy|2019|10000|container,20,2025,container,2779,4179.019898343086,7965.516414165497,13143.871782302856,30530.977162837982,103148.21428868787
greedy|2019|10000|container,20,2025,bulk,6820,13974.584956395625,22436.85524179041,32274.814759612083,47073.02077841759,68740.09171133046
greedy|2019|10000|container,20,2025,tanker,4099,6139.751550483704,12866.48013830185,21827.49980974197,35985.214841365814,64217.80677347783
greedy|2019|10000|container,20,2025,gas,951,12202.585215568542,21642.755077838898,37499.45604133606,71603.20483207703,121222.42104053496
greedy|2019|10000|container,20,2025,general,1769,8987.234738779069,13888.721660614014,24099.108419656757,41841.38332653046,79363.86001596451
greedy|2019|10000|container,20,2025,roro,588,9830.859955465794,15214.19168753922,21513.667542040348,32813.08789911866,64357.461651134625
greedy|2019|5000|all,20,2018,all,15321,6253.009626865387,11705.965009689333,20592.9669713974,33895.750274419785,63007.61512756348
greedy|2019|5000|all,20,2018,container,2234,3137.8425369262695,6505.302636146545,12132.63998579979,24584.60874724388,121863.07025921348
greedy|2019|5000|all,20,2018,bulk,6294,8636.812107563019,16654.89454638958,23233.505038022995,35624.70879685879,56524.04353853463
greedy|2019|5000|all,20,2018,tanker,3798,5657.284684705735,10649.20984429121,18649.186593532562,29651.547331571575,52143.78203315737
greedy|2019|5000|all,20,2018,gas,820,7855.805333869159,14334.876491680741,23745.591584205627,42713.60114210844,82566.69822680952
greedy|2019|5000|all,20,2018,general,1646,6177.173990011215,10409.935940355062,19475.273861408234,34949.47160039842,69142.67915940285
greedy|2019|5000|all,20,2018,roro,529,9188.01776752472,13713.26886844635,21439.19902420044,32413.40199744329,82730.68421710728
greedy|2019|5000|all,20,2019,all,15502,6658.736361909751,12596.407596766949,22594.894738197327,39786.771252930164,77549.05383553501
greedy|2019|5000|all,20,2019,container,2209,3040.6832102775575,6725.834692955017,13323.182943344116,48747.99535560608,160595.2122075081
greedy|2019|5000|all,20,2019,bulk,6371,9041.585564613342,17788.843796998262,25217.06472682953,40669.407777786255,64476.01312828064
greedy|2019|5000|all,20,2019,tanker,3924,6259.55638961792,11365.989367738366,20618.440732479095,34992.27758359909,62604.908011013285
greedy|2019|5000|all,20,2019,gas,874,8811.149760055543,16047.472379803658,26155.7576546669,50899.17244547606,100953.4705193043
greedy|2019|5000|all,20,2019,general,1607,6762.882247257233,11546.376250505447,22342.777963638306,42761.06891819835,87100.81807470326
greedy|2019|5000|all,20,2019,roro,517,9489.420499777792,15419.640813350676,23116.021231651303,38517.24306893349,110041.03195152296
greedy|2019|5000|all,20,2020,all,15740,6804.96431708932,13020.977815628052,22438.522083997726,38931.52762326599,82296.29849328996
greedy|2019|5000|all,20,2020,container,2212,2915.9802553176883,6650.2703626304865,13301.931323051453,43776.14184349775,180512.53170598147
greedy|2019|5000|all,20,2020,bulk,6573,10076.179236817361,18019.325144290924,24717.053783416748,39247.87369585037,64547.48942337037
greedy|2019|5000|all,20,2020,tanker,3944,6252.855866003037,11474.909409567716,19778.804218053818,33440.93623185158,66428.57639608385
greedy|2019|5000|all,20,2020,gas,913,9756.420384597779,17003.02814388275,26936.11088001728,54355.74592930079,112757.45379035492
greedy|2019|5000|all,20,2020,general,1592,6374.503887665272,11145.661566138268,22815.445695400238,43502.354529857635,97971.67464507821
greedy|2019|5000|all,20,2020,roro,506,9481.422500669956,13955.903120279312,22940.29641330242,39353.64686705172,129942.49703291246
greedy|2019|5000|all,20,2021,all,16620,7153.022654247285,12985.990483671425,22615.892410755157,39351.64627325535,83084.27261142734
greedy|2019|5000|all,20,2021,container,2505,3366.0673672676085,7678.026628494263,13168.669629096985,40034.04358768463,180039.47675579778
greedy|2019|5000|all,20,2021,bulk,6773,11051.563191795349,18415.33779430389,25339.609296798702,40246.64262962341,65443.33434944155
greedy|2019|5000|all,20,2021,tanker,4085,5959.799147546291,10968.707341909409,19619.630842208862,32921.24863624573,65621.88435924052
greedy|2019|5000|all,20,2021,gas,977,11901.265334898233,18224.18095588684,29633.898156642917,59598.84849452973,118892.58090639113
greedy|2019|5000|all,20,2021,general,1751,7441.975233078003,11605.303923428059,21744.70477962494,41185.75513601303,94301.39537096024
greedy|2019|5000|all,20,2021,roro,529,9035.829461860658,14865.51567363739,23179.20815968513,39209.19904512167,119198.43398334978
greedy|2019|5000|all,20,2022,all,17691,6379.089430212975,12325.648391723633,21561.840885162357,37940.631950855255,81218.64113140106
greedy|2019|5000|all,20,2022,container,2890,3302.975562810898,6565.904009431601,12953.525408267975,28141.195714116096,168906.14208531377
greedy|2019|5000|all,20,2022,bulk,7090,9672.760428118707,17592.048088014126,24298.731553554535,38391.63228392601,62487.5890521765
greedy|2019|5000|all,20,2022,tanker,4229,5785.561431789399,10447.008705168962,18704.559781074524,33003.94342708588,68124.19166030886
greedy|2019|5000|all,20,2022,gas,991,11792.38944721222,17459.14102458954,29914.301635742188,62955.4527797699,125316.53394889832
greedy|2019|5000|all,20,2022,general,1884,6965.552956485749,11302.705216825008,21768.881479263306,42516.171618416905,94811.1083990097
greedy|2019|5000|all,20,2022,roro,607,8444.8493393898,14354.261929512024,21844.375022411343,35608.27208036184,109219.11866522118
greedy|2019|5000|all,20,2023,all,17714,6267.693659818173,12064.676680982113,21490.663182735443,38452.306618094444,81981.62694152893
greedy|2019|5000|all,20,2023,container,2948,3194.3735378265383,6538.560272485018,13362.85463809967,31668.911851946265,156519.61742477454
greedy|2019|5000|all,20,2023,bulk,7061,9087.61250782013,17081.45217514038,23756.370888710026,37308.68981647492,61796.42878198624
greedy|2019|5000|all,20,2023,tanker,4262,5914.891079473496,10451.461801290512,18976.991884112358,34622.45427262783,72959.43812484741
greedy|2019|5000|all,20,2023,gas,993,11551.227708148957,17758.981343269348,33880.712193489075,66334.18461799622,128725.06649818427
greedy|2019|5000|all,20,2023,general,1849,6334.556909531355,11178.514857769012,21934.1008849144,43351.674783706665,90663.29552316671
greedy|2019|5000|all,20,2023,roro,601,9138.36018538475,14244.676239490507,21314.028065681458,35039.834834486246,106826.0553832054
greedy|2019|5000|all,20,2024,all,16746,6267.236711502075,12214.851541116834,22531.05807042122,40627.45348167419,84586.01094561815
greedy|2019|5000|all,20,2024,container,2715,3283.6844929456715,6792.221213579178,14066.401216506958,39745.47909209132,149696.4596143722
greedy|2019|5000|all,20,2024,bulk,6665,9019.945931434631,17501.472845077515,24455.534879922867,38696.19155693054,63500.768205928856
greedy|2019|5000|all,20,2024,tanker,4087,5373.06782746315,10550.800181865692,20116.16869544983,37483.26763892174,76198.09995708466
greedy|2019|5000|all,20,2024,gas,951,10250.199854373932,19134.22040474415,37293.88869762421,74415.39066791534,131161.62897491455
greedy|2019|5000|all,20,2024,general,1767,6312.815748935938,10910.658137321472,22656.16803073883,44867.7756250985,90631.49045302575
greedy|2019|5000|all,20,2024,roro,561,10359.980382442474,14607.868013620377,21945.898811221123,38549.72307872772,116989.8837531805
greedy|2019|5000|all,20,2025,all,17006,6400.348316669464,12526.432335183024,22413.711364746094,38586.0625910759,74212.79258823395
greedy|2019|5000|all,20,2025,container,2779,3582.767840576172,7810.930402517319,15252.449024796486,36526.93015873432,124788.96134395602
greedy|2019|5000|all,20,2025,bulk,6820,9267.403518199924,17443.820085048676,24130.019259274006,37419.39822912216,58431.739927387236
greedy|2019|5000|all,20,2025,tanker,4099,5192.642185592651,10591.139266848564,19767.639752388,35004.37887084484,68049.91465721135
greedy|2019|5000|all,20,2025,gas,951,9833.834176063538,19025.2806289196,36669.475667476654,70141.5975689888,112314.52128219604
greedy|2019|5000|all,20,2025,general,1769,6937.56554864347,11216.259440422058,22068.56401157379,40140.92182922363,79604.5693183899
greedy|2019|5000|all,20,2025,roro,588,8509.697466516494,14378.119674265386,22500.88676261902,36219.917502865195,96543.91691849846
greedy|2019|5000|bulk,20,2018,all,15321,7502.781824588776,17297.40061187744,30726.21180033684,73265.4039440155,185227.6247806549
greedy|2019|5000|bulk,20,2018,container,2234,4308.370029544831,14905.271815299988,35790.6707174778,151851.6926959157,325601.56849192386
greedy|2019|5000|bulk,20,2018,bulk,6294,7578.045741003752,17260.48483633995,26266.513327896595,49145.72324746847,96165.31810474396
greedy|2019|5000|bulk,20,2018,tanker,3798,7590.084268015625,16787.206900000572,32863.20373749733,80604.11896640062,178894.21144500986
greedy|2019|5000|bulk,20,2018,gas,820,8510.620220184326,20668.626048207283,44758.88029932976,105825.2941840887,240818.84719696047
greedy|2019|5000|bulk,20,2018,general,1646,8126.779910087585,17846.984979748726,41826.99156188965,116860.02771224454,284326.3616242409
greedy|2019|5000|bulk,20,2018,roro,529,11813.563146072627,23190.937140464783,36973.03700065613,75728.97795581818,237345.60102515222
greedy|2019|5000|bulk,20,2019,all,15502,7976.089183574916,19406.107778728012,37645.77678847313,94031.1037530899,216304.9473174095
greedy|2019|5000|bulk,20,2019,container,2209,5565.69777584076,19508.13779592514,57509.81873369217,198338.8838291168,366843.1537472725
greedy|2019|5000|bulk,20,2019,bulk,6371,7580.346801280975,18003.22062063217,29914.993945777416,58994.486963272095,116915.32550787926
greedy|2019|5000|bulk,20,2019,tanker,3924,8296.826528382302,18978.458002448082,41550.6947414875,99014.84951490162,196804.5769120217
greedy|2019|5000|bulk,20,2019,gas,874,12153.69716642499,27324.859432458878,61482.90781760216,134631.2027709484,269935.00045509357
greedy|2019|5000|bulk,20,2019,general,1607,9910.867809963225,23558.69313788414,55705.13096237183,137374.79344046116,302585.62746276864
greedy|2019|5000|bulk,20,2019,roro,517,12720.558922195434,26719.202094078064,41545.11486411095,115919.4217877388,284288.6796072245
greedy|2019|5000|bulk,20,2020,all,15740,7920.252170693874,19235.597165465355,36665.52252149582,104860.76205611229,235775.00029153828
greedy|2019|5000|bulk,20,2020,container,2212,4485.336208152771,17408.704092383385,55207.93536102772,227577.4191057682,387095.32921979425
greedy|2019|5000|bulk,20,2020,bulk,6573,7799.1096213579185,18212.048773944374,28366.863168358803,58734.8941450119,130855.13361521963
greedy|2019|5000|bulk,20,2020,tanker,3944,8193.382293653489,18297.84155488014,41218.73942756653,116625.43916675447,219843.9541296484
greedy|2019|5000|bulk,20,2020,gas,913,11714.967357796431,28456.619365811348,64811.10719680786,152304.88604736328,299282.80476341257
greedy|2019|5000|bulk,20,2020,general,1592,9302.107826012374,22705.138833642002,62167.22499161959,162840.03298419714,321233.5811531666
greedy|2019|5000|bulk,20,2020,roro,506,11831.863423347473,23852.708814263344,39097.21473586559,124134.68876075745,326244.7957544327
greedy|2019|5000|bulk,20,2021,all,16620,8768.186909770966,19528.410368680954,37907.57959985733,108413.48547458649,246924.9856297419
greedy|2019|5000|bulk,20,2021,container,2505,5367.38043217659,18920.172858715057,55867.6488866806,237195.64913606644,388723.8398319244
greedy|2019|5000|bulk,20,2021,bulk,6773,9098.983458328248,19471.84502696991,30146.16833782196,61807.471562981606,138636.32644863136
greedy|2019|5000|bulk,20,2021,tanker,4085,7473.4658092975615,16752.299817800522,41014.33866405487,121162.91584539412,230150.3383903503
greedy|2019|5000|bulk,20,2021,gas,977,13894.617701339721,31678.2376203537,70451.21024227142,166106.54338359833,308589.3343481064
greedy|2019|5000|bulk,20,2021,general,1751,10454.779879570007,22581.027588367462,55282.16233539581,164748.05065631866,315854.00376844406
greedy|2019|5000|bulk,20,2021,roro,529,12605.545418548585,24670.65451669693,37660.74710941315,119452.28012299538,376949.4484874843
greedy|2019|5000|bulk,20,2022,all,17691,8091.29878282547,18403.262865543365,36215.40920615196,103007.86676836014,241690.9838438034
greedy|2019|5000|bulk,20,2022,container,2890,4958.982699584961,13485.573468983173,40731.64961838722,214094.6630001068,372324.3815546751
greedy|2019|5000|bulk,20,2022,bulk,7090,8486.414342451098,18786.681614756588,30035.72448611259,60099.55659592152,128986.70749259001
greedy|2019|5000|bulk,20,2022,tanker,4229,7567.560824012757,16539.350516319275,39286.64212989807,119897.9960770607,230103.18854904178
greedy|2019|5000|bulk,20,2022,gas,991,12030.875020503998,30634.70998096466,75697.14079618454,168798.90629196167,308514.54922294617
greedy|2019|5000|bulk,20,2022,general,1884,9827.747460317612,19804.743256807327,51096.1169962883,151494.93557575718,309345.2099555492
greedy|2019|5000|bulk,20,2022,roro,607,12285.762139415741,23002.32745027542,35819.048547267914,85953.8233063221,325888.84961695655
greedy|2019|5000|bulk,20,2023,all,17714,7980.866240316631,18209.392554044727,35026.299101024866,101746.78925293685,235702.1219895364
greedy|2019|5000|bulk,20,2023,container,2948,4614.738234758377,13442.679864145815,47067.695929169655,206525.68885135654,359702.6278277875
greedy|2019|5000|bulk,20,2023,bulk,7061,8405.014841079712,18043.776825904846,27826.15496635437,55412.47907876968,118582.72159576416
greedy|2019|5000|bulk,20,2023,tanker,4262,8011.560458752513,17121.91387218237,41782.05970573425,119686.4473810196,226439.49276294708
greedy|2019|5000|bulk,20,2023,gas,993,12481.972467374802,29243.95863056183,77888.11640930176,164824.8428592682,303716.5809382439
greedy|2019|5000|bulk,20,2023,general,1849,9257.4316362381,20529.111694335938,51563.253245830536,154542.12585878372,306658.8811839611
greedy|2019|5000|bulk,20,2023,roro,601,12751.454725027084,22553.553469657894,34730.58285188675,85921.1661157608,304310.2347404361
greedy|2019|5000|bulk,20,2024,all,16746,7844.696477651596,17898.106821775436,33516.600603580475,94644.76663333178,221706.944049716
greedy|2019|5000|bulk,20,2024,container,2715,4926.287368011475,15216.727759718895,52631.77920246124,192980.37549316883,348297.2159780502
greedy|2019|5000|bulk,20,2024,bulk,6665,8454.757766675952,17857.63127207756,26539.555008649822,51280.09432435036,105533.40242691041
greedy|2019|5000|bulk,20,2024,tanker,4087,7013.754826736451,15731.920992136002,40570.8063583374,108392.58804014325,214156.38184261322
greedy|2019|5000|bulk,20,2024,gas,951,11447.501358032228,28662.308552503586,69487.21909999847,155590.82366108894,296828.06383895874
greedy|2019|5000|bulk,20,2024,general,1767,9436.829099178314,18822.495411396027,46766.25090885162,143072.73307815194,301433.1673046113
greedy|2019|5000|bulk,20,2024,roro,561,13940.081219911575,22731.137531757355,34932.73278141022,90187.61729446054,294108.36753320694
greedy|2019|5000|bulk,20,2025,all,17006,7840.766748666763,17673.498972535133,32707.027667999268,78416.9655251503,190134.77882146835
greedy|2019|5000|bulk,20,2025,container,2779,5786.678642272949,15767.011986255646,48768.09297370911,146880.05750383437,305306.19516315486
greedy|2019|5000|bulk,20,2025,bulk,6820,8438.226389515403,17851.094447135925,26390.47485280037,46813.25161480903,87390.68311228753
greedy|2019|5000|bulk,20,2025,tanker,4099,6793.439244270325,14862.417871952057,36871.64836978912,90600.31200432777,193624.91046142584
greedy|2019|5000|bulk,20,2025,gas,951,11121.295107319953,27160.100181102753,61790.11866664887,126125.91331577301,259263.18381500244
greedy|2019|5000|bulk,20,2025,general,1769,9490.719846153259,18396.743542671204,41590.27945166081,119290.4811372757,281229.52107912005
greedy|2019|5000|bulk,20,2025,roro,588,12733.31211411953,23814.30704540014,36464.521545410156,80928.38294297457,262341.2429485144
greedy|2019|5000|container,20,2018,all,15321,6765.449031352997,14507.738037109377,26541.904514312744,45281.3920879364,79080.71775388718
greedy|2019|5000|container,20,2018,container,2234,2995.1330239057543,5900.297627985477,12031.03833246231,22780.95358300209,95712.05483880044
greedy|2019|5000|container,20,2018,bulk,6294,12765.090471553805,21813.269684672356,31916.5301361084,48551.449612140656,73705.33562806844
greedy|2019|5000|container,20,2018,tanker,3798,6907.353738307954,13495.658167123795,24519.273857831955,42028.56594645977,73914.66351635456
greedy|2019|5000|container,20,2018,gas,820,9733.81422381401,17892.985297083855,36634.64269417524,62671.87925183773,113634.86588335037
greedy|2019|5000|container,20,2018,general,1646,6806.328313887119,12450.6652084589,25140.60163527727,43215.924483418465,84330.21015310287
greedy|2019|5000|container,20,2018,roro,529,8094.644445574284,14772.017440795898,24611.05667233467,36609.437255859375,81071.40814414022
greedy|2019|5000|container,20,2019,all,15502,7363.559746670723,16226.53569034487,30844.844177365303,54212.57621836662,94596.1162996888
greedy|2019|5000|container,20,2019,container,2209,2915.3144183158875,5736.322620391846,12879.79856300354,27797.05954360962,120851.16278972627
greedy|2019|5000|container,20,2019,bulk,6371,13841.482789993286,23985.23325420916,36866.53473854065,56632.72719168663,86569.18395972252
greedy|2019|5000|container,20,2019,tanker,3924,7972.880477774143,15364.880091309547,27879.546966671944,49188.48611986637,83300.78799786569
greedy|2019|5000|container,20,2019,gas,874,11459.41656956673,22078.250444471836,44506.381254315376,82626.66680890322,149016.3937781334
greedy|2019|5000|container,20,2019,general,1607,7604.121520626545,14321.976685762405,30256.30056977272,54470.700592279434,101482.58716012837
greedy|2019|5000|container,20,2019,roro,517,9024.610390377045,18157.175696849823,26363.377028942108,41139.661435604095,102001.53060835307
greedy|2019|5000|container,20,2020,all,15740,7704.020365834236,16759.63131380081,30730.736716175452,55197.33336663246,102137.80573800507
greedy|2019|5000|container,20,2020,container,2212,2795.258616924286,5637.844903349877,12790.08021891117,25019.504618048668,131326.4271221162
greedy|2019|5000|container,20,2020,bulk,6573,15557.082870483398,24238.06890773773,36492.41143798828,57349.386912345886,91985.72201023104
greedy|2019|5000|container,20,2020,tanker,3944,8184.813581848145,15140.325356632471,27262.163369178772,48922.71576297283,91782.57730331422
greedy|2019|5000|container,20,2020,gas,913,12785.02258243561,24345.628160476685,47268.55577373505,90532.06301212312,164608.3288082124
greedy|2019|5000|container,20,2020,general,1592,6984.540274011346,15046.32353194058,30819.70055913925,58119.21279788017,110623.63378419876
greedy|2019|5000|container,20,2020,roro,506,8351.847087860107,15091.304012656212,25002.043444156647,39781.02260696888,119991.9803339839
greedy|2019|5000|container,20,2021,all,16620,8222.224825572968,17034.042523026466,31340.59846353531,55798.565471708775,104455.33151741029
greedy|2019|5000|container,20,2021,container,2505,3022.058237695694,6577.26787853241,13375.168630123138,29475.69669532776,134244.02655180675
greedy|2019|5000|container,20,2021,bulk,6773,16660.52172651291,24810.263697624207,37864.47063732147,58444.68052268028,93750.26397889854
greedy|2019|5000|container,20,2021,tanker,4085,8100.466270637512,14661.262465000153,26544.42954683304,48205.94492673874,91542.47965478893
greedy|2019|5000|container,20,2021,gas,977,13538.512429237366,27734.648733615875,51078.65811824799,95295.82690906525,180154.138964653
greedy|2019|5000|container,20,2021,general,1751,8521.675590515137,15031.692560881376,29225.85678100586,56159.85064552724,110629.41322135924
greedy|2019|5000|container,20,2021,roro,529,8566.413204222918,16963.826302051544,27444.160467147827,44883.38816308975,117339.14372596737
greedy|2019|5000|container,20,2022,all,17691,7161.108557701111,15625.477210521698,29031.346934318542,53514.74362564087,101408.12905824184
greedy|2019|5000|container,20,2022,container,2890,3064.4252096176147,5840.102170720696,13135.709937095642,24817.03512072563,124755.83367494342
greedy|2019|5000|container,20,2022,bulk,7090,15104.016252569854,23640.919224977497,35872.254653811455,56557.76839530468,88738.53527784349
greedy|2019|5000|container,20,2022,tanker,4229,7170.108790779113,14112.758555412292,25386.24192905426,46805.89472794533,94338.99238624575
greedy|2019|5000|container,20,2022,gas,991,13849.013501405716,26116.128150224686,51416.32145404816,94915.55004644394,185606.7425508499
greedy|2019|5000|container,20,2022,general,1884,7752.260349963605,13446.607196211817,27321.214823663235,53837.58018064499,110211.06934417487
greedy|2019|5000|container,20,2022,roro,607,8439.200943982602,16024.212902938947,26568.36622953415,42063.19727921486,98665.24972257613
greedy|2019|5000|container,20,2023,all,17714,6892.997215067596,15202.991885900497,28478.992972299457,52811.44243121147,100971.602018404
greedy|2019|5000|container,20,2023,container,2948,3047.604252576828,5547.048536926508,12928.117239952087,24398.427211761475,121191.25619317303
greedy|2019|5000|container,20,2023,bulk,7061,13491.362473100424,23005.318392276764,34388.0087890625,54837.12077093125,87523.06021213531
greedy|2019|5000|container,20,2023,tanker,4262,7368.75368679762,13763.662139341233,25164.099286556244,48813.185928106315,94263.23960461619
greedy|2019|5000|container,20,2023,gas,993,15208.39543287754,28555.02864646912,51109.13974237442,100919.2176157236,182701.42439594283
greedy|2019|5000|container,20,2023,general,1849,7360.7222469329845,13785.835827842357,27849.103863716125,53112.53051900864,109043.13800849915
greedy|2019|5000|container,20,2023,roro,601,10180.863116532564,16162.092601776125,25310.556075572968,43476.7667593956,95325.31031954288
greedy|2019|5000|container,20,2024,all,16746,7028.600956052542,15411.821611970663,29795.473229169846,55270.6476790905,100573.22156345844
greedy|2019|5000|container,20,2024,container,2715,3057.144305419922,5924.319196045399,13451.125809669496,26739.80558928847,117241.82766146057
greedy|2019|5000|container,20,2024,bulk,6665,13128.202464783193,23172.73415374756,35849.32345581055,56808.85487651825,87728.20261802674
greedy|2019|5000|container,20,2024,tanker,4087,6852.606402105094,14058.00280714035,26963.52914404869,51904.08594298363,96365.90978431703
greedy|2019|5000|container,20,2024,gas,951,16155.764620780945,30233.723818302155,55092.18576097488,102647.48093700409,177748.73669052124
greedy|2019|5000|container,20,2024,general,1767,6914.174987220765,13609.270560741425,27900.910925388336,55398.79382118583,105468.03240222935
greedy|2019|5000|container,20,2024,roro,561,11697.068738937378,17137.890335142612,26083.24149656296,45979.16629910469,108454.1588087082
greedy|2019|5000|container,20,2025,all,17006,7243.375877857208,15719.288378089666,29551.23062825203,51813.754681944854,88897.17289757729
greedy|2019|5000|container,20,2025,container,2779,3297.327303695679,6626.55899310112,14618.2874045372,28452.54283732176,95023.7109098436
greedy|2019|5000|container,20,2025,bulk,6820,13305.262067079544,23192.815934360027,35723.857789963484,53665.64649820328,79971.96880521778
greedy|2019|5000|container,20,2025,tanker,4099,6234.887067270279,13923.450163185596,26566.093925476074,49210.105412483215,84360.13080291756
greedy|2019|5000|container,20,2025,gas,951,13739.163963317871,30065.84249305725,52669.95138454437,93472.7313990593,155364.16544246674
greedy|2019|5000|container,20,2025,general,1769,7598.699998283387,13343.008195400238,27849.844846487045,48922.12846326828,90114.15396591724
greedy|2019|5000|container,20,2025,roro,588,9492.634895753861,16736.023780345917,25748.381350785494,41170.36099267007,93810.0884113312
greedy|2019|7000|all,20,2018,all,15321,6545.1191573143005,11448.774085998535,19261.370243549347,28886.008323669437,49502.72208917141
greedy|2019|7000|all,20,2018,container,2234,3716.454499578476,6800.531070053577,11187.135536253452,22363.749982200563,88589.85213632586
greedy|2019|7000|all,20,2018,bulk,6294,9928.369515991211,16633.468415379524,22536.151476860046,31893.375895977017,47411.92323760986
greedy|2019|7000|all,20,2018,tanker,3798,5625.493267893791,9914.278301149607,15322.09342622757,23380.774138629436,36844.164737224586
greedy|2019|7000|all,20,2018,gas,820,7280.144827735424,13278.825929164886,20248.54551053047,38133.198749542236,63152.26675205232
greedy|2019|7000|all,20,2018,general,1646,6830.882421731949,11020.299232065678,17887.07506430149,28151.976868271828,54791.300496287644
greedy|2019|7000|all,20,2018,roro,529,9391.827717721464,13102.79542350769,19878.537886619568,26636.730650901794,66092.9697870254
greedy|2019|7000|all,20,2019,all,15502,6876.418086022884,12169.92361075431,20783.404087781906,32704.728249907494,59670.42503439782
greedy|2019|7000|all,20,2019,container,2209,3391.1183109283447,6888.167245864868,11887.54248905182,27743.31601762772,105128.3735198975
greedy|2019|7000|all,20,2019,bulk,6371,10681.16756248474,17846.04635119438,24165.92985343933,36085.201884269714,55078.083203315735
greedy|2019|7000|all,20,2019,tanker,3924,6210.813815736771,10499.536355674267,16705.64871072769,25466.172139942646,43433.70324923398
greedy|2019|7000|all,20,2019,gas,874,8421.641993118823,14702.313423275948,23575.9535074234,41970.423380732536,83497.5596546352
greedy|2019|7000|all,20,2019,general,1607,7143.314129638672,12081.307012945414,20450.070043563843,33892.11037707329,68624.76938972487
greedy|2019|7000|all,20,2019,roro,517,9430.133416509627,13789.99171924591,20229.210657596588,30653.264275074005,91732.33906933371
greedy|2019|7000|all,20,2020,all,15740,7047.788154603541,12553.818025499582,20787.097428798676,32912.16355872154,63055.79255654813
greedy|2019|7000|all,20,2020,container,2212,3523.157693243027,7189.936933755875,12154.72211909294,27866.609704196457,117699.68991795182
greedy|2019|7000|all,20,2020,bulk,6573,11477.173489117624,18237.67260456085,24222.994205474854,35983.46479225159,56064.607590389256
greedy|2019|7000|all,20,2020,tanker,3944,6211.168761563301,10509.14782381058,16588.45590029657,25022.51822257042,43418.43980083472
greedy|2019|7000|all,20,2020,gas,913,8861.118206214906,16202.144709587095,24788.85708451271,44593.01181983948,91084.50933265686
greedy|2019|7000|all,20,2020,general,1592,6631.095233297349,11520.026003867386,20657.892366856337,36186.05987346172,77943.22768361577
greedy|2019|7000|all,20,2020,roro,506,9322.884610891342,12644.375353872776,19938.73720407486,31058.215978994966,103688.7943200171
greedy|2019|7000|all,20,2021,all,16620,7402.81625751257,12758.633811578155,21029.645446777344,33550.750964164734,63716.61869276166
greedy|2019|7000|all,20,2021,container,2505,4005.609618020803,7704.06654548645,12546.099994778631,29326.085871338844,119503.77994136809
greedy|2019|7000|all,20,2021,bulk,6773,12488.260604953766,18636.144748687744,24531.30393600464,36902.39672183991,56792.22704906464
greedy|2019|7000|all,20,2021,tanker,4085,6162.438638854027,10335.672229766846,16376.049763679504,25256.386664390564,43015.28605556487
greedy|2019|7000|all,20,2021,gas,977,10529.871008205415,17318.89872789383,26655.219404816628,47449.45856189728,99235.69981598851
greedy|2019|7000|all,20,2021,general,1751,7684.084901809692,12164.455118179321,20451.00231456757,35023.36002063751,71563.7745617181
greedy|2019|7000|all,20,2021,roro,529,9713.642794036865,13729.403124809263,20487.252081155777,31764.495880126957,99447.30686569212
greedy|2019|7000|all,20,2022,all,17691,6808.274491786957,12130.067037820816,20214.38840103149,32376.712040424347,62420.90512830019
greedy|2019|7000|all,20,2022,container,2890,4118.757185661794,7612.935307264328,12669.989600300789,25115.825974941257,107505.47273423336
greedy|2019|7000|all,20,2022,bulk,7090,10918.259263667465,17533.20680630207,23640.89122962952,35090.2271797657,54063.42823235989
greedy|2019|7000|all,20,2022,tanker,4229,5820.589679050446,9979.771728038788,16011.252082586288,24605.37361240387,45585.081237030034
greedy|2019|7000|all,20,2022,gas,991,10407.926678657532,16557.299383163452,25504.4595413208,50126.73712897301,95291.49582767488
greedy|2019|7000|all,20,2022,general,1884,7422.749871250988,12064.387333512306,20477.436283826828,36287.12417100975,73127.5089845216
greedy|2019|7000|all,20,2022,roro,607,9403.35852637291,13553.01378774643,19886.251286149025,31847.75876635313,91764.91945249136
greedy|2019|7000|all,20,2023,all,17714,6707.5760048985485,11828.390312433245,20092.28742671013,32353.86992907524,63366.07890419963
greedy|2019|7000|all,20,2023,container,2948,3865.6672075033184,7637.177077651024,13153.256166696548,28491.41920644045,110275.95568643525
greedy|2019|7000|all,20,2023,bulk,7061,10097.601391792296,16899.367881774902,23218.982849121094,34018.59285354614,53286.482946395874
greedy|2019|7000|all,20,2023,tanker,4262,5972.6715523242965,9751.854282140732,15721.790330410004,24819.68172097206,48266.52842288018
greedy|2019|7000|all,20,2023,gas,993,10417.498213672638,17153.893596172333,27496.195811271667,52007.47714328766,102103.06170077361
greedy|2019|7000|all,20,2023,general,1849,6866.4120690643795,11686.501270532608,20188.57479953766,35428.878973945975,72121.69800467418
greedy|2019|7000|all,20,2023,roro,601,10127.4714448452,13904.315508790314,20107.700036525726,31688.43387317657,88439.84810090065
greedy|2019|7000|all,20,2024,all,16746,6588.294696331024,12339.194805145264,20839.061658143997,33808.833797216415,66014.7290186882
greedy|2019|7000|all,20,2024,container,2715,3983.1923002243047,7678.026628494263,14213.155556678772,31443.003680586815,110211.71275253293
greedy|2019|7000|all,20,2024,bulk,6665,10235.534845447542,17465.65913450718,23656.6502661705,34943.61933135986,54162.8588508606
greedy|2019|7000|all,20,2024,tanker,4087,5413.431982421875,9857.708763122559,16438.635754585266,26409.355504989624,50699.35567207336
greedy|2019|7000|all,20,2024,gas,951,9667.423478603365,17546.268263041973,28960.75524902344,58874.62855195999,105138.88906860352
greedy|2019|7000|all,20,2024,general,1767,6792.493206882477,11539.535132452846,21056.960214614868,36150.058754086494,77790.78465195898
greedy|2019|7000|all,20,2024,roro,561,11042.6685628891,14675.734531402588,21280.682917118076,35015.81444454193,99874.0909371376
greedy|2019|7000|all,20,2025,all,17006,6785.211626112461,12580.643544197083,21111.27520465851,33284.047122716904,59950.770965099335
greedy|2019|7000|all,20,2025,container,2779,4517.848099517822,8411.762870550156,15017.04388332367,32605.39965093136,99203.15534882559
greedy|2019|7000|all,20,2025,bulk,6820,10539.632836818697,17745.79578626156,23671.05317091942,34613.73987519741,50615.77206809522
greedy|2019|7000|all,20,2025,tanker,4099,5260.977066993713,10166.027321219444,16386.862641334534,26415.650111615658,45818.69677696228
greedy|2019|7000|all,20,2025,gas,951,9587.202668905258,17486.56812429428,28907.278720855717,53495.14295601845,93777.57708740234
greedy|2019|7000|all,20,2025,general,1769,7253.3744621276865,11956.158017158508,20761.48099756241,34328.014514923096,62875.01502571106
greedy|2019|7000|all,20,2025,roro,588,9471.539085257053,14674.099596619606,22010.296166479588,33333.40886962414,76238.99024283918
greedy|2019|7000|bulk,20,2018,all,15321,7497.815478563309,13946.6921749115,25079.218549728397,58963.82495164871,150226.6074886322
greedy|2019|7000|bulk,20,2018,container,2234,4585.572975349426,10084.11138725281,22409.394115447998,117630.6051786989,268556.1259647847
greedy|2019|7000|bulk,20,2018,bulk,6294,7918.226862001419,15353.151445388794,22978.585364341736,40255.12989008427,79173.65109159946
greedy|2019|7000|bulk,20,2018,tanker,3798,6948.210235881807,13383.131625890732,27230.11016178131,70194.87858742476,156562.08031220437
greedy|2019|7000|bulk,20,2018,gas,820,8832.885453502835,18806.47188591957,38898.900718688965,77519.45758771896,176764.75765728953
greedy|2019|7000|bulk,20,2018,general,1646,7925.936894416809,15214.747264981268,36299.407418012626,95743.22252747604,248237.26769009233
greedy|2019|7000|bulk,20,2018,roro,529,10347.007108068467,20057.632600545883,30690.71973419189,61119.253032684326,193038.54778079985
greedy|2019|7000|bulk,20,2019,all,15502,7745.623644208908,15702.639219641685,29283.685796260834,75054.75777751207,181121.9699604988
greedy|2019|7000|bulk,20,2019,container,2209,5427.206802749633,10744.233819961548,24271.3775408268,153730.83802318573,311584.868613863
greedy|2019|7000|bulk,20,2019,bulk,6371,7927.22271156311,16754.137827396393,24557.778374671936,47452.08265900612,92627.28362941742
greedy|2019|7000|bulk,20,2019,tanker,3924,7543.655038046837,14973.847740888596,33325.10678577423,86580.66430543363,179742.50643348697
greedy|2019|7000|bulk,20,2019,gas,874,11612.823328065873,21709.13971066475,48452.308690071106,105017.28234577177,214047.1864784956
greedy|2019|7000|bulk,20,2019,general,1607,9282.308839884401,19917.845433473587,49070.25407648087,122045.19438326359,276722.4347869873
greedy|2019|7000|bulk,20,2019,roro,517,11826.218759155272,21498.457803487778,34402.0495557785,82795.8767528534,238325.3805972577
greedy|2019|7000|bulk,20,2020,all,15740,7990.315679550171,15965.753175973892,27649.139580249786,80864.40861165524,198747.3449309826
greedy|2019|7000|bulk,20,2020,container,2212,4337.9443025589,11313.329814434052,23589.864774227142,175646.41928720474,336135.4844996097
greedy|2019|7000|bulk,20,2020,bulk,6573,8807.681614494324,17226.16893196106,24157.951996803284,44508.40196847916,100340.57507057195
greedy|2019|7000|bulk,20,2020,tanker,3944,7343.9981049060825,14514.739984214306,32084.85274887085,98766.47265923023,196620.54158158312
greedy|2019|7000|bulk,20,2020,gas,913,12468.799151515961,22712.32586956024,47716.27896642685,108686.72270584106,224761.07543883336
greedy|2019|7000|bulk,20,2020,general,1592,8688.59524295032,19423.740406513214,50745.525397360325,144867.82324910164,290320.2059112549
greedy|2019|7000|bulk,20,2020,roro,506,11127.528079748154,19812.960004091263,34183.095301270485,101788.36273545027,271520.0283408165
greedy|2019|7000|bulk,20,2021,all,16620,8553.63334608078,16300.88067793846,29084.19366979599,79986.69225347042,208441.5723546028
greedy|2019|7000|bulk,20,2021,container,2505,5092.107161331177,12581.584699630735,24356.913321495056,177249.34324517846,339270.59009761806
greedy|2019|7000|bulk,20,2021,bulk,6773,9787.922476768495,17847.61702156067,24831.13807201385,45980.59767651558,99848.39185447694
greedy|2019|7000|bulk,20,2021,tanker,4085,6712.627247619629,13491.100013494492,31678.33801174164,98643.11563682556,205590.79185857764
greedy|2019|7000|bulk,20,2021,gas,977,13675.013064956665,25674.754100322723,50866.73171806336,117696.36928129196,260369.06816291803
greedy|2019|7000|bulk,20,2021,general,1751,9782.658826828005,18789.704243659973,46251.91464090347,143957.07715539262,285605.3821668625
greedy|2019|7000|bulk,20,2021,roro,529,11586.578162348269,20985.65212905407,33252.19743227959,89047.25554132462,284819.0750088215
greedy|2019|7000|bulk,20,2022,all,17691,7947.665836334228,15285.341903328896,27278.37641429901,75965.14197301865,204317.5858246088
greedy|2019|7000|bulk,20,2022,container,2890,4791.506180918217,11507.584907770157,22690.09596633911,155114.92846879363,322801.27980163094
greedy|2019|7000|bulk,20,2022,bulk,7090,9064.039523887634,17245.864901781082,24103.98546242714,44331.97965693474,95194.77741184237
greedy|2019|7000|bulk,20,2022,tanker,4229,6743.509722614288,13062.07592511177,30629.47439146042,96972.06228733064,205906.45473909384
greedy|2019|7000|bulk,20,2022,gas,991,12459.194967746736,23546.799354210496,55476.48368692398,123784.77088403702,264959.7649849653
greedy|2019|7000|bulk,20,2022,general,1884,9056.464744925499,17253.337040275335,42445.13650932908,138557.94913947582,280611.01960010536
greedy|2019|7000|bulk,20,2022,roro,607,10439.970936870575,19654.794430971146,32164.2692360878,74777.76442217827,272857.74523427465
greedy|2019|7000|bulk,20,2023,all,17714,7741.084718894959,14852.922706365585,26300.966140031815,77066.023401618,199163.21330375675
greedy|2019|7000|bulk,20,2023,container,2948,4569.246056771279,11663.523645877836,24315.176678180695,150876.92186272144,303085.5038958228
greedy|2019|7000|bulk,20,2023,bulk,7061,8683.991183280945,16086.21401977539,23152.56857800484,40264.81876897812,89678.28294277191
greedy|2019|7000|bulk,20,2023,tanker,4262,7268.8469099044805,12987.471442461016,30135.253483772278,98003.44318324327,200534.43784637452
greedy|2019|7000|bulk,20,2023,gas,993,12481.972467374802,24374.91939306259,56544.14145541191,124727.7552127838,259957.86604633337
greedy|2019|7000|bulk,20,2023,general,1849,8821.49776777029,17717.170243263245,44281.64335823059,138540.16878533363,279479.38803319936
greedy|2019|7000|bulk,20,2023,roro,601,11435.818501472471,18627.22119641304,29874.91702079773,68225.15319001675,278692.99831718206
greedy|2019|7000|bulk,20,2024,all,16746,7583.715717732906,15341.901504039764,28220.386358380318,75991.05838772655,188719.65450000763
greedy|2019|7000|bulk,20,2024,container,2715,4756.423158645631,12244.766686022282,29471.770246505737,140876.69903969765,286747.87250947946
greedy|2019|7000|bulk,20,2024,bulk,6665,8573.76041686088,16285.272462844849,23773.740011930466,41360.33293437958,85317.648746872
greedy|2019|7000|bulk,20,2024,tanker,4087,6300.2961406230925,13252.463619232178,32048.194763183597,93141.91524899006,191696.19359073642
greedy|2019|7000|bulk,20,2024,gas,951,11934.341176509855,28139.36815071106,58140.71521425247,122367.69756126404,248281.5657672882
greedy|2019|7000|bulk,20,2024,general,1767,8617.643925607204,16744.11427015066,41788.27530670166,125699.72333493829,274841.6462064268
greedy|2019|7000|bulk,20,2024,roro,561,12855.431105136871,21298.34338951111,32467.10148382187,75059.54160690308,257282.45188999176
greedy|2019|7000|bulk,20,2025,all,17006,7698.994382977486,15448.414488196373,28126.563075065613,65645.07592129707,158524.0933790207
greedy|2019|7000|bulk,20,2025,container,2779,5404.940417099,13524.019236624243,28947.62519454956,112105.88404345512,252676.45256769686
greedy|2019|7000|bulk,20,2025,bulk,6820,8826.031833171844,16589.420939087868,23908.875340938568,40868.804191708565,74314.45116252902
greedy|2019|7000|bulk,20,2025,tanker,4099,6053.0565006971365,12726.257449626923,30199.285395622253,78044.15785217285,170700.37635841375
greedy|2019|7000|bulk,20,2025,gas,951,11141.694699287416,27160.100181102753,56043.133140563965,107152.98793327808,210552.81738090515
greedy|2019|7000|bulk,20,2025,general,1769,8995.680500948429,16211.597011566162,37802.28612470627,106937.6252875328,254050.64301182635
greedy|2019|7000|bulk,20,2025,roro,588,12214.036081552504,22169.018398940563,33989.92115402222,72896.47277057171,205512.8291020397
greedy|2019|7000|container,20,2018,all,15321,6821.309585809708,13154.991362571716,23361.2869682312,39034.48300933838,65906.54172515869
greedy|2019|7000|container,20,2018,container,2234,3399.8148693203925,6138.112536281347,9708.936170339584,19968.517048954967,73467.79223361016
greedy|2019|7000|container,20,2018,bulk,6294,12664.380206769705,20473.77498859912,29443.514060497284,43429.36500829458,65551.62048974037
greedy|2019|7000|container,20,2018,tanker,3798,7069.553864812851,12647.979513525963,21095.398491084576,34565.62773668766,59388.91549024584
greedy|2019|7000|container,20,2018,gas,820,9564.602693748477,16352.186490535736,27719.270365715027,48938.35790491104,96081.74176535607
greedy|2019|7000|container,20,2018,general,1646,7400.9667003154755,12410.673520803452,21144.599503278732,35862.06435525417,69153.07679271698
greedy|2019|7000|container,20,2018,roro,529,8393.766682720185,13443.267729759216,19518.721759438515,26187.491636514664,57718.095211970794
greedy|2019|7000|container,20,2019,all,15502,7512.043216460944,14439.471361398697,26514.776664495468,45914.890869140625,79117.02757767438
greedy|2019|7000|container,20,2019,container,2209,3193.0051725387575,6105.652523517609,9939.440828323364,21514.1964789629,94507.60718379023
greedy|2019|7000|container,20,2019,bulk,6371,13598.457971572876,22738.38150691986,33174.25158805773,50121.76915240288,76396.8982629776
greedy|2019|7000|container,20,2019,tanker,3924,8127.870209312439,13766.870276540518,23676.593145132065,39887.20442596078,68308.89625830654
greedy|2019|7000|container,20,2019,gas,874,10873.721760463715,17742.88268071413,30926.984004497528,59833.4238910079,116784.75512752536
greedy|2019|7000|container,20,2019,general,1607,8377.401249808074,13954.051243305206,26063.595238685608,46747.80263161659,88774.9628312111
greedy|2019|7000|container,20,2019,roro,517,9022.34268333912,14410.279148578644,20709.22923183441,29727.062920808792,70440.01338108182
greedy|2019|7000|container,20,2020,all,15740,7800.18421421051,15046.681182861328,26520.380962371826,45955.61601018906,84307.41990287305
greedy|2019|7000|container,20,2020,container,2212,3114.954283714295,6113.956540465355,10420.148254454136,21645.39664977789,103610.29439133409
greedy|2019|7000|container,20,2020,bulk,6573,15210.632907024026,22932.966596603397,32728.24956703186,49790.36005592346,79419.41617908479
greedy|2019|7000|container,20,2020,tanker,3944,8197.072058701515,13910.827974855898,23404.64593744278,40464.86384344101,72273.72675424817
greedy|2019|7000|container,20,2020,gas,913,12386.630807876587,18986.745525836945,32548.36109828949,64892.4456012249,119922.92497329721
greedy|2019|7000|container,20,2020,general,1592,8147.458196508886,13984.179142951967,25967.385603372008,47711.38205245137,95534.98968062404
greedy|2019|7000|container,20,2020,roro,506,8477.388418853283,13515.011716485023,20119.52276724577,29546.704181313515,83967.17366680503
greedy|2019|7000|container,20,2021,all,16620,8244.655732250214,15297.926719665527,26907.829921245575,45966.525884866714,85529.82393685728
greedy|2019|7000|container,20,2021,container,2505,3557.799606251717,6541.791726589203,10833.09372973442,21944.492078781128,107863.59573683736
greedy|2019|7000|container,20,2021,bulk,6773,16209.595637321472,23411.89146709442,33798.58925628662,50660.161771297455,80021.63368873596
greedy|2019|7000|container,20,2021,tanker,4085,8052.124539947509,13566.929364204409,23352.07072544098,39769.62386035919,72247.09257644117
greedy|2019|7000|container,20,2021,gas,977,13522.201505565643,21498.065233707428,35275.46431493759,66148.91781330109,133420.8803375244
greedy|2019|7000|container,20,2021,general,1751,9559.711248397827,15007.179062604904,24718.82722198963,46674.852009534836,93266.11314105988
greedy|2019|7000|container,20,2021,roro,529,8991.349066448212,15158.614621639252,21347.06960630417,32367.314980506897,84662.75578336713
greedy|2019|7000|container,20,2022,all,17691,7456.262120842934,14208.236813664436,25014.516114234924,44252.57341963146,82875.64454841614
greedy|2019|7000|container,20,2022,container,2890,3670.75639295578,6386.0826823711395,10966.587592363358,20379.98616411537,96829.38833698034
greedy|2019|7000|container,20,2022,bulk,7090,14796.74984557033,22138.801267385483,31651.97570157051,48833.87106227875,77452.17635354996
greedy|2019|7000|container,20,2022,tanker,4229,7380.581521034241,13178.430108308792,22308.13077640533,38061.623151779175,71776.91004610063
greedy|2019|7000|container,20,2022,gas,991,13500.698189735413,19254.3188662529,35471.32281370461,72105.32172870636,136892.9731245041
greedy|2019|7000|container,20,2022,general,1884,8752.783255958557,14055.246146649122,23672.00926733017,46588.250734075904,92139.88996877673
greedy|2019|7000|container,20,2022,roro,607,8239.897518444062,14036.133546113968,20561.589385271072,31341.178025215864,79054.77487344742
greedy|2019|7000|container,20,2023,all,17714,7378.196067142488,13921.00749272108,24987.102472305298,44363.30305546522,82835.62128539088
greedy|2019|7000|container,20,2023,container,2948,3434.249343776703,6228.795189797878,11241.138700723648,21438.581748366356,99129.97915450335
greedy|2019|7000|container,20,2023,bulk,7061,13658.100029945374,21902.31657099724,31617.985324382786,48502.34635543823,75185.84561872482
greedy|2019|7000|container,20,2023,tanker,4262,7660.93851442337,13190.743255972862,22288.41343307495,39311.08770275116,75650.06337990762
greedy|2019|7000|container,20,2023,gas,993,14085.691653060912,20868.967546463013,38852.77421760559,74003.68689346313,139983.5402578832
greedy|2019|7000|container,20,2023,general,1849,8511.518478560449,13916.463034629822,24281.54311984777,45683.66025686264,87873.96320686342
greedy|2019|7000|container,20,2023,roro,601,9827.996914625168,14368.22041273117,19683.32002353668,28543.875477313995,62502.36483955383
greedy|2019|7000|container,20,2024,all,16746,7473.017330169678,14630.943430244923,26741.05999714136,47383.5843167305,85556.55530953407
greedy|2019|7000|container,20,2024,container,2715,3637.738804435731,6468.422396183014,11990.871888160706,23115.9191917181,98068.20965452192
greedy|2019|7000|container,20,2024,bulk,6665,13875.385183906556,22505.003440380096,33023.37857341766,50647.93641281128,77737.35675449373
greedy|2019|7000|container,20,2024,tanker,4087,6982.024859046936,13589.016409635544,24225.77602291107,41948.01440572739,77502.44999206068
greedy|2019|7000|container,20,2024,gas,951,15851.67894411087,23905.200174808502,44116.144271850586,85862.42929923534,151913.11970996857
greedy|2019|7000|container,20,2024,general,1767,8335.136928844453,14204.206650733948,25435.67186373472,48046.69084589183,89361.60274715423
greedy|2019|7000|container,20,2024,roro,561,10163.320369362831,14710.543262958528,21177.57964515686,32194.194593429565,67626.24316811562
greedy|2019|7000|container,20,2025,all,17006,7682.89789557457,14584.321779727934,26393.184385061264,45003.01274168491,77048.90660870075
greedy|2019|7000|container,20,2025,container,2779,4040.317528688908,7195.971879243851,12649.572254180908,23206.72010755539,85018.79140415195
greedy|2019|7000|container,20,2025,bulk,6820,13748.976121008396,22431.15172199905,32742.82002210617,48285.888220191,71488.28915138249
greedy|2019|7000|container,20,2025,tanker,4099,6439.368610541523,13347.222264766693,23782.583596229557,40500.116706609726,71832.16605167389
greedy|2019|7000|container,20,2025,gas,951,12915.101874947548,23792.632152080536,41766.90553951264,76337.76812934875,125266.32244348526
greedy|2019|7000|container,20,2025,general,1769,8713.159802246093,13774.10052871704,24713.041056633,43291.74863338471,81366.28479099275
greedy|2019|7000|container,20,2025,roro,588,8979.72531976402,13918.772298231721,20882.47533595562,31429.848106980324,63235.55216741567
greedy|2020|10000|all,20,2018,all,15321,6658.810391426086,11444.362488746645,19060.49522590637,28645.713280677795,49843.23086929321
greedy|2020|10000|all,20,2018,container,2234,3585.052805328369,7160.063675522804,11418.428468942642,23948.425464093685,95420.32515936048
greedy|2020|10000|all,20,2018,bulk,6294,9592.926644659043,15500.265343308449,21695.378667116165,30132.655908465385,44613.25783672333
greedy|2020|10000|all,20,2018,tanker,3798,5514.617981863022,9922.005996942518,15750.954392910004,24246.57941055298,39433.64261845351
greedy|2020|10000|all,20,2018,gas,820,7167.938417959213,12621.387599050999,19584.85608100891,36349.9903280437,60854.20043141842
greedy|2020|10000|all,20,2018,general,1646,7494.601206749678,12029.903245151043,19056.009002879262,31778.817386865616,65236.80078468565
greedy|2020|10000|all,20,2018,roro,529,9642.349607372284,13620.878336906431,20211.198227643967,27760.350524902344,65179.50476417541
greedy|2020|10000|all,20,2019,all,15502,7097.350034880638,12245.132134318352,20654.279631137848,32588.638998404145,59329.4585297346
greedy|2020|10000|all,20,2019,container,2209,3396.9336652755733,7519.960162639618,11890.220918655396,31950.211274147037,113496.9408455372
greedy|2020|10000|all,20,2019,bulk,6371,10396.804697990416,17019.141613066196,23241.206217765808,33748.82547104359,50336.57618999481
greedy|2020|10000|all,20,2019,tanker,3924,6069.4947894573215,10437.133739560843,17141.563925027847,26998.194358348846,47888.19990687375
greedy|2020|10000|all,20,2019,gas,874,8337.21162185669,13876.560844659805,21964.31647026539,39308.75801253319,75895.52691140176
greedy|2020|10000|all,20,2019,general,1607,8034.920176696778,13376.40678346157,22241.22878754139,38829.82228642702,85739.16205120091
greedy|2020|10000|all,20,2019,roro,517,9430.506571435928,14087.042355537416,20868.106199264526,30262.82629776001,99540.97239729167
greedy|2020|10000|all,20,2020,all,15740,7161.802824091911,12331.730895757675,20372.59584236145,31724.489857681092,62438.589765310295
greedy|2020|10000|all,20,2020,container,2212,3455.848012018204,7720.584522843361,12169.121884346008,30352.19991724193,135686.8806437016
greedy|2020|10000|all,20,2020,bulk,6573,10898.639400744438,17158.894513130188,22872.29278898239,32355.175086975098,49978.67555971146
greedy|2020|10000|all,20,2020,tanker,3944,5915.510055446624,10203.978365063667,16795.251201868057,26050.42559361458,49412.21517171861
greedy|2020|10000|all,20,2020,gas,913,8610.310962867738,14977.43637752533,22874.51632499695,41304.901094436646,86431.99921169283
greedy|2020|10000|all,20,2020,general,1592,7524.52543039322,12777.453650355339,22330.10572719574,41554.933404773474,94399.39582560364
greedy|2020|10000|all,20,2020,roro,506,9594.551857829094,13445.484871268272,19986.75178401172,29742.948100686077,108102.45973646642
greedy|2020|10000|all,20,2021,all,16620,7603.398459768296,12576.021575927734,20519.42385482788,32145.751262187958,62705.1762210846
greedy|2020|10000|all,20,2021,container,2505,4114.004596710205,8022.949528694153,12471.317930221558,32318.43350028992,142719.31408479213
greedy|2020|10000|all,20,2021,bulk,6773,11836.517554283142,17535.557178497314,23170.58768939972,33143.018902778625,50961.30885143282
greedy|2020|10000|all,20,2021,tanker,4085,5834.484386062622,9940.749390602112,16330.649660110474,26147.53043985367,46382.175539398166
greedy|2020|10000|all,20,2021,gas,977,9801.308040237427,16008.51824259758,24312.825724363327,43468.71047210693,89262.4381391525
greedy|2020|10000|all,20,2021,general,1751,8842.367951393127,13380.920394897461,21793.10194349289,41186.064492464066,90968.243029356
greedy|2020|10000|all,20,2021,roro,529,10203.841415596009,14530.05087685585,21356.85733166337,30978.432592213157,100155.18278455728
greedy|2020|10000|all,20,2022,all,17691,6941.710116386414,11938.865808486938,19574.55033874512,30984.11386537552,61619.00118494034
greedy|2020|10000|all,20,2022,container,2890,4025.4602791547777,7917.7329542040825,12271.80148512125,27172.576396081597,133210.55290410516
greedy|2020|10000|all,20,2022,bulk,7090,10678.31380546093,16488.09486269951,22410.81835103035,31981.825907707218,48631.63919951916
greedy|2020|10000|all,20,2022,tanker,4229,5667.463287496566,9821.952310562134,15682.029945373535,24911.32440471649,46173.24023494725
greedy|2020|10000|all,20,2022,gas,991,9172.407172203064,15033.989929676056,22786.23600268364,45014.050754994154,86831.52507972717
greedy|2020|10000|all,20,2022,general,1884,8105.206496351958,12653.651676416395,20564.6961684227,41052.154639750726,88926.79863605501
greedy|2020|10000|all,20,2022,roro,607,9440.50697054863,13930.875652074814,19900.480206549168,29590.836338847876,81858.39440461391
greedy|2020|10000|all,20,2023,all,17714,6903.043451976777,11821.308845520021,19527.641587257385,31096.467055797577,63693.85769872667
greedy|2020|10000|all,20,2023,container,2948,3846.2997243404393,8086.889137268066,13158.686182975769,34076.04719132185,133807.79412721115
greedy|2020|10000|all,20,2023,bulk,7061,9992.475957870483,15591.900443077087,21929.999185323715,30951.64281272888,48203.81427001953
greedy|2020|10000|all,20,2023,tanker,4262,6008.446114063264,9652.649921536446,15576.339099258184,24573.58674705028,48802.59304896595
greedy|2020|10000|all,20,2023,gas,993,9784.794298410416,15220.476008534431,25733.23556041717,49196.63014984131,90338.52842245104
greedy|2020|10000|all,20,2023,general,1849,7926.948530197144,12884.600206375122,21678.38053512573,39952.73363447189,84591.27202682495
greedy|2020|10000|all,20,2023,roro,601,10547.40371119976,14097.868690490724,19664.940734386444,28543.875477313995,88000.16087436676
greedy|2020|10000|all,20,2024,all,16746,6724.966679811478,12242.22945779562,20501.421944618225,32788.847653627396,65333.63510629535
greedy|2020|10000|all,20,2024,container,2715,3878.604981899262,8146.424018085003,14503.882880926132,40196.39234161377,132686.05557126997
greedy|2020|10000|all,20,2024,bulk,6665,10341.167502212524,16554.319440364838,22557.18457889557,31890.852131843567,49984.896980667116
greedy|2020|10000|all,20,2024,tanker,4087,5298.043288803101,9793.19793355465,16335.036414146423,26211.145973205566,50771.84827940464
greedy|2020|10000|all,20,2024,gas,951,9258.879893302916,15969.371392726898,27335.6022939682,55107.14293324947,97383.79714918137
greedy|2020|10000|all,20,2024,general,1767,7841.751614761352,13090.686699271202,22303.00489807129,40743.06180366874,85106.40676698691
greedy|2020|10000|all,20,2024,roro,561,11858.765252104027,15497.367502212524,20930.430870056152,30565.73986530304,93625.29968738556
greedy|2020|10000|all,20,2025,all,17006,6947.32267832756,12555.804211497305,20593.98907327652,32067.669186353683,59426.2009601593
greedy|2020|10000|all,20,2025,container,2779,4403.2247547149655,8874.699750423431,15799.268007278442,42038.68815034628,111621.85859802068
greedy|2020|10000|all,20,2025,bulk,6820,10431.528026223184,16783.06140065193,22603.526130199432,31689.919013142586,46734.70210070611
greedy|2020|10000|all,20,2025,tanker,4099,5096.947467637062,9900.840185165405,16283.50697040558,25923.010375499725,44576.692115592996
greedy|2020|10000|all,20,2025,gas,951,9231.956192970276,16005.921956539154,27269.60460948944,50585.29226350784,88778.03290748596
greedy|2020|10000|all,20,2025,general,1769,8344.209749221802,12741.761506080627,21700.991110801697,36841.1571969986,73218.81923249515
greedy|2020|10000|all,20,2025,roro,588,10026.406585222483,15643.219006970523,21061.082028865814,31776.36399871111,74040.18248634346
greedy|2020|10000|bulk,20,2018,all,15321,8660.401308059692,13835.491408348083,21450.758100032806,37516.26212787628,86741.6453025341
greedy|2020|10000|bulk,20,2018,container,2234,7199.8651699185375,12470.88738769293,22798.923198580742,85932.41291742027,194414.2327448726
greedy|2020|10000|bulk,20,2018,bulk,6294,9033.94225010872,13802.878356933594,19803.213642537594,28259.227349489924,42924.14570064544
greedy|2020|10000|bulk,20,2018,tanker,3798,7500.460917496682,12965.527850389482,21138.65982723236,36868.44664426893,76946.06008275154
greedy|2020|10000|bulk,20,2018,gas,820,10705.562889575958,16922.48939025402,29406.33726620674,54080.91934990883,91693.70853707791
greedy|2020|10000|bulk,20,2018,general,1646,9990.225444734097,15513.202629089355,25591.575410842896,58235.32433731994,147057.21568345279
greedy|2020|10000|bulk,20,2018,roro,529,14050.419491529467,21004.153880119324,30610.36293286085,63974.3037686348,196639.06488790512
greedy|2020|10000|bulk,20,2019,all,15502,9226.569505834581,14852.36850810051,23489.920087873936,44518.219175577164,108462.84178409576
greedy|2020|10000|bulk,20,2019,container,2209,7692.016408729553,13144.353813171389,29232.40142273903,116359.78816011548,231609.85191001892
greedy|2020|10000|bulk,20,2019,bulk,6371,9605.25939297676,14529.847657442093,20901.79469895363,30902.08009672165,48341.77156162262
greedy|2020|10000|bulk,20,2019,tanker,3924,8110.842384052277,13920.20044207573,23490.873353004456,44440.721286416054,90703.62401430609
greedy|2020|10000|bulk,20,2019,gas,874,12297.342595386508,18974.992528676987,32597.432701587677,63664.774811536074,118315.87113630776
greedy|2020|10000|bulk,20,2019,general,1607,11346.25811910629,18353.001840353012,31952.7692322731,82111.83932995796,173303.53242659583
greedy|2020|10000|bulk,20,2019,roro,517,16696.60866472721,23536.61364030838,33739.7648627758,91813.57915782928,246546.18650121693
greedy|2020|10000|bulk,20,2020,all,15740,9263.956795215607,14687.049636483192,22851.181407153606,44256.518897295,120039.89601988801
greedy|2020|10000|bulk,20,2020,container,2212,8105.455009412765,13949.978037953377,33680.55201983452,129726.91122478247,266460.2695929529
greedy|2020|10000|bulk,20,2020,bulk,6573,9758.980388259888,14350.124583244324,20493.505491256718,29552.00187826157,45978.029492950445
greedy|2020|10000|bulk,20,2020,tanker,3944,7827.936185312271,13545.569366574287,22414.425584316254,46115.41514348984,104395.65827512743
greedy|2020|10000|bulk,20,2020,gas,913,12595.740503072739,18698.360580444336,33551.91696357727,64892.4456012249,129320.03206343655
greedy|2020|10000|bulk,20,2020,general,1592,11377.229939740899,18412.58065867424,32012.377809524536,88489.45901614428,198347.21512851721
greedy|2020|10000|bulk,20,2020,roro,506,14104.674194522202,21766.803458571434,32167.42233430408,94030.2706411481,274328.3100708425
greedy|2020|10000|bulk,20,2021,all,16620,9851.900635433198,15193.165051430462,23291.895812049508,45221.76400130987,125821.31193268597
greedy|2020|10000|bulk,20,2021,container,2505,8501.103960734607,14927.87959575653,33021.845254302025,133495.96011924744,270414.70433077804
greedy|2020|10000|bulk,20,2021,bulk,6773,10449.153693008424,14907.860869407654,20949.437961816788,29798.268355369568,46564.22414073945
greedy|2020|10000|bulk,20,2021,tanker,4085,7473.4658092975615,12934.629711151125,22491.274985313416,45912.28544744849,105058.48099203104
greedy|2020|10000|bulk,20,2021,gas,977,13887.757306480407,20516.649956017733,35584.05188083649,66538.00759887695,130039.3192858934
greedy|2020|10000|bulk,20,2021,general,1751,12185.676311969755,18416.875527858734,32169.7567191422,93845.10973548888,201428.79413318637
greedy|2020|10000|bulk,20,2021,roro,529,15967.941708770395,22213.109303236008,31877.53858986869,87950.12114620209,325869.5728574752
greedy|2020|10000|bulk,20,2022,all,17691,9339.0183634758,14635.340055823326,22775.464298725128,44439.01580905914,125024.39651679993
greedy|2020|10000|bulk,20,2022,container,2890,8256.22773361206,14369.32086324692,29208.237632870674,121671.4894817248,257065.45344050514
greedy|2020|10000|bulk,20,2022,bulk,7090,9900.503056144715,14430.945206552746,20578.670578956604,29201.19369471073,46467.210113096255
greedy|2020|10000|bulk,20,2022,tanker,4229,7346.057582044601,12604.19110107422,21436.02552318573,43257.05038166046,105990.71017875678
greedy|2020|10000|bulk,20,2022,gas,991,13363.782691955566,19705.752045601606,38788.306604385376,75285.43260979652,139771.35131072998
greedy|2020|10000|bulk,20,2022,general,1884,11510.393095882982,18078.902035713196,31566.71309006214,86576.70789835975,200743.00886416438
greedy|2020|10000|bulk,20,2022,roro,607,14281.348208999634,21286.828192710876,32187.093993902206,79206.76689183712,307922.81285324093
greedy|2020|10000|bulk,20,2023,all,17714,9158.376290512084,14509.344414949417,22872.292788743973,45203.855356395245,123209.00805492408
greedy|2020|10000|bulk,20,2023,container,2948,7615.540573883057,14272.27445435524,32080.70713186264,117435.30962777138,251260.03292322162
greedy|2020|10000|bulk,20,2023,bulk,7061,9691.672647953032,14267.352808952332,20311.74289131165,28916.677242279053,45707.98106098175
greedy|2020|10000|bulk,20,2023,tanker,4262,7872.709795618057,12765.554187297821,21788.87938809395,43675.79540538788,101923.84543604853
greedy|2020|10000|bulk,20,2023,gas,993,13015.4660009861,21092.2284784317,41093.32843589783,89043.61209487915,147328.23387765893
greedy|2020|10000|bulk,20,2023,general,1849,11370.978552103043,17990.41136264801,30649.78028380871,85174.80704689026,192088.33859939585
greedy|2020|10000|bulk,20,2023,roro,601,14418.415791392326,21014.54824161529,30300.00639533997,81403.91990852356,304310.2347404361
greedy|2020|10000|bulk,20,2024,all,16746,8962.395026445389,15071.236912369728,24177.13775920868,46890.24545246363,117442.38202601671
greedy|2020|10000|bulk,20,2024,container,2715,7418.140876483918,14747.124960899353,37886.74284660816,111471.21174919605,234782.51228051182
greedy|2020|10000|bulk,20,2024,bulk,6665,9506.459689736366,14856.181653022766,21208.64307975769,30026.877584934235,46797.60527362825
greedy|2020|10000|bulk,20,2024,tanker,4087,6996.975604200364,12892.521509170532,22849.51839542389,44502.409187316895,93612.36674129964
greedy|2020|10000|bulk,20,2024,gas,951,13058.47393143177,23618.057767868042,44927.270997047424,89332.76727056503,154465.33837985992
greedy|2020|10000|bulk,20,2024,general,1767,11064.41171822548,17802.357068538666,31067.430638313293,79792.09841056913,186194.90277729038
greedy|2020|10000|bulk,20,2024,roro,561,16341.0508518219,22053.23832023144,33951.55603766441,81532.83548927307,293552.8547885418
greedy|2020|10000|bulk,20,2025,all,17006,9118.566669225693,15172.835459709167,23850.797933101654,43882.35263419152,101272.812506482
greedy|2020|10000|bulk,20,2025,container,2779,8007.994830322265,17202.706456959248,39323.36677646637,97014.39831924438,206509.6293045044
greedy|2020|10000|bulk,20,2025,bulk,6820,9740.715886116028,14979.51010107994,20878.418110847473,29692.371315479275,44232.651027226464
greedy|2020|10000|bulk,20,2025,tanker,4099,6557.9299970626835,12626.468450069427,21702.003153800964,40837.903008461,80784.27795104987
greedy|2020|10000|bulk,20,2025,gas,951,12116.909930288792,23146.90381515026,41605.4046125412,81322.72356104851,132831.44703483582
greedy|2020|10000|bulk,20,2025,general,1769,11179.153076124192,17497.734260559082,29669.386058807373,65435.97577571869,164007.00392761233
greedy|2020|10000|bulk,20,2025,roro,588,15426.160680615902,23552.921088814735,35469.941875457764,75324.39246076904,250917.26255059286
greedy|2020|10000|container,20,2018,all,15321,7065.818682193756,13025.880124092102,23106.753522872925,38902.450323581696,68798.65443325043
greedy|2020|10000|container,20,2018,container,2234,3790.045228004456,6593.1133227084065,9732.239785701036,20025.856085538864,78928.6224776745
greedy|2020|10000|container,20,2018,bulk,6294,12629.308686470986,20280.635066509247,29157.80383565277,44113.72266042233,69093.00630455017
greedy|2020|10000|container,20,2018,tanker,3798,6906.865248823166,12191.187936425207,19793.948311328888,31561.539321154356,56417.67351174356
greedy|2020|10000|container,20,2018,gas,820,8881.377610567213,16645.458069562912,29467.81143128872,58393.99136805534,113902.39076670409
greedy|2020|10000|container,20,2018,general,1646,7928.260221358389,13073.979827165604,21326.577939480543,35428.34306025505,67985.7117934823
greedy|2020|10000|container,20,2018,roro,529,9474.031681621074,13333.057501792908,19518.926176071167,31689.96441602707,61428.327440333356
greedy|2020|10000|container,20,2019,all,15502,7690.06876449585,14113.98743903637,25999.742081165314,45646.818108558655,82635.28106194138
greedy|2020|10000|container,20,2019,container,2209,3654.2146823883054,6657.780613899231,9912.384845018389,21889.72769737244,103269.11705718043
greedy|2020|10000|container,20,2019,bulk,6371,13631.535165309906,22337.045786619186,33028.3605298996,50660.54314279556,80702.3979818821
greedy|2020|10000|container,20,2019,tanker,3924,7862.169159328938,12897.550173521042,21883.874142766,36702.062415361404,65405.602235055005
greedy|2020|10000|container,20,2019,gas,874,10357.138428354263,17439.69376707077,32088.347002983093,71000.98839783669,135890.21657309533
greedy|2020|10000|container,20,2019,general,1607,9283.12118805945,14817.001663208008,24740.77901263535,45762.111688137054,88951.5525356293
greedy|2020|10000|container,20,2019,roro,517,9296.512342315167,14114.208097934725,22359.114188671112,37039.80341529846,72345.79894661908
greedy|2020|10000|container,20,2020,all,15740,7964.965847587586,14855.821629345419,26162.37806582451,45657.84022629261,88172.50723814966
greedy|2020|10000|container,20,2020,container,2212,3533.351860189438,6670.681856751442,9961.74269247055,21425.98606917262,114083.04175091391
greedy|2020|10000|container,20,2020,bulk,6573,15393.164570236204,22872.29278945923,32846.199072122574,50727.2817902565,83879.61283931733
greedy|2020|10000|container,20,2020,tanker,3944,8055.64322347641,13308.502832651138,21597.978841543198,35778.53228986263,69672.00314960486
greedy|2020|10000|container,20,2020,gas,913,12090.282003021242,18698.360580444336,33924.36003994942,72369.14724349976,140959.89442958834
greedy|2020|10000|container,20,2020,general,1592,8987.633497905732,15044.846562147139,25512.52050920576,47236.91479289532,95534.98968062404
greedy|2020|10000|container,20,2020,roro,506,9286.312936306,14128.625442385674,21165.030559659004,34922.76729469001,89559.17767577618
greedy|2020|10000|container,20,2021,all,16620,8357.019960087538,15117.05864192918,26542.45893856883,45611.598893880844,88535.78356832266
greedy|2020|10000|container,20,2021,container,2505,4364.832753658295,6997.456403017044,10943.67490363121,22662.112622737885,116825.95399080812
greedy|2020|10000|container,20,2021,bulk,6773,16095.821178913116,23396.141872763637,33798.58925628662,51204.7604072094,83419.30959014896
greedy|2020|10000|container,20,2021,tanker,4085,7873.70376110077,13074.992273330688,21786.48787927628,35116.67552900314,67929.57138781546
greedy|2020|10000|container,20,2021,gas,977,13507.054890346528,20641.59780919552,36588.887018203735,74413.957426548,149483.38608703614
greedy|2020|10000|container,20,2021,general,1751,10083.893223762512,15707.484866857529,25569.89930152893,46659.79364871979,94103.67807674408
greedy|2020|10000|container,20,2021,roro,529,9945.280405843258,15289.93270111084,21374.499453783035,36209.42846310139,95629.58611350058
greedy|2020|10000|container,20,2022,all,17691,7864.432309150696,14251.157223910093,24964.33772945404,44245.8233332634,86041.82053518295
greedy|2020|10000|container,20,2022,container,2890,4483.776528310776,6977.021128177643,11334.37686753273,20593.63469451666,109909.6258844286
greedy|2020|10000|container,20,2022,bulk,7090,14650.18144426346,22070.99229967594,31851.641055822372,49711.873398542404,79782.58475198748
greedy|2020|10000|container,20,2022,tanker,4229,7224.582102584839,12782.764022946358,20984.43277812004,33561.73509401083,66503.98889966012
greedy|2020|10000|container,20,2022,gas,991,14284.23757788539,20343.616085529327,37577.70561027527,80927.50603437424,151117.8147802353
greedy|2020|10000|container,20,2022,general,1884,9711.292752742767,14917.94295167923,24326.905857257545,46360.10305297375,93288.24220728874
greedy|2020|10000|container,20,2022,roro,607,9474.882123184205,14579.109873116016,21140.974190235134,36465.19339263439,86292.50702288144
greedy|2020|10000|container,20,2023,all,17714,7790.604828989507,14034.402958631516,24880.087069511414,44634.205374479294,86034.35013546946
greedy|2020|10000|container,20,2023,container,2948,4014.6453599929805,6991.9430339336395,11254.423460662365,22462.01941044629,109937.53232543173
greedy|2020|10000|container,20,2023,bulk,7061,13934.928965568542,21937.77561950684,32075.508653640747,49689.640420913696,79658.51516008377
greedy|2020|10000|container,20,2023,tanker,4262,7552.757003593445,12552.475471258163,20846.283519029617,34396.814252734184,67229.34049901964
greedy|2020|10000|container,20,2023,gas,993,15149.432050657273,21720.29529762268,40849.7956404686,82207.6144952774,145768.90331258773
greedy|2020|10000|container,20,2023,general,1849,9481.678555536271,14875.29975414276,24559.701610565186,45579.64572715759,92302.49793663027
greedy|2020|10000|container,20,2023,roro,601,10952.27037858963,14942.62425518036,20514.904501914974,35040.48635816574,71982.70164442062
greedy|2020|10000|container,20,2024,all,16746,7974.255737066269,14834.927270054817,26434.19285583496,47400.584971904755,88579.10218685865
greedy|2020|10000|container,20,2024,container,2715,4369.808244800568,7184.462000608444,12600.373096466064,26042.44287788868,113156.59703392981
greedy|2020|10000|container,20,2024,bulk,6665,14223.919215202333,22734.605443418022,33487.7300028801,51247.40919971466,81545.96175341606
greedy|2020|10000|container,20,2024,tanker,4087,6971.329702913761,12939.816336154938,22456.45438337326,37054.05184650421,71366.72835826875
greedy|2020|10000|container,20,2024,gas,951,15999.336952209473,23775.748324871063,46731.26888179779,89231.22457027435,151913.11970996857
greedy|2020|10000|container,20,2024,general,1767,9470.288669013979,15275.009955659509,25531.89006137848,47341.93983006477,92006.46498775485
greedy|2020|10000|container,20,2024,roro,561,11994.750650137665,15906.176462173462,22896.585026741028,38412.99194002152,79150.50046443939
greedy|2020|10000|container,20,2025,all,17006,8247.369737505913,15075.857946157455,26252.9469332695,44893.38690459728,80381.04934835434
greedy|2020|10000|container,20,2025,container,2779,4792.755425310135,8072.228788077831,13294.40410208702,25747.110187590122,95549.15354366305
greedy|2020|10000|container,20,2025,bulk,6820,14095.045907652378,22769.721204519275,33288.08728861809,49234.47603273392,73889.96144280436
greedy|2020|10000|container,20,2025,tanker,4099,6512.114836215973,13207.025516629219,22128.32626724243,35802.53698515892,64745.35913604499
greedy|2020|10000|container,20,2025,gas,951,14515.384238928556,23118.955454349518,42767.014614105225,80962.19418489933,138621.88723301888
greedy|2020|10000|container,20,2025,general,1769,9897.561747264863,15500.117909431458,25183.999445915226,42114.77629089356,83380.6346485138
greedy|2020|10000|container,20,2025,roro,588,10195.711591130494,15508.686934649944,22924.36098051071,37301.94390797615,74468.13949241655
greedy|2020|5000|all,20,2018,all,15321,6288.030727863312,11557.585647583008,20450.853441238403,33613.16839647293,62327.43163108826
greedy|2020|5000|all,20,2018,container,2234,3116.5778713941577,7115.827443599701,12159.05758190155,25934.777278125286,122168.46152584555
greedy|2020|5000|all,20,2018,bulk,6294,8353.105521112684,16195.353659659624,22904.2232259512,35079.30754113197,55494.205971574775
greedy|2020|5000|all,20,2018,tanker,3798,5520.072793960571,10465.974049329758,18423.73686720431,29498.264200806618,51894.27641496659
greedy|2020|5000|all,20,2018,gas,820,7702.104229736328,14071.231278061867,23106.50115442276,42317.04802751541,82492.37255299091
greedy|2020|5000|all,20,2018,general,1646,6294.8077211380005,10473.033456385136,19446.364460468292,34768.78519375622,69142.67915940285
greedy|2020|5000|all,20,2018,roro,529,9348.890252447129,13713.26886844635,21742.059330940247,32777.47130775452,82730.68421710728
greedy|2020|5000|all,20,2019,all,15502,6718.982316684723,12398.380615949629,22317.31588602066,39451.52859675884,76959.80161509808
greedy|2020|5000|all,20,2019,container,2209,3060.0401071548463,7353.298141479492,13280.62808418274,50526.65232753754,160723.93829660417
greedy|2020|5000|all,20,2019,bulk,6371,8823.247054100037,17445.350152015686,24693.280004024506,39775.90400290489,62745.779806137085
greedy|2020|5000|all,20,2019,tanker,3924,6072.902050733566,11137.140890181065,20354.892066836357,34666.267908632755,62152.78126902586
greedy|2020|5000|all,20,2019,gas,874,8811.149760055543,15932.269233345985,25976.406736165285,50422.40088391304,100329.84936382773
greedy|2020|5000|all,20,2019,general,1607,6715.387390741706,11518.311738967896,22250.303784541786,42761.06891819835,87100.81807470326
greedy|2020|5000|all,20,2019,roro,517,9489.420499777792,14919.602704048157,23224.550066530704,39199.51094299555,110041.03195152296
greedy|2020|5000|all,20,2020,all,15740,6748.290706002712,12763.19349694252,22025.74190378189,38316.72172021866,81297.5036778003
greedy|2020|5000|all,20,2020,container,2212,3012.5748905420305,7344.181968674064,13096.142148733139,45852.90450823307,181782.14970822338
greedy|2020|5000|all,20,2020,bulk,6573,9700.950100213291,17836.99771118164,24183.076556682587,38426.03797912598,63238.144066333785
greedy|2020|5000|all,20,2020,tanker,3944,5997.327668988705,11150.510219812395,19512.963928937912,33057.52215141058,65833.39311575894
greedy|2020|5000|all,20,2020,gas,913,9510.941981506348,16749.454257965088,26456.11356252432,53022.71708583832,108948.69397573471
greedy|2020|5000|all,20,2020,general,1592,6370.925269663334,11096.978038609028,22629.196148157123,43441.95660427213,97971.67464507821
greedy|2020|5000|all,20,2020,roro,506,9647.706346005201,14014.608234584333,22965.145614624023,39353.64686705172,129942.49703291246
greedy|2020|5000|all,20,2021,all,16620,7095.529757189753,12813.489291191101,22207.343401432037,38620.45815849304,81882.81797184945
greedy|2020|5000|all,20,2021,container,2505,3374.495378303528,8020.57873249054,13018.219555854796,40034.04358768463,181317.56598224625
greedy|2020|5000|all,20,2021,bulk,6773,10560.864006614685,18143.1973733902,24811.39626121521,39317.75997924805,63774.148160552984
greedy|2020|5000|all,20,2021,tanker,4085,5758.192098569871,10648.862795591354,19418.43864774704,32486.757780075077,64396.503894710535
greedy|2020|5000|all,20,2021,gas,977,11785.546584272384,18092.951150894165,28971.48742866516,59070.28124713898,118892.58090639113
greedy|2020|5000|all,20,2021,general,1751,7430.603089332581,11502.89502620697,21488.31651687622,40912.37797880173,94301.39537096024
greedy|2020|5000|all,20,2021,roro,529,9258.034192180636,14865.51567363739,23179.20815968513,39209.19904512167,119198.43398334978
greedy|2020|5000|all,20,2022,all,17691,6320.153285503387,12130.72420167923,21270.76062488556,37330.53795957565,80319.36637115479
greedy|2020|5000|all,20,2022,container,2890,3301.976752227545,7304.808501243591,12911.573497533798,27678.846979141235,169778.3260188102
greedy|2020|5000|all,20,2022,bulk,7090,9219.27329349518,17310.736206531525,23929.116827487946,37604.98189485073,61689.22301778796
greedy|2020|5000|all,20,2022,tanker,4229,5553.3756043672565,10250.94435596466,18388.20277643204,32573.02371406555,66834.06208467484
greedy|2020|5000|all,20,2022,gas,991,11256.9391592741,17287.898091316223,29698.305073738095,62797.57973241806,123351.33770275116
greedy|2020|5000|all,20,2022,general,1884,6801.923276203871,11233.080580592157,21396.350083827972,42046.824937820435,94671.42632949355
greedy|2020|5000|all,20,2022,roro,607,8592.237581253052,14176.395941615105,21757.062390327454,36001.37112772465,109219.11866522118
greedy|2020|5000|all,20,2023,all,17714,6161.713528221846,11916.497753024101,21209.10861301422,38046.845757246025,81336.84857476951
greedy|2020|5000|all,20,2023,container,2948,3235.8361521244046,7041.22898837924,13476.917661190035,32676.397883415222,160542.4900239706
greedy|2020|5000|all,20,2023,bulk,7061,8821.083662986755,16653.877682685852,23463.128232955933,36590.68025493622,61189.445013046265
greedy|2020|5000|all,20,2023,tanker,4262,5562.201353740693,10152.865586161613,18643.94559431076,34190.717933535576,72363.71818636806
greedy|2020|5000|all,20,2023,gas,993,11270.026556754112,17522.92232131958,33104.62239265442,66334.18461799622,127646.32641763688
greedy|2020|5000|all,20,2023,general,1849,6293.830334609747,11359.22527217865,21801.372299194336,42995.667934417725,90344.73721601962
greedy|2020|5000|all,20,2023,roro,601,9218.32127070427,14389.148307323456,21406.400361061096,35576.46969413757,108454.1588087082
greedy|2020|5000|all,20,2024,all,16746,6159.457097211853,12021.145680069923,22202.24367403984,40213.436611652374,83503.16362142563
greedy|2020|5000|all,20,2024,container,2715,3283.6844929456715,7255.3511707782745,14179.698253631592,40263.34296822548,150431.47003021237
greedy|2020|5000|all,20,2024,bulk,6665,8825.044014549258,17163.149852752686,24098.565419197083,37988.88509941101,62133.088873577166
greedy|2020|5000|all,20,2024,tanker,4087,5158.056077575684,10189.112346231937,19668.212822914124,36565.76625418663,74666.79245915418
greedy|2020|5000|all,20,2024,gas,951,9667.423478603365,18590.979515336454,36608.93318271637,73502.90736818314,127945.42294120789
greedy|2020|5000|all,20,2024,general,1767,6127.331605696679,10910.658137321472,22750.617577552795,44812.261262286454,90404.92330639959
greedy|2020|5000|all,20,2024,roro,561,10515.689820289612,15357.855092048643,22242.68448114395,40240.79834604263,122875.85833334924
greedy|2020|5000|all,20,2025,all,17006,6355.545966625214,12381.39394658804,22116.35861635208,38130.96605539322,73352.8043730259
greedy|2020|5000|all,20,2025,container,2779,3564.5118858337405,8352.419699788094,15257.363275289536,37692.63541018963,125640.62188951981
greedy|2020|5000|all,20,2025,bulk,6820,9071.836919486523,17269.75152683258,23795.54247188568,36844.04522037506,57310.40533976555
greedy|2020|5000|all,20,2025,tanker,4099,5014.622770261764,10189.00072312355,19461.561728537083,34350.35045003891,66385.83581712395
greedy|2020|5000|all,20,2025,gas,951,9587.202668905258,18837.207790374756,36087.61227703095,69046.28728294373,111021.6879825592
greedy|2020|5000|all,20,2025,general,1769,6789.220539474488,11203.403485059738,22089.67392063141,40070.667075157166,79604.5693183899
greedy|2020|5000|all,20,2025,roro,588,9313.242230963708,15129.173207655549,22786.137353658676,37761.66753259301,99962.23545105758
greedy|2020|5000|bulk,20,2018,all,15321,7668.061058998108,17845.361360549927,31741.941086769104,75797.11136698723,186530.33044433597
greedy|2020|5000|bulk,20,2018,container,2234,4885.766739845276,16626.29255115986,39403.54048395157,157149.90843361616,333150.4648439229
greedy|2020|5000|bulk,20,2018,bulk,6294,7578.045741003752,16970.018230080605,25745.286081671715,48472.2223136425,94559.58589673041
greedy|2020|5000|bulk,20,2018,tanker,3798,7756.598891472817,17209.527887642384,33332.64896154404,80765.17527978122,180238.87707057002
greedy|2020|5000|bulk,20,2018,gas,820,9987.820521879197,23372.01918798685,52564.02570721507,113665.70059752464,240505.64197185042
greedy|2020|5000|bulk,20,2018,general,1646,8900.688072443008,20547.286452293396,44791.47837662697,117106.17101118712,287557.6168951988
greedy|2020|5000|bulk,20,2018,roro,529,16682.876860237124,32413.40199744329,60037.74843454361,117396.67152118684,294704.9709285735
greedy|2020|5000|bulk,20,2019,all,15502,8243.275296461583,19687.90404243767,39588.39910829067,97191.29782795908,218685.14180359844
greedy|2020|5000|bulk,20,2019,container,2209,6261.938742828369,20445.36588191986,67152.80809211731,201597.3610677719,367340.3145715714
greedy|2020|5000|bulk,20,2019,bulk,6371,7580.346801757812,17923.029795885086,29388.990465164185,58333.117516994476,114710.24005508424
greedy|2020|5000|bulk,20,2019,tanker,3924,8465.893619081378,19311.962296009064,41796.6389195025,99014.84951490162,197571.32188282028
greedy|2020|5000|bulk,20,2019,gas,874,13336.446439781786,33946.70486557484,72797.31227850914,145492.79882085323,270230.6730607511
greedy|2020|5000|bulk,20,2019,general,1607,10668.157963097097,25306.782851219177,60737.495202064514,140795.08720231056,304485.0180058482
greedy|2020|5000|bulk,20,2019,roro,517,19762.799529793858,37978.25393295288,71350.52173805237,157508.4451932907,357039.85414352425
greedy|2020|5000|bulk,20,2020,all,15740,8223.138765400648,19504.09867453575,38447.777216255665,107910.50841557978,237460.77838194376
greedy|2020|5000|bulk,20,2020,container,2212,4821.2595104217535,19212.387465834618,65744.17292785645,233110.18607276678,388825.64988424786
greedy|2020|5000|bulk,20,2020,bulk,6573,7786.244515132904,18237.67260456085,28205.854789733887,57863.57454156876,127006.43893766406
greedy|2020|5000|bulk,20,2020,tanker,3944,8320.588186079263,18842.128143750127,41620.03559434414,116115.8660595417,222470.13995032333
greedy|2020|5000|bulk,20,2020,gas,913,12869.073317265511,33774.295988082886,74447.90455450863,162904.91015911102,301841.53098511713
greedy|2020|5000|bulk,20,2020,general,1592,10435.66293306351,24341.307604981583,67439.40347194672,168926.97156965733,323792.91202571394
greedy|2020|5000|bulk,20,2020,roro,506,17968.26481485367,35475.28172060847,63291.66172361374,167806.32369339466,416580.3008388579
greedy|2020|5000|bulk,20,2021,all,16620,9042.497764635087,20081.963524341583,39627.73215293884,111268.86983203888,249353.00536236766
greedy|2020|5000|bulk,20,2021,container,2505,6426.023761558533,19903.14939403534,65279.20073616505,245575.01897269487,391286.2274143218
greedy|2020|5000|bulk,20,2021,bulk,6773,9002.092729306221,19485.076112270355,30373.10385489464,60991.766362428665,133130.6397993088
greedy|2020|5000|bulk,20,2021,tanker,4085,7636.869920778275,17262.761577367783,41337.63853740692,120158.13670825958,230637.6975486755
greedy|2020|5000|bulk,20,2021,gas,977,16075.978972482686,37544.28975915909,77400.80312013626,171259.43101787567,310864.92014951695
greedy|2020|5000|bulk,20,2021,general,1751,12251.306045994164,25151.72026705742,58915.2349485755,173322.22459423542,318497.03582155704
greedy|2020|5000|bulk,20,2021,roro,529,19275.780278778075,33911.52513408661,60684.26181602478,179311.52796936035,444676.0347169638
greedy|2020|5000|bulk,20,2022,all,17691,8364.83273589611,19114.102087020874,38001.32120513916,106836.8562681675,245058.7509765327
greedy|2020|5000|bulk,20,2022,container,2890,5520.757318043709,14902.363491535185,46142.83515930176,219784.47313213348,373301.39520883554
greedy|2020|5000|bulk,20,2022,bulk,7090,8566.74403611161,18900.030266046524,29970.266404405236,59326.12801837921,125931.25894474988
greedy|2020|5000|bulk,20,2022,tanker,4229,7690.172975730897,16962.571581840515,39859.96004413068,118546.62108826636,230431.8212761879
greedy|2020|5000|bulk,20,2022,gas,991,13826.152438625692,38231.6874499321,85595.90470218658,176945.70280182362,309249.94329833984
greedy|2020|5000|bulk,20,2022,general,1884,10984.497521209718,22520.187662363052,53748.49744486809,165471.32918470725,313727.99742598535
greedy|2020|5000|bulk,20,2022,roro,607,17543.883383369444,31680.12470072508,60607.39306259155,171081.7308923006,408716.4974124431
greedy|2020|5000|bulk,20,2023,all,17714,8292.410095357896,18969.28433728218,36802.47550868988,105930.22762608528,238730.3981751442
greedy|2020|5000|bulk,20,2023,container,2948,5107.70947201252,15345.33382819593,57346.90019726753,211206.3814973235,362773.5551428827
greedy|2020|5000|bulk,20,2023,bulk,7061,8407.079249292612,18211.006808280945,27580.45366191864,54305.51462841034,115821.61667060852
greedy|2020|5000|bulk,20,2023,tanker,4262,8150.816042137147,17604.964706361294,41877.2070376873,118861.45774793625,227509.05329704285
greedy|2020|5000|bulk,20,2023,gas,993,14104.798944282531,38452.92381715775,86734.68803405762,173389.9816274643,306970.80546722416
greedy|2020|5000|bulk,20,2023,general,1849,9887.23623714447,23114.36678552628,54105.9470872879,167827.25084877014,313611.253720665
greedy|2020|5000|bulk,20,2023,roro,601,17676.350659370422,30935.836127758022,59792.74807929993,164146.0015220642,391285.9340190888
greedy|2020|5000|bulk,20,2024,all,16746,8190.595365047455,18658.627219721675,35403.62522029877,98013.98403042555,226503.18208885193
greedy|2020|5000|bulk,20,2024,container,2715,5739.527774667741,17888.298222482204,60595.03119659424,197387.4448013306,350832.54021429416
greedy|2020|5000|bulk,20,2024,bulk,6665,8415.494688493016,17864.507895469666,26399.767020225525,50717.58185482025,102722.68900566116
greedy|2020|5000|bulk,20,2024,tanker,4087,7163.27395067215,16245.756835460663,40980.16902446747,108433.86158147454,214966.572652483
greedy|2020|5000|bulk,20,2024,gas,951,12612.623546600342,34749.83326148987,79007.73578596115,164985.98155525327,299632.17225790024
greedy|2020|5000|bulk,20,2024,general,1767,10177.492129707336,22711.82432460785,49952.09097576141,150971.35696977377,308594.59960638
greedy|2020|5000|bulk,20,2024,roro,561,18207.579174995422,30470.697437167168,59893.773873806,158936.85177230835,387838.6968009472
greedy|2020|5000|bulk,20,2025,all,17006,8167.057819366455,18138.62679183483,33988.8195592165,81224.21781802177,194864.4303034246
greedy|2020|5000|bulk,20,2025,container,2779,6436.325985527039,18229.403722137213,53910.99027347565,152796.91502475739,306967.7115868332
greedy|2020|5000|bulk,20,2025,bulk,6820,8392.308929372208,17857.631271362305,26130.643951177597,46003.68863213063,86544.80974178316
greedy|2020|5000|bulk,20,2025,tanker,4099,6835.642557621002,15257.163912534714,37354.92772102356,90786.65908432007,196829.4495142937
greedy|2020|5000|bulk,20,2025,gas,951,12047.635882675648,30841.655471801758,67551.41749668121,131287.71329712868,259396.10651683807
greedy|2020|5000|bulk,20,2025,general,1769,10104.054950737953,20511.300024032596,43151.93418616056,124492.89328193665,285871.0979401589
greedy|2020|5000|bulk,20,2025,roro,588,16161.099788188936,32813.88518708944,58502.13567495346,130365.30974245071,320769.2320903004
greedy|2020|5000|container,20,2018,all,15321,6770.095846176148,14519.323949337006,26579.825320243835,45419.067304611206,79089.05454015732
greedy|2020|5000|container,20,2018,container,2234,2995.1330239057543,5923.558234035969,12050.43470454216,22780.95358300209,95712.05483880044
greedy|2020|5000|container,20,2018,bulk,6294,12765.090471553805,21866.817398309704,31953.24529695511,48688.36588907242,73705.33562806844
greedy|2020|5000|container,20,2018,tanker,3798,6907.353738307954,13495.658167123795,24519.273857831955,42028.56594645977,73914.66351635456
greedy|2020|5000|container,20,2018,gas,820,9733.81422381401,18047.00841999054,36634.64269417524,62671.87925183773,113634.86588335037
greedy|2020|5000|container,20,2018,general,1646,6774.474585354328,12508.374621659517,25190.680833220482,43215.924483418465,84330.21015310287
greedy|2020|5000|container,20,2018,roro,529,8094.644445574284,14772.017440795898,24611.05667233467,36609.437255859375,81071.40814414022
greedy|2020|5000|container,20,2019,all,15502,7369.179536175728,16243.565860450268,30851.65388250351,54279.57683300972,94598.44687212704
greedy|2020|5000|container,20,2019,container,2209,2917.746463871002,5765.160882949829,12879.79856300354,27797.05954360962,120851.16278972627
greedy|2020|5000|container,20,2019,bulk,6371,13841.482789993286,23985.23325420916,36900.400589466095,56725.57711839676,86682.50105953217
greedy|2020|5000|container,20,2019,tanker,3924,8011.928866016866,15395.842863321304,27893.001893997192,49248.93500189483,83300.78799786569
greedy|2020|5000|container,20,2019,gas,874,11676.162017528713,22162.19660121202,44506.381254315376,82495.73366874456,149016.3937781334
greedy|2020|5000|container,20,2019,general,1607,7604.121520626545,14539.247357606888,30165.2476811409,54470.700592279434,101482.58716012837
greedy|2020|5000|container,20,2019,roro,517,9024.610390377045,18157.175696849823,26363.377028942108,41139.661435604095,102001.53060835307
greedy|2020|5000|container,20,2020,all,15740,7693.661115837099,16701.370575666428,30634.210368156433,55264.89064067602,102085.33946270942
greedy|2020|5000|container,20,2020,container,2212,2798.5517776429656,5590.919626832008,12879.072419047356,24871.7045558691,130290.92937843798
greedy|2020|5000|container,20,2020,bulk,6573,15568.638505828381,24249.225492477417,36437.04258108139,57401.9041223526,92119.83133230214
greedy|2020|5000|container,20,2020,tanker,3944,8197.072058701515,15110.806862950327,27262.163369178772,48941.15448832512,91782.57730331422
greedy|2020|5000|container,20,2020,gas,913,12757.566230392455,24319.43373298645,47268.55577373505,90532.06301212312,164608.3288082124
greedy|2020|5000|container,20,2020,general,1592,7059.224151402712,15009.341993570328,30585.72294831276,58119.21279788017,110623.63378419876
greedy|2020|5000|container,20,2020,roro,506,8351.847087860107,15091.304012656212,25002.043444156647,38629.63925886154,119991.9803339839
greedy|2020|5000|container,20,2021,all,16620,8096.0700855731975,16924.851489305496,31188.473813056946,55602.78457248211,103933.69456825609
greedy|2020|5000|container,20,2021,container,2505,2897.664101600647,6384.787828922272,13167.555901050568,27073.730249404907,131472.63630316258
greedy|2020|5000|container,20,2021,bulk,6773,16625.268585205078,24763.064312934875,37662.59451627731,58304.189374923706,92871.07526304724
greedy|2020|5000|container,20,2021,tanker,4085,8063.017734909058,14632.868025779724,26519.854523658752,48222.21904182434,91542.47965478893
greedy|2020|5000|container,20,2021,gas,977,13576.187550354005,27700.837173461918,51078.65811824799,95295.82690906525,180154.138964653
greedy|2020|5000|container,20,2021,general,1751,8285.846034049988,14647.052635125816,29008.254358768463,55822.14957225323,110629.41322135924
greedy|2020|5000|container,20,2021,roro,529,8566.413204222918,16959.844571113586,27033.86986446381,44721.04361960292,117339.14372596737
greedy|2020|5000|container,20,2022,all,17691,6968.348313808441,15401.17420732975,28898.86531257629,53256.97082006931,100919.2176157236
greedy|2020|5000|container,20,2022,container,2890,2984.925900268555,5550.520732164383,13014.886843919754,24064.172524213795,123666.81304063792
greedy|2020|5000|container,20,2022,bulk,7090,14970.753884315493,23604.99918359518,35764.59530901909,56400.69974446297,88434.71969108585
greedy|2020|5000|container,20,2022,tanker,4229,7125.905588817596,13997.410721302032,25359.14418399334,46805.89472794533,94338.99238624575
greedy|2020|5000|container,20,2022,gas,991,13838.73929309845,26231.780797481537,51416.32145404816,94915.55004644394,185606.7425508499
greedy|2020|5000|container,20,2022,general,1884,7524.697731590271,13215.76007142663,26915.587718248367,53451.96899663657,109888.09622143657
greedy|2020|5000|container,20,2022,roro,607,8319.706666231155,16005.299234941602,26491.656617879868,42063.19727921486,98665.24972257613
greedy|2020|5000|container,20,2023,all,17714,6764.88894224167,15086.184575080872,28368.106031417847,52536.56068754196,100154.78566703801
greedy|2020|5000|container,20,2023,container,2948,2915.4759831428523,5169.453900322318,12637.963952541351,23622.971004486084,117581.33384684328
greedy|2020|5000|container,20,2023,bulk,7061,13298.269666910172,22922.755619049072,34322.18749809265,54555.33946323395,87228.64632606506
greedy|2020|5000|container,20,2023,tanker,4262,7253.890432429314,13740.132284581661,25130.712265491486,48813.185928106315,94071.6865483761
greedy|2020|5000|container,20,2023,gas,993,15208.39543287754,28412.538950920105,51109.13974237442,101076.00828361513,182701.42439594283
greedy|2020|5000|container,20,2023,general,1849,7153.202996826172,13504.006480693815,27709.52188873291,53103.26301527023,108625.86123619082
greedy|2020|5000|container,20,2023,roro,601,10320.145334720612,16189.207869529724,25281.425024986267,43476.7667593956,95325.31031954288
greedy|2020|5000|container,20,2024,all,16746,6774.841573655605,15258.307188212872,29600.046030044556,54967.23492884636,99841.53667455912
greedy|2020|5000|container,20,2024,container,2715,2853.72495508194,5671.942326799035,13174.559698820114,25373.5842653513,111010.71013965603
greedy|2020|5000|container,20,2024,bulk,6665,13008.834314537053,23121.080204486847,35695.390416145325,56615.81609535217,87585.68534870147
greedy|2020|5000|container,20,2024,tanker,4087,6743.139667415619,13967.406776309013,26932.84135437012,51904.08594298363,96201.93122100832
greedy|2020|5000|container,20,2024,gas,951,16129.386845588684,30233.723818302155,55092.18576097488,102647.48093700409,177748.73669052124
greedy|2020|5000|container,20,2024,general,1767,6594.057195138933,13361.542239576578,27580.93847502023,55033.563697606325,103393.34234580997
greedy|2020|5000|container,20,2024,roro,561,11358.285068511965,16904.497616291046,26083.24149656296,45907.4513258934,108454.1588087082
greedy|2020|5000|container,20,2025,all,17006,6971.154443234205,15505.646368443966,29411.328243255615,51460.124166965485,88373.1016535759
greedy|2020|5000|container,20,2025,container,2779,3076.2219163894656,6251.1330778598785,14139.30920124054,27251.82957828045,92957.24203548433
greedy|2020|5000|container,20,2025,bulk,6820,13161.155173707008,23145.812614381313,35695.58188557625,53576.4647564888,79616.4451272965
greedy|2020|5000|container,20,2025,tanker,4099,6046.438684415817,13841.593266248703,26549.57252025604,49034.328491687775,84168.01317996983
greedy|2020|5000|container,20,2025,gas,951,13739.163963317871,29997.1751704216,52455.91502094269,93744.33832502364,155364.16544246674
greedy|2020|5000|container,20,2025,general,1769,7371.329209327698,13114.346398353577,27309.157600820065,48701.172872543335,89112.17789249425
greedy|2020|5000|container,20,2025,roro,588,9465.580093872548,16675.120664656162,25748.381350785494,41024.10205895454,93810.0884113312
greedy|2020|7000|all,20,2018,all,15321,6400.985722541809,11250.172587394714,19187.765111923218,28640.39042854309,49352.74192494154
greedy|2020|7000|all,20,2018,container,2234,3461.9352183341985,6787.478309631348,11517.236770749092,22987.537134885788,94998.03420479299
greedy|2020|7000|all,20,2018,bulk,6294,8665.27586413622,15752.540073752403,21842.997535467148,30852.48402404785,46135.18887586593
greedy|2020|7000|all,20,2018,tanker,3798,5594.432010746003,9948.418063253164,15842.96532734111,24110.992802262306,38231.547120058545
greedy|2020|7000|all,20,2018,gas,820,7238.572074048221,13126.405249983072,20143.66063439846,37935.96301031113,63152.26675205232
greedy|2020|7000|all,20,2018,general,1646,6638.035629153252,10961.327636003494,17723.253303050995,28448.14721941948,55731.52971449494
greedy|2020|7000|all,20,2018,roro,529,9411.720980346203,13812.35410118103,21306.682428359985,29862.017684936523,69448.07847747802
greedy|2020|7000|all,20,2019,all,15502,6774.737660574914,11983.870103597641,20649.83719038963,32553.78310507536,59246.17789020834
greedy|2020|7000|all,20,2019,container,2209,3229.549436664581,7180.496030807495,12103.063579559326,30036.26630425453,117706.13909859657
greedy|2020|7000|all,20,2019,bulk,6371,9140.809138298036,16948.310146689415,23515.177227973934,34652.752522945404,52364.325177669525
greedy|2020|7000|all,20,2019,tanker,3924,6125.573322403431,10640.008007347584,17165.648412942886,26283.953620910645,44692.73855731488
greedy|2020|7000|all,20,2019,gas,874,8405.186778068542,14671.623471856119,23509.071845933795,41970.423380732536,83497.5596546352
greedy|2020|7000|all,20,2019,general,1607,7082.892358684539,12044.798556804657,20542.75064086914,34343.03789675236,70362.86746740939
greedy|2020|7000|all,20,2019,roro,517,9460.181649923325,14580.990999221802,22578.962830781937,34189.71717214584,95821.37860951426
greedy|2020|7000|all,20,2020,all,15740,6912.835802507401,12276.317032039165,20545.014293193817,32333.377347707745,62494.3395234108
greedy|2020|7000|all,20,2020,container,2212,3252.006418466568,7332.932067975402,12239.038056135178,28779.4062525779,129890.64554598332
greedy|2020|7000|all,20,2020,bulk,6573,10071.808310884238,17308.095616340637,23373.970498085026,34104.34791922569,53088.798250103
greedy|2020|7000|all,20,2020,tanker,3944,6199.666635274887,10673.171276956797,16894.514206409454,25873.249811917543,44965.65306634905
greedy|2020|7000|all,20,2020,gas,913,8790.43278579712,15955.457048416138,24693.22900724411,44520.23492240906,91084.50933265686
greedy|2020|7000|all,20,2020,general,1592,6506.068614292145,11520.026003867386,20627.02987551689,36367.694419613574,79129.21274706125
greedy|2020|7000|all,20,2020,roro,506,9544.99427229166,13769.72158190608,21532.385645985603,33998.35501331091,111289.4972000122
greedy|2020|7000|all,20,2021,all,16620,7237.535770982504,12555.810538709164,20748.536893367767,32973.920277267694,62722.76585156769
greedy|2020|7000|all,20,2021,container,2505,3750.9309010624884,7736.578656435013,12846.532146692276,30225.69893360138,134402.68094575396
greedy|2020|7000|all,20,2021,bulk,6773,10915.227217614653,17781.830688476562,23613.121834754944,35067.92506980896,53391.004740524295
greedy|2020|7000|all,20,2021,tanker,4085,6115.490682411194,10401.090183734894,16826.994478225708,26112.7904047966,44941.89247226715
greedy|2020|7000|all,20,2021,gas,977,10425.239180946352,17308.872982025146,26550.78456306457,47126.6680355072,98205.92955213261
greedy|2020|7000|all,20,2021,general,1751,7593.593800479546,11998.043630510569,20224.903551101685,35023.36002063751,71317.10373982042
greedy|2020|7000|all,20,2021,roro,529,9457.753108882904,15141.217151165009,22717.26289081573,34281.71544957161,104396.90916282534
greedy|2020|7000|all,20,2022,all,17691,6654.756600379944,11991.273018836975,19995.65992450714,31923.5982786417,62315.34478473663
greedy|2020|7000|all,20,2022,container,2890,3800.70473703146,7500.520210504531,12772.360063433647,25407.372049212456,122953.5867807865
greedy|2020|7000|all,20,2022,bulk,7090,9771.220510005951,16756.635758459568,22973.92312130332,33432.87168598175,51274.367066097286
greedy|2020|7000|all,20,2022,tanker,4229,5731.37288722992,10063.000564575195,16333.917870521544,25324.0066947937,46674.631995868695
greedy|2020|7000|all,20,2022,gas,991,10184.579877376556,16447.883240938187,25405.497901916504,49616.22840219736,93870.5929646492
greedy|2020|7000|all,20,2022,general,1884,7346.184520718456,11913.972593829038,20328.709724438377,36434.83464837075,73373.40785819889
greedy|2020|7000|all,20,2022,roro,607,9291.350605738164,14036.133546113968,21314.028065681458,35040.6563462019,97750.62986717222
greedy|2020|7000|all,20,2023,all,17714,6525.009513437749,11701.883558034897,19945.464965105057,32104.16934669018,64015.727948635824
greedy|2020|7000|all,20,2023,container,2948,3577.9011074066157,7503.010725289583,13377.034908771517,30335.11687093973,121647.8274267346
greedy|2020|7000|all,20,2023,bulk,7061,9122.070004343988,16030.525753974916,22661.34284210205,32597.819061279297,51081.2507648468
greedy|2020|7000|all,20,2023,tanker,4262,5880.813512563705,9811.403720855713,16030.693305373192,25680.113218069077,50150.329558086414
greedy|2020|7000|all,20,2023,gas,993,10232.156227684021,16986.637523412704,27192.297179222107,51451.06246083975,97167.73953342438
greedy|2020|7000|all,20,2023,general,1849,6675.384657549858,11680.436135172844,20162.75533628464,35832.61046791077,73155.58759903461
greedy|2020|7000|all,20,2023,roro,601,9898.101561844349,14679.430771827698,21233.36158323288,34726.39890909195,99874.0909371376
greedy|2020|7000|all,20,2024,all,16746,6425.1268310546875,12014.974056914449,20709.18760228157,33375.13383257389,66652.56867516041
greedy|2020|7000|all,20,2024,container,2715,3774.4899143815037,7553.962507897988,14710.73372578621,35264.74873113632,123838.17909822462
greedy|2020|7000|all,20,2024,bulk,6665,9130.714638972282,16502.186312675476,23021.326546669006,33285.769976615906,52404.595328736315
greedy|2020|7000|all,20,2024,tanker,4087,5373.06782746315,9909.189474582672,16692.72199201584,27494.516087293625,52559.20584340097
greedy|2020|7000|all,20,2024,gas,951,9605.224716544151,17532.110306739807,28787.17332983017,58462.1686706543,104287.3868970871
greedy|2020|7000|all,20,2024,general,1767,6587.703126212956,11457.695656683296,21001.068479299545,36007.32949359715,78229.91616994744
greedy|2020|7000|all,20,2024,roro,561,11534.34410572052,15518.095289230348,22162.45780581236,39810.564549446106,104842.09992408752
greedy|2020|7000|all,20,2025,all,17006,6617.103051066399,12381.347116589544,20907.959995269775,33023.636825323105,60555.09096002579
greedy|2020|7000|all,20,2025,container,2779,4232.034990692139,8427.908649921417,15830.670004069803,39267.836532354355,107420.24328002943
greedy|2020|7000|all,20,2025,bulk,6820,9396.193086099627,16625.91210603714,23052.490067005157,33242.418738007545,49024.49020318986
greedy|2020|7000|all,20,2025,tanker,4099,5238.756262588501,10130.140127182007,16789.60756778717,26951.31721639633,47161.06315093046
greedy|2020|7000|all,20,2025,gas,951,9508.868139266968,17480.31374168396,28803.72692632675,53316.10661268234,92844.70267772676
greedy|2020|7000|all,20,2025,general,1769,7146.5302951812755,11776.561094760897,20650.51867008209,34503.81183099747,64223.601208257685
greedy|2020|7000|all,20,2025,roro,588,9910.49343549013,15943.916997194292,22446.6877720356,36274.751086235054,90907.92879523041
greedy|2020|7000|bulk,20,2018,all,15321,7497.815478563309,13946.6921749115,25079.218549728397,58963.82495164871,150226.6074886322
greedy|2020|7000|bulk,20,2018,container,2234,4585.572975349426,10084.11138725281,22409.394115447998,117630.6051786989,268556.1259647847
greedy|2020|7000|bulk,20,2018,bulk,6294,7918.226862001419,15353.151445388794,22978.585364341736,40255.12989008427,79173.65109159946
greedy|2020|7000|bulk,20,2018,tanker,3798,6948.210235881807,13383.131625890732,27230.11016178131,70194.87858742476,156562.08031220437
greedy|2020|7000|bulk,20,2018,gas,820,8832.885453502835,18806.47188591957,38898.900718688965,77519.45758771896,176764.75765728953
greedy|2020|7000|bulk,20,2018,general,1646,7925.936894416809,15214.747264981268,36299.407418012626,95743.22252747604,248237.26769009233
greedy|2020|7000|bulk,20,2018,roro,529,10347.007108068467,20057.632600545883,30690.71973419189,61119.253032684326,193038.54778079985
greedy|2020|7000|bulk,20,2019,all,15502,7745.623644208908,15702.639219641685,29283.685796260834,75054.75777751207,181121.9699604988
greedy|2020|7000|bulk,20,2019,container,2209,5427.206802749633,10744.233819961548,24271.3775408268,153730.83802318573,311584.868613863
greedy|2020|7000|bulk,20,2019,bulk,6371,7927.22271156311,16754.137827396393,24557.778374671936,47452.08265900612,92627.28362941742
greedy|2020|7000|bulk,20,2019,tanker,3924,7543.655038046837,14973.847740888596,33325.10678577423,86580.66430543363,179742.50643348697
greedy|2020|7000|bulk,20,2019,gas,874,11612.823328065873,21709.13971066475,48452.308690071106,105017.28234577177,214047.1864784956
greedy|2020|7000|bulk,20,2019,general,1607,9282.308839884401,19917.845433473587,49070.25407648087,122045.19438326359,276722.4347869873
greedy|2020|7000|bulk,20,2019,roro,517,11826.218759155272,21498.457803487778,34402.0495557785,82795.8767528534,238325.3805972577
greedy|2020|7000|bulk,20,2020,all,15740,7990.315679550171,15965.753175973892,27649.139580249786,80864.40861165524,198747.3449309826
greedy|2020|7000|bulk,20,2020,container,2212,4337.9443025589,11313.329814434052,23589.864774227142,175646.41928720474,336135.4844996097
greedy|2020|7000|bulk,20,2020,bulk,6573,8807.681614494324,17226.16893196106,24157.951996803284,44508.40196847916,100340.57507057195
greedy|2020|7000|bulk,20,2020,tanker,3944,7343.9981049060825,14514.739984214306,32084.85274887085,98766.47265923023,196620.54158158312
greedy|2020|7000|bulk,20,2020,gas,913,12468.799151515961,22712.32586956024,47716.27896642685,108686.72270584106,224761.07543883336
greedy|2020|7000|bulk,20,2020,general,1592,8688.59524295032,19423.740406513214,50745.525397360325,144867.82324910164,290320.2059112549
greedy|2020|7000|bulk,20,2020,roro,506,11127.528079748154,19812.960004091263,34183.095301270485,101788.36273545027,271520.0283408165
greedy|2020|7000|bulk,20,2021,all,16620,8553.63334608078,16300.88067793846,29084.19366979599,79986.69225347042,208441.5723546028
greedy|2020|7000|bulk,20,2021,container,2505,5092.107161331177,12581.584699630735,24356.913321495056,177249.34324517846,339270.59009761806
greedy|2020|7000|bulk,20,2021,bulk,6773,9787.922476768495,17847.61702156067,24831.13807201385,45980.59767651558,99848.39185447694
greedy|2020|7000|bulk,20,2021,tanker,4085,6712.627247619629,13491.100013494492,31678.33801174164,98643.11563682556,205590.79185857764
greedy|2020|7000|bulk,20,2021,gas,977,13675.013064956665,25674.754100322723,50866.73171806336,117696.36928129196,260369.06816291803
greedy|2020|7000|bulk,20,2021,general,1751,9782.658826828005,18789.704243659973,46251.91464090347,143957.07715539262,285605.3821668625
greedy|2020|7000|bulk,20,2021,roro,529,11586.578162348269,20985.65212905407,33252.19743227959,89047.25554132462,284819.0750088215
greedy|2020|7000|bulk,20,2022,all,17691,7947.665836334228,15285.341903328896,27278.37641429901,75965.14197301865,204317.5858246088
greedy|2020|7000|bulk,20,2022,container,2890,4791.506180918217,11507.584907770157,22690.09596633911,155114.92846879363,322801.27980163094
greedy|2020|7000|bulk,20,2022,bulk,7090,9064.039523887634,17245.864901781082,24103.98546242714,44331.97965693474,95194.77741184237
greedy|2020|7000|bulk,20,2022,tanker,4229,6743.509722614288,13062.07592511177,30629.47439146042,96972.06228733064,205906.45473909384
greedy|2020|7000|bulk,20,2022,gas,991,12459.194967746736,23546.799354210496,55476.48368692398,123784.77088403702,264959.7649849653
greedy|2020|7000|bulk,20,2022,general,1884,9056.464744925499,17253.337040275335,42445.13650932908,138557.94913947582,280611.01960010536
greedy|2020|7000|bulk,20,2022,roro,607,10439.970936870575,19654.794430971146,32164.2692360878,74777.76442217827,272857.74523427465
greedy|2020|7000|bulk,20,2023,all,17714,7741.084718894959,14852.922706365585,26300.966140031815,77066.023401618,199163.21330375675
greedy|2020|7000|bulk,20,2023,container,2948,4569.246056771279,11663.523645877836,24315.176678180695,150876.92186272144,303085.5038958228
greedy|2020|7000|bulk,20,2023,bulk,7061,8683.991183280945,16086.21401977539,23152.56857800484,40264.81876897812,89678.28294277191
greedy|2020|7000|bulk,20,2023,tanker,4262,7268.8469099044805,12987.471442461016,30135.253483772278,98003.44318324327,200534.43784637452
greedy|2020|7000|bulk,20,2023,gas,993,12481.972467374802,24374.91939306259,56544.14145541191,124727.7552127838,259957.86604633337
greedy|2020|7000|bulk,20,2023,general,1849,8821.49776777029,17717.170243263245,44281.64335823059,138540.16878533363,279479.38803319936
greedy|2020|7000|bulk,20,2023,roro,601,11435.818501472471,18627.22119641304,29874.91702079773,68225.15319001675,278692.99831718206
greedy|2020|7000|bulk,20,2024,all,16746,7583.715717732906,15341.901504039764,28220.386358380318,75991.05838772655,188719.65450000763
greedy|2020|7000|bulk,20,2024,container,2715,4756.423158645631,12244.766686022282,29471.770246505737,140876.69903969765,286747.87250947946
greedy|2020|7000|bulk,20,2024,bulk,6665,8573.76041686088,16285.272462844849,23773.740011930466,41360.33293437958,85317.648746872
greedy|2020|7000|bulk,20,2024,tanker,4087,6300.2961406230925,13252.463619232178,32048.194763183597,93141.91524899006,191696.19359073642
greedy|2020|7000|bulk,20,2024,gas,951,11934.341176509855,28139.36815071106,58140.71521425247,122367.69756126404,248281.5657672882
greedy|2020|7000|bulk,20,2024,general,1767,8617.643925607204,16744.11427015066,41788.27530670166,125699.72333493829,274841.6462064268
greedy|2020|7000|bulk,20,2024,roro,561,12855.431105136871,21298.34338951111,32467.10148382187,75059.54160690308,257282.45188999176
greedy|2020|7000|bulk,20,2025,all,17006,7698.994382977486,15448.414488196373,28126.563075065613,65645.07592129707,158524.0933790207
greedy|2020|7000|bulk,20,2025,container,2779,5404.940417099,13524.019236624243,28947.62519454956,112105.88404345512,252676.45256769686
greedy|2020|7000|bulk,20,2025,bulk,6820,8826.031833171844,16589.420939087868,23908.875340938568,40868.804191708565,74314.45116252902
greedy|2020|7000|bulk,20,2025,tanker,4099,6053.0565006971365,12726.257449626923,30199.285395622253,78044.15785217285,170700.37635841375
greedy|2020|7000|bulk,20,2025,gas,951,11141.694699287416,27160.100181102753,56043.133140563965,107152.98793327808,210552.81738090515
greedy|2020|7000|bulk,20,2025,general,1769,8995.680500948429,16211.597011566162,37802.28612470627,106937.6252875328,254050.64301182635
greedy|2020|7000|bulk,20,2025,roro,588,12214.036081552504,22169.018398940563,33989.92115402222,72896.47277057171,205512.8291020397
greedy|2020|7000|container,20,2018,all,15321,6830.888835906982,13132.961642324924,23327.01630783081,38932.89999103546,65623.16096067429
greedy|2020|7000|container,20,2018,container,2234,3399.8148693203925,6218.073443412781,9730.845438033342,20163.803945183758,75307.54971470089
greedy|2020|7000|container,20,2018,bulk,6294,12634.438525909185,20395.344092726707,29292.511595726013,43160.51286613941,65099.921030235295
greedy|2020|7000|container,20,2018,tanker,3798,7060.60465912819,12663.773992657661,21115.65468764305,34612.27943700552,59388.91549024584
greedy|2020|7000|container,20,2018,gas,820,9564.602693748477,16352.186490535736,27719.270365715027,48938.35790491104,97098.69948704245
greedy|2020|7000|container,20,2018,general,1646,7400.9667003154755,12313.418467521666,21059.394847229123,35708.167075276375,69153.07679271698
greedy|2020|7000|container,20,2018,roro,529,8273.22159948349,12375.127669334412,17967.914196014404,25373.574909210205,56583.504402819264
greedy|2020|7000|container,20,2019,all,15502,7517.412189483643,14440.421546906233,26434.461435884237,45722.73514160514,78843.95595194696
greedy|2020|7000|container,20,2019,container,2209,3193.0051725387575,6165.145315170288,10010.860967159271,21549.25020122528,94965.18928380014
greedy|2020|7000|container,20,2019,bulk,6371,13524.158427715302,22609.046971559525,32981.28004091978,49653.70167636871,75594.03097724915
greedy|2020|7000|container,20,2019,tanker,3924,8120.137648105621,13691.188559174538,23784.123918056488,40132.81836093962,68487.45095591547
greedy|2020|7000|container,20,2019,gas,874,10873.721760463715,17771.414943873882,30926.984004497528,59677.0746858716,117826.40193929679
greedy|2020|7000|container,20,2019,general,1607,8411.440317070485,13829.304337263107,25831.94080924988,46001.08698153496,88774.9628312111
greedy|2020|7000|container,20,2019,roro,517,8928.385842895508,13937.429071724417,19411.21761226654,29333.828694820404,70440.01338108182
greedy|2020|7000|container,20,2020,all,15740,7799.454864826799,15019.696714103222,26411.19791102409,45786.880355358124,83760.55913463347
greedy|2020|7000|container,20,2020,container,2212,3114.954283714295,6182.779824912548,10301.264066696167,21645.39664977789,103610.29439133409
greedy|2020|7000|container,20,2020,bulk,6573,15210.632907024026,22851.355492591854,32547.976672172543,49559.28221893311,78884.18695850372
greedy|2020|7000|container,20,2020,tanker,3944,8197.072058701515,13932.424700975418,23475.9316341877,40475.19757544994,72201.9816738844
greedy|2020|7000|container,20,2020,gas,913,12386.630807876587,18986.745525836945,32548.36109828949,64892.4456012249,120576.80428447727
greedy|2020|7000|container,20,2020,general,1592,8215.848516488075,13840.120514918119,25841.130086645484,47195.195384506136,95206.37451829913
greedy|2020|7000|container,20,2020,roro,506,8213.792197674513,12614.100491523743,19156.09095531702,29095.928896784782,83967.17366680503
greedy|2020|7000|container,20,2021,all,16620,8244.655732250214,15233.348276257513,26806.142416477203,45727.51320767403,85344.03188171386
greedy|2020|7000|container,20,2021,container,2505,3557.799606251717,6550.977467536926,10916.509042024612,22001.74528980255,108036.66941739617
greedy|2020|7000|container,20,2021,bulk,6773,16111.816196060181,23261.068501472477,33610.15134191513,50304.62528896332,79580.67594724
greedy|2020|7000|container,20,2021,tanker,4085,8042.3128815174105,13586.233419179916,23473.30160701275,39839.148243904114,72158.54937829971
greedy|2020|7000|container,20,2021,gas,977,13522.201505565643,21498.065233707428,35275.46431493759,66148.91781330109,133420.8803375244
greedy|2020|7000|container,20,2021,general,1751,9543.756073474884,14838.607636392117,24640.12499189377,46092.67836833,93030.94888973236
greedy|2020|7000|container,20,2021,roro,529,8934.906077957154,14088.227282464504,19611.563858032227,31877.53858986869,84662.75578336713
greedy|2020|7000|container,20,2022,all,17691,7479.319750785828,14182.35831952095,24881.349011659622,43911.34092974663,82521.34874543548
greedy|2020|7000|container,20,2022,container,2890,3670.75639295578,6402.07885825634,10981.467450499535,20418.553444113582,96681.00203946827
greedy|2020|7000|container,20,2022,bulk,7090,14716.506940197945,22050.500115633015,31496.928017139435,48340.51787662506,76628.6427223444
greedy|2020|7000|container,20,2022,tanker,4229,7358.74339466095,13176.611730575562,22410.699767827988,38029.37873649597,71868.50536837585
greedy|2020|7000|container,20,2022,gas,991,13512.746510505676,19346.162689447403,35471.32281370461,72105.32172870636,136892.9731245041
greedy|2020|7000|container,20,2022,general,1884,8689.10145483613,13859.165812015533,23482.221548832953,46100.22596794367,91491.28073716168
greedy|2020|7000|container,20,2022,roro,607,8065.360830402375,13562.648702383041,19045.917657852173,28991.883796148002,77414.69116904729
greedy|2020|7000|container,20,2023,all,17714,7387.993389320373,13921.00749272108,24923.995052337646,44183.06166231632,82631.59195089346
greedy|2020|7000|container,20,2023,container,2948,3434.249343776703,6344.867312669754,11135.434727668762,21563.76667439938,99098.97547394037
greedy|2020|7000|container,20,2023,bulk,7061,13606.50485754013,21832.08058834076,31404.80649089813,48127.77713394165,74661.99091053009
greedy|2020|7000|container,20,2023,tanker,4262,7632.514975559711,13212.853313148022,22427.470495939255,39523.325344234705,75690.60550560952
greedy|2020|7000|container,20,2023,gas,993,14085.691653060912,20868.967546463013,38852.77421760559,74003.68689346313,139983.5402578832
greedy|2020|7000|container,20,2023,general,1849,8336.106965637207,13861.353577971458,24050.01421403885,45589.873636722565,88216.70879071504
greedy|2020|7000|container,20,2023,roro,601,9606.831201553345,13883.96261537075,18794.19691246748,27644.5111246109,60657.55983161926
greedy|2020|7000|container,20,2024,all,16746,7480.386018753052,14578.688052415848,26545.04766511917,47168.55493950844,85331.04104304314
greedy|2020|7000|container,20,2024,container,2715,3637.738804435731,6529.703034877777,11999.48043525219,23177.582472503185,98428.45376138683
greedy|2020|7000|container,20,2024,bulk,6665,13839.078603315354,22356.754837036133,32865.34470844269,50451.134883880615,77144.22433490754
greedy|2020|7000|container,20,2024,tanker,4087,6973.84322810173,13576.476164877415,24210.121399879456,41906.74251079559,77343.40930838586
greedy|2020|7000|container,20,2024,gas,951,15851.67894411087,23905.200174808502,44116.144271850586,85862.42929923534,151913.11970996857
greedy|2020|7000|container,20,2024,general,1767,8335.136928844453,14086.665835380554,25248.77143096924,47500.55288301967,89150.71431903842
greedy|2020|7000|container,20,2024,roro,561,9667.759136199951,14323.706380486488,20984.676510721445,31373.42407798767,63784.73715019226
greedy|2020|7000|container,20,2025,all,17006,7699.339692234993,14585.72451376915,26257.86963367462,44820.66445219517,76798.21422803402
greedy|2020|7000|container,20,2025,container,2779,4032.7644815444946,7207.9000544548035,12734.720722198486,23480.920706510544,85208.57661142362
greedy|2020|7000|container,20,2025,bulk,6820,13666.925801157953,22404.65006875992,32582.047880649567,47971.823050260544,70900.73230819704
greedy|2020|7000|container,20,2025,tanker,4099,6434.903929072619,13337.964127063751,23803.338201999664,40419.983600735664,71713.75205135345
greedy|2020|7000|container,20,2025,gas,951,12915.101874947548,23792.632152080536,41766.90553951264,76337.76812934875,125266.32244348526
greedy|2020|7000|container,20,2025,general,1769,8702.36978571415,13658.328197479248,24646.55061149597,43162.290397167206,81044.26004600526
greedy|2020|7000|container,20,2025,roro,588,8820.754569113255,13607.937578678131,20502.014298677444,30678.952350139618,60930.96616580507
greedy|2021|10000|all,20,2018,all,15321,6717.100541591644,11530.80168914795,19200.65352249145,29013.974103868008,50136.72980594635
greedy|2021|10000|all,20,2018,container,2234,3787.004308605194,7269.010413408279,11562.123454868793,24069.47820520401,97079.61314321762
greedy|2021|10000|all,20,2018,bulk,6294,9719.262246310713,15724.619928240776,21909.400310635567,30695.36655664444,45064.624619197835
greedy|2021|10000|all,20,2018,tanker,3798,5536.080645155908,9895.882394015789,15793.041707485914,24115.707699775696,39265.2063095093
greedy|2021|10000|all,20,2018,gas,820,7167.938417959213,12494.918192386627,19802.581816911697,36781.04813456536,61486.417679649596
greedy|2021|10000|all,20,2018,general,1646,7423.6413424909115,11998.205831229685,19169.569845199585,31989.830915093422,64278.45737375319
greedy|2021|10000|all,20,2018,roro,529,9947.219075679777,13635.130612790585,20387.22678375244,27763.50482976437,65179.50476417541
greedy|2021|10000|all,20,2019,all,15502,7114.946187019349,12366.18748909235,20868.984198331833,33223.94876776636,59746.161323108514
greedy|2021|10000|all,20,2019,container,2209,3484.103517496586,7468.264696121216,12167.048269033432,32424.73844832182,115331.34739398958
greedy|2021|10000|all,20,2019,bulk,6371,10533.982322692871,17496.19788479805,23671.493087768555,34668.47738420963,51533.70906257629
greedy|2021|10000|all,20,2019,tanker,3924,6060.058710289001,10421.495390415192,17168.474004268646,26929.863971829414,47583.571200752274
greedy|2021|10000|all,20,2019,gas,874,8337.21162185669,13923.570251654832,22007.331611156464,39972.41678190231,79054.1780210109
greedy|2021|10000|all,20,2019,general,1607,8138.907187843324,13269.986742973328,22532.550092220303,38995.10777139664,84785.50959719482
greedy|2021|10000|all,20,2019,roro,517,9484.222249174118,14213.24328804016,21231.525553703308,30638.692628860477,99540.97239729167
greedy|2021|10000|all,20,2020,all,15740,7236.461612939835,12452.840422272682,20446.729719638824,31922.698868513107,62666.317054367064
greedy|2021|10000|all,20,2020,container,2212,3534.8315513134003,7841.301670908928,12421.036178827286,32115.713665425777,138619.84461308722
greedy|2021|10000|all,20,2020,bulk,6573,10981.626389408113,17327.93569087982,22957.64776945114,32628.27780532837,49809.013918113706
greedy|2021|10000|all,20,2020,tanker,3944,5858.432189345361,10110.61875629425,16736.562294483185,25873.249811917543,48990.11474819186
greedy|2021|10000|all,20,2020,gas,913,8686.559096336365,15023.899587631226,22784.484243392944,41838.46091663837,91622.34539294247
greedy|2021|10000|all,20,2020,general,1592,7691.2245480000975,12866.543907731771,22539.332499742508,40882.45770251751,90983.81100156311
greedy|2021|10000|all,20,2020,roro,506,9668.165221884847,13453.702669888735,20037.53910624981,29963.04654854536,108102.45973646642
greedy|2021|10000|all,20,2021,all,16620,7546.325702762604,12589.992834091187,20517.627790927887,31993.72799348831,62506.35906742812
greedy|2021|10000|all,20,2021,container,2505,4044.871302986145,8157.007021903992,12721.043689250946,32671.992071390152,143540.78366551394
greedy|2021|10000|all,20,2021,bulk,6773,11694.764520835877,17483.572605133057,23096.759245872498,32875.143958091736,49600.246345412736
greedy|2021|10000|all,20,2021,tanker,4085,5773.003146266938,9850.64467716217,16216.837324142456,26104.92833328247,45978.15810804367
greedy|2021|10000|all,20,2021,gas,977,9753.464763695001,15844.405230998991,24040.19788169861,43784.91577243805,90923.3212141037
greedy|2021|10000|all,20,2021,general,1751,8702.023810386658,13357.627772897482,21732.773960113525,41126.130773067474,90968.243029356
greedy|2021|10000|all,20,2021,roro,529,10666.219419860838,14560.372576713562,21478.358109474186,31289.6055893898,100155.18278455728
greedy|2021|10000|all,20,2022,all,17691,6980.324208259583,12037.737960100174,19705.000735282894,31318.228261947632,62209.82479763031
greedy|2021|10000|all,20,2022,container,2890,4018.1327116966268,8249.218090057373,12413.295340299606,28762.419523894787,137028.38906354897
greedy|2021|10000|all,20,2022,bulk,7090,10788.246324253083,16557.140045404434,22558.929528474808,32266.161375284195,48863.53007369042
greedy|2021|10000|all,20,2022,tanker,4229,5662.993053436279,9830.169704437256,15630.832851409912,24803.82457590103,45973.96125864983
greedy|2021|10000|all,20,2022,gas,991,9196.776237010956,15042.575738191605,23033.49920463562,45372.225937366486,88796.94029331207
greedy|2021|10000|all,20,2022,general,1884,7960.725908660888,12785.03162050247,20865.65018749237,41052.154639750726,89713.35924439433
greedy|2021|10000|all,20,2022,roro,607,9468.471548652647,13963.185742020607,19900.480206549168,29885.763474941254,81858.39440461391
greedy|2021|10000|all,20,2023,all,17714,7013.2186624526985,11992.387655869126,19810.471090734005,31709.397464782,64934.34327950479
greedy|2021|10000|all,20,2023,container,2948,3869.0073984146115,8249.752205580473,13243.534036874771,35285.70626068115,137935.6683988929
greedy|2021|10000|all,20,2023,bulk,7061,10243.781596660614,16243.20785999298,22413.321407318115,31968.51603507996,49852.1184129715
greedy|2021|10000|all,20,2023,tanker,4262,6008.446114063264,9751.843371629715,15614.253011465073,24553.80633199215,48398.0542629242
greedy|2021|10000|all,20,2023,gas,993,9599.19523704052,15298.283382415771,25727.453273773197,49096.67889499664,91692.54158821107
greedy|2021|10000|all,20,2023,general,1849,7974.964279842377,13104.129062652588,21872.930555820465,39997.07387447357,85193.74295706007
greedy|2021|10000|all,20,2023,roro,601,10629.660598278046,14097.868690490724,19735.506969481707,28682.12580871582,88000.16087436676
greedy|2021|10000|all,20,2024,all,16746,6759.456834793091,12383.985434770584,20828.41078519821,33761.39604520798,67301.81519317627
greedy|2021|10000|all,20,2024,container,2715,3825.056853294373,8085.029617547989,14619.716097831726,42646.39922261238,136334.30142779349
greedy|2021|10000|all,20,2024,bulk,6665,10511.762154102325,16918.388154029846,23122.52618741989,33628.717885017395,52662.09798851015
greedy|2021|10000|all,20,2024,tanker,4087,5334.12552280426,9857.708763122559,16423.52254009247,26211.145973205566,50362.42881984711
greedy|2021|10000|all,20,2024,gas,951,9258.879893302916,15961.044448375702,27181.415331840515,54674.90495991707,99275.24703884123
greedy|2021|10000|all,20,2024,general,1767,7749.701109528543,13119.36305975914,22216.621542930603,40696.36229668558,85139.24247930951
greedy|2021|10000|all,20,2024,roro,561,11933.141362190248,15634.034242153168,21031.725442409515,30886.202436447144,93625.29968738556
greedy|2021|10000|all,20,2025,all,17006,7060.6681653261185,12712.154450893402,20944.931411743164,33268.72061475366,61132.42559671402
greedy|2021|10000|all,20,2025,container,2779,4218.765247025341,8888.900713205338,16189.59371995926,44452.830246925354,115164.0704463005
greedy|2021|10000|all,20,2025,bulk,6820,10673.83093879223,17339.538814783096,23208.54009103775,33443.03822758794,49021.963655376436
greedy|2021|10000|all,20,2025,tanker,4099,5125.191758155823,9937.137024641037,16347.353185653688,26011.170646190643,44696.88309717181
greedy|2021|10000|all,20,2025,gas,951,9249.59789443016,16083.626675128937,27228.854950904846,49510.916226387024,88864.11147880554
greedy|2021|10000|all,20,2025,general,1769,8260.219012260437,12915.924713611605,21833.77886724472,36956.8092417717,72699.49705921004
greedy|2021|10000|all,20,2025,roro,588,10026.406585222483,15643.219006970523,21106.49055624008,31823.00470608473,75303.49656386385
greedy|2021|10000|bulk,20,2018,all,15321,8632.105916500092,13766.396392345428,21245.118949592117,37225.82788276672,86379.71262800694
greedy|2021|10000|bulk,20,2018,container,2234,7642.278554058075,12628.049773454666,23504.499129891396,89517.32812082767,202375.0964621544
greedy|2021|10000|bulk,20,2018,bulk,6294,8987.353406476976,13898.605884552002,19727.064297437668,27748.241896271706,41303.15499392152
greedy|2021|10000|bulk,20,2018,tanker,3798,7430.924264621734,12710.994252294302,20624.073221683502,36367.756763756275,74332.63516550066
greedy|2021|10000|bulk,20,2018,gas,820,9694.673391866683,16388.4098457098,28331.88355731964,53033.539225682616,100098.03696575166
greedy|2021|10000|bulk,20,2018,general,1646,9843.928220659494,15513.202629089355,25761.201058387756,58908.74838578701,149525.96118927002
greedy|2021|10000|bulk,20,2018,roro,529,14231.779032865166,21130.861247062683,31456.876515626907,66764.852039814,203920.69539833063
greedy|2021|10000|bulk,20,2019,all,15502,9192.000310039522,14758.27519929409,23361.58571577072,44178.05093073845,108982.60468344686
greedy|2021|10000|bulk,20,2019,container,2209,7937.410513591767,13446.360038757324,30556.73248577118,120260.34629392624,240651.04368081098
greedy|2021|10000|bulk,20,2019,bulk,6371,9444.767268180847,14645.305205106735,20841.42575144768,30561.989328861237,48446.19938135147
greedy|2021|10000|bulk,20,2019,tanker,3924,8048.540485954285,13583.63918185234,23038.476660370827,43542.80233848095,86237.91888859881
greedy|2021|10000|bulk,20,2019,gas,874,11215.257780021428,18154.510211706158,31600.84635066986,62719.44921436906,125586.08699936871
greedy|2021|10000|bulk,20,2019,general,1607,11279.517134284972,18415.71047769487,32329.54374864697,83100.38589251041,176444.92269173876
greedy|2021|10000|bulk,20,2019,roro,517,17003.462696743012,23593.471803188324,34153.666889190674,93898.8159995079,256242.28139519715
greedy|2021|10000|bulk,20,2020,all,15740,9219.197088837625,14681.01361310482,22836.14271712303,43599.23835670948,121311.85447797782
greedy|2021|10000|bulk,20,2020,container,2212,8199.994161605835,14035.468780040741,34368.73892892897,138302.27198123932,282004.4610261919
greedy|2021|10000|bulk,20,2020,bulk,6573,9771.540845870972,14469.459519863129,20482.099935531616,29290.97886323929,45190.85876436234
greedy|2021|10000|bulk,20,2020,tanker,3944,7827.936185312271,13456.313902020454,22357.775713920593,45190.81351840496,100177.86197681431
greedy|2021|10000|bulk,20,2020,gas,913,10645.795421624183,17784.557047843933,30824.763225078583,64805.1841250658,140354.53580970765
greedy|2021|10000|bulk,20,2020,general,1592,11157.075963664058,18172.22062253952,32824.5956184417,91618.85351018421,206075.19441285147
greedy|2021|10000|bulk,20,2020,roro,506,14417.24290779978,21969.47510355711,32517.004026651382,97667.26747593284,287466.8031537533
greedy|2021|10000|bulk,20,2021,all,16620,9880.095628023148,15185.201691508293,23272.639277935028,44778.7064435482,128634.42838650942
greedy|2021|10000|bulk,20,2021,container,2505,9244.04271478653,15507.803137779236,34919.25400018692,142470.87405490875,283259.60097026825
greedy|2021|10000|bulk,20,2021,bulk,6773,10440.80840024948,14987.417512893677,20815.92452287674,29427.07126569748,45552.85741405487
greedy|2021|10000|bulk,20,2021,tanker,4085,7441.536906814576,12836.15258216858,22400.801964521408,44891.87870025635,101333.04132158752
greedy|2021|10000|bulk,20,2021,gas,977,13068.339083099365,18972.7791223526,33467.35619735718,66473.80057811737,134087.450763607
greedy|2021|10000|bulk,20,2021,general,1751,11999.17942905426,18454.46739578247,32932.42144155502,96346.4524692297,206945.1524810791
greedy|2021|10000|bulk,20,2021,roro,529,16053.183853530883,22239.230979204174,32187.093993902206,94074.08885502817,357124.63119549747
greedy|2021|10000|bulk,20,2022,all,17691,9320.972188472748,14752.685551822186,22697.50044059753,44276.869287610054,126599.34534084795
greedy|2021|10000|bulk,20,2022,container,2890,8398.470261716844,14502.454922914505,30239.661974668503,128516.8433046639,268705.42944580317
greedy|2021|10000|bulk,20,2022,bulk,7090,9860.012283802032,14736.605821043253,20589.673224925995,28838.441552639004,45344.466266250645
greedy|2021|10000|bulk,20,2022,tanker,4229,7374.056005859375,12600.313603401184,21211.05435657501,43597.48201870918,101610.22498300075
greedy|2021|10000|bulk,20,2022,gas,991,12493.93300151825,17914.314487457275,35662.377489089966,74809.45870614052,137419.24095535278
greedy|2021|10000|bulk,20,2022,general,1884,11479.31960515976,17999.769733667374,31815.680678844452,88091.30487090349,204863.6542340279
greedy|2021|10000|bulk,20,2022,roro,607,14466.330418014528,21585.69393911958,32262.848707437515,82690.1852709055,315099.3296991272
greedy|2021|10000|bulk,20,2023,all,17714,9181.049364943803,14518.49516814947,22753.875462770462,45261.1601433754,124092.2999815703
greedy|2021|10000|bulk,20,2023,container,2948,7951.41120685339,14347.382745802402,33678.23677325249,124758.0539946556,259805.22020947942
greedy|2021|10000|bulk,20,2023,bulk,7061,9686.008958101273,14437.550251483915,20268.90417289734,28264.034379005432,44684.4471912384
greedy|2021|10000|bulk,20,2023,tanker,4262,7906.86450610161,12565.756058812141,21565.72512769699,43534.98904585838,95173.08737220765
greedy|2021|10000|bulk,20,2023,gas,993,12293.614559841157,19395.04381942749,39000.21442222595,85451.57109928131,146361.23859100346
greedy|2021|10000|bulk,20,2023,general,1849,11532.389436149597,18100.03672504425,31933.559470176697,86093.21603250504,197763.79201145173
greedy|2021|10000|bulk,20,2023,roro,601,14479.196286723018,21044.51877117157,30412.46283531189,85544.66653957963,311654.9751980975
greedy|2021|10000|bulk,20,2024,all,16746,9054.936771214008,15213.089367344975,24064.89219903946,46818.52216255665,118247.05243468285
greedy|2021|10000|bulk,20,2024,container,2715,7622.811869621277,15221.265903800726,39494.3638458252,118593.07825064659,247610.32118648285
greedy|2021|10000|bulk,20,2024,bulk,6665,9600.537752211094,15025.860233068466,21164.35768795013,29815.95310389996,45951.67599639893
greedy|2021|10000|bulk,20,2024,tanker,4087,6957.775352096558,13026.69697856903,22735.37781047821,43797.865460038185,88013.07858772279
greedy|2021|10000|bulk,20,2024,gas,951,12168.100719094276,21985.841003894806,42443.48389911652,88174.31374883652,147715.9721775055
greedy|2021|10000|bulk,20,2024,general,1767,11324.401779890062,18316.325138807297,32753.10849714279,82462.55810925364,187977.74350328447
greedy|2021|10000|bulk,20,2024,roro,561,16444.908670425415,22337.37838983536,34354.48100531101,83471.01836633682,298049.6536296606
greedy|2021|10000|bulk,20,2025,all,17006,9150.272098183632,15357.487238168716,23922.127145409584,43507.56217378378,101632.52961773425
greedy|2021|10000|bulk,20,2025,container,2779,8219.516799657793,17406.420805454254,40764.95331907272,101211.01178866625,212807.6610744477
greedy|2021|10000|bulk,20,2025,bulk,6820,9771.07072994709,15399.336120873688,21081.66714143753,29578.61123132706,43211.32249217034
greedy|2021|10000|bulk,20,2025,tanker,4099,6534.062697792054,12622.313909769058,21528.769735336304,39926.965293854475,76503.85068659786
greedy|2021|10000|bulk,20,2025,gas,951,11389.637659072876,21899.751625061035,40447.69127750397,78169.4467215538,129750.04021644592
greedy|2021|10000|bulk,20,2025,general,1769,11390.998997330666,18353.83671665192,30673.29593785107,67804.95519256592,166919.7603912354
greedy|2021|10000|bulk,20,2025,roro,588,15453.874701710045,23817.157581090927,35558.096740961075,78337.37288305163,262586.84366949915
greedy|2021|10000|container,20,2018,all,15321,6901.990946292877,13215.410202026367,23497.142957806587,39633.91330051422,70050.27093172073
greedy|2021|10000|container,20,2018,container,2234,3692.979874704778,6435.852297663689,9753.178384065628,18879.979963421825,80227.81344299244
greedy|2021|10000|container,20,2018,bulk,6294,12759.307741546632,20679.914022088047,29764.774758815765,44819.827497422695,70553.53243870732
greedy|2021|10000|container,20,2018,tanker,3798,6849.329078185559,12292.519458651543,20037.635255098343,32502.62103009224,57037.721934497364
greedy|2021|10000|container,20,2018,gas,820,9052.15646865666,16718.54799938202,29917.89497578144,58543.35880064964,113902.39076670409
greedy|2021|10000|container,20,2018,general,1646,7702.11240363121,13309.351917982101,21737.58095961809,35653.56539428234,70008.75322389603
greedy|2021|10000|container,20,2018,roro,529,9337.037793958187,15091.314463615416,23451.452417373657,35397.83250617981,69291.50036506653
greedy|2021|10000|container,20,2019,all,15502,7591.08314933777,14352.23410320282,26706.662162691355,46916.39316928387,84202.7466072708
greedy|2021|10000|container,20,2019,container,2209,3395.915283441543,6442.747519493103,9950.917897224426,20334.122024804357,103241.12006280424
greedy|2021|10000|container,20,2019,bulk,6371,13879.807920455933,23001.70495223999,33861.385575175285,51819.98270380497,81802.3140258789
greedy|2021|10000|container,20,2019,tanker,3924,7889.8645916104315,13116.584055185318,21967.898227632046,37378.93716752529,66029.3656496048
greedy|2021|10000|container,20,2019,gas,874,10357.138428354263,17490.90628100373,32682.157878398895,72226.08401799202,135890.21657309533
greedy|2021|10000|container,20,2019,general,1607,9086.286975097657,14916.883712053299,25883.879857063293,45936.9013440609,90233.83479976656
greedy|2021|10000|container,20,2019,roro,517,9382.61960427314,16347.438935518265,25373.574909210205,43410.7252073288,91201.11836952566
greedy|2021|10000|container,20,2020,all,15740,7809.323799914122,15066.717505097387,26740.913184762,46924.558624506,89953.28165202141
greedy|2021|10000|container,20,2020,container,2212,3294.7682658195495,6407.800395786762,10311.421135902405,20975.904819607735,114440.27516791823
greedy|2021|10000|container,20,2020,bulk,6573,15437.537926387788,23137.731545448303,33414.98291492462,51683.15594100952,85457.16148166657
greedy|2021|10000|container,20,2020,tanker,3944,8007.107615756989,13419.99505507946,22244.903295516968,36990.48750972748,70810.87134790428
greedy|2021|10000|container,20,2020,gas,913,12090.282003021242,18975.396547436718,33963.22716999054,72609.6000623703,140959.89442958834
greedy|2021|10000|container,20,2020,general,1592,8988.508494949341,15091.043335363269,25955.49394023791,48466.05490627885,98398.59797098192
greedy|2021|10000|container,20,2020,roro,506,9286.312936306,16341.98453617096,23895.633255004883,39426.44569182396,95654.68943488598
greedy|2021|10000|container,20,2021,all,16620,8249.218090057373,15321.338296294212,27078.74024105072,46695.5075956583,90943.02962069513
greedy|2021|10000|container,20,2021,container,2505,3903.16708811447,6796.373715400696,10785.08561849594,22052.446700513363,116575.17292639309
greedy|2021|10000|container,20,2021,bulk,6773,16368.05387134552,23651.7419757843,34369.67446708679,52171.18093061447,84466.91460819246
greedy|2021|10000|container,20,2021,tanker,4085,7946.132706308365,13178.430108308792,22186.050415039062,36782.65300512314,69223.55076251029
greedy|2021|10000|container,20,2021,gas,977,13453.092973709106,20584.70259952545,36707.381481170654,74020.34072303772,149483.38608703614
greedy|2021|10000|container,20,2021,general,1751,10165.731747627258,15644.338110297918,25450.682673454285,46831.40272188187,94766.0911884308
greedy|2021|10000|container,20,2021,roro,529,11283.645900726318,17572.612027049065,25243.93273830414,42095.79069632292,102893.50042586324
greedy|2021|10000|container,20,2022,all,17691,7639.13049697876,14277.468314170837,25285.467267990112,45162.55719661713,87930.8850774765
greedy|2021|10000|container,20,2022,container,2890,4063.8964720726017,6586.649648666383,11126.410827636719,19466.195038416427,109909.6258844286
greedy|2021|10000|container,20,2022,bulk,7090,14796.74984557033,22326.949702441692,32239.5945353508,50495.291637539856,81561.80083889964
greedy|2021|10000|container,20,2022,tanker,4229,7189.293557167053,12894.84805583954,21259.32177639008,34845.88965988159,68154.02904520035
greedy|2021|10000|container,20,2022,gas,991,13863.8632478714,20268.978658393025,37437.56441730261,80927.50603437424,149495.43457078934
greedy|2021|10000|container,20,2022,general,1884,9559.158506143092,14753.440620541573,23930.241062402725,45949.640898525715,94669.18476700784
greedy|2021|10000|container,20,2022,roro,607,9518.330695939065,16421.32940840721,25217.719796180725,41659.98205804825,99094.43920168876
greedy|2021|10000|container,20,2023,all,17714,7543.523094254732,13965.336495757103,25070.154567480087,45027.3176574707,87200.18591427804
greedy|2021|10000|container,20,2023,container,2948,3743.112506210804,6521.345635831356,11216.579471290112,21649.882881921716,110064.87675081457
greedy|2021|10000|container,20,2023,bulk,7061,13847.13283252716,21996.479041576385,32192.20794200897,49953.26831817627,81227.13448286057
greedy|2021|10000|container,20,2023,tanker,4262,7572.918051743507,12655.122927844526,21042.649871587753,34869.35280290246,69135.23950223923
greedy|2021|10000|container,20,2023,gas,993,14969.713377910852,21339.052906036377,40698.28349351883,81547.5298871994,145327.61934375777
greedy|2021|10000|container,20,2023,general,1849,9145.783562743665,14388.325291633606,24228.418813705444,45017.03524112701,92248.21653499604
greedy|2021|10000|container,20,2023,roro,601,11946.25217819214,16453.979201436043,23836.197249650955,39969.53162956238,88439.84810090065
greedy|2021|10000|container,20,2024,all,16746,7654.1942501068115,14717.373770475388,26655.643666267395,47846.69483423233,89355.41346359253
greedy|2021|10000|container,20,2024,container,2715,4020.5791155815136,6793.659176707268,12154.307304382324,24578.232769072056,112400.03324203477
greedy|2021|10000|container,20,2024,bulk,6665,14032.123649072653,22608.00900745392,33448.43872356415,51736.83793735504,82106.35946960452
greedy|2021|10000|container,20,2024,tanker,4087,6874.667863273621,13025.323236227036,22763.509137153625,38306.39052283764,72277.593050766
greedy|2021|10000|container,20,2024,gas,951,15745.183953881264,23528.175909996033,46437.60539805889,88501.41238069534,149685.18263053894
greedy|2021|10000|container,20,2024,general,1767,9088.613622438908,14966.620187044144,25248.77143096924,47245.91201043129,92006.46498775485
greedy|2021|10000|container,20,2024,roro,561,13361.19052696228,17549.591650009155,25424.609667241573,43428.84159851074,94126.66822052002
greedy|2021|10000|container,20,2025,all,17006,7980.019496560097,14883.451223373415,26338.554551184177,45234.97595453262,81104.31025886536
greedy|2021|10000|container,20,2025,container,2779,4461.570072460175,7511.026903390884,12746.388929367064,24435.264632165432,93672.15849387665
greedy|2021|10000|container,20,2025,bulk,6820,13825.83131184578,22580.283656835552,33102.75155830383,49329.067157268524,75062.70348224642
greedy|2021|10000|container,20,2025,tanker,4099,6439.368610541523,13165.77085569501,22497.237984657288,36839.56713318825,66846.92970552453
greedy|2021|10000|container,20,2025,gas,951,13994.772652626038,22586.42006015778,42452.16067171097,80790.44820177555,138621.88723301888
greedy|2021|10000|container,20,2025,general,1769,9521.464893531798,14815.851460695269,24742.00343799591,42627.14060688019,83380.6346485138
greedy|2021|10000|container,20,2025,roro,588,11442.443454599383,17255.58535695076,25411.396907031536,41273.55706071854,84724.24149527558
greedy|2021|5000|all,20,2018,all,15321,6389.9042019844055,11811.298203468325,20670.374901771545,34112.27350330353,63261.30981993675
greedy|2021|5000|all,20,2018,container,2234,3327.400365304947,7220.905265212059,12237.37708580494,26301.61647337675,122168.46152584555
greedy|2021|5000|all,20,2018,bulk,6294,8741.119389632344,16752.156543821096,23235.52839899063,35685.044245004654,56559.61891574859
greedy|2021|5000|all,20,2018,tanker,3798,5657.284684705735,10557.536806881428,18646.051916599274,29664.329287052155,52309.118604993826
greedy|2021|5000|all,20,2018,gas,820,7855.805333869159,14334.876491680741,23745.591584205627,42713.60114210844,82566.69822680952
greedy|2021|5000|all,20,2018,general,1646,6443.186956495047,10821.036162734032,19484.778431415558,35192.09198868647,69142.67915940285
greedy|2021|5000|all,20,2018,roro,529,8875.264329624177,13905.743422985077,22231.82699972391,33025.91864156723,83070.33761391637
greedy|2021|5000|all,20,2019,all,15502,6774.05408680439,12711.092775404453,22667.316757142544,39936.3292825222,77747.62237133979
greedy|2021|5000|all,20,2019,container,2209,3113.7953815460205,7421.35243833065,13502.302989602087,50526.65232753754,161213.6900759697
greedy|2021|5000|all,20,2019,bulk,6371,9165.13956451416,17836.99771118164,25261.98433303833,40783.25853204727,64476.01312828064
greedy|2021|5000|all,20,2019,tanker,3924,6251.906167411804,11353.371959328651,20602.148427009583,34766.01089143753,62819.131398105645
greedy|2021|5000|all,20,2019,gas,874,8787.827462387086,16032.324921250343,26272.69986653328,50899.17244547606,100953.4705193043
greedy|2021|5000|all,20,2019,general,1607,6825.557676219941,11741.85991846025,22346.3375082016,42589.03539210558,87100.81807470326
greedy|2021|5000|all,20,2019,roro,517,9477.75029888153,15932.6112408638,23423.71859178506,39661.27196741104,110041.03195152296
greedy|2021|5000|all,20,2020,all,15740,6894.535931873323,13039.470996439457,22475.376648187637,38972.80850148201,82543.2648112655
greedy|2021|5000|all,20,2020,container,2212,3041.723853287101,7289.9140647649765,13372.929967269301,46885.70549082756,181275.03244581222
greedy|2021|5000|all,20,2020,bulk,6573,10053.32983913422,18019.325144290924,24729.918555259705,39144.93079042435,64547.48942337037
greedy|2021|5000|all,20,2020,tanker,3944,6230.110677409172,11432.38362556696,19759.805227279663,33353.86220371723,66428.57639608385
greedy|2021|5000|all,20,2020,gas,913,9756.420384597779,16964.94964504242,26737.223279953003,54355.74592930079,112757.45379035492
greedy|2021|5000|all,20,2020,general,1592,6374.445369052887,11226.888276815414,22834.55789422989,43441.95660427213,97664.76668833503
greedy|2021|5000|all,20,2020,roro,506,9544.99427229166,14271.80379452184,23104.552586078644,39597.210352659225,129942.49703291246
greedy|2021|5000|all,20,2021,all,16620,7047.558238434792,12949.817185163498,22573.98159134388,39318.38116598129,82964.08062868123
greedy|2021|5000|all,20,2021,container,2505,3179.6179299592973,7713.162633895874,13144.553346633911,40722.06354045868,178995.58520935764
greedy|2021|5000|all,20,2021,bulk,6773,10965.746036338807,18429.22271633148,25302.214668512344,40153.38074874878,65532.46712493898
greedy|2021|5000|all,20,2021,tanker,4085,5919.742667675019,10813.47748851776,19547.156454086304,32795.82957458496,65350.663701629644
greedy|2021|5000|all,20,2021,gas,977,11856.487058639528,18380.95618534088,29633.898156642917,59598.84849452973,119688.47674465177
greedy|2021|5000|all,20,2021,general,1751,7158.423933353275,11355.316076517105,21316.6076618433,40996.27517223358,93030.94888973236
greedy|2021|5000|all,20,2021,roro,529,9295.591305923463,15634.232539653778,23704.78874731064,39332.94703006744,119198.43398334978
greedy|2021|5000|all,20,2022,all,17691,6288.22579562664,12217.063430786133,21407.898294210438,38000.391204833984,80676.19811439514
greedy|2021|5000|all,20,2022,container,2890,3189.244643831253,6673.273373603821,13084.579402685165,28172.448273599148,166771.73144960403
greedy|2021|5000|all,20,2022,bulk,7090,9614.294450569154,17518.645057201385,24234.013992786407,38445.41961681843,62743.70786285403
greedy|2021|5000|all,20,2022,tanker,4229,5634.18731853962,10345.783626556396,18679.308995246887,32938.429763793945,67127.51324005134
greedy|2021|5000|all,20,2022,gas,991,11649.41388130188,17455.550552845,29825.03265285492,62927.87929606438,125316.53394889832
greedy|2021|5000|all,20,2022,general,1884,6612.174364000559,11053.730980038643,20669.73950624466,41808.0707205981,94247.7411606312
greedy|2021|5000|all,20,2022,roro,607,8708.242089176178,14820.622554719448,22300.281234502792,38002.989649534225,109219.11866522118
greedy|2021|5000|all,20,2023,all,17714,6010.525406551362,11941.056750535965,21380.311861991882,38342.18546807766,81489.67269139293
greedy|2021|5000|all,20,2023,container,2948,3086.6473014742137,6269.954009205103,13221.398029565811,31148.493337869644,151208.9869911194
greedy|2021|5000|all,20,2023,bulk,7061,8978.295607566833,17021.09196329117,23638.66965675354,37123.14069747925,61796.42878198624
greedy|2021|5000|all,20,2023,tanker,4262,5783.225480818748,10270.627511024475,18891.385388612747,34622.45427262783,72738.6140262127
greedy|2021|5000|all,20,2023,gas,993,11191.791331171988,17589.60507965088,33019.278126716614,66521.29977798462,128725.06649818427
greedy|2021|5000|all,20,2023,general,1849,5903.254558360578,10731.121470451357,21154.248412132263,42995.667934417725,89600.09993577008
greedy|2021|5000|all,20,2023,roro,601,9570.806910276411,14891.89163017273,22170.28738117218,38068.266088724136,108454.1588087082
greedy|2021|5000|all,20,2024,all,16746,5991.615886688232,12021.145680069923,22333.97475171089,40391.17782020569,84023.80780363083
greedy|2021|5000|all,20,2024,container,2715,3102.584857177734,6568.591447353363,13982.262533187866,37879.43741726875,146789.13995313644
greedy|2021|5000|all,20,2024,bulk,6665,8843.59215707779,17320.0252494812,24259.8002576828,38406.09842014313,63587.35847978592
greedy|2021|5000|all,20,2024,tanker,4087,5318.503645443917,10283.807117819786,20039.843459129333,37382.17474067211,75949.7185901642
greedy|2021|5000|all,20,2024,gas,951,10250.199854373932,19079.126086711884,37293.88869762421,74415.39066791534,131161.62897491455
greedy|2021|5000|all,20,2024,general,1767,5887.02502117157,10434.213190346956,21975.936505317688,44527.72750163078,90350.32738785744
greedy|2021|5000|all,20,2024,roro,561,10163.320369362831,15696.942621707916,22731.137531757355,41342.92265558243,122875.85833334924
greedy|2021|5000|all,20,2025,all,17006,6163.22637423221,12255.050369888546,22218.96524000168,38350.82849252224,73720.91189360619
greedy|2021|5000|all,20,2025,container,2779,3350.9161348819734,7461.604350686073,14895.556632995604,36017.60476022959,123721.79724655159
greedy|2021|5000|all,20,2025,bulk,6820,8895.356346994638,17227.008432507515,23832.137092351913,37144.72215414047,57978.976641655034
greedy|2021|5000|all,20,2025,tanker,4099,5109.610522079468,10415.644003033638,19649.40033721924,34778.52081871033,67309.95698776245
greedy|2021|5000|all,20,2025,gas,951,9602.268009856343,18837.207790374756,36037.66352367401,70141.5975689888,112806.735165596
greedy|2021|5000|all,20,2025,general,1769,6458.216332149505,10728.608295679092,21142.75658607483,39311.76089811325,78873.77295866013
greedy|2021|5000|all,20,2025,roro,588,9313.242230963708,15814.522379994392,23641.66815507412,39787.16503714024,100370.35201933092
greedy|2021|5000|bulk,20,2018,all,15321,7555.690340995789,17622.711770534515,31314.357801437374,73959.27189254761,185538.559325099
greedy|2021|5000|bulk,20,2018,container,2234,4516.995504057408,14919.557705879211,41425.866772800684,154804.4983663559,333276.3835639477
greedy|2021|5000|bulk,20,2018,bulk,6294,7611.988259220124,17664.37319946289,26627.325704097748,49682.3535220623,96219.11602249145
greedy|2021|5000|bulk,20,2018,tanker,3798,7713.52080230713,16905.640145510435,32829.130190849304,80604.11896640062,178894.21144500986
greedy|2021|5000|bulk,20,2018,gas,820,8589.025485908986,20874.398564577103,46067.88845205307,106183.94732952118,240818.84719696047
greedy|2021|5000|bulk,20,2018,general,1646,8261.763407178223,18228.551029354334,42191.59799556807,116860.02771224454,282921.8984093666
greedy|2021|5000|bulk,20,2018,roro,529,11859.615842056275,23308.09010577202,36426.77302694321,75728.97795581818,237345.60102515222
greedy|2021|5000|bulk,20,2019,all,15502,8088.226696300507,19507.376880049706,38181.29421746731,94687.37320637703,216255.7385132551
greedy|2021|5000|bulk,20,2019,container,2209,4750.745004272461,19236.992659568787,62030.913776397705,199306.15758132932,368219.2998763084
greedy|2021|5000|bulk,20,2019,bulk,6371,7720.937164306641,18507.72169733047,30441.69381904602,59381.49127352238,116149.60047483444
greedy|2021|5000|bulk,20,2019,tanker,3924,8370.651860380174,18977.456932663918,41487.071850538254,99130.91437590124,196804.5769120217
greedy|2021|5000|bulk,20,2019,gas,874,12261.514962768555,27992.69293928146,61546.594891786575,136037.7351320386,266514.38347959524
greedy|2021|5000|bulk,20,2019,general,1607,10122.661211395263,23900.61253190041,56610.36646974087,137374.79344046116,302001.90690498357
greedy|2021|5000|bulk,20,2019,roro,517,13213.782125598193,26738.146291732788,41337.52129125595,115919.4217877388,284288.6796072245
greedy|2021|5000|bulk,20,2020,all,15740,7979.730009365082,19317.857326984406,36783.408313035965,105136.18647277355,236024.7166776419
greedy|2021|5000|bulk,20,2020,container,2212,4652.725836277008,17490.183529376984,60263.821903944016,231230.84325516227,389014.63565008645
greedy|2021|5000|bulk,20,2020,bulk,6573,7846.571018791199,18262.168860197067,28417.77539730072,58189.983041763306,129071.06684107782
greedy|2021|5000|bulk,20,2020,tanker,3944,8197.890797710419,18399.76381868124,41130.80543041229,115867.54186725616,219198.4977702857
greedy|2021|5000|bulk,20,2020,gas,913,12277.892595291138,28209.56031513214,64986.76898479462,154683.65301036835,302704.363594723
greedy|2021|5000|bulk,20,2020,general,1592,9896.227869951726,23405.43600082397,63431.71855592728,163231.3385410905,321233.5811531666
greedy|2021|5000|bulk,20,2020,roro,506,11926.778470993042,23884.571011781693,38221.1999001503,124156.90097224712,326244.7957544327
greedy|2021|5000|bulk,20,2021,all,16620,8628.779233884812,19503.642380833626,38014.446219563484,108999.24789094925,247207.48399751188
greedy|2021|5000|bulk,20,2021,container,2505,5286.9682877779005,19052.627098083496,65501.11810398102,242632.94834327695,392685.62545332895
greedy|2021|5000|bulk,20,2021,bulk,6773,8956.256965589524,19439.23750019073,29926.598706245422,61476.56565284729,139000.7603639603
greedy|2021|5000|bulk,20,2021,tanker,4085,7564.561123657227,16762.342438697815,41053.27559089661,121087.59689974783,230059.84493513106
greedy|2021|5000|bulk,20,2021,gas,977,13308.067538672689,31299.92394542694,70599.79087543488,166106.54338359833,310535.86139202106
greedy|2021|5000|bulk,20,2021,general,1751,10252.32470858097,22548.149722337723,55286.00098544359,166657.3701385185,316129.6434621811
greedy|2021|5000|bulk,20,2021,roro,529,11949.992643642427,24397.183923721317,37102.84592151642,119452.28012299538,376949.4484874843
greedy|2021|5000|bulk,20,2022,all,17691,8023.011073112488,18545.180256962776,36550.41464185715,103928.55792427063,242290.28697681427
greedy|2021|5000|bulk,20,2022,container,2890,5130.087389516831,13365.981981515884,46507.85812830925,220095.7619856596,376332.60889661894
greedy|2021|5000|bulk,20,2022,bulk,7090,8567.148810338975,18972.263022661205,30264.790009975433,60274.14387458563,127781.28407135015
greedy|2021|5000|bulk,20,2022,tanker,4229,7375.901416492461,16494.119864940643,39262.09944915772,119705.8950805664,229785.60325407988
greedy|2021|5000|bulk,20,2022,gas,991,12177.538141697643,30246.061470746994,75697.14079618454,170001.91614341736,308701.5120358467
greedy|2021|5000|bulk,20,2022,general,1884,9887.346094799042,20433.824169397354,50458.2101559639,152335.18306156993,309199.9401467324
greedy|2021|5000|bulk,20,2022,roro,607,11684.105931186676,22715.365039646626,35706.39495372772,85953.8233063221,325888.84961695655
greedy|2021|5000|bulk,20,2023,all,17714,8140.862532234192,18582.45361340046,35423.76524972916,102593.34274987878,237040.23600134894
greedy|2021|5000|bulk,20,2023,container,2948,4748.875381183624,13365.607602119446,51050.114917993546,211300.211984247,364879.53592664003
greedy|2021|5000|bulk,20,2023,bulk,7061,8727.101745188236,18739.285452842712,28622.06281375885,55889.9599609375,117247.39972496033
greedy|2021|5000|bulk,20,2023,tanker,4262,8235.997124004365,17087.282353281975,41649.68167972565,119337.32800337672,225926.29978818898
greedy|2021|5000|bulk,20,2023,gas,993,12586.543072009086,29089.676330566406,78677.70855426788,167119.96229928732,306970.80546722416
greedy|2021|5000|bulk,20,2023,general,1849,9996.039856529236,22124.108456611637,52106.21483516693,154542.12585878372,305522.3911893845
greedy|2021|5000|bulk,20,2023,roro,601,12565.42590034008,22332.111011505127,34586.12312626839,85921.1661157608,304310.2347404361
greedy|2021|5000|bulk,20,2024,all,16746,7865.638635754585,18335.92198097706,34131.235919713974,95479.9847626686,223288.7010166645
greedy|2021|5000|bulk,20,2024,container,2715,4957.071371126176,14438.4138379395,57072.89222347736,196400.726672858,352728.2381599426
greedy|2021|5000|bulk,20,2024,bulk,6665,8777.706915104389,18608.10351550579,27351.24195957184,51979.77563285828,105453.64568901068
greedy|2021|5000|bulk,20,2024,tanker,4087,7105.95847606659,15988.868740677834,40465.99274635315,108392.58804014325,213861.75081005102
greedy|2021|5000|bulk,20,2024,gas,951,11024.150164544582,28222.277047634125,69487.21909999847,157556.0794324875,299021.64561367035
greedy|2021|5000|bulk,20,2024,general,1767,9706.679404067996,19798.554488658905,47053.16612911224,143072.73307815194,300325.07735185936
greedy|2021|5000|bulk,20,2024,roro,561,13928.093042850494,22648.3663738966,34932.73278141022,90911.03313350676,294108.36753320694
greedy|2021|5000|bulk,20,2025,all,17006,7791.389986038208,17883.918578863144,33201.73242878914,79805.23638725281,191036.02331781387
greedy|2021|5000|bulk,20,2025,container,2779,5259.440636765957,15676.355535507202,51553.15410217643,149638.7009818554,306967.7115868332
greedy|2021|5000|bulk,20,2025,bulk,6820,8764.096772193909,18366.912317037582,27050.74927330017,47609.53003239632,88068.9285985947
greedy|2021|5000|bulk,20,2025,tanker,4099,6842.564741134644,15094.278777122498,36726.21589279175,90600.31200432777,193624.91046142584
greedy|2021|5000|bulk,20,2025,gas,951,10934.272385597227,26947.265424728394,61941.89149093628,127760.43623358011,260927.64823007584
greedy|2021|5000|bulk,20,2025,general,1769,9771.507590103149,18494.31986886263,41572.48347389698,119372.49551725388,281229.52107912005
greedy|2021|5000|bulk,20,2025,roro,588,12614.425402331353,22904.668354962025,35742.476181700826,81568.23405128717,262341.2429485144
greedy|2021|5000|container,20,2018,all,15321,6630.676538944244,14437.015975475311,26458.300454616547,45685.26153039932,82477.51238441467
greedy|2021|5000|container,20,2018,container,2234,2970.2973153591156,5710.692678682506,12733.848643541336,24287.82908332348,122672.38457591536
greedy|2021|5000|container,20,2018,bulk,6294,11950.909467554093,21305.413059301678,31182.380197048187,47644.15092318505,72297.43219468593
greedy|2021|5000|container,20,2018,tanker,3798,6812.385888671875,13316.954263567924,24517.571539640427,43108.67435771227,76789.66086131337
greedy|2021|5000|container,20,2018,gas,820,10002.557897424698,18563.461877584457,37044.758999586105,63158.66907739639,126658.32660309081
greedy|2021|5000|container,20,2018,general,1646,6721.356536097825,12450.6652084589,25470.769555091858,45846.74975524284,90360.25019145012
greedy|2021|5000|container,20,2018,roro,529,8094.644445574284,14885.943746089935,25507.75467967987,39720.269163131714,96579.7933891803
greedy|2021|5000|container,20,2019,all,15502,7142.265294218064,16180.795897126198,30601.069799423218,54800.1320886612,98265.63684775827
greedy|2021|5000|container,20,2019,container,2209,2917.3186938524245,5617.261399269104,13273.852442741394,36815.148617744446,152282.91307859425
greedy|2021|5000|container,20,2019,bulk,6371,13177.836679458618,23373.80650138855,35584.985754966736,55410.60515463352,84795.55468654633
greedy|2021|5000|container,20,2019,tanker,3924,7722.472441387176,14880.373372733593,27605.544844150543,50543.74006521702,85559.06241593363
greedy|2021|5000|container,20,2019,gas,874,11707.267620943487,22698.78299248219,44410.18470990658,83970.22630929947,163165.32766933445
greedy|2021|5000|container,20,2019,general,1607,7574.777260002495,14433.50946521759,30529.75085330009,58968.85214138032,112402.56332416536
greedy|2021|5000|container,20,2019,roro,517,9024.610390377045,18237.76518511772,27430.304857969284,43770.59772348404,122641.44941167832
greedy|2021|5000|container,20,2020,all,15740,7452.904978863896,16560.335533559322,30162.337751865387,55672.79198336601,105793.9817711115
greedy|2021|5000|container,20,2020,container,2212,2744.743513154984,5491.754272453487,13127.990837812424,31361.149438872933,174457.04245761456
greedy|2021|5000|container,20,2020,bulk,6573,14508.185630607604,23508.434425354004,34969.30909824371,55900.20014572144,89053.0556394577
greedy|2021|5000|container,20,2020,tanker,3944,7795.031800675392,14711.021896660326,26824.632518291473,50258.0875184536,95282.35541100513
greedy|2021|5000|container,20,2020,gas,913,13023.914967393877,24100.67521429062,46147.76310491562,91906.61431884766,175587.7995405198
greedy|2021|5000|container,20,2020,general,1592,7056.632478749007,14847.391202509401,31152.688624978065,63243.354311227806,121114.35944089892
greedy|2021|5000|container,20,2020,roro,506,8351.847087860107,15295.673007071018,26310.590122699738,42535.0439209342,140868.93273174763
greedy|2021|5000|container,20,2021,all,16620,7900.47817401886,16667.462349534035,30667.87221097946,55885.968049645424,107734.5519098521
greedy|2021|5000|container,20,2021,container,2505,2895.490378880501,6278.064092159271,13342.250554084778,32401.01438561827,168614.76699361796
greedy|2021|5000|container,20,2021,bulk,6773,15788.513692665101,24101.312307357788,36708.87764263153,56931.7900775671,90154.6753333092
greedy|2021|5000|container,20,2021,tanker,4085,7692.965832710266,14165.123816490172,26284.08682346344,49675.94170475006,94382.65733299254
greedy|2021|5000|container,20,2021,gas,977,14163.841974663736,27486.383332252502,50634.60263347626,94081.05377548932,189820.17479057313
greedy|2021|5000|container,20,2021,general,1751,8138.088715791702,14503.630303800106,29162.3648673296,58442.3298093006,119244.84871880151
greedy|2021|5000|container,20,2021,roro,529,8411.444721221924,16630.137259483337,28629.462485313416,46284.98063135147,152003.4997758865
greedy|2021|5000|container,20,2022,all,17691,6650.574312210083,15235.405670940876,28500.839228630062,53519.11743927002,104794.55098617075
greedy|2021|5000|container,20,2022,container,2890,2935.047991719842,5410.986002802849,13098.186910539865,24222.444257974625,152055.4348040938
greedy|2021|5000|container,20,2022,bulk,7090,14260.493767052889,23053.30974030495,34591.27486753464,54459.12521588802,86184.01951732636
greedy|2021|5000|container,20,2022,tanker,4229,6779.3370185375215,13592.591500282288,25143.78548169136,48709.55989360809,97535.66600828174
greedy|2021|5000|container,20,2022,gas,991,14059.564536094666,26784.02423429489,51109.13974237442,95551.69295454025,189704.4091653824
greedy|2021|5000|container,20,2022,general,1884,7271.618642416597,13012.199285052717,26792.565287306905,54821.14664423466,121111.92059555055
greedy|2021|5000|container,20,2022,roro,607,8080.6299414634705,16302.647792220116,27996.85456609726,45546.91410201789,114176.1125450611
greedy|2021|5000|container,20,2023,all,17714,6546.418450021744,14942.676588818429,28038.145613387227,52786.36480434238,105026.25857455733
greedy|2021|5000|container,20,2023,container,2948,2898.0581747204064,5095.846929490566,13106.7388920784,25637.074493050575,147898.25139350892
greedy|2021|5000|container,20,2023,bulk,7061,12790.90848684311,22376.760974884037,33118.881524086,52757.28040790558,84793.95829439163
greedy|2021|5000|container,20,2023,tanker,4262,6803.663223695755,13487.432569384575,24673.41959786415,50113.21006017923,99049.07576966289
greedy|2021|5000|container,20,2023,gas,993,15461.694852924347,28758.18025779724,51451.06246083975,101623.07420110704,185836.58666539198
greedy|2021|5000|container,20,2023,general,1849,7096.549800342322,13398.52463722229,27863.42616796493,54581.8561706543,124304.64215402605
greedy|2021|5000|container,20,2023,roro,601,9827.996914625168,16090.553938865662,26535.20438528061,47105.9574213028,113335.29953479768
greedy|2021|5000|container,20,2024,all,16746,6530.741189479828,14996.558335065842,29221.497992038727,55186.87921118736,104171.54148721695
greedy|2021|5000|container,20,2024,container,2715,2829.3042793273926,5562.1773109436035,13477.6498670578,28076.172958374023,146789.13995313644
greedy|2021|5000|container,20,2024,bulk,6665,12399.494982242584,22612.036098480225,34440.56203460693,54966.6358127594,85776.16885013581
greedy|2021|5000|container,20,2024,tanker,4087,6317.419756698609,13520.777010679245,26742.687757492065,53170.21483254433,101041.3357785225
greedy|2021|5000|container,20,2024,gas,951,15972.11093711853,30460.316338181496,55371.43150770664,103153.86664569378,184988.4953775406
greedy|2021|5000|container,20,2024,general,1767,6429.316628760101,13222.157511472702,27672.157252661884,56833.82689118385,116438.36831721068
greedy|2021|5000|container,20,2024,roro,561,11223.319340348244,16895.89111173153,27583.05020904541,48809.989811718464,129985.72819519044
greedy|2021|5000|container,20,2025,all,17006,6748.551564872265,15336.823216199877,29008.664348602295,51810.76148700714,92523.3710463047
greedy|2021|5000|container,20,2025,container,2779,3007.756511092186,6175.052806198597,15093.379042625427,28330.286871135235,116958.27717285184
greedy|2021|5000|container,20,2025,bulk,6820,12689.280385553839,22693.91887807846,34647.77290582657,51868.89181804656,78422.26032843594
greedy|2021|5000|container,20,2025,tanker,4099,5660.332288551331,13300.107369422913,26275.14635658264,49711.85689330102,88953.86160974512
greedy|2021|5000|container,20,2025,gas,951,13329.49794626236,30738.05541086197,53500.33888244629,93826.15562582016,164086.29192447662
greedy|2021|5000|container,20,2025,general,1769,7232.277833080292,12820.00488063693,27303.90032863617,51076.93278980255,101011.14150371552
greedy|2021|5000|container,20,2025,roro,588,9373.423311364651,17441.265605211258,27136.023716688156,45707.3929374218,105983.2602308756
greedy|2021|7000|all,20,2018,all,15321,6295.489451050758,11317.642739772797,19246.51085138321,28826.870888710026,49511.4415538311
greedy|2021|7000|all,20,2018,container,2234,3438.1008195877075,6636.839697241783,11325.205726325512,22301.688009798527,89853.22065958977
greedy|2021|7000|all,20,2018,bulk,6294,9388.725139641763,16257.714227959514,22248.042431354523,31677.338324904442,46974.63237274885
greedy|2021|7000|all,20,2018,tanker,3798,5476.890863335133,9712.35908061266,15543.252184152603,23860.04067993164,37461.56637516025
greedy|2021|7000|all,20,2018,gas,820,7238.572074048221,13009.722040772438,20135.47680425644,37935.96301031113,63152.26675205232
greedy|2021|7000|all,20,2018,general,1646,6649.9508366286755,10938.625684617089,17792.915480852127,28221.099955797195,55731.52971449494
greedy|2021|7000|all,20,2018,roro,529,9411.720980346203,13789.051071166992,21306.682428359985,29862.017684936523,69448.07847747802
greedy|2021|7000|all,20,2019,all,15502,6686.934815764427,12039.760759234427,20740.320882081985,32812.81310796738,59670.42503439782
greedy|2021|7000|all,20,2019,container,2209,3213.9722987532614,6834.907981276512,11876.058863639832,26749.700855970383,110024.21817779544
greedy|2021|7000|all,20,2019,bulk,6371,10017.328249931335,17481.316253840923,23922.613975048065,35584.907428979874,54379.55355787277
greedy|2021|7000|all,20,2019,tanker,3924,6049.75666205883,10345.134495079517,16745.77827143669,25861.898363649845,43607.542649745956
greedy|2021|7000|all,20,2019,gas,874,8405.186778068542,14640.195479869843,23474.719082713127,41970.423380732536,83158.20854657296
greedy|2021|7000|all,20,2019,general,1607,7050.606490516663,11980.854514956474,20463.569710969925,34251.57639068365,70220.50597429276
greedy|2021|7000|all,20,2019,roro,517,9460.181649923325,14529.35798984766,22503.69471263885,34189.71717214584,95821.37860951426
greedy|2021|7000|all,20,2020,all,15740,6776.278472429515,12333.809957385063,20664.75422358513,32593.9267526865,62483.32399406433
greedy|2021|7000|all,20,2020,container,2212,3233.761248588562,6805.854439139366,12140.12619113922,25306.861342251297,122931.38862206935
greedy|2021|7000|all,20,2020,bulk,6573,10887.141070222855,17861.52634048462,23914.2894449234,35289.14105319977,55271.42258701325
greedy|2021|7000|all,20,2020,tanker,3944,5979.2826375484465,10370.133234500885,16504.254650354385,25450.89409863949,43621.361161279696
greedy|2021|7000|all,20,2020,gas,913,8739.76804265976,15893.432049751282,24345.628160476685,44133.88594245911,91084.50933265686
greedy|2021|7000|all,20,2020,general,1592,6506.068614292145,11508.742251962423,20636.89597773552,36336.74083697796,78835.07883493307
greedy|2021|7000|all,20,2020,roro,506,9544.99427229166,13769.72158190608,21297.581958770752,33998.35501331091,111289.4972000122
greedy|2021|7000|all,20,2021,all,16620,7023.731491748989,12551.920845508575,20891.268800735474,33156.08203482628,62537.41994007827
greedy|2021|7000|all,20,2021,container,2505,3735.966052889824,7273.457948684692,12473.260427236555,25052.165786743164,122881.09896621703
greedy|2021|7000|all,20,2021,bulk,6773,11857.631164360046,18253.148473262787,24186.04672241211,36450.349413871765,55834.14073102475
greedy|2021|7000|all,20,2021,tanker,4085,5853.744961166382,10127.389879226685,16380.328156471252,25578.599543571472,43176.10764887333
greedy|2021|7000|all,20,2021,gas,977,10425.239180946352,17308.872982025146,26489.24977684021,45988.52701663971,94438.95410985943
greedy|2021|7000|all,20,2021,general,1751,7555.134969234467,12030.295934200289,20177.464560508728,34827.96688121557,70681.54393339157
greedy|2021|7000|all,20,2021,roro,529,9457.753108882904,15109.885882735252,22201.354866027832,34200.19461154938,104396.90916282534
greedy|2021|7000|all,20,2022,all,17691,6500.28564453125,11930.16437170282,20058.329419136047,31925.851818561558,61153.56410503388
greedy|2021|7000|all,20,2022,container,2890,3781.262305259705,7054.837921619415,12350.819238424301,23013.315871298317,108470.81455550191
greedy|2021|7000|all,20,2022,bulk,7090,10505.547369027137,17316.514880776405,23460.02806043625,34431.26364135742,53243.9319414139
greedy|2021|7000|all,20,2022,tanker,4229,5596.031877565384,9735.00454223156,15932.958374977112,24664.12317085266,44879.023801422154
greedy|2021|7000|all,20,2022,gas,991,10184.579877376556,16447.883240938187,25405.497901916504,49234.651045680046,90937.9778547287
greedy|2021|7000|all,20,2022,general,1884,7244.956730985641,11750.048398472369,20217.577198147774,35844.713075593114,73196.40371645075
greedy|2021|7000|all,20,2022,roro,607,8893.142631101608,13947.948530197144,21182.264145374294,33947.69835078716,97750.62986717222
greedy|2021|7000|all,20,2023,all,17714,6376.704995441437,11689.952108502388,19852.4730989933,31883.061584115025,61907.26819429401
greedy|2021|7000|all,20,2023,container,2948,3551.719157743454,6897.899028748274,12825.15063881874,23552.774854898453,108861.98559695052
greedy|2021|7000|all,20,2023,bulk,7061,9755.722445067018,16667.436762571335,23039.11902457476,33368.88035941124,52640.30655288696
greedy|2021|7000|all,20,2023,tanker,4262,5684.497158145905,9552.240770220755,15634.571521759033,24969.093069314957,47402.58467645646
greedy|2021|7000|all,20,2023,gas,993,10200.30190525055,16972.24946498871,27053.86580562592,50848.87131214142,94146.45005912789
greedy|2021|7000|all,20,2023,general,1849,6657.611021256447,11629.904215335846,20021.640634298325,35428.878973945975,73107.92203861066
greedy|2021|7000|all,20,2023,roro,601,9570.806910276411,14488.65107345581,20865.15623664856,33301.9250459671,99874.0909371376
greedy|2021|7000|all,20,2024,all,16746,6345.106071829796,12013.554772645235,20648.093816280365,33108.55435907841,64453.07093167305
greedy|2021|7000|all,20,2024,container,2715,3701.846249437332,7051.9102284908295,13789.77515888214,25675.513765454292,114940.83375406265
greedy|2021|7000|all,20,2024,bulk,6665,9848.419126421213,17009.522451102734,23309.667622089382,34312.72766971588,53526.44386081698
greedy|2021|7000|all,20,2024,tanker,4087,5268.4257719039915,9734.326911568642,16310.400808811188,26707.27884578705,49800.72061777117
greedy|2021|7000|all,20,2024,gas,951,9495.535247802734,17474.86359834671,28298.51887512207,57299.03632593155,99275.24703884123
greedy|2021|7000|all,20,2024,general,1767,6548.49586288333,11350.766213417053,20945.78348255157,35841.12168160081,78229.91616994744
greedy|2021|7000|all,20,2024,roro,561,11358.285068511965,15497.367502212524,21907.31643986702,38133.009328365326,104842.09992408752
greedy|2021|7000|all,20,2025,all,17006,6481.652800142765,12301.21768116951,20822.52665758133,32556.43811416626,58661.467192173004
greedy|2021|7000|all,20,2025,container,2779,4192.9938191413885,8216.56283402443,15023.4945602417,28569.311935544014,99627.15267257697
greedy|2021|7000|all,20,2025,bulk,6820,10096.149892556667,17222.603630185127,23327.60805106163,33860.15777373314,49990.9410399437
greedy|2021|7000|all,20,2025,tanker,4099,5154.194531536103,9815.099458932877,16252.018731117249,26164.961701631546,44561.18172569276
greedy|2021|7000|all,20,2025,gas,951,9480.70759704709,17436.705681324005,28787.17332983017,52494.56632232666,89181.06500053406
greedy|2021|7000|all,20,2025,general,1769,7106.452598190308,11614.558962345123,20556.543669819832,34425.951251506805,63793.911711215995
greedy|2021|7000|all,20,2025,roro,588,9703.151985216142,15934.014506340027,22379.927535533905,35073.257202386856,90907.92879523041
greedy|2021|7000|bulk,20,2018,all,15321,7516.834469795227,14364.752249717712,25468.62335205078,59448.984882354736,151151.5619544983
greedy|2021|7000|bulk,20,2018,container,2234,4402.933838519454,10050.935790538788,22952.01970076561,118171.68129849434,267457.9431120396
greedy|2021|7000|bulk,20,2018,bulk,6294,8083.620438504219,16097.962109565735,23383.69505214691,41066.862875938416,80579.57695794106
greedy|2021|7000|bulk,20,2018,tanker,3798,6979.842488312722,13367.872891440988,27215.205200731754,70194.87858742476,156562.08031220437
greedy|2021|7000|bulk,20,2018,gas,820,8848.441359737515,19104.387919306755,39334.82232449949,80247.94664019346,181213.34683503807
greedy|2021|7000|bulk,20,2018,general,1646,8090.332349777222,15588.686508536337,36976.06031560898,95820.21258627437,248237.26769009233
greedy|2021|7000|bulk,20,2018,roro,529,11242.182617592813,20057.632600545883,30654.66747236252,61119.253032684326,193038.54778079985
greedy|2021|7000|bulk,20,2019,all,15502,7870.006816822291,16152.182349324225,29673.513860590756,75720.64703953266,181235.65346643917
greedy|2021|7000|bulk,20,2019,container,2209,4703.887900352478,10387.432076454164,24992.79570674896,155528.64697563648,310959.8989982605
greedy|2021|7000|bulk,20,2019,bulk,6371,8300.471413612366,17468.662019848824,25045.713546276093,48227.49554729462,93345.3261127472
greedy|2021|7000|bulk,20,2019,tanker,3924,7567.385563087464,14995.350401466712,33177.24598580599,86676.43768675625,179742.50643348697
greedy|2021|7000|bulk,20,2019,gas,874,11428.715290784838,22347.152961969376,49245.654815137386,108105.13584715128,214726.56970956328
greedy|2021|7000|bulk,20,2019,general,1607,9338.193171930314,20643.90155172348,49746.13284826279,122045.19438326359,277048.2597520829
greedy|2021|7000|bulk,20,2019,roro,517,11958.180170488356,21727.76423740387,34402.0495557785,82795.8767528534,238325.3805972577
greedy|2021|7000|bulk,20,2020,all,15740,8023.276569461823,16203.061311841011,27798.76444631815,81441.07215762138,199021.10476899153
greedy|2021|7000|bulk,20,2020,container,2212,4378.718380737306,11047.348948061466,24242.261311769485,175000.9013859108,334260.7901500702
greedy|2021|7000|bulk,20,2020,bulk,6573,8900.5389128685,17601.730058670044,24283.06146621704,44587.77183628082,101719.98369140628
greedy|2021|7000|bulk,20,2020,tanker,3944,7370.97525434494,14525.371746182442,32023.25606417656,98767.35139352083,196620.54158158312
greedy|2021|7000|bulk,20,2020,gas,913,12553.980805420875,22687.49462413788,48153.98747444153,112136.81267154215,226936.69279518144
greedy|2021|7000|bulk,20,2020,general,1592,9274.14296707958,20142.59789788723,51000.245181418955,144867.82324910164,290697.7510881901
greedy|2021|7000|bulk,20,2020,roro,506,11329.53824687004,20075.129167184234,34183.095301270485,101788.36273545027,271520.0283408165
greedy|2021|7000|bulk,20,2021,all,16620,8451.823919963837,16297.487986207007,29220.565562725067,80184.08632612228,208363.42008867266
greedy|2021|7000|bulk,20,2021,container,2505,5096.312235069276,12631.246975898744,26210.771846055984,174471.29917621613,338607.4730661466
greedy|2021|7000|bulk,20,2021,bulk,6773,9585.14639863968,17854.570649147034,24808.49395751953,45983.02609825134,100811.41614131928
greedy|2021|7000|bulk,20,2021,tanker,4085,6772.411144638062,13469.891101837158,31637.38241291046,98544.08843493462,206106.0928250313
greedy|2021|7000|bulk,20,2021,gas,977,13500.487575912475,25292.843609809875,52285.90439987183,118534.49066352844,260369.06816291803
greedy|2021|7000|bulk,20,2021,general,1751,9775.8481169343,19015.63997220993,46151.89709663391,144260.07376314327,286266.39592998475
greedy|2021|7000|bulk,20,2021,roro,529,11504.647572314741,20894.038707733154,33169.53617143631,89047.25554132462,284819.0750088215
greedy|2021|7000|bulk,20,2022,all,17691,7833.929347991943,15458.194179058075,27860.062523841854,76720.00392627716,204890.10446357727
greedy|2021|7000|bulk,20,2022,container,2890,4759.353283512594,11493.553358197212,23451.515332221985,154247.77379123122,324257.8728839576
greedy|2021|7000|bulk,20,2022,bulk,7090,9057.585230541228,17467.93475036323,24392.049082279205,45027.324756383896,95674.99305090908
greedy|2021|7000|bulk,20,2022,tanker,4229,6748.944232320786,13034.202630996704,30437.02999663353,97127.90736579896,206148.59352283482
greedy|2021|7000|bulk,20,2022,gas,991,12493.93300151825,23602.60200405121,56965.99594593048,124910.84315359592,269292.3790836334
greedy|2021|7000|bulk,20,2022,general,1884,9151.068154621125,17548.528190165758,42685.73701891303,138557.94913947582,280611.01960010536
greedy|2021|7000|bulk,20,2022,roro,607,9877.70942158699,19596.16378045082,32078.62845659256,74777.76442217827,272857.74523427465
greedy|2021|7000|bulk,20,2023,all,17714,7838.595735073091,15290.110109329222,26894.523843586445,77342.48723003268,199658.2777054548
greedy|2021|7000|bulk,20,2023,container,2948,4695.222661995887,11472.427163720131,24862.02153289318,151021.71256637576,304564.45958175673
greedy|2021|7000|bulk,20,2023,bulk,7061,9064.05568408966,16996.294002056122,23574.458381652832,41259.59231185913,90749.15257644652
greedy|2021|7000|bulk,20,2023,tanker,4262,7396.361698246003,13017.279348015783,30062.553849339485,98003.44318324327,200534.43784637452
greedy|2021|7000|bulk,20,2023,gas,993,12489.74619216919,24374.91939306259,56544.14145541191,125522.1252527237,264932.8376423836
greedy|2021|7000|bulk,20,2023,general,1849,9581.965115451812,18442.03427219391,44557.460244202986,138540.16878533363,279479.38803319936
greedy|2021|7000|bulk,20,2023,roro,601,11578.61627626419,18467.098235607147,29646.747571468357,68021.22788906097,278692.99831718206
greedy|2021|7000|bulk,20,2024,all,16746,7536.401763856411,15869.29193997383,28679.89800286293,76353.00741505623,189191.83045125008
greedy|2021|7000|bulk,20,2024,container,2715,4744.086693382264,11962.700446248055,29364.599007368088,140876.69903969765,290069.6832351684
greedy|2021|7000|bulk,20,2024,bulk,6665,8708.783197665214,17303.916360855103,24422.52705574036,42850.29017448425,87206.32456951143
greedy|2021|7000|bulk,20,2024,tanker,4087,6343.2375394821165,13378.572146177292,31943.174550056458,93262.21688354015,191696.19359073642
greedy|2021|7000|bulk,20,2024,gas,951,11322.376146674156,27860.031136512756,58140.71521425247,123431.10729312897,258446.54561662677
greedy|2021|7000|bulk,20,2024,general,1767,8906.228054910898,17336.319189846516,42695.65393322706,125699.72333493829,274841.6462064268
greedy|2021|7000|bulk,20,2024,roro,561,12882.395999908447,21065.35168075561,32666.336925268173,75059.54160690308,257282.45188999176
greedy|2021|7000|bulk,20,2025,all,17006,7616.186856508255,15948.237036347391,28567.14803504944,66007.5397143364,159046.52033233643
greedy|2021|7000|bulk,20,2025,container,2779,5072.978316116333,13010.08078277111,28694.31635355949,113346.75185585022,253676.37328672412
greedy|2021|7000|bulk,20,2025,bulk,6820,9006.647211241723,17512.243333667517,24485.017095565796,41660.52611351013,75542.7464346886
greedy|2021|7000|bulk,20,2025,tanker,4099,6178.425834274292,12834.494319915771,30163.42912197113,78195.81038713455,170700.37635841375
greedy|2021|7000|bulk,20,2025,gas,951,10841.640495300291,26662.956427037716,56266.617429971695,109160.80386400223,220502.60681724548
greedy|2021|7000|bulk,20,2025,general,1769,9505.869848155975,17169.741699934006,38010.23192691803,107779.43483793736,254050.64301182635
greedy|2021|7000|bulk,20,2025,roro,588,12036.343603229523,21604.057992577553,33678.15933075547,74343.46478945017,205512.8291020397
greedy|2021|7000|container,20,2018,all,15321,6843.991134643555,13331.590088188648,24149.983577251434,41074.05493736267,71525.43760156631
greedy|2021|7000|container,20,2018,container,2234,3335.7385746002196,6174.3148872852325,9753.178383946419,20028.816044807438,86831.41008050443
greedy|2021|7000|container,20,2018,bulk,6294,12670.920719385145,21114.28118059039,30627.25920343399,46168.941019296646,71123.11193237302
greedy|2021|7000|container,20,2018,tanker,3798,6990.152745103836,12776.655081689358,21567.01503968239,35834.75495791435,63200.16866586208
greedy|2021|7000|container,20,2018,gas,820,9682.205788183213,16388.409845352173,28250.83337044716,50896.60777044296,106816.44156222345
greedy|2021|7000|container,20,2018,general,1646,7377.0903108119965,12505.775429841131,22088.192519664764,38577.75391405821,71379.89171016216
greedy|2021|7000|container,20,2018,roro,529,8493.075325584412,13596.43526816368,20442.493927955627,29162.03426757455,63708.62379484175
greedy|2021|7000|container,20,2019,all,15502,7513.784916996957,14738.438205778599,27661.196983397007,48737.11280154577,85677.55134902
greedy|2021|7000|container,20,2019,container,2209,3121.591132760048,6048.493365883827,10035.90381002426,21901.11306476593,111920.84853601459
greedy|2021|7000|container,20,2019,bulk,6371,13775.453259944916,23185.84310889244,34572.58465194702,53267.192264556885,82235.23832273483
greedy|2021|7000|container,20,2019,tanker,3924,8087.679935789109,13902.33336341381,24182.39945411682,41335.61407518387,71986.65863852501
greedy|2021|7000|container,20,2019,gas,874,10873.721760463715,17742.88268071413,31582.731887340546,62931.33917880058,133805.9319809914
greedy|2021|7000|container,20,2019,general,1607,8377.401249808074,14210.293102934957,27494.24345111847,50045.92598468065,90373.32593345646
greedy|2021|7000|container,20,2019,roro,517,9036.463889431954,14840.941004514694,21684.62961769104,31827.930547758937,84567.29965548517
greedy|2021|7000|container,20,2020,all,15740,7785.126749670506,15269.582839250565,27790.526660084724,48924.667500033975,92679.40678534511
greedy|2021|7000|container,20,2020,container,2212,3074.58300743103,6077.920438528061,10413.532247543335,21901.477831602097,123728.51150664166
greedy|2021|7000|container,20,2020,bulk,6573,15429.655814361573,23537.2184677124,34451.11680984497,53012.46933317184,86537.57832574847
greedy|2021|7000|container,20,2020,tanker,3944,8242.636657750607,14128.14191916585,24056.777901649475,42160.670861005776,76151.59750560528
greedy|2021|7000|container,20,2020,gas,913,12757.566230392455,19288.87154769897,33029.05288696289,66563.15148830414,137869.84321613327
greedy|2021|7000|container,20,2020,general,1592,8146.208323419096,14460.877498090267,27572.59536767006,50570.140977978706,102055.2624474086
greedy|2021|7000|container,20,2020,roro,506,8721.456357061863,13793.28960391879,21290.50196826458,32527.7974075526,99778.24178224802
greedy|2021|7000|container,20,2021,all,16620,8188.969338226319,15552.178307771683,28159.212955355644,49528.20761346817,94936.4212074697
greedy|2021|7000|container,20,2021,container,2505,3415.3087591171266,6540.704605102539,10856.308769226074,21999.975001335144,124494.85065011977
greedy|2021|7000|container,20,2021,bulk,6773,16625.007191801073,24033.70310139656,35805.20882320404,54491.08539867401,88394.14962520602
greedy|2021|7000|container,20,2021,tanker,4085,8160.52866601944,13827.50308418274,23966.36935520172,41944.40350103378,78332.91106142997
greedy|2021|7000|container,20,2021,gas,977,13538.512429237366,21970.953716754917,35535.2331943512,69672.1752948761,151887.6389489174
greedy|2021|7000|container,20,2021,general,1751,9578.84909915924,15167.83646774292,26286.038846701384,50208.35703071952,98433.7466045171
greedy|2021|7000|container,20,2021,roro,529,9075.15725133419,15565.7955224514,22376.73016738892,33878.714515686035,98414.3182870865
greedy|2021|7000|container,20,2022,all,17691,7402.4877252578735,14466.367413759232,26210.780828475952,47811.63050931692,92142.95455360413
greedy|2021|7000|container,20,2022,container,2890,3547.767251300812,6333.297512456775,11121.560799360275,20659.295716702938,118316.32756579215
greedy|2021|7000|container,20,2022,bulk,7090,15207.580525851256,22998.26602947712,33529.59681415558,52702.220821619034,84038.61887140277
greedy|2021|7000|container,20,2022,tanker,4229,7409.887968254089,13364.486850738524,23054.73272132873,40583.570724487305,78442.97087326049
greedy|2021|7000|container,20,2022,gas,991,13806.681455612184,20164.226793289185,37138.22861862183,77349.77275276184,152745.1042842865
greedy|2021|7000|container,20,2022,general,1884,8689.10145483613,14299.30391550064,25319.263667285442,49321.82778516784,99853.68387624102
greedy|2021|7000|container,20,2022,roro,607,8319.706666231155,14323.258082389832,21659.089453458782,33690.42142248154,94362.40314502711
greedy|2021|7000|container,20,2023,all,17714,7323.987995117904,14249.066064864397,26299.418583631516,48330.7195084095,93187.93341026314
greedy|2021|7000|container,20,2023,container,2948,3376.1327758550647,6143.847517967224,11369.51285648346,21745.603292912245,121121.77133057124
greedy|2021|7000|container,20,2023,bulk,7061,13991.191071510317,22613.210087299347,33265.18360900879,52067.91581821442,83309.34303283691
greedy|2021|7000|container,20,2023,tanker,4262,7699.079196667672,13422.979478597641,23224.046924591064,41675.505916595466,80947.02301825285
greedy|2021|7000|container,20,2023,gas,993,14461.971827936173,21706.579878807068,40214.08241176605,82148.51280212402,155576.81229753495
greedy|2021|7000|container,20,2023,general,1849,8468.527082657814,14337.387530326843,25854.28367996216,50187.57088851929,98975.97014539242
greedy|2021|7000|container,20,2023,roro,601,9827.996914625168,14674.604116916656,20827.55462360382,31232.764716356996,85327.30037784576
greedy|2021|7000|container,20,2024,all,16746,7510.4142152071,14890.010214805605,28069.308125674725,51705.74709057808,94903.8787240982
greedy|2021|7000|container,20,2024,container,2715,3496.789080047608,6468.422396183014,12251.654091835022,24062.114471435547,124164.74987531209
greedy|2021|7000|container,20,2024,bulk,6665,13917.111161899567,23080.83517599106,34795.211525678635,54865.810384750366,85498.96270103459
greedy|2021|7000|container,20,2024,tanker,4087,7010.639908790589,13797.430666685104,24916.45813846588,44786.06824183464,83317.19018907548
greedy|2021|7000|container,20,2024,gas,951,16218.634437561035,24338.83673143387,47292.16034698486,91786.11286222935,162219.3257780075
greedy|2021|7000|container,20,2024,general,1767,8357.308758163452,14527.748727560043,26687.547333717343,52428.26188030839,98604.9705785245
greedy|2021|7000|container,20,2024,roro,561,10485.701169967651,15297.171379089355,21907.31643986702,35571.40471458435,94126.66822052002
greedy|2021|7000|container,20,2025,all,17006,7644.694997787476,14923.840417146683,27589.055799126625,48136.85495406389,84772.73906192183
greedy|2021|7000|container,20,2025,container,2779,3720.815966176987,7038.139870405197,12649.572254180908,23614.218024909496,101569.44114327451
greedy|2021|7000|container,20,2025,bulk,6820,13823.70850162506,22889.820107162,34465.471162080765,51162.84185028076,78155.92660732269
greedy|2021|7000|container,20,2025,tanker,4099,6483.84439650178,13574.533794283867,24499.38104057312,42482.916821956635,76671.15446071625
greedy|2021|7000|container,20,2025,gas,951,13578.73780155182,24894.202497124672,43163.20248126984,81980.02049827576,140697.0103468895
greedy|2021|7000|container,20,2025,general,1769,8702.36978571415,13941.458439826964,26008.425307273865,46610.71844100952,87205.22207002643
greedy|2021|7000|container,20,2025,roro,588,9145.459121513366,14628.956625163553,22171.92901957035,33574.205988287926,74531.66876859668
greedy|2022|10000|all,20,2018,all,15321,6658.810391426086,11444.362488746645,19060.49522590637,28645.713280677795,49843.23086929321
greedy|2022|10000|all,20,2018,container,2234,3585.052805328369,7160.063675522804,11418.428468942642,23948.425464093685,95420.32515936048
greedy|2022|10000|all,20,2018,bulk,6294,9592.926644659043,15500.265343308449,21695.378667116165,30132.655908465385,44613.25783672333
greedy|2022|10000|all,20,2018,tanker,3798,5514.617981863022,9922.005996942518,15750.954392910004,24246.57941055298,39433.64261845351
greedy|2022|10000|all,20,2018,gas,820,7167.938417959213,12621.387599050999,19584.85608100891,36349.9903280437,60854.20043141842
greedy|2022|10000|all,20,2018,general,1646,7494.601206749678,12029.903245151043,19056.009002879262,31778.817386865616,65236.80078468565
greedy|2022|10000|all,20,2018,roro,529,9642.349607372284,13620.878336906431,20211.198227643967,27760.350524902344,65179.50476417541
greedy|2022|10000|all,20,2019,all,15502,7097.350034880638,12245.132134318352,20654.279631137848,32588.638998404145,59329.4585297346
greedy|2022|10000|all,20,2019,container,2209,3396.9336652755733,7519.960162639618,11890.220918655396,31950.211274147037,113496.9408455372
greedy|2022|10000|all,20,2019,bulk,6371,10396.804697990416,17019.141613066196,23241.206217765808,33748.82547104359,50336.57618999481
greedy|2022|10000|all,20,2019,tanker,3924,6069.4947894573215,10437.133739560843,17141.563925027847,26998.194358348846,47888.19990687375
greedy|2022|10000|all,20,2019,gas,874,8337.21162185669,13876.560844659805,21964.31647026539,39308.75801253319,75895.52691140176
greedy|2022|10000|all,20,2019,general,1607,8034.920176696778,13376.40678346157,22241.22878754139,38829.82228642702,85739.16205120091
greedy|2022|10000|all,20,2019,roro,517,9430.506571435928,14087.042355537416,20868.106199264526,30262.82629776001,99540.97239729167
greedy|2022|10000|all,20,2020,all,15740,7161.802824091911,12331.730895757675,20372.59584236145,31724.489857681092,62438.589765310295
greedy|2022|10000|all,20,2020,container,2212,3455.848012018204,7720.584522843361,12169.121884346008,30352.19991724193,135686.8806437016
greedy|2022|10000|all,20,2020,bulk,6573,10898.639400744438,17158.894513130188,22872.29278898239,32355.175086975098,49978.67555971146
greedy|2022|10000|all,20,2020,tanker,3944,5915.510055446624,10203.978365063667,16795.251201868057,26050.42559361458,49412.21517171861
greedy|2022|10000|all,20,2020,gas,913,8610.310962867738,14977.43637752533,22874.51632499695,41304.901094436646,86431.99921169283
greedy|2022|10000|all,20,2020,general,1592,7524.52543039322,12777.453650355339,22330.10572719574,41554.933404773474,94399.39582560364
greedy|2022|10000|all,20,2020,roro,506,9594.551857829094,13445.484871268272,19986.75178401172,29742.948100686077,108102.45973646642
greedy|2022|10000|all,20,2021,all,16620,7603.398459768296,12576.021575927734,20519.42385482788,32145.751262187958,62705.1762210846
greedy|2022|10000|all,20,2021,container,2505,4114.004596710205,8022.949528694153,12471.317930221558,32318.43350028992,142719.31408479213
greedy|2022|10000|all,20,2021,bulk,6773,11836.517554283142,17535.557178497314,23170.58768939972,33143.018902778625,50961.30885143282
greedy|2022|10000|all,20,2021,tanker,4085,5834.484386062622,9940.749390602112,16330.649660110474,26147.53043985367,46382.175539398166
greedy|2022|10000|all,20,2021,gas,977,9801.308040237427,16008.51824259758,24312.825724363327,43468.71047210693,89262.4381391525
greedy|2022|10000|all,20,2021,general,1751,8842.367951393127,13380.920394897461,21793.10194349289,41186.064492464066,90968.243029356
greedy|2022|10000|all,20,2021,roro,529,10203.841415596009,14530.05087685585,21356.85733166337,30978.432592213157,100155.18278455728
greedy|2022|10000|all,20,2022,all,17691,6941.710116386414,11938.865808486938,19574.55033874512,30984.11386537552,61619.00118494034
greedy|2022|10000|all,20,2022,container,2890,4025.4602791547777,7917.7329542040825,12271.80148512125,27172.576396081597,133210.55290410516
greedy|2022|10000|all,20,2022,bulk,7090,10678.31380546093,16488.09486269951,22410.81835103035,31981.825907707218,48631.63919951916
greedy|2022|10000|all,20,2022,tanker,4229,5667.463287496566,9821.952310562134,15682.029945373535,24911.32440471649,46173.24023494725
greedy|2022|10000|all,20,2022,gas,991,9172.407172203064,15033.989929676056,22786.23600268364,45014.050754994154,86831.52507972717
greedy|2022|10000|all,20,2022,general,1884,8105.206496351958,12653.651676416395,20564.6961684227,41052.154639750726,88926.79863605501
greedy|2022|10000|all,20,2022,roro,607,9440.50697054863,13930.875652074814,19900.480206549168,29590.836338847876,81858.39440461391
greedy|2022|10000|all,20,2023,all,17714,6903.043451976777,11821.308845520021,19527.641587257385,31096.467055797577,63693.85769872667
greedy|2022|10000|all,20,2023,container,2948,3846.2997243404393,8086.889137268066,13158.686182975769,34076.04719132185,133807.79412721115
greedy|2022|10000|all,20,2023,bulk,7061,9992.475957870483,15591.900443077087,21929.999185323715,30951.64281272888,48203.81427001953
greedy|2022|10000|all,20,2023,tanker,4262,6008.446114063264,9652.649921536446,15576.339099258184,24573.58674705028,48802.59304896595
greedy|2022|10000|all,20,2023,gas,993,9784.794298410416,15220.476008534431,25733.23556041717,49196.63014984131,90338.52842245104
greedy|2022|10000|all,20,2023,general,1849,7926.948530197144,12884.600206375122,21678.38053512573,39952.73363447189,84591.27202682495
greedy|2022|10000|all,20,2023,roro,601,10547.40371119976,14097.868690490724,19664.940734386444,28543.875477313995,88000.16087436676
greedy|2022|10000|all,20,2024,all,16746,6724.966679811478,12242.22945779562,20501.421944618225,32788.847653627396,65333.63510629535
greedy|2022|10000|all,20,2024,container,2715,3878.604981899262,8146.424018085003,14503.882880926132,40196.39234161377,132686.05557126997
greedy|2022|10000|all,20,2024,bulk,6665,10341.167502212524,16554.319440364838,22557.18457889557,31890.852131843567,49984.896980667116
greedy|2022|10000|all,20,2024,tanker,4087,5298.043288803101,9793.19793355465,16335.036414146423,26211.145973205566,50771.84827940464
greedy|2022|10000|all,20,2024,gas,951,9258.879893302916,15969.371392726898,27335.6022939682,55107.14293324947,97383.79714918137
greedy|2022|10000|all,20,2024,general,1767,7841.751614761352,13090.686699271202,22303.00489807129,40743.06180366874,85106.40676698691
greedy|2022|10000|all,20,2024,roro,561,11858.765252104027,15497.367502212524,20930.430870056152,30565.73986530304,93625.29968738556
greedy|2022|10000|all,20,2025,all,17006,6947.32267832756,12555.804211497305,20593.98907327652,32067.669186353683,59426.2009601593
greedy|2022|10000|all,20,2025,container,2779,4403.2247547149655,8874.699750423431,15799.268007278442,42038.68815034628,111621.85859802068
greedy|2022|10000|all,20,2025,bulk,6820,10431.528026223184,16783.06140065193,22603.526130199432,31689.919013142586,46734.70210070611
greedy|2022|10000|all,20,2025,tanker,4099,5096.947467637062,9900.840185165405,16283.50697040558,25923.010375499725,44576.692115592996
greedy|2022|10000|all,20,2025,gas,951,9231.956192970276,16005.921956539154,27269.60460948944,50585.29226350784,88778.03290748596
greedy|2022|10000|all,20,2025,general,1769,8344.209749221802,12741.761506080627,21700.991110801697,36841.1571969986,73218.81923249515
greedy|2022|10000|all,20,2025,roro,588,10026.406585222483,15643.219006970523,21061.082028865814,31776.36399871111,74040.18248634346
greedy|2022|10000|bulk,20,2018,all,15321,8285.143061876297,13058.615229129791,19819.79125416279,31339.762989521027,62481.83850955963
greedy|2022|10000|bulk,20,2018,container,2234,6863.442664852739,11548.225240945816,19750.596998035908,62007.8704636693,149883.0236956433
greedy|2022|10000|bulk,20,2018,bulk,6294,9058.400480616094,13678.429573535921,19389.629986524582,26831.04700899124,39628.74587259292
greedy|2022|10000|bulk,20,2018,tanker,3798,7076.569914650918,11790.881731271746,18198.45593547821,28257.747617065907,48719.68108932973
greedy|2022|10000|bulk,20,2018,gas,820,9498.417741394047,15682.496161937714,26037.876606464386,45449.32293212414,80277.29334042077
greedy|2022|10000|bulk,20,2018,general,1646,9469.42602968216,13955.15279814601,21798.79777765274,40664.97660565376,91497.56534147263
greedy|2022|10000|bulk,20,2018,roro,529,13494.256979441643,19479.052404165268,27203.73679590225,52461.876537323,128553.68538533521
greedy|2022|10000|bulk,20,2019,all,15502,8713.282615089418,13906.017663955688,21500.67953133583,35978.85810780525,78204.88626683949
greedy|2022|10000|bulk,20,2019,container,2209,6702.436245727539,11718.374960660934,21908.34632539749,86654.26033353806,181301.77456693648
greedy|2022|10000|bulk,20,2019,bulk,6371,9734.902976989746,14549.932837426662,20587.51475906372,29291.27975845337,45185.26130962372
greedy|2022|10000|bulk,20,2019,tanker,3924,7608.364632630349,12521.134691357613,19935.96591901779,32226.482290029526,58471.057884287926
greedy|2022|10000|bulk,20,2019,gas,874,10443.832309055331,17256.924728810787,29166.076597213745,55356.51826110482,94505.27187042242
greedy|2022|10000|bulk,20,2019,general,1607,10753.448453712464,16344.016442082822,26108.837314605717,51680.82586789131,114331.1573307813
greedy|2022|10000|bulk,20,2019,roro,517,13961.610768699646,21362.53595542908,29530.88592529297,56064.67157649994,148009.11402721412
greedy|2022|10000|bulk,20,2020,all,15740,8940.400946351885,14025.311568140984,21322.96169900894,36243.64764726162,86284.89594864252
greedy|2022|10000|bulk,20,2020,container,2212,7134.594533813,12495.874362587929,24723.85649228096,102155.10070700198,214342.65395922677
greedy|2022|10000|bulk,20,2020,bulk,6573,9943.159398269654,14474.230320453644,20294.267902374268,28418.68940925598,43103.4897064209
greedy|2022|10000|bulk,20,2020,tanker,3944,7565.001867628098,12445.266553997993,19415.83814930916,31828.31629371643,65237.757028341315
greedy|2022|10000|bulk,20,2020,gas,913,10134.152079561354,17491.146306037903,28263.65696334839,55323.58275127411,104403.64060339928
greedy|2022|10000|bulk,20,2020,general,1592,10387.271783924103,16385.49561816454,26839.66169154644,55741.042775571346,125582.71205470563
greedy|2022|10000|bulk,20,2020,roro,506,12526.505978256464,19022.64990991354,26953.647356510162,47189.666294813156,155415.40764713287
greedy|2022|10000|bulk,20,2021,all,16620,9270.741726922988,14280.666295826437,21794.47328186035,36710.75296676159,89559.37559494973
greedy|2022|10000|bulk,20,2021,container,2505,7293.098581123352,13162.144641637802,25189.27298927307,97634.7095322609,219645.02677564617
greedy|2022|10000|bulk,20,2021,bulk,6773,10611.302288246154,14921.838396549225,20596.98592376709,28824.137634277344,43581.08889017106
greedy|2022|10000|bulk,20,2021,tanker,4085,7005.287459868193,11895.53914231062,19136.79269504547,32107.02343893051,65530.30146589279
greedy|2022|10000|bulk,20,2021,gas,977,12474.276532649996,18535.4487285614,30279.30792617798,54900.309492111206,113733.65735254287
greedy|2022|10000|bulk,20,2021,general,1751,11223.3441324234,16639.233473539352,26449.89657735825,56736.94182357937,125821.92341709136
greedy|2022|10000|bulk,20,2021,roro,529,14390.562734928728,20265.20312023163,28761.13782858849,48456.40178871155,193007.58763809202
greedy|2022|10000|bulk,20,2022,all,17691,8980.98469030857,13867.01089143753,21285.33054828644,36812.82934856415,91567.66124153136
greedy|2022|10000|bulk,20,2022,container,2890,7338.907330301404,12960.231227636337,24630.37847483158,93374.23358747363,213079.60295829774
greedy|2022|10000|bulk,20,2022,bulk,7090,9968.410919737815,14385.17552292347,20232.012925624847,28454.125527381897,44629.14434280396
greedy|2022|10000|bulk,20,2022,tanker,4229,7160.469216060638,11695.568415403366,18305.56611180305,31688.92549610138,66250.16413688667
greedy|2022|10000|bulk,20,2022,gas,991,11953.500389814377,17479.913145065308,31420.931946754456,61540.396312236786,122948.22131085396
greedy|2022|10000|bulk,20,2022,general,1884,10747.673625969886,16401.504103899002,26101.975153386593,55234.84556162357,126744.96453069453
greedy|2022|10000|bulk,20,2022,roro,607,12334.976312565803,19873.220822185278,28975.41769003868,49295.30810534954,178652.37915763835
greedy|2022|10000|bulk,20,2023,all,17714,8842.906803143025,13727.304654210806,21189.38375425339,37150.89709085225,92724.0413705707
greedy|2022|10000|bulk,20,2023,container,2948,7053.393169665337,12691.630571365356,25404.908991336823,94641.32888948919,209895.21305973543
greedy|2022|10000|bulk,20,2023,bulk,7061,9684.166856765749,14256.568872451782,19989.315331459045,27735.09642696381,43426.17396259308
greedy|2022|10000|bulk,20,2023,tanker,4262,7498.158879709244,11699.175410985948,18529.703627228737,31740.656299591064,66013.67717676163
greedy|2022|10000|bulk,20,2023,gas,993,12051.70823559761,18152.905186653137,35280.73488903046,70150.50753998756,126890.24971332551
greedy|2022|10000|bulk,20,2023,general,1849,10711.005542182924,16268.3176612854,25374.13081407547,54164.35896205902,123682.81175498966
greedy|2022|10000|bulk,20,2023,roro,601,13644.13684940338,19528.856518030167,26458.8476896286,50863.3179769516,188414.2152385712
greedy|2022|10000|bulk,20,2024,all,16746,8578.378670066595,14089.928882718086,22257.827616214752,39006.22132992744,90585.22145152092
greedy|2022|10000|bulk,20,2024,container,2715,6820.32302570343,13009.556257724762,29163.056337356567,89943.82090187073,200378.46167891016
greedy|2022|10000|bulk,20,2024,bulk,6665,9590.552787446975,14650.24162864685,20463.44842147827,28796.50810623169,44067.76595916748
greedy|2022|10000|bulk,20,2024,tanker,4087,6697.252150249482,11777.92190694809,19679.80632591248,34132.10248732567,67728.65887146
greedy|2022|10000|bulk,20,2024,gas,951,11068.461193561554,19698.622215241194,38576.37435626984,78912.36972093582,131161.62897491455
greedy|2022|10000|bulk,20,2024,general,1767,10526.147704458237,16255.477472782135,26646.915115356445,51275.54642832279,114811.5598673829
greedy|2022|10000|bulk,20,2024,roro,561,15326.137850880625,19814.6176109314,29445.740056037903,54418.23262453079,178492.20453870296
greedy|2022|10000|bulk,20,2025,all,17006,8744.430698633194,14243.33266878128,22259.878378391266,37667.25133302808,78898.09072351456
greedy|2022|10000|bulk,20,2025,container,2779,7375.167058849335,14127.354064077139,30369.392748832703,77368.42117452621,167406.69269084945
greedy|2022|10000|bulk,20,2025,bulk,6820,9759.744701170921,14851.079998493195,20450.172169923782,28688.46978521347,42355.3299525261
greedy|2022|10000|bulk,20,2025,tanker,4099,6332.550705146789,11743.263367652893,19015.467109680176,32709.990129470825,59916.795404338845
greedy|2022|10000|bulk,20,2025,gas,951,10685.191834449768,19621.902171850204,36788.21807956696,72525.66417789459,115404.9902291298
greedy|2022|10000|bulk,20,2025,general,1769,10897.810142803193,15979.077836990356,25080.40171289444,45493.9067196846,103670.54196484089
greedy|2022|10000|bulk,20,2025,roro,588,13944.637759423256,20489.090642094612,30167.987189769745,52316.28844538331,151796.66545672124
greedy|2022|10000|container,20,2018,all,15321,7191.224984169006,13509.644479990004,24136.503946721557,40667.8174738884,70951.97751903534
greedy|2022|10000|container,20,2018,container,2234,3745.821192657948,6496.879524230957,9721.325930148363,18755.81040673703,77827.13292310238
greedy|2022|10000|container,20,2018,bulk,6294,12825.169235134126,20741.278570502996,29712.239191055298,44798.4212911129,68688.2036087036
greedy|2022|10000|container,20,2018,tanker,3798,7271.233297610283,12852.592893972993,21138.69255453348,35467.21297702193,62344.002387499815
greedy|2022|10000|container,20,2018,gas,820,10540.200354909897,16924.54177212715,31020.40954017639,58589.13211929798,119260.25746798515
greedy|2022|10000|container,20,2018,general,1646,8214.322303593159,13641.200248779729,22861.390430495143,38557.425631821156,72623.07762917131
greedy|2022|10000|container,20,2018,roro,529,9552.455743420125,15456.389313697817,23764.68321609497,36939.62712192536,82192.92878870666
greedy|2022|10000|container,20,2019,all,15502,7722.610156917573,14959.095356941223,27554.746124744415,48050.49873971939,84942.81483573913
greedy|2022|10000|container,20,2019,container,2209,3420.9945432662967,6413.668477058411,10213.555151939392,20281.134231090546,96297.35873854162
greedy|2022|10000|container,20,2019,bulk,6371,14390.844334483148,23009.26443719864,33735.01055622101,51563.09613323212,80634.75951059163
greedy|2022|10000|container,20,2019,tanker,3924,8168.520981121063,13867.87013875693,23597.20331197977,40446.60653036833,71025.1995411277
greedy|2022|10000|container,20,2019,gas,874,12466.558988428116,19256.60774564743,34166.12978696823,74615.50470042229,140794.00668711666
greedy|2022|10000|container,20,2019,general,1607,9187.926440238953,15061.030401706696,27452.71783065796,49510.870722293854,92450.91665859228
greedy|2022|10000|container,20,2019,roro,517,9577.875024890902,16937.71919798851,25716.0975151062,44051.33694553375,98744.23471448425
greedy|2022|10000|container,20,2020,all,15740,8029.070743024349,15507.522873222828,27350.2284116745,47877.65243476629,90370.03406126797
greedy|2022|10000|container,20,2020,container,2212,3270.506517314911,6429.610342621803,10488.259142875671,20814.05271279812,109030.15586937526
greedy|2022|10000|container,20,2020,bulk,6573,15702.845637893677,23131.92019844055,33226.902561187744,51733.374071121216,83468.81911964418
greedy|2022|10000|container,20,2020,tanker,3944,8129.906654882431,13932.928828239441,23341.599620580673,40321.74864912033,75024.54182424546
greedy|2022|10000|container,20,2020,gas,913,12881.655772686003,19714.093014478683,35472.31885242462,75877.60252666473,149178.3969301224
greedy|2022|10000|container,20,2020,general,1592,8995.447479510307,15617.027417898178,27293.856872200966,50633.88916862011,101372.2665998269
greedy|2022|10000|container,20,2020,roro,506,9697.82876855135,16525.709435999393,24243.77386784554,38985.93297249079,104448.54636065662
greedy|2022|10000|container,20,2021,all,16620,8418.976820516587,15641.093766331673,27931.399802684784,48019.21621474624,91524.67936029437
greedy|2022|10000|container,20,2021,container,2505,3980.325255203247,6841.618333816528,10714.170010089874,20683.518072605133,111880.28899803162
greedy|2022|10000|container,20,2021,bulk,6773,16661.104908370973,23819.26995563507,34638.33235549927,52741.81992101669,83776.24725188837
greedy|2022|10000|container,20,2021,tanker,4085,8058.267202568055,13561.366918087006,23398.536119937897,39880.31626653671,74578.25627212522
greedy|2022|10000|container,20,2021,gas,977,15442.940372657777,22859.612867116928,37624.76848888397,81253.65869569778,163304.19951090807
greedy|2022|10000|container,20,2021,general,1751,10450.6977532506,16373.874866351485,26801.287548065186,49712.364441633224,97924.10005235672
greedy|2022|10000|container,20,2021,roro,529,11824.683136308191,17696.582935333252,25711.86164331436,43927.92345285416,108241.90579147337
greedy|2022|10000|container,20,2022,all,17691,7777.0639564991,14636.21901267767,25996.10896348953,46268.422849178314,88666.39255142212
greedy|2022|10000|container,20,2022,container,2890,4128.230180305242,6591.030366301537,11134.309789538383,19248.59313580394,103560.95436499118
greedy|2022|10000|container,20,2022,bulk,7090,14889.454565334321,22459.484645605084,32533.902607798576,50525.231370210655,81232.99918046
greedy|2022|10000|container,20,2022,tanker,4229,7376.008826065064,13328.0382938385,22443.06042575836,38461.85078430176,73527.6206166268
greedy|2022|10000|container,20,2022,gas,991,14961.678029447794,21634.27453327179,40221.75661444664,86822.49140822887,165242.79369163513
greedy|2022|10000|container,20,2022,general,1884,9727.574901771546,15191.434638619421,25191.221900701523,48911.375629499555,97299.65175148568
greedy|2022|10000|container,20,2022,roro,607,10378.469328975678,16493.49695444107,25745.10716414452,43859.19724294543,101383.06648578643
greedy|2022|10000|container,20,2023,all,17714,7727.885290575027,14396.746868014336,25762.244435310364,46506.57116770744,90027.07021117215
greedy|2022|10000|container,20,2023,container,2948,3843.8997508049015,6636.81487262249,11395.973339915276,21756.787797540426,107070.82452954054
greedy|2022|10000|container,20,2023,bulk,7061,13960.076691184193,21935.55294942856,32014.823296546936,50012.69241428375,80166.81922054291
greedy|2022|10000|container,20,2023,tanker,4262,7641.966982650757,13321.10686826706,22147.134818077087,39220.46729785204,77145.71465197802
greedy|2022|10000|container,20,2023,gas,993,15699.747781848908,23399.5748462677,44349.52094006538,90426.72314453124,164223.27460236565
greedy|2022|10000|container,20,2023,general,1849,9309.154002189636,14833.269680023192,25905.34683895111,47322.10664319992,93453.09705181126
greedy|2022|10000|container,20,2023,roro,601,11994.750650137665,16496.254318714142,24053.8130569458,40750.6067814827,98409.78684329988
greedy|2022|10000|container,20,2024,all,16746,7729.794471144676,15039.860684275627,27644.92713212967,49795.41458022594,92666.8881199956
greedy|2022|10000|container,20,2024,container,2715,4003.002212715149,7024.159171104431,12154.622752189636,24056.6701233387,107078.69959845542
greedy|2022|10000|container,20,2024,bulk,6665,14216.014142513273,22692.625010490417,33776.62791776657,52141.937542915344,81773.7287792206
greedy|2022|10000|container,20,2024,tanker,4087,6786.383628559112,13575.823328971863,24073.36199569702,42505.016847372055,80910.58148956299
greedy|2022|10000|container,20,2024,gas,951,17294.952543258667,26411.881321191788,52414.85651016235,96556.98845410347,169243.51426124573
greedy|2022|10000|container,20,2024,general,1767,9057.65321764946,15232.990986824036,26494.851279258728,50203.490794181824,94889.04352698328
greedy|2022|10000|container,20,2024,roro,561,13019.55455493927,17521.4745759964,25625.94337749481,43353.59516239166,99874.0909371376
greedy|2022|10000|container,20,2025,all,17006,8095.295429165475,15070.97197008133,27238.426087379456,46793.45099192858,83152.29383999109
greedy|2022|10000|container,20,2025,container,2779,4388.920676469803,7489.953259855509,12700.299010276794,23579.058282077312,87556.17979214192
greedy|2022|10000|container,20,2025,bulk,6820,14094.58735021353,22743.14561569691,33465.9951492548,49871.00855040551,74638.41114182479
greedy|2022|10000|container,20,2025,tanker,4099,6391.123598790169,13385.536947101355,23744.956463336945,40628.67701792717,73379.72166652684
greedy|2022|10000|container,20,2025,gas,951,13826.650714874268,25888.48288917541,47220.34028148651,84840.91866159439,151056.22857546806
greedy|2022|10000|container,20,2025,general,1769,9521.464893531798,15020.760714530945,25820.04585778713,45390.93714094162,85678.800328964
greedy|2022|10000|container,20,2025,roro,588,10566.616216516495,16614.799324035645,25200.78701877594,41453.678851902485,84724.24149527558
greedy|2022|5000|all,20,2018,all,15321,6552.278204202652,11850.89437675476,20688.09669494629,34112.27350330353,63226.11732006073
greedy|2022|5000|all,20,2018,container,2234,3399.8148693203925,7427.185736298561,12504.039841651917,29504.086559712887,122301.61627597811
greedy|2022|5000|all,20,2018,bulk,6294,8907.156627899409,16672.008688926697,23155.590517759323,35600.05564200878,56197.08095555305
greedy|2022|5000|all,20,2018,tanker,3798,5657.284684705735,10514.539399504662,18455.670229673386,29611.623095750812,52091.60860257149
greedy|2022|5000|all,20,2018,gas,820,7843.749686031044,14101.689496755598,23513.35388839245,42424.50411823392,82492.37255299091
greedy|2022|5000|all,20,2018,general,1646,6649.9508366286755,10862.26881769672,19543.696857750416,35458.84695544839,69169.64051651955
greedy|2022|5000|all,20,2018,roro,529,9302.955759382248,13946.527377605438,22221.159494400024,32777.47130775452,83070.33761391637
greedy|2022|5000|all,20,2019,all,15502,6938.7287999659775,12732.572459220886,22583.34480690956,39904.753898501396,77549.05383553501
greedy|2022|5000|all,20,2019,container,2209,3192.3082752227783,7669.344223022461,13837.699926376345,53511.65814304352,160723.93829660417
greedy|2022|5000|all,20,2019,bulk,6371,9564.33096575737,17738.011529922485,25061.33072948456,40460.31477308273,63790.09107494354
greedy|2022|5000|all,20,2019,tanker,3924,6177.919459271431,11167.875104039906,20433.08158546686,34679.99654620886,62531.72747429018
greedy|2022|5000|all,20,2019,gas,874,8778.40989227295,15911.11286854744,25982.1307721138,50422.40088391304,100329.84936382773
greedy|2022|5000|all,20,2019,general,1607,6862.424364471435,11856.164810735732,22346.3375082016,43113.69902610779,87484.69648001196
greedy|2022|5000|all,20,2019,roro,517,9489.420499777792,15825.07805609703,23367.735054969788,39661.27196741104,110041.03195152296
greedy|2022|5000|all,20,2020,all,15740,6982.676334381104,12970.270325660706,22258.8841047287,38677.36138629913,81616.64018704892
greedy|2022|5000|all,20,2020,container,2212,3096.7662732958797,7698.293272972107,13581.689273118973,47739.438939258456,181275.03244581222
greedy|2022|5000|all,20,2020,bulk,6573,10114.981566250324,18077.59269428253,24561.417814016346,38790.82829761505,64263.8608329773
greedy|2022|5000|all,20,2020,tanker,3944,6071.965275859833,11167.105141162874,19584.167740345,33094.568338394165,65918.17169275286
greedy|2022|5000|all,20,2020,gas,913,9491.285308921337,16798.815509557724,26497.39051151276,53022.71708583832,108948.69397573471
greedy|2022|5000|all,20,2020,general,1592,6470.389496773482,11166.22913067788,22757.164038658142,43441.95660427213,97664.76668833503
greedy|2022|5000|all,20,2020,roro,506,9647.706346005201,14311.695154428482,23017.220308065414,39353.64686705172,129942.49703291246
greedy|2022|5000|all,20,2021,all,16620,7179.847982978821,12956.37326067686,22403.735616624355,38965.73207831383,81972.91757008732
greedy|2022|5000|all,20,2021,container,2505,3257.512655639649,7964.135560035706,13150.389176368712,40420.3097114563,177347.50164856904
greedy|2022|5000|all,20,2021,bulk,6773,11104.160211181641,18401.92761516571,25186.81696510315,39758.195430755615,64714.53353691101
greedy|2022|5000|all,20,2021,tanker,4085,5744.544122123719,10629.819822072985,19418.43864774704,32433.3963432312,64280.386801528926
greedy|2022|5000|all,20,2021,gas,977,11785.546584272384,18198.49418926239,29117.63467597961,59392.28269672394,119688.47674465177
greedy|2022|5000|all,20,2021,general,1751,7258.385840892792,11502.099250793457,21341.295125484467,41521.72896816768,94448.5578429997
greedy|2022|5000|all,20,2021,roro,529,9880.173895311356,15738.158142089844,23433.5470328331,39332.94703006744,119198.43398334978
greedy|2022|5000|all,20,2022,all,17691,6315.302430868149,12110.553527772427,21310.13502264023,37697.72793841362,80203.57105880976
greedy|2022|5000|all,20,2022,container,2890,3302.53982667923,7148.490139603615,12931.376317501068,26928.122735381126,166259.7458420008
greedy|2022|5000|all,20,2022,bulk,7090,9414.104879665376,17491.66760611534,24174.678918361664,38274.423621892936,62258.96342082025
greedy|2022|5000|all,20,2022,tanker,4229,5491.8063775062565,10175.94353055954,18388.20277643204,32433.3963432312,66498.38130621912
greedy|2022|5000|all,20,2022,gas,991,11396.323922157288,17287.898091316223,29648.307737350464,62797.57973241806,125856.33824580908
greedy|2022|5000|all,20,2022,general,1884,6622.345258092881,11080.521201899275,20659.045706748962,41805.36458149552,94404.40910138786
greedy|2022|5000|all,20,2022,roro,607,9158.468596220016,14886.251353144646,22324.210951805115,38181.67357850075,109219.11866522118
greedy|2022|5000|all,20,2023,all,17714,6158.126792097092,11879.756523549557,21240.469907283783,38173.67025780678,80657.52682671549
greedy|2022|5000|all,20,2023,container,2948,3197.9213408470155,6783.070739984512,13254.613214820623,30845.94068467617,151344.0055697442
greedy|2022|5000|all,20,2023,bulk,7061,8960.262955665588,16876.42492198944,23532.41166400909,37154.38057613373,61619.00118494034
greedy|2022|5000|all,20,2023,tanker,4262,5580.057004404069,10125.743240118027,18573.524517059326,34134.57373225689,72250.39024753572
greedy|2022|5000|all,20,2023,gas,993,11147.58353509903,17528.557509422302,32817.53522396088,66521.29977798462,128671.33356170663
greedy|2022|5000|all,20,2023,general,1849,6053.176396775247,10832.244795322418,21158.504143714905,42991.59999752045,88669.68332048658
greedy|2022|5000|all,20,2023,roro,601,9959.824220180511,14910.926611423492,22384.204917907715,37335.49564170837,108454.1588087082
greedy|2022|5000|all,20,2024,all,16746,5949.674385532737,11970.26430940628,22198.163387537003,40128.19821977616,83158.3012919426
greedy|2022|5000|all,20,2024,container,2715,3154.9011159181596,6953.265111535788,13963.693961143494,37386.47337317467,147769.7574716568
greedy|2022|5000|all,20,2024,bulk,6665,8914.651811599731,17320.0252494812,24282.97035217285,38347.057169914246,63009.07061462403
greedy|2022|5000|all,20,2024,tanker,4087,5146.683543491364,10072.50170430541,19538.920471668243,36449.76346719265,74024.1909645796
greedy|2022|5000|all,20,2024,gas,951,9676.037415504456,18759.583171367645,36608.93318271637,73776.89819049835,131745.47932624817
greedy|2022|5000|all,20,2024,general,1767,5854.091043162346,10433.119393989444,21975.936505317688,44527.72750163078,89852.55109539039
greedy|2022|5000|all,20,2024,roro,561,10134.697045326231,15906.176462173462,23016.514441609383,40556.30826568604,122875.85833334924
greedy|2022|5000|all,20,2025,all,17006,6183.031410932541,12202.121511101723,22094.739065170288,38113.8273768425,72853.7004942894
greedy|2022|5000|all,20,2025,container,2779,3384.9605278134345,7674.480195760727,15024.56514120102,35511.04702651501,121702.64457596553
greedy|2022|5000|all,20,2025,bulk,6820,8954.461506175996,17408.900598704815,23835.514432907104,37103.04403497279,57748.89819116593
greedy|2022|5000|all,20,2025,tanker,4099,4962.901180648804,10052.599204301834,19292.313360214237,34307.36405026913,66143.40277595526
greedy|2022|5000|all,20,2025,gas,951,9578.214489936829,18780.455112934113,35956.164187431335,69532.12552881241,113305.68459680676
greedy|2022|5000|all,20,2025,general,1769,6723.050235676766,10735.352485656738,21282.622623443604,39055.70553076267,78873.77295866013
greedy|2022|5000|all,20,2025,roro,588,9134.408895277977,15897.111323595047,23625.5750797987,39787.16503714024,100370.35201933092
greedy|2022|5000|bulk,20,2018,all,15321,7534.822614192963,17320.713344573975,30226.480199813843,71808.18017196655,182579.23467683792
greedy|2022|5000|bulk,20,2018,container,2234,4177.296831977368,13727.274838685988,27919.721358776093,144356.74609939754,321095.1294368744
greedy|2022|5000|bulk,20,2018,bulk,6294,7662.058490753174,17601.730058193207,26367.02883720398,49002.69152450562,95781.7133705139
greedy|2022|5000|bulk,20,2018,tanker,3798,7455.265790700914,16630.603603839874,32674.60334789753,79730.05679559708,177548.78031692508
greedy|2022|5000|bulk,20,2018,gas,820,8510.620220184326,20668.626048207283,44308.850697517395,101962.39865365624,241350.27806081786
greedy|2022|5000|bulk,20,2018,general,1646,8193.613535642624,18336.406773854047,42036.0230483301,115441.09898304939,281633.76369524
greedy|2022|5000|bulk,20,2018,roro,529,11813.563146072627,23308.09010577202,36982.34864425659,75728.97795581818,233589.91781444545
greedy|2022|5000|bulk,20,2019,all,15502,8129.157557117939,19388.8545768261,37154.896634895355,92176.93964111805,213753.4110856056
greedy|2022|5000|bulk,20,2019,container,2209,4620.882600283623,18617.60514640808,46375.51632595062,191482.40297037363,363505.10250480176
greedy|2022|5000|bulk,20,2019,bulk,6371,7814.121666908264,18282.491750001907,29915.96219158173,58581.23119354248,113420.11297607422
greedy|2022|5000|bulk,20,2019,tanker,3924,8177.506139945984,18505.165828466415,41375.28384923935,98766.5554036498,195179.85929689414
greedy|2022|5000|bulk,20,2019,gas,874,11782.675832223895,27915.583904743195,61546.594891786575,133945.90279269218,266514.38347959524
greedy|2022|5000|bulk,20,2019,general,1607,9874.022726964953,23545.899140119553,56080.72426098585,135969.04499053955,301815.96770715714
greedy|2022|5000|bulk,20,2019,roro,517,12720.558922195434,26687.947923898697,41435.8901348114,115919.4217877388,283086.7072546959
greedy|2022|5000|bulk,20,2020,all,15740,7937.454546901584,19176.571551263332,35667.07718515396,101844.51311328448,232853.6397697926
greedy|2022|5000|bulk,20,2020,container,2212,4333.024881362915,16252.036929607391,38951.66350078583,221279.41763016582,381481.76443257334
greedy|2022|5000|bulk,20,2020,bulk,6573,7874.634597492218,18269.960419893265,28489.08038043976,57904.96666145325,127807.95582847596
greedy|2022|5000|bulk,20,2020,tanker,3944,8007.924417865277,17995.47605419159,40895.40797662735,115682.03330856562,218725.74350273606
greedy|2022|5000|bulk,20,2020,gas,913,11561.131217002867,27817.99201202393,64811.10719680786,151825.57720470428,299282.80476341257
greedy|2022|5000|bulk,20,2020,general,1592,9370.421088388935,23177.810121297836,62469.2485704422,161978.60887002945,316418.77630453114
greedy|2022|5000|bulk,20,2020,roro,506,11926.778470993042,23925.40703499317,39031.657970786095,126733.44252574444,302152.43706965446
greedy|2022|5000|bulk,20,2021,all,16620,8710.531282997132,19416.734780073166,36873.60198426247,104827.81340070069,241801.90740586232
greedy|2022|5000|bulk,20,2021,container,2505,5030.047517585755,16310.592457294464,39502.86397063732,225892.16153538227,381625.5870884895
greedy|2022|5000|bulk,20,2021,bulk,6773,9444.917135512831,19475.61886310577,30112.563747882843,61123.07579612732,134887.27118740085
greedy|2022|5000|bulk,20,2021,tanker,4085,7208.045395231247,16580.143221855164,40833.06728696823,119961.57097806036,229064.83034901615
greedy|2022|5000|bulk,20,2021,gas,977,13435.852490079404,31346.262408733368,70451.21024227142,165032.47634792328,310535.86139202106
greedy|2022|5000|bulk,20,2021,general,1751,10601.298530101776,22683.833150863647,55286.00098544359,163469.4703925848,314053.86789131165
greedy|2022|5000|bulk,20,2021,roro,529,13300.993410205841,24692.02063179016,37660.74710941315,121340.71725988388,353252.97357511515
greedy|2022|5000|bulk,20,2022,all,17691,7912.724079608917,18119.12612426281,35365.890298843384,99949.20628809929,237976.44405937195
greedy|2022|5000|bulk,20,2022,container,2890,4690.602329349518,12644.025000452997,26240.229611754417,204184.75166277963,368238.0672999382
greedy|2022|5000|bulk,20,2022,bulk,7090,8460.963377475739,18813.30786728859,30004.974723160267,59754.01149392128,126388.86263475419
greedy|2022|5000|bulk,20,2022,tanker,4229,7161.145913553238,16317.154712677002,39074.58767414093,118419.70742082596,228601.32260799414
greedy|2022|5000|bulk,20,2022,gas,991,11547.025295257568,30584.12735056877,75697.14079618454,170553.7963257134,323310.03789901733
greedy|2022|5000|bulk,20,2022,general,1884,10039.632577453647,19925.987827897072,50101.589565351605,150646.4314698875,304714.9782835961
greedy|2022|5000|bulk,20,2022,roro,607,12102.396537780762,23002.32745027542,36328.06757068634,87729.03356075287,310374.33602426347
greedy|2022|5000|bulk,20,2023,all,17714,7940.347946548463,18069.667029619217,34288.691157341,98932.03814204037,232757.3528282524
greedy|2022|5000|bulk,20,2023,container,2948,4621.613353967667,13232.983874082565,33639.38799715042,198177.63860760632,352382.9608811856
greedy|2022|5000|bulk,20,2023,bulk,7061,8322.844778060913,18144.04376220703,27886.33651638031,54651.22159194946,115821.61667060852
greedy|2022|5000|bulk,20,2023,tanker,4262,8026.32139234543,16699.10234105587,41543.851794719696,118750.6486942172,225021.108887291
greedy|2022|5000|bulk,20,2023,gas,993,12455.608543300628,29556.67637252808,76963.58084774017,165147.12025123835,308415.1068826676
greedy|2022|5000|bulk,20,2023,general,1849,9728.07395401001,21438.47115945816,51131.656569480896,152174.78323459625,302396.1453458787
greedy|2022|5000|bulk,20,2023,roro,601,12751.454725027084,22982.01201796532,34897.164575099945,85986.48049688339,304310.2347404361
greedy|2022|5000|bulk,20,2024,all,16746,7682.209122657776,17858.760509729385,32924.521980285645,91748.3285987377,218504.00649909675
greedy|2022|5000|bulk,20,2024,container,2715,4665.710906505586,13905.733425319195,38652.47077560425,179114.35594296455,336127.5739104268
greedy|2022|5000|bulk,20,2024,bulk,6665,8578.36704310924,18119.12612438202,26788.94841861725,51269.78408908844,104541.20081253059
greedy|2022|5000|bulk,20,2024,tanker,4087,6758.867059135437,15467.475313901901,40133.08294391632,107585.94916248322,213122.2566784501
greedy|2022|5000|bulk,20,2024,gas,951,10828.272641524673,27860.031136512756,68858.69801664352,158057.21897411346,302290.16400432587
greedy|2022|5000|bulk,20,2024,general,1767,9589.607296752929,19604.420033216473,46823.6924123764,141918.03420341015,297167.4291839601
greedy|2022|5000|bulk,20,2024,roro,561,13940.081219911575,23016.514441609383,35159.435754776,94056.7233672142,294108.36753320694
greedy|2022|5000|bulk,20,2025,all,17006,7739.886469841003,17825.22424387932,31750.843912124634,76307.37824356556,186593.42994451523
greedy|2022|5000|bulk,20,2025,container,2779,5149.171349906922,15323.364373207092,35841.828352451324,138240.71935677528,290706.6040472985
greedy|2022|5000|bulk,20,2025,bulk,6820,8690.618825137615,18126.112557649612,26538.684962272644,46773.78363916278,87189.86718778612
greedy|2022|5000|bulk,20,2025,tanker,4099,6632.21971359253,14608.073045611382,36460.711592912674,89540.69499969482,192982.11295547488
greedy|2022|5000|bulk,20,2025,gas,951,10379.861307382584,26299.361925601963,60985.11209964752,127980.37564998865,262027.8946847916
greedy|2022|5000|bulk,20,2025,general,1769,9856.01271686554,18394.11846522987,40765.97662639618,117154.81701862812,280566.5775139809
greedy|2022|5000|bulk,20,2025,roro,588,13001.211787891389,23814.30704540014,36659.80936574935,83092.93247157335,242652.31011614934
greedy|2022|5000|container,20,2018,all,15321,6990.4636054039,14231.573740959167,25766.74457168579,45262.42718791962,84094.10146331787
greedy|2022|5000|container,20,2018,container,2234,3103.309400558472,6107.84878629446,11791.892078399658,29460.348191082478,129587.69606698213
greedy|2022|5000|container,20,2018,bulk,6294,12422.101000976565,21183.7933293283,31019.165468215942,47910.61663746834,76386.00762405395
greedy|2022|5000|container,20,2018,tanker,3798,7212.7452816963205,13448.645773291588,23452.101818561554,39466.74179363251,69578.07701063156
greedy|2022|5000|container,20,2018,gas,820,10944.898759110272,17416.74768304825,30886.243654191494,54842.2590264678,116782.95686111454
greedy|2022|5000|container,20,2018,general,1646,6843.632963657379,12618.843085885048,25028.644328594208,49465.36389875412,94574.89638352394
greedy|2022|5000|container,20,2018,roro,529,9047.743870449067,15038.44409108162,23257.19255542755,39035.61035609245,127796.23122462553
greedy|2022|5000|container,20,2019,all,15502,7709.9422674924135,15908.187383413315,29856.30542707443,54182.12028467656,101749.87110850809
greedy|2022|5000|container,20,2019,container,2209,3005.3734976291657,6064.804604530335,12645.790961027144,45645.93212461472,157367.8737945557
greedy|2022|5000|container,20,2019,bulk,6371,13402.986665993929,23093.514070868492,35033.33821773529,55160.767424583435,89417.5157995224
greedy|2022|5000|container,20,2019,tanker,3924,8240.99432196617,14996.342357620597,26553.398443698883,46847.113820910454,80537.81850597862
greedy|2022|5000|container,20,2019,gas,874,12574.35761713982,19920.739473611116,33615.9925224781,67830.66227436066,141697.79797940262
greedy|2022|5000|container,20,2019,general,1607,7685.013798236847,14711.69442731142,32039.49741077423,65707.13509106636,125937.50027666093
greedy|2022|5000|container,20,2019,roro,517,10234.440605545044,17291.59607028961,25941.509310126305,47333.8524017334,185247.29470265505
greedy|2022|5000|container,20,2020,all,15740,7957.078688704968,16317.370440125465,29451.755965590477,54327.36602830887,110940.48302931787
greedy|2022|5000|container,20,2020,container,2212,2865.9348026514053,5971.139160454273,12839.877816617489,43097.72496248782,186890.57561726574
greedy|2022|5000|container,20,2020,bulk,6573,15080.167445373536,23232.12687587738,34326.173228383064,54684.40341377258,95181.07392148973
greedy|2022|5000|container,20,2020,tanker,3944,8232.10843257904,14541.116342306137,26054.5160279274,46643.37164545059,85977.55506057145
greedy|2022|5000|container,20,2020,gas,913,13498.768352508545,20371.7885055542,35722.56167602539,70944.45021772385,150263.77883081444
greedy|2022|5000|container,20,2020,general,1592,7376.821032182874,14522.779275365174,31511.07433986664,73998.75209641457,134733.42300770283
greedy|2022|5000|container,20,2020,roro,506,9853.374910056591,16510.35141426325,26229.750595211983,49995.77799987793,206496.83663773534
greedy|2022|5000|container,20,2021,all,16620,8245.483647441864,16581.35185921192,29706.338789224625,54700.11782479287,113035.42887983927
greedy|2022|5000|container,20,2021,container,2505,3046.4816279411316,6283.35995388031,12920.794206619265,37934.24806022644,175176.98407604694
greedy|2022|5000|container,20,2021,bulk,6773,16240.891449546814,23834.46970272064,35852.871735572815,57344.7364282608,99212.26139450075
greedy|2022|5000|container,20,2021,tanker,4085,7903.630104899406,14338.901319503784,25658.762407779694,45764.59281015396,87296.11372618673
greedy|2022|5000|container,20,2021,gas,977,15385.537492752075,23525.34205722809,37963.59761714935,76533.33250331879,164916.6783975601
greedy|2022|5000|container,20,2021,general,1751,8570.504333496094,14779.132117033005,29239.055114269257,68811.75186753273,133562.81898975372
greedy|2022|5000|container,20,2021,roro,529,9012.943060302734,17282.94339823723,26785.725712776184,54749.26444768906,208910.76094760885
greedy|2022|5000|container,20,2022,all,17691,7124.380147457123,14972.153522968292,27746.801652908325,52285.903027266264,110202.36208629608
greedy|2022|5000|container,20,2022,container,2890,3015.4704084932805,5342.673429012299,12281.679800987244,24274.432029664516,162476.5381307721
greedy|2022|5000|container,20,2022,bulk,7090,14784.591665047408,22986.152959942818,33929.26687049866,55275.28378200531,95550.5851916552
greedy|2022|5000|container,20,2022,tanker,4229,7263.856444931031,13652.587588071823,24499.16315317154,44235.72066450119,88081.19296054846
greedy|2022|5000|container,20,2022,gas,991,14821.621523857117,22036.735558986664,39868.98200082779,85697.5320571661,171672.49680757523
greedy|2022|5000|container,20,2022,general,1884,7743.923543691635,13583.21909044683,27483.750294208527,63273.86576294899,133404.1523452759
greedy|2022|5000|container,20,2022,roro,607,8850.308760356904,16294.839776277542,25487.261746406555,48280.50809121132,187278.93859459154
greedy|2022|5000|container,20,2023,all,17714,6888.257025182248,14863.968851864338,27845.09937286377,53161.112849354744,109288.94158701898
greedy|2022|5000|container,20,2023,container,2948,2904.885150718689,5041.777063131332,12375.160409092903,25675.817910850048,149300.66837431196
greedy|2022|5000|container,20,2023,bulk,7061,13482.076682806017,22506.99545955658,33457.29622077942,54402.94809436798,94645.30899524689
greedy|2022|5000|container,20,2023,tanker,4262,7659.154172229767,13724.528742939234,24601.203898906708,46688.23041880131,90377.41413836481
greedy|2022|5000|container,20,2023,gas,993,15512.047655487062,23590.27236890793,42762.2354850769,92084.11772251128,177523.28717365288
greedy|2022|5000|container,20,2023,general,1849,7648.930631065369,13562.003375530245,29401.28894138336,66119.89607048035,129624.69787774085
greedy|2022|5000|container,20,2023,roro,601,10661.129787683489,15966.557521507144,24471.676999658343,45431.85703802109,185370.95455563068
greedy|2022|5000|container,20,2024,all,16746,6977.9629488140345,15212.01499003172,29227.588483929634,56087.57147908211,106457.18720781803
greedy|2022|5000|container,20,2024,container,2715,2935.0479917526245,5671.10551404953,13055.571763038635,29584.112673789263,142191.55375304213
greedy|2022|5000|container,20,2024,bulk,6665,13262.516939926149,23053.55387735367,35164.5679731369,56639.71126079559,92466.79415016175
greedy|2022|5000|container,20,2024,tanker,4087,6959.263705444336,13855.868201971054,26167.789498329163,49133.571969628334,91265.97563786506
greedy|2022|5000|container,20,2024,gas,951,17223.434986114502,24734.668678462505,48868.48660707474,94048.99090492725,173360.65747833252
greedy|2022|5000|container,20,2024,general,1767,7161.217976570129,13443.621891021729,29824.59144306183,64308.18952250481,120264.87921695714
greedy|2022|5000|container,20,2024,roro,561,11160.058014631271,17222.192521095276,26006.121614336967,46506.680656313896,179733.79070186615
greedy|2022|5000|container,20,2025,all,17006,6986.1045751571655,15284.433747157454,28485.257186174393,51031.854723215096,93768.04248142242
greedy|2022|5000|container,20,2025,container,2779,3158.911468744278,6106.795082420111,13866.329227924349,28987.628301858902,112319.66132059119
greedy|2022|5000|container,20,2025,bulk,6820,13332.028689193725,22757.043278217316,34534.05337572098,52408.19554656744,82452.25161025528
greedy|2022|5000|container,20,2025,tanker,4099,6058.124082660675,13493.752183318138,25152.51315689087,44986.82314491272,81731.23188215494
greedy|2022|5000|container,20,2025,gas,951,14515.384238928556,25899.59128761291,44530.43883681297,83717.02376651764,148160.1209383011
greedy|2022|5000|container,20,2025,general,1769,7601.9651363372805,13664.293665885923,28683.21396350861,56749.18906354904,110766.83130534293
greedy|2022|5000|container,20,2025,roro,588,9990.802730321884,17384.7523778677,25999.47021317482,43106.83348560333,135218.99284322263
greedy|2022|7000|all,20,2018,all,15321,6629.844689369202,11655.840892791748,19583.85021972656,29939.65780735016,53110.37792491913
greedy|2022|7000|all,20,2018,container,2234,3595.433276462555,6887.058441579342,11429.489135801792,24799.86489582062,97187.85610696083
greedy|2022|7000|all,20,2018,bulk,6294,9855.239174509048,16491.904550671577,22365.113913059235,31998.939643383022,48188.07074923515
greedy|2022|7000|all,20,2018,tanker,3798,5540.98621711731,9964.802481293678,16104.370035409927,24850.582035541534,40768.9664678574
greedy|2022|7000|all,20,2018,gas,820,7280.144827735424,13231.39840435982,20275.2000041008,38499.272121191025,63639.047548763476
greedy|2022|7000|all,20,2018,general,1646,7545.464834623039,11998.205831229685,19650.266615867615,32308.655361950397,65345.93442726135
greedy|2022|7000|all,20,2018,roro,529,9642.349607372284,13596.43526816368,20218.74543428421,29396.806855738163,72247.90179710378
greedy|2022|7000|all,20,2019,all,15502,7050.8372345328335,12485.682706594467,21241.97848379612,34625.03981137276,64447.065751390124
greedy|2022|7000|all,20,2019,container,2209,3384.2019987106323,7165.993588924408,12103.063579559326,35025.76954579353,120377.73314676285
greedy|2022|7000|all,20,2019,bulk,6371,10693.525552749634,17836.99771118164,24053.22549343109,36310.920205146074,55650.278146743774
greedy|2022|7000|all,20,2019,tanker,3924,6108.103665065765,10529.770962923765,17341.14143562317,27392.77331990004,49330.80697236061
greedy|2022|7000|all,20,2019,gas,874,8421.641993118823,14698.918719410896,23544.204494163394,42645.402668237686,84364.54052708151
greedy|2022|7000|all,20,2019,general,1607,8104.699449920655,13720.848410129547,22894.73209702852,40253.92860094458,86412.4604048729
greedy|2022|7000|all,20,2019,roro,517,9438.370254516602,13789.99171924591,20797.89916753769,33510.35325551033,105582.59178166407
greedy|2022|7000|all,20,2020,all,15740,7037.3121435523035,12680.28789922595,21147.090183258057,34131.61021208763,68716.09210014346
greedy|2022|7000|all,20,2020,container,2212,3443.5618527412416,7053.5090482234955,12230.225052893162,34362.45987876505,140308.23801814916
greedy|2022|7000|all,20,2020,bulk,6573,11317.134575891496,18152.48104000092,23928.377089500427,35436.09842300415,56791.223117065434
greedy|2022|7000|all,20,2020,tanker,3944,5879.841507792473,10322.260225772858,16921.258991241455,26312.296059131622,50911.70778350831
greedy|2022|7000|all,20,2020,gas,913,8690.378156661987,16202.144709587095,24665.1607735157,44347.5050573349,93980.92982187273
greedy|2022|7000|all,20,2020,general,1592,7583.440226685256,13020.698993489146,23188.195295095444,42144.47680525482,94399.39582560364
greedy|2022|7000|all,20,2020,roro,506,9344.770056009293,13070.714097946882,20241.32178041339,32827.07437181473,115484.98856520653
greedy|2022|7000|all,20,2021,all,16620,7459.347990560532,12886.383903816342,21469.18257212639,34736.64014172554,69571.08713674545
greedy|2022|7000|all,20,2021,container,2505,4045.797203302383,7678.026628494263,12553.358354121448,30899.784501075745,142856.15597001315
greedy|2022|7000|all,20,2021,bulk,6773,12459.695517396927,18483.354524612427,24375.3625292778,36893.19407844544,58128.81835184098
greedy|2022|7000|all,20,2021,tanker,4085,5758.192098569871,10115.062191963196,16703.29584646225,26592.845029830933,49930.06558871266
greedy|2022|7000|all,20,2021,gas,977,10367.832287788391,17263.780864715576,26550.78456306457,48036.685416698456,97024.63943881988
greedy|2022|7000|all,20,2021,general,1751,8861.534903526306,13638.804840564728,22951.69337177277,42257.003062069416,91794.17579364777
greedy|2022|7000|all,20,2021,roro,529,9825.274180698396,13952.120805740356,20862.642011642456,33878.714515686035,112460.5636252418
greedy|2022|7000|all,20,2022,all,17691,6796.430675029755,12257.294836626097,20496.835122466087,33433.4808781147,68277.69403243065
greedy|2022|7000|all,20,2022,container,2890,3970.1281508445736,7352.094244599342,12354.214145898819,25683.799896359444,133542.77923975288
greedy|2022|7000|all,20,2022,bulk,7090,11191.679174900055,17640.970071710646,23624.51933002472,35290.127188682556,55691.007976162466
greedy|2022|7000|all,20,2022,tanker,4229,5721.131571960449,9909.935050725937,16380.107963323591,25836.72873783112,49875.65495491034
greedy|2022|7000|all,20,2022,gas,991,10283.547366797924,16458.044649362564,25718.124764442444,50126.73712897301,95291.49582767488
greedy|2022|7000|all,20,2022,general,1884,8210.624454307555,13065.877769738436,21889.32883787155,41834.926844034344,90115.51527543069
greedy|2022|7000|all,20,2022,roro,607,9015.869828510284,13550.619930028915,20158.14534139633,32788.82010947168,96842.49131825565
greedy|2022|7000|all,20,2023,all,17714,6807.797977209092,12129.955924749374,20364.25634765625,33396.289739228785,68430.37294362785
greedy|2022|7000|all,20,2023,container,2948,3846.2997243404393,7439.035956799984,13344.640518784523,28276.212449371815,132819.44775547987
greedy|2022|7000|all,20,2023,bulk,7061,10293.906273722649,17005.479692459106,23072.931262016296,34128.271466732025,55206.7440495491
greedy|2022|7000|all,20,2023,tanker,4262,5920.998041629791,9812.16357678175,16226.171120285988,25804.347202777863,52896.87936933041
greedy|2022|7000|all,20,2023,gas,993,10553.97169878483,16962.405588150024,27620.215052604675,52241.96991729736,97576.12851295476
greedy|2022|7000|all,20,2023,general,1849,8143.744183111191,13315.53223991394,22410.09216117859,41401.10719299317,84591.27202682495
greedy|2022|7000|all,20,2023,roro,601,10044.817956924438,13810.065622806547,20289.44370317459,32814.704931259155,104122.18615484238
greedy|2022|7000|all,20,2024,all,16746,6627.834352016449,12618.379165410995,21212.974745988846,34935.2743396759,70483.01613108627
greedy|2022|7000|all,20,2024,container,2715,3844.503097629547,7328.998131215572,14573.63625907898,32736.724437236786,132686.05557126997
greedy|2022|7000|all,20,2024,bulk,6665,10618.385971069336,17601.730058193207,23569.814496040344,34910.7585105896,55719.12191271783
greedy|2022|7000|all,20,2024,tanker,4087,5342.187643873692,9867.723709225655,16645.727548122406,27518.934237480164,54399.06437244417
greedy|2022|7000|all,20,2024,gas,951,9605.224716544151,17506.11482000351,29550.583866119385,59142.722474217415,105198.02076101305
greedy|2022|7000|all,20,2024,general,1767,7865.392198753358,13174.214179635048,23099.78206634521,42649.746632903814,85032.07679843907
greedy|2022|7000|all,20,2024,roro,561,11252.205877304075,15461.589913845062,21586.086584091187,35426.05033016205,115487.57378039882
greedy|2022|7000|all,20,2025,all,17006,6806.993657231331,12736.877960443497,21278.42690896988,33729.61542224884,62880.372487068176
greedy|2022|7000|all,20,2025,container,2779,4389.443142318725,8389.748778104782,15749.72367286682,35065.0634573251,108681.2584692479
greedy|2022|7000|all,20,2025,bulk,6820,10874.103629016878,17693.70607507229,23532.29575586319,34362.34818440676,51080.46081256868
greedy|2022|7000|all,20,2025,tanker,4099,5123.960995435715,9870.53269147873,16397.48059654236,26548.94980955124,48479.07084150316
greedy|2022|7000|all,20,2025,gas,951,9508.868139266968,17491.428753852844,28803.72692632675,52888.90968179703,93124.43485736848
greedy|2022|7000|all,20,2025,general,1769,8351.63885793686,12997.562023162842,22559.63825577497,37952.28926372528,73786.28867335319
greedy|2022|7000|all,20,2025,roro,588,9606.52948499918,15228.153213098645,22335.35079920292,34088.718742221594,96951.9634990993
greedy|2022|7000|bulk,20,2018,all,15321,7695.203481197357,13060.252220630646,20772.303730010983,32710.46732020378,60550.83258366585
greedy|2022|7000|bulk,20,2018,container,2234,5069.172263717652,10153.571467518806,17992.172757148743,50649.59458270669,139957.20578992367
greedy|2022|7000|bulk,20,2018,bulk,6294,8746.772540855407,14917.141399770973,21123.8527636528,29423.385916233066,42608.43877086639
greedy|2022|7000|bulk,20,2018,tanker,3798,6918.1881108284,11848.454793453217,19541.968808412552,31410.537672519684,55091.66270961762
greedy|2022|7000|bulk,20,2018,gas,820,8716.568023848535,14599.551146507263,24332.416283607483,43422.02051693201,83597.95474076271
greedy|2022|7000|bulk,20,2018,general,1646,8193.613535642624,13037.365847110748,22488.62972187996,40733.58997398615,90064.90433979034
greedy|2022|7000|bulk,20,2018,roro,529,11455.513950586319,16102.180799484251,23262.123727321625,34274.20600509644,99423.84319217205
greedy|2022|7000|bulk,20,2019,all,15502,8161.814838218688,14169.933824539185,22741.661841392517,38216.65178489685,76805.5605825603
greedy|2022|7000|bulk,20,2019,container,2209,5427.206802749633,10402.75792503357,20396.86688026786,71890.98945564032,173137.81262235643
greedy|2022|7000|bulk,20,2019,bulk,6371,9203.014128684998,16655.367702007294,22703.22958850861,33275.59249615669,49461.8101940155
greedy|2022|7000|bulk,20,2019,tanker,3924,7541.241956156492,12626.231126099825,21365.363945364952,36491.13902413845,68144.80923566819
greedy|2022|7000|bulk,20,2019,gas,874,9632.407592344285,16294.145193576813,27007.771815776825,51324.272090911865,103133.95769343377
greedy|2022|7000|bulk,20,2019,general,1607,9502.949030995369,15958.447800636292,26931.27039194107,51386.8315474987,109279.94930129056
greedy|2022|7000|bulk,20,2019,roro,517,12068.376042175292,17527.802738666534,24497.126460552216,41240.39583110809,133091.5061421634
greedy|2022|7000|bulk,20,2020,all,15740,8226.443267017603,14205.24161672592,22525.097555160522,37713.24509549141,84053.76520514491
greedy|2022|7000|bulk,20,2020,container,2212,4960.071657562256,10905.909268796444,21254.2172447443,81783.65119934082,196211.7946358204
greedy|2022|7000|bulk,20,2020,bulk,6573,9493.539429974557,16356.602140426636,22116.80594730377,31716.51722049713,47637.86039886475
greedy|2022|7000|bulk,20,2020,tanker,3944,7442.4137327075005,12552.684769213201,21007.998846054077,36288.8597881794,74927.50270572903
greedy|2022|7000|bulk,20,2020,gas,913,9609.138187217713,16964.94964504242,26212.149249076843,49847.39152622223,111902.44751596458
greedy|2022|7000|bulk,20,2020,general,1592,9151.481534719467,15721.923747420311,27383.556154727936,56143.8498672843,121449.94659891877
greedy|2022|7000|bulk,20,2020,roro,506,10588.762305915356,15433.745449543001,23691.057251900434,41334.11458680034,140182.57938706875
greedy|2022|7000|bulk,20,2021,all,16620,8593.339146602153,14424.374719023705,22852.13213777542,38589.43614590168,87048.43041677476
greedy|2022|7000|bulk,20,2021,container,2505,5718.370629996061,11812.46543264389,22193.13401198387,79546.51741552353,202678.14366903302
greedy|2022|7000|bulk,20,2021,bulk,6773,10220.414712142945,16622.761315345764,22514.72606754303,32112.18945789337,49190.4979482651
greedy|2022|7000|bulk,20,2021,tanker,4085,6903.168472337723,11940.49009513855,20896.712387800217,36977.11473083496,76669.18843199013
greedy|2022|7000|bulk,20,2021,gas,977,11251.060130965712,17601.98432636261,28187.102709770203,54145.44844126701,116213.74399096964
greedy|2022|7000|bulk,20,2021,general,1751,9890.092639923096,15474.010269641876,27107.02757358551,54396.335499584675,115402.00113356112
greedy|2022|7000|bulk,20,2021,roro,529,11595.418568003179,17365.629791259766,24165.30069255829,38920.2591022253,135799.03369493483
greedy|2022|7000|bulk,20,2022,all,17691,8150.469441890717,13869.596390247345,22096.40054512024,38035.506526231766,86393.15629673004
greedy|2022|7000|bulk,20,2022,container,2890,5595.559624893964,11273.190528988838,21170.11304694414,68331.17400959134,193163.88984975807
greedy|2022|7000|bulk,20,2022,bulk,7090,9504.838927459718,15676.74071210623,21944.574153900146,31523.6617975235,48514.701342582724
greedy|2022|7000|bulk,20,2022,tanker,4229,6890.803380632401,11953.716048240662,19969.715713500977,35994.19507217407,78563.0388438225
greedy|2022|7000|bulk,20,2022,gas,991,10884.004244089128,16996.762711048126,27593.62652873993,58572.07857608795,124254.12210446596
greedy|2022|7000|bulk,20,2022,general,1884,9483.967403769493,15309.439997300506,27003.836658596992,53355.66461610794,113525.86061192125
greedy|2022|7000|bulk,20,2022,roro,607,9953.146317958832,15713.002355337143,22731.043958187103,37774.32401739061,113250.74696245637
greedy|2022|7000|bulk,20,2023,all,17714,8242.970477008821,13793.662279605865,22141.89497256279,38676.6842122823,87374.76640112411
greedy|2022|7000|bulk,20,2023,container,2948,5524.305981111526,11612.480762004852,22563.925884962082,74497.96765679121,188485.5676097871
greedy|2022|7000|bulk,20,2023,bulk,7061,9282.358241081238,15456.746554374697,21586.212202072144,30851.35885810852,48649.67886304855
greedy|2022|7000|bulk,20,2023,tanker,4262,7552.497461938859,11946.751853466034,20049.191559791565,36979.679223418236,78424.50234587194
greedy|2022|7000|bulk,20,2023,gas,993,11257.113647866248,17153.893596172333,32825.586705207825,68279.17643356323,130319.685510254
greedy|2022|7000|bulk,20,2023,general,1849,9547.636511850356,15876.519998550417,26685.98864841461,55286.00098544359,111047.84709787369
greedy|2022|7000|bulk,20,2023,roro,601,11590.569434165956,15861.292734146118,23645.22631835937,37335.49564170837,115487.57378039882
greedy|2022|7000|bulk,20,2024,all,16746,7796.125586271286,14314.215222716331,23251.138223171234,41178.90223587304,88148.56880021095
greedy|2022|7000|bulk,20,2024,container,2715,5368.18564271927,11941.171761572361,24990.187072992325,78663.55206948519,180710.98768110274
greedy|2022|7000|bulk,20,2024,bulk,6665,9162.092067793013,15944.919884681702,22365.372213363647,32037.494824409485,50219.13366565705
greedy|2022|7000|bulk,20,2024,tanker,4087,6587.936387062073,12189.747838556767,21241.32347011566,40481.95242810249,78415.00960025788
greedy|2022|7000|bulk,20,2024,gas,951,10025.285535812378,18750.783745735884,36447.35799407959,75005.06363964081,135971.48891830444
greedy|2022|7000|bulk,20,2024,general,1767,9404.94681301117,15807.418805800378,27419.86974477768,54093.212035954,107602.10673369176
greedy|2022|7000|bulk,20,2024,roro,561,13262.353936076164,17549.591650009155,24549.85181713104,41627.638920784,131170.51926922798
greedy|2022|7000|bulk,20,2025,all,17006,7871.495940089226,14414.730042457582,23196.718244552612,39663.16857302189,78789.07816821337
greedy|2022|7000|bulk,20,2025,container,2779,5897.583599948884,12404.934019565582,26951.92146873474,72768.43312072754,150298.8877740385
greedy|2022|7000|bulk,20,2025,bulk,6820,9454.380909442903,16376.741827428341,22399.884027957916,31849.743354380134,47109.090339565286
greedy|2022|7000|bulk,20,2025,tanker,4099,6332.467780017852,11908.298900723457,20625.752206802368,37653.26384162903,70778.32843532563
greedy|2022|7000|bulk,20,2025,gas,951,10086.00589466095,18092.542607307434,35288.15997695923,68718.19843530655,117815.02591228484
greedy|2022|7000|bulk,20,2025,general,1769,9692.193367576601,15329.62110710144,25947.17645740509,46082.519530296326,97711.89839048387
greedy|2022|7000|bulk,20,2025,roro,588,11640.404698562621,17302.977581739426,25775.11473044753,43411.9889087677,104813.5108402254
greedy|2022|7000|container,20,2018,all,15321,7137.292536735535,14517.713970661163,26202.52941799164,45574.109075546265,83177.81010484695
greedy|2022|7000|container,20,2018,container,2234,3412.638329124451,6323.86867877841,9790.059653282166,21955.66912150383,95147.37785458565
greedy|2022|7000|container,20,2018,bulk,6294,13259.644988411666,21605.925334453586,31751.623119354248,50132.53085017204,80642.28708148448
greedy|2022|7000|container,20,2018,tanker,3798,7587.459804630281,13693.949162244797,23297.744902849197,38927.06146508455,68271.99715385442
greedy|2022|7000|container,20,2018,gas,820,12643.926726698875,18476.82316070795,34533.79196238518,66443.64520347118,131788.3426878989
greedy|2022|7000|container,20,2018,general,1646,7735.52601224184,14384.090767264368,26239.03454732895,48722.3761575222,89093.703223577
greedy|2022|7000|container,20,2018,roro,529,9595.410302686692,16718.883398771286,25300.364411711693,41053.11061096192,95016.6925062477
greedy|2022|7000|container,20,2019,all,15502,7844.570585989953,16029.093088150024,30294.33114528656,54907.41100656986,100383.78963640927
greedy|2022|7000|container,20,2019,container,2209,3198.2477353572845,6176.117455482483,10220.064435958862,29868.017786860462,121044.88536251785
greedy|2022|7000|container,20,2019,bulk,6371,14158.872616767883,23710.56799119711,36522.99862480164,57778.59766685963,93452.93364048004
greedy|2022|7000|container,20,2019,tanker,3924,8608.857229423524,15362.46882176399,26048.447402477264,45210.52242008597,79761.91407461169
greedy|2022|7000|container,20,2019,gas,874,13565.53674583435,21917.3196144104,38849.42586326599,81531.6679494381,161034.36340918558
greedy|2022|7000|container,20,2019,general,1607,9246.60725708008,16848.86253786087,33661.06202697754,65078.04449701309,118532.24948527003
greedy|2022|7000|container,20,2019,roro,517,10560.942994499206,18573.915556669235,28459.42598009109,48343.51075363159,128326.35847041766
greedy|2022|7000|container,20,2020,all,15740,8067.483986949921,16545.41842663288,30175.88418531418,55477.08314704895,110670.44791674615
greedy|2022|7000|container,20,2020,container,2212,3062.390659761429,6189.788695693016,10676.110323667526,23115.270892739292,134640.53201218255
greedy|2022|7000|container,20,2020,bulk,6573,15873.563046073912,23974.8853559494,36246.90018463135,58397.93233346939,101989.78102216723
greedy|2022|7000|container,20,2020,tanker,3944,8842.006405043601,15208.387870848177,26223.59525823593,46179.67612981796,84967.1908308983
greedy|2022|7000|container,20,2020,gas,913,14092.536526036261,22060.460894584656,39597.417137146,85100.2793712616,170284.76702137003
greedy|2022|7000|container,20,2020,general,1592,9010.548282790185,17313.755544491112,32858.56649515033,70495.58485791553,131763.66452164654
greedy|2022|7000|container,20,2020,roro,506,10953.00464488566,17138.564013302326,26882.92983007431,45811.88458046317,145741.29609668255
greedy|2022|7000|container,20,2021,all,16620,8408.577983164787,16919.85059645772,30770.69715476036,56215.13867303077,112106.02630634312
greedy|2022|7000|container,20,2021,container,2505,3662.143274497986,6565.3226499557495,11260.081315755844,24716.577102661133,133795.07081804276
greedy|2022|7000|container,20,2021,bulk,6773,17097.807542473078,24854.613830566406,37587.47286605835,60395.51296520233,104559.55651340485
greedy|2022|7000|container,20,2021,tanker,4085,8667.768250894547,15032.452317595482,25616.429884910583,45878.60857725144,85906.38374918699
greedy|2022|7000|container,20,2021,gas,977,17238.041931533815,25997.847060203552,42327.77328872681,90979.5101122856,179272.94241099356
greedy|2022|7000|container,20,2021,general,1751,10836.959276676178,17540.82746899128,31711.921459198,67785.64371241629,129592.03632879256
greedy|2022|7000|container,20,2021,roro,529,11861.979976320266,19742.92048406601,29085.67912340164,52360.772226810455,164214.74021253572
greedy|2022|7000|container,20,2022,all,17691,7648.2019147872925,15583.001992464066,28809.40118199587,54324.196442604065,110702.01006889345
greedy|2022|7000|container,20,2022,container,2890,3602.9926698625086,6195.240091741085,11048.334174394608,21638.657179874368,121618.01151206194
greedy|2022|7000|container,20,2022,bulk,7090,15755.100372838975,23714.863961696625,36284.464581012726,58728.55682945252,101354.68511934282
greedy|2022|7000|container,20,2022,tanker,4229,7958.012260055542,14417.034763336182,24625.931637763977,44379.311180114746,84451.11215829852
greedy|2022|7000|container,20,2022,gas,991,16386.304816246033,24580.95728445053,46989.76116371155,99619.99376392365,185176.01728844643
greedy|2022|7000|container,20,2022,general,1884,9671.250050258637,16385.109656572342,30873.215279579163,64382.13319826126,129706.35175011157
greedy|2022|7000|container,20,2022,roro,607,10270.739689826965,18256.597145557404,28740.539382576942,53151.22880625725,181824.10774583806
greedy|2022|7000|container,20,2023,all,17714,7529.588625860215,15216.844413042068,28720.10598564148,54931.709056854255,111101.3698802218
greedy|2022|7000|container,20,2023,container,2948,3351.3254273414614,5974.155379399657,11369.96104067564,22669.972037374973,122725.17159233107
greedy|2022|7000|container,20,2023,bulk,7061,14415.86929154396,23184.57896375656,35313.666447639465,57703.48166275024,100951.1716041565
greedy|2022|7000|container,20,2023,tanker,4262,8315.795693099499,14149.597444057465,24896.86463880539,45647.74903345108,86961.4221579075
greedy|2022|7000|container,20,2023,gas,993,17365.498597478865,26334.211648225784,51672.17463684082,104944.30288696288,188980.0069768906
greedy|2022|7000|container,20,2023,general,1849,9277.797160339356,16182.681225717068,31828.766130924225,66372.71850323677,126560.56521606447
greedy|2022|7000|container,20,2023,roro,601,11446.82233428955,17005.623668670654,26081.546065330505,48957.52494955063,180250.1925983429
greedy|2022|7000|container,20,2024,all,16746,7687.359279632568,15879.873391151428,30770.13175868988,58375.592821359634,110010.04816102982
greedy|2022|7000|container,20,2024,container,2715,3647.5060589551927,6503.01927113533,12249.963257074356,25940.02606701851,125292.11264324187
greedy|2022|7000|container,20,2024,bulk,6665,14356.784839391708,23709.98613274097,36996.26974773407,60963.79685878754,99518.01970882418
greedy|2022|7000|container,20,2024,tanker,4087,7559.363072776794,14631.506711959839,26784.02459049225,48423.11501181126,87787.66209459305
greedy|2022|7000|container,20,2024,gas,951,17886.652150154114,28297.211130976677,57526.13808059693,107159.019577384,186263.49862217903
greedy|2022|7000|container,20,2024,general,1767,9286.3588514328,16028.434076428413,32934.54664897919,67091.35726904869,123862.74651784898
greedy|2022|7000|container,20,2024,roro,561,13738.557745456696,18717.710691213608,29012.06447505951,54568.97173833847,178374.46581292152
greedy|2022|7000|container,20,2025,all,17006,7871.126869559288,16138.097335278988,30021.415088176727,53762.8416454792,98046.33226406574
greedy|2022|7000|container,20,2025,container,2779,3863.2410616874695,6949.695897817612,12674.234318733215,26066.102274775505,108662.04121093759
greedy|2022|7000|container,20,2025,bulk,6820,14252.933592224124,23270.52703988552,36192.88833105564,56030.711617827415,88922.89786410333
greedy|2022|7000|container,20,2025,tanker,4099,6922.87899389267,14362.81135058403,26287.2032995224,45715.09683203697,80760.77612609867
greedy|2022|7000|container,20,2025,gas,951,17492.822506904602,29573.95522403717,52513.55210113525,94582.1573125124,166993.09287649393
greedy|2022|7000|container,20,2025,general,1769,9681.524157905578,16181.90608215332,31330.593278884888,59709.76567459106,114071.74638805393
greedy|2022|7000|container,20,2025,roro,588,12127.239270180464,19507.119349956512,30242.357864499092,47208.194873809814,139943.14343821415
greedy|2023|10000|all,20,2018,all,15321,6658.810391426086,11444.362488746645,19060.49522590637,28645.713280677795,49843.23086929321
greedy|2023|10000|all,20,2018,container,2234,3585.052805328369,7160.063675522804,11418.428468942642,23948.425464093685,95420.32515936048
greedy|2023|10000|all,20,2018,bulk,6294,9592.926644659043,15500.265343308449,21695.378667116165,30132.655908465385,44613.25783672333
greedy|2023|10000|all,20,2018,tanker,3798,5514.617981863022,9922.005996942518,15750.954392910004,24246.57941055298,39433.64261845351
greedy|2023|10000|all,20,2018,gas,820,7167.938417959213,12621.387599050999,19584.85608100891,36349.9903280437,60854.20043141842
greedy|2023|10000|all,20,2018,general,1646,7494.601206749678,12029.903245151043,19056.009002879262,31778.817386865616,65236.80078468565
greedy|2023|10000|all,20,2018,roro,529,9642.349607372284,13620.878336906431,20211.198227643967,27760.350524902344,65179.50476417541
greedy|2023|10000|all,20,2019,all,15502,7097.350034880638,12245.132134318352,20654.279631137848,32588.638998404145,59329.4585297346
greedy|2023|10000|all,20,2019,container,2209,3396.9336652755733,7519.960162639618,11890.220918655396,31950.211274147037,113496.9408455372
greedy|2023|10000|all,20,2019,bulk,6371,10396.804697990416,17019.141613066196,23241.206217765808,33748.82547104359,50336.57618999481
greedy|2023|10000|all,20,2019,tanker,3924,6069.4947894573215,10437.133739560843,17141.563925027847,26998.194358348846,47888.19990687375
greedy|2023|10000|all,20,2019,gas,874,8337.21162185669,13876.560844659805,21964.31647026539,39308.75801253319,75895.52691140176
greedy|2023|10000|all,20,2019,general,1607,8034.920176696778,13376.40678346157,22241.22878754139,38829.82228642702,85739.16205120091
greedy|2023|10000|all,20,2019,roro,517,9430.506571435928,14087.042355537416,20868.106199264526,30262.82629776001,99540.97239729167
greedy|2023|10000|all,20,2020,all,15740,7161.802824091911,12331.730895757675,20372.59584236145,31724.489857681092,62438.589765310295
greedy|2023|10000|all,20,2020,container,2212,3455.848012018204,7720.584522843361,12169.121884346008,30352.19991724193,135686.8806437016
greedy|2023|10000|all,20,2020,bulk,6573,10898.639400744438,17158.894513130188,22872.29278898239,32355.175086975098,49978.67555971146
greedy|2023|10000|all,20,2020,tanker,3944,5915.510055446624,10203.978365063667,16795.251201868057,26050.42559361458,49412.21517171861
greedy|2023|10000|all,20,2020,gas,913,8610.310962867738,14977.43637752533,22874.51632499695,41304.901094436646,86431.99921169283
greedy|2023|10000|all,20,2020,general,1592,7524.52543039322,12777.453650355339,22330.10572719574,41554.933404773474,94399.39582560364
greedy|2023|10000|all,20,2020,roro,506,9594.551857829094,13445.484871268272,19986.75178401172,29742.948100686077,108102.45973646642
greedy|2023|10000|all,20,2021,all,16620,7603.398459768296,12576.021575927734,20519.42385482788,32145.751262187958,62705.1762210846
greedy|2023|10000|all,20,2021,container,2505,4114.004596710205,8022.949528694153,12471.317930221558,32318.43350028992,142719.31408479213
greedy|2023|10000|all,20,2021,bulk,6773,11836.517554283142,17535.557178497314,23170.58768939972,33143.018902778625,50961.30885143282
greedy|2023|10000|all,20,2021,tanker,4085,5834.484386062622,9940.749390602112,16330.649660110474,26147.53043985367,46382.175539398166
greedy|2023|10000|all,20,2021,gas,977,9801.308040237427,16008.51824259758,24312.825724363327,43468.71047210693,89262.4381391525
greedy|2023|10000|all,20,2021,general,1751,8842.367951393127,13380.920394897461,21793.10194349289,41186.064492464066,90968.243029356
greedy|2023|10000|all,20,2021,roro,529,10203.841415596009,14530.05087685585,21356.85733166337,30978.432592213157,100155.18278455728
greedy|2023|10000|all,20,2022,all,17691,6941.710116386414,11938.865808486938,19574.55033874512,30984.11386537552,61619.00118494034
greedy|2023|10000|all,20,2022,container,2890,4025.4602791547777,7917.7329542040825,12271.80148512125,27172.576396081597,133210.55290410516
greedy|2023|10000|all,20,2022,bulk,7090,10678.31380546093,16488.09486269951,22410.81835103035,31981.825907707218,48631.63919951916
greedy|2023|10000|all,20,2022,tanker,4229,5667.463287496566,9821.952310562134,15682.029945373535,24911.32440471649,46173.24023494725
greedy|2023|10000|all,20,2022,gas,991,9172.407172203064,15033.989929676056,22786.23600268364,45014.050754994154,86831.52507972717
greedy|2023|10000|all,20,2022,general,1884,8105.206496351958,12653.651676416395,20564.6961684227,41052.154639750726,88926.79863605501
greedy|2023|10000|all,20,2022,roro,607,9440.50697054863,13930.875652074814,19900.480206549168,29590.836338847876,81858.39440461391
greedy|2023|10000|all,20,2023,all,17714,6903.043451976777,11821.308845520021,19527.641587257385,31096.467055797577,63693.85769872667
greedy|2023|10000|all,20,2023,container,2948,3846.2997243404393,8086.889137268066,13158.686182975769,34076.04719132185,133807.79412721115
greedy|2023|10000|all,20,2023,bulk,7061,9992.475957870483,15591.900443077087,21929.999185323715,30951.64281272888,48203.81427001953
greedy|2023|10000|all,20,2023,tanker,4262,6008.446114063264,9652.649921536446,15576.339099258184,24573.58674705028,48802.59304896595
greedy|2023|10000|all,20,2023,gas,993,9784.794298410416,15220.476008534431,25733.23556041717,49196.63014984131,90338.52842245104
greedy|2023|10000|all,20,2023,general,1849,7926.948530197144,12884.600206375122,21678.38053512573,39952.73363447189,84591.27202682495
greedy|2023|10000|all,20,2023,roro,601,10547.40371119976,14097.868690490724,19664.940734386444,28543.875477313995,88000.16087436676
greedy|2023|10000|all,20,2024,all,16746,6724.966679811478,12242.22945779562,20501.421944618225,32788.847653627396,65333.63510629535
greedy|2023|10000|all,20,2024,container,2715,3878.604981899262,8146.424018085003,14503.882880926132,40196.39234161377,132686.05557126997
greedy|2023|10000|all,20,2024,bulk,6665,10341.167502212524,16554.319440364838,22557.18457889557,31890.852131843567,49984.896980667116
greedy|2023|10000|all,20,2024,tanker,4087,5298.043288803101,9793.19793355465,16335.036414146423,26211.145973205566,50771.84827940464
greedy|2023|10000|all,20,2024,gas,951,9258.879893302916,15969.371392726898,27335.6022939682,55107.14293324947,97383.79714918137
greedy|2023|10000|all,20,2024,general,1767,7841.751614761352,13090.686699271202,22303.00489807129,40743.06180366874,85106.40676698691
greedy|2023|10000|all,20,2024,roro,561,11858.765252104027,15497.367502212524,20930.430870056152,30565.73986530304,93625.29968738556
greedy|2023|10000|all,20,2025,all,17006,6947.32267832756,12555.804211497305,20593.98907327652,32067.669186353683,59426.2009601593
greedy|2023|10000|all,20,2025,container,2779,4403.2247547149655,8874.699750423431,15799.268007278442,42038.68815034628,111621.85859802068
greedy|2023|10000|all,20,2025,bulk,6820,10431.528026223184,16783.06140065193,22603.526130199432,31689.919013142586,46734.70210070611
greedy|2023|10000|all,20,2025,tanker,4099,5096.947467637062,9900.840185165405,16283.50697040558,25923.010375499725,44576.692115592996
greedy|2023|10000|all,20,2025,gas,951,9231.956192970276,16005.921956539154,27269.60460948944,50585.29226350784,88778.03290748596
greedy|2023|10000|all,20,2025,general,1769,8344.209749221802,12741.761506080627,21700.991110801697,36841.1571969986,73218.81923249515
greedy|2023|10000|all,20,2025,roro,588,10026.406585222483,15643.219006970523,21061.082028865814,31776.36399871111,74040.18248634346
greedy|2023|10000|bulk,20,2018,all,15321,8204.787905693054,13378.815424442291,21019.12446975708,36163.69514751434,82077.10304024816
greedy|2023|10000|bulk,20,2018,container,2234,6347.7388128757475,11153.752690315248,19974.41035503149,72316.446166154,181679.6957670689
greedy|2023|10000|bulk,20,2018,bulk,6294,8922.965497231484,13818.293574333191,19769.273051261902,28075.00984299183,42010.119002032276
greedy|2023|10000|bulk,20,2018,tanker,3798,7198.956907367707,12622.566674351694,20694.83979511261,36367.756763756275,74234.69322757726
greedy|2023|10000|bulk,20,2018,gas,820,10701.100251317024,16874.2062818408,29065.949416399002,54940.62492597103,95161.69275805954
greedy|2023|10000|bulk,20,2018,general,1646,9428.314168930054,14840.855711817741,24926.136002898216,58154.97814178467,151609.2492087707
greedy|2023|10000|bulk,20,2018,roro,529,13553.991897392272,19759.564871788025,30038.4781665802,63703.41072678566,196639.06488790512
greedy|2023|10000|bulk,20,2019,all,15502,8796.850788295269,14268.69657921791,23057.7388612628,42941.14202594757,102126.77717028558
greedy|2023|10000|bulk,20,2019,container,2209,6658.48488483429,11719.753570079803,22996.38566923141,97867.2563996315,224642.0154136181
greedy|2023|10000|bulk,20,2019,bulk,6371,9369.54078578949,14441.77984213829,20972.902809143063,30827.669966697693,48813.9225730896
greedy|2023|10000|bulk,20,2019,tanker,3924,7828.565873992443,13500.924615979195,23104.0365858078,43864.61456131935,86582.3584516049
greedy|2023|10000|bulk,20,2019,gas,874,11666.146553993227,18413.72025704384,31682.164249658585,64095.86477804184,118636.41611533165
greedy|2023|10000|bulk,20,2019,general,1607,10636.986766433716,17821.727984189987,31067.38309264183,81681.6189231053,183715.58690512192
greedy|2023|10000|bulk,20,2019,roro,517,15708.752052545547,22967.05633723736,33204.582612752914,91168.535905838,249592.40553622265
greedy|2023|10000|bulk,20,2020,all,15740,8895.323882859946,14288.919048190117,22581.47777736187,42373.628543615334,113347.83418303735
greedy|2023|10000|bulk,20,2020,container,2212,6658.125954520702,12116.544490844011,23341.32315337658,109932.37011351157,253627.73800258644
greedy|2023|10000|bulk,20,2020,bulk,6573,9740.715886116028,14407.00835609436,20636.638146340847,29775.49385356903,46139.80004177094
greedy|2023|10000|bulk,20,2020,tanker,3944,7803.039101648331,13468.60254022479,22364.98704814911,45323.38909959793,100478.05635433202
greedy|2023|10000|bulk,20,2020,gas,913,11853.00508685112,18493.478561878204,33032.44658088684,65741.90769958496,139424.9795352938
greedy|2023|10000|bulk,20,2020,general,1592,10426.680671882628,16937.1599547863,31365.486310735345,90573.41782438755,208596.12012541154
greedy|2023|10000|bulk,20,2020,roro,506,13900.358534008265,21511.40151679516,31970.5211635828,90489.12351198867,287466.8031537533
greedy|2023|10000|bulk,20,2021,all,16620,9630.039678573608,14790.530091285706,23095.627125024796,43115.79927524924,119248.0856881142
greedy|2023|10000|bulk,20,2021,container,2505,7429.253363513947,13020.43770122528,24733.322493076324,110429.8821978569,257771.20462601172
greedy|2023|10000|bulk,20,2021,bulk,6773,10539.31100921631,15007.774215698242,21142.396231651303,30265.7195520401,46344.15177777113
greedy|2023|10000|bulk,20,2021,tanker,4085,7280.7195079565045,12836.15258216858,22594.84983253479,45179.344782829285,101721.38980221747
greedy|2023|10000|bulk,20,2021,gas,977,13737.311727809905,20413.938066482544,35584.05188083649,67854.80242347717,136116.2193511486
greedy|2023|10000|bulk,20,2021,general,1751,11572.72002363205,17708.823970496655,31065.85252189636,91209.24632415175,208688.7620191574
greedy|2023|10000|bulk,20,2021,roro,529,15181.185957086087,21607.83650493622,31649.75344336033,85861.0310459137,338894.8450899659
greedy|2023|10000|bulk,20,2022,all,17691,8958.831341266632,14190.784055709839,22320.19415473938,42014.946142196655,114180.79632434247
greedy|2023|10000|bulk,20,2022,container,2890,6757.339393234253,12459.283013999462,22773.26015096903,93569.3373145759,244221.74591183662
greedy|2023|10000|bulk,20,2022,bulk,7090,9775.852756527067,14488.321899890898,20685.105021715164,29266.137788891796,45661.65169467926
greedy|2023|10000|bulk,20,2022,tanker,4229,7270.1117130279545,12446.830048561096,21357.382934570312,43661.18033981323,101052.38341102618
greedy|2023|10000|bulk,20,2022,gas,991,13078.605476856232,19380.220324516296,37578.28588104248,77181.41275191307,137419.24095535278
greedy|2023|10000|bulk,20,2022,general,1884,11013.556866240502,17133.062079191208,29710.99062312022,82934.92552464269,204268.0971626282
greedy|2023|10000|bulk,20,2022,roro,607,13925.189916609228,21189.11465984583,31286.67832076549,80144.13476002216,305329.19565974467
greedy|2023|10000|bulk,20,2023,all,17714,8826.630384874345,13877.631796598436,22246.25123858452,42375.08223032951,115124.10147832493
greedy|2023|10000|bulk,20,2023,container,2948,6561.276474571228,12357.99382865429,24518.551983475685,100787.31203192471,228340.57496304516
greedy|2023|10000|bulk,20,2023,bulk,7061,9341.632415771484,13956.026635169985,20164.528398513798,28315.827214241028,44183.87020587921
greedy|2023|10000|bulk,20,2023,tanker,4262,7673.327621650696,12396.973697066305,21424.15952348709,43301.01241290569,95284.33555212023
greedy|2023|10000|bulk,20,2023,gas,993,12566.461475324631,20568.98768234253,40383.23528766632,88167.08334541321,145371.56688904777
greedy|2023|10000|bulk,20,2023,general,1849,10758.023345887663,16865.17121811211,29776.754782676697,82809.8777794838,193909.5503376008
greedy|2023|10000|bulk,20,2023,roro,601,13770.721158504486,20073.76276230812,29793.494410037994,81403.91990852356,304310.2347404361
greedy|2023|10000|bulk,20,2024,all,16746,8652.457224208862,14526.547978162766,23498.4961457327,44843.66110372543,111275.23305797577
greedy|2023|10000|bulk,20,2024,container,2715,6797.360397386551,12992.17736697197,29918.821063518524,101533.23101300001,213090.50281271935
greedy|2023|10000|bulk,20,2024,bulk,6665,9431.163816738132,14520.851949691772,20835.416378974915,29555.47410392761,45498.28071315289
greedy|2023|10000|bulk,20,2024,tanker,4087,6771.692459154129,12762.657529711723,22611.87222862244,43602.57513713837,87919.86414375306
greedy|2023|10000|bulk,20,2024,gas,951,12614.404804229736,23155.04279565811,45224.98775291443,89006.38369083405,148782.4742383957
greedy|2023|10000|bulk,20,2024,general,1767,10598.229935073856,16941.91478586197,31424.687637865543,76949.7317802161,186305.41661350732
greedy|2023|10000|bulk,20,2024,roro,561,15587.72786140442,21682.952096939087,33446.2616686821,78383.65378761292,293552.8547885418
greedy|2023|10000|bulk,20,2025,all,17006,8811.253983333707,14633.737267255783,23352.28167462349,42041.88773369789,95952.5649702251
greedy|2023|10000|bulk,20,2025,container,2779,7075.732560348511,14136.687052428722,31904.525946617126,89330.50734895468,192843.85331993108
greedy|2023|10000|bulk,20,2025,bulk,6820,9712.380429124833,14768.882356882094,20716.4004342556,29484.160331130028,43121.05240702629
greedy|2023|10000|bulk,20,2025,tanker,4099,6332.550705146789,12402.564125537872,21528.769735336304,39804.85156416893,76338.62113437658
greedy|2023|10000|bulk,20,2025,gas,951,11558.38465990126,22782.577590584755,41341.958344459534,80099.16771936417,130440.58965587616
greedy|2023|10000|bulk,20,2025,general,1769,11048.692481374741,16815.593682289124,29524.7960357666,65325.88301467896,164114.6992090226
greedy|2023|10000|bulk,20,2025,roro,588,14946.958445024491,23283.797294855118,35300.9508023262,70435.50110714883,229906.10660595162
greedy|2023|10000|container,20,2018,all,15321,6861.646764755249,12836.80526709184,22853.913683891296,37988.46024924517,64190.15660465509
greedy|2023|10000|container,20,2018,container,2234,3473.852821516991,6404.564502954483,9666.386876106262,18662.66805100441,77508.45374352038
greedy|2023|10000|container,20,2018,bulk,6294,12478.622850382328,20459.335749924183,29233.054106414318,43189.47981607914,65257.41435499191
greedy|2023|10000|container,20,2018,tanker,3798,6833.207788801194,12131.284833103418,19683.35843038559,31585.761579394344,54901.05208296776
greedy|2023|10000|container,20,2018,gas,820,8487.633308887482,15845.301850419492,25863.92676115036,46959.00728881359,91141.05096237063
greedy|2023|10000|container,20,2018,general,1646,7545.464834623039,12698.178935319187,20701.08993911743,33997.91976284981,64278.45737375319
greedy|2023|10000|container,20,2018,roro,529,8622.013503932953,13443.267729759216,19147.14489364624,25941.509310126305,49067.212969207765
greedy|2023|10000|container,20,2019,all,15502,7496.227923488617,13953.204144954681,25672.820940494537,44342.55576181412,76903.94857173263
greedy|2023|10000|container,20,2019,container,2209,3299.4137234687805,6449.340984344482,9770.51347398758,20458.03043985367,100678.71415691382
greedy|2023|10000|container,20,2019,bulk,6371,13585.584328174593,22686.56777870655,33026.96977090836,49513.57758998871,75454.53249835968
greedy|2023|10000|container,20,2019,tanker,3924,7754.447178687994,12843.420323133469,21672.860131025314,36736.26592087746,63794.037813329756
greedy|2023|10000|container,20,2019,gas,874,9888.66652517319,17014.418022811413,29131.893563747406,58595.175156354904,112690.09627304079
greedy|2023|10000|container,20,2019,general,1607,8813.000082194807,14490.451199173927,24384.313559174538,43670.092170879245,86745.54042706787
greedy|2023|10000|container,20,2019,roro,517,9036.463889431954,14172.187841296196,20515.56996917725,29520.17742919922,60826.828187441846
greedy|2023|10000|container,20,2020,all,15740,7821.449189162256,14510.95776116848,25926.86819767952,44586.89815711975,81778.11312770845
greedy|2023|10000|container,20,2020,container,2212,3296.295889043808,6521.815351545812,10236.385717391968,21162.000081300735,113012.48890167478
greedy|2023|10000|container,20,2020,bulk,6573,15191.939244270327,22908.1693649292,32511.268956184387,49383.72962188721,78510.74213857652
greedy|2023|10000|container,20,2020,tanker,3944,7957.389110469819,13218.303166300057,21797.58415555954,36669.57074433565,67840.10993795402
greedy|2023|10000|container,20,2020,gas,913,11491.323296928407,18004.05276823044,31214.13129073381,60154.62044429779,115430.08226470958
greedy|2023|10000|container,20,2020,general,1592,8337.26194524765,14050.042937517164,24581.86998772621,45183.394716233015,93242.59671592714
greedy|2023|10000|container,20,2020,roro,506,8720.312193930149,13453.702669888735,19953.066880390048,28762.522634148598,75417.90130615234
greedy|2023|10000|container,20,2021,all,16620,8180.851680374147,14803.235734164715,26093.33725643158,44590.24448943138,83102.89977154734
greedy|2023|10000|container,20,2021,container,2505,3921.6792155265807,6780.833790779114,10785.08561849594,21292.04887199402,114247.25590128898
greedy|2023|10000|container,20,2021,bulk,6773,16120.57954788208,23333.878017425537,33462.71676874161,50013.61741733551,78801.73012390138
greedy|2023|10000|container,20,2021,tanker,4085,7816.325728797913,12968.73031616211,21855.761084079742,36151.89767932892,65665.2228479862
greedy|2023|10000|container,20,2021,gas,977,12722.649193191528,19177.117995262142,33334.30231952667,60035.72876358032,122172.36686458583
greedy|2023|10000|container,20,2021,general,1751,9693.559313774109,15030.051996529102,24295.80542719364,44311.7033700943,90658.73511838912
greedy|2023|10000|container,20,2021,roro,529,9163.63823196888,15158.614621639252,21043.11516475677,31877.53858986869,81324.57266921994
greedy|2023|10000|container,20,2022,all,17691,7649.041896820068,14048.545818310231,24517.90555381775,43221.095812380314,80859.3935470581
greedy|2023|10000|container,20,2022,container,2890,4071.7796485424046,6710.579315304756,11285.855620145798,19996.62214136124,107171.69555264707
greedy|2023|10000|container,20,2022,bulk,7090,14765.044443565608,22078.10462528467,31567.849728286266,48322.81953501701,76321.80045146943
greedy|2023|10000|container,20,2022,tanker,4229,7127.179532432556,12742.68071436882,20872.484006881718,34094.085873126984,64837.13593745234
greedy|2023|10000|container,20,2022,gas,991,13242.480434417725,18490.51437664032,33867.4324798584,66570.05515003204,132159.97692108154
greedy|2023|10000|container,20,2022,general,1884,9225.226555824282,14419.813878417015,23502.1887550354,44577.147557497025,89280.85631830149
greedy|2023|10000|container,20,2022,roro,607,8444.8493393898,13975.188483715057,20351.635286331177,30053.495762348175,74245.58630046839
greedy|2023|10000|container,20,2023,all,17714,7583.126047182084,13753.406626224516,24498.570234060287,43216.72114080191,80516.76621961597
greedy|2023|10000|container,20,2023,container,2948,3786.8432350635526,6661.757593631744,11241.138700723648,21437.664790660143,107990.43946683407
greedy|2023|10000|container,20,2023,bulk,7061,13838.954280853271,21964.26005744934,31732.81413078308,48172.442459106445,73761.47270870209
greedy|2023|10000|container,20,2023,tanker,4262,7523.716765785218,12607.448582291601,20853.0842730999,34677.73698556423,66812.92263984682
greedy|2023|10000|container,20,2023,gas,993,13349.026072120667,19338.949578285217,36499.81600999832,68160.23379516602,133106.23462066663
greedy|2023|10000|container,20,2023,general,1849,9030.685083580016,14478.908835411072,23975.3221616745,44120.60201931,86864.819670105
greedy|2023|10000|container,20,2023,roro,601,10164.542469263077,14376.866701364515,19811.2604265213,28023.73183441162,57439.31881928444
greedy|2023|10000|container,20,2024,all,16746,7713.387013435364,14547.3779900074,26091.429217338562,46049.04582929611,83918.7486486435
greedy|2023|10000|container,20,2024,container,2715,4078.6490487575543,6926.149178981781,12231.459938049316,23913.796728372574,108030.87796368598
greedy|2023|10000|container,20,2024,bulk,6665,14340.77093281746,22752.59078100324,33116.94090175629,50172.9595785141,77136.99773139955
greedy|2023|10000|container,20,2024,tanker,4087,6827.964889469744,12949.60435307026,22688.38125061989,37701.82906293869,70565.85043373109
greedy|2023|10000|container,20,2024,gas,951,13704.978135108948,21480.24787092209,41118.6882610321,78906.97668218613,138621.88723301888
greedy|2023|10000|container,20,2024,general,1767,8795.688376903534,14653.090307712555,24897.612069129944,46473.98851323128,88622.61416044239
greedy|2023|10000|container,20,2024,roro,561,10749.034404277802,15265.459119796751,21280.682917118076,32194.194593429565,63784.73715019226
greedy|2023|10000|container,20,2025,all,17006,7956.3019323349,14731.975624799728,25884.807822585106,43680.618221759796,75279.21771717072
greedy|2023|10000|container,20,2025,container,2779,4532.610315322877,7678.026628494263,12885.713738441467,23962.626262664795,92448.99056584838
greedy|2023|10000|container,20,2025,bulk,6820,14112.138195151092,22831.774763464928,32903.89497669041,48160.47016629577,70900.73230819704
greedy|2023|10000|container,20,2025,tanker,4099,6439.368610541523,13114.630907297134,22173.041395187374,36373.082269907,64479.07028560643
greedy|2023|10000|container,20,2025,gas,951,13103.641690254211,21965.405378341675,38422.29746627808,73018.75423645973,121168.77334880827
greedy|2023|10000|container,20,2025,general,1769,9282.925465965272,14710.766207695007,24502.822578430176,42007.58816289902,79858.8457335234
greedy|2023|10000|container,20,2025,roro,588,9590.366814374924,14935.11539375782,21096.39598286152,31582.39502298832,60536.932576131934
greedy|2023|5000|all,20,2018,all,15321,6552.278204202652,11850.89437675476,20688.09669494629,34112.27350330353,63226.11732006073
greedy|2023|5000|all,20,2018,container,2234,3399.8148693203925,7427.185736298561,12504.039841651917,29504.086559712887,122301.61627597811
greedy|2023|5000|all,20,2018,bulk,6294,8907.156627899409,16672.008688926697,23155.590517759323,35600.05564200878,56197.08095555305
greedy|2023|5000|all,20,2018,tanker,3798,5657.284684705735,10514.539399504662,18455.670229673386,29611.623095750812,52091.60860257149
greedy|2023|5000|all,20,2018,gas,820,7843.749686031044,14101.689496755598,23513.35388839245,42424.50411823392,82492.37255299091
greedy|2023|5000|all,20,2018,general,1646,6649.9508366286755,10862.26881769672,19543.696857750416,35458.84695544839,69169.64051651955
greedy|2023|5000|all,20,2018,roro,529,9302.955759382248,13946.527377605438,22221.159494400024,32777.47130775452,83070.33761391637
greedy|2023|5000|all,20,2019,all,15502,6938.7287999659775,12732.572459220886,22583.34480690956,39904.753898501396,77549.05383553501
greedy|2023|5000|all,20,2019,container,2209,3192.3082752227783,7669.344223022461,13837.699926376345,53511.65814304352,160723.93829660417
greedy|2023|5000|all,20,2019,bulk,6371,9564.33096575737,17738.011529922485,25061.33072948456,40460.31477308273,63790.09107494354
greedy|2023|5000|all,20,2019,tanker,3924,6177.919459271431,11167.875104039906,20433.08158546686,34679.99654620886,62531.72747429018
greedy|2023|5000|all,20,2019,gas,874,8778.40989227295,15911.11286854744,25982.1307721138,50422.40088391304,100329.84936382773
greedy|2023|5000|all,20,2019,general,1607,6862.424364471435,11856.164810735732,22346.3375082016,43113.69902610779,87484.69648001196
greedy|2023|5000|all,20,2019,roro,517,9489.420499777792,15825.07805609703,23367.735054969788,39661.27196741104,110041.03195152296
greedy|2023|5000|all,20,2020,all,15740,6982.676334381104,12970.270325660706,22258.8841047287,38677.36138629913,81616.64018704892
greedy|2023|5000|all,20,2020,container,2212,3096.7662732958797,7698.293272972107,13581.689273118973,47739.438939258456,181275.03244581222
greedy|2023|5000|all,20,2020,bulk,6573,10114.981566250324,18077.59269428253,24561.417814016346,38790.82829761505,64263.8608329773
greedy|2023|5000|all,20,2020,tanker,3944,6071.965275859833,11167.105141162874,19584.167740345,33094.568338394165,65918.17169275286
greedy|2023|5000|all,20,2020,gas,913,9491.285308921337,16798.815509557724,26497.39051151276,53022.71708583832,108948.69397573471
greedy|2023|5000|all,20,2020,general,1592,6470.389496773482,11166.22913067788,22757.164038658142,43441.95660427213,97664.76668833503
greedy|2023|5000|all,20,2020,roro,506,9647.706346005201,14311.695154428482,23017.220308065414,39353.64686705172,129942.49703291246
greedy|2023|5000|all,20,2021,all,16620,7179.847982978821,12956.37326067686,22403.735616624355,38965.73207831383,81972.91757008732
greedy|2023|5000|all,20,2021,container,2505,3257.512655639649,7964.135560035706,13150.389176368712,40420.3097114563,177347.50164856904
greedy|2023|5000|all,20,2021,bulk,6773,11104.160211181641,18401.92761516571,25186.81696510315,39758.195430755615,64714.53353691101
greedy|2023|5000|all,20,2021,tanker,4085,5744.544122123719,10629.819822072985,19418.43864774704,32433.3963432312,64280.386801528926
greedy|2023|5000|all,20,2021,gas,977,11785.546584272384,18198.49418926239,29117.63467597961,59392.28269672394,119688.47674465177
greedy|2023|5000|all,20,2021,general,1751,7258.385840892792,11502.099250793457,21341.295125484467,41521.72896816768,94448.5578429997
greedy|2023|5000|all,20,2021,roro,529,9880.173895311356,15738.158142089844,23433.5470328331,39332.94703006744,119198.43398334978
greedy|2023|5000|all,20,2022,all,17691,6315.302430868149,12110.553527772427,21310.13502264023,37697.72793841362,80203.57105880976
greedy|2023|5000|all,20,2022,container,2890,3302.53982667923,7148.490139603615,12931.376317501068,26928.122735381126,166259.7458420008
greedy|2023|5000|all,20,2022,bulk,7090,9414.104879665376,17491.66760611534,24174.678918361664,38274.423621892936,62258.96342082025
greedy|2023|5000|all,20,2022,tanker,4229,5491.8063775062565,10175.94353055954,18388.20277643204,32433.3963432312,66498.38130621912
greedy|2023|5000|all,20,2022,gas,991,11396.323922157288,17287.898091316223,29648.307737350464,62797.57973241806,125856.33824580908
greedy|2023|5000|all,20,2022,general,1884,6622.345258092881,11080.521201899275,20659.045706748962,41805.36458149552,94404.40910138786
greedy|2023|5000|all,20,2022,roro,607,9158.468596220016,14886.251353144646,22324.210951805115,38181.67357850075,109219.11866522118
greedy|2023|5000|all,20,2023,all,17714,6158.126792097092,11879.756523549557,21240.469907283783,38173.67025780678,80657.52682671549
greedy|2023|5000|all,20,2023,container,2948,3197.9213408470155,6783.070739984512,13254.613214820623,30845.94068467617,151344.0055697442
greedy|2023|5000|all,20,2023,bulk,7061,8960.262955665588,16876.42492198944,23532.41166400909,37154.38057613373,61619.00118494034
greedy|2023|5000|all,20,2023,tanker,4262,5580.057004404069,10125.743240118027,18573.524517059326,34134.57373225689,72250.39024753572
greedy|2023|5000|all,20,2023,gas,993,11147.58353509903,17528.557509422302,32817.53522396088,66521.29977798462,128671.33356170663
greedy|2023|5000|all,20,2023,general,1849,6053.176396775247,10832.244795322418,21158.504143714905,42991.59999752045,88669.68332048658
greedy|2023|5000|all,20,2023,roro,601,9959.824220180511,14910.926611423492,22384.204917907715,37335.49564170837,108454.1588087082
greedy|2023|5000|all,20,2024,all,16746,5949.674385532737,11970.26430940628,22198.163387537003,40128.19821977616,83158.3012919426
greedy|2023|5000|all,20,2024,container,2715,3154.9011159181596,6953.265111535788,13963.693961143494,37386.47337317467,147769.7574716568
greedy|2023|5000|all,20,2024,bulk,6665,8914.651811599731,17320.0252494812,24282.97035217285,38347.057169914246,63009.07061462403
greedy|2023|5000|all,20,2024,tanker,4087,5146.683543491364,10072.50170430541,19538.920471668243,36449.76346719265,74024.1909645796
greedy|2023|5000|all,20,2024,gas,951,9676.037415504456,18759.583171367645,36608.93318271637,73776.89819049835,131745.47932624817
greedy|2023|5000|all,20,2024,general,1767,5854.091043162346,10433.119393989444,21975.936505317688,44527.72750163078,89852.55109539039
greedy|2023|5000|all,20,2024,roro,561,10134.697045326231,15906.176462173462,23016.514441609383,40556.30826568604,122875.85833334924
greedy|2023|5000|all,20,2025,all,17006,6183.031410932541,12202.121511101723,22094.739065170288,38113.8273768425,72853.7004942894
greedy|2023|5000|all,20,2025,container,2779,3384.9605278134345,7674.480195760727,15024.56514120102,35511.04702651501,121702.64457596553
greedy|2023|5000|all,20,2025,bulk,6820,8954.461506175996,17408.900598704815,23835.514432907104,37103.04403497279,57748.89819116593
greedy|2023|5000|all,20,2025,tanker,4099,4962.901180648804,10052.599204301834,19292.313360214237,34307.36405026913,66143.40277595526
greedy|2023|5000|all,20,2025,gas,951,9578.214489936829,18780.455112934113,35956.164187431335,69532.12552881241,113305.68459680676
greedy|2023|5000|all,20,2025,general,1769,6723.050235676766,10735.352485656738,21282.622623443604,39055.70553076267,78873.77295866013
greedy|2023|5000|all,20,2025,roro,588,9134.408895277977,15897.111323595047,23625.5750797987,39787.16503714024,100370.35201933092
greedy|2023|5000|bulk,20,2018,all,15321,7406.464123249054,17375.68040084839,30311.159605026245,72367.01634120941,182837.9483566284
greedy|2023|5000|bulk,20,2018,container,2234,4422.57006701231,14398.295387715101,28482.489699363705,145669.07456304133,321744.55014520884
greedy|2023|5000|bulk,20,2018,bulk,6294,7578.045741003752,17549.016061604023,26339.39176237583,49110.826932430275,95677.764648056
greedy|2023|5000|bulk,20,2018,tanker,3798,7381.646692657471,16712.784337937832,32769.000348210335,80180.39168953896,177548.78031692508
greedy|2023|5000|bulk,20,2018,gas,820,8510.620220184326,20684.057235240936,44495.596509218216,102546.22049498558,241350.27806081786
greedy|2023|5000|bulk,20,2018,general,1646,8204.300508499146,18407.055415272713,42445.56198811531,115441.09898304939,281633.76369524
greedy|2023|5000|bulk,20,2018,roro,529,11540.987794947625,23308.09010577202,36982.34864425659,75728.97795581818,233589.91781444545
greedy|2023|5000|bulk,20,2019,all,15502,7858.7051416993145,19382.06343615055,37245.66943001747,92739.22089528291,214182.8942178249
greedy|2023|5000|bulk,20,2019,container,2209,5051.202029800415,18764.14301967621,47816.73529291153,194304.27305936813,363968.02138600353
greedy|2023|5000|bulk,20,2019,bulk,6371,7580.346801757812,18119.33919119835,29772.963124632835,58653.59810459614,113712.6434211731
greedy|2023|5000|bulk,20,2019,tanker,3924,8078.857237863541,18729.949838399887,41607.83325982094,98824.67336197942,195179.85929689414
greedy|2023|5000|bulk,20,2019,gas,874,12128.069978505373,27919.94828939438,61615.27168464661,131977.48920416832,266514.38347959524
greedy|2023|5000|bulk,20,2019,general,1607,10291.707428455353,23544.830510616302,56610.36646974087,136891.63708424568,301815.96770715714
greedy|2023|5000|bulk,20,2019,roro,517,12451.83327585459,26719.202094078064,41378.36756324768,115919.4217877388,283086.7072546959
greedy|2023|5000|bulk,20,2020,all,15740,7856.629627418517,19176.571551263332,35836.245181679726,102227.78445386887,233331.7716712952
greedy|2023|5000|bulk,20,2020,container,2212,4699.622507667542,16294.382126331331,39559.76611948013,222278.33995512503,383300.8342018129
greedy|2023|5000|bulk,20,2020,bulk,6573,7710.421355438233,18264.53848361969,28417.77539730072,57801.28298854828,129099.61973338129
greedy|2023|5000|bulk,20,2020,tanker,3944,7925.159141910076,18051.430267572403,41130.80543041229,115732.52496129274,218725.74350273606
greedy|2023|5000|bulk,20,2020,gas,913,11797.514604759217,27497.20512199402,64811.10719680786,151825.57720470428,298867.41269569425
greedy|2023|5000|bulk,20,2020,general,1592,10011.141051626208,22947.521465182308,64192.95544409752,162562.84553566575,316418.77630453114
greedy|2023|5000|bulk,20,2020,roro,506,12034.008412063122,23925.40703499317,39031.657970786095,126733.44252574444,302152.43706965446
greedy|2023|5000|bulk,20,2021,all,16620,8666.465661144257,19475.61886310577,36963.86397559941,105489.61009645462,242260.42580223083
greedy|2023|5000|bulk,20,2021,container,2505,5420.146078443528,17002.74932193756,42928.13718366623,226619.95295780897,383639.0966952324
greedy|2023|5000|bulk,20,2021,bulk,6773,9155.913304066657,19475.61886310577,30001.82087993622,60902.616755485535,135958.09357681277
greedy|2023|5000|bulk,20,2021,tanker,4085,7193.232132196427,16537.78297328949,41077.945499420166,119961.57097806036,229064.83034901615
greedy|2023|5000|bulk,20,2021,gas,977,13621.984132480622,31299.92394542694,70451.21024227142,166106.54338359833,310535.86139202106
greedy|2023|5000|bulk,20,2021,general,1751,10853.263739958404,22702.71778011322,55730.087749537546,164140.56316256523,314053.86789131165
greedy|2023|5000|bulk,20,2021,roro,529,12815.286564069986,24670.65451669693,37441.45325040817,121340.71725988388,353252.97357511515
greedy|2023|5000|bulk,20,2022,all,17691,7972.446797370911,18170.848876476288,35407.02791976929,100294.73667383194,238462.09594631195
greedy|2023|5000|bulk,20,2022,container,2890,5020.350707888603,12905.619748830795,27423.382288184017,204917.11911439896,368505.626201868
greedy|2023|5000|bulk,20,2022,bulk,7090,8442.256497573853,18787.939388513565,30006.719680309296,59571.622686862946,126591.4276869059
greedy|2023|5000|bulk,20,2022,tanker,4229,7176.99827079773,16332.525095939636,39219.35304927826,118258.91601657867,228601.32260799414
greedy|2023|5000|bulk,20,2022,gas,991,11707.900907993317,29989.83437335491,75047.69058084488,170001.91614341736,313287.3854262829
greedy|2023|5000|bulk,20,2022,general,1884,10268.541812562942,20431.678864955902,50206.098106622696,151664.56191233173,304714.9782835961
greedy|2023|5000|bulk,20,2022,roro,607,11869.370417761804,22720.69048243761,36328.06757068634,87729.03356075287,310374.33602426347
greedy|2023|5000|bulk,20,2023,all,17714,7818.119110488892,18054.01080775261,34251.583117842674,99275.33013439177,232862.8520172596
greedy|2023|5000|bulk,20,2023,container,2948,4943.687330818176,13157.808495283127,35994.403235673904,199075.00926160812,352382.9608811856
greedy|2023|5000|bulk,20,2023,bulk,7061,8117.705595135689,18060.97550868988,27786.74258995056,54842.96221733093,116152.55322933196
greedy|2023|5000|bulk,20,2023,tanker,4262,7866.945076012612,16776.023108780384,41733.04870891571,118855.50347071886,225021.108887291
greedy|2023|5000|bulk,20,2023,gas,993,12481.972467374802,29024.6710395813,77328.9444847107,164955.03632354736,306970.80546722416
greedy|2023|5000|bulk,20,2023,general,1849,9811.85073709488,20994.50552558899,51193.33020067215,152583.66868638992,302396.1453458787
greedy|2023|5000|bulk,20,2023,roro,601,12217.052762508392,22905.86034679413,34768.82363843918,85986.48049688339,304310.2347404361
greedy|2023|5000|bulk,20,2024,all,16746,7671.175547689199,17847.73669576645,32984.748483181,91806.7388294637,218484.23460136354
greedy|2023|5000|bulk,20,2024,container,2715,5086.287524032593,13947.057300567627,40153.13603639603,179591.30968034267,334146.1497092247
greedy|2023|5000|bulk,20,2024,bulk,6665,8302.574474179744,17863.777539491653,26677.13979434967,51137.69965076447,104353.0467917921
greedy|2023|5000|bulk,20,2024,tanker,4087,6750.154117870331,15391.253971338272,40303.4201374054,107902.0216319561,212888.89263738398
greedy|2023|5000|bulk,20,2024,gas,951,10742.20241856575,27975.868841141462,68882.98689174652,156877.50590324402,298588.8002252579
greedy|2023|5000|bulk,20,2024,general,1767,9874.610836052896,19719.475830554962,47210.82939434052,142163.94126486778,297167.4291839601
greedy|2023|5000|bulk,20,2024,roro,561,13928.093042850494,22878.3392688036,35159.435754776,94056.7233672142,294108.36753320694
greedy|2023|5000|bulk,20,2025,all,17006,7706.704772472382,17604.04555797577,31624.73161172867,76345.456153512,186744.77756929398
greedy|2023|5000|bulk,20,2025,container,2779,5568.544952964783,15242.607316732407,35958.24707698822,138390.71227920055,290615.65819892887
greedy|2023|5000|bulk,20,2025,bulk,6820,8284.979587030413,17858.296025276184,26351.04060125351,46763.95867991448,87154.33935232162
greedy|2023|5000|bulk,20,2025,tanker,4099,6550.513357543946,14421.556489944458,36418.73308467865,90025.92177724838,192982.11295547488
greedy|2023|5000|bulk,20,2025,gas,951,10379.861307382584,26422.75394630432,59950.83194255829,125290.95217680931,262027.8946847916
greedy|2023|5000|bulk,20,2025,general,1769,10027.971123123169,18779.319039344788,41413.090965271,118297.36965227129,280972.6189129829
greedy|2023|5000|bulk,20,2025,roro,588,12733.31211411953,23709.205707341433,36582.41112446785,83092.93247157335,242652.31011614934
greedy|2023|5000|container,20,2018,all,15321,6797.122609615326,15057.030896186829,27778.39388179779,50095.5788936615,94539.11325931548
greedy|2023|5000|container,20,2018,container,2234,3052.377239465714,6030.44989323616,14222.810338973999,32308.277678295974,143571.39792751678
greedy|2023|5000|container,20,2018,bulk,6294,12383.122185254098,21875.858006477352,32537.23625099659,50973.77345252037,82379.3397373199
greedy|2023|5000|container,20,2018,tanker,3798,6884.886677265168,13400.782521247864,24524.661975860596,43686.75701761246,79097.80696339608
greedy|2023|5000|container,20,2018,gas,820,12505.1248526901,22085.3878313303,41819.26588487625,76578.92968010902,142672.58570041665
greedy|2023|5000|container,20,2018,general,1646,5946.561188161373,12001.100954741241,26266.666783809666,51765.2279137969,110509.65062832832
greedy|2023|5000|container,20,2018,roro,529,9595.318018864096,19861.280535697937,30378.278168201447,62388.57931339741,187705.0915746927
greedy|2023|5000|container,20,2019,all,15502,7341.600136296452,16799.182195961475,32330.256774820387,60277.38564366102,113111.34180736536
greedy|2023|5000|container,20,2019,container,2209,2965.528684234619,5822.073698997498,14908.139095783234,56056.326344013214,174650.20728856028
greedy|2023|5000|container,20,2019,bulk,6371,13182.61527621746,23844.18897366524,37535.539231300354,59512.786430835724,95296.3981962204
greedy|2023|5000|container,20,2019,tanker,3924,7915.714255928994,15247.637241721153,28026.43661379814,52644.32368439436,91799.7901553631
greedy|2023|5000|container,20,2019,gas,874,13522.285045719147,26472.527052752677,53638.59762477875,97503.92760622501,179777.6737700343
greedy|2023|5000|container,20,2019,general,1607,6645.587996864319,13301.793510198593,30887.15517616272,67602.75410103798,134174.37521286015
greedy|2023|5000|container,20,2019,roro,517,10933.485186094047,21684.62961769104,34366.35605251789,78419.39550542831,236739.61719245926
greedy|2023|5000|container,20,2020,all,15740,7578.7040791988375,17449.78255417943,32219.542256832123,62055.897404789925,125260.76691689492
greedy|2023|5000|container,20,2020,container,2212,2767.5544803887606,5482.75843077153,14623.660041332247,52957.10205067695,198273.84243173615
greedy|2023|5000|container,20,2020,bulk,6573,15203.609700107576,24088.71660304069,36723.855004787445,60550.33284473419,101992.1085477829
greedy|2023|5000|container,20,2020,tanker,3944,8112.128905677795,15225.058309853077,27717.005670130253,52418.09970533848,100087.8050312043
greedy|2023|5000|container,20,2020,gas,913,15004.54609222412,28248.845460414886,56949.81779766083,106093.72521734238,198023.87957034112
greedy|2023|5000|container,20,2020,general,1592,6374.445369052887,13215.524512410164,31279.784559965134,75412.05867016688,147737.45723084215
greedy|2023|5000|container,20,2020,roro,506,10712.086090564728,20729.68119823188,35323.08861930668,98289.90317273138,272270.9490993023
greedy|2023|5000|container,20,2021,all,16620,7995.029131507874,17482.22542309761,32441.569687843323,61730.71184916795,127144.01449689867
greedy|2023|5000|container,20,2021,container,2505,2984.8590322494506,6119.752953529358,14936.450860500336,50076.37619018555,194645.42951741215
greedy|2023|5000|container,20,2021,bulk,6773,16240.891449546814,24685.92321372032,38237.5564699173,61290.208230018616,101989.78102216723
greedy|2023|5000|container,20,2021,tanker,4085,7815.477767682076,14632.868025779724,26769.63491296768,51566.26022720337,99102.81500549316
greedy|2023|5000|container,20,2021,gas,977,18760.126536750795,30598.23492336273,58354.64705848694,112445.19068622588,209008.6634355545
greedy|2023|5000|container,20,2021,general,1751,7373.801891982555,13427.650968432426,28984.79526376724,68251.63287409768,150055.97789467126
greedy|2023|5000|container,20,2021,roro,529,10683.427365970612,21481.6210269928,34461.108927845955,90334.61281394958,285733.11478767387
greedy|2023|5000|container,20,2022,all,17691,6620.084003925324,15581.70748758316,30164.8725438118,58869.72593784332,124017.56832313538
greedy|2023|5000|container,20,2022,container,2890,3002.0049199819564,5107.081928253174,13941.204565167427,29589.53578240145,173758.7825035333
greedy|2023|5000|container,20,2022,bulk,7090,13959.423003625872,23596.04016971588,36554.32486629486,59175.865634679794,99394.48527760508
greedy|2023|5000|container,20,2022,tanker,4229,6928.379288101196,13713.732956886292,25549.99750471115,50683.79974555969,99927.88448219311
greedy|2023|5000|container,20,2022,gas,991,16111.205647945404,31522.031841486692,60383.69512748718,119624.86550223827,225489.89808559415
greedy|2023|5000|container,20,2022,general,1884,6612.174364000559,12500.360132038593,27928.854789689183,65026.71941232681,151229.04924210164
greedy|2023|5000|container,20,2022,roro,607,9497.055572128296,20363.248455762863,33717.88206624985,82636.03545737267,248382.97665514913
greedy|2023|5000|container,20,2023,all,17714,6324.607815781236,15017.731290206313,29396.157739639282,58709.655220508575,123051.60592465405
greedy|2023|5000|container,20,2023,container,2948,2894.3194079220293,4851.576864480972,13959.544572591782,31701.80158007145,166155.17196575704
greedy|2023|5000|container,20,2023,bulk,7061,12774.12665462494,22795.127339363095,34522.09765958786,57527.71057319641,97296.30399298668
greedy|2023|5000|container,20,2023,tanker,4262,7048.064622616768,13349.27463388443,25514.07467842102,52738.929558515556,103678.71028966905
greedy|2023|5000|container,20,2023,gas,993,17456.17422244549,32325.362480953336,60368.84409713745,121208.67177963255,218266.41278858192
greedy|2023|5000|container,20,2023,general,1849,6248.7169679403305,12040.91137599945,27559.57118844986,66931.55021238327,151874.94149621725
greedy|2023|5000|container,20,2023,roro,601,11079.751615166664,18678.45868617296,32018.364659786224,70496.29289531708,243845.0267963409
greedy|2023|5000|container,20,2024,all,16746,6485.467101573944,15287.093244433403,30795.18806923181,61025.45226883888,117997.12089657784
greedy|2023|5000|container,20,2024,container,2715,2928.67307472229,5537.729972600937,14703.088237762451,35262.28030217439,159087.6594230413
greedy|2023|5000|container,20,2024,bulk,6665,12154.690406799318,23069.62898349762,35937.67125558853,59767.01408004761,95802.80698986055
greedy|2023|5000|container,20,2024,tanker,4087,6456.764960765839,13693.536214113235,27295.389365673065,55650.478259801865,103933.08387908938
greedy|2023|5000|container,20,2024,gas,951,18193.78106212616,34348.18893957138,63446.59448719025,117263.64500880241,211384.69448947904
greedy|2023|5000|container,20,2024,general,1767,5852.343877983095,11659.683191478252,27858.43945121765,65244.44698691368,137301.7621414185
greedy|2023|5000|container,20,2024,roro,561,11018.837699890137,21487.014281749725,33046.011982917786,71791.76042878628,241271.15743923187
greedy|2023|5000|container,20,2025,all,17006,6555.22342428565,15668.948948081581,30278.773395061493,55999.36369872093,102845.2250277996
greedy|2023|5000|container,20,2025,container,2779,3125.353614425659,6174.025880217552,16751.848697185516,35673.94176501036,125086.76425843248
greedy|2023|5000|container,20,2025,bulk,6820,12616.824136924744,22880.52783448994,35950.094544410706,55341.15276169777,85973.07825390548
greedy|2023|5000|container,20,2025,tanker,4099,5908.599188518524,13485.327635884285,26635.87048101425,51387.465287446976,90015.72623100282
greedy|2023|5000|container,20,2025,gas,951,15411.35379076004,32426.50282073021,59515.127482414246,105047.94491291046,189201.3746700287
greedy|2023|5000|container,20,2025,general,1769,6441.404369354248,11821.722242355348,27603.382452487946,58104.554067611694,120896.84054756169
greedy|2023|5000|container,20,2025,roro,588,10144.73187395036,21626.23684632778,32433.2820398286,62907.39049398899,192975.64312129022
greedy|2023|7000|all,20,2018,all,15321,6445.723100185394,11378.866821289062,19231.762662887573,28755.761214256287,49222.43653583527
greedy|2023|7000|all,20,2018,container,2234,3500.269697546959,6887.058441579342,11493.62623411417,22552.046343266964,91624.57111005785
greedy|2023|7000|all,20,2018,bulk,6294,9531.791768455507,16197.760314628482,22092.88403689861,31343.48776221275,46266.046946334835
greedy|2023|7000|all,20,2018,tanker,3798,5468.786895513535,9700.554647147655,15447.32858967781,23809.921026468273,37343.004287672054
greedy|2023|7000|all,20,2018,gas,820,7213.8726407215,13004.906842589378,20087.346589803696,37525.801648795605,61792.309940874606
greedy|2023|7000|all,20,2018,general,1646,6785.382355570793,11020.299232065678,17973.70273923874,28448.14721941948,55930.05840173364
greedy|2023|7000|all,20,2018,roro,529,9625.045991611481,13789.051071166992,21306.682428359985,29862.017684936523,69448.07847747802
greedy|2023|7000|all,20,2019,all,15502,6774.737660574914,12060.697873830795,20689.52697992325,32599.262397348884,58982.8722676277
greedy|2023|7000|all,20,2019,container,2209,3320.1018387794497,7165.993588924408,12091.528045654297,29711.33856511116,110726.23657407761
greedy|2023|7000|all,20,2019,bulk,6371,10360.60624408722,17448.25660610199,23718.504544734955,35069.12256979942,52982.37226390839
greedy|2023|7000|all,20,2019,tanker,3924,5965.605833613872,10241.435557603836,16663.046305656433,25682.225060522556,43511.682784938814
greedy|2023|7000|all,20,2019,gas,874,8405.186778068542,14342.24701076746,22842.22679567337,41508.378776818514,80495.50474395756
greedy|2023|7000|all,20,2019,general,1607,7072.288736625016,12065.910912185907,20624.86273175478,34343.03789675236,70362.86746740939
greedy|2023|7000|all,20,2019,roro,517,9484.222249174118,14410.279148578644,22359.114188671112,34181.08343231678,95821.37860951426
greedy|2023|7000|all,20,2020,all,15740,6813.106960821152,12305.967650651932,20621.195966005325,32306.393499225378,61815.70395801068
greedy|2023|7000|all,20,2020,container,2212,3345.928612351418,7254.366530403495,12216.758374631405,27866.609704196457,122931.38862206935
greedy|2023|7000|all,20,2020,bulk,6573,10956.621681594848,17862.861083984375,23675.76183986664,34540.47650527954,53961.22399187089
greedy|2023|7000|all,20,2020,tanker,3944,5813.1084239721295,10073.466367959976,16389.25407409668,25110.98092854023,43039.60483469964
greedy|2023|7000|all,20,2020,gas,913,8686.559096336365,15707.49189543724,23920.232835769653,43389.35116291046,90794.6730783463
greedy|2023|7000|all,20,2020,general,1592,6607.9035021543505,11482.994033813477,20599.796086285263,36264.63428044319,78835.07883493307
greedy|2023|7000|all,20,2020,roro,506,9690.715693801641,13831.273718118668,21278.39031791687,33377.28407257795,111289.4972000122
greedy|2023|7000|all,20,2021,all,16620,7133.714081364871,12551.920845508575,20833.83193039894,32910.60691058636,61711.85554660563
greedy|2023|7000|all,20,2021,container,2505,3870.3555878162388,7613.205795288086,12406.94835281372,26023.677000045776,122881.09896621703
greedy|2023|7000|all,20,2021,bulk,6773,11956.96723651886,18216.707495689392,23923.26146411896,35956.3525352478,54773.149808883696
greedy|2023|7000|all,20,2021,tanker,4085,5693.977035951615,9939.986815929413,16202.610856592655,25456.132524967197,42671.10073394775
greedy|2023|7000|all,20,2021,gas,977,10348.790173149107,17205.72709465027,26255.65075206757,45366.63484144211,93206.71095790862
greedy|2023|7000|all,20,2021,general,1751,7595.135627746582,12145.39243221283,20350.04699325561,34979.886748313904,70687.42986106873
greedy|2023|7000|all,20,2021,roro,529,9914.027231788636,15109.885882735252,22201.354866027832,34464.73259925842,104396.90916282534
greedy|2023|7000|all,20,2022,all,17691,6500.178399562836,11860.211005210876,19995.18328857422,31741.980836868286,61017.42997550964
greedy|2023|7000|all,20,2022,container,2890,3878.606604290009,7401.118480116129,12271.80148512125,23457.746819972992,109915.89004732667
greedy|2023|7000|all,20,2022,bulk,7090,10473.432958793639,17296.594784975052,23316.452424049377,34210.08104085922,52526.17474727633
greedy|2023|7000|all,20,2022,tanker,4229,5513.409130191803,9621.829071044922,15706.45821237564,24573.71555328369,43849.953316497835
greedy|2023|7000|all,20,2022,gas,991,9913.654393196106,16248.982182502747,25260.511741161343,49096.58760213852,89985.7495341301
greedy|2023|7000|all,20,2022,general,1884,7198.914392852784,11837.058637857437,20097.40482389927,35832.181748628616,73373.40785819889
greedy|2023|7000|all,20,2022,roro,607,9310.112303781509,14036.133546113968,21182.264145374294,33879.911594867706,97750.62986717222
greedy|2023|7000|all,20,2023,all,17714,6438.166810593754,11654.147306188941,19769.951216220856,31609.904863119125,61828.80140290261
greedy|2023|7000|all,20,2023,container,2948,3808.3493224620815,7452.031034350395,13063.450342297554,25384.966502293944,113091.76069803242
greedy|2023|7000|all,20,2023,bulk,7061,9707.926860809326,16513.262346744537,22812.846208572388,33079.23089981079,51720.92317008972
greedy|2023|7000|all,20,2023,tanker,4262,5483.8012828350065,9448.564411759377,15451.307749986649,24444.517377614975,46743.88638958931
greedy|2023|7000|all,20,2023,gas,993,9927.084502506257,16779.338348388672,26932.63577079773,50751.02889919281,93065.17515172964
greedy|2023|7000|all,20,2023,general,1849,6768.952634239196,11683.789397716522,20091.056245803837,35287.25023460388,72600.19352912607
greedy|2023|7000|all,20,2023,roro,601,10320.145334720612,14376.866701364515,21039.57307624817,33287.17493057251,100872.07569599152
greedy|2023|7000|all,20,2024,all,16746,6301.260226249695,11995.121140003204,20602.93547451496,32895.181614637375,64360.48060178757
greedy|2023|7000|all,20,2024,container,2715,3778.716841125489,7378.007516384125,14043.88625240326,27158.510728240013,116060.57642333505
greedy|2023|7000|all,20,2024,bulk,6665,9967.102988529205,17003.708303451538,23223.48188400269,33973.39784145355,52964.52442865373
greedy|2023|7000|all,20,2024,tanker,4087,5122.052723026276,9577.33455324173,16090.184290885923,26167.101106405258,48604.82977392674
greedy|2023|7000|all,20,2024,gas,951,9288.868593752384,17301.61602139473,28184.27413022518,56280.51938247681,97383.79714918137
greedy|2023|7000|all,20,2024,general,1767,6589.310200417043,11392.119845617563,21056.092086791992,35936.10718011856,77790.78465195898
greedy|2023|7000|all,20,2024,roro,561,11358.285068511965,15767.835532188416,22033.706560611725,36282.17665338516,104842.09992408752
greedy|2023|7000|all,20,2025,all,17006,6491.782261610031,12295.831192240119,20764.564612865448,32297.081286668774,58320.80183494091
greedy|2023|7000|all,20,2025,container,2779,4155.708297872543,8332.488771915436,15275.246282726526,30232.77706360817,100348.95975117687
greedy|2023|7000|all,20,2025,bulk,6820,10172.306165349482,17274.70086157322,23263.832844257355,33607.50280427933,49552.537775135046
greedy|2023|7000|all,20,2025,tanker,4099,5009.435582065582,9579.819121837616,16093.781865119934,25648.808471679688,43446.401393699685
greedy|2023|7000|all,20,2025,gas,951,9323.214678287506,17280.7013964653,28321.7664270401,52219.27442598343,89181.06500053406
greedy|2023|7000|all,20,2025,general,1769,7153.053520965576,11629.761086463928,20761.48099756241,34189.62505912781,63793.911711215995
greedy|2023|7000|all,20,2025,roro,588,9313.242230963708,15944.799843788149,22403.563938617706,35180.811658501625,90907.92879523041
greedy|2023|7000|bulk,20,2018,all,15321,7541.797737836838,13454.794974565506,22313.09255695343,37514.01337242127,73557.9053516388
greedy|2023|7000|bulk,20,2018,container,2234,5452.3168998718265,10069.989777207375,20707.224169254303,55602.30588865281,152094.87503684164
greedy|2023|7000|bulk,20,2018,bulk,6294,7971.1306690931315,14824.991222381592,21463.242824316025,30529.267067670822,45901.08527729511
greedy|2023|7000|bulk,20,2018,tanker,3798,6807.14729321003,12273.94265508652,20898.2737108469,35507.698652505875,62474.688212800036
greedy|2023|7000|bulk,20,2018,gas,820,9460.800539731981,17673.146406173706,36649.64479970932,63799.141248226166,118418.49739881758
greedy|2023|7000|bulk,20,2018,general,1646,8935.089486703277,15310.999748706818,25973.80184364319,49657.97477051616,110226.68750798889
greedy|2023|7000|bulk,20,2018,roro,529,13240.025007629394,24319.25016975403,38533.4560174942,74461.2572350502,182025.56089019775
greedy|2023|7000|bulk,20,2019,all,15502,7857.130306720734,14902.568419098854,24354.915616497397,44750.938629448414,91164.40722882745
greedy|2023|7000|bulk,20,2019,container,2209,5930.034145784379,10521.928245544434,22013.744260787964,80560.27760326862,186552.8652069092
greedy|2023|7000|bulk,20,2019,bulk,6371,8216.820268630981,16560.458405017853,23015.48659515381,35336.96278142929,53449.69878864288
greedy|2023|7000|bulk,20,2019,tanker,3924,7363.402073574066,13241.993296742437,23436.88387799263,42380.10597836971,74444.88248591425
greedy|2023|7000|bulk,20,2019,gas,874,11196.543727797269,22361.17296898365,46369.030766010284,83226.7505646199,148197.09284467707
greedy|2023|7000|bulk,20,2019,general,1607,10259.42989192009,19168.049645662308,32409.90370130539,64232.05369490385,122327.44139308049
greedy|2023|7000|bulk,20,2019,roro,517,12862.684382319449,27572.96550178528,43392.71279859543,91249.99206505716,223813.43901669985
greedy|2023|7000|bulk,20,2020,all,15740,8120.85905828476,14995.087430357933,23972.11016511917,44629.60081536323,97027.30088181498
greedy|2023|7000|bulk,20,2020,container,2212,5184.29500694275,11116.092793226242,22094.47310745716,87795.8686336726,212792.90206852552
greedy|2023|7000|bulk,20,2020,bulk,6573,8935.987324523927,16690.257942199707,22859.14865970612,34069.972208976746,52940.5329902649
greedy|2023|7000|bulk,20,2020,tanker,3944,7238.977032315731,13221.071016430855,22769.043938159943,42411.36152613163,80401.77632203103
greedy|2023|7000|bulk,20,2020,gas,913,12298.267631912233,22687.49462413788,44869.34970092773,83360.13073021173,157304.8091603282
greedy|2023|7000|bulk,20,2020,general,1592,10213.265596413616,18083.080208793283,33245.17862337828,69700.51775914803,138165.26178075076
greedy|2023|7000|bulk,20,2020,roro,506,14045.342601180077,23295.86699140072,42341.356387615204,91096.80216010287,242012.5418944806
greedy|2023|7000|bulk,20,2021,all,16620,8638.631799417735,15593.046906098722,24496.150775909424,45489.50213167071,99250.49499464034
greedy|2023|7000|bulk,20,2021,container,2505,6521.137605190277,12148.238505363464,22722.782020568848,86978.0642517209,219531.93213987345
greedy|2023|7000|bulk,20,2021,bulk,6773,10051.614906072617,17440.271458625793,23247.18566131592,34167.8364906311,54023.29574737551
greedy|2023|7000|bulk,20,2021,tanker,4085,6614.498163795472,12575.97006714344,23052.37750339508,43089.41211938858,80851.54146149156
greedy|2023|7000|bulk,20,2021,gas,977,13379.322106075288,24627.71057987213,44439.36600494385,81536.99545383453,150563.03250255584
greedy|2023|7000|bulk,20,2021,general,1751,11197.829412460327,18991.35098388791,33406.29836463928,66871.72186493874,137696.8848605305
greedy|2023|7000|bulk,20,2021,roro,529,15035.522724962237,25102.62590622902,41671.26463127136,91249.99206505716,273595.14405803673
greedy|2023|7000|bulk,20,2022,all,17691,8134.294055223465,14659.605434417725,23613.121834754944,43482.16302186251,99668.32375001907
greedy|2023|7000|bulk,20,2022,container,2890,5772.354743790627,11588.188303470613,21581.893949076533,73196.10175594687,206897.80954818425
greedy|2023|7000|bulk,20,2022,bulk,7090,9275.157890352608,16448.860681533813,22598.980716228485,32989.39727139473,51568.407384434344
greedy|2023|7000|bulk,20,2022,tanker,4229,6593.260394787789,12174.093276023865,21891.73689937592,42544.80095767975,84526.74419765476
greedy|2023|7000|bulk,20,2022,gas,991,12496.466241836548,22783.963361382484,44699.369607925415,89519.8524107933,159719.52866315842
greedy|2023|7000|bulk,20,2022,general,1884,10331.940543842315,17845.268315657973,32263.02455163002,64768.010112166405,137765.12672515362
greedy|2023|7000|bulk,20,2022,roro,607,11835.281377887728,23122.06303501129,41410.09327340126,82927.5809583664,241964.98932524322
greedy|2023|7000|bulk,20,2023,all,17714,7898.6970007419595,14143.29774386622,23200.690182685852,43916.899493455894,102253.24629564286
greedy|2023|7000|bulk,20,2023,container,2948,5662.271017980575,11485.31771171093,22554.354458093643,84100.7774631381,205423.59020969874
greedy|2023|7000|bulk,20,2023,bulk,7061,8543.304637670517,15483.429418563845,21553.04812669754,31086.492238998413,49170.08731842041
greedy|2023|7000|bulk,20,2023,tanker,4262,7085.765424060822,11943.03325843811,21637.174556732178,43218.723589003086,84503.16839406491
greedy|2023|7000|bulk,20,2023,gas,993,12387.843047344684,24141.93752861023,49096.67889499664,93224.07716178894,160805.97485723504
greedy|2023|7000|bulk,20,2023,general,1849,9966.293653202058,17321.919699430466,30923.343432426453,66291.63350343704,137808.43055000305
greedy|2023|7000|bulk,20,2023,roro,601,12709.892843730748,24154.556981563568,38422.37286090851,84935.65314221382,239150.64106941223
greedy|2023|7000|bulk,20,2024,all,16746,7688.321458339691,14485.534405350685,24009.764962673187,45866.80796408653,101269.20624856651
greedy|2023|7000|bulk,20,2024,container,2715,5829.068115234375,11970.697290301323,24646.308185577396,87829.50393843651,196954.17938928603
greedy|2023|7000|bulk,20,2024,bulk,6665,8635.997552239895,15287.695587158203,21919.73727273941,31677.48071670532,49870.89386529924
greedy|2023|7000|bulk,20,2024,tanker,4087,6263.315794181824,12128.714869379997,22747.61393260956,45487.213725313544,84150.11055121422
greedy|2023|7000|bulk,20,2024,gas,951,11539.01902152598,25982.350529193878,49361.95520687103,95220.0383386612,156122.81206035614
greedy|2023|7000|bulk,20,2024,general,1767,9981.618565225603,17472.28364944458,30894.617058753967,62539.32745543122,132743.55309114463
greedy|2023|7000|bulk,20,2024,roro,561,15384.638154506683,25160.67561531067,41913.89669418335,95416.80246543884,218484.97062978148
greedy|2023|7000|bulk,20,2025,all,17006,7941.254893660545,14732.045140028,23878.64417219162,43428.57837617397,87258.26361644268
greedy|2023|7000|bulk,20,2025,container,2779,6455.7825735569,12732.576316595078,25072.992255687717,73722.54683822393,165994.58238353752
greedy|2023|7000|bulk,20,2025,bulk,6820,8981.057850724463,15986.700931280851,22111.62075805664,31787.150547266006,46858.67156772614
greedy|2023|7000|bulk,20,2025,tanker,4099,5938.351533508301,11805.265905618668,22131.84541463852,42396.60958766937,75567.26008338934
greedy|2023|7000|bulk,20,2025,gas,951,10765.87218761444,25011.1258893013,48982.661981105804,85432.36857521534,132150.46726322174
greedy|2023|7000|bulk,20,2025,general,1769,10127.575793218613,16461.05722427368,28850.30258211493,55319.2103266716,116376.03970122937
greedy|2023|7000|bulk,20,2025,roro,588,13944.637759423256,24398.692139029503,46307.52454072237,92569.83010309935,187495.84272202285
greedy|2023|7000|container,20,2018,all,15321,6975.525436401367,13829.272191524506,25397.72060823441,43933.35450220108,78300.03295326233
greedy|2023|7000|container,20,2018,container,2234,3396.3628097891806,6219.913701176643,9790.059653282166,21493.5391010046,93888.87064468562
greedy|2023|7000|container,20,2018,bulk,6294,12986.271064811946,21457.954487323765,31516.44680070877,48798.20981490612,76794.68794627188
greedy|2023|7000|container,20,2018,tanker,3798,7394.000427246095,13349.20426261425,22941.545521616936,38178.20285201073,66173.4169786051
greedy|2023|7000|container,20,2018,gas,820,11199.609019905329,17551.906084418297,31632.212586045265,54947.16525518894,116782.95686111454
greedy|2023|7000|container,20,2018,general,1646,7477.996361076832,13129.005251944065,24907.234111607075,47490.14001095295,87179.77375626564
greedy|2023|7000|container,20,2018,roro,529,8174.049729919434,13731.503108024595,21029.80248332024,29903.07386040688,74185.44938907622
greedy|2023|7000|container,20,2019,all,15502,7704.048251914978,15419.680498480797,29368.922304630283,52955.94456732273,94535.076376152
greedy|2023|7000|container,20,2019,container,2209,3194.237593746185,6102.000898599625,10188.85470867157,28199.285529136658,120221.20987117292
greedy|2023|7000|container,20,2019,bulk,6371,13906.51663351059,23570.0986225605,35961.97068309784,56538.73424243927,90182.1139960289
greedy|2023|7000|container,20,2019,tanker,3924,8471.021323657036,14986.507925614715,25720.891630649567,44766.85688948631,76723.18530640603
greedy|2023|7000|container,20,2019,gas,874,12764.094548511504,19992.055834442377,33795.503870010376,69554.85613763332,137983.46505877984
greedy|2023|7000|container,20,2019,general,1607,8602.878804016114,15228.42899274826,31850.70915526152,62973.13737402856,115420.40686073313
greedy|2023|7000|container,20,2019,roro,517,9588.894182872773,15419.640813350676,22936.733656167984,33978.779998362064,108557.94212760928
greedy|2023|7000|container,20,2020,all,15740,8008.826324558258,15978.333261966705,29361.560251235962,52996.301137804985,104213.75064268115
greedy|2023|7000|container,20,2020,container,2212,3114.954283714295,6158.629325687885,10761.539031982422,23188.024295791984,131048.74942097672
greedy|2023|7000|container,20,2020,bulk,6573,15591.608701515199,23845.42110729217,35568.58977890015,56620.87448787689,97085.46178970337
greedy|2023|7000|container,20,2020,tanker,3944,8718.28351006508,14914.387488216162,25886.284546911716,45556.41518831253,81808.63801455506
greedy|2023|7000|container,20,2020,gas,913,13525.377375221253,20513.093397140503,35836.21589756012,72849.78339147568,149444.791519928
greedy|2023|7000|container,20,2020,general,1592,8294.757277584076,15295.96880376339,31652.1110779047,68322.09864932299,129970.03305081134
greedy|2023|7000|container,20,2020,roro,506,9272.758391857147,14124.41143834591,22378.91623854637,34599.49656933546,116546.16184258461
greedy|2023|7000|container,20,2021,all,16620,8329.383732789756,16211.202054381372,29741.76960581541,53880.15038609505,106392.15247926711
greedy|2023|7000|container,20,2021,container,2505,3518.1750034332276,6540.704605102539,11331.760732889175,23418.67633581161,126983.5380991935
greedy|2023|7000|container,20,2021,bulk,6773,16774.445721912387,24464.332193374637,37001.59409427643,58539.7306060791,100647.2989643097
greedy|2023|7000|container,20,2021,tanker,4085,8476.590576171875,14757.744764328005,25368.35917043686,45289.75126743317,83306.80930900572
greedy|2023|7000|container,20,2021,gas,977,15496.394422015548,23633.157065868378,38345.341639876366,76906.34591293335,165562.74692974088
greedy|2023|7000|container,20,2021,general,1751,10065.469020843506,16060.145503461361,30477.074465751648,63799.75321888924,125101.38245674968
greedy|2023|7000|container,20,2021,roro,529,9222.544810414314,15612.108860969543,23850.35530948639,36147.1606733799,131592.09941277496
greedy|2023|7000|container,20,2022,all,17691,7548.288469791412,15102.370912373066,27845.223998069763,51902.69579744339,104540.86370944975
greedy|2023|7000|container,20,2022,container,2890,3565.698704481125,6291.485002994537,11257.280411615968,21751.86755824089,117388.86882711045
greedy|2023|7000|container,20,2022,bulk,7090,15572.46489009857,23425.468560934067,35158.28953099251,56626.479686021805,96943.01988205912
greedy|2023|7000|container,20,2022,tanker,4229,7871.775611585379,14155.88179206848,24476.023248672485,43494.96804332733,82291.76000766756
greedy|2023|7000|container,20,2022,gas,991,14901.552289962769,21912.588228225708,40222.26468849182,88298.41317729652,173360.65747833252
greedy|2023|7000|container,20,2022,general,1884,9062.243738555908,15395.184693455696,29550.339137911797,61919.56568622263,125312.71450657549
greedy|2023|7000|container,20,2022,roro,607,8841.53680589199,14600.201832056046,22585.18959492445,36874.229427695274,142523.31556630135
greedy|2023|7000|container,20,2023,all,17714,7388.050801849366,14834.864671587944,27957.25210982561,52504.60733628273,104795.8301040858
greedy|2023|7000|container,20,2023,container,2948,3360.5748248815535,6022.661323666573,11369.51285648346,22126.780213534832,121796.59399605994
greedy|2023|7000|container,20,2023,bulk,7061,14162.048981666563,23086.64015579224,34486.24685192108,55648.01951599121,96092.38201975822
greedy|2023|7000|container,20,2023,tanker,4262,8150.00495800972,14047.756120443346,24567.24670982361,44918.880349457264,84868.972614789
greedy|2023|7000|container,20,2023,gas,993,15970.743334102632,23681.612562179565,43473.32876205444,93721.38563632964,179178.43150978096
greedy|2023|7000|container,20,2023,general,1849,8656.469598317146,15458.517943382263,30409.3477640152,64269.226022064686,124458.06524648667
greedy|2023|7000|container,20,2023,roro,601,9400.933386266232,14777.891497612,21539.01383256912,32280.662682533264,144139.80434894562
greedy|2023|7000|container,20,2024,all,16746,7596.083026826382,15373.891482591629,29713.588019251823,56101.92146587372,103924.70670115948
greedy|2023|7000|container,20,2024,container,2715,3496.789080047608,6495.158386468887,12249.963257074356,25049.528870403767,124164.74987531209
greedy|2023|7000|container,20,2024,bulk,6665,14217.461007738113,23482.135316848755,36331.949184417725,58760.21063327789,94814.61026387215
greedy|2023|7000|container,20,2024,tanker,4087,7504.428933143616,14342.027436167002,26455.56610929966,47701.925347328186,85320.42417926788
greedy|2023|7000|container,20,2024,gas,951,17480.31374168396,26289.042922496796,50734.66625118256,96435.26197814941,178192.9696483612
greedy|2023|7000|container,20,2024,general,1767,8531.410518646244,15127.629228115082,31571.427706718445,65122.822560310364,119042.62063598933
greedy|2023|7000|container,20,2024,roro,561,11160.058014631271,15966.557521507144,23341.570757627487,38171.11129868031,156061.0883951187
greedy|2023|7000|container,20,2025,all,17006,7710.4202781915665,15546.501909136772,28985.045032262802,51536.49106991291,92796.455067873
greedy|2023|7000|container,20,2025,container,2779,3710.1604209423062,6949.695897817612,12788.13488650322,25372.15982711315,105708.15359144211
greedy|2023|7000|container,20,2025,bulk,6820,14124.208208560944,23151.628746151924,35546.83203649521,54279.25292575359,84899.08199534427
greedy|2023|7000|container,20,2025,tanker,4099,6826.321524798871,14000.422208786013,25884.59623765945,45075.047679424286,79525.65648632054
greedy|2023|7000|container,20,2025,gas,951,15701.200749397278,27352.198658704758,45789.85071468353,85621.83256542683,155364.16544246674
greedy|2023|7000|container,20,2025,general,1769,8871.814284563065,15048.306970119476,30653.154273986816,57906.30921649933,111661.63580083847
greedy|2023|7000|container,20,2025,roro,588,9853.057706832886,15584.29174512625,23214.699686288834,36034.424180299044,115275.25783488194
greedy|2024|10000|all,20,2018,all,15321,6692.295283436775,11406.811576247215,18679.75713443756,27877.30523967743,46262.44505882263
greedy|2024|10000|all,20,2018,container,2234,3489.531072950363,7672.731960937381,11497.675750494003,22276.71412193775,86563.96103591919
greedy|2024|10000|all,20,2018,bulk,6294,9531.791768455507,15412.031092643736,21587.74755859375,29868.25004923344,43274.88205270767
greedy|2024|10000|all,20,2018,tanker,3798,5609.136956387759,10075.134875059128,15521.744275808334,23525.847819209102,36886.685487961775
greedy|2024|10000|all,20,2018,gas,820,7843.749686031044,12971.439904332161,19978.14072561264,36287.36291286349,60476.87105691433
greedy|2024|10000|all,20,2018,general,1646,6875.075653791428,11266.58110944927,17492.570049405098,28111.009856939316,55599.91693043709
greedy|2024|10000|all,20,2018,roro,529,9627.693541145325,13680.719211101532,20687.239987373352,28975.753705978397,64124.17095928191
greedy|2024|10000|all,20,2019,all,15502,7110.815306591988,12150.510260790588,20306.237626791,31124.897315502167,54443.75894913673
greedy|2024|10000|all,20,2019,container,2209,3320.1018387794497,8236.943016529083,12329.520282506945,26422.452523827556,106153.08310126066
greedy|2024|10000|all,20,2019,bulk,6371,10169.739393234251,16803.47024345398,23032.02085876465,32898.36955279112,48605.81121921539
greedy|2024|10000|all,20,2019,tanker,3924,6065.470285511017,10543.836217880249,16820.88147497177,25987.93805885315,43033.091135454175
greedy|2024|10000|all,20,2019,gas,874,8811.149760055543,14359.55262374878,22206.6625084877,38872.00439739228,74720.81375044586
greedy|2024|10000|all,20,2019,general,1607,7109.74465904236,12144.971072256565,20104.586626052856,33255.979784309864,70089.32570133211
greedy|2024|10000|all,20,2019,roro,517,9460.181649923325,14305.564700126648,21999.82300686836,31616.956889152527,88882.22422766103
greedy|2024|10000|all,20,2020,all,15740,7266.243914976064,12369.810675144194,20120.815234661102,30459.614689707752,56598.98829293252
greedy|2024|10000|all,20,2020,container,2212,3374.7732621908194,8232.099750041962,12657.588910579681,26197.704769998785,119486.22886004453
greedy|2024|10000|all,20,2020,bulk,6573,10849.505277252198,17173.255138397217,22772.75454044342,31857.362505435944,48174.45355358124
greedy|2024|10000|all,20,2020,tanker,3944,6225.448948264122,10452.942874670027,16652.241973876953,25458.0704703331,42948.42661263944
greedy|2024|10000|all,20,2020,gas,913,8790.43278579712,15057.030896186829,23166.84597301483,41304.901094436646,83225.51594111924
greedy|2024|10000|all,20,2020,general,1592,6625.15892903805,11573.56337307021,19914.55051267147,35217.914311647415,78686.48239653709
greedy|2024|10000|all,20,2020,roro,506,9703.65594536066,13541.068316280842,20878.551124572754,30498.01862615347,103688.7943200171
greedy|2024|10000|all,20,2021,all,16620,7588.738976120949,12561.450823307037,20293.597467780113,31149.88487625122,55957.31433725061
greedy|2024|10000|all,20,2021,container,2505,3862.953204822541,8245.473219871521,12689.311302423475,29531.78302097321,123119.52086133954
greedy|2024|10000|all,20,2021,bulk,6773,11921.754886913299,17549.490949630737,23125.49491238594,32614.07434463501,47930.82112622261
greedy|2024|10000|all,20,2021,tanker,4085,5911.627425932884,10169.705171585085,15974.635060310364,25490.590084552765,41505.00292778015
greedy|2024|10000|all,20,2021,gas,977,10271.251413536073,16370.13553905487,24987.786905288696,43741.3668384552,86832.1048620224
greedy|2024|10000|all,20,2021,general,1751,7689.218389511108,12249.523973103613,19890.032392024998,33989.02760696411,72033.31748175621
greedy|2024|10000|all,20,2021,roro,529,10952.431283473969,14914.382315158844,21751.97797036171,31544.494078934196,98540.36851601601
greedy|2024|10000|all,20,2022,all,17691,6805.696635961533,12036.8876080513,19544.22188186645,30065.948239207268,55017.98456025124
greedy|2024|10000|all,20,2022,container,2890,3880.8241932630544,7803.627070784569,12668.656486272812,26451.62236005068,115765.25224842872
greedy|2024|10000|all,20,2022,bulk,7090,10568.860955059528,16515.504380390048,22362.759063243866,31577.275333642963,46270.58577423096
greedy|2024|10000|all,20,2022,tanker,4229,5731.603844165802,9965.13492488861,15630.832851409912,24478.23152446747,41033.127775764464
greedy|2024|10000|all,20,2022,gas,991,9550.551535606384,15350.107437372208,23207.27208805084,44971.49880075455,84857.03618001938
greedy|2024|10000|all,20,2022,general,1884,7422.749871250988,12138.680107831955,19393.083005428314,34258.2219016552,72688.13613588699
greedy|2024|10000|all,20,2022,roro,607,9676.848222613335,14329.242410779,20499.06892633438,30843.04704940319,83975.06684594153
greedy|2024|10000|all,20,2023,all,17714,6684.23821591884,11805.391344964504,19471.970090150833,29907.396741867065,57817.19185676577
greedy|2024|10000|all,20,2023,container,2948,3810.995096588135,7902.54867374897,13338.129142403603,30936.59146645665,119714.62906656296
greedy|2024|10000|all,20,2023,bulk,7061,9840.842903137209,15547.649215698242,21875.02252960205,30340.22230911255,45698.53416824341
greedy|2024|10000|all,20,2023,tanker,4262,5881.026953649521,9957.890134572981,15562.365023612976,24201.891358852386,43571.23148443699
greedy|2024|10000|all,20,2023,gas,993,9903.674571418762,15521.012900322676,25940.208435058597,48406.59181213379,88038.92501831058
greedy|2024|10000|all,20,2023,general,1849,6868.384165507556,11665.222875118256,19600.338507652283,32889.614557266235,70729.92509574891
greedy|2024|10000|all,20,2023,roro,601,10675.839738845823,14561.70221734047,20289.44370317459,29462.82654523849,85272.48335325718
greedy|2024|10000|all,20,2024,all,16746,6415.0050349235535,11995.121140003204,20098.05027896166,31105.04324787855,59950.770965099335
greedy|2024|10000|all,20,2024,container,2715,3828.8714643478393,7922.564250856638,13987.217495918274,33422.63885188103,120570.19667649263
greedy|2024|10000|all,20,2024,bulk,6665,10111.678222870829,16285.272462844849,22405.848588228226,31157.90461587906,47053.59179849625
greedy|2024|10000|all,20,2024,tanker,4087,5250.204034042359,9848.364159107208,16174.832128286362,25239.465765953064,44899.65326271058
greedy|2024|10000|all,20,2024,gas,951,8953.299842834473,15937.158388137817,26892.4021024704,54084.64320874214,92844.70267772676
greedy|2024|10000|all,20,2024,general,1767,6810.142500573397,11547.238563582301,20192.781217575077,33658.73766183853,75679.50504993218
greedy|2024|10000|all,20,2024,roro,561,11760.315388679504,15537.192461967468,21065.35168075561,30741.32481431961,90187.61729446054
greedy|2024|10000|all,20,2025,all,17006,6660.3379163742065,12305.920961856842,20168.249851465225,30678.82134103775,54962.556143283844
greedy|2024|10000|all,20,2025,container,2779,4207.731046104432,8582.152407050133,15204.997627459466,34401.311467051506,104224.58127392533
greedy|2024|10000|all,20,2025,bulk,6820,10183.895950111748,16507.813353061676,22332.73172044754,30951.089148044586,44816.798594570166
greedy|2024|10000|all,20,2025,tanker,4099,5123.960995435715,10087.71564412117,16140.77259349823,25232.998209953308,41624.07960100175
greedy|2024|10000|all,20,2025,gas,951,9231.956192970276,15847.182218551636,26799.767693519592,48304.88665962219,87163.50153493881
greedy|2024|10000|all,20,2025,general,1769,7327.339841866494,11797.512194633484,20138.205953598022,32863.84536743164,62144.50080242159
greedy|2024|10000|all,20,2025,roro,588,10026.406585222483,15608.558765277267,21061.082028865814,32205.27160178125,72166.03341671228
greedy|2024|10000|bulk,20,2018,all,15321,8298.301487922668,13708.085397481918,22033.82049286365,38889.08356714249,88388.97512626648
greedy|2024|10000|bulk,20,2018,container,2234,6465.549521541597,11739.211492657661,22999.383418560028,85932.41291742027,201946.2879387081
greedy|2024|10000|bulk,20,2018,bulk,6294,9001.482229721547,13745.37302684784,19861.80953335762,27877.67925572395,42440.382525408255
greedy|2024|10000|bulk,20,2018,tanker,3798,7260.66873574257,12970.688024520874,21907.24269771576,37403.06777986884,74914.09616308213
greedy|2024|10000|bulk,20,2018,gas,820,11366.717885637285,22069.644715487957,40040.51398539543,69352.9478713274,120818.6307689667
greedy|2024|10000|bulk,20,2018,general,1646,9711.025337696075,15574.349776983261,26352.68365740776,56304.26313316822,149240.8763142228
greedy|2024|10000|bulk,20,2018,roro,529,15365.602379941938,25048.41739630699,41160.2944508791,80799.79348558187,195830.10317862034
greedy|2024|10000|bulk,20,2019,all,15502,8839.514896011353,14760.83718240261,24176.30010843277,46786.30552327633,108685.31158454715
greedy|2024|10000|bulk,20,2019,container,2209,6573.319892501831,11873.254737854004,26749.700855970383,110038.48831912877,231931.463888836
greedy|2024|10000|bulk,20,2019,bulk,6371,9616.01195716858,14555.524585008621,20999.888939857483,30723.476447582245,48234.1867017746
greedy|2024|10000|bulk,20,2019,tanker,3924,7820.498494756222,14081.69638440013,24337.477636337277,45005.81807887554,85520.84737668042
greedy|2024|10000|bulk,20,2019,gas,874,12981.769993638994,26429.15542936325,51729.140886723995,89324.13682955503,153658.31587005858
greedy|2024|10000|bulk,20,2019,general,1607,10920.983931159975,19072.898814201355,33133.07670545578,80733.8407241106,184170.37284498222
greedy|2024|10000|bulk,20,2019,roro,517,16718.020558261873,29676.200905799866,47398.23305821419,110877.30888319016,246546.18650121693
greedy|2024|10000|bulk,20,2020,all,15740,9062.469516277311,14853.017814993858,23759.833626270294,46844.38080406189,117622.40633671287
greedy|2024|10000|bulk,20,2020,container,2212,6560.3656578063965,12528.458507657051,28676.606280326843,120894.86206927896,270591.7333691836
greedy|2024|10000|bulk,20,2020,bulk,6573,9831.265574264527,14627.09174633026,20922.265796661377,30167.306682527065,47222.93409223557
greedy|2024|10000|bulk,20,2020,tanker,3944,7874.0670739054685,14043.30104547739,23739.160477995872,46741.5584321022,95909.55718919633
greedy|2024|10000|bulk,20,2020,gas,913,13174.524292850496,26199.41496014595,53286.41839694977,90839.85906669496,161961.99628038408
greedy|2024|10000|bulk,20,2020,general,1592,10799.358743286133,18589.42821788788,32767.530669361353,90573.41782438755,203670.9348648519
greedy|2024|10000|bulk,20,2020,roro,506,15955.075571119783,26051.940622866154,43011.77374398708,112312.6395033449,274269.0764579773
greedy|2024|10000|bulk,20,2021,all,16620,9762.521112489701,15434.869582414629,24557.539432406425,48605.57381027937,124979.67161436082
greedy|2024|10000|bulk,20,2021,container,2505,7253.70136256218,13614.9205596447,31783.79869747162,126562.31617736816,275735.151971598
greedy|2024|10000|bulk,20,2021,bulk,6773,10720.944204711914,15363.25151348114,21489.77187871933,31148.606618881226,47997.57756614687
greedy|2024|10000|bulk,20,2021,tanker,4085,7337.505794143676,13275.143258094788,23923.5231294632,47505.568033218384,96806.75617265698
greedy|2024|10000|bulk,20,2021,gas,977,15785.966276925801,28173.48609066009,51988.79790306091,90208.35627126694,165592.32306022636
greedy|2024|10000|bulk,20,2021,general,1751,11999.17942905426,19004.73794582486,34023.78127384186,98422.45522364229,206268.5802721977
greedy|2024|10000|bulk,20,2021,roro,529,17121.6127076149,27100.193293094635,41988.85052442551,113375.4269657135,309947.4562996521
greedy|2024|10000|bulk,20,2022,all,17691,9062.46951675415,14691.859584391117,23688.740530490875,47028.43578147888,122012.9083929062
greedy|2024|10000|bulk,20,2022,container,2890,6719.810709476471,12802.240104913712,27364.964627742767,109720.5993802175,259536.4067326307
greedy|2024|10000|bulk,20,2022,bulk,7090,9954.703362274171,14638.738520264626,20951.62738275528,29923.63799548149,46824.14231042862
greedy|2024|10000|bulk,20,2022,tanker,4229,7346.057582044601,12858.767929077148,22901.258959770203,45460.72617340088,95978.11846237199
greedy|2024|10000|bulk,20,2022,gas,991,13729.440715909004,26425.405906945467,53472.048550605774,98624.60498428345,169063.9671497345
greedy|2024|10000|bulk,20,2022,general,1884,11570.170610427856,18256.005937993526,32512.94430232048,87969.19024319481,203999.126376915
greedy|2024|10000|bulk,20,2022,roro,607,15405.847138333322,25685.672189116478,43109.39437365532,99832.10858945549,295684.8819717883
greedy|2024|10000|bulk,20,2023,all,17714,8921.405309677124,14288.005796432495,23149.28284597397,46912.850056409836,122338.72447254659
greedy|2024|10000|bulk,20,2023,container,2948,6433.1810727596285,12677.110199213028,29952.34710201621,117560.57401351632,255142.20280437468
greedy|2024|10000|bulk,20,2023,bulk,7061,9535.538795948029,14077.610167503355,20161.66303396225,28473.901968955997,44222.44340324402
greedy|2024|10000|bulk,20,2023,tanker,4262,7708.655958461762,12858.405836343765,22849.573914051056,45146.57352852821,92434.41633536824
greedy|2024|10000|bulk,20,2023,gas,993,13407.864428710938,28051.73246574402,57190.95993423462,102928.95866298676,168757.99288311016
greedy|2024|10000|bulk,20,2023,general,1849,10925.425864213705,17443.668875694275,31177.67250662297,85459.32808685303,201046.20596954823
greedy|2024|10000|bulk,20,2023,roro,601,15312.081649422646,24839.08643913269,41767.16288900376,102506.85729050636,298049.6536296606
greedy|2024|10000|bulk,20,2024,all,16746,8659.149387836456,14666.646630853415,23973.12353181839,47857.22304856777,118114.14871120454
greedy|2024|10000|bulk,20,2024,container,2715,6699.651856231691,13304.20085337013,37335.68031692505,114615.43665456772,242820.77882690422
greedy|2024|10000|bulk,20,2024,bulk,6665,9377.863624191283,14425.030366420746,20497.41738796234,28921.43213748932,43702.16782608034
greedy|2024|10000|bulk,20,2024,tanker,4087,6825.076075649262,12910.515680581331,23495.406171798702,46214.05363035202,87839.9475856781
greedy|2024|10000|bulk,20,2024,gas,951,13208.821421474218,29528.12387561798,56710.30368614197,106815.28483730555,169063.9671497345
greedy|2024|10000|bulk,20,2024,general,1767,10755.89842529297,17214.93335056305,30852.518688201904,78836.20245531201,190049.8258454323
greedy|2024|10000|bulk,20,2024,roro,561,16581.211721420288,26060.635279655457,46497.69933891296,106622.11847400664,280471.7629637122
greedy|2024|10000|bulk,20,2025,all,17006,8834.7776876688,14801.53475177288,23904.6478433609,45545.60361075401,104498.50378036499
greedy|2024|10000|bulk,20,2025,container,2779,7230.342603588104,15289.791702747345,39208.83630514145,101642.33702298999,208387.62930865286
greedy|2024|10000|bulk,20,2025,bulk,6820,9646.002408885957,14577.930053532125,20464.561327576637,28828.76172375679,42024.40210194589
greedy|2024|10000|bulk,20,2025,tanker,4099,6403.990454769135,12620.411346554756,23091.52458667755,42952.38391935825,77439.35122346881
greedy|2024|10000|bulk,20,2025,gas,951,12047.635882675648,27165.50263786316,52744.461552619934,91872.08046722412,152087.3850312233
greedy|2024|10000|bulk,20,2025,general,1769,11118.843960952758,17067.321484088898,29996.271695137024,64718.416197672486,170498.7740403652
greedy|2024|10000|bulk,20,2025,roro,588,15242.69713638425,28319.883837863803,48239.82204198837,97091.42050355673,222960.30212671784
greedy|2024|10000|container,20,2018,all,15321,7218.598099038005,13436.625958442688,23902.39023208618,39875.34500879049,67107.98501634598
greedy|2024|10000|container,20,2018,container,2234,3315.6805641889573,6261.912924051285,10059.966580152512,18865.696096897125,69533.10377764705
greedy|2024|10000|container,20,2018,bulk,6294,13059.713318252563,20827.79913377762,29795.387100458145,43856.07381772995,66041.9218016624
greedy|2024|10000|container,20,2018,tanker,3798,7334.619992876053,13147.258415699005,22554.75961458683,36697.209664165974,63108.5825975776
greedy|2024|10000|container,20,2018,gas,820,10041.47154314518,16761.369993925095,28283.577808618546,51122.21033778787,97874.14511892799
greedy|2024|10000|container,20,2018,general,1646,7663.858945526183,12547.931165456772,21576.1999270916,36355.34614276887,70116.29298734665
greedy|2024|10000|container,20,2018,roro,529,8572.371557688713,13499.66478729248,19710.639878749847,26844.30231629312,58881.87141790388
greedy|2024|10000|container,20,2019,all,15502,8050.801299273968,14657.984640061855,27226.783822774887,46909.06680595875,80185.46011273262
greedy|2024|10000|container,20,2019,container,2209,3111.698185348511,6605.310472488403,10250.183921337128,20220.632089287043,92004.4784711838
greedy|2024|10000|container,20,2019,bulk,6371,13879.807920455933,22845.3749614954,33758.024461746216,50389.09543323517,76905.82640647888
greedy|2024|10000|container,20,2019,tanker,3924,8355.255104732514,14246.935361862183,25201.921763420105,42250.70338463783,71944.98865332606
greedy|2024|10000|container,20,2019,gas,874,11128.393797510864,18959.54333591461,31764.51073026657,60648.51263925433,117114.43687810902
greedy|2024|10000|container,20,2019,general,1607,8602.878804016114,14538.096775531769,26713.785595588382,47718.911176264286,88951.5525356293
greedy|2024|10000|container,20,2019,roro,517,9153.897958254815,14725.014936447144,21426.623903274536,30536.77408027649,70293.25101108552
greedy|2024|10000|container,20,2020,all,15740,8248.938249301911,15393.419425487518,27291.89274930954,47195.195384506136,85610.08330078126
greedy|2024|10000|container,20,2020,container,2212,3044.891086611152,6398.430056333542,10601.126670360565,20358.742817759514,98514.8664363444
greedy|2024|10000|container,20,2020,bulk,6573,15521.008475875857,23241.333902597427,33403.5866830349,50534.086711883545,80371.74723005296
greedy|2024|10000|container,20,2020,tanker,3944,8582.704678535461,14520.543803334236,24681.064650654793,42819.84215629101,76584.82944135668
greedy|2024|10000|container,20,2020,gas,913,12928.796683311462,20252.264336586,33641.50119495392,65095.72005748749,118832.72094488145
greedy|2024|10000|container,20,2020,general,1592,8243.767787730694,14505.404369950294,26250.06912434101,48913.77131175995,95990.79386825566
greedy|2024|10000|container,20,2020,roro,506,8895.905816733837,13812.157185941936,20393.757804870605,29915.459781229492,83967.17366680503
greedy|2024|10000|container,20,2021,all,16620,8459.929242515564,15785.914081513882,27909.979305148125,47439.68721008301,86874.47541142703
greedy|2024|10000|container,20,2021,container,2505,3378.5563450813297,6556.661112785339,10976.83517217636,21143.455594062805,99009.62818704842
greedy|2024|10000|container,20,2021,bulk,6773,16765.044029808043,23997.00273990631,34821.99678516388,52158.80353355408,81835.16250190737
greedy|2024|10000|container,20,2021,tanker,4085,8272.489353179932,14159.865345954897,24305.75385284424,41823.66191053391,75969.35864427089
greedy|2024|10000|container,20,2021,gas,977,14210.40047774315,22910.5270280838,36588.887018203735,67672.6455552578,131450.4721712112
greedy|2024|10000|container,20,2021,general,1751,10119.589255332949,15531.000191628933,25594.07334089279,47617.69272055477,93398.60965752602
greedy|2024|10000|container,20,2021,roro,529,10169.117951774599,15541.041718482971,21705.809320926663,33136.214071050286,88845.31190798877
greedy|2024|10000|container,20,2022,all,17691,7647.503618359566,14809.244152218103,26234.400588035583,45739.32394838333,84325.16135501862
greedy|2024|10000|container,20,2022,container,2890,3565.698704481125,6397.468573063612,11085.938446521759,20302.413319587708,93558.40670208925
greedy|2024|10000|container,20,2022,bulk,7090,15542.42826051414,23012.513905763626,32898.740966796875,50477.63935947418,79156.69734487534
greedy|2024|10000|container,20,2022,tanker,4229,7597.688776874542,14151.672519683838,23950.09056854248,40991.1698012352,77102.94705297949
greedy|2024|10000|container,20,2022,gas,991,14095.413843154907,20705.495388150215,36727.23532295227,72410.11148166656,135906.20898914337
greedy|2024|10000|container,20,2022,general,1884,9359.478099822998,14507.857525974512,24415.547491654754,47414.41499173641,92850.27085855011
greedy|2024|10000|container,20,2022,roro,607,8810.83531628847,14428.61806678772,21334.685024261475,32398.3891582489,79490.59846765993
greedy|2024|10000|container,20,2023,all,17714,7568.92706668377,14530.94212090969,25986.916932940483,45571.89521789551,83933.47745342257
greedy|2024|10000|container,20,2023,container,2948,3360.5748248815535,6226.213393270969,11252.206049859524,20700.910014986992,95130.46301083577
greedy|2024|10000|container,20,2023,bulk,7061,14533.19120645523,22509.47453439236,32605.20946407318,49546.32376098633,76940.85954999924
greedy|2024|10000|container,20,2023,tanker,4262,8095.435537624359,14045.104689121248,23985.159442424774,41511.68959885836,79218.36269726756
greedy|2024|10000|container,20,2023,gas,993,14461.971827936173,22601.527936518192,39960.27909851074,75470.70851135254,140333.68398895263
greedy|2024|10000|container,20,2023,general,1849,8665.789291572572,14235.548946857452,24970.527288377285,47053.80745649338,88525.81705837252
greedy|2024|10000|container,20,2023,roro,601,10547.40371119976,14942.62425518036,20827.55462360382,30396.12438297272,64683.72652959824
greedy|2024|10000|container,20,2024,all,16746,7593.960403442383,14851.660520672798,27200.877233143896,47924.188113331795,85779.43313598633
greedy|2024|10000|container,20,2024,container,2715,3447.8276086807264,6383.397129535675,11950.493271827698,22001.263892054558,94519.41448020934
greedy|2024|10000|container,20,2024,bulk,6665,14367.93963096142,22885.80762529373,33625.51130652428,50831.147812366486,78123.16944293979
greedy|2024|10000|container,20,2024,tanker,4087,7197.813259220124,14016.084880828857,24872.97291946411,43021.161560088396,80614.24074211123
greedy|2024|10000|container,20,2024,gas,951,15972.11093711853,23856.99562740326,45051.24190032482,85862.42929923534,149685.18263053894
greedy|2024|10000|container,20,2024,general,1767,8596.782802963256,14552.088630318642,25754.979428365827,49276.20431137085,89791.35505669723
greedy|2024|10000|container,20,2024,roro,561,10281.553194999697,14868.50081896782,21447.031042337418,33046.011982917786,70385.19557094574
greedy|2024|10000|container,20,2025,all,17006,7835.275302886963,14875.447982996702,26644.706944167614,44970.1326880455,76852.0798997134
greedy|2024|10000|container,20,2025,container,2779,3771.910391807556,6972.80001449585,12173.382474899292,22406.374674260616,78171.86942482002
greedy|2024|10000|container,20,2025,bulk,6820,14175.086665832996,22682.20336389542,32796.761078834534,48160.47016629577,71453.15467300416
greedy|2024|10000|container,20,2025,tanker,4099,6809.382771372795,13993.105212688446,24485.558739364147,41329.420909911394,72291.06259994509
greedy|2024|10000|container,20,2025,gas,951,13453.537429571152,24012.84697675705,41250.55046129227,75918.00166797638,124372.41507768632
greedy|2024|10000|container,20,2025,general,1769,8989.503098535537,14212.16399383545,24989.088591575623,43407.18596506119,81824.573262775
greedy|2024|10000|container,20,2025,roro,588,9249.66881942749,14190.006550669668,21020.09247982502,31780.443735182285,66606.20272636872
greedy|2024|5000|all,20,2018,all,15321,6530.143951058388,13082.492584586143,22673.766388893127,39709.95768213272,75258.72805023193
greedy|2024|5000|all,20,2018,container,2234,3113.7953815460205,7806.541206270456,14420.858272075653,34775.022680819035,135012.0492072955
greedy|2024|5000|all,20,2018,bulk,6294,8831.94747107029,17601.730058670044,25172.667239665985,40325.68686842919,65658.09745664596
greedy|2024|5000|all,20,2018,tanker,3798,6121.670404100419,11787.13372501731,21251.822600364685,33560.385236263275,58474.821545600906
greedy|2024|5000|all,20,2018,gas,820,9703.358071088789,17059.712200164795,30237.43952846527,53779.159452438354,113932.5677582264
greedy|2024|5000|all,20,2018,general,1646,6249.95663492009,11413.003873944283,22336.326418876648,42908.04641008377,85753.68157720566
greedy|2024|5000|all,20,2018,roro,529,8849.176028633117,16868.79492712021,25275.65007209778,45943.9660654068,142743.80015430445
greedy|2024|5000|all,20,2019,all,15502,7072.378604257107,14326.993568718433,25166.271481394768,47925.77169108391,92740.54203910826
greedy|2024|5000|all,20,2019,container,2209,2991.675027179718,8527.038964986801,15306.091674804688,58796.03565450013,170298.1671500206
greedy|2024|5000|all,20,2019,bulk,6371,9357.088433384895,18489.818910121918,27853.715397834774,47401.37130403519,77983.8674621582
greedy|2024|5000|all,20,2019,tanker,3924,6599.990581989288,13188.193092107775,23618.561334609985,40711.29179406166,68647.84253926281
greedy|2024|5000|all,20,2019,gas,874,11485.594739580156,19522.927558720115,35279.35475349426,70929.74300479889,140112.1002913714
greedy|2024|5000|all,20,2019,general,1607,6653.765170097351,12803.217317402363,26723.959227085117,55539.07801616192,111010.67253131875
greedy|2024|5000|all,20,2019,roro,517,10585.098624229431,19545.685395240784,29053.31031227112,55240.5965975225,202168.97033634188
greedy|2024|5000|all,20,2020,all,15740,7051.249499990046,14225.180175498128,24591.99814081192,47224.48966395855,102477.91282324793
greedy|2024|5000|all,20,2020,container,2212,2838.606429791451,7467.711453855038,14957.13571691513,53779.47691316903,190204.42620385895
greedy|2024|5000|all,20,2020,bulk,6573,10076.179236817361,18879.41073656082,27066.61193561554,46314.06952571869,82255.6307580948
greedy|2024|5000|all,20,2020,tanker,3944,6709.59750726223,13082.983345113695,22755.04151201248,39218.83750452846,70962.87981085785
greedy|2024|5000|all,20,2020,gas,913,12232.554908561706,20553.05780696869,37243.50162506104,73016.78692245483,156595.79291934968
greedy|2024|5000|all,20,2020,general,1592,6306.097560727597,12298.013575792313,26875.794448375702,58616.401270225644,125061.8176294804
greedy|2024|5000|all,20,2020,roro,506,10491.920292325318,19080.877835989002,28891.700586795807,66429.72310715914,231261.177267164
greedy|2024|5000|all,20,2021,all,16620,7244.847369480133,14237.479194164276,24967.280299663544,48092.55324524641,103743.7928153515
greedy|2024|5000|all,20,2021,container,2505,3077.905559372902,7903.329766750336,14689.4011926651,48438.46656036377,187316.5403068065
greedy|2024|5000|all,20,2021,bulk,6773,11378.413368606569,19485.076112270355,28513.87666797638,48042.09663677216,83490.29774284364
greedy|2024|5000|all,20,2021,tanker,4085,6158.749570465089,12154.009861469269,22314.10041236877,38521.63817310333,71084.02043962479
greedy|2024|5000|all,20,2021,gas,977,14091.271650314333,23658.127451896667,41012.38412666321,85922.42429351807,170180.73949451445
greedy|2024|5000|all,20,2021,general,1751,7043.6074867248535,12400.942288726568,25594.07334089279,54510.6777715683,121720.7471563816
greedy|2024|5000|all,20,2021,roro,529,10198.225405931475,18328.535351395607,29617.52157211304,65170.7281434536,236523.79960902032
greedy|2024|5000|all,20,2022,all,17691,6168.269365787506,13351.900541126728,23996.816063404083,46349.2333073616,101393.25533356144
greedy|2024|5000|all,20,2022,container,2890,3051.1391761064533,6004.76199221611,13498.032939910889,28110.473802149296,168753.25231122965
greedy|2024|5000|all,20,2022,bulk,7090,9921.12247133255,18826.98384320736,27863.18317389488,46422.00079393387,80732.7022769928
greedy|2024|5000|all,20,2022,tanker,4229,5860.609328651428,11957.53993153572,21913.27247428894,38919.83545064926,72759.77522137166
greedy|2024|5000|all,20,2022,gas,991,12926.569498062134,20493.051003694534,43077.304574251175,91037.28792786598,174844.55727481842
greedy|2024|5000|all,20,2022,general,1884,6323.08876425475,11654.064118862152,24257.43773174286,51955.978214919574,122301.09418554313
greedy|2024|5000|all,20,2022,roro,607,9544.390973854064,18386.67914545536,27913.608110904694,62503.373927116394,222286.0948369979
greedy|2024|5000|all,20,2023,all,17714,5974.584755229951,13167.39353786409,23914.54199576378,46869.74448442459,101233.896408096
greedy|2024|5000|all,20,2023,container,2948,2972.8892921447755,5670.670537948608,14092.003269195557,34350.06154945493,156234.02719430925
greedy|2024|5000|all,20,2023,bulk,7061,9232.068274259567,18261.912841796875,26911.17677307129,45425.71093273163,79084.35282373428
greedy|2024|5000|all,20,2023,tanker,4262,5941.419649243356,12113.11921966076,22559.020292282104,41369.05647799373,78127.24755682946
greedy|2024|5000|all,20,2023,gas,993,12481.972467374802,22262.63379764557,43309.51717090607,94573.29825973512,171094.06684346206
greedy|2024|5000|all,20,2023,general,1849,6133.156087708474,10977.715532302856,24805.977375984192,53470.97810173035,120703.02340984349
greedy|2024|5000|all,20,2023,roro,601,10130.918279618025,17786.66118621826,27143.242411613464,51735.94445896149,232530.03079885244
greedy|2024|5000|all,20,2024,all,16746,5891.928457260132,12960.634590178728,23754.834163188934,46480.23670941591,97022.29232621193
greedy|2024|5000|all,20,2024,container,2715,2973.985189116001,6095.935145616531,14714.020461082458,38941.129941403866,146853.69863064287
greedy|2024|5000|all,20,2024,bulk,6665,9208.413908576966,18070.084988832477,26023.077651023865,43509.00839710236,77013.1979763031
greedy|2024|5000|all,20,2024,tanker,4087,5402.86043305397,11500.711326599121,22637.092248916622,41998.91062164307,78702.79530344011
greedy|2024|5000|all,20,2024,gas,951,10354.619071006777,20584.67768096924,44376.33958363533,92791.67744445802,167119.96229928732
greedy|2024|5000|all,20,2024,general,1767,5759.512117290497,10588.448770865798,24921.63344478607,53823.55459964275,111535.72909535172
greedy|2024|5000|all,20,2024,roro,561,10188.421498298643,17187.702444314957,26050.70278930664,49300.68420481682,218484.97062978148
greedy|2024|5000|all,20,2025,all,17006,5994.5274738408625,12867.768988352269,23245.591229200363,42430.059908390045,83323.43642902374
greedy|2024|5000|all,20,2025,container,2779,3109.5845561504366,6461.117217302322,15486.363631129265,37551.39239260554,117886.73786413681
greedy|2024|5000|all,20,2025,bulk,6820,9192.29323113263,17848.97180402279,24997.68097883463,40381.098781347275,66039.57029652597
greedy|2024|5000|all,20,2025,tanker,4099,5216.475285911561,11278.084600806236,21389.92436361313,38644.85911464691,70141.9116399765
greedy|2024|5000|all,20,2025,gas,951,10243.252168655396,21759.23553609848,41041.61946773529,81711.43997335434,145155.208486557
greedy|2024|5000|all,20,2025,general,1769,6173.797791862488,11032.46487045288,23888.183398485184,47015.99391174317,98782.66017875679
greedy|2024|5000|all,20,2025,roro,588,9376.16707547903,17661.393255214207,26278.222359657288,46892.86472335458,164791.3942827464
greedy|2024|5000|bulk,20,2018,all,15321,7528.124176502228,17305.73787879944,30176.656524419785,72041.97361898422,182837.9483566284
greedy|2024|5000|bulk,20,2018,container,2234,4193.069383609295,14353.620583325624,28482.489699363705,145669.07456304133,321744.55014520884
greedy|2024|5000|bulk,20,2018,bulk,6294,7653.987159729004,17441.374138385057,26189.82486486435,48746.63704192639,95260.74722862236
greedy|2024|5000|bulk,20,2018,tanker,3798,7353.2394832372665,16708.078955113888,32629.30879163742,80180.39168953896,177548.78031692508
greedy|2024|5000|bulk,20,2018,gas,820,8510.620220184326,20684.057235240936,44495.596509218216,102546.22049498558,240818.84719696047
greedy|2024|5000|bulk,20,2018,general,1646,8146.622473359108,18136.518538445238,42001.87769305706,115441.09898304939,281633.76369524
greedy|2024|5000|bulk,20,2018,roro,529,11242.182617592813,23106.75557231903,36973.03700065613,75728.97795581818,233589.91781444545
greedy|2024|5000|bulk,20,2019,all,15502,7858.294765615463,19291.01614999771,37058.51171195507,92591.08665920817,214097.67966158385
greedy|2024|5000|bulk,20,2019,container,2209,4974.8634123802185,18599.068472862244,47770.78334188461,192745.4019794464,363968.02138600353
greedy|2024|5000|bulk,20,2019,bulk,6371,7662.058490753174,18088.48034286499,29574.73623275757,58296.61753511429,113712.6434211731
greedy|2024|5000|bulk,20,2019,tanker,3924,7961.0493452787405,18729.949838399887,41568.88785016537,98783.0708758831,195179.85929689414
greedy|2024|5000|bulk,20,2019,gas,874,12128.069978505373,27919.94828939438,61615.27168464661,131977.48920416832,266514.38347959524
greedy|2024|5000|bulk,20,2019,general,1607,10250.099404001236,23418.389221429825,55705.13096237183,136350.136646986,301815.96770715714
greedy|2024|5000|bulk,20,2019,roro,517,11890.676724815368,26687.947923898697,41337.52129125595,115919.4217877388,283086.7072546959
greedy|2024|5000|bulk,20,2020,all,15740,7908.467695713043,19039.230601608753,35495.96172595024,101940.9944986105,233173.6504300118
greedy|2024|5000|bulk,20,2020,container,2212,4562.7510232448585,16224.30527329445,39474.10042524338,221898.69416127726,383300.8342018129
greedy|2024|5000|bulk,20,2020,bulk,6573,7913.264223098756,18237.67260468006,28142.217787265778,57693.210552215576,128985.23183550838
greedy|2024|5000|bulk,20,2020,tanker,3944,7864.39941586256,18098.563506007198,40923.02173471451,115682.03330856562,218725.74350273606
greedy|2024|5000|bulk,20,2020,gas,913,11714.967357796431,26698.50809192657,64811.10719680786,151825.57720470428,298867.41269569425
greedy|2024|5000|bulk,20,2020,general,1592,9741.590303516386,22794.237352848053,62025.367183327675,162562.84553566575,316418.77630453114
greedy|2024|5000|bulk,20,2020,roro,506,11926.778470993042,23852.708814263344,38839.513888180256,124134.68876075745,302152.43706965446
greedy|2024|5000|bulk,20,2021,all,16620,8642.913665986061,19408.051288694143,36751.79200744629,104851.97842979431,242049.3720422745
greedy|2024|5000|bulk,20,2021,container,2505,5347.60924218297,16933.971037864685,42518.029059410095,226579.9146699905,383639.0966952324
greedy|2024|5000|bulk,20,2021,bulk,6773,9185.54595155716,19408.90350246429,29808.976324558254,60744.50400543213,134665.93025989534
greedy|2024|5000|bulk,20,2021,tanker,4085,7089.916782140733,16499.19524860382,41053.27559089661,119961.57097806036,229064.83034901615
greedy|2024|5000|bulk,20,2021,gas,977,13621.984132480622,30985.955074310303,70434.34254658222,166106.54338359833,310535.86139202106
greedy|2024|5000|bulk,20,2021,general,1751,10631.911776065826,22442.323469161987,54228.68577003479,164140.56316256523,314053.86789131165
greedy|2024|5000|bulk,20,2021,roro,529,12770.244020605087,24397.183923721317,37195.42031145096,119452.28012299538,353252.97357511515
greedy|2024|5000|bulk,20,2022,all,17691,7951.9352169036865,18048.627471923828,35101.662855148315,99874.1933259964,237913.59392046928
greedy|2024|5000|bulk,20,2022,container,2890,4918.3069603919985,12808.740277528763,26974.738937854767,204803.38825833797,368505.626201868
greedy|2024|5000|bulk,20,2022,bulk,7090,8526.284518015387,18664.484780073162,29823.423845529553,59567.31559944153,126465.80058994297
greedy|2024|5000|bulk,20,2022,tanker,4229,7085.733192062378,16317.154712677002,39200.203023433685,118013.2231798172,228601.32260799414
greedy|2024|5000|bulk,20,2022,gas,991,11707.900907993317,29639.375494003296,74053.7781124115,168034.84033823013,308701.5120358467
greedy|2024|5000|bulk,20,2022,general,1884,10027.065352188145,19913.925290822983,49884.165831804276,151407.48967314884,304714.9782835961
greedy|2024|5000|bulk,20,2022,roro,607,11683.565202999114,22400.51192677021,35571.304416656494,84834.03073769808,310374.33602426347
greedy|2024|5000|bulk,20,2023,all,17714,7822.082074928284,17939.633548378944,33956.897449970245,98838.32623565196,232829.67291707994
greedy|2024|5000|bulk,20,2023,container,2948,4797.4783884525295,13021.287849903107,35691.09513810277,198643.22850066426,352382.9608811856
greedy|2024|5000|bulk,20,2023,bulk,7061,8320.760446548462,18007.494569301605,27532.77590084076,54463.55048084259,116224.52300930025
greedy|2024|5000|bulk,20,2023,tanker,4262,7673.327621650696,16718.128849983215,41733.04870891571,118750.6486942172,225021.108887291
greedy|2024|5000|bulk,20,2023,gas,993,12481.972467374802,28555.02864646912,75694.52992534637,162792.18791007996,306055.3985675337
greedy|2024|5000|bulk,20,2023,general,1849,9639.148967838288,20529.111694335938,51131.656569480896,152583.66868638992,302396.1453458787
greedy|2024|5000|bulk,20,2023,roro,601,12038.832177639008,22260.527563095093,34571.63574934006,77655.65778541565,304310.2347404361
greedy|2024|5000|bulk,20,2024,all,16746,7668.319632619619,17827.399002291262,32713.621292471886,91427.24007058144,218472.70769959688
greedy|2024|5000|bulk,20,2024,container,2715,5009.712614798546,13863.173644602299,39721.10383605957,179591.30968034267,334146.1497092247
greedy|2024|5000|bulk,20,2024,bulk,6665,8326.464561843872,17858.0786113739,26436.20321798325,51091.82611083984,104353.0467917921
greedy|2024|5000|bulk,20,2024,tanker,4087,6620.248080444336,15329.708731174469,40228.6137008667,107688.19854235649,212888.89263738398
greedy|2024|5000|bulk,20,2024,gas,951,10742.20241856575,27791.456335544586,66436.37462902069,155387.57127809525,296828.06383895874
greedy|2024|5000|bulk,20,2024,general,1767,9578.547331809998,19570.107089042664,46595.68255519867,142016.16064357758,297167.4291839601
greedy|2024|5000|bulk,20,2024,roro,561,13432.589123725891,22720.20668888092,34822.746666908264,90187.61729446054,294108.36753320694
greedy|2024|5000|bulk,20,2025,all,17006,7686.209037780762,17445.35015106201,31427.401322841644,76253.8038674593,186675.56225576997
greedy|2024|5000|bulk,20,2025,container,2779,5561.229165667296,15170.024599075317,35626.88027095795,138390.71227920055,290615.65819892887
greedy|2024|5000|bulk,20,2025,bulk,6820,8338.30075440407,17847.73669528961,26156.84155011177,46549.93660581112,87154.33935232162
greedy|2024|5000|bulk,20,2025,tanker,4099,6550.513357543946,14326.522079229355,36361.07196998596,89912.42396974564,192982.11295547488
greedy|2024|5000|bulk,20,2025,gas,951,10379.861307382584,26093.483788728714,59465.62198829651,125290.95217680931,259396.10651683807
greedy|2024|5000|bulk,20,2025,general,1769,9735.399453544616,18344.17704343796,41163.97327327728,117418.11826610564,280972.6189129829
greedy|2024|5000|bulk,20,2025,roro,588,12308.087215328218,23354.627587348223,35487.338513329625,80928.38294297457,242652.31011614934
greedy|2024|5000|container,20,2018,all,15321,7649.073273599148,16524.213312149048,29636.550910949707,50723.591203689575,89300.99650096893
greedy|2024|5000|container,20,2018,container,2234,3098.3899768829347,6597.991859793663,13577.475331783295,24948.829646468163,98145.34617137915
greedy|2024|5000|container,20,2018,bulk,6294,14043.695668458939,22934.301441669464,34806.3102145195,53326.11452102662,82782.46672809121
greedy|2024|5000|container,20,2018,tanker,3798,7708.5500604152685,15873.822047233582,27293.75379872322,46107.718355834484,75780.06217927934
greedy|2024|5000|container,20,2018,gas,820,13445.693447744847,25142.28744405508,47679.626763254404,84027.54106092453,146859.5395659447
greedy|2024|5000|container,20,2018,general,1646,7290.199451088905,13989.78533488512,28136.78469657898,52962.72812609002,102888.13094814122
greedy|2024|5000|container,20,2018,roro,529,9047.743870449067,17823.77075433731,28505.954418182373,47313.49482173473,123598.42698149676
greedy|2024|5000|container,20,2019,all,15502,8484.083780501784,19176.478168785572,35138.72203159332,62185.532595694065,108203.97023000717
greedy|2024|5000|container,20,2019,container,2209,2988.3702949523927,6985.952744007111,14152.925456523895,32391.94188261032,123332.65364236833
greedy|2024|5000|container,20,2019,bulk,6371,14868.482019901276,25580.592200040817,41122.34764146805,63491.92838585377,97847.15245175362
greedy|2024|5000|container,20,2019,tanker,3924,8775.291241931915,18506.52053451538,31625.4700756073,54553.66855305433,88201.02578902245
greedy|2024|5000|container,20,2019,gas,874,17761.785828519754,34561.406722545624,63806.3005194664,107249.86527240276,176613.90984680655
greedy|2024|5000|container,20,2019,general,1607,8013.403281021119,17688.143151283264,36855.75701856613,69594.80474710464,130343.47720050816
greedy|2024|5000|container,20,2019,roro,517,10399.164704132081,22102.32917261124,33137.866406440735,55678.00294017792,184610.7699950099
greedy|2024|5000|container,20,2020,all,15740,8531.739040338993,19551.849507570267,35134.44239640236,63820.36978542805,116596.04237875938
greedy|2024|5000|container,20,2020,container,2212,2871.114284777642,6669.737119704485,13857.618945121765,27151.216014862064,132826.52082636958
greedy|2024|5000|container,20,2020,bulk,6573,16887.95137758255,25896.032225608826,40749.33896446228,65221.65711283684,104540.97628929619
greedy|2024|5000|container,20,2020,tanker,3944,9153.676834845543,18211.639283776287,31167.488869667053,54068.596925497055,94595.57928638459
greedy|2024|5000|container,20,2020,gas,913,19942.88097147942,37277.983459472656,65887.0152683258,119307.84509944916,205565.08511614808
greedy|2024|5000|container,20,2020,general,1592,7524.4540351748465,16840.209033727646,36102.75912761688,75314.9696919918,140911.82386932374
greedy|2024|5000|container,20,2020,roro,506,9715.918714791536,19561.314137220383,32424.250943660736,56040.653701126575,199452.88064217567
greedy|2024|5000|container,20,2021,all,16620,8904.642399978638,19695.764975786213,35641.121502161026,64283.56231343746,118918.77384904622
greedy|2024|5000|container,20,2021,container,2505,3052.5590309143067,6581.538511276245,13923.30122756958,28163.82891368866,130208.01894426346
greedy|2024|5000|container,20,2021,bulk,6773,18980.244293630123,27941.976322174072,42836.68465709686,66718.61047363281,107070.7817199707
greedy|2024|5000|container,20,2021,tanker,4085,8604.741503810883,17235.21420955658,29884.79210042953,54004.65800333023,94212.1070513725
greedy|2024|5000|container,20,2021,gas,977,22330.63288209438,38120.514986515045,67853.05187702179,129354.904012084,214709.19902391432
greedy|2024|5000|container,20,2021,general,1751,8878.324442863464,16647.831901088357,33951.40891742706,71885.16193285584,141055.69383358955
greedy|2024|5000|container,20,2021,roro,529,10979.208845901489,21900.21836590767,33010.5872426033,60191.526484042406,215133.88106536857
greedy|2024|5000|container,20,2022,all,17691,7523.983296394348,18087.10421180725,33648.589460492134,62265.19597554207,116146.3797814846
greedy|2024|5000|container,20,2022,container,2890,3015.4704084932805,5571.785059809685,13333.32116317749,24255.430341005325,109152.79705167703
greedy|2024|5000|container,20,2022,bulk,7090,17001.804712831974,26599.275930166245,41610.697514534,65150.15136384964,102069.86456356054
greedy|2024|5000|container,20,2022,tanker,4229,7700.887878608703,16998.973008155823,29517.32607841492,54140.92384767532,96194.8230121613
greedy|2024|5000|container,20,2022,gas,991,19498.01897855303,37998.496461868286,70996.0990114212,139740.41274738312,222092.77428722385
greedy|2024|5000|container,20,2022,general,1884,7871.194789361954,14674.361369371414,31704.961802482605,67656.24718350917,141666.43337525876
greedy|2024|5000|container,20,2022,roro,607,10111.53780193329,20152.73939025402,33351.949645996094,59544.419300317764,190379.65395523288
greedy|2024|5000|container,20,2023,all,17714,7208.622637772562,17411.451594114304,32932.61152553558,61257.513082914054,113292.83342306619
greedy|2024|5000|container,20,2023,container,2948,2900.3819834142923,4982.322578191757,12981.931313872336,24225.35658532381,113501.87747531534
greedy|2024|5000|container,20,2023,bulk,7061,15407.523661613464,25011.43396472931,39256.74889564514,62615.70901250839,100461.72258329391
greedy|2024|5000|container,20,2023,tanker,4262,8187.955933094026,17092.578353345394,30229.68139898777,55290.48950815201,97285.54700017272
greedy|2024|5000|container,20,2023,gas,993,21166.049353027345,38419.792924165726,67130.05354762077,131895.8630847931,217126.48138904583
greedy|2024|5000|container,20,2023,general,1849,7698.933136767149,14463.95081281662,32624.887555122372,66856.80088329315,138741.58970146184
greedy|2024|5000|container,20,2023,roro,601,11869.186525344849,20832.09811782837,31512.798326969147,59601.207226514816,185164.8548006713
greedy|2024|5000|container,20,2024,all,16746,7182.907253265381,16829.875349760056,32076.221230506897,60381.16620349884,108430.0993873179
greedy|2024|5000|container,20,2024,container,2715,2927.8670465946198,5636.374816834927,13184.454853534698,24560.631425857544,109561.24556291697
greedy|2024|5000|container,20,2024,bulk,6665,15031.72615132332,24222.712423324585,37947.176473617554,60803.065351486206,93924.40160493854
greedy|2024|5000|container,20,2024,tanker,4087,7247.685533618927,15712.508283615112,29762.75975751877,56604.50541329384,97867.11392154696
greedy|2024|5000|container,20,2024,gas,951,19086.545660972595,36044.52774851024,66966.52554345131,126835.09308433533,206410.83780765533
greedy|2024|5000|container,20,2024,general,1767,7299.130839347839,14148.223812401295,31275.345304965973,62924.851107120514,122186.63950555336
greedy|2024|5000|container,20,2024,roro,561,11358.285068511965,20998.79954385757,30492.26606988907,54268.09750533104,167999.5500831604
greedy|2024|5000|container,20,2025,all,17006,7185.250683784485,16732.375522375107,30483.57540822029,53496.135113060474,94008.5768070221
greedy|2024|5000|container,20,2025,container,2779,3172.7571107387544,6163.327302932739,13942.169333457949,24466.080726504326,88943.69757633224
greedy|2024|5000|container,20,2025,bulk,6820,14787.290224456789,23738.782479941845,36119.592032432556,54048.71913790703,82525.44663076403
greedy|2024|5000|container,20,2025,tanker,4099,6647.695460891724,15493.046440839767,28200.448307991028,51089.33018434048,85904.70553669942
greedy|2024|5000|container,20,2025,gas,951,17519.037417173386,32670.961997032166,60171.974197387695,108480.29934358597,186373.41937828064
greedy|2024|5000|container,20,2025,general,1769,7639.935927200318,14242.974910736084,29040.09516429901,54943.59667348862,106913.05475549703
greedy|2024|5000|container,20,2025,roro,588,10489.020341730118,20364.59571349621,29905.253138005733,48977.79539767653,135911.40568135984
greedy|2024|7000|all,20,2018,all,15321,6614.662352561951,11738.131937026978,19501.78196144104,29489.113220214844,51137.92513942719
greedy|2024|7000|all,20,2018,container,2234,3433.473238158226,7249.11906516552,12361.744923591614,23518.34304666519,95559.9417335391
greedy|2024|7000|all,20,2018,bulk,6294,9307.16443231702,16555.97416728735,22578.85977077484,32203.14375424385,47851.31671571731
greedy|2024|7000|all,20,2018,tanker,3798,5689.872059571743,10342.572765827177,16154.269943714142,24446.45183944702,38499.216911554344
greedy|2024|7000|all,20,2018,gas,820,7898.621686045825,13897.946613907814,20603.184056520462,39083.610420294106,64119.357362286755
greedy|2024|7000|all,20,2018,general,1646,6556.264530740678,10878.886473085731,17869.38542521,28870.750412344933,56204.40933799744
greedy|2024|7000|all,20,2018,roro,529,9393.044195973875,13813.252781391144,21029.80248332024,30038.4781665802,69613.50723342894
greedy|2024|7000|all,20,2019,all,15502,7009.303583347798,12595.627735614777,21096.334522485733,33883.38760113716,61412.88112870155
greedy|2024|7000|all,20,2019,container,2209,3136.607860019803,7528.616325378418,13585.783462524414,31129.56978702545,120013.38482036591
greedy|2024|7000|all,20,2019,bulk,6371,9981.586036682129,17660.170456409454,24314.47483432293,36614.920976638794,55553.48014163971
greedy|2024|7000|all,20,2019,tanker,3924,6272.671744728088,11013.776897102594,17658.15129774809,26847.763405561444,45466.406431722644
greedy|2024|7000|all,20,2019,gas,874,8811.149760055543,15062.002021431923,24010.719112753868,43567.377774208784,84968.2279536486
greedy|2024|7000|all,20,2019,general,1607,7082.636040979623,12087.022160440683,20624.86273175478,34887.923227995634,70362.86746740939
greedy|2024|7000|all,20,2019,roro,517,9477.75029888153,14228.303049087524,22176.76065587997,33719.07206141949,95821.37860951426
greedy|2024|7000|all,20,2020,all,15740,7238.603979063034,12850.654497683048,21138.949830889702,33660.29987120628,64366.52827008966
greedy|2024|7000|all,20,2020,container,2212,3163.2675829648974,7673.712204158306,13385.659612059593,30352.19991724193,133585.75337862983
greedy|2024|7000|all,20,2020,bulk,6573,10707.840855598452,17871.340291023254,24201.12184405327,36170.1714220047,56031.997572326676
greedy|2024|7000|all,20,2020,tanker,3944,6436.796392107755,10960.276405274868,17381.25214791298,26384.80406910181,45487.23520230055
greedy|2024|7000|all,20,2020,gas,913,9520.281356811525,16463.543162345886,25872.99437046051,46121.31190872192,91874.51534652711
greedy|2024|7000|all,20,2020,general,1592,6573.458718425036,11669.616580247879,20907.531231999397,36330.40099823475,78478.86546635035
greedy|2024|7000|all,20,2020,roro,506,9344.546761512756,13895.18500764668,21340.292328312993,33792.712221980095,112555.90164589882
greedy|2024|7000|all,20,2021,all,16620,7467.85888466537,12926.485707461834,21315.301680088043,34098.77095401287,64468.6743944347
greedy|2024|7000|all,20,2021,container,2505,3640.6645452499392,7706.080543637276,13105.898521065712,29621.651651382446,127371.739583683
greedy|2024|7000|all,20,2021,bulk,6773,11761.284566688539,18256.46975338459,24473.709149360657,36843.41686439514,55777.21371688844
greedy|2024|7000|all,20,2021,tanker,4085,6200.42668876648,10780.743078231812,17114.472808361053,26543.91218662262,45361.26381969452
greedy|2024|7000|all,20,2021,gas,977,11168.051380360128,17473.428385734558,27819.04974555969,50884.26526927948,101373.68662757873
greedy|2024|7000|all,20,2021,general,1751,7555.134969234467,12295.895637869835,20659.52830028534,35121.16438430548,72033.31748175621
greedy|2024|7000|all,20,2021,roro,529,9914.027231788636,15327.924682617188,22329.21326243877,34502.187187194824,104396.90916282534
greedy|2024|7000|all,20,2022,all,17691,6691.853987812996,12257.294836626097,20426.97188949585,32788.82010947168,63730.67256641388
greedy|2024|7000|all,20,2022,container,2890,3649.2390146136286,7113.0386274755,12899.447316348553,24697.185007214546,111866.89150395393
greedy|2024|7000|all,20,2022,bulk,7090,10341.390644550325,17409.32634282112,23630.008470296863,35088.09358084202,53438.03201646805
greedy|2024|7000|all,20,2022,tanker,4229,5897.738374710083,10418.46350812912,16730.83825111389,25786.620351552963,47972.70225267417
greedy|2024|7000|all,20,2022,gas,991,10725.538570404053,16819.9473631382,26392.54433631897,51934.85840719938,97136.57942676544
greedy|2024|7000|all,20,2022,general,1884,7224.89300327301,11869.340886771679,20017.64184010029,35844.713075593114,73513.38122110367
greedy|2024|7000|all,20,2022,roro,607,9567.79637465477,14372.116769760847,21626.70034646988,33881.10341477394,97750.62986717222
greedy|2024|7000|all,20,2023,all,17714,6572.990930163861,12127.115203082561,20359.098912239075,32817.49961459637,64100.356540739616
greedy|2024|7000|all,20,2023,container,2948,3536.4239291906356,6965.975347995758,13501.335176706314,27841.28694152832,113091.76069803242
greedy|2024|7000|all,20,2023,bulk,7061,9711.83330631256,16953.80595779419,23284.46378326416,34093.87980079651,52612.59034824371
greedy|2024|7000|all,20,2023,tanker,4262,6174.367187929154,10530.602963924408,16465.865355968475,26066.090667247772,50592.17681960464
greedy|2024|7000|all,20,2023,gas,993,10417.498213672638,17465.434532165527,28504.149600982662,53883.38392448425,102103.06170077361
greedy|2024|7000|all,20,2023,general,1849,6725.979213213921,11312.801037788391,20110.63723373413,35428.878973945975,71594.62544932368
greedy|2024|7000|all,20,2023,roro,601,9959.824220180511,14431.45848417282,21228.39678001404,33301.9250459671,99263.76302433014
greedy|2024|7000|all,20,2024,all,16746,6411.871072292328,12169.248180389404,20873.07737803459,33702.61832118034,66759.71841192245
greedy|2024|7000|all,20,2024,container,2715,3535.435672450066,7093.771417737007,14618.485617637634,31759.37854207307,118316.95888373851
greedy|2024|7000|all,20,2024,bulk,6665,9577.159799003603,17023.275834083557,23328.154144763947,34198.49441242218,53445.46477975846
greedy|2024|7000|all,20,2024,tanker,4087,5466.911862421036,10312.503890752792,16889.144105672836,27690.063190937042,53181.23129171133
greedy|2024|7000|all,20,2024,gas,951,9610.41168832779,17569.637662112713,29406.66238498688,59284.7446808815,105138.88906860352
greedy|2024|7000|all,20,2024,general,1767,6644.321727609635,11040.966867923737,20662.473306655884,35788.82680648565,78630.61649250987
greedy|2024|7000|all,20,2024,roro,561,10064.08756685257,14776.619261980057,21641.017056941982,35199.6217084527,100782.45362219214
greedy|2024|7000|all,20,2025,all,17006,6556.374217361212,12362.27530002594,20978.73377338797,33004.416910886765,60061.238622665405
greedy|2024|7000|all,20,2025,container,2779,3771.910391807556,7845.876003742218,15508.564673900604,32352.31834822893,104807.80141601565
greedy|2024|7000|all,20,2025,bulk,6820,9538.039246177674,17110.11190390587,23286.623997449875,33780.39192652702,49514.9208276272
greedy|2024|7000|all,20,2025,tanker,4099,5353.247692155838,10527.036885738373,17002.487389564514,27062.33473789692,48306.52615737919
greedy|2024|7000|all,20,2025,gas,951,9578.214489936829,17486.56812429428,28951.330812454224,53603.06798744202,93224.07716178894
greedy|2024|7000|all,20,2025,general,1769,7106.452598190308,11148.445361614227,20222.84253358841,34189.62505912781,63793.911711215995
greedy|2024|7000|all,20,2025,roro,588,9047.379866957664,14869.788012742996,22168.872981786728,33902.040480166674,84724.24149527558
greedy|2024|7000|bulk,20,2018,all,15321,7558.728792190552,14178.302419185638,25206.15380859375,59000.95787620544,149448.57416915894
greedy|2024|7000|bulk,20,2018,container,2234,5178.618703317643,10584.329280436037,22717.248237609863,118171.68129849434,258275.7914383888
greedy|2024|7000|bulk,20,2018,bulk,6294,7918.226862001419,15510.319970846176,23043.65878173709,40387.527440309525,79269.94294404984
greedy|2024|7000|bulk,20,2018,tanker,3798,7137.292536735535,13556.642649412157,27458.666870355606,70317.7118281126,156401.96148037913
greedy|2024|7000|bulk,20,2018,gas,820,8848.441359737515,18806.47188591957,39228.64080776274,78282.25282585621,176764.75765728953
greedy|2024|7000|bulk,20,2018,general,1646,8137.71843200922,15437.456883192062,36224.484332084656,95493.92880018987,243839.4868645668
greedy|2024|7000|bulk,20,2018,roro,529,10250.282439231873,19810.23264861107,30480.001267254356,60010.864437253214,191213.4568613529
greedy|2024|7000|bulk,20,2019,all,15502,7928.92268304825,15959.875713780522,29425.93427014351,75026.2136631012,180374.55546612738
greedy|2024|7000|bulk,20,2019,container,2209,5844.169216632843,10891.23832333088,26381.227681159973,153298.27849197388,309603.79562644963
greedy|2024|7000|bulk,20,2019,bulk,6371,8115.685767173767,16851.751131534576,24601.33293056488,47531.800491809845,92606.0313584609
greedy|2024|7000|bulk,20,2019,tanker,3924,7666.009028434753,15066.070603907108,33719.01137804985,86676.43768675625,179685.20517382622
greedy|2024|7000|bulk,20,2019,gas,874,11906.272180610898,22491.85218924284,49493.24713438749,105246.76283621787,214047.1864784956
greedy|2024|7000|bulk,20,2019,general,1607,9618.834671592713,20041.902292251587,48826.69056081772,121729.34403311461,276166.25009632116
greedy|2024|7000|bulk,20,2019,roro,517,11826.218759155272,21409.146976470947,34344.57466638088,77136.53513383865,234374.64273204806
greedy|2024|7000|bulk,20,2020,all,15740,8187.170122766494,16197.114073991776,27923.23459070921,80764.0794249177,198517.6542443395
greedy|2024|7000|bulk,20,2020,container,2212,5120.894832801819,11668.660519860685,24927.105126678944,174755.69367135313,332089.0019767628
greedy|2024|7000|bulk,20,2020,bulk,6573,8876.436199474336,17266.35941696167,24177.590703964237,44526.30826950073,99982.69970169068
greedy|2024|7000|bulk,20,2020,tanker,3944,7458.782617652417,14630.563860207794,32459.130185604095,98767.35139352083,196361.53830986028
greedy|2024|7000|bulk,20,2020,gas,913,12553.980805420875,22859.612867116928,48681.99861240387,108686.72270584106,224761.07543883336
greedy|2024|7000|bulk,20,2020,general,1592,9286.781190143525,19568.60299539566,50745.525397360325,144254.2041682694,290055.7404082776
greedy|2024|7000|bulk,20,2020,roro,506,10786.214611977339,19585.335053503517,33876.71112406254,89802.58907365799,269740.3179974556
greedy|2024|7000|bulk,20,2021,all,16620,8769.41560344696,16623.149611592293,29406.940237998962,79537.8153617382,208030.07918376924
greedy|2024|7000|bulk,20,2021,container,2505,5929.691467905044,12995.232564926147,27032.21927833557,173892.60176491737,337404.96594338416
greedy|2024|7000|bulk,20,2021,bulk,6773,9878.775329685212,17857.631271362305,24932.48369693756,46291.33875465393,98475.5453747511
greedy|2024|7000|bulk,20,2021,tanker,4085,6866.113787269593,13644.06780576706,31982.43970298767,98766.20732927322,204873.69223213196
greedy|2024|7000|bulk,20,2021,gas,977,13878.459270894527,25777.69332909584,51708.701333999634,118147.40734004974,260369.06816291803
greedy|2024|7000|bulk,20,2021,general,1751,10239.911942481996,19287.296464443207,45869.26341295242,142413.78466445208,285283.74882030487
greedy|2024|7000|bulk,20,2021,roro,529,11489.43611557484,20699.359256982803,32723.793018341064,77625.13157510757,282901.3634215712
greedy|2024|7000|bulk,20,2022,all,17691,8080.325294971466,15531.659118235111,27668.48600578308,75429.23628407717,203585.55847930908
greedy|2024|7000|bulk,20,2022,container,2890,5444.923389768602,11923.284318089485,23171.54020577669,152429.5107113123,321436.4794877052
greedy|2024|7000|bulk,20,2022,bulk,7090,9064.039523887634,17237.674817800522,24171.340945720673,44372.54580831528,93886.03366847038
greedy|2024|7000|bulk,20,2022,tanker,4229,6890.803380632401,13183.165453910828,30969.0383194685,96972.06228733064,205510.67480525983
greedy|2024|7000|bulk,20,2022,gas,991,12493.93300151825,23692.126279830933,55553.16813278198,124346.42256569862,264959.7649849653
greedy|2024|7000|bulk,20,2022,general,1884,9687.569683986902,17943.80393575132,42153.911873698235,136200.77444636822,279723.26424555783
greedy|2024|7000|bulk,20,2022,roro,607,10355.982778018712,19344.73303413391,31699.60771754384,72014.0461614132,261956.50173892948
greedy|2024|7000|bulk,20,2023,all,17714,7937.130911445618,15072.6351159811,26462.819441318512,77058.78458547592,198557.03849183323
greedy|2024|7000|bulk,20,2023,container,2948,5171.139061260224,11924.471870541573,25063.645422697067,150943.22094857693,299644.43704471603
greedy|2024|7000|bulk,20,2023,bulk,7061,8664.806294441223,15941.761237114668,23128.0119304657,40044.46792459488,88461.97756576538
greedy|2024|7000|bulk,20,2023,tanker,4262,7373.372067546845,13083.295058965683,30485.215453386307,97858.59964275362,200299.70966373684
greedy|2024|7000|bulk,20,2023,gas,993,12536.318084287643,24420.55069875717,57752.55898809433,124983.26466369627,259957.86604633337
greedy|2024|7000|bulk,20,2023,general,1849,9269.527678489685,18032.193784236908,44433.2804441452,137463.64861655235,277911.52559223183
greedy|2024|7000|bulk,20,2023,roro,601,11349.206411361694,18678.45868617296,29674.282143354416,67449.7082310617,268967.57651233673
greedy|2024|7000|bulk,20,2024,all,16746,7647.974513053894,15475.675180628896,28394.78461933136,75762.15961623192,187931.36437606812
greedy|2024|7000|bulk,20,2024,container,2715,5392.9429778099075,12817.627207756042,32599.56128501892,141264.8273050785,285606.41506747
greedy|2024|7000|bulk,20,2024,bulk,6665,8435.462858581543,15970.547956466677,23669.883291244507,41069.61147212982,84480.39034399987
greedy|2024|7000|bulk,20,2024,tanker,4087,6418.077520608902,13413.003216415644,32429.40839958191,93093.14903569221,191696.19359073642
greedy|2024|7000|bulk,20,2024,gas,951,12047.635882675648,28591.330100774765,58623.68246650696,122856.607006073,248281.5657672882
greedy|2024|7000|bulk,20,2024,general,1767,9324.942176342012,17452.627962112427,42603.83933258057,124637.64492712915,272915.6887577536
greedy|2024|7000|bulk,20,2024,roro,561,12837.884881019592,21280.682917118076,32428.24126948416,70496.29289531708,252387.1348829269
greedy|2024|7000|bulk,20,2025,all,17006,7820.833412766457,15527.495562553406,28173.316172122955,65433.5380513072,157576.21725177765
greedy|2024|7000|bulk,20,2025,container,2779,5849.118091225624,14152.220335006714,31340.56694471836,112217.07923221588,247683.96931873568
greedy|2024|7000|bulk,20,2025,bulk,6820,8749.711536169052,16281.67063319683,23788.708131074905,40519.657565414906,73351.66144123086
greedy|2024|7000|bulk,20,2025,tanker,4099,6153.416173362732,12804.765344381332,30248.10485839844,78262.8121560812,170700.37635841375
greedy|2024|7000|bulk,20,2025,gas,951,11141.694699287416,27365.18261897564,56266.617429971695,108329.4341917038,210552.81738090515
greedy|2024|7000|bulk,20,2025,general,1769,9673.415466690065,17162.831350326538,38021.49064254761,105527.39745473862,253420.32636861803
greedy|2024|7000|bulk,20,2025,roro,588,12214.036081552504,22087.928046703342,33678.15933075547,70903.25828421116,200042.1765019777
greedy|2024|7000|container,20,2018,all,15321,7221.142219543457,14240.143174648283,25342.403183937076,42910.64815044403,73711.35101282597
greedy|2024|7000|container,20,2018,container,2234,3211.1038887560367,6196.513412475586,10386.116644859314,20756.051404714588,77696.96888375284
greedy|2024|7000|container,20,2018,bulk,6294,13113.031254708769,21108.350912332535,30715.60987484455,46265.54428434372,71825.91209170817
greedy|2024|7000|container,20,2018,tanker,3798,7788.466755199433,13958.189669191837,24535.472300231457,40553.62196075916,68106.13569686415
greedy|2024|7000|container,20,2018,gas,820,11874.364992332457,17807.85941225512,31795.570609092712,54695.94842803479,101709.1818814516
greedy|2024|7000|container,20,2018,general,1646,7220.004417531192,12923.637398719786,23707.757849276066,42804.56697678566,82495.25185465813
greedy|2024|7000|container,20,2018,roro,529,8146.34435172081,13944.836327075958,21306.682428359985,30494.72083091736,70750.27569599148
greedy|2024|7000|container,20,2019,all,15502,8095.412353491785,15685.257646918297,29273.924794107676,50868.2885529995,88325.21902537342
greedy|2024|7000|container,20,2019,container,2209,3076.2669149339204,6453.19050693512,10738.10650730133,21821.42137527466,95246.7543443054
greedy|2024|7000|container,20,2019,bulk,6371,13931.744561195374,23213.78931581974,34779.495886564255,53592.97328186035,83881.5625371933
greedy|2024|7000|container,20,2019,tanker,3924,8810.077981400489,15859.945647120476,27999.712278842926,48310.67632943392,78282.97269607337
greedy|2024|7000|container,20,2019,gas,874,13123.703272104267,20670.966057419777,34314.191963374615,66394.90707850456,123386.16631231309
greedy|2024|7000|container,20,2019,general,1607,8169.3213624000555,14953.873339891434,29996.243806988,56800.758607149124,107192.98468549259
greedy|2024|7000|container,20,2019,roro,517,9773.740377807617,16003.323524475098,23955.91941642761,34303.38084793091,111984.61136159918
greedy|2024|7000|container,20,2020,all,15740,8262.320950949192,16440.37325334549,28911.61104899645,51235.798102617264,95680.04439527544
greedy|2024|7000|container,20,2020,container,2212,3009.12492890358,6334.539420932531,11054.356997787952,21799.866437137127,99246.89877096415
greedy|2024|7000|container,20,2020,bulk,6573,15665.801755714418,23487.58917999268,34327.42824220657,53452.99201393128,88967.62611742021
greedy|2024|7000|container,20,2020,tanker,3944,9073.906869459151,15848.819793343546,27601.912705898285,48733.76117539406,83863.16412153245
greedy|2024|7000|container,20,2020,gas,913,14088.040351033209,21720.877962112427,36672.33521652222,69583.76819324493,128493.33235464118
greedy|2024|7000|container,20,2020,general,1592,7738.8769979178915,15022.624752283096,29424.57895565033,60160.23069059849,116730.58186687082
greedy|2024|7000|container,20,2020,roro,506,9393.155858039856,14625.965252697468,22237.73720306158,35389.44642942399,122779.08811092377
greedy|2024|7000|container,20,2021,all,16620,8506.697169967927,16984.17118728161,29740.20581161976,52263.318997621536,97493.74408874525
greedy|2024|7000|container,20,2021,container,2505,3321.9800132751466,6445.573007583618,11764.632449150084,22894.75728750229,99039.11073170898
greedy|2024|7000|container,20,2021,bulk,6773,16945.49288702011,24319.755988121036,36110.4385061264,55726.5351228714,91764.03015708925
greedy|2024|7000|container,20,2021,tanker,4085,8685.524379825592,15633.521312713625,27009.24593925476,47710.917620420456,83153.46231994628
greedy|2024|7000|container,20,2021,gas,977,16450.53941402435,24403.623675584797,39056.92729282379,73043.10251069069,140599.62980895033
greedy|2024|7000|container,20,2021,general,1751,9879.27748966217,16457.278885632753,28148.71741342545,56648.87067365646,114598.37019997837
greedy|2024|7000|container,20,2021,roro,529,10881.75188922882,16239.700854539871,23930.99262690544,37423.28626537323,144436.39738082883
greedy|2024|7000|container,20,2022,all,17691,7622.214314550161,15651.538231939077,27957.2402176857,50074.579448223114,94793.34819984436
greedy|2024|7000|container,20,2022,container,2890,3385.748205423355,6081.949174582958,11451.63849902153,21798.99999931455,87505.35414406055
greedy|2024|7000|container,20,2022,bulk,7090,15792.581743210552,23406.55853176117,34228.59854930639,53704.355397462845,85953.48916893007
greedy|2024|7000|container,20,2022,tanker,4229,8089.65543050766,14982.890394210815,26106.48046684265,45645.54679274559,82200.3532270432
greedy|2024|7000|container,20,2022,gas,991,15023.899587631226,22342.62970471382,40222.26468849182,82988.86214113235,158351.45339298248
greedy|2024|7000|container,20,2022,general,1884,8755.934391069413,15124.664376821369,26880.278902694583,55074.85881924629,114847.79098786713
greedy|2024|7000|container,20,2022,roro,607,8927.496668076516,15469.992064714432,23064.024332284927,37124.06700527575,139571.73042287826
greedy|2024|7000|container,20,2023,all,17714,7415.8056763529785,15334.855811357498,27937.359956264496,50159.037122130394,94912.07604918482
greedy|2024|7000|container,20,2023,container,2948,3283.392224705219,5801.2512838840485,11561.930721282959,22057.142196536064,94171.80410194404
greedy|2024|7000|container,20,2023,bulk,7061,14586.580385446548,22873.334773540497,33651.761095285416,52397.34205532074,84746.20240211487
greedy|2024|7000|container,20,2023,tanker,4262,8528.051404714584,15273.066089987755,26303.638244628906,46747.645060420036,84617.46691465378
greedy|2024|7000|container,20,2023,gas,993,15970.743334102632,24368.16997909546,42388.81216835976,86924.83540821075,161720.32265338907
greedy|2024|7000|container,20,2023,general,1849,8132.758946990967,14538.358208179474,27938.51554489136,55802.69255433977,110977.7406195879
greedy|2024|7000|container,20,2023,roro,601,11021.185801506042,15364.77316880226,22233.16824150085,35608.99321126938,136001.8612318039
greedy|2024|7000|container,20,2024,all,16746,7473.084002494811,15461.704937577248,28745.603157758713,51767.79584014416,93497.3675327301
greedy|2024|7000|container,20,2024,container,2715,3319.6163897752767,6088.343738079071,11990.871888160706,23277.97321510315,91246.30812540054
greedy|2024|7000|container,20,2024,bulk,6665,14353.635866069793,23139.38777446747,34780.718172073364,54045.32967758179,84722.02402648928
greedy|2024|7000|container,20,2024,tanker,4087,7735.546050739288,14817.84349489212,26811.712492465973,47865.15029621124,84934.47768201829
greedy|2024|7000|container,20,2024,gas,951,17263.927956581116,24617.167036533356,47817.41802740097,93744.33832502364,158009.44412231445
greedy|2024|7000|container,20,2024,general,1767,8197.52210483551,14700.834182664752,28607.48131799698,57079.18201482296,107947.2565069914
greedy|2024|7000|container,20,2024,roro,561,11018.837699890137,15889.78850364685,23066.232382774357,37236.05045127869,119180.17104959488
greedy|2024|7000|container,20,2025,all,17006,7649.154589533806,15596.73132032156,28113.547646045685,47934.84294165671,83448.39183282852
greedy|2024|7000|container,20,2025,container,2779,3525.81616601944,6606.43168592453,12607.816454410551,23819.2331700325,81171.90183448805
greedy|2024|7000|container,20,2025,bulk,6820,14293.68462190628,22873.050599336624,33839.13273143768,50819.418053627014,76933.01591663361
greedy|2024|7000|container,20,2025,tanker,4099,6940.479323768615,14546.210425376892,25920.927074432373,44798.79046058655,77164.36032905581
greedy|2024|7000|container,20,2025,gas,951,14905.456619262695,25729.315319538116,43468.95590519905,78723.33358669281,135573.77881157398
greedy|2024|7000|container,20,2025,general,1769,8723.116020143032,14822.221013069153,28096.787674874067,49861.646745204926,97738.56793666935
greedy|2024|7000|container,20,2025,roro,588,9947.758454728126,15658.351288199425,22362.64318811893,35060.240678310394,96239.87163863216
greedy|2025|10000|all,20,2018,all,15321,6639.885086297989,11534.040873587132,18744.10911464691,28059.549348950382,46917.88517189026
greedy|2025|10000|all,20,2018,container,2234,3526.4843778610234,7607.017609596252,12132.81061643362,22350.697805494074,87480.7120420933
greedy|2025|10000|all,20,2018,bulk,6294,9519.520074445009,15523.006234597415,21740.79520225525,30355.907352030277,44210.56413283348
greedy|2025|10000|all,20,2018,tanker,3798,5439.590480071309,9941.273938298225,15311.696340322495,23124.23247003555,36523.84936830998
greedy|2025|10000|all,20,2018,gas,820,7636.620591449738,13132.1923648417,19501.675740242004,36287.36291286349,60854.20043141842
greedy|2025|10000|all,20,2018,general,1646,6830.882421731949,11276.810627222061,17508.298048853874,28053.601820439097,54791.300496287644
greedy|2025|10000|all,20,2018,roro,529,9627.693541145325,13680.719211101532,20634.17797732353,30230.76130104065,66092.9697870254
greedy|2025|10000|all,20,2019,all,15502,7023.911396598816,12294.351118534803,20363.706070423126,31592.29165136814,55242.479675754905
greedy|2025|10000|all,20,2019,container,2209,3323.690698480606,8405.484169006348,13027.442290306091,26796.0036547184,105653.43792719845
greedy|2025|10000|all,20,2019,bulk,6371,10039.723472595217,16979.94971227646,23454.848170280457,33845.48011445999,49790.36005592346
greedy|2025|10000|all,20,2019,tanker,3924,5989.49440612793,10426.632005155087,16773.287899136543,25622.95117378235,42894.64925007821
greedy|2025|10000|all,20,2019,gas,874,8786.07820739746,14233.332224726677,22228.484971523285,39308.75801253319,75485.95297933821
greedy|2025|10000|all,20,2019,general,1607,7081.553122329712,12185.210503101349,19938.287897109985,33730.01804590225,67797.24429149632
greedy|2025|10000|all,20,2019,roro,517,9460.181649923325,14172.187841296196,21074.98216463998,30832.55835914612,91732.33906933371
greedy|2025|10000|all,20,2020,all,15740,7234.129441618919,12413.999747872353,20242.809640407562,31025.574816934764,57044.26356246472
greedy|2025|10000|all,20,2020,container,2212,3425.6056739330293,8330.592631340027,13042.80358338356,27746.10686156154,119486.22886004453
greedy|2025|10000|all,20,2020,bulk,6573,10871.896257209777,17327.93569087982,23141.071780204773,32710.620651721954,49587.77278318405
greedy|2025|10000|all,20,2020,tanker,3944,6079.074892950058,10311.038199573755,16601.64236354828,25281.21682882309,42945.89718291761
greedy|2025|10000|all,20,2020,gas,913,8909.45094716549,15022.685002803802,23177.115091323853,41346.97631931305,82477.58338403709
greedy|2025|10000|all,20,2020,general,1592,6587.994101142885,11655.049241662025,20107.77184820175,35022.38889503479,78478.86546635035
greedy|2025|10000|all,20,2020,roro,506,9638.75948369503,13732.519440770147,20167.374816607684,30219.49508857727,104448.54636065662
greedy|2025|10000|all,20,2021,all,16620,7558.508123898506,12542.704652056098,20257.77639979124,31338.7924104929,56524.5810163975
greedy|2025|10000|all,20,2021,container,2505,3980.665994596481,8410.383438885212,12769.46853542328,28619.818509578705,124403.95978937483
greedy|2025|10000|all,20,2021,bulk,6773,11769.753069496153,17561.763334274292,23323.08656692505,33075.2724609375,49559.352080917364
greedy|2025|10000|all,20,2021,tanker,4085,5851.541127538681,10047.733320236206,15912.2244682312,25124.37469291687,41299.50670051574
greedy|2025|10000|all,20,2021,gas,977,10241.712392616273,16388.409845352173,25107.956486701965,43850.747955322266,86839.72236967087
greedy|2025|10000|all,20,2021,general,1751,7595.135627746582,12226.484784901142,19945.193655967712,33881.99137592316,72025.74948310852
greedy|2025|10000|all,20,2021,roro,529,10597.674339199068,14593.872515678406,21470.127435684204,31764.49587917328,103006.86801977156
greedy|2025|10000|all,20,2022,all,17691,6694.679046154022,11953.02177798748,19397.49319458008,30141.05404138565,55238.52112519741
greedy|2025|10000|all,20,2022,container,2890,3951.75749511719,8185.266205638647,12565.942363023758,24844.379203081127,108989.05884909623
greedy|2025|10000|all,20,2022,bulk,7090,10505.802640891075,16522.488785386086,22523.82851958275,31880.129288315773,47405.835621070866
greedy|2025|10000|all,20,2022,tanker,4229,5560.481292724609,9884.21382522583,15418.165506362917,24069.336979866028,40843.13210868839
greedy|2025|10000|all,20,2022,gas,991,9525.594835281372,15292.57569360733,23220.30987071991,45228.91668891907,84052.8089389801
greedy|2025|10000|all,20,2022,general,1884,7225.260547876358,12062.263303995132,19281.46410369873,34132.61268079281,72407.58325855939
greedy|2025|10000|all,20,2022,roro,607,9631.219759583473,14155.478633647785,20080.229446411133,30453.40895165503,87717.88035736083
greedy|2025|10000|all,20,2023,all,17714,6610.253960728646,11817.293983755633,19369.080872774124,30237.91203057766,58214.27090182308
greedy|2025|10000|all,20,2023,container,2948,3829.3251307487485,8249.218090057373,13286.394717931746,30955.555364131927,116071.83514232637
greedy|2025|10000|all,20,2023,bulk,7061,9892.585242271423,15695.879773139954,22106.91305923462,30951.64281272888,46718.47209596634
greedy|2025|10000|all,20,2023,tanker,4262,5695.569534063339,9890.401924666949,15473.517741203308,23775.43625688553,43401.45521860123
greedy|2025|10000|all,20,2023,gas,993,9728.400826847555,15636.470583438871,26121.349504470825,50021.8442568779,86953.64507646562
greedy|2025|10000|all,20,2023,general,1849,6675.384657549858,11713.144766807556,19690.19993591309,32744.73151397705,70729.92509574891
greedy|2025|10000|all,20,2023,roro,601,10655.68456363678,14321.971304893494,19755.822484850883,29178.91438102722,78121.00229501724
greedy|2025|10000|all,20,2024,all,16746,6409.479997634888,11934.927513062952,20087.869991779327,31346.39474272728,60377.35259222984
greedy|2025|10000|all,20,2024,container,2715,3844.503097629547,8077.239149570465,14140.987538337708,36218.19015324116,118469.06224484442
greedy|2025|10000|all,20,2024,bulk,6665,10156.027982711794,16377.26319885254,22466.002553462986,31430.037259101868,47915.2841914177
greedy|2025|10000|all,20,2024,tanker,4087,5151.828868961335,9672.506630420685,15969.794364213943,25128.705444693565,45114.19592378142
greedy|2025|10000|all,20,2024,gas,951,8854.171348571777,15627.718707084656,26680.429228782654,54451.134687423706,92355.05669784546
greedy|2025|10000|all,20,2024,general,1767,6754.269756031037,11363.362158417702,20256.792377471924,33639.47612789273,77436.56576004029
greedy|2025|10000|all,20,2024,roro,561,11712.581992149351,15384.638154506683,20624.663299560547,30396.373249053955,76741.28933048248
greedy|2025|10000|all,20,2025,all,17006,6612.495320320129,12250.41271173954,20166.444623470306,30785.83462256193,55377.506820201874
greedy|2025|10000|all,20,2025,container,2779,4230.407011856884,8600.931090697646,15272.71999269724,37726.19255074859,104465.04589424135
greedy|2025|10000|all,20,2025,bulk,6820,10231.582796764376,16508.56900191307,22387.447733402252,31126.807201057673,45256.18469443322
greedy|2025|10000|all,20,2025,tanker,4099,5080.3323068141935,10013.317862510681,15945.772121429443,25106.10789275169,41540.22999401093
greedy|2025|10000|all,20,2025,gas,951,9222.792457580566,15685.585187196732,27183.334014892574,48340.79691362381,87163.50153493881
greedy|2025|10000|all,20,2025,general,1769,7213.27495765686,11725.781939983368,20120.49960041046,33001.9674282074,62510.04761633875
greedy|2025|10000|all,20,2025,roro,588,9850.444097149373,15225.50484597683,20998.504897087812,31427.698045015335,72030.7183875084
greedy|2025|10000|bulk,20,2018,all,15321,8319.242169320583,13847.161811828611,21456.64996433258,36546.55196475983,81638.81110572815
greedy|2025|10000|bulk,20,2018,container,2234,6193.176375293732,12826.84132874012,21834.449305534363,68181.67948919535,178527.82683923247
greedy|2025|10000|bulk,20,2018,bulk,6294,8697.307835102081,13647.966480255125,19788.613253742456,28354.603175520893,42126.794986343375
greedy|2025|10000|bulk,20,2018,tanker,3798,7301.684277200699,13239.57464724779,21802.169503688812,37808.780184686184,77438.00993309027
greedy|2025|10000|bulk,20,2018,gas,820,11140.56716592312,17151.61446928978,28947.04399704933,54208.93955373764,91514.5746767044
greedy|2025|10000|bulk,20,2018,general,1646,9355.34949350357,14944.802348613739,24893.035267710686,57898.76438546926,140643.0636496544
greedy|2025|10000|bulk,20,2018,roro,529,13571.109127807616,21653.864481925964,32413.40199744329,65897.63455677032,195830.10317862034
greedy|2025|10000|bulk,20,2019,all,15502,8848.185413105786,14878.066235780716,23406.81575298309,43148.4392721504,101944.9086372733
greedy|2025|10000|bulk,20,2019,container,2209,6602.144713687897,13597.909028053284,24221.438636779785,96421.13324463367,222261.9322249443
greedy|2025|10000|bulk,20,2019,bulk,6371,8891.451466560364,14297.7445602417,20973.593158721924,30902.08009672165,47587.49004077912
greedy|2025|10000|bulk,20,2019,tanker,3924,7820.498494756222,14247.141075015068,24069.573658943176,44874.134348750114,92112.92643690112
greedy|2025|10000|bulk,20,2019,gas,874,12981.769993638994,19276.368916511536,32497.19434452057,65615.3570792973,117175.44327306752
greedy|2025|10000|bulk,20,2019,general,1607,10729.100987243653,17909.841597557068,31518.99766254425,80972.12261033058,173303.53242659583
greedy|2025|10000|bulk,20,2019,roro,517,15098.377816369384,23767.039281845093,34413.76297998428,88860.72583723068,253466.79564213753
greedy|2025|10000|bulk,20,2020,all,15740,9098.837015771865,14863.08956515789,22970.16811275482,43036.21933603287,113249.95204627515
greedy|2025|10000|bulk,20,2020,container,2212,6321.319364786148,13308.115424513819,24470.976319253445,108402.07788413763,248435.5988958359
greedy|2025|10000|bulk,20,2020,bulk,6573,9740.715886116028,14568.527360916138,20895.72608757019,29999.382607460026,46263.19133205414
greedy|2025|10000|bulk,20,2020,tanker,3944,7847.286966454983,13899.844467282295,23057.66583585739,47936.985969781876,104493.68299924137
greedy|2025|10000|bulk,20,2020,gas,913,13166.578326797488,19629.84619140625,34376.79640483856,65403.213943481445,128569.46477813729
greedy|2025|10000|bulk,20,2020,general,1592,10715.573990631105,17625.463292717934,30974.845101833344,88015.13400393724,198547.67669700386
greedy|2025|10000|bulk,20,2020,roro,506,14166.22301916033,22043.941747546196,32275.03061890602,88008.9494292736,276780.0252800286
greedy|2025|10000|bulk,20,2021,all,16620,9740.71588563919,15311.592036247253,23540.19249033928,44164.48718380928,118624.1271065474
greedy|2025|10000|bulk,20,2021,container,2505,7253.70136256218,13514.632249832152,25317.1119556427,105575.42946720123,252319.72333782908
greedy|2025|10000|bulk,20,2021,bulk,6773,10521.829927253724,15390.87532901764,21584.240104675293,31061.11569404602,47495.30845794678
greedy|2025|10000|bulk,20,2021,tanker,4085,7344.430795478821,13295.526332378387,23086.63369178772,47821.383200883865,105941.749527359
greedy|2025|10000|bulk,20,2021,gas,977,15193.145377922057,21116.6098177284,37198.86271572113,71562.27825164795,134608.34316902157
greedy|2025|10000|bulk,20,2021,general,1751,11999.17942905426,18113.092853069305,30361.07815217972,90560.89548778534,200644.5898694992
greedy|2025|10000|bulk,20,2021,roro,529,15314.303068947793,22213.109303236008,32595.480165958405,85861.0310459137,307390.2249459743
greedy|2025|10000|bulk,20,2022,all,17691,9069.036755800247,14741.000190734863,22829.223370313644,42565.69752788544,116391.98082202672
greedy|2025|10000|bulk,20,2022,container,2890,6196.029505735636,12475.37926876545,22636.657130241394,91266.20934593678,238322.04967093465
greedy|2025|10000|bulk,20,2022,bulk,7090,10027.306186103822,14860.280281305315,21162.225945472717,30234.003253877163,46036.12913951877
greedy|2025|10000|bulk,20,2022,tanker,4229,7345.591897010803,13062.07592511177,22283.94472885132,44312.26038074493,106352.21301813134
greedy|2025|10000|bulk,20,2022,gas,991,13862.211854189634,20370.68814586103,40408.27439594269,80187.51391887665,140430.55626106262
greedy|2025|10000|bulk,20,2022,general,1884,11476.139267414062,17717.002876996994,29241.171984910965,82822.78987085819,200220.80359985828
greedy|2025|10000|bulk,20,2022,roro,607,14539.20529346466,21300.124972343445,32373.35786914825,83981.53541001678,295684.8819717883
greedy|2025|10000|bulk,20,2023,all,17714,8861.793610191346,14533.189374446869,22785.243672132492,42784.51899814605,116037.28712916376
greedy|2025|10000|bulk,20,2023,container,2948,5942.908618927002,12232.75799906254,24538.158054471016,98884.24735486507,225158.4711876871
greedy|2025|10000|bulk,20,2023,bulk,7061,9620.356788635254,14461.368300437927,20597.69680404663,28963.7107963562,44757.8785238266
greedy|2025|10000|bulk,20,2023,tanker,4262,7717.469869804383,13534.49981379509,22451.754947423935,44652.423775076866,103107.26277720928
greedy|2025|10000|bulk,20,2023,gas,993,13327.953818893433,21409.389536380768,42452.90591049194,88911.75431060791,146446.7887378693
greedy|2025|10000|bulk,20,2023,general,1849,10825.559826087952,17347.678476333618,29407.827604293823,82642.28324246407,191115.67134146692
greedy|2025|10000|bulk,20,2023,roro,601,14895.404119491575,21190.73304283619,30705.6681265831,78671.45404684544,295802.7337292433
greedy|2025|10000|bulk,20,2024,all,16746,8535.894352912903,14601.693230926992,23463.81508731842,44515.32581782341,112269.00019925833
greedy|2025|10000|bulk,20,2024,container,2715,6414.0819589614875,13011.890739917755,29568.199078559875,100798.92917966843,211547.76806678768
greedy|2025|10000|bulk,20,2024,bulk,6665,9360.484760951997,14586.015719890594,20687.057750701904,28994.70966720581,44850.07566986084
greedy|2025|10000|bulk,20,2024,tanker,4087,6867.854581356049,13025.730982780457,23133.6100025177,45458.743532180786,95756.1767764092
greedy|2025|10000|bulk,20,2024,gas,951,12614.404804229736,23726.963205337524,45614.89275884628,89194.28307390213,153242.83041501045
greedy|2025|10000|bulk,20,2024,general,1767,10363.193468141557,16969.533319950104,29844.98286962509,76245.33154013753,185255.65262660992
greedy|2025|10000|bulk,20,2024,roro,561,15827.88792514801,21497.39330625534,33319.44645404816,76589.31101596355,268967.57651233673
greedy|2025|10000|bulk,20,2025,all,17006,8728.84357999498,14509.330359816551,23006.81391119957,41695.0440557003,97506.15255615767
greedy|2025|10000|bulk,20,2025,container,2779,6819.542241477967,13788.110648751259,30667.662108182907,87802.91684935242,189466.23329906483
greedy|2025|10000|bulk,20,2025,bulk,6820,9478.898084187507,14526.24111700058,20304.732854843143,28443.233045339584,41868.544968533526
greedy|2025|10000|bulk,20,2025,tanker,4099,6435.502966946364,12721.799396276474,22144.43009185791,41314.51783564687,82250.76238632205
greedy|2025|10000|bulk,20,2025,gas,951,12047.635882675648,22903.053176820278,41454.28920459747,80384.84436118603,129750.04021644592
greedy|2025|10000|bulk,20,2025,general,1769,10783.492668294906,16564.972323417664,28156.987204551697,62853.42553907633,161455.47428364758
greedy|2025|10000|bulk,20,2025,roro,588,14940.737497353553,22754.74630081654,34853.67420247197,67948.52649691701,207562.97673339857
greedy|2025|10000|container,20,2018,all,15321,6902.828521251679,13719.828866004944,24862.83625364304,41727.78786754608,70423.49417877197
greedy|2025|10000|container,20,2018,container,2234,3263.3213823616506,6361.57661652565,10814.289806127548,17884.87301504612,55567.95640112162
greedy|2025|10000|container,20,2018,bulk,6294,12393.484450817108,21148.587588042017,31153.007345199585,46515.950640678406,70991.38087158202
greedy|2025|10000|container,20,2018,tanker,3798,7258.706951212884,13160.281404942274,23004.4230158329,37128.59939041734,61984.59330587388
greedy|2025|10000|container,20,2018,gas,820,11449.936020952466,19088.456529974937,35881.643847703934,69303.35788953304,124984.07926337724
greedy|2025|10000|container,20,2018,general,1646,6965.692232601345,12879.243532538414,22538.53342795372,37208.052953362465,66897.61420369148
greedy|2025|10000|container,20,2018,roro,529,9474.792316460609,15825.07805609703,24596.271037101746,38527.143899679184,71749.63681635854
greedy|2025|10000|container,20,2019,all,15502,7514.899041461945,14984.419350028038,28490.83758634329,49404.55576801299,83403.70800435542
greedy|2025|10000|container,20,2019,container,2209,3135.7586942672733,6444.699697375298,11009.186141490936,18913.32729750872,76062.95303792358
greedy|2025|10000|container,20,2019,bulk,6371,13395.470694541931,23593.6425614357,35990.15684604645,54597.367631196976,83377.70127677917
greedy|2025|10000|container,20,2019,tanker,3924,8091.736512565612,14712.07886223495,25428.867473840714,42645.22960925102,71614.63867112405
greedy|2025|10000|container,20,2019,gas,874,13433.800366878513,23692.424185454845,43461.64885759354,83640.99281299114,153440.44704420568
greedy|2025|10000|container,20,2019,general,1607,7205.419538474083,13942.544736862183,25550.984389305115,47180.25833386183,79373.88153202386
greedy|2025|10000|container,20,2019,roro,517,9481.524687194824,17177.673000574112,25993.58507633209,44031.92143672705,84567.29965548517
greedy|2025|10000|container,20,2020,all,15740,7903.857076978686,15621.023520946503,28547.3061337471,49724.5905892849,88309.3369279862
greedy|2025|10000|container,20,2020,container,2212,3121.414504289627,6554.494604945183,11182.52995967865,19218.115077137947,80440.88116362695
greedy|2025|10000|container,20,2020,bulk,6573,14849.960868644714,23958.20386981964,35814.72784233093,55113.50005817413,86766.50726242067
greedy|2025|10000|container,20,2020,tanker,3944,8324.96494383812,14953.398462414742,24980.40204024315,42715.66843897105,74481.09079537397
greedy|2025|10000|container,20,2020,gas,913,14082.076412516832,24607.334281921387,44241.26001930237,85131.0287656784,166518.07319278727
greedy|2025|10000|container,20,2020,general,1592,7080.28838224411,14303.486560940742,26113.548191145062,45420.924763441086,92997.87921545509
greedy|2025|10000|container,20,2020,roro,506,9663.987619668245,16709.397552728653,24486.608172416687,38673.112522125244,94820.27475738525
greedy|2025|10000|container,20,2021,all,16620,8181.4843027114875,15858.248172521591,28999.503355026245,50312.377850174904,88629.98217997552
greedy|2025|10000|container,20,2021,container,2505,3462.8295909881595,6595.015061034355,11292.94401216507,19971.881275892258,73407.25054612156
greedy|2025|10000|container,20,2021,bulk,6773,16597.05223865807,24683.991315841675,37207.56954193115,56647.087290763855,86607.90808925629
greedy|2025|10000|container,20,2021,tanker,4085,8074.753994703293,14138.66632080078,24562.33515644073,42010.0048135519,74510.59427814482
greedy|2025|10000|container,20,2021,gas,977,17215.923406600952,27081.38184642792,46531.59739780426,92486.50146961212,174984.41036777495
greedy|2025|10000|container,20,2021,general,1751,8736.53930529952,15172.416554093363,25623.84962626919,45099.82233572006,85836.45666599274
greedy|2025|10000|container,20,2021,roro,529,11263.36377735138,18513.24267101288,26275.36637687683,41784.18791389465,102735.47262999079
greedy|2025|10000|container,20,2022,all,17691,7161.494447231293,14940.054263710976,27888.730563640594,49391.88572740555,87486.10535812378
greedy|2025|10000|container,20,2022,container,2890,3462.15280662179,6460.133632540703,11038.699497938156,19209.42864191532,62802.545741784554
greedy|2025|10000|container,20,2022,bulk,7090,15156.312961882355,23864.909911394123,35978.376734256744,55055.73761487007,85139.76745657924
greedy|2025|10000|container,20,2022,tanker,4229,7093.69525399208,14202.799789428713,24649.29354953766,43208.52222728729,77120.92307472233
greedy|2025|10000|container,20,2022,gas,991,16572.524277210236,25430.55366230011,50428.43723392487,99330.14404392242,174199.6295952797
greedy|2025|10000|container,20,2022,general,1884,8258.006533670425,14609.935302495956,25216.944858193398,44904.46229708195,83021.70648952798
greedy|2025|10000|container,20,2022,roro,607,10246.948560798168,17825.61251950264,26941.032510995865,43879.4202837944,99447.69554004667
greedy|2025|10000|container,20,2023,all,17714,7027.005271685123,14497.73280993104,27752.64089536667,49272.1647208333,88537.78134522439
greedy|2025|10000|container,20,2023,container,2948,3505.8618766311556,6369.610699892044,11352.945498943329,20482.05113470554,72173.60674876573
greedy|2025|10000|container,20,2023,bulk,7061,13959.006839752195,23326.18580389023,35421.20688152313,54308.17146205902,85235.42070293427
greedy|2025|10000|container,20,2023,tanker,4262,7217.373779988289,13998.677730560303,24879.375125408173,43585.10376304388,79782.07463262082
greedy|2025|10000|container,20,2023,gas,993,16588.98392562866,26700.104073524475,52586.0609896183,97132.3187494278,167797.67973021275
greedy|2025|10000|container,20,2023,general,1849,7466.210492685438,13873.668231964111,24698.742339998484,43366.83711910248,82932.09046115876
greedy|2025|10000|container,20,2023,roro,601,12146.131285488604,18320.922088623047,25909.22138118744,41517.347759246826,86283.79315757751
greedy|2025|10000|container,20,2024,all,16746,7130.634282648563,14731.688896417618,27857.737506389618,49727.600949406624,87882.4528055191
greedy|2025|10000|container,20,2024,container,2715,3559.1308390617373,6492.05690574646,11620.346754312515,20820.806757211685,72996.38971629138
greedy|2025|10000|container,20,2024,bulk,6665,14016.914429283144,23229.30429887772,35223.10715007782,54129.18504142761,84396.3554441452
greedy|2025|10000|container,20,2024,tanker,4087,6728.96322517395,13936.62613415718,25057.04206752777,44183.11061644554,79794.01341238023
greedy|2025|10000|container,20,2024,gas,951,16218.634437561035,26289.042922496796,54355.74592930079,101141.0964845419,166438.54268836975
greedy|2025|10000|container,20,2024,general,1767,7156.945899352431,14125.416305437684,25132.46585464477,45381.13099813461,82919.10249919893
greedy|2025|10000|container,20,2024,roro,561,13232.029417991638,17421.801878213882,25570.888805389404,41913.89669418335,85327.30037784576
greedy|2025|10000|container,20,2025,all,17006,7375.053008913994,14702.634161472322,27036.110849380493,45931.58476727456,78214.92234182358
greedy|2025|10000|container,20,2025,container,2779,3849.396310997009,6942.44452047348,11772.725537776949,20892.744061231617,62519.963587558384
greedy|2025|10000|container,20,2025,bulk,6820,13718.962650867552,22918.762725114822,33477.85921049118,49774.66558384895,75775.35887303353
greedy|2025|10000|container,20,2025,tanker,4099,6483.84439650178,14010.568710684776,24532.779304504395,41740.04090106487,71304.54414806367
greedy|2025|10000|container,20,2025,gas,951,15094.831409811974,26409.105391979218,49089.46426868439,87613.84385108948,152023.67472171783
greedy|2025|10000|container,20,2025,general,1769,7784.200926346239,14012.67189502716,24713.041056633,41210.27172274888,74055.31524553301
greedy|2025|10000|container,20,2025,roro,588,10652.26740474701,16628.785745859146,25068.359153151512,40029.39141243696,72528.36242246637
greedy|2025|5000|all,20,2018,all,15321,6578.029797554016,13063.018058776855,22686.25201416016,39763.293066978455,75951.1231417656
greedy|2025|5000|all,20,2018,container,2234,3113.795381617546,8214.16435033083,14597.71006834507,36348.16112911701,137762.51607446672
greedy|2025|5000|all,20,2018,bulk,6294,8847.338026237489,17630.1917174384,25214.98064339161,40457.3844833374,66235.52085523604
greedy|2025|5000|all,20,2018,tanker,3798,6116.1910015106205,11766.084054172039,21178.85699725151,33530.149532318115,58601.10072135929
greedy|2025|5000|all,20,2018,gas,820,9576.579854393007,16929.938350200653,30237.43952846527,53990.06247973442,114673.33815798763
greedy|2025|5000|all,20,2018,general,1646,6556.264530740678,11491.12633574009,22488.62972187996,43081.07216149848,85753.68157720566
greedy|2025|5000|all,20,2018,roro,529,7572.42297334671,16102.180799484251,24433.816727638245,44960.42602053285,141711.13840227723
greedy|2025|5000|all,20,2019,all,15502,7096.43913640976,14317.678059101105,25210.18883895874,48081.87073779106,93474.38470628261
greedy|2025|5000|all,20,2019,container,2209,2994.8751418590546,8673.106482505798,15476.806656837463,60679.50787317753,175129.2204715729
greedy|2025|5000|all,20,2019,bulk,6371,9385.75205373764,18550.831428527832,28002.387307167053,47620.23761987686,78840.5667181015
greedy|2025|5000|all,20,2019,tanker,3924,6594.025771737099,13094.183577537537,23513.363188266754,40511.99646782876,68694.48143043519
greedy|2025|5000|all,20,2019,gas,874,11621.804265062512,19427.50152176619,35344.99221467972,71172.57584881783,140575.02825429442
greedy|2025|5000|all,20,2019,general,1607,6813.486958789826,13063.135489732027,26819.975324630737,55986.314488597214,110485.69810972216
greedy|2025|5000|all,20,2019,roro,517,8683.182855033876,18663.660586714745,27824.549827098846,51993.11324548721,200201.6238965989
greedy|2025|5000|all,20,2020,all,15740,7037.370593070984,14223.426563292744,24650.93050634861,47436.59839820862,102794.58893761638
greedy|2025|5000|all,20,2020,container,2212,2763.2988425403832,7659.477304697037,14986.044112920761,56750.82143551111,196087.36924414648
greedy|2025|5000|all,20,2020,bulk,6573,10102.245847892764,18924.305748939518,27177.75503349304,46751.19197368622,83165.18813896179
greedy|2025|5000|all,20,2020,tanker,3944,6688.211667895317,13023.545622348784,22750.525122165684,39284.56875152141,71477.55077886599
greedy|2025|5000|all,20,2020,gas,913,12232.554908561706,20552.837953567505,37277.983459472656,73129.13976764679,157930.42714309704
greedy|2025|5000|all,20,2020,general,1592,6354.988871571421,12329.200311422348,26875.794448375702,58705.99368548393,125061.8176294804
greedy|2025|5000|all,20,2020,roro,506,9245.649510383606,18021.61173248291,28103.32680299878,56320.82516595721,229780.5338640213
greedy|2025|5000|all,20,2021,all,16620,7119.692237567902,14168.362568736075,25020.18168568611,48202.533155202866,103996.30371685029
greedy|2025|5000|all,20,2021,container,2505,3072.8435831546785,7833.493052482605,14614.560619711876,48962.794115662575,194577.94300789828
greedy|2025|5000|all,20,2021,bulk,6773,11405.812935447693,19488.02496767044,28674.600172519684,48417.137609004974,84651.84435138703
greedy|2025|5000|all,20,2021,tanker,4085,6057.250006145239,12093.78458404541,22267.51100540161,38383.919783592224,71702.36688423157
greedy|2025|5000|all,20,2021,gas,977,13887.757306480407,23790.52840423584,41022.5374994278,85922.42429351807,170850.97261676786
greedy|2025|5000|all,20,2021,general,1751,6933.201893389225,12324.738023936749,25696.878177642822,55390.20517672598,121720.7471563816
greedy|2025|5000|all,20,2021,roro,529,7378.067692565918,17527.04204082489,28859.956102848053,57253.82277870178,232984.89296631812
greedy|2025|5000|all,20,2022,all,17691,6180.6618527174,13340.098617076874,24082.09022426605,46573.79888981581,101887.09201574326
greedy|2025|5000|all,20,2022,container,2890,3022.4744669616225,6066.117900580168,13515.921169091016,28948.418855799595,173575.3705447434
greedy|2025|5000|all,20,2022,bulk,7090,9891.663965195421,18877.73518967629,28028.52783346176,46597.267154216766,81794.24227733615
greedy|2025|5000|all,20,2022,tanker,4229,5911.257291746139,12006.613438606262,21880.045440912247,38954.839800834656,72987.57019261722
greedy|2025|5000|all,20,2022,gas,991,12860.611815929413,20371.70981812477,43263.08489990234,90966.35263371468,175252.92459392548
greedy|2025|5000|all,20,2022,general,1884,6323.08876425475,11654.064118862152,24546.990167617798,53267.66181330435,124533.60741710666
greedy|2025|5000|all,20,2022,roro,607,7184.3197740554815,17191.076857209206,27415.63427400589,54853.88064348698,212255.45654444685
greedy|2025|5000|all,20,2023,all,17714,5984.13444583416,13154.765988372266,23955.911328792572,47042.17749148607,101884.48510583043
greedy|2025|5000|all,20,2023,container,2948,2940.552873301506,5705.830891162157,14120.832573413849,36107.49854367972,161576.239076984
greedy|2025|5000|all,20,2023,bulk,7061,9293.071969509125,18323.85339975357,26999.507844924927,45685.29231548309,79708.24270248413
greedy|2025|5000|all,20,2023,tanker,4262,5994.360194134712,12066.05512599647,22520.56762495637,41149.49002289772,78209.63562873602
greedy|2025|5000|all,20,2023,gas,993,12455.608543300628,22177.44486141205,43309.51717090607,94099.3362531662,171321.18029994966
greedy|2025|5000|all,20,2023,general,1849,6060.429532909394,10926.499903321266,24988.597714424133,54581.8561706543,123845.2856004715
greedy|2025|5000|all,20,2023,roro,601,8556.39492893219,16816.414749145508,26421.860300540924,48002.92567920685,219468.47752952576
greedy|2025|5000|all,20,2024,all,16746,5912.8071184158325,12992.538594260812,23813.349645614624,46692.51639533043,97803.9708969593
greedy|2025|5000|all,20,2024,container,2715,2980.413004136086,6230.643921375275,14874.717616081238,40779.907150387764,151927.0560364723
greedy|2025|5000|all,20,2024,bulk,6665,9307.116767406464,18134.364904403687,26178.56306362152,43607.497606277466,77730.45836257939
greedy|2025|5000|all,20,2024,tanker,4087,5401.963052392006,11471.891804933548,22606.573265075684,41998.91062164307,78702.79530344011
greedy|2025|5000|all,20,2024,gas,951,10828.272641524673,20719.618851661682,44376.33958363533,93034.38991975784,167372.22663974762
greedy|2025|5000|all,20,2024,general,1767,5750.668755367398,10556.012461662292,25052.09863308072,54968.39523434639,113001.46830654154
greedy|2025|5000|all,20,2024,roro,561,9200.566698491572,16710.23867535591,25570.888805389404,47621.29944324493,203924.0412425995
greedy|2025|5000|all,20,2025,all,17006,5993.976442575455,12942.57561159134,23282.357539653778,42467.97800159454,84185.27312088013
greedy|2025|5000|all,20,2025,container,2779,3064.3124258518214,6672.083578705788,15518.938069343569,38269.157499849796,124325.39758606632
greedy|2025|5000|all,20,2025,bulk,6820,9201.08808014393,17857.631271362305,25085.67942428589,40514.878986895084,67081.08511743546
greedy|2025|5000|all,20,2025,tanker,4099,5253.53560256958,11301.393854618073,21369.920480012894,38623.57030582428,70130.96811828614
greedy|2025|5000|all,20,2025,gas,951,10265.86232829094,21865.99751329422,41041.61946773529,81825.40878582001,145632.15220355988
greedy|2025|5000|all,20,2025,general,1769,6015.102443528175,10969.973704338074,23956.99948358536,47255.77081251144,100722.27556562422
greedy|2025|5000|all,20,2025,roro,588,8502.17074584961,17276.64488506317,26078.46517831087,45376.46698641777,154406.3607050896
greedy|2025|5000|bulk,20,2018,all,15321,7406.464123249054,17375.68040084839,30311.159605026245,72367.01634120941,182837.9483566284
greedy|2025|5000|bulk,20,2018,container,2234,4422.57006701231,14398.295387715101,28482.489699363705,145669.07456304133,321744.55014520884
greedy|2025|5000|bulk,20,2018,bulk,6294,7578.045741003752,17549.016061604023,26339.39176237583,49110.826932430275,95677.764648056
greedy|2025|5000|bulk,20,2018,tanker,3798,7381.646692657471,16712.784337937832,32769.000348210335,80180.39168953896,177548.78031692508
greedy|2025|5000|bulk,20,2018,gas,820,8510.620220184326,20684.057235240936,44495.596509218216,102546.22049498558,241350.27806081786
greedy|2025|5000|bulk,20,2018,general,1646,8204.300508499146,18407.055415272713,42445.56198811531,115441.09898304939,281633.76369524
greedy|2025|5000|bulk,20,2018,roro,529,11540.987794947625,23308.09010577202,36982.34864425659,75728.97795581818,233589.91781444545
greedy|2025|5000|bulk,20,2019,all,15502,7858.7051416993145,19382.06343615055,37245.66943001747,92739.22089528291,214182.8942178249
greedy|2025|5000|bulk,20,2019,container,2209,5051.202029800415,18764.14301967621,47816.73529291153,194304.27305936813,363968.02138600353
greedy|2025|5000|bulk,20,2019,bulk,6371,7580.346801757812,18119.33919119835,29772.963124632835,58653.59810459614,113712.6434211731
greedy|2025|5000|bulk,20,2019,tanker,3924,8078.857237863541,18729.949838399887,41607.83325982094,98824.67336197942,195179.85929689414
greedy|2025|5000|bulk,20,2019,gas,874,12128.069978505373,27919.94828939438,61615.27168464661,131977.48920416832,266514.38347959524
greedy|2025|5000|bulk,20,2019,general,1607,10291.707428455353,23544.830510616302,56610.36646974087,136891.63708424568,301815.96770715714
greedy|2025|5000|bulk,20,2019,roro,517,12451.83327585459,26719.202094078064,41378.36756324768,115919.4217877388,283086.7072546959
greedy|2025|5000|bulk,20,2020,all,15740,7856.629627418517,19176.571551263332,35836.245181679726,102227.78445386887,233331.7716712952
greedy|2025|5000|bulk,20,2020,container,2212,4699.622507667542,16294.382126331331,39559.76611948013,222278.33995512503,383300.8342018129
greedy|2025|5000|bulk,20,2020,bulk,6573,7710.421355438233,18264.53848361969,28417.77539730072,57801.28298854828,129099.61973338129
greedy|2025|5000|bulk,20,2020,tanker,3944,7925.159141910076,18051.430267572403,41130.80543041229,115732.52496129274,218725.74350273606
greedy|2025|5000|bulk,20,2020,gas,913,11797.514604759217,27497.20512199402,64811.10719680786,151825.57720470428,298867.41269569425
greedy|2025|5000|bulk,20,2020,general,1592,10011.141051626208,22947.521465182308,64192.95544409752,162562.84553566575,316418.77630453114
greedy|2025|5000|bulk,20,2020,roro,506,12034.008412063122,23925.40703499317,39031.657970786095,126733.44252574444,302152.43706965446
greedy|2025|5000|bulk,20,2021,all,16620,8666.465661144257,19475.61886310577,36963.86397559941,105489.61009645462,242260.42580223083
greedy|2025|5000|bulk,20,2021,container,2505,5420.146078443528,17002.74932193756,42928.13718366623,226619.95295780897,383639.0966952324
greedy|2025|5000|bulk,20,2021,bulk,6773,9155.913304066657,19475.61886310577,30001.82087993622,60902.616755485535,135958.09357681277
greedy|2025|5000|bulk,20,2021,tanker,4085,7193.232132196427,16537.78297328949,41077.945499420166,119961.57097806036,229064.83034901615
greedy|2025|5000|bulk,20,2021,gas,977,13621.984132480622,31299.92394542694,70451.21024227142,166106.54338359833,310535.86139202106
greedy|2025|5000|bulk,20,2021,general,1751,10853.263739958404,22702.71778011322,55730.087749537546,164140.56316256523,314053.86789131165
greedy|2025|5000|bulk,20,2021,roro,529,12815.286564069986,24670.65451669693,37441.45325040817,121340.71725988388,353252.97357511515
greedy|2025|5000|bulk,20,2022,all,17691,7972.446797370911,18170.848876476288,35407.02791976929,100294.73667383194,238462.09594631195
greedy|2025|5000|bulk,20,2022,container,2890,5020.350707888603,12905.619748830795,27423.382288184017,204917.11911439896,368505.626201868
greedy|2025|5000|bulk,20,2022,bulk,7090,8442.256497573853,18787.939388513565,30006.719680309296,59571.622686862946,126591.4276869059
greedy|2025|5000|bulk,20,2022,tanker,4229,7176.99827079773,16332.525095939636,39219.35304927826,118258.91601657867,228601.32260799414
greedy|2025|5000|bulk,20,2022,gas,991,11707.900907993317,29989.83437335491,75047.69058084488,170001.91614341736,313287.3854262829
greedy|2025|5000|bulk,20,2022,general,1884,10268.541812562942,20431.678864955902,50206.098106622696,151664.56191233173,304714.9782835961
greedy|2025|5000|bulk,20,2022,roro,607,11869.370417761804,22720.69048243761,36328.06757068634,87729.03356075287,310374.33602426347
greedy|2025|5000|bulk,20,2023,all,17714,7818.119110488892,18054.01080775261,34251.583117842674,99275.33013439177,232862.8520172596
greedy|2025|5000|bulk,20,2023,container,2948,4943.687330818176,13157.808495283127,35994.403235673904,199075.00926160812,352382.9608811856
greedy|2025|5000|bulk,20,2023,bulk,7061,8117.705595135689,18060.97550868988,27786.74258995056,54842.96221733093,116152.55322933196
greedy|2025|5000|bulk,20,2023,tanker,4262,7866.945076012612,16776.023108780384,41733.04870891571,118855.50347071886,225021.108887291
greedy|2025|5000|bulk,20,2023,gas,993,12481.972467374802,29024.6710395813,77328.9444847107,164955.03632354736,306970.80546722416
greedy|2025|5000|bulk,20,2023,general,1849,9811.85073709488,20994.50552558899,51193.33020067215,152583.66868638992,302396.1453458787
greedy|2025|5000|bulk,20,2023,roro,601,12217.052762508392,22905.86034679413,34768.82363843918,85986.48049688339,304310.2347404361
greedy|2025|5000|bulk,20,2024,all,16746,7671.175547689199,17847.73669576645,32984.748483181,91806.7388294637,218484.23460136354
greedy|2025|5000|bulk,20,2024,container,2715,5086.287524032593,13947.057300567627,40153.13603639603,179591.30968034267,334146.1497092247
greedy|2025|5000|bulk,20,2024,bulk,6665,8302.574474179744,17863.777539491653,26677.13979434967,51137.69965076447,104353.0467917921
greedy|2025|5000|bulk,20,2024,tanker,4087,6750.154117870331,15391.253971338272,40303.4201374054,107902.0216319561,212888.89263738398
greedy|2025|5000|bulk,20,2024,gas,951,10742.20241856575,27975.868841141462,68882.98689174652,156877.50590324402,298588.8002252579
greedy|2025|5000|bulk,20,2024,general,1767,9874.610836052896,19719.475830554962,47210.82939434052,142163.94126486778,297167.4291839601
greedy|2025|5000|bulk,20,2024,roro,561,13928.093042850494,22878.3392688036,35159.435754776,94056.7233672142,294108.36753320694
greedy|2025|5000|bulk,20,2025,all,17006,7706.704772472382,17604.04555797577,31624.73161172867,76345.456153512,186744.77756929398
greedy|2025|5000|bulk,20,2025,container,2779,5568.544952964783,15242.607316732407,35958.24707698822,138390.71227920055,290615.65819892887
greedy|2025|5000|bulk,20,2025,bulk,6820,8284.979587030413,17858.296025276184,26351.04060125351,46763.95867991448,87154.33935232162
greedy|2025|5000|bulk,20,2025,tanker,4099,6550.513357543946,14421.556489944458,36418.73308467865,90025.92177724838,192982.11295547488
greedy|2025|5000|bulk,20,2025,gas,951,10379.861307382584,26422.75394630432,59950.83194255829,125290.95217680931,262027.8946847916
greedy|2025|5000|bulk,20,2025,general,1769,10027.971123123169,18779.319039344788,41413.090965271,118297.36965227129,280972.6189129829
greedy|2025|5000|bulk,20,2025,roro,588,12733.31211411953,23709.205707341433,36582.41112446785,83092.93247157335,242652.31011614934
greedy|2025|5000|container,20,2018,all,15321,7649.073273599148,16524.213312149048,29636.550910949707,50723.591203689575,89300.99650096893
greedy|2025|5000|container,20,2018,container,2234,3098.3899768829347,6597.991859793663,13577.475331783295,24948.829646468163,98145.34617137915
greedy|2025|5000|container,20,2018,bulk,6294,14043.695668458939,22934.301441669464,34806.3102145195,53326.11452102662,82782.46672809121
greedy|2025|5000|container,20,2018,tanker,3798,7708.5500604152685,15873.822047233582,27293.75379872322,46107.718355834484,75780.06217927934
greedy|2025|5000|container,20,2018,gas,820,13445.693447744847,25142.28744405508,47679.626763254404,84027.54106092453,146859.5395659447
greedy|2025|5000|container,20,2018,general,1646,7290.199451088905,13989.78533488512,28136.78469657898,52962.72812609002,102888.13094814122
greedy|2025|5000|container,20,2018,roro,529,9047.743870449067,17823.77075433731,28505.954418182373,47313.49482173473,123598.42698149676
greedy|2025|5000|container,20,2019,all,15502,8484.083780501784,19176.478168785572,35138.72203159332,62185.532595694065,108203.97023000717
greedy|2025|5000|container,20,2019,container,2209,2988.3702949523927,6985.952744007111,14152.925456523895,32391.94188261032,123332.65364236833
greedy|2025|5000|container,20,2019,bulk,6371,14868.482019901276,25580.592200040817,41122.34764146805,63491.92838585377,97847.15245175362
greedy|2025|5000|container,20,2019,tanker,3924,8775.291241931915,18506.52053451538,31625.4700756073,54553.66855305433,88201.02578902245
greedy|2025|5000|container,20,2019,gas,874,17761.785828519754,34561.406722545624,63806.3005194664,107249.86527240276,176613.90984680655
greedy|2025|5000|container,20,2019,general,1607,8013.403281021119,17688.143151283264,36855.75701856613,69594.80474710464,130343.47720050816
greedy|2025|5000|container,20,2019,roro,517,10399.164704132081,22102.32917261124,33137.866406440735,55678.00294017792,184610.7699950099
greedy|2025|5000|container,20,2020,all,15740,8531.739040338993,19551.849507570267,35134.44239640236,63820.36978542805,116596.04237875938
greedy|2025|5000|container,20,2020,container,2212,2871.114284777642,6669.737119704485,13857.618945121765,27151.216014862064,132826.52082636958
greedy|2025|5000|container,20,2020,bulk,6573,16887.95137758255,25896.032225608826,40749.33896446228,65221.65711283684,104540.97628929619
greedy|2025|5000|container,20,2020,tanker,3944,9153.676834845543,18211.639283776287,31167.488869667053,54068.596925497055,94595.57928638459
greedy|2025|5000|container,20,2020,gas,913,19942.88097147942,37277.983459472656,65887.0152683258,119307.84509944916,205565.08511614808
greedy|2025|5000|container,20,2020,general,1592,7524.4540351748465,16840.209033727646,36102.75912761688,75314.9696919918,140911.82386932374
greedy|2025|5000|container,20,2020,roro,506,9715.918714791536,19561.314137220383,32424.250943660736,56040.653701126575,199452.88064217567
greedy|2025|5000|container,20,2021,all,16620,8904.642399978638,19695.764975786213,35641.121502161026,64283.56231343746,118918.77384904622
greedy|2025|5000|container,20,2021,container,2505,3052.5590309143067,6581.538511276245,13923.30122756958,28163.82891368866,130208.01894426346
greedy|2025|5000|container,20,2021,bulk,6773,18980.244293630123,27941.976322174072,42836.68465709686,66718.61047363281,107070.7817199707
greedy|2025|5000|container,20,2021,tanker,4085,8604.741503810883,17235.21420955658,29884.79210042953,54004.65800333023,94212.1070513725
greedy|2025|5000|container,20,2021,gas,977,22330.63288209438,38120.514986515045,67853.05187702179,129354.904012084,214709.19902391432
greedy|2025|5000|container,20,2021,general,1751,8878.324442863464,16647.831901088357,33951.40891742706,71885.16193285584,141055.69383358955
greedy|2025|5000|container,20,2021,roro,529,10979.208845901489,21900.21836590767,33010.5872426033,60191.526484042406,215133.88106536857
greedy|2025|5000|container,20,2022,all,17691,7523.983296394348,18087.10421180725,33648.589460492134,62265.19597554207,116146.3797814846
greedy|2025|5000|container,20,2022,container,2890,3015.4704084932805,5571.785059809685,13333.32116317749,24255.430341005325,109152.79705167703
greedy|2025|5000|container,20,2022,bulk,7090,17001.804712831974,26599.275930166245,41610.697514534,65150.15136384964,102069.86456356054
greedy|2025|5000|container,20,2022,tanker,4229,7700.887878608703,16998.973008155823,29517.32607841492,54140.92384767532,96194.8230121613
greedy|2025|5000|container,20,2022,gas,991,19498.01897855303,37998.496461868286,70996.0990114212,139740.41274738312,222092.77428722385
greedy|2025|5000|container,20,2022,general,1884,7871.194789361954,14674.361369371414,31704.961802482605,67656.24718350917,141666.43337525876
greedy|2025|5000|container,20,2022,roro,607,10111.53780193329,20152.73939025402,33351.949645996094,59544.419300317764,190379.65395523288
greedy|2025|5000|container,20,2023,all,17714,7208.622637772562,17411.451594114304,32932.61152553558,61257.513082914054,113292.83342306619
greedy|2025|5000|container,20,2023,container,2948,2900.3819834142923,4982.322578191757,12981.931313872336,24225.35658532381,113501.87747531534
greedy|2025|5000|container,20,2023,bulk,7061,15407.523661613464,25011.43396472931,39256.74889564514,62615.70901250839,100461.72258329391
greedy|2025|5000|container,20,2023,tanker,4262,8187.955933094026,17092.578353345394,30229.68139898777,55290.48950815201,97285.54700017272
greedy|2025|5000|container,20,2023,gas,993,21166.049353027345,38419.792924165726,67130.05354762077,131895.8630847931,217126.48138904583
greedy|2025|5000|container,20,2023,general,1849,7698.933136767149,14463.95081281662,32624.887555122372,66856.80088329315,138741.58970146184
greedy|2025|5000|container,20,2023,roro,601,11869.186525344849,20832.09811782837,31512.798326969147,59601.207226514816,185164.8548006713
greedy|2025|5000|container,20,2024,all,16746,7182.907253265381,16829.875349760056,32076.221230506897,60381.16620349884,108430.0993873179
greedy|2025|5000|container,20,2024,container,2715,2927.8670465946198,5636.374816834927,13184.454853534698,24560.631425857544,109561.24556291697
greedy|2025|5000|container,20,2024,bulk,6665,15031.72615132332,24222.712423324585,37947.176473617554,60803.065351486206,93924.40160493854
greedy|2025|5000|container,20,2024,tanker,4087,7247.685533618927,15712.508283615112,29762.75975751877,56604.50541329384,97867.11392154696
greedy|2025|5000|container,20,2024,gas,951,19086.545660972595,36044.52774851024,66966.52554345131,126835.09308433533,206410.83780765533
greedy|2025|5000|container,20,2024,general,1767,7299.130839347839,14148.223812401295,31275.345304965973,62924.851107120514,122186.63950555336
greedy|2025|5000|container,20,2024,roro,561,11358.285068511965,20998.79954385757,30492.26606988907,54268.09750533104,167999.5500831604
greedy|2025|5000|container,20,2025,all,17006,7185.250683784485,16732.375522375107,30483.57540822029,53496.135113060474,94008.5768070221
greedy|2025|5000|container,20,2025,container,2779,3172.7571107387544,6163.327302932739,13942.169333457949,24466.080726504326,88943.69757633224
greedy|2025|5000|container,20,2025,bulk,6820,14787.290224456789,23738.782479941845,36119.592032432556,54048.71913790703,82525.44663076403
greedy|2025|5000|container,20,2025,tanker,4099,6647.695460891724,15493.046440839767,28200.448307991028,51089.33018434048,85904.70553669942
greedy|2025|5000|container,20,2025,gas,951,17519.037417173386,32670.961997032166,60171.974197387695,108480.29934358597,186373.41937828064
greedy|2025|5000|container,20,2025,general,1769,7639.935927200318,14242.974910736084,29040.09516429901,54943.59667348862,106913.05475549703
greedy|2025|5000|container,20,2025,roro,588,10489.020341730118,20364.59571349621,29905.253138005733,48977.79539767653,135911.40568135984
greedy|2025|7000|all,20,2018,all,15321,6569.548318386078,11869.459496736526,20745.850211381912,34345.17983818054,62840.03427410126
greedy|2025|7000|all,20,2018,container,2234,3372.634558105469,6940.002212047577,12131.561626791954,24827.792327046398,119182.8449877739
greedy|2025|7000|all,20,2018,bulk,6294,9103.587445554138,17130.491577744484,23743.76257967949,36820.459241509445,57618.818649268134
greedy|2025|7000|all,20,2018,tanker,3798,5894.406091785431,10723.375655189155,18341.733868598938,29128.40007686615,51120.85322961809
greedy|2025|7000|all,20,2018,gas,820,8315.850466626884,15107.937690615654,24051.544903993607,43354.36358553171,83750.03270218373
greedy|2025|7000|all,20,2018,general,1646,6568.618977360427,10957.069698208943,19577.310868263245,35557.1683216095,68891.20530796051
greedy|2025|7000|all,20,2018,roro,529,8756.794097852708,13681.313713788986,20634.17797732353,30628.252026081085,83070.33761391637
greedy|2025|7000|all,20,2019,all,15502,6944.861963421108,12871.601501762867,22655.807192325592,40721.62037754059,77353.07841448783
greedy|2025|7000|all,20,2019,container,2209,3127.0513718008997,7267.118744850159,13393.444323062897,47168.29679235816,153741.51075389388
greedy|2025|7000|all,20,2019,bulk,6371,9790.559466362,18083.66348361969,26227.66190481186,42486.80100488663,65741.30501651764
greedy|2025|7000|all,20,2019,tanker,3924,6304.208835673332,11523.51808643341,20384.96768760681,34251.95089054108,61449.14023486377
greedy|2025|7000|all,20,2019,gas,874,9410.144512152674,16576.71266633272,26625.86195230484,51511.86500811577,104754.83776710053
greedy|2025|7000|all,20,2019,general,1607,7079.8360743254425,11981.660175681114,22342.777963638306,43113.69902610779,87100.81807470326
greedy|2025|7000|all,20,2019,roro,517,9430.506571435928,13937.429071724417,21326.56651115417,36236.757167607546,110041.03195152296
greedy|2025|7000|all,20,2020,all,15740,7054.145176005364,13177.449111163616,22675.61215209961,39926.788540005684,81744.72081446648
greedy|2025|7000|all,20,2020,container,2212,3074.58676841259,7025.3382709771395,13358.028534635901,44050.85624592006,174457.04245761456
greedy|2025|7000|all,20,2020,bulk,6573,10586.801916074752,18430.15340328217,25532.466949939728,41365.40774726868,67203.0391576767
greedy|2025|7000|all,20,2020,tanker,3944,6469.837000274659,11496.573996007442,19679.7553088665,33184.302040115,65148.09000103479
greedy|2025|7000|all,20,2020,gas,913,10191.921139886976,17388.009567260742,28248.845460414886,56788.02556657791,114238.8957895279
greedy|2025|7000|all,20,2020,general,1592,6631.095233297349,11669.616580247879,22890.816459655765,43297.29338800907,98416.39281160386
greedy|2025|7000|all,20,2020,roro,506,9231.77231168747,13485.250137686731,21144.43711209297,35031.506595894694,129942.49703291246
greedy|2025|7000|all,20,2021,all,16620,7342.359539318085,13175.48901684396,22770.34041404724,39933.02949476242,82807.25251092912
greedy|2025|7000|all,20,2021,container,2505,3546.6038798332215,7136.352856636047,12906.04742217064,37575.62532234192,172150.94139041897
greedy|2025|7000|all,20,2021,bulk,6773,11711.264940071105,18902.825493335724,26287.33110141754,41599.13720989227,66990.088249588
greedy|2025|7000|all,20,2021,tanker,4085,6200.42668876648,11082.01773929596,19419.762989997864,32776.35465526581,63758.82225294113
greedy|2025|7000|all,20,2021,gas,977,12502.300298023225,19019.992129802704,31056.723471283916,62788.1537129879,132275.84461593628
greedy|2025|7000|all,20,2021,general,1751,7555.134969234467,12421.984295845032,22520.364048957825,41668.89587264508,95595.86767804624
greedy|2025|7000|all,20,2021,roro,529,9713.642794036865,14207.205413535235,20985.65212905407,35285.270745277405,118205.47859888076
greedy|2025|7000|all,20,2022,all,17691,6505.95615530014,12463.599188223481,21713.473152160645,38750.69822907448,81321.5251480341
greedy|2025|7000|all,20,2022,container,2890,3543.504403758049,6547.414676971734,12403.099483788013,26383.31612223387,162629.29237442
greedy|2025|7000|all,20,2022,bulk,7090,10108.706947058443,17943.818719506264,25062.465903282166,39992.4832983017,65379.134095692636
greedy|2025|7000|all,20,2022,tanker,4229,5878.542022418976,10812.28697681427,18644.558917045597,32710.666204452515,65376.692461204555
greedy|2025|7000|all,20,2022,gas,991,11423.5656208992,17579.054403066635,31011.79088115692,67305.81284236908,132159.97692108154
greedy|2025|7000|all,20,2022,general,1884,7011.409150734917,11812.892512202265,21274.854912281036,42372.688089370735,96690.28141016961
greedy|2025|7000|all,20,2022,roro,607,9384.62541179657,13848.685528723523,20499.06892633438,33831.03095585108,102493.62077398296
greedy|2025|7000|all,20,2023,all,17714,6337.4644959688185,12430.534165263176,21711.533638715744,39363.07463234663,81896.01472865345
greedy|2025|7000|all,20,2023,container,2948,3442.935052013397,6494.148062109947,13527.059178948402,33849.72260257602,152093.327869618
greedy|2025|7000|all,20,2023,bulk,7061,9468.91609609127,17732.943346500397,24483.47557258606,39338.352805793285,64246.3902759552
greedy|2025|7000|all,20,2023,tanker,4262,5884.276897144318,11025.615435481071,18742.939320087433,33970.36304935813,71693.14090720416
greedy|2025|7000|all,20,2023,gas,993,11270.026556754112,17905.292105674744,35009.118227005005,69747.24011516571,133793.99476337433
greedy|2025|7000|all,20,2023,general,1849,6635.3723537921915,11451.509485527871,21798.71936416626,42102.64073896408,90663.29552316671
greedy|2025|7000|all,20,2023,roro,601,9645.246456623076,13698.224299907684,20365.189033031464,32609.976950645447,104122.18615484238
greedy|2025|7000|all,20,2024,all,16746,6184.90031170845,12383.346691966057,22449.592419624325,40705.08484315872,84073.73909305036
greedy|2025|7000|all,20,2024,container,2715,3473.1374145984646,6538.831280589104,14239.12222290039,39319.70770931244,148263.74887048
greedy|2025|7000|all,20,2024,bulk,6665,9546.333672326804,17765.372840881348,24732.18559074402,39440.16550159454,65624.18813152319
greedy|2025|7000|all,20,2024,tanker,4087,5402.86043305397,10586.03135585785,19537.175652503967,36301.87229180336,72820.1594816208
greedy|2025|7000|all,20,2024,gas,951,9999.961925506592,19292.019003748894,37882.11861515045,75160.82595300674,135573.77881157398
greedy|2025|7000|all,20,2024,general,1767,6588.821408700944,10891.119117736816,22530.67339682579,44751.16043138504,91311.51699024446
greedy|2025|7000|all,20,2024,roro,561,9505.775099039078,14023.637324333193,21273.838412046432,34849.36994743347,116989.8837531805
greedy|2025|7000|all,20,2025,all,17006,6382.955675601959,12464.35552716255,22274.869197368625,38894.78940731287,74385.7045339346
greedy|2025|7000|all,20,2025,container,2779,3624.443508529664,7133.452858328819,15107.829236984251,41407.60943889618,123932.09365091323
greedy|2025|7000|all,20,2025,bulk,6820,9467.510944175721,17835.134221315384,24349.39948260784,37962.86237359048,59013.01233696938
greedy|2025|7000|all,20,2025,tanker,4099,5175.414892673492,10834.57669711113,19445.408661842343,34350.35045003891,66220.32817649844
greedy|2025|7000|all,20,2025,gas,951,9805.566529750824,19025.2806289196,36417.991203308105,70736.1273188591,116377.9329805374
greedy|2025|7000|all,20,2025,general,1769,7034.180085706711,10993.617124557495,21891.982271134853,40529.681477069855,79604.5693183899
greedy|2025|7000|all,20,2025,roro,588,8684.491038966178,13495.651394069195,21491.58557343483,33046.009298563,91924.92838486451
greedy|2025|7000|bulk,20,2018,all,15321,7684.338151931763,15331.171208381653,26738.98548078537,62469.020842552185,159235.51401388645
greedy|2025|7000|bulk,20,2018,container,2234,5112.122999529541,13189.909736394882,24322.39470114559,129587.9581592977,292324.0764986516
greedy|2025|7000|bulk,20,2018,bulk,6294,7861.066099342704,15838.980646610262,23768.97856903076,42834.09136623144,85262.98474617001
greedy|2025|7000|bulk,20,2018,tanker,3798,7260.252762389184,14610.223007619381,28741.237176179886,72633.58238768578,161855.98936462405
greedy|2025|7000|bulk,20,2018,gas,820,9601.86144464016,19680.030655622482,40410.85404777527,83462.61471569538,186770.06992228035
greedy|2025|7000|bulk,20,2018,general,1646,8156.956173479557,16278.027955532072,37603.25225573778,100634.15766572952,255432.29055261612
greedy|2025|7000|bulk,20,2018,roro,529,11540.987794947625,21472.83772134781,33721.12667441368,69147.13202762604,193431.90124323365
greedy|2025|7000|bulk,20,2019,all,15502,8160.498230922222,16978.252386450768,31933.041592240337,79846.61251342297,189442.68676180835
greedy|2025|7000|bulk,20,2019,container,2209,5838.646639823914,14517.287066936491,32930.177327394485,166785.3413695097,333514.564716816
greedy|2025|7000|bulk,20,2019,bulk,6371,7967.800896644592,17099.999994277954,26290.472977638245,51498.369938373566,100221.28561973572
greedy|2025|7000|bulk,20,2019,tanker,3924,7739.809831380845,16256.961256027222,35314.43033909798,88970.7834148407,182822.5435105505
greedy|2025|7000|bulk,20,2019,gas,874,13020.17980208397,23720.09057044983,51113.278519153595,108105.13584715128,223116.07671451572
greedy|2025|7000|bulk,20,2019,general,1607,10132.772822520137,21246.847911834717,50592.224771499634,125915.40116381644,284854.55905017856
greedy|2025|7000|bulk,20,2019,roro,517,11982.966180849075,22206.93861246109,36491.18342924118,95249.1821038723,245009.7527145386
greedy|2025|7000|bulk,20,2020,all,15740,8308.65347557068,17239.469133466482,30409.585823893547,86728.62936374545,208890.95605793005
greedy|2025|7000|bulk,20,2020,container,2212,5219.3783592700975,14505.732426047325,29096.57408452034,198572.00786823037,362049.26398156886
greedy|2025|7000|bulk,20,2020,bulk,6573,8732.795025482774,17619.450545310974,25542.055561065677,49559.76333332062,111221.4505547762
greedy|2025|7000|bulk,20,2020,tanker,3944,7714.36358590126,15617.948779404165,35126.4493291378,102042.75510895251,199613.90053496364
greedy|2025|7000|bulk,20,2020,gas,913,13788.84650745392,23679.43391275406,53774.16097640991,114345.496840477,238180.42290592202
greedy|2025|7000|bulk,20,2020,general,1592,9707.008155059813,20933.874615192413,53149.47200962156,149231.44225373864,299605.83842120634
greedy|2025|7000|bulk,20,2020,roro,506,11466.913584589958,20897.091115921736,35166.77488696575,99083.05348134041,276927.79126787186
greedy|2025|7000|bulk,20,2021,all,16620,8886.782831954957,17571.51998245716,31593.374292194843,86511.77068120241,218694.31995937828
greedy|2025|7000|bulk,20,2021,container,2505,6275.198249959945,14593.3134059906,30863.77326440811,202023.1391115189,363909.3137986064
greedy|2025|7000|bulk,20,2021,bulk,6773,9789.200140190125,18261.10779571533,26949.881002426147,51116.20141172409,109377.97019062044
greedy|2025|7000|bulk,20,2021,tanker,4085,7005.287459868193,14499.387935638428,34327.66687345505,101697.15428638458,210143.6786542892
greedy|2025|7000|bulk,20,2021,gas,977,15786.095531654359,26898.340380191803,53956.76305294037,124838.42164349556,265642.4676616192
greedy|2025|7000|bulk,20,2021,general,1751,10499.609560966492,19934.630676433444,47476.09140968323,148753.47515535355,291872.0349764824
greedy|2025|7000|bulk,20,2021,roro,529,12286.21362657547,21489.862515687943,34327.23997402191,91249.99206505716,300644.9767644882
greedy|2025|7000|bulk,20,2022,all,17691,8189.65825343132,16330.394097864628,29923.721263885494,82054.41260099411,214201.83716011047
greedy|2025|7000|bulk,20,2022,container,2890,5355.446847724915,12263.38227570057,23986.186305761337,178063.8333747927,348208.20249023434
greedy|2025|7000|bulk,20,2022,bulk,7090,9058.210096991063,17836.99771118164,26569.02643585205,49587.38604852557,102541.57867927557
greedy|2025|7000|bulk,20,2022,tanker,4229,7058.41045665741,14387.95099067688,32456.04050350189,100927.3362827301,209777.02500600816
greedy|2025|7000|bulk,20,2022,gas,991,13096.53311252594,24727.164173603058,57050.84329223633,131653.04461312294,269292.3790836334
greedy|2025|7000|bulk,20,2022,general,1884,9940.359305274487,18155.813979387283,44205.81764984131,141910.2225382924,286068.0918010481
greedy|2025|7000|bulk,20,2022,roro,607,11610.744567918777,20075.322156190872,32650.951561927795,80066.1256147623,281032.4355738996
greedy|2025|7000|bulk,20,2023,all,17714,8021.857995033264,16106.968722820282,28835.84070110321,82342.00666236877,208494.44873228075
greedy|2025|7000|bulk,20,2023,container,2948,5215.49832726121,12222.733606815338,26977.667605876923,171887.85728263855,323301.5721027375
greedy|2025|7000|bulk,20,2023,bulk,7061,8737.434857189655,17235.247064590454,24502.43529891968,45609.192757606506,95440.90803432465
greedy|2025|7000|bulk,20,2023,tanker,4262,7442.462906229496,14356.645970284939,32829.53581917286,101580.17691460252,206258.14922246934
greedy|2025|7000|bulk,20,2023,gas,993,13178.565077257157,25723.205315589905,59821.56422805786,131163.7840127945,264304.93728885666
greedy|2025|7000|bulk,20,2023,general,1849,9523.764173889162,18396.743542671204,45804.213391304016,142452.6238247156,284992.02018823626
greedy|2025|7000|bulk,20,2023,roro,601,11946.015678405762,18730.824626922607,30619.161046028137,68896.88877105713,285188.8896262646
greedy|2025|7000|bulk,20,2024,all,16746,7739.039851427078,16438.20055770874,29474.621070861816,80361.26687073708,198555.73064488173
greedy|2025|7000|bulk,20,2024,container,2715,5488.002886962891,13584.414877772331,35998.38732433319,160467.62297591195,312220.4312765121
greedy|2025|7000|bulk,20,2024,bulk,6665,8643.13201750517,17034.52100622654,24433.524598121643,44393.56342411041,90808.93975372319
greedy|2025|7000|bulk,20,2024,tanker,4087,6436.6626210227605,14090.57466006279,33500.16625118256,96428.82398319244,196712.9387849331
greedy|2025|7000|bulk,20,2024,gas,951,12208.757552146912,28501.67111092806,59623.931752204895,126060.38076972961,258416.9293346405
greedy|2025|7000|bulk,20,2024,general,1767,9386.325248146057,18176.740567207336,43693.44216918945,129906.52262285352,281778.95310895744
greedy|2025|7000|bulk,20,2024,roro,561,12837.884881019592,21304.07038593292,32072.31543946266,73858.88371133804,268967.57651233673
greedy|2025|7000|bulk,20,2025,all,17006,7823.971145153046,16107.817911654709,29075.600461483,68376.45044708252,166207.97512602806
greedy|2025|7000|bulk,20,2025,container,2779,5886.025117301941,14919.686571598053,34371.65624952316,125952.73594266176,270585.19262447365
greedy|2025|7000|bulk,20,2025,bulk,6820,8833.3254404068,17058.18207615614,24309.64891242981,42498.91292524338,77685.91904773713
greedy|2025|7000|bulk,20,2025,tanker,4099,6238.905708503724,13359.574396133423,31354.08173561096,80799.52404022217,176355.46492753032
greedy|2025|7000|bulk,20,2025,gas,951,11169.58064842224,27339.186732321978,56109.930216789246,110027.46141195297,222421.1462936401
greedy|2025|7000|bulk,20,2025,general,1769,9690.195532083511,17269.156188964844,38548.75622367859,110361.52359072864,265112.6151443243
greedy|2025|7000|bulk,20,2025,roro,588,12172.483112716674,21827.660953640938,33377.89069342613,71684.73760223389,205512.8291020397
greedy|2025|7000|container,20,2018,all,15321,6869.67612695694,14143.14232969284,25928.52516555786,44004.35673999786,75889.41206264496
greedy|2025|7000|container,20,2018,container,2234,3167.9487000525,6369.624248981476,11217.726208925247,20558.792887568474,63499.65557247998
greedy|2025|7000|container,20,2018,bulk,6294,12475.206743657589,21767.776071310043,32558.06007862091,49509.26168766618,76383.36118068694
greedy|2025|7000|container,20,2018,tanker,3798,7161.709270840886,13633.59242901206,24270.079994678497,39732.60253429413,68648.42992122174
greedy|2025|7000|container,20,2018,gas,820,11416.001321893931,19123.602340996265,35534.782140374184,70885.27397632599,130682.89308834076
greedy|2025|7000|container,20,2018,general,1646,6720.605954416096,12528.819561839104,22440.653264284138,39298.73426270485,70144.87205922604
greedy|2025|7000|container,20,2018,roro,529,9252.62268128395,16349.555005073547,25493.33781719208,40845.08327150345,82418.0901792407
greedy|2025|7000|container,20,2019,all,15502,7511.518751955033,15525.77256321907,29814.919981956482,52484.740471839905,89778.31043548582
greedy|2025|7000|container,20,2019,container,2209,3010.5727672576904,6413.668477058411,11414.338946342468,21749.776594161987,83657.30000852048
greedy|2025|7000|container,20,2019,bulk,6371,13471.489610671995,24166.627866744995,37918.750361442566,57680.62565422058,90447.92576885223
greedy|2025|7000|container,20,2019,tanker,3924,8120.1058870315555,15270.092114448546,26800.136790037155,46353.1856944561,78581.79313131572
greedy|2025|7000|container,20,2019,gas,874,13407.40671205521,23673.91112536192,44560.49822986126,84414.72958815098,156368.3062370688
greedy|2025|7000|container,20,2019,general,1607,7050.606490516663,13548.406914710999,26020.8199993372,48637.081281900406,85992.88736429226
greedy|2025|7000|container,20,2019,roro,517,9481.524687194824,18797.25353693962,28573.42060732841,46436.60727071762,104022.12762799267
greedy|2025|7000|container,20,2020,all,15740,7794.4286257118,16162.301554083824,30017.546712636948,52949.19930161536,96635.94501657487
greedy|2025|7000|container,20,2020,container,2212,2933.750185018778,6240.645057320595,11515.859693527222,21522.82092744112,87635.85446558011
greedy|2025|7000|container,20,2020,bulk,6573,14922.748644924164,24675.4732875824,38010.99783229828,59192.64021015167,96396.4487957001
greedy|2025|7000|container,20,2020,tanker,3944,8287.684763622285,15300.63293492794,26613.253061413765,46374.62180751562,82965.50926380159
greedy|2025|7000|container,20,2020,gas,913,14104.936966705322,24584.97678089142,43947.871984004974,85160.11267566681,169053.73949370385
greedy|2025|7000|container,20,2020,general,1592,7059.224151402712,14287.189129650593,26781.58726453781,48160.67548030615,95870.77290029528
greedy|2025|7000|container,20,2020,roro,506,9729.797913640738,17343.5666946806,26767.927505493164,42017.89000071585,123455.85309886932
greedy|2025|7000|container,20,2021,all,16620,8077.502175688744,16518.723339498043,30624.466916143894,54076.564561367035,96720.82398552896
greedy|2025|7000|container,20,2021,container,2505,3295.8258610248567,6480.29137802124,11500.705945968628,21943.64678955078,82752.32960991113
greedy|2025|7000|container,20,2021,bulk,6773,16902.687170505527,25691.77414703369,39402.43150806427,61248.23274612427,95660.26612796783
greedy|2025|7000|container,20,2021,tanker,4085,8185.171005439758,14771.63908290863,26131.5412838459,45602.000990867615,82824.65886421202
greedy|2025|7000|container,20,2021,gas,977,17215.923406600952,26650.55553340912,46217.1812081337,92053.69054508208,175554.7082335949
greedy|2025|7000|container,20,2021,general,1751,8661.128948688507,15074.975255012512,26449.89657735825,46248.82069969177,90617.4280014038
greedy|2025|7000|container,20,2021,roro,529,11882.58382383585,19775.55938488245,28703.709189862013,44820.16985797882,127056.72908858578
greedy|2025|7000|container,20,2022,all,17691,6939.319014072418,15356.359736204147,29080.761759758,53278.38105750084,96283.60158729552
greedy|2025|7000|container,20,2022,container,2890,3340.5551916718487,6135.737613588572,11183.800260961056,21193.4172283113,69750.35862938165
greedy|2025|7000|container,20,2022,bulk,7090,15289.243529403213,24278.336121201515,38269.53730249405,59090.42032828927,94034.1673252106
greedy|2025|7000|container,20,2022,tanker,4229,7118.548668003083,14434.030618786812,26108.01885652542,46796.9211935997,86582.6345935822
greedy|2025|7000|container,20,2022,gas,991,16390.066319942474,25177.09842324257,50458.77421379089,98686.19154930115,174297.25756931305
greedy|2025|7000|container,20,2022,general,1884,7991.2033217906965,14261.118495881557,25544.80236530304,46260.74222326279,88584.34943714069
greedy|2025|7000|container,20,2022,roro,607,10246.948560798168,18177.67467325926,29032.60532283783,46957.139540195465,107427.14401531208
greedy|2025|7000|container,20,2023,all,17714,6843.019862890244,15049.510552763939,28917.468590021133,52860.942126497626,96820.2592388154
greedy|2025|7000|container,20,2023,container,2948,3283.392224705219,5895.593886375427,11630.374759197235,22055.963073775172,76219.34653323905
greedy|2025|7000|container,20,2023,bulk,7061,14006.390293121338,23679.13749548793,37294.01409816742,58286.451665878296,94844.95504188538
greedy|2025|7000|container,20,2023,tanker,4262,7180.56972745955,14307.939845561981,26283.911939144135,48887.78729259968,90677.06514573099
greedy|2025|7000|container,20,2023,gas,993,16226.014380955696,26664.48459815979,52586.0609896183,96372.75922203064,168356.56616115573
greedy|2025|7000|container,20,2023,general,1849,7179.33351675272,13503.188512802124,24929.510774612427,45400.55571269989,85569.84229254726
greedy|2025|7000|container,20,2023,roro,601,12041.892033576964,17768.07337331772,27158.704877138138,45990.76040029526,101254.4303356111
greedy|2025|7000|container,20,2024,all,16746,6955.392179489136,15096.900401353836,28905.518991947174,53432.60873091221,95166.14909672737
greedy|2025|7000|container,20,2024,container,2715,3330.570668435097,6118.917164564133,11957.700964927672,22431.461193799973,80798.56357600683
greedy|2025|7000|container,20,2024,bulk,6665,13818.74842888713,23488.56371307373,36801.23938846588,58412.00674962997,91724.95216512682
greedy|2025|7000|container,20,2024,tanker,4087,6728.96322517395,14133.232225894928,26264.83997631073,48998.16728568077,87778.5936006546
greedy|2025|7000|container,20,2024,gas,951,15871.981355667114,26139.600744247437,54634.78588199616,101095.29101879895,166566.4314403534
greedy|2025|7000|container,20,2024,general,1767,6963.188777923584,13608.231810569763,25336.6290756613,46625.76234173775,83848.08890531064
greedy|2025|7000|container,20,2024,roro,561,11938.487614840267,17839.065936088562,27381.94408518076,47511.89223176241,99874.0909371376
greedy|2025|7000|container,20,2025,all,17006,7095.290224116296,15049.04459297657,27818.501046657562,48181.78473997116,83892.29184865952
greedy|2025|7000|container,20,2025,container,2779,3509.14480047226,6492.05690574646,12204.004758059978,22274.43442952633,67165.19217433932
greedy|2025|7000|container,20,2025,bulk,6820,13419.81811052561,22880.16377173364,34778.65588617325,52293.80232191086,81630.55376858116
greedy|2025|7000|container,20,2025,tanker,4099,6439.368610541523,14109.950583934784,25364.299535751343,44878.3573346138,78120.11048908235
greedy|2025|7000|container,20,2025,gas,951,14905.456619262695,25613.668410778046,47817.41802740097,86869.18905162811,152745.1042842865
greedy|2025|7000|container,20,2025,general,1769,7578.7385721206665,13418.724376678469,24263.026295661926,42653.56309175491,76228.22349834442
greedy|2025|7000|container,20,2025,roro,588,10242.472582697868,17376.11244225502,26940.98087334633,44438.22559916973,90979.02522647381
volume|2018|0|all,20,2018,all,15321,6538.9176988601685,11871.130604743958,20317.77489376068,32327.363240003586,58760.23724603653
volume|2018|0|all,20,2018,container,2234,2940.866882395744,7506.423979759216,12498.632236003876,27940.352706626058,122592.35514569283
volume|2018|0|all,20,2018,bulk,6294,9231.768578189613,16291.017778873442,22650.651375770565,34183.05409133434,51365.695803070055
volume|2018|0|all,20,2018,tanker,3798,5980.850214385987,10900.829855144024,17774.385931253433,28085.402188420296,50046.46056305766
volume|2018|0|all,20,2018,gas,820,7327.637761428952,13195.568295449018,22003.31221282482,38944.6109070778,71034.14625320437
volume|2018|0|all,20,2018,general,1646,6716.8063962981105,11089.451354712248,19377.497083306313,32507.42478724197,63702.08829879761
volume|2018|0|all,20,2018,roro,529,8380.166690826416,13499.66478729248,20822.051014900208,29600.22090435028,62051.96099967956
volume|2018|0|all,20,2019,all,15502,7120.489812803269,12917.097383856775,22019.62818135321,37862.11833107472,72518.64885174033
volume|2018|0|all,20,2019,container,2209,2927.7224481344224,7852.604564666748,13391.802530288696,52847.1061706543,160767.78954114916
volume|2018|0|all,20,2019,bulk,6371,9947.895215034485,17808.206329345703,24448.83066558838,38476.29279255867,59533.92594152689
volume|2018|0|all,20,2019,tanker,3924,6618.16747751236,11482.533417224884,19493.483389735222,32993.31572198868,60917.814248156654
volume|2018|0|all,20,2019,gas,874,8437.957012110948,14128.91552889347,23647.950076580048,45440.22173919529,94630.40505185131
volume|2018|0|all,20,2019,general,1607,7123.373056030274,12663.334656059742,22886.749459266663,41178.99420905113,85817.76195392612
volume|2018|0|all,20,2019,roro,517,9098.473108673095,14213.24328804016,22019.79229620099,34388.35681056976,91737.97945684497
volume|2018|0|all,20,2020,all,15740,7238.603979063034,13060.02666413784,21886.705495595932,37109.80455458164,78296.62104362101
volume|2018|0|all,20,2020,container,2212,2723.7644803524017,7965.637310683727,13598.458556473255,54598.749888300896,192137.17807319175
volume|2018|0|all,20,2020,bulk,6573,10708.684447479249,18048.00091600418,24005.077629089355,37425.41845226288,60382.876558494594
volume|2018|0|all,20,2020,tanker,3944,6235.280178833008,11316.86473429203,18948.498051166534,30762.617922186848,65285.76433310509
volume|2018|0|all,20,2020,gas,913,9139.374702644349,16476.23992061615,25655.517413139343,47268.55577373505,102654.95986957554
volume|2018|0|all,20,2020,general,1592,6712.460628843309,11735.089040279388,22961.214741259813,40702.68415915966,89890.97888870245
volume|2018|0|all,20,2020,roro,506,9001.82790696621,13766.19264960289,21555.783784270287,34473.72959303856,102213.48418484628
volume|2018|0|all,20,2021,all,16620,7583.608414268493,13215.134538769722,22299.111822366714,37797.139160871506,81121.48737533097
volume|2018|0|all,20,2021,container,2505,3238.0341382026672,8515.40345954895,13757.01007270813,51533.27672320604,194334.7509191513
volume|2018|0|all,20,2021,bulk,6773,11788.98787689209,18679.395051002502,24878.210218429565,38377.78779888153,61991.25485515595
volume|2018|0|all,20,2021,tanker,4085,6083.233949425818,10937.731789708138,19078.80800056457,31113.802757263184,64214.33685117065
volume|2018|0|all,20,2021,gas,977,10385.041033248604,17104.792498230934,26823.546152114868,53990.5032749176,114871.4906585693
volume|2018|0|all,20,2021,general,1751,7842.84423160553,12318.409851193428,21396.03172683716,40698.856833934784,87550.14856624603
volume|2018|0|all,20,2021,roro,529,8491.19098608494,14207.205413535235,22376.73016738892,35432.008685946465,91507.45575877426
volume|2018|0|all,20,2022,all,17691,6914.206290602684,12684.14899301529,21429.06065845489,36729.98116803169,80337.39409732819
volume|2018|0|all,20,2022,container,2890,3468.756441497803,8249.218090057373,13724.751334667206,42118.669950813055,186128.55848402972
volume|2018|0|all,20,2022,bulk,7090,10705.548799037933,17775.419212818146,23905.899537086487,36767.08760213852,59425.76017813684
volume|2018|0|all,20,2022,tanker,4229,5897.738374710083,10796.348439216614,18340.122393608093,31169.84708595276,66709.53733999732
volume|2018|0|all,20,2022,gas,991,10006.06332206726,16937.784587860107,26634.773270606995,57835.27180480957,116923.1672577858
volume|2018|0|all,20,2022,general,1884,7237.159026479721,11536.45904019475,20651.029847860336,39710.629269480705,87255.18416602613
volume|2018|0|all,20,2022,roro,607,7694.772124862671,13609.32404088974,20976.277503490448,34489.80165685713,90644.12298769352
volume|2018|0|all,20,2023,all,17714,6903.043451976777,12658.376450300217,21474.635653972626,37426.68627786636,80735.68927855502
volume|2018|0|all,20,2023,container,2948,3219.0886571884153,7982.581110596657,15230.429769515991,50197.3567074649,171408.839942983
volume|2018|0|all,20,2023,bulk,7061,9962.86644512415,17445.35015106201,23428.28924369812,36066.95190477371,58168.115027070045
volume|2018|0|all,20,2023,tanker,4262,6327.39092335701,10879.121832489967,18306.43133509159,32069.056728720665,68997.59357032776
volume|2018|0|all,20,2023,gas,993,10830.340313339235,17150.25679588318,29079.66212177277,59277.72516822815,115586.11796340952
volume|2018|0|all,20,2023,general,1849,7197.502893257141,11915.689988613129,21761.95948910713,40891.937368392944,86073.9865901947
volume|2018|0|all,20,2023,roro,601,8886.455863714218,13901.428659439089,20992.170345783237,34977.47461748123,97311.19188308716
volume|2018|0|all,20,2024,all,16746,6811.327285319567,13149.857643067837,22421.712691783905,39700.280470252044,81195.70123171806
volume|2018|0|all,20,2024,container,2715,3327.6741273880016,8742.527881860733,17621.44677734375,58580.75952601433,164571.5431274414
volume|2018|0|all,20,2024,bulk,6665,10242.843951988221,17736.30788421631,24193.131267547607,37471.31425476074,59908.512844991696
volume|2018|0|all,20,2024,tanker,4087,5487.887149715424,10939.304628610611,19154.21637248993,33949.09144067764,69490.98983345032
volume|2018|0|all,20,2024,gas,951,10047.907973766329,18044.369692325592,33604.03929400444,68098.88012585044,116784.87902545927
volume|2018|0|all,20,2024,general,1767,7042.372981107235,11825.822110414505,22240.90640449524,41543.224844515324,83561.65617504121
volume|2018|0|all,20,2024,roro,561,10600.252785742285,15699.11777961254,22235.099543571472,39450.650173187256,104038.39328289032
volume|2018|0|all,20,2025,all,17006,7043.261194229126,13387.483299732208,22498.557779103518,37899.54889500141,72613.30361711979
volume|2018|0|all,20,2025,container,2779,3722.185060501098,9093.237867116928,18431.053268432617,55267.665101110935,141060.30393943805
volume|2018|0|all,20,2025,bulk,6820,10458.953848946654,17836.99771118164,24066.1365596056,36654.822295606136,55924.45226612092
volume|2018|0|all,20,2025,tanker,4099,5392.983617687226,10996.96704339981,19092.393500328064,32283.84373164177,61572.14197483064
volume|2018|0|all,20,2025,gas,951,9636.156620025637,17946.011178016663,32150.35403060913,61406.2286028862,106925.02826333046
volume|2018|0|all,20,2025,general,1769,7583.808993846178,12237.749926567078,21994.257093191147,37805.28319185972,73583.95289306642
volume|2018|0|all,20,2025,roro,588,9062.571363472938,15570.932172447445,22708.882376909256,36376.58299064636,86320.95347228063
volume|2018|0|bulk,20,2018,all,15321,8301.15764784813,15957.226501464844,24597.831794023517,44047.61653757095,100087.65626442432
volume|2018|0|bulk,20,2018,container,2234,6252.510756134987,15607.545953273773,29429.55177545548,101378.32530212402,216493.40821738247
volume|2018|0|bulk,20,2018,bulk,6294,7933.552698421478,15165.493372201921,21835.35747256875,32299.970947623253,49609.84971611499
volume|2018|0|bulk,20,2018,tanker,3798,7902.561930656433,15148.338879108429,24811.69009065628,42860.31386113167,80621.3415342808
volume|2018|0|bulk,20,2018,gas,820,10802.133069086074,18261.273366689682,34249.3961147964,66302.44067013264,124851.85550279618
volume|2018|0|bulk,20,2018,general,1646,9752.917621850967,17539.636936187744,30847.31818717718,69282.8711848706,159977.65573030338
volume|2018|0|bulk,20,2018,roro,529,16178.281151580812,26303.406009197235,41053.83325242996,86496.0214715004,213864.5857161999
volume|2018|0|bulk,20,2019,all,15502,9262.134896111489,17690.135441064835,27877.572764873505,54072.01333361863,123790.4055269122
volume|2018|0|bulk,20,2019,container,2209,7989.732226848603,17705.244018554688,42387.08348965645,135990.26791918278,261313.22526898683
volume|2018|0|bulk,20,2019,bulk,6371,8688.283288955688,16764.93363428116,23678.29363155365,37663.12376213074,57994.724539756775
volume|2018|0|bulk,20,2019,tanker,3924,8775.440401649475,16788.979748293757,28060.08399248123,52106.10053217412,97558.11639695188
volume|2018|0|bulk,20,2019,gas,874,13498.205691188574,22983.552191138264,41087.68296813965,82728.71018218994,167276.26611459255
volume|2018|0|bulk,20,2019,general,1607,11866.685243606567,21148.593865394592,38483.41893863678,90601.85692238808,188585.84687709817
volume|2018|0|bulk,20,2019,roro,517,19538.320348739624,29602.4837975502,46596.631465911865,122350.887234807,283743.45083916193
volume|2018|0|bulk,20,2020,all,15740,9160.210150706767,17601.730058670044,27233.483954429626,54912.07916903496,140114.34955758453
volume|2018|0|bulk,20,2020,container,2212,8017.880704951287,16587.972920179367,39810.718534469604,157615.0651410818,290593.5102586985
volume|2018|0|bulk,20,2020,bulk,6573,8935.987324523927,16900.293130874634,23579.622314691544,36621.48293590546,57818.735408020024
volume|2018|0|bulk,20,2020,tanker,3944,8424.459297370911,16259.300329834223,26933.759824991226,54322.58872437477,111896.22529525764
volume|2018|0|bulk,20,2020,gas,913,13901.232771861554,22924.87696552277,42298.65210914612,85326.32415485382,188266.83226280226
volume|2018|0|bulk,20,2020,general,1592,11606.031793785096,20915.413456737995,40119.18352200836,102791.76417398197,215027.06429595948
volume|2018|0|bulk,20,2020,roro,506,17667.097819805145,27345.739890158176,46971.2536149621,128530.45443611128,332151.0264663696
volume|2018|0|bulk,20,2021,all,16620,9940.692128944396,17866.209893226624,28292.258170604706,57110.024743795395,148641.02967596057
volume|2018|0|bulk,20,2021,container,2505,8943.586840820313,18781.50786972046,41687.45567941666,160863.56020402908,291580.72547607415
volume|2018|0|bulk,20,2021,bulk,6773,10248.779664623737,17604.04555797577,24192.831009864807,37757.51092815399,60519.95125923157
volume|2018|0|bulk,20,2021,tanker,4085,7854.495371437073,15684.59604883194,27657.90853881836,55327.705270290375,117689.99036712646
volume|2018|0|bulk,20,2021,gas,977,15905.014088821414,25092.9457116127,46843.95785045624,99627.5311574936,199873.02789722788
volume|2018|0|bulk,20,2021,general,1751,12782.90849930048,21463.114492416382,38454.12671661377,102064.08219920471,215359.52361631396
volume|2018|0|bulk,20,2021,roro,529,17534.45330104828,27987.16568994522,46279.66675209999,135561.13794374466,362053.8793972492
volume|2018|0|bulk,20,2022,all,17691,9507.818658351898,17712.937647342682,27719.483572006226,56429.807819366455,146689.59280061722
volume|2018|0|bulk,20,2022,container,2890,7505.90602376461,15316.730306461453,33242.359674692154,143849.14057159424,279223.75399174687
volume|2018|0|bulk,20,2022,bulk,7090,10134.302402201296,17664.37319946289,24234.053852558136,37810.35683977604,59964.98943233495
volume|2018|0|bulk,20,2022,tanker,4229,7894.299244785309,15709.133684158323,27449.25089979172,55129.94086694717,117363.75957012187
volume|2018|0|bulk,20,2022,gas,991,13801.24154163897,23217.481857776642,54621.69739246368,112293.37580144405,207175.40858364105
volume|2018|0|bulk,20,2022,general,1884,12370.400340527296,21451.911762714386,36784.962576031685,94971.14714471996,213124.18093152047
volume|2018|0|bulk,20,2022,roro,607,16400.183985996246,26968.512966632843,44915.42764043808,120606.01891595125,323058.5562439918
volume|2018|0|bulk,20,2023,all,17714,9302.490357494355,17554.0691075325,27574.619905233383,56553.306467950344,143687.03777432442
volume|2018|0|bulk,20,2023,container,2948,7054.799519109726,15470.107930094002,35161.41622757912,140142.00266629457,266713.0089884043
volume|2018|0|bulk,20,2023,bulk,7061,9832.33289051056,17394.748812675476,23566.83954238892,35966.28190803528,58946.27810782194
volume|2018|0|bulk,20,2023,tanker,4262,8069.638908410073,15695.921500563622,28045.989670276642,55437.99197411537,115377.96356389525
volume|2018|0|bulk,20,2023,gas,993,13812.237723445893,23977.59082698822,52870.54692173004,115819.0925974846,205397.65321884162
volume|2018|0|bulk,20,2023,general,1849,12494.05061893761,21640.94756269455,36846.20975780487,91411.0610704422,203371.38111553193
volume|2018|0|bulk,20,2023,roro,601,16397.48269176483,27485.75056231022,45113.72403526306,118296.48867416382,311654.9751980975
volume|2018|0|bulk,20,2024,all,16746,9111.102690458298,17480.868484139442,27632.95355796814,55977.1821038723,132630.8844023943
volume|2018|0|bulk,20,2024,container,2715,7095.21312122345,15599.316491127014,37335.68031692505,128958.07323994488,256771.56298999788
volume|2018|0|bulk,20,2024,bulk,6665,9829.063903427124,17446.984389305115,23564.179881095886,35755.31913280487,58958.73786695004
volume|2018|0|bulk,20,2024,tanker,4087,6957.775352096558,14743.638274669647,27357.7110568285,53727.799226542,105134.69426488885
volume|2018|0|bulk,20,2024,gas,951,12533.254502296448,24799.19383573532,49562.77871751785,114240.45992660522,188144.05475139615
volume|2018|0|bulk,20,2024,general,1767,11718.219494533538,21362.256115436554,37678.42887878418,86139.86665779352,198044.07283821114
volume|2018|0|bulk,20,2024,roro,561,16553.09502029419,26291.365591049194,44998.65334939957,115487.57378039882,295802.7337292433
volume|2018|0|bulk,20,2025,all,17006,9187.219659924507,17212.507014274597,26578.59234714508,50007.339074611664,113795.50459331274
volume|2018|0|bulk,20,2025,container,2779,7550.942587661743,16225.1970038414,34901.4008910656,106757.41071815789,218515.82969656028
volume|2018|0|bulk,20,2025,bulk,6820,9991.31010079384,17421.33828353882,22973.86386823654,34547.17170333862,52779.82887001039
volume|2018|0|bulk,20,2025,tanker,4099,6759.20685005188,14245.56591463089,26612.79856395721,48303.235147714615,86644.43359208111
volume|2018|0|bulk,20,2025,gas,951,12236.8741979599,23642.940123558044,46251.94500827789,94891.18299341202,165265.4075946808
volume|2018|0|bulk,20,2025,general,1769,11362.115010833742,20237.421295166016,33591.904903411865,72343.08730143309,176262.03849458703
volume|2018|0|bulk,20,2025,roro,588,16015.400793886183,26983.145546853542,41378.567145586014,97275.37499815226,265543.36359745887
volume|2018|0|container,20,2018,all,15321,7215.613723754883,15130.526737451552,27531.50361442566,47889.571794986725,89082.00849485397
volume|2018|0|container,20,2018,container,2234,2646.1673800468448,7893.028727173805,13548.8672580719,33540.084984242916,152611.63946921827
volume|2018|0|container,20,2018,bulk,6294,11995.642710876467,21460.921535253525,31223.40118908882,47444.97327756882,72906.40420093536
volume|2018|0|container,20,2018,tanker,3798,6867.14373626709,14664.763528704643,27422.527859270573,48609.59343403577,86511.39337525368
volume|2018|0|container,20,2018,gas,820,10938.668941922486,21134.51822435856,39486.441602796316,71022.62259292603,144005.06822500232
volume|2018|0|container,20,2018,general,1646,6655.125681489706,12106.793747544289,24734.344333171844,44916.779118299484,95843.29490423203
volume|2018|0|container,20,2018,roro,529,9216.481447029113,15641.564396858215,26187.491636514664,41849.79697608948,113220.82789234514
volume|2018|0|container,20,2019,all,15502,8140.205273532869,17464.916369199753,32211.12516450882,58401.757304906845,105624.53534789087
volume|2018|0|container,20,2019,container,2209,2729.039947605133,8355.470160007477,16443.649915456772,63228.69807135686,189266.84190032491
volume|2018|0|container,20,2019,bulk,6371,12952.524125099182,23202.950785160065,35577.96079778671,55717.86156606674,85226.33922195435
volume|2018|0|container,20,2019,tanker,3924,8077.656980228425,16317.037506103516,31815.121118307114,58228.57052052021,98479.61689803607
volume|2018|0|container,20,2019,gas,874,13269.06815724373,25109.788825452328,49004.035614572465,92312.30591726303,174855.85427188876
volume|2018|0|container,20,2019,general,1607,7273.915405273438,13616.066606521606,30486.15352535248,58874.67964172363,112862.21099832065
volume|2018|0|container,20,2019,roro,517,9542.718117833138,20718.856335639957,30053.48749756813,50053.69389629364,149921.93103046424
volume|2018|0|container,20,2020,all,15740,8331.730315685272,17921.11136674881,31529.65230178833,59996.66243100166,116269.46895422935
volume|2018|0|container,20,2020,container,2212,2362.0571455001837,7327.574012637138,15578.564667463303,62293.173491925,212033.99458544256
volume|2018|0|container,20,2020,bulk,6573,14783.391105073693,23436.015434265137,34967.26993465424,55976.84520578384,89776.09044246674
volume|2018|0|container,20,2020,tanker,3944,8268.179805982114,16157.595324635506,29933.53908771649,60235.71097314358,109816.50294284824
volume|2018|0|container,20,2020,gas,913,15158.77706050873,27105.98325157165,51097.76487839222,99544.3059387207,189220.87757644677
volume|2018|0|container,20,2020,general,1592,6895.312952661515,13885.63589483127,29661.716158285737,63214.20814156532,123178.61810169819
volume|2018|0|container,20,2020,roro,506,9690.715693801641,18255.068972229958,29373.057919979095,48664.839056164026,174758.2928788662
volume|2018|0|container,20,2021,all,16620,8633.71570916772,17889.51882982254,32584.924270629883,59930.497795343406,119857.35303506852
volume|2018|0|container,20,2021,container,2505,2738.7654388427736,7835.401827335358,15604.4143075943,59037.74673140049,214366.87814691046
volume|2018|0|container,20,2021,bulk,6773,15791.590023231507,24358.31750392914,36985.89255094528,57114.83858251572,90767.12161159517
volume|2018|0|container,20,2021,tanker,4085,7808.754426670074,15648.30335521698,29693.777005195618,58357.25501346588,114399.79269638061
volume|2018|0|container,20,2021,gas,977,17605.624984741215,30292.71321976185,57206.99448108673,107968.51789093018,199107.41188867166
volume|2018|0|container,20,2021,general,1751,8069.780290603638,14085.40877699852,27732.20868206024,58994.2866345942,124103.70519912244
volume|2018|0|container,20,2021,roro,529,10333.381094980243,18383.669635772705,29941.27334690094,49189.4734582901,178577.04308907976
volume|2018|0|container,20,2022,all,17691,7393.479311466217,16803.563101947308,30506.22376084328,57914.343734264374,117451.72089385986
volume|2018|0|container,20,2022,container,2890,2729.5465438365936,5945.013414621353,15335.080793976784,43902.58308279514,203874.05086872427
volume|2018|0|container,20,2022,bulk,7090,14456.8203707397,23527.86318099499,35530.574086621404,55299.96608006954,87519.47188527584
volume|2018|0|container,20,2022,tanker,4229,7020.817459487915,15340.34601211548,29138.13277053833,58611.68573570252,117474.23092679982
volume|2018|0|container,20,2022,gas,991,15747.3713722229,30147.533459424973,57976.21373653412,105761.67005181313,199984.8996105194
volume|2018|0|container,20,2022,general,1884,7639.55241765976,13012.199285052717,26722.895749092102,53368.40679387003,123869.02301999336
volume|2018|0|container,20,2022,roro,607,8766.6739587605,16884.776463270187,28309.22116422653,48148.71950002015,139084.77995433807
volume|2018|0|container,20,2023,all,17714,7344.846272289754,16582.276954218745,30213.523800611496,57245.35063314438,117925.47184686671
volume|2018|0|container,20,2023,container,2948,2709.4901864051817,5974.155379340053,16426.27317714691,51565.00024296343,199366.3388567985
volume|2018|0|container,20,2023,bulk,7061,13444.68594646454,22803.047248601917,34017.25662517548,53513.46931910515,84677.3844704628
volume|2018|0|container,20,2023,tanker,4262,7260.468648314476,15670.068839281797,28742.270010471344,59074.366565704346,118495.70621905329
volume|2018|0|container,20,2023,gas,993,17004.217642593383,32221.020503997803,56864.60946083069,109170.30383872986,197738.2248867035
volume|2018|0|container,20,2023,general,1849,7269.669017982483,12924.138610839844,27861.41646289825,54987.71991634369,124622.5045491934
volume|2018|0|container,20,2023,roro,601,9953.58528804779,16197.62824344635,27782.86187839508,49455.70826148987,147763.9755655527
volume|2018|0|container,20,2024,all,16746,7294.12668081373,16629.323393166065,31235.979465723038,59045.89754807949,115967.22546172142
volume|2018|0|container,20,2024,container,2715,2750.6315356969835,6684.14565038681,16808.872829437256,58035.85641312599,191817.20182996092
volume|2018|0|container,20,2024,bulk,6665,13172.777904510498,22814.164034843445,34689.548151016235,55050.968890190125,84262.23737258917
volume|2018|0|container,20,2024,tanker,4087,6498.79505200386,15273.816534757614,30133.27196073532,60026.951008319855,115931.3735411644
volume|2018|0|container,20,2024,gas,951,17895.609483718872,33076.74192094803,60081.24459075928,106932.20545625687,193566.8690252304
volume|2018|0|container,20,2024,general,1767,6970.460265350342,13027.36312443018,26955.844452619556,55947.94618368149,119514.54674544338
volume|2018|0|container,20,2024,roro,561,10892.158559799194,18817.28966331482,28468.168404102325,51453.52871203423,165935.84583246708
volume|2018|0|container,20,2025,all,17006,7541.506467103958,16836.037630081177,30849.33578824997,54608.772112041705,100490.14407157898
volume|2018|0|container,20,2025,container,2779,2939.3801313400268,7637.6039481163025,18415.06924343109,52827.81942784786,159411.09494673612
volume|2018|0|container,20,2025,bulk,6820,13287.144097936154,22864.59866583347,34720.706439971924,51862.15347737074,77189.44759216321
volume|2018|0|container,20,2025,tanker,4099,6219.667516565323,15129.422205686567,28900.499302864075,54466.80090880394,100983.70218276978
volume|2018|0|container,20,2025,gas,951,14168.995839118958,32005.719138860703,55501.09175205231,95651.84218168259,174940.64384555817
volume|2018|0|container,20,2025,general,1769,7838.233953857422,13637.67720425129,26973.911450386047,50702.3589887619,108269.8591082573
volume|2018|0|container,20,2025,roro,588,9855.972782182695,18640.58409154415,28684.2120988369,48064.80339103937,143886.05509047527
volume|2019|0|all,20,2018,all,15321,6291.009890556335,11737.931232452393,20233.11684691906,32469.40957736969,59358.94420647621
volume|2019|0|all,20,2018,container,2234,2864.235074591637,6721.688779652119,11872.490651130676,24600.43372321129,121131.09197006823
volume|2019|0|all,20,2018,bulk,6294,9311.643106460571,16663.608427762985,22878.36654162407,34835.04018056393,53412.6842400074
volume|2019|0|all,20,2018,tanker,3798,5446.150187909605,10357.495015025139,17369.32287287712,27569.105468988422,49407.61954505446
volume|2019|0|all,20,2018,gas,820,7167.938417959213,12971.439904332161,21072.447389543056,39340.980166547,71861.3226027012
volume|2019|0|all,20,2018,general,1646,6730.712427772582,11284.379660248756,19589.070054531097,32792.91326904297,63856.15658187866
volume|2019|0|all,20,2018,roro,529,9642.349607372284,13812.35410118103,21454.229593276978,30474.23638820648,69175.79295310973
volume|2019|0|all,20,2019,all,15502,6774.051896381378,12688.077037811277,21993.184951722622,38119.75195200741,73184.38326559067
volume|2019|0|all,20,2019,container,2209,2922.289187288284,7114.412736415863,13004.992938101292,47205.68519091606,157064.69832584859
volume|2019|0|all,20,2019,bulk,6371,10024.804050445557,17934.42405319214,24843.48628854752,39392.18786621094,61278.2498664856
volume|2019|0|all,20,2019,tanker,3924,6078.886084723473,10955.012750208378,19098.750306606293,32289.91125333309,60317.97285628326
volume|2019|0|all,20,2019,gas,874,8256.480009174347,14627.92148900032,23661.724608421326,44872.20484828949,93608.00495700844
volume|2019|0|all,20,2019,general,1607,7300.7206787467,12779.850595384836,22931.31455230713,41195.05504274368,85817.76195392612
volume|2019|0|all,20,2019,roro,517,9456.85954465866,14919.602704048157,22967.05633723736,36358.17420387268,97027.7393479348
volume|2019|0|all,20,2020,all,15740,6813.033440834284,12888.768197357656,21802.39545816183,37079.53217740357,78598.83051452642
volume|2019|0|all,20,2020,container,2212,2704.423888683319,7425.784999281168,12889.198956489565,47597.872242704034,186497.22181193833
volume|2019|0|all,20,2020,bulk,6573,10769.140909570455,18232.904331207275,24312.464618206024,38100.890063762665,61804.015947532665
volume|2019|0|all,20,2020,tanker,3944,5794.039303159714,10878.401911377909,18398.262365341187,29986.7956148386,64868.739726448075
volume|2019|0|all,20,2020,gas,913,8862.118639373779,16179.482504844666,25210.140194892883,46129.98240876198,101223.42491607666
volume|2019|0|all,20,2020,general,1592,6899.96400051117,12206.417304962873,23181.356992721558,40937.352823376656,91141.91976752285
volume|2019|0|all,20,2020,roro,506,9481.422500669956,13950.527535319328,22358.107780456543,35648.42315006257,106873.18361151218
volume|2019|0|all,20,2021,all,16620,7276.102655994892,13001.739686693996,22202.094621181488,37940.835719794035,81625.23445940019
volume|2019|0|all,20,2021,container,2505,3083.84623529911,7839.838916540146,12920.645922660828,45926.90303230286,190401.1592900753
volume|2019|0|all,20,2021,bulk,6773,11850.556795501709,18874.8332157135,25302.214668512344,39341.42306518555,63724.24555597306
volume|2019|0|all,20,2021,tanker,4085,5791.021940422059,10468.202898025513,18429.13061618805,30314.871021032333,62623.224129104616
volume|2019|0|all,20,2021,gas,977,10224.078896331786,17273.461192131042,27479.49281740189,53498.527658462524,112509.33014221191
volume|2019|0|all,20,2021,general,1751,7895.842719078064,12527.68430942297,21579.88834762573,40957.19460391998,88581.66666388512
volume|2019|0|all,20,2021,roro,529,9217.506130623819,15012.812193870544,23240.62035512924,35995.25873994827,101600.17825956341
volume|2019|0|all,20,2022,all,17691,6550.19415974617,12436.794941067696,21230.59750843048,36762.25484085083,80458.21393489838
volume|2019|0|all,20,2022,container,2890,3161.776064467431,7410.564908385277,12743.61197423935,33779.11434838176,180878.69321851578
volume|2019|0|all,20,2022,bulk,7090,10791.968030524253,17867.161217808723,24248.703058242798,37611.27198576927,61696.20323667532
volume|2019|0|all,20,2022,tanker,4229,5553.3756043672565,10309.964547634125,17746.071899414062,29951.632379055023,64752.53583531385
volume|2019|0|all,20,2022,gas,991,9907.705493569374,16564.360317230225,27346.35411450267,57492.67586994171,115802.446048975
volume|2019|0|all,20,2022,general,1884,7421.04905962944,11951.606462165713,20994.6490483284,39948.1127089262,87472.07527916507
volume|2019|0|all,20,2022,roro,607,8424.23976726532,13917.39933848381,21349.451509475708,35467.1291230917,95957.15690048931
volume|2019|0|all,20,2023,all,17714,6568.854249858856,12381.586929321287,21335.845332086086,37417.49816322327,80155.77349328998
volume|2019|0|all,20,2023,container,2948,3051.2614183425903,7409.044067032635,13792.939711093903,43617.20285703241,168622.1183288694
volume|2019|0|all,20,2023,bulk,7061,9990.803353309631,17594.246958732605,23627.240056991577,36735.43124008179,59397.764536857605
volume|2019|0|all,20,2023,tanker,4262,5784.078054708242,10321.716823458672,17894.846178621054,30733.343681886792,68101.57291398049
volume|2019|0|all,20,2023,gas,993,10493.757859086993,17161.5527677536,29160.70356655121,56863.77607631683,112439.29912796029
volume|2019|0|all,20,2023,general,1849,7197.502893257141,12129.450436629357,21899.24344444275,41264.89334106445,86073.9865901947
volume|2019|0|all,20,2023,roro,601,9722.416806399822,14879.516257286072,22135.21005058289,35576.46969413757,104122.18615484238
volume|2019|0|all,20,2024,all,16746,6451.274649620056,12847.716105639935,22174.440431952477,39468.371624469764,80507.28277373314
volume|2019|0|all,20,2024,container,2715,3189.280234050751,7707.906181335449,15351.31353855133,51627.422411203384,160534.1061609104
volume|2019|0|all,20,2024,bulk,6665,10358.458877754212,17852.407407283783,24443.55738067627,38288.23102474213,61028.70146846774
volume|2019|0|all,20,2024,tanker,4087,5314.300483894348,10364.947979927063,18431.220047056675,33218.78520011902,69214.0672220707
volume|2019|0|all,20,2024,gas,951,9619.028904676436,17833.736303329468,33388.45369911194,65809.11393779516,116377.9329805374
volume|2019|0|all,20,2024,general,1767,7042.372981107235,11881.323122657835,22240.90640449524,41884.92309427261,83944.42409210211
volume|2019|0|all,20,2024,roro,561,11358.285068511965,16075.106186389923,22890.490038871765,40274.63490962982,114725.41967618464
volume|2019|0|all,20,2025,all,17006,6715.4948654174805,13036.165045499802,22220.46032524109,37646.60644707829,71824.71619963646
volume|2019|0|all,20,2025,container,2779,3516.4248257160184,8535.033459424973,16245.895208358765,50333.34843540192,136113.67487735755
volume|2019|0|all,20,2025,bulk,6820,10527.921963795276,17862.861083984375,24403.283039093018,37161.675619065754,56703.54314028621
volume|2019|0|all,20,2025,tanker,4099,5092.16236410141,10518.31875693798,18482.342574119568,30952.521436929703,60953.08116064074
volume|2019|0|all,20,2025,gas,951,9508.868139266968,17764.33251810074,31630.021092414856,60711.55299472809,103097.9091551304
volume|2019|0|all,20,2025,general,1769,7734.517077445984,12323.8230509758,21973.149653434757,37752.37522697449,73786.28867335319
volume|2019|0|all,20,2025,roro,588,9804.621134233475,16063.603129863737,23193.48034799099,37594.24996545911,98933.65301667461
volume|2019|0|bulk,20,2018,all,15321,7834.510627031326,15332.93165397644,24315.056106090546,43989.40545463562,97498.83802223206
volume|2019|0|bulk,20,2018,container,2234,4756.121227765084,13229.582551002502,24566.59561920166,94368.91433012486,215438.17989289763
volume|2019|0|bulk,20,2018,bulk,6294,7804.163643211125,14768.505151271818,21736.860877513885,31764.18988263607,48854.97068500519
volume|2019|0|bulk,20,2018,tanker,3798,7754.518900704384,15640.901061415672,25999.849361419678,46740.572118759155,89209.83736257556
volume|2019|0|bulk,20,2018,gas,820,11693.075145173074,18396.303544044495,34211.26684126258,63744.43151426315,124052.8342284009
volume|2019|0|bulk,20,2018,general,1646,9170.967294692993,16365.014381349089,29322.159886479378,66517.59864461422,161164.4923312664
volume|2019|0|bulk,20,2018,roro,529,14005.972628450394,25439.659902334213,40035.06490802765,83621.6554710865,201632.39554796214
volume|2019|0|bulk,20,2019,all,15502,8575.83274921179,17293.009034991264,27696.15347409621,53824.730501651764,122569.16174293753
volume|2019|0|bulk,20,2019,container,2209,5782.944028663636,14980.053939819336,32889.63467025757,129836.348903656,267128.84685635567
volume|2019|0|bulk,20,2019,bulk,6371,7862.513097047806,16074.88880109787,23330.30759358406,37054.79753255844,56256.504057884216
volume|2019|0|bulk,20,2019,tanker,3924,8465.893619081378,17159.831433296204,30093.27559107542,56696.60718882084,106423.84424934388
volume|2019|0|bulk,20,2019,gas,874,14306.121432638174,23524.280599296093,41182.81840991974,80809.38695055246,166170.30196763278
volume|2019|0|bulk,20,2019,general,1607,10823.851591873168,20083.381452560425,37446.7348947525,85742.21505403519,190708.89318199197
volume|2019|0|bulk,20,2019,roro,517,17022.902363729478,28997.82207673788,45256.69424039125,113632.79012617467,253466.79564213753
volume|2019|0|bulk,20,2020,all,15740,8605.345166659356,17256.91268146038,27156.13573539257,55071.71726677567,138516.04000046256
volume|2019|0|bulk,20,2020,container,2212,4719.527643013002,13485.089353978634,28935.620811104774,144692.79657107592,290424.7537372835
volume|2019|0|bulk,20,2020,bulk,6573,8674.179735469817,16591.971163749695,23610.152523756027,36507.71545481682,56801.46927356719
volume|2019|0|bulk,20,2020,tanker,3944,8186.078939580918,16569.876206755638,28380.923867225647,60059.97737312317,123118.10565249922
volume|2019|0|bulk,20,2020,gas,913,14470.155927467347,23712.138644218445,43462.09815323353,85326.32415485382,186455.13315010074
volume|2019|0|bulk,20,2020,general,1592,10484.600848484042,20245.895048975945,39104.67196261883,97681.26496172696,216621.42614440923
volume|2019|0|bulk,20,2020,roro,506,16303.183991074562,26558.57399082184,45440.639268159866,118093.14822912216,287466.8031537533
volume|2019|0|bulk,20,2021,all,16620,9556.12958934307,17791.95278698206,28260.855756402016,57480.39957034587,148384.073708582
volume|2019|0|bulk,20,2021,container,2505,6476.067726564407,14779.215000152588,30092.344963550568,154711.90840363505,292823.82127084717
volume|2019|0|bulk,20,2021,bulk,6773,10096.922358131409,17737.38188648224,24442.75345993042,38559.33865642548,60195.999504947664
volume|2019|0|bulk,20,2021,tanker,4085,7790.736914539338,15845.155230283735,29147.72025537491,61037.43441402912,128512.96744823454
volume|2019|0|bulk,20,2021,gas,977,16634.4874253273,26456.11356249452,49768.98886489868,101627.61334943771,200661.05084753036
volume|2019|0|bulk,20,2021,general,1751,12091.564334869385,20955.90381360054,37678.39050269127,99159.68495082855,218082.47339725491
volume|2019|0|bulk,20,2021,roro,529,17094.221225744484,27100.193293094635,44367.8701637201,125807.35097789764,343206.35287328355
volume|2019|0|bulk,20,2022,all,17691,8841.263780474663,17441.816574811935,27720.239862442017,57053.27326130867,146467.12147808075
volume|2019|0|bulk,20,2022,container,2890,5521.120246815682,12610.149951070547,24030.848271608353,133070.6676119566,278864.94756689965
volume|2019|0|bulk,20,2022,bulk,7090,9666.56769490242,17822.33962532878,24654.742896556854,38583.55527955294,60465.1535707474
volume|2019|0|bulk,20,2022,tanker,4229,7589.408154773712,15898.924158096312,28628.860076904297,59873.561671733856,127643.1601788521
volume|2019|0|bulk,20,2022,gas,991,14773.57091140747,25102.787918925285,56825.978487968445,113741.13518154621,206040.0517148972
volume|2019|0|bulk,20,2022,general,1884,11837.404752063752,20601.398699373007,37057.479328498244,97443.23659060104,216118.64448975326
volume|2019|0|bulk,20,2022,roro,607,15146.572610569,26615.488384246826,43894.11390042305,114776.61934018135,311731.48282202927
volume|2019|0|bulk,20,2023,all,17714,8486.848237991333,17238.138837575912,27929.751625418663,58448.610476255424,145776.5454605222
volume|2019|0|bulk,20,2023,container,2948,5412.860747337341,13288.197258353232,28360.149698495865,134996.0911794603,266851.6319798351
volume|2019|0|bulk,20,2023,bulk,7061,8829.361153364182,17344.915184020996,23841.2160320282,37083.73622369766,60262.89923739433
volume|2019|0|bulk,20,2023,tanker,4262,7824.248261547089,16075.289593935015,29372.832484841347,61830.49552977085,127655.71988453866
volume|2019|0|bulk,20,2023,gas,993,15429.85844706893,25257.996489286423,55405.67062473297,119432.84281635284,206023.56331653602
volume|2019|0|bulk,20,2023,general,1849,10891.705576984585,20334.165844082832,37406.80471229553,97569.59911251068,213389.63558349613
volume|2019|0|bulk,20,2023,roro,601,15335.426431655884,26565.608514532447,44367.8701637201,115739.8681397438,304310.2347404361
volume|2019|0|bulk,20,2024,all,16746,8470.866296768188,17167.455684185028,27854.814243793488,58436.4701282084,136761.55315563083
volume|2019|0|bulk,20,2024,container,2715,5640.418266296387,13691.03726863861,32229.740263462067,125299.59707474709,252235.52407635446
volume|2019|0|bulk,20,2024,bulk,6665,9260.735460948947,17350.390175819397,23698.873343467712,37155.90592217445,61140.803943538675
volume|2019|0|bulk,20,2024,tanker,4087,6850.633036899567,14790.629697799683,28680.06503200531,59513.39327430725,117323.99748840333
volume|2019|0|bulk,20,2024,gas,951,13210.46160301566,25819.57398366928,54369.62880039215,119880.51051175594,192558.7906141281
volume|2019|0|bulk,20,2024,general,1767,10807.130045413973,20731.50695209205,38247.447034835815,95000.2461232543,203276.14830932615
volume|2019|0|bulk,20,2024,roro,561,16413.505783081055,25831.095647096638,44193.75110459328,114806.51702070236,285188.8896262646
volume|2019|0|bulk,20,2025,all,17006,8532.245255947113,16897.521932065487,27038.077548503876,52128.22552216053,116558.07451677322
volume|2019|0|bulk,20,2025,container,2779,6285.792422246933,14483.88010919094,31166.46003627777,105656.79895949364,216219.85897674595
volume|2019|0|bulk,20,2025,bulk,6820,9329.847112464906,17288.4068197608,23130.42853140831,35557.794420480735,54929.107756805424
volume|2019|0|bulk,20,2025,tanker,4099,6534.436650657654,14382.223598718643,28008.35325050354,53020.35358905792,101962.87970104218
volume|2019|0|bulk,20,2025,gas,951,12818.468336105348,24542.430426716805,49224.609869003296,100420.00269925594,172428.99797916412
volume|2019|0|bulk,20,2025,general,1769,10855.975260353089,19577.582502365112,34232.026690006256,78072.82137167454,185559.58597965245
volume|2019|0|bulk,20,2025,roro,588,15385.24997755289,26489.990082718432,40593.29589474201,95823.97194364667,244572.17382235633
volume|2019|0|container,20,2018,all,15321,7180.680833220482,15107.03944683075,27467.721452713013,47738.15065479279,88805.59900414944
volume|2019|0|container,20,2018,container,2234,2539.4959919929506,7821.357165336608,13527.376219272614,33352.23069578409,152410.25399837494
volume|2019|0|container,20,2018,bulk,6294,11931.907587069274,21366.177741348743,31102.95540857315,47098.62821286917,72562.92999995947
volume|2019|0|container,20,2018,tanker,3798,6867.14373626709,14634.389047384264,27416.701885951217,48603.92705512047,86511.39337525368
volume|2019|0|container,20,2018,gas,820,10938.668941922486,20961.554824113846,39408.922415822744,70949.51953697205,144005.06822500232
volume|2019|0|container,20,2018,general,1646,6655.125681489706,12090.472234144807,24757.278883755207,44899.51392054558,95843.29490423203
volume|2019|0|container,20,2018,roro,529,9216.481447029113,15703.936108589172,26211.605845451355,41849.79697608948,113220.82789234514
volume|2019|0|container,20,2019,all,15502,8054.216032910348,17352.91812455654,32141.704851150513,58357.66603350639,105531.42203235626
volume|2019|0|container,20,2019,container,2209,2605.5503244400024,8353.664513111115,16309.746425628662,63167.811515808105,189266.84190032491
volume|2019|0|container,20,2019,bulk,6371,12787.23872756958,23137.64757561684,35343.61192655563,55530.55189824104,84958.95299243927
volume|2019|0|container,20,2019,tanker,3924,7965.42971328497,16279.451303482056,31815.121118307114,58163.27082717419,98479.61689803607
volume|2019|0|container,20,2019,gas,874,13269.06815724373,25210.943787634373,49004.035614572465,92312.30591726303,174855.85427188876
volume|2019|0|container,20,2019,general,1607,7116.131720992924,13353.197103522718,30564.36951446533,59030.47316169739,113332.57302929164
volume|2019|0|container,20,2019,roro,517,9484.222249174118,20718.856335639957,29951.84863758087,50053.69389629364,149921.93103046424
volume|2019|0|container,20,2020,all,15740,8201.60495729819,17886.625723198056,31392.51595366001,59740.84196352959,116066.07587852479
volume|2019|0|container,20,2020,container,2212,2308.4657706260678,7278.598820641636,15460.673883914948,62153.596437484026,212033.99458544256
volume|2019|0|container,20,2020,bulk,6573,14575.33560175896,23337.853895187374,34792.20541667938,55736.18190360069,89585.4575668335
volume|2019|0|container,20,2020,tanker,3944,8232.214175438881,16140.384433031082,29923.59745645523,60224.89562898874,109726.25399131776
volume|2019|0|container,20,2020,gas,913,15063.892337036134,27105.98325157165,51097.76487839222,99544.3059387207,189220.87757644677
volume|2019|0|container,20,2020,general,1592,6775.527913747355,13674.424078702927,29515.879397094253,63138.28904440999,123178.61810169819
volume|2019|0|container,20,2020,roro,506,9690.715693801641,18255.068972229958,29373.057919979095,48664.839056164026,174758.2928788662
volume|2019|0|container,20,2021,all,16620,8464.00977215767,17725.15520656109,32420.006271839142,59590.664589881904,119221.9857200781
volume|2019|0|container,20,2021,container,2505,2590.563470810652,7715.249625146389,15299.235913276672,58228.70328492299,212898.09679508206
volume|2019|0|container,20,2021,bulk,6773,15497.562672805787,24179.020471334457,36761.17546081543,56637.46403455734,90373.67330229282
volume|2019|0|container,20,2021,tanker,4085,7609.053927326203,15571.087426662443,29574.30534887314,58016.84480714798,113279.15362901686
volume|2019|0|container,20,2021,gas,977,17605.624984741215,30237.419050216675,57206.99448108673,107968.51789093018,199107.41188867166
volume|2019|0|container,20,2021,general,1751,7869.316687583923,13653.36832523346,27448.565658569336,58994.2866345942,124048.71025824548
volume|2019|0|container,20,2021,roro,529,9513.91988065243,18187.48004341125,30069.2521648407,49189.4734582901,178577.04308907976
volume|2019|0|container,20,2022,all,17691,7206.2710247039795,16466.561954259872,30224.81136369705,57705.19322285056,116942.85508704184
volume|2019|0|container,20,2022,container,2890,2527.054186153412,5787.581864118576,15045.669674396515,41725.01738721132,201875.98538694376
volume|2019|0|container,20,2022,bulk,7090,14269.639365696908,23406.411180734634,35212.612988471985,54921.6255903244,86897.71807065017
volume|2019|0|container,20,2022,tanker,4229,6966.44245710373,15220.722907543182,29061.076986789703,58412.09656667709,117347.2802105427
volume|2019|0|container,20,2022,gas,991,15546.59465456009,29849.37749147415,57911.5032453537,105761.67005181313,199984.8996105194
volume|2019|0|container,20,2022,general,1884,7218.964802646637,12581.461370944977,26347.578197717667,53259.00512616389,121765.32386363749
volume|2019|0|container,20,2022,roro,607,8637.519425010682,16845.619507551193,28309.22116422653,48148.71950002015,139084.77995433807
volume|2019|0|container,20,2023,all,17714,7166.753322756294,16309.060146450998,29962.915850639343,56876.5300860405,117305.77857114674
volume|2019|0|container,20,2023,container,2948,2503.57608051002,5868.767153441907,15838.16563397646,48688.461503863335,196820.30691136132
volume|2019|0|container,20,2023,bulk,7061,13164.179553985596,22657.040526866916,33671.66904592514,52981.96206855774,84202.80868339539
volume|2019|0|container,20,2023,tanker,4262,7132.747725629807,15516.193221449852,28728.57703256607,58822.37473368645,117814.22462301255
volume|2019|0|container,20,2023,gas,993,16850.350568962098,32166.630346387625,56544.14145541191,109170.30383872986,197738.2248867035
volume|2019|0|container,20,2023,general,1849,7134.410718917847,12602.705458641052,27542.156021118164,54600.53822517395,123951.464068079
volume|2019|0|container,20,2023,roro,601,9953.58528804779,16197.62824344635,27782.86187839508,49455.70826148987,147763.9755655527
volume|2019|0|container,20,2024,all,16746,7127.791970729828,16359.276990175247,30890.658246159554,58485.132794201374,114816.26740473509
volume|2019|0|container,20,2024,container,2715,2545.6062116622925,6419.479890048504,16471.907152175903,55273.78899013996,189457.70891284937
volume|2019|0|container,20,2024,bulk,6665,12831.424236047269,22605.048137664795,34406.1087808609,54517.9259519577,83672.75704960825
volume|2019|0|container,20,2024,tanker,4087,6447.716307005287,15210.126255989075,29886.221314907078,59911.48092293739,115695.06864089966
volume|2019|0|container,20,2024,gas,951,17895.609483718872,33076.74192094803,60062.68894100189,106932.20545625687,193566.8690252304
volume|2019|0|container,20,2024,general,1767,6719.694201555849,12564.436250045896,26628.289896011356,55296.70899284631,118943.42954635626
volume|2019|0|container,20,2024,roro,561,10892.158559799194,18817.28966331482,28468.168404102325,51453.52871203423,165935.84583246708
volume|2019|0|container,20,2025,all,17006,7287.663237094879,16573.529730200768,30522.702573537827,54237.05587530136,99352.40662002563
volume|2019|0|container,20,2025,container,2779,2621.3980768203737,7334.921181827784,18105.608941316605,50168.305326640606,156093.8443645955
volume|2019|0|container,20,2025,bulk,6820,13048.026925468446,22717.265676736835,34323.26308488846,51349.220044612885,76945.44590210916
volume|2019|0|container,20,2025,tanker,4099,6110.344850921631,14973.608774900436,28791.842443704605,54322.438671827316,100443.10088520055
volume|2019|0|container,20,2025,gas,951,14008.538783669472,32005.719138860703,55501.09175205231,95651.84218168259,174940.64384555817
volume|2019|0|container,20,2025,general,1769,7488.9696786880495,13301.35073851794,26572.103917121887,49382.1527428627,105738.52938785557
volume|2019|0|container,20,2025,roro,588,9855.972782182695,18640.58409154415,28684.2120988369,48078.14234864712,143886.05509047527
volume|2020|0|all,20,2018,all,15321,6291.009890556335,11737.931232452393,20233.11684691906,32469.40957736969,59358.94420647621
volume|2020|0|all,20,2018,container,2234,2864.235074591637,6721.688779652119,11872.490651130676,24600.43372321129,121131.09197006823
volume|2020|0|all,20,2018,bulk,6294,9311.643106460571,16663.608427762985,22878.36654162407,34835.04018056393,53412.6842400074
volume|2020|0|all,20,2018,tanker,3798,5446.150187909605,10357.495015025139,17369.32287287712,27569.105468988422,49407.61954505446
volume|2020|0|all,20,2018,gas,820,7167.938417959213,12971.439904332161,21072.447389543056,39340.980166547,71861.3226027012
volume|2020|0|all,20,2018,general,1646,6730.712427772582,11284.379660248756,19589.070054531097,32792.91326904297,63856.15658187866
volume|2020|0|all,20,2018,roro,529,9642.349607372284,13812.35410118103,21454.229593276978,30474.23638820648,69175.79295310973
volume|2020|0|all,20,2019,all,15502,6774.051896381378,12688.077037811277,21993.184951722622,38119.75195200741,73184.38326559067
volume|2020|0|all,20,2019,container,2209,2922.289187288284,7114.412736415863,13004.992938101292,47205.68519091606,157064.69832584859
volume|2020|0|all,20,2019,bulk,6371,10024.804050445557,17934.42405319214,24843.48628854752,39392.18786621094,61278.2498664856
volume|2020|0|all,20,2019,tanker,3924,6078.886084723473,10955.012750208378,19098.750306606293,32289.91125333309,60317.97285628326
volume|2020|0|all,20,2019,gas,874,8256.480009174347,14627.92148900032,23661.724608421326,44872.20484828949,93608.00495700844
volume|2020|0|all,20,2019,general,1607,7300.7206787467,12779.850595384836,22931.31455230713,41195.05504274368,85817.76195392612
volume|2020|0|all,20,2019,roro,517,9456.85954465866,14919.602704048157,22967.05633723736,36358.17420387268,97027.7393479348
volume|2020|0|all,20,2020,all,15740,6813.033440834284,12888.768197357656,21802.39545816183,37079.53217740357,78598.83051452642
volume|2020|0|all,20,2020,container,2212,2704.423888683319,7425.784999281168,12889.198956489565,47597.872242704034,186497.22181193833
volume|2020|0|all,20,2020,bulk,6573,10769.140909570455,18232.904331207275,24312.464618206024,38100.890063762665,61804.015947532665
volume|2020|0|all,20,2020,tanker,3944,5794.039303159714,10878.401911377909,18398.262365341187,29986.7956148386,64868.739726448075
volume|2020|0|all,20,2020,gas,913,8862.118639373779,16179.482504844666,25210.140194892883,46129.98240876198,101223.42491607666
volume|2020|0|all,20,2020,general,1592,6899.96400051117,12206.417304962873,23181.356992721558,40937.352823376656,91141.91976752285
volume|2020|0|all,20,2020,roro,506,9481.422500669956,13950.527535319328,22358.107780456543,35648.42315006257,106873.18361151218
volume|2020|0|all,20,2021,all,16620,7276.102655994892,13001.739686693996,22202.094621181488,37940.835719794035,81625.23445940019
volume|2020|0|all,20,2021,container,2505,3083.84623529911,7839.838916540146,12920.645922660828,45926.90303230286,190401.1592900753
volume|2020|0|all,20,2021,bulk,6773,11850.556795501709,18874.8332157135,25302.214668512344,39341.42306518555,63724.24555597306
volume|2020|0|all,20,2021,tanker,4085,5791.021940422059,10468.202898025513,18429.13061618805,30314.871021032333,62623.224129104616
volume|2020|0|all,20,2021,gas,977,10224.078896331786,17273.461192131042,27479.49281740189,53498.527658462524,112509.33014221191
volume|2020|0|all,20,2021,general,1751,7895.842719078064,12527.68430942297,21579.88834762573,40957.19460391998,88581.66666388512
volume|2020|0|all,20,2021,roro,529,9217.506130623819,15012.812193870544,23240.62035512924,35995.25873994827,101600.17825956341
volume|2020|0|all,20,2022,all,17691,6550.19415974617,12436.794941067696,21230.59750843048,36762.25484085083,80458.21393489838
volume|2020|0|all,20,2022,container,2890,3161.776064467431,7410.564908385277,12743.61197423935,33779.11434838176,180878.69321851578
volume|2020|0|all,20,2022,bulk,7090,10791.968030524253,17867.161217808723,24248.703058242798,37611.27198576927,61696.20323667532
volume|2020|0|all,20,2022,tanker,4229,5553.3756043672565,10309.964547634125,17746.071899414062,29951.632379055023,64752.53583531385
volume|2020|0|all,20,2022,gas,991,9907.705493569374,16564.360317230225,27346.35411450267,57492.67586994171,115802.446048975
volume|2020|0|all,20,2022,general,1884,7421.04905962944,11951.606462165713,20994.6490483284,39948.1127089262,87472.07527916507
volume|2020|0|all,20,2022,roro,607,8424.23976726532,13917.39933848381,21349.451509475708,35467.1291230917,95957.15690048931
volume|2020|0|all,20,2023,all,17714,6568.854249858856,12381.586929321287,21335.845332086086,37417.49816322327,80155.77349328998
volume|2020|0|all,20,2023,container,2948,3051.2614183425903,7409.044067032635,13792.939711093903,43617.20285703241,168622.1183288694
volume|2020|0|all,20,2023,bulk,7061,9990.803353309631,17594.246958732605,23627.240056991577,36735.43124008179,59397.764536857605
volume|2020|0|all,20,2023,tanker,4262,5784.078054708242,10321.716823458672,17894.846178621054,30733.343681886792,68101.57291398049
volume|2020|0|all,20,2023,gas,993,10493.757859086993,17161.5527677536,29160.70356655121,56863.77607631683,112439.29912796029
volume|2020|0|all,20,2023,general,1849,7197.502893257141,12129.450436629357,21899.24344444275,41264.89334106445,86073.9865901947
volume|2020|0|all,20,2023,roro,601,9722.416806399822,14879.516257286072,22135.21005058289,35576.46969413757,104122.18615484238
volume|2020|0|all,20,2024,all,16746,6451.274649620056,12847.716105639935,22174.440431952477,39468.371624469764,80507.28277373314
volume|2020|0|all,20,2024,container,2715,3189.280234050751,7707.906181335449,15351.31353855133,51627.422411203384,160534.1061609104
volume|2020|0|all,20,2024,bulk,6665,10358.458877754212,17852.407407283783,24443.55738067627,38288.23102474213,61028.70146846774
volume|2020|0|all,20,2024,tanker,4087,5314.300483894348,10364.947979927063,18431.220047056675,33218.78520011902,69214.0672220707
volume|2020|0|all,20,2024,gas,951,9619.028904676436,17833.736303329468,33388.45369911194,65809.11393779516,116377.9329805374
volume|2020|0|all,20,2024,general,1767,7042.372981107235,11881.323122657835,22240.90640449524,41884.92309427261,83944.42409210211
volume|2020|0|all,20,2024,roro,561,11358.285068511965,16075.106186389923,22890.490038871765,40274.63490962982,114725.41967618464
volume|2020|0|all,20,2025,all,17006,6715.4948654174805,13036.165045499802,22220.46032524109,37646.60644707829,71824.71619963646
volume|2020|0|all,20,2025,container,2779,3516.4248257160184,8535.033459424973,16245.895208358765,50333.34843540192,136113.67487735755
volume|2020|0|all,20,2025,bulk,6820,10527.921963795276,17862.861083984375,24403.283039093018,37161.675619065754,56703.54314028621
volume|2020|0|all,20,2025,tanker,4099,5092.16236410141,10518.31875693798,18482.342574119568,30952.521436929703,60953.08116064074
volume|2020|0|all,20,2025,gas,951,9508.868139266968,17764.33251810074,31630.021092414856,60711.55299472809,103097.9091551304
volume|2020|0|all,20,2025,general,1769,7734.517077445984,12323.8230509758,21973.149653434757,37752.37522697449,73786.28867335319
volume|2020|0|all,20,2025,roro,588,9804.621134233475,16063.603129863737,23193.48034799099,37594.24996545911,98933.65301667461
volume|2020|0|bulk,20,2018,all,15321,8007.99541592598,14777.242914676666,23821.10160660744,43846.09047317505,98829.48462319374
volume|2020|0|bulk,20,2018,container,2234,5933.99417564869,12488.167436599731,23852.754861354828,92571.67251557113,208227.5381055117
volume|2020|0|bulk,20,2018,bulk,6294,7806.830183373391,14751.76848795265,21733.81174826622,32124.135730803013,50586.54509210586
volume|2020|0|bulk,20,2018,tanker,3798,7787.561036968231,14632.288118004799,24583.023329734802,44990.03747713566,88472.77288743258
volume|2020|0|bulk,20,2018,gas,820,10643.494025468826,17309.353608965874,30609.583547115326,59415.24594348669,115270.88366572859
volume|2020|0|bulk,20,2018,general,1646,9660.244488418102,16671.80486059189,30696.43487071991,70465.10343788192,169138.748491548
volume|2020|0|bulk,20,2018,roro,529,15156.430951499939,24931.853696346283,37923.6975274086,80734.87732708454,213169.15656275747
volume|2020|0|bulk,20,2019,all,15502,8780.697698545457,16563.54311466217,26742.507863521576,53502.87267109752,123028.31334357262
volume|2020|0|bulk,20,2019,container,2209,7236.466895103455,13329.341218948364,29981.433186769485,124308.74640870094,245676.69567505125
volume|2020|0|bulk,20,2019,bulk,6371,8129.007610917091,16151.8570895195,23060.55923175812,37136.53147357702,58267.74423408508
volume|2020|0|bulk,20,2019,tanker,3924,8588.838651895523,16052.082281112669,28047.72377204895,55272.106043338776,106239.92409486778
volume|2020|0|bulk,20,2019,gas,874,12635.018206715584,19702.778563678265,35609.091658353806,72998.49180841446,149361.21830720906
volume|2020|0|bulk,20,2019,general,1607,11277.801407241823,20336.776000738144,39739.05252504349,95866.70686173439,203608.93987026223
volume|2020|0|bulk,20,2019,roro,517,17164.6241663456,28427.20776945353,42656.57388949394,114485.92159759998,273900.2643584015
volume|2020|0|bulk,20,2020,all,15740,8767.712006235122,16332.619723796844,25874.398217201233,53788.50398695469,137916.26670383665
volume|2020|0|bulk,20,2020,container,2212,6729.09715961814,13417.688603758812,28538.884284291416,141724.9125827551,280859.55807676323
volume|2020|0|bulk,20,2020,bulk,6573,8731.921334040166,16253.887814044952,22897.014444828037,35335.67597961426,57877.40194950104
volume|2020|0|bulk,20,2020,tanker,3944,8003.425108122826,15213.407257169487,26660.03087556362,58483.07819771767,122654.33874602323
volume|2020|0|bulk,20,2020,gas,913,13058.475141334533,19680.371407985687,36264.12180614472,75735.13029289246,166220.71498363023
volume|2020|0|bulk,20,2020,general,1592,10954.575705480574,20207.893213152885,40573.550068855286,108067.42196121812,225772.83102002743
volume|2020|0|bulk,20,2020,roro,506,16317.992132306099,26121.581331402067,42643.53125679493,121262.89478513598,306178.5161331892
volume|2020|0|bulk,20,2021,all,16620,9644.753716421128,17268.07568731904,27181.794015049934,55779.98689007759,144106.40083751382
volume|2020|0|bulk,20,2021,container,2505,8411.131297016143,15544.720036029816,33580.58322715759,141367.33943033218,282880.32855339046
volume|2020|0|bulk,20,2021,bulk,6773,9972.447366142276,17176.467445850372,23570.798042297363,36999.4076884985,59830.66053771973
volume|2020|0|bulk,20,2021,tanker,4085,7575.141906738282,14687.45209121704,27308.49689245224,58763.71201992035,127650.33715353011
volume|2020|0|bulk,20,2021,gas,977,15158.29688695669,22313.78086566925,39281.78689575195,84386.14696884155,178533.26832499495
volume|2020|0|bulk,20,2021,general,1751,12527.123149394987,20391.8715826869,38668.71078681946,103509.23426817358,225809.4527130127
volume|2020|0|bulk,20,2021,roro,529,16922.846199131014,26797.433565855023,42634.22057533264,125807.35097789764,357036.8277069091
volume|2020|0|bulk,20,2022,all,17691,9079.561170578005,16733.63113187626,26411.785709381104,53795.24483001232,141542.2597951889
volume|2020|0|bulk,20,2022,container,2890,7071.566798734665,13518.22829222679,26685.560284614563,122562.24097043274,266972.7611805854
volume|2020|0|bulk,20,2022,bulk,7090,9734.396775662899,17086.83203202486,23326.59977054596,36262.255007743835,58565.187571477894
volume|2020|0|bulk,20,2022,tanker,4229,7526.053122651577,14350.713120937347,26943.241854190823,56037.28252649307,125562.56260578644
volume|2020|0|bulk,20,2022,gas,991,13714.30275440216,20436.889290466905,44151.08465051651,96845.3240623474,180847.9515619278
volume|2020|0|bulk,20,2022,general,1884,11944.573614501955,19722.983639992774,36919.853734090924,98502.7519329153,222409.51706047065
volume|2020|0|bulk,20,2022,roro,607,14979.605264285206,24892.272327691317,40560.33395910263,109389.17794847488,315214.0911350248
volume|2020|0|bulk,20,2023,all,17714,8789.464522743225,16429.040771007538,26118.481629371643,54034.868349432945,140012.45000469693
volume|2020|0|bulk,20,2023,container,2948,6967.615331864356,13823.240192085503,29601.627087831497,123479.1949250102,259805.22020947942
volume|2020|0|bulk,20,2023,bulk,7061,9141.724764287472,16641.313547343016,22718.814071655277,34571.51291036606,57210.82862281799
volume|2020|0|bulk,20,2023,tanker,4262,7824.248261547089,14425.410525560377,26611.287699699402,55447.97332048416,120916.11253819466
volume|2020|0|bulk,20,2023,gas,993,13217.339693379403,22404.39816045761,46529.73788499832,105862.79864120483,185148.53866195676
volume|2020|0|bulk,20,2023,general,1849,11315.51071088314,20516.058189868927,37405.858949661255,97352.33009544016,216155.47614517214
volume|2020|0|bulk,20,2023,roro,601,15305.810395389795,25719.9803314209,41406.26627731323,113690.44510555267,310409.10960388184
volume|2020|0|bulk,20,2024,all,16746,8602.511618256569,16745.83997821808,26991.404808044434,55304.60886371136,132099.33564299345
volume|2020|0|bulk,20,2024,container,2715,6844.332581329346,14065.507615447044,32502.99453735352,117227.91147261858,248018.22328703405
volume|2020|0|bulk,20,2024,bulk,6665,9169.438611221314,16924.653153419495,23280.6501493454,35562.384892463684,57868.86825361252
volume|2020|0|bulk,20,2024,tanker,4087,6740.545463085175,14185.353568077087,26924.257320404053,55376.596712589264,111880.16697950364
volume|2020|0|bulk,20,2024,gas,951,12555.634596824646,24369.577329158783,48078.41000747681,107421.3489356041,183489.51111221316
volume|2020|0|bulk,20,2024,general,1767,11010.199944365026,20186.35285115242,38037.3331155777,90305.10024690628,203462.10117502217
volume|2020|0|bulk,20,2024,roro,561,16443.12206554413,26117.15606355667,43590.55840682984,114197.78830361366,294108.36753320694
volume|2020|0|bulk,20,2025,all,17006,8742.511421203613,16529.42893345654,26280.37411546707,49871.93412561901,112948.47196292877
volume|2020|0|bulk,20,2025,container,2779,7342.5419880867,15115.17552369833,32072.602967739105,100370.12295615673,209506.89113535904
volume|2020|0|bulk,20,2025,bulk,6820,9399.661709427835,16986.152319669724,22828.021458148956,34707.08815360069,52841.20726623536
volume|2020|0|bulk,20,2025,tanker,4099,6332.550705146789,13814.024240970612,26196.059017658237,49437.4027428627,94498.44423255934
volume|2020|0|bulk,20,2025,gas,951,12131.928918719292,23573.532687067986,45602.40143966675,90198.27540898323,156814.08712530136
volume|2020|0|bulk,20,2025,general,1769,11155.654528594017,19577.582502365112,34111.400540828705,76790.84967184067,186194.30016037228
volume|2020|0|bulk,20,2025,roro,588,15385.24997755289,26355.71181934327,40971.20005559921,97275.37499815226,249943.88778481548
volume|2020|0|container,20,2018,all,15321,7326.479848146439,16366.83245229721,29924.923327445984,52631.02724075317,98363.32546329498
volume|2020|0|container,20,2018,container,2234,2539.4959919929506,8257.01850143075,15138.965828895569,41472.26463893056,169543.64446575643
volume|2020|0|container,20,2018,bulk,6294,12619.816425335408,22323.910464286804,33720.35163021088,52235.13290464878,82465.05547361373
volume|2020|0|container,20,2018,tanker,3798,6873.885605716706,15972.887237384915,29709.976988375187,52273.2095220685,92663.67851860535
volume|2020|0|container,20,2018,gas,820,12240.55520233959,23739.841635346413,43797.25034713745,84056.73883318901,179847.84566788678
volume|2020|0|container,20,2018,general,1646,6720.605954416096,12522.030606746674,26315.043066501617,48618.44268578291,101944.79120592773
volume|2020|0|container,20,2018,roro,529,9216.481447029113,16102.180799484251,27446.28738355637,43054.96555894613,113761.61620506641
volume|2020|0|container,20,2019,all,15502,8243.882128870488,19097.72648274899,35803.53393173218,65350.32666313648,117109.18759963512
volume|2020|0|container,20,2019,container,2209,2599.3232998847966,8681.7921667099,17715.546046972275,71474.47528880835,208696.3929394722
volume|2020|0|container,20,2019,bulk,6371,13319.794827997684,24503.69685307145,40255.56911563873,62902.24825525284,96977.05764484406
volume|2020|0|container,20,2019,tanker,3924,8145.009499549866,17983.85080397129,35119.29181665182,63144.720241487026,105887.55107088099
volume|2020|0|container,20,2019,gas,874,15005.713497781755,31918.216077804565,59512.36608886719,103757.30369585752,214047.1864784956
volume|2020|0|container,20,2019,general,1607,7273.915405273438,14837.99104809761,32557.655910491943,64309.29743218422,120008.91645908359
volume|2020|0|container,20,2019,roro,517,9484.222249174118,21202.43683862686,30781.34456539154,52508.46956324577,151117.77138261797
volume|2020|0|container,20,2020,all,15740,8405.221549987793,19419.846352815624,35344.87907075882,68509.5057144165,132771.03521276714
volume|2020|0|container,20,2020,container,2212,2300.373356962204,7928.80047482252,17373.753550171852,78677.44014200568,230882.94150199892
volume|2020|0|container,20,2020,bulk,6573,15114.234293174743,24478.78031349182,39928.90842437744,64814.75270652771,104285.49223947526
volume|2020|0|container,20,2020,tanker,3944,8345.805711841584,18069.364581346512,33665.56345367432,65009.904984772205,119004.65564242602
volume|2020|0|container,20,2020,gas,913,17460.310186100007,34445.63935351372,63637.31105566025,120182.67549610138,225510.07139720916
volume|2020|0|container,20,2020,general,1592,6775.527913747355,14403.16354036331,31323.433575443923,69105.11547541618,131780.17028125122
volume|2020|0|container,20,2020,roro,506,9715.171932578087,19052.37332510948,30622.95088970661,51032.37938942016,175864.43566417694
volume|2020|0|container,20,2021,all,16620,8589.661657619477,19181.821023225784,36053.33216881752,68660.50276145339,137797.5288482666
volume|2020|0|container,20,2021,container,2505,2453.1974409103395,8656.961871147156,16395.697050094604,73453.99936008453,239484.93176727294
volume|2020|0|container,20,2021,bulk,6773,16251.592121219637,26121.12538433075,41080.624205589294,65123.10057067871,105343.69260444646
volume|2020|0|container,20,2021,tanker,4085,7699.772380256653,17074.995893001556,33367.50486421585,64774.70415401459,124863.09510555264
volume|2020|0|container,20,2021,gas,977,21362.19696521759,36983.07453918457,68292.85315704346,131413.53467702866,231394.14684197897
volume|2020|0|container,20,2021,general,1751,7495.96121931076,13713.177578926086,29614.28457927704,64132.715322732925,133586.40274906158
volume|2020|0|container,20,2021,roro,529,9489.958825743199,19324.114699602127,30648.097517490387,51487.47641563416,178577.04308907976
volume|2020|0|container,20,2022,all,17691,7258.046991199255,17892.055552840233,34453.40274524689,66778.06394958496,135421.67706108093
volume|2020|0|container,20,2022,container,2890,2456.018329676986,6126.599127411842,15622.059538602829,51155.6634637136,226985.474617052
volume|2020|0|container,20,2022,bulk,7090,14924.724347686768,24856.893435001373,40213.94120454788,63778.53290420771,101776.53295888905
volume|2020|0|container,20,2022,tanker,4229,6837.843220996857,17141.384776115417,33895.9421633482,67312.41400909424,129016.29500989922
volume|2020|0|container,20,2022,gas,991,17969.269817352295,35805.76165706664,68597.44353246689,133541.2707362175,230927.2233864069
volume|2020|0|container,20,2022,general,1884,7021.609387889504,12856.92366167903,28286.586226940155,59000.55994270742,128156.01125488286
volume|2020|0|container,20,2022,roro,607,9310.112303781509,17482.94414627552,29911.212610721588,49825.58465871215,139084.77995433807
volume|2020|0|container,20,2023,all,17714,7206.080132633448,18022.507127285004,34173.317318439484,66263.1958065033,132672.00548706064
volume|2020|0|container,20,2023,container,2948,2386.5759136617185,5892.332543373108,17509.39663308859,60281.319043278694,213645.83835748435
volume|2020|0|container,20,2023,bulk,7061,13921.642341375353,23977.095580101013,38611.84179270268,61954.13297653198,99352.27167797089
volume|2020|0|container,20,2023,tanker,4262,7142.9732201099405,17592.81865978241,33978.41129899025,68714.18640983105,128572.68207807542
volume|2020|0|container,20,2023,gas,993,19606.86564893723,37266.00543856621,67661.1369190216,127945.42294120789,218266.41278858192
volume|2020|0|container,20,2023,general,1849,6966.04060382843,13094.828575372696,29894.66687965393,58543.70536518097,129903.58688971182
volume|2020|0|container,20,2023,roro,601,10228.67054247856,17486.370873451233,28877.768845558167,53015.313814640045,147763.9755655527
volume|2020|0|container,20,2024,all,16746,7157.300322055817,17804.88600730896,33615.959864377975,65265.96595680714,125957.98644924164
volume|2020|0|container,20,2024,container,2715,2407.2633768796927,6622.81894287467,17951.29826450348,65473.11194910854,205499.17652077673
volume|2020|0|container,20,2024,bulk,6665,13683.859185028077,23547.11353957653,37512.43303012848,60367.344856381416,94534.32353725434
volume|2020|0|container,20,2024,tanker,4087,6476.7177963256845,16508.72989320755,33942.27680015564,68262.45189464092,123626.02235069276
volume|2020|0|container,20,2024,gas,951,18973.654024124146,34873.37211036682,65157.59739494324,124768.11886525154,208978.7697172165
volume|2020|0|container,20,2024,general,1767,6552.327693247796,12961.03818756342,28137.692811965942,59650.62211251259,124469.92538530828
volume|2020|0|container,20,2024,roro,561,10892.158559799194,18969.25215625763,28596.13333749771,52959.70130443573,165935.84583246708
volume|2020|0|container,20,2025,all,17006,7236.699166595936,17540.542420864105,32275.448712706566,58310.987535238266,109255.92579221725
volume|2020|0|container,20,2025,container,2779,2462.3584385156632,7416.25335919857,18797.80660772324,56410.2093231678,169191.47726646674
volume|2020|0|container,20,2025,bulk,6820,13463.54797565937,23405.658259391785,35977.35375982523,54422.385823726654,84180.05824246413
volume|2020|0|container,20,2025,tanker,4099,6210.4807732105255,16441.42228603363,31932.31074333191,59449.392288684845,110335.38718347554
volume|2020|0|container,20,2025,gas,951,15712.11067867279,32532.21032166481,60356.1487159729,106184.1996524334,188572.6703634262
volume|2020|0|container,20,2025,general,1769,7122.114028739929,13191.216297626495,27229.451508641243,52661.785460948944,111074.79943823219
volume|2020|0|container,20,2025,roro,588,9855.972782182695,19279.662008345127,29318.856283307076,48699.26103839278,146332.86685012592
volume|2021|0|all,20,2018,all,15321,6595.3696546554565,12060.834864616394,20502.490304470062,32912.4700012207,60025.39469528198
volume|2021|0|all,20,2018,container,2234,2921.627930188179,7506.423979759216,12498.632236003876,27871.25338447094,122472.61483294964
volume|2021|0|all,20,2018,bulk,6294,9311.643106460571,16655.520822405815,22891.36701965332,34835.04018056393,53412.6842400074
volume|2021|0|all,20,2018,tanker,3798,6007.229015660288,10938.156292200089,17814.265107631683,28193.494513750076,50065.996094959984
volume|2021|0|all,20,2018,gas,820,7429.7588874697685,13567.625200271606,22502.81245779991,40551.75147438049,71929.51784939769
volume|2021|0|all,20,2018,general,1646,6830.955840647221,11373.076453551648,19589.070054531097,32792.91326904297,63856.15658187866
volume|2021|0|all,20,2018,roro,529,9801.793198525535,14114.075766086578,21593.910957336426,30644.47150373459,69448.07847747802
volume|2021|0|all,20,2019,all,15502,7182.905535066128,13042.387585759163,22234.91201353073,38443.72585520148,73847.60858178139
volume|2021|0|all,20,2019,container,2209,2932.720335578919,7829.086091995239,13389.164754867554,52476.70094442368,160595.2122075081
volume|2021|0|all,20,2019,bulk,6371,9995.864842414856,17931.418792247772,24784.72703075409,39373.83924436569,61278.2498664856
volume|2021|0|all,20,2019,tanker,3924,6628.43712079525,11531.322557687761,19523.94202721119,33053.139788389206,61069.81996095183
volume|2021|0|all,20,2019,gas,874,8515.91078338623,15206.096230506897,24720.585563659668,47270.471883773804,96001.19115126136
volume|2021|0|all,20,2019,general,1607,7300.7206787467,13014.671465665102,23001.794454574585,41178.99420905113,85964.36674633033
volume|2021|0|all,20,2019,roro,517,9477.75029888153,15038.44409108162,23148.856997728348,36840.64873576164,97027.7393479348
volume|2021|0|all,20,2020,all,15740,7172.179442310334,13142.298831820488,22043.74574947357,37450.74060630798,79175.8846000195
volume|2021|0|all,20,2020,container,2212,2723.1746435165405,7931.414698302745,13441.396098613739,53894.5940592289,192137.17807319175
volume|2021|0|all,20,2020,bulk,6573,10664.922827529906,18170.82803010941,24245.59452152252,38005.73381996155,61755.91961231232
volume|2021|0|all,20,2020,tanker,3944,6235.280178833008,11355.950684785843,18941.41673755646,30783.939987659454,65256.74178700448
volume|2021|0|all,20,2020,gas,913,9203.797258538008,16798.815509557724,26457.694029331207,48605.72132778168,105569.79617456201
volume|2021|0|all,20,2020,general,1592,6770.046203136444,12026.75041454658,22997.39466404915,40702.68415915966,91141.91976752285
volume|2021|0|all,20,2020,roro,506,9544.99427229166,14280.443442877382,22644.592678308487,36041.73489093781,108102.45973646642
volume|2021|0|all,20,2021,all,16620,7469.56055071354,13166.924741208553,22388.73826317489,38181.95907998085,81769.9214606762
volume|2021|0|all,20,2021,container,2505,2958.267045211792,8299.018220067024,13344.305839538574,49777.91151416302,193544.06370539652
volume|2021|0|all,20,2021,bulk,6773,11691.912399625779,18773.35662078857,25124.66005516052,39182.77250063419,63661.80752105715
volume|2021|0|all,20,2021,tanker,4085,5969.490637767315,10937.772797584534,18996.02843141556,31074.895261764526,63842.674470078906
volume|2021|0|all,20,2021,gas,977,10576.962854766845,17318.89872789383,28036.678760528564,54967.74645614624,115689.47098255157
volume|2021|0|all,20,2021,general,1751,7595.135627746582,11963.149911642075,21185.816534996036,40698.856833934784,88205.18512058258
volume|2021|0|all,20,2021,roro,529,9338.279343414308,15327.924682617188,23309.944657325745,36648.11489534378,101600.17825956341
volume|2021|0|all,20,2022,all,17691,6744.830765485764,12618.97171753645,21436.718303203583,37134.13320469856,80391.28373622894
volume|2021|0|all,20,2022,container,2890,3052.003744095564,7853.258810162544,13204.591063976288,39154.95784719661,181425.8249344929
volume|2021|0|all,20,2022,bulk,7090,10562.35761424303,17847.142146110535,24120.621322631836,37519.74715650081,61635.72918891909
volume|2021|0|all,20,2022,tanker,4229,5803.177243614196,10754.723260879517,18305.56611180305,30999.546424865723,66011.28540171387
volume|2021|0|all,20,2022,gas,991,10407.926678657532,17232.365394115448,28021.882444381718,58078.52731704712,116923.1672577858
volume|2021|0|all,20,2022,general,1884,6997.53001909256,11542.58559897542,20320.052235603333,39467.56387510896,87009.11855074616
volume|2021|0|all,20,2022,roro,607,8543.862613916397,14003.13023018837,21572.744743168358,35763.00035738945,95957.15690048931
volume|2021|0|all,20,2023,all,17714,6764.232411074639,12607.507338523865,21568.877373218536,37806.85130676627,80335.11713590623
volume|2021|0|all,20,2023,container,2948,2956.1905187845227,7715.027038484812,14304.218439295888,46667.30107757449,166931.25543880468
volume|2021|0|all,20,2023,bulk,7061,9848.2759141922,17540.357822060585,23556.168528556824,36553.61399078369,59154.85265159607
volume|2021|0|all,20,2023,tanker,4262,6127.346574735642,10842.389975845814,18240.10101914406,32050.786723732952,68720.84124484063
volume|2021|0|all,20,2023,gas,993,11074.103866767884,17428.998628616333,30609.250237941746,59725.12642669678,115586.11796340952
volume|2021|0|all,20,2023,general,1849,7041.73924407959,11740.228624776006,21553.246352493763,40743.45814344287,85618.96879321933
volume|2021|0|all,20,2023,roro,601,9722.416806399822,14909.099802017212,22242.68448114395,35706.39495372772,104122.18615484238
volume|2021|0|all,20,2024,all,16746,6556.571426808834,13117.028499245644,22449.592419624325,39876.222012758255,81140.0571513176
volume|2021|0|all,20,2024,container,2715,2935.739548277855,8191.3640213012695,16645.665503501892,54484.63966822624,160041.1314139843
volume|2021|0|all,20,2024,bulk,6665,10059.816050481797,17795.709117889404,24327.165521621704,38087.06786632538,60642.48260459901
volume|2021|0|all,20,2024,tanker,4087,5414.478414344788,10900.895211696625,19047.788155317307,33812.434556007385,69162.56929931641
volume|2021|0|all,20,2024,gas,951,10097.78083229065,18172.1093416214,34956.74792575836,69623.68598270416,119780.02960395812
volume|2021|0|all,20,2024,general,1767,6675.750288581849,11765.175695329905,21877.14152789116,41304.125749498606,83198.75844116212
volume|2021|0|all,20,2024,roro,561,11358.285068511965,16320.079774618149,23304.330740213398,40274.63490962982,114725.41967618464
volume|2021|0|all,20,2025,all,17006,6802.760875463486,13249.809927016497,22483.724507808685,37950.788791656494,72274.06555242091
volume|2021|0|all,20,2025,container,2779,3044.461976432801,8685.991948843002,17730.380680322647,52349.42141753435,135584.59192132967
volume|2021|0|all,20,2025,bulk,6820,10315.01358819008,17847.73669528961,24348.92224597931,37012.38557958603,56547.6504609108
volume|2021|0|all,20,2025,tanker,4099,5279.975631713867,10973.096082925797,19050.840315818787,32188.743624210358,61054.61723899847
volume|2021|0|all,20,2025,gas,951,9838.027657985687,18037.75467276573,32742.65296840668,63743.55260515213,108260.92129325868
volume|2021|0|all,20,2025,general,1769,7354.644710922242,12065.92528475821,21519.30999803543,37206.87041950226,72864.22115817854
volume|2021|0|all,20,2025,roro,588,9804.621134233475,16201.076086044312,23350.07919538021,37494.482277482755,98933.65301667461
volume|2021|0|bulk,20,2018,all,15321,8031.524201869965,14066.649027943611,22684.618158578876,39962.65745830536,90785.105550766
volume|2021|0|bulk,20,2018,container,2234,6792.985290527344,11548.077154994011,23532.37242591381,90099.0203565955,201249.45916619303
volume|2021|0|bulk,20,2018,bulk,6294,8126.294484233857,14685.308153450489,21197.395458698273,30627.71564823389,46687.52229144573
volume|2021|0|bulk,20,2018,tanker,3798,7268.756441497803,13037.884988099337,21856.96454697847,38615.859506607056,76432.44620180134
volume|2021|0|bulk,20,2018,gas,820,9875.804027867316,16392.748150020838,29107.04932963848,55443.95434272289,102752.27723033428
volume|2021|0|bulk,20,2018,general,1646,9733.803956985474,16742.94309401512,28760.426080584526,64480.25772125274,157901.36865323782
volume|2021|0|bulk,20,2018,roro,529,14188.47689510882,23166.467466712,33957.21091175079,73689.5450463295,215521.0368432045
volume|2021|0|bulk,20,2019,all,15502,8657.16137804985,15458.613711595535,25195.39915585518,48410.684128165245,113188.5628990113
volume|2021|0|bulk,20,2019,container,2209,7642.538909804821,11983.647465705872,28149.862483501434,120811.3528072834,237632.8585429669
volume|2021|0|bulk,20,2019,bulk,6371,8682.749238967896,15957.573760896921,22840.945781230927,35217.54026699066,54756.86310452223
volume|2021|0|bulk,20,2019,tanker,3924,7961.454632925987,14177.538470625876,24168.93643808365,46930.525660179555,89437.79360526206
volume|2021|0|bulk,20,2019,gas,874,11240.918709373474,18190.492802381516,32206.72641468048,66858.69735431671,131010.57165336616
volume|2021|0|bulk,20,2019,general,1607,11204.47733192444,19545.652125000954,37047.57147198916,87720.36220788956,188585.84687709817
volume|2021|0|bulk,20,2019,roro,517,16987.018900346757,26029.773503780365,38070.66276645661,121053.79386150835,273900.2643584015
volume|2021|0|bulk,20,2020,all,15740,8688.282282543183,15348.437935113909,24515.53240585327,48125.14723873139,125367.52618234158
volume|2021|0|bulk,20,2020,container,2212,7931.538725280761,13115.14799696207,28692.87253771536,133672.11390817165,274408.71201658255
volume|2021|0|bulk,20,2020,bulk,6573,8954.259079730513,15868.414923667908,22403.159465789795,33724.225761413574,53793.45264778138
volume|2021|0|bulk,20,2020,tanker,3944,7606.382965803145,13651.419634342194,23517.81607055664,47963.97545397282,104425.86093330383
volume|2021|0|bulk,20,2020,gas,913,10861.738217449189,17719.91558456421,31404.44665908813,66851.95386886597,146081.56648111346
volume|2021|0|bulk,20,2020,general,1592,10805.022847747803,19987.91704952717,38112.01645708084,99670.7550902795,212817.19954646233
volume|2021|0|bulk,20,2020,roro,506,15924.174408115447,23564.527823984623,39847.04877436161,123174.22043886781,306178.5161331892
volume|2021|0|bulk,20,2021,all,16620,9337.900366249682,15830.640630066395,25212.994495153427,49609.20516395569,132494.9008944035
volume|2021|0|bulk,20,2021,container,2505,8488.151202487945,14684.072754859924,31702.812779277563,136951.90064287186,276045.74217485933
volume|2021|0|bulk,20,2021,bulk,6773,10050.933063268661,16310.796091079712,22635.16655731201,33925.236545562744,54588.80462319851
volume|2021|0|bulk,20,2021,tanker,4085,7068.574118328095,13007.501106739044,24014.72639369965,48928.35340499878,107448.24940967558
volume|2021|0|bulk,20,2021,gas,977,12536.49082850218,19331.02071285248,33848.987751960754,69598.51397800446,143934.77428646086
volume|2021|0|bulk,20,2021,general,1751,11764.735446929932,19590.833318948746,37090.97527343035,98742.53333544731,212130.2901790738
volume|2021|0|bulk,20,2021,roro,529,16478.94167671204,24587.563996315,37702.54863977432,124896.2704553604,364776.50031589554
volume|2021|0|bulk,20,2022,all,17691,8800.09291934967,15352.57146692276,24195.62340736389,47688.77178430557,129408.67319132388
volume|2021|0|bulk,20,2022,container,2890,7706.183275763691,13446.954708099365,25939.129370242357,118340.36348247528,261239.27488689419
volume|2021|0|bulk,20,2022,bulk,7090,9430.50369257629,16211.280903756617,22277.84224152565,33068.89978196472,53450.34625797272
volume|2021|0|bulk,20,2022,tanker,4229,7167.892846155167,12768.119286060331,22848.08957290649,47032.33068180084,107144.88882284172
volume|2021|0|bulk,20,2022,gas,991,12228.439450263975,17983.000544548035,36269.41022586823,79663.0264787674,145980.68274497986
volume|2021|0|bulk,20,2022,general,1884,11031.035747641325,18797.10754203796,35204.04384320974,89865.41719684005,208410.83633791958
volume|2021|0|bulk,20,2022,roro,607,14119.019363594056,22926.222366333008,36643.03402917087,108827.13252401352,324051.0708877086
volume|2021|0|bulk,20,2023,all,17714,8688.273224830627,15028.763542473316,23908.310407042503,48396.69582152367,126834.47472457887
volume|2021|0|bulk,20,2023,container,2948,7408.764097180962,13744.566990047691,27922.600999593735,117372.93779051304,254766.84580328478
volume|2021|0|bulk,20,2023,bulk,7061,9057.074045181274,15508.420555114746,21650.328453063965,32156.4688577652,52524.81113910675
volume|2021|0|bulk,20,2023,tanker,4262,7452.277756547928,12681.430811207741,22657.81924176216,46933.9768474102,102294.33338291648
volume|2021|0|bulk,20,2023,gas,993,11954.309802627564,19204.983100891117,39124.24601173401,89043.61209487915,153920.55978875185
volume|2021|0|bulk,20,2023,general,1849,11354.975356268886,19177.33421897888,34987.264152526855,88020.37383389473,200171.28301763537
volume|2021|0|bulk,20,2023,roro,601,13583.469913482666,22689.34101009369,34108.48061609268,106826.0553832054,311654.9751980975
volume|2021|0|bulk,20,2024,all,16746,8510.620219707489,15915.733964204788,25515.364956855774,50441.91709315777,121418.7373739481
volume|2021|0|bulk,20,2024,container,2715,7267.151469898225,14662.69810628891,33599.31852722168,114801.56099867821,241737.81284027098
volume|2021|0|bulk,20,2024,bulk,6665,9183.981231045726,16327.396712213756,22584.55285167694,34206.15733528137,54408.63828468324
volume|2021|0|bulk,20,2024,tanker,4087,6450.980138587952,13077.055730700493,23833.09603691101,47820.04274749756,93958.29895439149
volume|2021|0|bulk,20,2024,gas,951,11539.01902152598,21911.649964392185,42917.64678478241,89332.76727056503,154651.09907770157
volume|2021|0|bulk,20,2024,general,1767,10984.712182915215,19467.637156009674,36000.249563694,82945.0962013267,191788.27995982178
volume|2021|0|bulk,20,2024,roro,561,16458.38454771042,23882.86010253429,37661.96841478348,106622.11847400664,298049.6536296606
volume|2021|0|bulk,20,2025,all,17006,8634.085656642914,15831.19401204586,25254.96337401867,46487.6957924366,103871.7942686081
volume|2021|0|bulk,20,2025,container,2779,7571.68746650219,16484.780696988106,35060.85296535492,99550.24672782421,206084.6704516889
volume|2021|0|bulk,20,2025,bulk,6820,9375.256363868713,16459.531469926238,22468.52913504839,33717.54394924641,50571.56868038181
volume|2021|0|bulk,20,2025,tanker,4099,6139.369535064698,12579.74384868145,23095.72186231613,43060.77302765846,80956.16343879701
volume|2021|0|bulk,20,2025,gas,951,10765.87218761444,21454.766514778137,40476.08703994751,79007.9916472435,135284.55239009857
volume|2021|0|bulk,20,2025,general,1769,11012.175335395337,19080.445380687717,32921.22398853302,69168.84570389986,170498.7740403652
volume|2021|0|bulk,20,2025,roro,588,15242.69713638425,25397.040766119953,38152.40956282616,93747.82841458915,270204.7265098636
volume|2021|0|container,20,2018,all,15321,7326.479848146439,16366.83245229721,29924.923327445984,52631.02724075317,98363.32546329498
volume|2021|0|container,20,2018,container,2234,2539.4959919929506,8257.01850143075,15138.965828895569,41472.26463893056,169543.64446575643
volume|2021|0|container,20,2018,bulk,6294,12619.816425335408,22323.910464286804,33720.35163021088,52235.13290464878,82465.05547361373
volume|2021|0|container,20,2018,tanker,3798,6873.885605716706,15972.887237384915,29709.976988375187,52273.2095220685,92663.67851860535
volume|2021|0|container,20,2018,gas,820,12240.55520233959,23739.841635346413,43797.25034713745,84056.73883318901,179847.84566788678
volume|2021|0|container,20,2018,general,1646,6720.605954416096,12522.030606746674,26315.043066501617,48618.44268578291,101944.79120592773
volume|2021|0|container,20,2018,roro,529,9216.481447029113,16102.180799484251,27446.28738355637,43054.96555894613,113761.61620506641
volume|2021|0|container,20,2019,all,15502,8243.882128870488,19097.72648274899,35803.53393173218,65350.32666313648,117109.18759963512
volume|2021|0|container,20,2019,container,2209,2599.3232998847966,8681.7921667099,17715.546046972275,71474.47528880835,208696.3929394722
volume|2021|0|container,20,2019,bulk,6371,13319.794827997684,24503.69685307145,40255.56911563873,62902.24825525284,96977.05764484406
volume|2021|0|container,20,2019,tanker,3924,8145.009499549866,17983.85080397129,35119.29181665182,63144.720241487026,105887.55107088099
volume|2021|0|container,20,2019,gas,874,15005.713497781755,31918.216077804565,59512.36608886719,103757.30369585752,214047.1864784956
volume|2021|0|container,20,2019,general,1607,7273.915405273438,14837.99104809761,32557.655910491943,64309.29743218422,120008.91645908359
volume|2021|0|container,20,2019,roro,517,9484.222249174118,21202.43683862686,30781.34456539154,52508.46956324577,151117.77138261797
volume|2021|0|container,20,2020,all,15740,8405.221549987793,19419.846352815624,35344.87907075882,68509.5057144165,132771.03521276714
volume|2021|0|container,20,2020,container,2212,2300.373356962204,7928.80047482252,17373.753550171852,78677.44014200568,230882.94150199892
volume|2021|0|container,20,2020,bulk,6573,15114.234293174743,24478.78031349182,39928.90842437744,64814.75270652771,104285.49223947526
volume|2021|0|container,20,2020,tanker,3944,8345.805711841584,18069.364581346512,33665.56345367432,65009.904984772205,119004.65564242602
volume|2021|0|container,20,2020,gas,913,17460.310186100007,34445.63935351372,63637.31105566025,120182.67549610138,225510.07139720916
volume|2021|0|container,20,2020,general,1592,6775.527913747355,14403.16354036331,31323.433575443923,69105.11547541618,131780.17028125122
volume|2021|0|container,20,2020,roro,506,9715.171932578087,19052.37332510948,30622.95088970661,51032.37938942016,175864.43566417694
volume|2021|0|container,20,2021,all,16620,8589.661657619477,19181.821023225784,36053.33216881752,68660.50276145339,137797.5288482666
volume|2021|0|container,20,2021,container,2505,2453.1974409103395,8656.961871147156,16395.697050094604,73453.99936008453,239484.93176727294
volume|2021|0|container,20,2021,bulk,6773,16251.592121219637,26121.12538433075,41080.624205589294,65123.10057067871,105343.69260444646
volume|2021|0|container,20,2021,tanker,4085,7699.772380256653,17074.995893001556,33367.50486421585,64774.70415401459,124863.09510555264
volume|2021|0|container,20,2021,gas,977,21362.19696521759,36983.07453918457,68292.85315704346,131413.53467702866,231394.14684197897
volume|2021|0|container,20,2021,general,1751,7495.96121931076,13713.177578926086,29614.28457927704,64132.715322732925,133586.40274906158
volume|2021|0|container,20,2021,roro,529,9489.958825743199,19324.114699602127,30648.097517490387,51487.47641563416,178577.04308907976
volume|2021|0|container,20,2022,all,17691,7258.046991199255,17892.055552840233,34453.40274524689,66778.06394958496,135421.67706108093
volume|2021|0|container,20,2022,container,2890,2456.018329676986,6126.599127411842,15622.059538602829,51155.6634637136,226985.474617052
volume|2021|0|container,20,2022,bulk,7090,14924.724347686768,24856.893435001373,40213.94120454788,63778.53290420771,101776.53295888905
volume|2021|0|container,20,2022,tanker,4229,6837.843220996857,17141.384776115417,33895.9421633482,67312.41400909424,129016.29500989922
volume|2021|0|container,20,2022,gas,991,17969.269817352295,35805.76165706664,68597.44353246689,133541.2707362175,230927.2233864069
volume|2021|0|container,20,2022,general,1884,7021.609387889504,12856.92366167903,28286.586226940155,59000.55994270742,128156.01125488286
volume|2021|0|container,20,2022,roro,607,9310.112303781509,17482.94414627552,29911.212610721588,49825.58465871215,139084.77995433807
volume|2021|0|container,20,2023,all,17714,7206.080132633448,18022.507127285004,34173.317318439484,66263.1958065033,132672.00548706064
volume|2021|0|container,20,2023,container,2948,2386.5759136617185,5892.332543373108,17509.39663308859,60281.319043278694,213645.83835748435
volume|2021|0|container,20,2023,bulk,7061,13921.642341375353,23977.095580101013,38611.84179270268,61954.13297653198,99352.27167797089
volume|2021|0|container,20,2023,tanker,4262,7142.9732201099405,17592.81865978241,33978.41129899025,68714.18640983105,128572.68207807542
volume|2021|0|container,20,2023,gas,993,19606.86564893723,37266.00543856621,67661.1369190216,127945.42294120789,218266.41278858192
volume|2021|0|container,20,2023,general,1849,6966.04060382843,13094.828575372696,29894.66687965393,58543.70536518097,129903.58688971182
volume|2021|0|container,20,2023,roro,601,10228.67054247856,17486.370873451233,28877.768845558167,53015.313814640045,147763.9755655527
volume|2021|0|container,20,2024,all,16746,7157.300322055817,17804.88600730896,33615.959864377975,65265.96595680714,125957.98644924164
volume|2021|0|container,20,2024,container,2715,2407.2633768796927,6622.81894287467,17951.29826450348,65473.11194910854,205499.17652077673
volume|2021|0|container,20,2024,bulk,6665,13683.859185028077,23547.11353957653,37512.43303012848,60367.344856381416,94534.32353725434
volume|2021|0|container,20,2024,tanker,4087,6476.7177963256845,16508.72989320755,33942.27680015564,68262.45189464092,123626.02235069276
volume|2021|0|container,20,2024,gas,951,18973.654024124146,34873.37211036682,65157.59739494324,124768.11886525154,208978.7697172165
volume|2021|0|container,20,2024,general,1767,6552.327693247796,12961.03818756342,28137.692811965942,59650.62211251259,124469.92538530828
volume|2021|0|container,20,2024,roro,561,10892.158559799194,18969.25215625763,28596.13333749771,52959.70130443573,165935.84583246708
volume|2021|0|container,20,2025,all,17006,7236.699166595936,17540.542420864105,32275.448712706566,58310.987535238266,109255.92579221725
volume|2021|0|container,20,2025,container,2779,2462.3584385156632,7416.25335919857,18797.80660772324,56410.2093231678,169191.47726646674
volume|2021|0|container,20,2025,bulk,6820,13463.54797565937,23405.658259391785,35977.35375982523,54422.385823726654,84180.05824246413
volume|2021|0|container,20,2025,tanker,4099,6210.4807732105255,16441.42228603363,31932.31074333191,59449.392288684845,110335.38718347554
volume|2021|0|container,20,2025,gas,951,15712.11067867279,32532.21032166481,60356.1487159729,106184.1996524334,188572.6703634262
volume|2021|0|container,20,2025,general,1769,7122.114028739929,13191.216297626495,27229.451508641243,52661.785460948944,111074.79943823219
volume|2021|0|container,20,2025,roro,588,9855.972782182695,19279.662008345127,29318.856283307076,48699.26103839278,146332.86685012592
volume|2022|0|all,20,2018,all,15321,6467.234238624573,12109.620098114014,20165.12632369995,31606.23596096039,54301.41910791397
volume|2022|0|all,20,2018,container,2234,2926.669080781937,7954.051162242889,13368.409536004066,24837.55036187172,115875.57579498293
volume|2022|0|all,20,2018,bulk,6294,9685.232890054585,16783.387492895126,22965.342947483063,34438.954812943935,50035.81142272949
volume|2022|0|all,20,2018,tanker,3798,5577.162324690821,10726.911981031299,17108.169689059258,26336.260967373848,44106.75282382968
volume|2022|0|all,20,2018,gas,820,7989.274855957926,13783.304182171822,22290.1484041214,39363.1694984436,69952.47846379282
volume|2022|0|all,20,2018,general,1646,6178.895899236202,10398.781591892242,17554.098670482635,29148.954739429057,53116.166984558105
volume|2022|0|all,20,2018,roro,529,9239.784058177473,14048.38845539093,22164.330667972565,32289.177873134613,69304.71732587814
volume|2022|0|all,20,2019,all,15502,7009.583661651613,12946.019544750452,21742.623383045197,36571.77494585514,65776.38937778473
volume|2022|0|all,20,2019,container,2209,2882.440185588598,8570.827658891678,14384.17961025238,43003.46242906153,144198.92024896145
volume|2022|0|all,20,2019,bulk,6371,10007.363350868223,17889.05497264862,24847.06286811829,38650.290513038635,57224.33330249786
volume|2022|0|all,20,2019,tanker,3924,6139.328692889214,11402.678663492203,18602.324519634247,29574.677465677258,52262.532204032
volume|2022|0|all,20,2019,gas,874,9336.282142734528,15151.812372207642,24074.734515309334,44560.4145578146,88830.00870008481
volume|2022|0|all,20,2019,general,1607,6361.1779192239055,11313.29833630845,20041.80166065693,35287.804670095444,70102.48713874818
volume|2022|0|all,20,2019,roro,517,9477.75029888153,14580.990999221802,23116.021231651303,37641.107614040375,91732.33906933371
volume|2022|0|all,20,2020,all,15740,7164.914743423462,13065.01049183309,21641.37671327591,35553.72955965996,68932.39321371318
volume|2022|0|all,20,2020,container,2212,2763.7168694376946,8232.69176363945,14455.001977920532,41858.29293131828,169132.28030219086
volume|2022|0|all,20,2020,bulk,6573,10890.195784181355,18212.048773944374,24337.163840293884,37390.76650238037,58283.63003635407
volume|2022|0|all,20,2020,tanker,3944,6261.598055362701,11189.983606219292,18148.746068954468,28746.47548508644,54748.87510429621
volume|2022|0|all,20,2020,gas,913,9392.224051475525,16153.926993370056,25609.79482769966,46264.08022594452,99259.81772079472
volume|2022|0|all,20,2020,general,1592,6350.112903111429,10844.94217479229,20276.60580712557,34785.2737570107,71571.41587408334
volume|2022|0|all,20,2020,roro,506,9544.99427229166,14605.129728734493,22561.69830441475,35566.20867699385,105560.2435272932
volume|2022|0|all,20,2021,all,16620,7459.110012595356,13072.74640288949,21779.965604901314,35827.11553275585,69839.02462078334
volume|2022|0|all,20,2021,container,2505,3240.129760169983,8596.29182061553,14204.15787744522,40342.785914063454,172143.49310860632
volume|2022|0|all,20,2021,bulk,6773,11859.829802131653,18557.413991868496,24829.672245264053,38016.295793533325,58462.42352581024
volume|2022|0|all,20,2021,tanker,4085,5848.188676071167,10924.696315288544,17879.459458589554,29181.3729467392,55081.35651588438
volume|2022|0|all,20,2021,gas,977,10240.547847938538,16733.00387263298,27468.489294052124,51263.9765958786,107316.29221782682
volume|2022|0|all,20,2021,general,1751,6963.865073442459,11221.806157827377,19444.112593859438,33221.488980293274,70022.32518482208
volume|2022|0|all,20,2021,roro,529,9739.868869638443,15662.097459316254,23247.69908642769,35039.10650920868,103006.86801977156
volume|2022|0|all,20,2022,all,17691,6506.916898727417,12455.878609418869,20819.867246627808,34587.37468147278,68352.85365009308
volume|2022|0|all,20,2022,container,2890,3325.094750070572,7783.356982707977,13612.606250405312,28834.48995436565,165788.9755021572
volume|2022|0|all,20,2022,bulk,7090,10359.534430480004,17653.44348716736,23711.655671596527,36524.59739840031,55071.461660242094
volume|2022|0|all,20,2022,tanker,4229,5786.997073459625,10756.499567985536,17479.202412605286,28422.93847846985,57059.17710762024
volume|2022|0|all,20,2022,gas,991,9847.97232055664,16389.67911529541,25840.886254310608,53887.62308216095,107849.6115541458
volume|2022|0|all,20,2022,general,1884,6351.047726480663,10925.69072596915,18445.582612514496,34104.03067088127,68765.65533734563
volume|2022|0|all,20,2022,roro,607,9410.854193735122,14558.128002405167,21569.51626044512,33703.871273994446,96842.49131825565
volume|2022|0|all,20,2023,all,17714,6380.466997861862,12372.221159957347,20823.031071662903,35105.79283082485,70233.84810695054
volume|2022|0|all,20,2023,container,2948,3162.5858687281607,7706.080543607473,14772.724055290222,38863.83411633968,154251.76993297052
volume|2022|0|all,20,2023,bulk,7061,9771.540845870972,17389.122394561768,23430.28066253662,35979.18738460541,55067.7831287384
volume|2022|0|all,20,2023,tanker,4262,5915.191710042954,10826.047599792482,17406.28138256073,28433.366109609604,59321.08153338435
volume|2022|0|all,20,2023,gas,993,10026.212195062637,16362.979697227478,28389.96647825837,57190.21816062927,108818.67068901067
volume|2022|0|all,20,2023,general,1849,5806.849254095555,10616.596187114716,19122.162570238117,34032.292103767395,72728.71691026687
volume|2022|0|all,20,2023,roro,601,9898.101561844349,14910.926611423492,21612.366995811462,33287.17493057251,99874.0909371376
volume|2022|0|all,20,2024,all,16746,6255.199813693762,12545.913971066475,21585.26207923889,36309.630411982536,72098.29346823692
volume|2022|0|all,20,2024,container,2715,3244.233514451981,7942.704290866852,16126.521772384644,45960.55916786194,146226.27324891085
volume|2022|0|all,20,2024,bulk,6665,9947.457210159302,17400.084510803223,23660.337275981903,36048.66044807434,57261.94909362793
volume|2022|0|all,20,2024,tanker,4087,5342.545297241211,10687.237571001053,18150.939244270325,30471.830283164978,60844.939871311195
volume|2022|0|all,20,2024,gas,951,9390.295490264893,17201.2437582016,31799.945384979248,62481.392052181065,109047.09330272676
volume|2022|0|all,20,2024,general,1767,5833.146681988985,10268.302073478699,19583.12400627136,34945.02051830292,73801.0190981865
volume|2022|0|all,20,2024,roro,561,10047.929420232773,15827.88792514801,22346.412979364395,35159.435754776,101152.97730016708
volume|2022|0|all,20,2025,all,17006,6554.272964954376,12722.807084679604,21506.322984457016,35308.16703057289,65507.509060800076
volume|2022|0|all,20,2025,container,2779,3421.6409501075746,8444.07859992981,17439.626168251038,48333.635290533304,124561.9562998297
volume|2022|0|all,20,2025,bulk,6820,9847.870981392265,17455.053977787495,23495.76569700241,35146.30561518669,52186.204325151455
volume|2022|0|all,20,2025,tanker,4099,5307.68510093689,10816.462875843048,17825.66662824154,28720.774898529053,53224.70301647188
volume|2022|0|all,20,2025,gas,951,9578.214489936829,17323.087581157684,30148.869742393494,59449.09315609932,98974.07078838348
volume|2022|0|all,20,2025,general,1769,6628.192976951599,10681.52767276764,19641.607178777456,33388.685874938965,61317.09371051531
volume|2022|0|all,20,2025,roro,588,9057.339411580564,15590.656385064125,22979.57809650898,36240.337799310684,92697.11152043351
volume|2022|0|bulk,20,2018,all,15321,7637.175550460815,12923.858684539797,20679.728861808777,33310.390597343445,62165.59534835816
volume|2022|0|bulk,20,2018,container,2234,6030.524044036865,9668.606187433004,17472.20884680748,51270.96740448475,132285.9581364632
volume|2022|0|bulk,20,2018,bulk,6294,8382.403361558918,14332.451248526573,21013.87122231722,29533.160038232803,43232.46629006862
volume|2022|0|bulk,20,2018,tanker,3798,6839.957474422456,11897.417760968208,19149.342723846436,30450.531895034015,52022.309509754195
volume|2022|0|bulk,20,2018,gas,820,8523.572926807403,14688.675980389118,24920.765095710754,44209.92219859362,83455.9998849392
volume|2022|0|bulk,20,2018,general,1646,8603.310617923737,13934.30203011632,22795.03633236885,42697.18939509988,92630.51858472824
volume|2022|0|bulk,20,2018,roro,529,13494.256979441643,20294.93043041229,29098.102754831318,55691.66011637449,132985.62627778048
volume|2022|0|bulk,20,2019,all,15502,8085.00856947899,13846.51674067974,22666.511578023434,38203.19821560383,76255.64464706181
volume|2022|0|bulk,20,2019,container,2209,6380.103257918358,10210.067372322084,19247.93617719412,71474.47528880835,167099.01244869235
volume|2022|0|bulk,20,2019,bulk,6371,8825.442984998226,15530.175960361958,22547.557637691498,33293.223927497864,48736.26049184799
volume|2022|0|bulk,20,2019,tanker,3924,7443.481216669083,12639.874453663828,20969.874843597412,35441.9071969986,62442.15874788765
volume|2022|0|bulk,20,2019,gas,874,10090.481627559662,16644.497176527977,28643.712259292603,55035.18881726266,102858.01275522709
volume|2022|0|bulk,20,2019,general,1607,9228.197981357576,15470.468566540629,25511.901254177094,53129.3193025589,112138.29466481211
volume|2022|0|bulk,20,2019,roro,517,13961.610768699646,22161.23188400269,32921.6977558136,62860.43383312225,162753.66071960935
volume|2022|0|bulk,20,2020,all,15740,8314.666727489233,13905.87066411972,22134.00136691332,37447.037783920765,81710.21394720078
volume|2022|0|bulk,20,2020,container,2212,6469.82506262064,11594.949280500412,20985.66452252865,79571.58738851547,192160.61811542517
volume|2022|0|bulk,20,2020,bulk,6573,9170.277073860168,15238.521932601929,21805.147683143616,31454.269868850708,46792.79551239015
volume|2022|0|bulk,20,2020,tanker,3944,7371.741363620758,12578.250461876392,20370.988049268723,33987.88113218546,68402.8677272499
volume|2022|0|bulk,20,2020,gas,913,9528.804069900512,16702.549346923828,26457.694029331207,53990.5032749176,113619.77508029941
volume|2022|0|bulk,20,2020,general,1592,9195.385069274904,15476.92215871811,27140.509768486023,56867.291641533375,124372.33915495276
volume|2022|0|bulk,20,2020,roro,506,13386.675299599767,19960.173101902008,30399.094116806984,58200.56089162827,175017.15532183647
volume|2022|0|bulk,20,2021,all,16620,8649.46929974556,14131.716201543806,22444.40986120701,37621.702870607376,81694.46736412049
volume|2022|0|bulk,20,2021,container,2505,6888.951875770092,12008.924806594849,22007.231372594837,72257.89764928818,197097.92057380665
volume|2022|0|bulk,20,2021,bulk,6773,10031.705904960634,15815.223340034485,22043.972610473636,31368.955146312717,46590.97294540406
volume|2022|0|bulk,20,2021,tanker,4085,6807.14729309082,11777.142065763474,19971.982760429382,34201.80710315704,66707.15456943511
volume|2022|0|bulk,20,2021,gas,977,11721.219021630288,17758.404223442078,28530.647617340088,56160.84435558319,117551.30298838612
volume|2022|0|bulk,20,2021,general,1751,9543.28809928894,15603.402421623468,25933.847264289856,52204.75751018524,119244.84871880151
volume|2022|0|bulk,20,2021,roro,529,14611.224352158606,21470.127435684204,31440.93859386444,59138.66850161552,198637.0607196807
volume|2022|0|bulk,20,2022,all,17691,8106.358481407165,13675.636168848723,21752.210711956024,37029.185824394226,82785.59065723419
volume|2022|0|bulk,20,2022,container,2890,6775.00918264389,11637.693637251852,20673.258171081543,65700.55580407381,192630.87593972086
volume|2022|0|bulk,20,2022,bulk,7090,9056.481533634662,15159.152056396008,21589.782928943634,30634.381315290928,45607.856082761304
volume|2022|0|bulk,20,2022,tanker,4229,6532.90307674408,11547.29659178853,19018.255372285843,33184.242018699646,67781.27889938356
volume|2022|0|bulk,20,2022,gas,991,11580.999382019045,17288.429172992706,29630.01594734192,63134.76837158203,122948.22131085396
volume|2022|0|bulk,20,2022,general,1884,9251.371435141564,15378.405051905662,26104.403191030025,53667.043931245804,113973.99082914516
volume|2022|0|bulk,20,2022,roro,607,11773.240967941285,20360.181812763214,30043.057059288025,59378.642003655434,193171.07697453498
volume|2022|0|bulk,20,2023,all,17714,7967.659593677522,13268.506482183933,21631.92752099037,37516.3886590004,85891.78573465349
volume|2022|0|bulk,20,2023,container,2948,6620.2247626304625,11699.902953624724,21294.00213611126,72102.78852272034,190460.46797099125
volume|2022|0|bulk,20,2023,bulk,7061,8884.003407478333,14576.159628868105,21206.489181518555,30109.03068637848,45526.36425858736
volume|2022|0|bulk,20,2023,tanker,4262,6807.14729309082,11391.551679491997,18517.746397018433,33910.36730384827,72761.03489861492
volume|2022|0|bulk,20,2023,gas,993,11348.443342113495,17687.838472366333,33880.712193489075,70569.07464981079,127046.9214902401
volume|2022|0|bulk,20,2023,general,1849,8616.553763532638,15319.97698545456,25063.81590771675,53983.657732486725,115444.537699911
volume|2022|0|bulk,20,2023,roro,601,12377.811038017271,19846.88635826111,28418.18187189102,59792.74807929993,193661.54498386383
volume|2022|0|bulk,20,2024,all,16746,7661.182713508606,13850.092813968658,22896.62894153595,39881.06648683548,86109.79964637756
volume|2022|0|bulk,20,2024,container,2715,6436.30843334198,11906.888723134995,23357.258768558502,73674.0237839222,178820.79226295935
volume|2022|0|bulk,20,2024,bulk,6665,8919.077757644654,15604.358801841736,22169.08969593048,31522.890877246857,48206.78015499115
volume|2022|0|bulk,20,2024,tanker,4087,6123.319196605683,11615.729721903801,20308.41123580933,36822.287320137024,73824.44331283569
volume|2022|0|bulk,20,2024,gas,951,9676.037415504456,18660.78715467453,37433.47353839874,78601.67635393143,131745.47932624817
volume|2022|0|bulk,20,2024,general,1767,8542.430883002284,15591.05483841896,27171.85756349564,52759.56575393677,111376.18897457128
volume|2022|0|bulk,20,2024,roro,561,14757.114753246307,20466.685832500458,31257.246757507324,58475.92975711823,186157.53119957447
volume|2022|0|bulk,20,2025,all,17006,7861.297118663788,14134.855094492435,22844.640326857567,38804.4160592556,76529.18190627545
volume|2022|0|bulk,20,2025,container,2779,6735.461600637436,12346.298336267471,24144.301038742065,68921.8102260828,151042.36917808058
volume|2022|0|bulk,20,2025,bulk,6820,9233.713676643372,16018.383739233017,22064.115824222565,31499.182721376423,45943.59674210549
volume|2022|0|bulk,20,2025,tanker,4099,5908.72593832016,11538.96771287918,19872.827300548557,35243.24214267731,65401.535050582956
volume|2022|0|bulk,20,2025,gas,951,9931.71428346634,18634.532908916473,36639.15568733215,71637.43900299072,116391.98082202672
volume|2022|0|bulk,20,2025,general,1769,9374.63245806694,14970.19248867035,25534.069437026978,45981.7704410553,100428.01603479388
volume|2022|0|bulk,20,2025,roro,588,13324.641753864289,20489.090642094612,32064.636690616608,58571.56159961224,152905.8165560484
volume|2022|0|container,20,2018,all,15321,7326.479848146439,16366.83245229721,29924.923327445984,52631.02724075317,98363.32546329498
volume|2022|0|container,20,2018,container,2234,2539.4959919929506,8257.01850143075,15138.965828895569,41472.26463893056,169543.64446575643
volume|2022|0|container,20,2018,bulk,6294,12619.816425335408,22323.910464286804,33720.35163021088,52235.13290464878,82465.05547361373
volume|2022|0|container,20,2018,tanker,3798,6873.885605716706,15972.887237384915,29709.976988375187,52273.2095220685,92663.67851860535
volume|2022|0|container,20,2018,gas,820,12240.55520233959,23739.841635346413,43797.25034713745,84056.73883318901,179847.84566788678
volume|2022|0|container,20,2018,general,1646,6720.605954416096,12522.030606746674,26315.043066501617,48618.44268578291,101944.79120592773
volume|2022|0|container,20,2018,roro,529,9216.481447029113,16102.180799484251,27446.28738355637,43054.96555894613,113761.61620506641
volume|2022|0|container,20,2019,all,15502,8243.882128870488,19097.72648274899,35803.53393173218,65350.32666313648,117109.18759963512
volume|2022|0|container,20,2019,container,2209,2599.3232998847966,8681.7921667099,17715.546046972275,71474.47528880835,208696.3929394722
volume|2022|0|container,20,2019,bulk,6371,13319.794827997684,24503.69685307145,40255.56911563873,62902.24825525284,96977.05764484406
volume|2022|0|container,20,2019,tanker,3924,8145.009499549866,17983.85080397129,35119.29181665182,63144.720241487026,105887.55107088099
volume|2022|0|container,20,2019,gas,874,15005.713497781755,31918.216077804565,59512.36608886719,103757.30369585752,214047.1864784956
volume|2022|0|container,20,2019,general,1607,7273.915405273438,14837.99104809761,32557.655910491943,64309.29743218422,120008.91645908359
volume|2022|0|container,20,2019,roro,517,9484.222249174118,21202.43683862686,30781.34456539154,52508.46956324577,151117.77138261797
volume|2022|0|container,20,2020,all,15740,8405.221549987793,19419.846352815624,35344.87907075882,68509.5057144165,132771.03521276714
volume|2022|0|container,20,2020,container,2212,2300.373356962204,7928.80047482252,17373.753550171852,78677.44014200568,230882.94150199892
volume|2022|0|container,20,2020,bulk,6573,15114.234293174743,24478.78031349182,39928.90842437744,64814.75270652771,104285.49223947526
volume|2022|0|container,20,2020,tanker,3944,8345.805711841584,18069.364581346512,33665.56345367432,65009.904984772205,119004.65564242602
volume|2022|0|container,20,2020,gas,913,17460.310186100007,34445.63935351372,63637.31105566025,120182.67549610138,225510.07139720916
volume|2022|0|container,20,2020,general,1592,6775.527913747355,14403.16354036331,31323.433575443923,69105.11547541618,131780.17028125122
volume|2022|0|container,20,2020,roro,506,9715.171932578087,19052.37332510948,30622.95088970661,51032.37938942016,175864.43566417694
volume|2022|0|container,20,2021,all,16620,8589.661657619477,19181.821023225784,36053.33216881752,68660.50276145339,137797.5288482666
volume|2022|0|container,20,2021,container,2505,2453.1974409103395,8656.961871147156,16395.697050094604,73453.99936008453,239484.93176727294
volume|2022|0|container,20,2021,bulk,6773,16251.592121219637,26121.12538433075,41080.624205589294,65123.10057067871,105343.69260444646
volume|2022|0|container,20,2021,tanker,4085,7699.772380256653,17074.995893001556,33367.50486421585,64774.70415401459,124863.09510555264
volume|2022|0|container,20,2021,gas,977,21362.19696521759,36983.07453918457,68292.85315704346,131413.53467702866,231394.14684197897
volume|2022|0|container,20,2021,general,1751,7495.96121931076,13713.177578926086,29614.28457927704,64132.715322732925,133586.40274906158
volume|2022|0|container,20,2021,roro,529,9489.958825743199,19324.114699602127,30648.097517490387,51487.47641563416,178577.04308907976
volume|2022|0|container,20,2022,all,17691,7258.046991199255,17892.055552840233,34453.40274524689,66778.06394958496,135421.67706108093
volume|2022|0|container,20,2022,container,2890,2456.018329676986,6126.599127411842,15622.059538602829,51155.6634637136,226985.474617052
volume|2022|0|container,20,2022,bulk,7090,14924.724347686768,24856.893435001373,40213.94120454788,63778.53290420771,101776.53295888905
volume|2022|0|container,20,2022,tanker,4229,6837.843220996857,17141.384776115417,33895.9421633482,67312.41400909424,129016.29500989922
volume|2022|0|container,20,2022,gas,991,17969.269817352295,35805.76165706664,68597.44353246689,133541.2707362175,230927.2233864069
volume|2022|0|container,20,2022,general,1884,7021.609387889504,12856.92366167903,28286.586226940155,59000.55994270742,128156.01125488286
volume|2022|0|container,20,2022,roro,607,9310.112303781509,17482.94414627552,29911.212610721588,49825.58465871215,139084.77995433807
volume|2022|0|container,20,2023,all,17714,7206.080132633448,18022.507127285004,34173.317318439484,66263.1958065033,132672.00548706064
volume|2022|0|container,20,2023,container,2948,2386.5759136617185,5892.332543373108,17509.39663308859,60281.319043278694,213645.83835748435
volume|2022|0|container,20,2023,bulk,7061,13921.642341375353,23977.095580101013,38611.84179270268,61954.13297653198,99352.27167797089
volume|2022|0|container,20,2023,tanker,4262,7142.9732201099405,17592.81865978241,33978.41129899025,68714.18640983105,128572.68207807542
volume|2022|0|container,20,2023,gas,993,19606.86564893723,37266.00543856621,67661.1369190216,127945.42294120789,218266.41278858192
volume|2022|0|container,20,2023,general,1849,6966.04060382843,13094.828575372696,29894.66687965393,58543.70536518097,129903.58688971182
volume|2022|0|container,20,2023,roro,601,10228.67054247856,17486.370873451233,28877.768845558167,53015.313814640045,147763.9755655527
volume|2022|0|container,20,2024,all,16746,7157.300322055817,17804.88600730896,33615.959864377975,65265.96595680714,125957.98644924164
volume|2022|0|container,20,2024,container,2715,2407.2633768796927,6622.81894287467,17951.29826450348,65473.11194910854,205499.17652077673
volume|2022|0|container,20,2024,bulk,6665,13683.859185028077,23547.11353957653,37512.43303012848,60367.344856381416,94534.32353725434
volume|2022|0|container,20,2024,tanker,4087,6476.7177963256845,16508.72989320755,33942.27680015564,68262.45189464092,123626.02235069276
volume|2022|0|container,20,2024,gas,951,18973.654024124146,34873.37211036682,65157.59739494324,124768.11886525154,208978.7697172165
volume|2022|0|container,20,2024,general,1767,6552.327693247796,12961.03818756342,28137.692811965942,59650.62211251259,124469.92538530828
volume|2022|0|container,20,2024,roro,561,10892.158559799194,18969.25215625763,28596.13333749771,52959.70130443573,165935.84583246708
volume|2022|0|container,20,2025,all,17006,7236.699166595936,17540.542420864105,32275.448712706566,58310.987535238266,109255.92579221725
volume|2022|0|container,20,2025,container,2779,2462.3584385156632,7416.25335919857,18797.80660772324,56410.2093231678,169191.47726646674
volume|2022|0|container,20,2025,bulk,6820,13463.54797565937,23405.658259391785,35977.35375982523,54422.385823726654,84180.05824246413
volume|2022|0|container,20,2025,tanker,4099,6210.4807732105255,16441.42228603363,31932.31074333191,59449.392288684845,110335.38718347554
volume|2022|0|container,20,2025,gas,951,15712.11067867279,32532.21032166481,60356.1487159729,106184.1996524334,188572.6703634262
volume|2022|0|container,20,2025,general,1769,7122.114028739929,13191.216297626495,27229.451508641243,52661.785460948944,111074.79943823219
volume|2022|0|container,20,2025,roro,588,9855.972782182695,19279.662008345127,29318.856283307076,48699.26103839278,146332.86685012592
volume|2023|0|all,20,2018,all,15321,6436.316152572632,11856.030735492706,20353.963704109192,32642.49575805664,59710.98404765129
volume|2023|0|all,20,2018,container,2234,2904.773100864887,6824.753056526184,11984.645680002868,26357.581692397594,121397.12657752635
volume|2023|0|all,20,2018,bulk,6294,9853.923078203201,16973.94771361351,23074.537932395935,34972.98676919937,53690.133362960805
volume|2023|0|all,20,2018,tanker,3798,5511.15630517006,10357.495015025139,17369.32287287712,27509.891394376755,49536.96944530013
volume|2023|0|all,20,2018,gas,820,7167.938417959213,12991.977200865746,21166.089936971664,39340.980166547,71861.3226027012
volume|2023|0|all,20,2018,general,1646,6653.893559902906,10945.523781009018,19499.171570777893,32792.91326904297,64089.850125312805
volume|2023|0|all,20,2018,roro,529,9239.784058177473,13731.503108024595,21439.19902420044,30474.23638820648,69175.79295310973
volume|2023|0|all,20,2019,all,15502,6892.317402780056,12821.481165885925,22105.427770853043,38361.27710822224,73416.34187717436
volume|2023|0|all,20,2019,container,2209,2898.040217399597,7114.412736415863,13094.856048583984,48940.87018108368,156054.65228934295
volume|2023|0|all,20,2019,bulk,6371,10591.316987991331,18203.547405719757,25041.247181892395,39757.2463991642,61756.71837615967
volume|2023|0|all,20,2019,tanker,3924,6102.700694680214,10938.362881183622,19098.750306606293,32218.508651971817,60482.07319417003
volume|2023|0|all,20,2019,gas,874,8218.306425094604,14627.92148900032,23694.617672085762,44872.20484828949,93608.00495700844
volume|2023|0|all,20,2019,general,1607,7373.960786533356,12362.513066291809,22726.87069451809,41178.99420905113,85731.30429153444
volume|2023|0|all,20,2019,roro,517,9456.85954465866,14580.990999221802,22967.05633723736,36358.17420387268,97027.7393479348
volume|2023|0|all,20,2020,all,15740,6974.541864293814,13022.547943115233,21900.207555770874,37262.70524144173,78769.80692973139
volume|2023|0|all,20,2020,container,2212,2746.686967658997,7355.4288936406365,13060.026663780212,48003.92719835043,185846.64346575746
volume|2023|0|all,20,2020,bulk,6573,11207.071853351592,18402.69152355194,24539.660192489624,38302.44717884064,62155.360737228395
volume|2023|0|all,20,2020,tanker,3944,5816.848463392258,10866.323483288286,18484.971954107285,30025.666128873825,64906.99265651704
volume|2023|0|all,20,2020,gas,913,8790.43278579712,16250.633804321287,25554.21395301819,46264.08022594452,101223.42491607666
volume|2023|0|all,20,2020,general,1592,6793.395007200167,12111.007011786103,23070.015903949738,40882.45770251751,90621.2963365555
volume|2023|0|all,20,2020,roro,506,9417.918713986874,14014.608234584333,22316.566601753235,35648.42315006257,106873.18361151218
volume|2023|0|all,20,2021,all,16620,7396.679809093476,13166.330847144127,22355.130253314972,38053.282630205154,81625.23445940019
volume|2023|0|all,20,2021,container,2505,3113.795381641388,7736.578656435013,13073.067114710808,45673.670719623566,186687.3445832014
volume|2023|0|all,20,2021,bulk,6773,12481.193849563597,19151.113951683044,25593.068133354187,39433.11659908295,63969.87101879121
volume|2023|0|all,20,2021,tanker,4085,5778.864223861695,10455.140707015991,18480.04936313629,30340.58471775055,62599.388712763786
volume|2023|0|all,20,2021,gas,977,10286.499914741516,17285.72528362274,27666.74566841125,53691.434109687805,113358.89556941982
volume|2023|0|all,20,2021,general,1751,7963.222677230835,12452.097128093244,21440.442455768585,40939.70043730736,88581.66666388512
volume|2023|0|all,20,2021,roro,529,9739.868869638443,15327.924682617188,23287.128553390503,36256.76990354061,101600.17825956341
volume|2023|0|all,20,2022,all,17691,6573.52983045578,12443.367951273918,21245.345561027527,36983.527541399,80517.02485466003
volume|2023|0|all,20,2022,container,2890,3194.859102010727,7136.636196017265,12918.776679873466,33186.74118208885,179052.42859905952
volume|2023|0|all,20,2022,bulk,7090,10957.836689338088,17951.730262756348,24404.492965459824,38011.076021432884,61976.33295822144
volume|2023|0|all,20,2022,tanker,4229,5558.983548474312,10276.408312797546,17763.674911499023,29940.306616783146,64593.366706204455
volume|2023|0|all,20,2022,gas,991,9915.682544708252,16564.360317230225,27261.85374355316,57697.80248880386,116391.98082202672
volume|2023|0|all,20,2022,general,1884,7253.656446889043,11735.121966384351,20470.936086177826,39680.40685391426,87472.07527916507
volume|2023|0|all,20,2022,roro,607,8832.753305327893,14074.669184923172,21696.45242881775,35598.615147173405,95957.15690048931
volume|2023|0|all,20,2023,all,17714,6640.334086191654,12381.586929321287,21373.262574076653,37529.259096324444,80219.68859424592
volume|2023|0|all,20,2023,container,2948,3101.3128090977666,7136.096635341644,13811.29903125763,43272.026520848274,167365.15359716432
volume|2023|0|all,20,2023,bulk,7061,10150.257564783096,17691.2253742218,23668.585983276367,37009.00204563141,59546.60569286346
volume|2023|0|all,20,2023,tanker,4262,6031.887937498093,10323.566658586264,17861.202741861343,30664.65060245991,68060.18476238253
volume|2023|0|all,20,2023,gas,993,10260.977564263345,17153.893596172333,28774.30443763733,57665.013635635376,114387.42083354005
volume|2023|0|all,20,2023,general,1849,6974.287063407898,11738.805835276842,21570.889227867126,40743.45814344287,85618.96879321933
volume|2023|0|all,20,2023,roro,601,9898.101561844349,14972.728061199188,22384.204917907715,35694.98073422909,104122.18615484238
volume|2023|0|all,20,2024,all,16746,6416.321811914444,12772.251291513443,22214.87423926592,39461.34457397461,80633.41260272264
volume|2023|0|all,20,2024,container,2715,3150.1433664321903,7490.359302431345,15228.727061271667,51627.422411203384,160534.1061609104
volume|2023|0|all,20,2024,bulk,6665,10437.172420048713,17953.817792892456,24541.001905173063,38408.87666082382,61539.38484649665
volume|2023|0|all,20,2024,tanker,4087,5354.902171707154,10338.93447470665,18301.780683517456,33099.90561461449,69055.26008510591
volume|2023|0|all,20,2024,gas,951,9672.396842002869,17854.690530776978,33381.46840286255,65809.11393779516,116475.5281867981
volume|2023|0|all,20,2024,general,1767,6859.079101467133,11670.227032780647,22078.25080013275,41513.58866095543,83471.94513187409
volume|2023|0|all,20,2024,roro,561,10281.553194999697,16553.09502029419,23282.05400466919,40274.63490962982,114725.41967618464
volume|2023|0|all,20,2025,all,17006,6680.326686859131,12945.396434307098,22274.869197368625,37701.45056068897,71702.84521701932
volume|2023|0|all,20,2025,container,2779,3396.1516828536987,8235.710932254791,16447.456709861755,50289.31575727463,136113.67487735755
volume|2023|0|all,20,2025,bulk,6820,10432.771533989908,17982.613647699356,24523.642894268036,37224.41341876984,56946.254287815114
volume|2023|0|all,20,2025,tanker,4099,5085.5158218383785,10420.720871925354,18303.602006673813,30736.50550508499,60702.713327026446
volume|2023|0|all,20,2025,gas,951,9508.868139266968,17748.81268310547,31310.04787826538,61220.11957025528,104573.2933664322
volume|2023|0|all,20,2025,general,1769,7491.24622707367,11897.146301746368,21820.371059417725,37345.48920702934,73300.58320665361
volume|2023|0|all,20,2025,roro,588,9376.16707547903,16342.695125699045,23646.424122154713,39203.160354435444,100265.92638337026
volume|2023|0|bulk,20,2018,all,15321,7603.454990386963,14333.928487062454,24618.737672805782,47410.03824746609,103000.634244442
volume|2023|0|bulk,20,2018,container,2234,5629.954023599625,11382.304523468018,23009.25071799755,91577.70008146763,204771.3905448677
volume|2023|0|bulk,20,2018,bulk,6294,7895.125988578797,15187.242983222008,22891.522523522377,36066.31226181984,57954.46576089859
volume|2023|0|bulk,20,2018,tanker,3798,7147.833882808686,13319.397082984447,23305.686252832416,46434.723398208625,88674.41791009907
volume|2023|0|bulk,20,2018,gas,820,10121.579818117618,20577.461887538433,40535.71722602844,72628.42072796822,140085.8679134369
volume|2023|0|bulk,20,2018,general,1646,8783.159808849916,16580.0053142393,29784.877668380737,70124.55738043785,165402.9036694467
volume|2023|0|bulk,20,2018,roro,529,17144.32808944583,27925.98528575897,44462.62325263024,91872.73400592804,235616.20918731674
volume|2023|0|bulk,20,2019,all,15502,8149.64621694237,15893.113708257675,28200.058008760214,57679.901695013046,124602.25120846926
volume|2023|0|bulk,20,2019,container,2209,6382.287294387817,11735.355570316317,26760.36010336876,120728.73263978958,242629.7076387287
volume|2023|0|bulk,20,2019,bulk,6371,8244.328080773354,16846.18066883087,25136.02197599411,41179.793671131134,66419.45437335968
volume|2023|0|bulk,20,2019,tanker,3924,7552.414209872484,14463.321023523808,27133.940004348755,55670.63165354729,103893.65585490473
volume|2023|0|bulk,20,2019,gas,874,12433.04104166031,25759.70929390192,52769.40463376045,94636.08164668083,166056.89683742527
volume|2023|0|bulk,20,2019,general,1607,9352.479290903826,18805.258185997605,37634.61432266235,92825.98785965145,203765.4026397229
volume|2023|0|bulk,20,2019,roro,517,19694.878503760694,32003.50464868545,51972.51102113724,126213.55728772284,285372.81465115555
volume|2023|0|bulk,20,2020,all,15740,8288.97059698105,16025.555298924446,27034.070376992226,58142.74293780327,136626.4169996262
volume|2023|0|bulk,20,2020,container,2212,6479.595537281037,12582.673521995544,27838.761256694794,133600.95081919432,276259.4387505412
volume|2023|0|bulk,20,2020,bulk,6573,8687.832872831823,16748.451617240906,24223.00134038925,39185.24120998383,65841.34214110376
volume|2023|0|bulk,20,2020,tanker,3944,7569.135453510285,14309.038583815096,26145.268075942993,58147.754603385925,116584.21772786386
volume|2023|0|bulk,20,2020,gas,913,12382.696724987032,23297.40283346176,52778.28884792328,97806.29702949524,176766.41540699007
volume|2023|0|bulk,20,2020,general,1592,9359.85537336506,19200.01883172989,37618.26658630371,106532.07530012728,221841.26286422022
volume|2023|0|bulk,20,2020,roro,506,18150.087522149086,29109.1705160439,47471.17237150669,133809.43632215261,354209.8018556237
volume|2023|0|bulk,20,2021,all,16620,8752.046198177339,16264.3038585186,27910.77107143402,58263.958439320326,142831.60854563717
volume|2023|0|bulk,20,2021,container,2505,7128.170954048634,14041.798950195312,32215.001854896545,136093.5358936787,284463.2912466048
volume|2023|0|bulk,20,2021,bulk,6773,9654.44434871674,17268.37567782402,24688.19110107422,39003.28273522854,65127.18919668198
volume|2023|0|bulk,20,2021,tanker,4085,6867.774733543396,13254.781390666962,26773.23001766205,57651.548491477966,116610.53563728329
volume|2023|0|bulk,20,2021,gas,977,13868.899392575026,26583.301901578903,51708.701333999634,96835.24406433104,177835.8149894237
volume|2023|0|bulk,20,2021,general,1751,10016.770727342926,18352.068950653076,36509.48769378662,103787.96518874168,220987.29522275925
volume|2023|0|bulk,20,2021,roro,529,17444.241931724548,28594.93006062508,47233.79199123383,139443.19520664215,390187.9426671356
volume|2023|0|bulk,20,2022,all,17691,8021.603861808777,15455.34628200531,26670.247836112976,56197.3686311245,139580.4663619995
volume|2023|0|bulk,20,2022,container,2890,6493.329683399201,12811.596354842186,26779.316809654236,115367.88873642683,270533.70008106227
volume|2023|0|bulk,20,2022,bulk,7090,8681.59722070098,16747.331936240196,23976.738530397415,38539.87201404571,63320.12558794022
volume|2023|0|bulk,20,2022,tanker,4229,6675.295793533325,12767.224014759064,24664.12317085266,54867.355050086975,115857.9069462777
volume|2023|0|bulk,20,2022,gas,991,13249.218142181637,24962.873618602753,53733.98550653458,100761.77690052986,181792.73518323895
volume|2023|0|bulk,20,2022,general,1884,9211.985899353027,17915.14594435692,35525.823943942785,99560.56127020343,216634.5808567524
volume|2023|0|bulk,20,2022,roro,607,14915.20289336443,26153.97607421875,45461.99554514885,123752.22470128536,358269.13975734694
volume|2023|0|bulk,20,2023,all,17714,7882.5742076873785,14767.26219522953,25686.423748016357,55402.85707902908,140702.1705730439
volume|2023|0|bulk,20,2023,container,2948,6434.008885121346,12633.25543498993,28650.271288990974,122343.57564997672,263813.5347746135
volume|2023|0|bulk,20,2023,bulk,7061,8301.395228922367,15670.506496429443,22752.590781211853,36439.07333087921,60615.15157699585
volume|2023|0|bulk,20,2023,tanker,4262,6888.841631031037,12360.110153079031,23717.112513780594,53867.3870985508,118529.205485189
volume|2023|0|bulk,20,2023,gas,993,12534.155885791779,25066.188760757446,54355.74592930079,104705.38671016692,181176.16856861126
volume|2023|0|bulk,20,2023,general,1849,8691.659101390838,17327.326385498047,33469.02424573898,99728.9300880432,217827.51918811796
volume|2023|0|bulk,20,2023,roro,601,14136.268465220928,25483.775743484497,43906.70699930191,116989.8837531805,350268.0698321164
volume|2023|0|bulk,20,2024,all,16746,7580.233910664916,15421.005775481462,27253.77985832095,56830.74219977856,132944.45198512077
volume|2023|0|bulk,20,2024,container,2715,6509.722613716126,13147.986634135246,30614.85659790039,116915.13711959124,254012.6017956733
volume|2023|0|bulk,20,2024,bulk,6665,8432.399673461914,16655.2846404016,23863.3902964592,37471.98945617676,61569.33339843752
volume|2023|0|bulk,20,2024,tanker,4087,6131.407940483094,12732.464508533478,25530.00058078766,56691.509993076324,113160.76783463957
volume|2023|0|bulk,20,2024,gas,951,11383.214510440826,27097.675864756107,53440.86430931091,106266.27820396423,181558.44880199432
volume|2023|0|bulk,20,2024,general,1767,8454.040092644096,16513.937516763806,34008.50239276886,93344.41670931503,210370.1237848282
volume|2023|0|bulk,20,2024,roro,561,16340.09337091446,26845.653215169907,48935.45912694931,124017.51873636246,311654.9751980975
volume|2023|0|bulk,20,2025,all,17006,7651.740459084511,15551.789758324623,27140.65643727779,53219.77548885346,113897.38419129325
volume|2023|0|bulk,20,2025,container,2779,6734.325857543946,14368.706104755402,33337.962807536125,99764.95645046234,215682.73007869735
volume|2023|0|bulk,20,2025,bulk,6820,8659.412999248505,16891.642477065325,23863.913803100586,37274.52439713477,57512.18395433428
volume|2023|0|bulk,20,2025,tanker,4099,5893.213536262513,12439.836821317673,25575.17264842987,52131.9276406765,96891.27816753389
volume|2023|0|bulk,20,2025,gas,951,10934.272385597227,25169.930827379227,51487.37755393982,91530.38507378101,155084.1395227909
volume|2023|0|bulk,20,2025,general,1769,9172.137473011016,16168.440539360046,32385.391467764974,73845.35378170013,184113.766791153
volume|2023|0|bulk,20,2025,roro,588,14946.958445024491,28768.087842300534,50073.261249780655,108368.03694294393,282473.2340627793
volume|2023|0|container,20,2018,all,15321,7069.923708558083,16013.966955184937,29647.83111190796,52088.23558807373,96976.51563602686
volume|2023|0|container,20,2018,container,2234,2488.2593493223194,7710.385209560394,14521.850658655167,35574.3027883023,164165.13608725072
volume|2023|0|container,20,2018,bulk,6294,12484.916313409805,22200.091853618622,33656.67345095704,52079.42387652397,82295.53229579925
volume|2023|0|container,20,2018,tanker,3798,6870.010815858841,15802.68660891056,29408.61021924019,51702.45028817654,91239.07183339598
volume|2023|0|container,20,2018,gas,820,12173.348989211026,23594.356754362583,43797.25034713745,83911.05956077576,178024.05312461857
volume|2023|0|container,20,2018,general,1646,6294.687673330307,12054.903005048633,25978.72827058286,47230.62127903104,98220.79178017378
volume|2023|0|container,20,2018,roro,529,9138.062228727342,16102.180799484251,27446.28738355637,43024.18931436539,109277.80360107419
volume|2023|0|container,20,2019,all,15502,7975.250661170484,18692.065593898296,35265.63504195213,64303.210827976465,115062.91341485977
volume|2023|0|container,20,2019,container,2209,2573.818028831482,8083.942565917969,16566.896403312683,61674.026663303375,198242.1383269787
volume|2023|0|container,20,2019,bulk,6371,13268.67971611023,24486.54442000389,40150.66236019135,62789.961186885834,96362.71151447296
volume|2023|0|container,20,2019,tanker,3924,8145.009499549866,17887.671247422695,34548.34963178635,61821.214120447636,103978.89425520904
volume|2023|0|container,20,2019,gas,874,14646.209229934218,31510.935806155205,59145.270517110825,103686.0347211957,214047.1864784956
volume|2023|0|container,20,2019,general,1607,6785.142405247689,14294.418617486954,32001.594688415527,61986.151466846466,116420.49691491132
volume|2023|0|container,20,2019,roro,517,9489.420499777792,21141.33465862274,30781.34456539154,51916.95472788811,147057.0586936952
volume|2023|0|container,20,2020,all,15740,8133.50667295456,19085.96678173542,34739.55853462219,66917.66270518303,129394.96859347825
volume|2023|0|container,20,2020,container,2212,2315.0856216430666,6820.197005748749,16256.53627216816,62366.69483280182,223012.66144350768
volume|2023|0|container,20,2020,bulk,6573,15086.774717140197,24335.052424252037,39531.14241886139,64390.51214122772,103384.99352664947
volume|2023|0|container,20,2020,tanker,3944,8266.219336175918,17857.54155397415,33166.9896299839,63959.9378336668,117283.89676346778
volume|2023|0|container,20,2020,gas,913,16956.646861481666,33963.22716999054,62569.88572502136,119691.44802379608,225510.07139720916
volume|2023|0|container,20,2020,general,1592,6502.867261600496,13838.623805243522,30907.65456855297,66986.45297920704,125799.49892413616
volume|2023|0|container,20,2020,roro,506,9690.715693801641,18766.727968215942,30460.67531645298,49366.40457431971,169838.74195241928
volume|2023|0|container,20,2021,all,16620,8423.184031105042,18905.890649080276,35499.33137464523,67217.81899142265,134502.12608335022
volume|2023|0|container,20,2021,container,2505,2496.2738848865033,7883.962436199188,15475.232689857485,60560.71564912796,227200.8434319495
volume|2023|0|container,20,2021,bulk,6773,16368.021276092531,26005.99038696289,40790.03963756561,64869.66040086746,104517.87456722259
volume|2023|0|container,20,2021,tanker,4085,7812.849329614639,17016.27255988121,32795.82957458496,63841.99584269524,122192.27823691367
volume|2023|0|container,20,2021,gas,977,21183.489643096924,36833.848172187805,67932.50503396988,131008.2884016037,231394.14684197897
volume|2023|0|container,20,2021,general,1751,7406.389789938927,13502.206394195557,29139.73780441284,62380.75795203447,127142.77546024324
volume|2023|0|container,20,2021,roro,529,9489.958825743199,19308.872226715088,30605.104186415672,49637.48965263367,166107.877672863
volume|2023|0|container,20,2022,all,17691,7117.165628671646,17548.273147583008,33826.91214847565,65417.749720573425,130392.03200864792
volume|2023|0|container,20,2022,container,2890,2511.204566049576,5541.451546669006,14702.153502643108,40692.194020569324,210723.30348436526
volume|2023|0|container,20,2022,bulk,7090,14917.995479917527,24731.216756224632,39927.228847026825,63441.18114193627,101170.56310167318
volume|2023|0|container,20,2022,tanker,4229,6783.601069164276,16993.53743505478,33454.621150016785,65687.77766132355,125393.05715439323
volume|2023|0|container,20,2022,gas,991,17945.77478122711,35569.468747377396,68279.17643356323,133114.52202248573,230927.2233864069
volume|2023|0|container,20,2022,general,1884,6833.391331028939,12385.257612347603,27553.50914502144,55384.50903201103,124627.46128911973
volume|2023|0|container,20,2022,roro,607,9310.112303781509,17446.22328734398,29715.057713270187,49279.37483894825,136497.20151491163
volume|2023|0|container,20,2023,all,17714,6972.222437411547,17590.9429346323,33580.706515192986,64814.656401634216,128174.91236648563
volume|2023|0|container,20,2023,container,2948,2489.067976856232,5402.5409198105335,16522.447113990784,47612.40024568141,201203.64839855448
volume|2023|0|container,20,2023,bulk,7061,13900.955430984495,23925.20861339569,38332.0449514389,61659.99922466278,98682.6234292984
volume|2023|0|container,20,2023,tanker,4262,7095.454576969147,17335.93409371376,33554.48754763603,67623.940954566,126290.30496776113
volume|2023|0|container,20,2023,gas,993,19308.903869238893,37229.96836018562,67131.25373649597,127524.59905290604,218266.41278858192
volume|2023|0|container,20,2023,general,1849,6618.024376213551,12563.978436470032,28945.48179626465,56230.17191982269,124901.23774012925
volume|2023|0|container,20,2023,roro,601,10228.67054247856,17486.370873451233,28877.768845558167,52959.70130443573,145719.53454351425
volume|2023|0|container,20,2024,all,16746,6908.726125717163,17360.64540141821,33048.75236263871,63701.174355983734,122109.58365035059
volume|2023|0|container,20,2024,container,2715,2506.4994163513184,5924.727689921856,16964.00213098526,51264.926197052,190602.83216497887
volume|2023|0|container,20,2024,bulk,6665,13632.535187864305,23543.487432956696,37302.046506881714,60259.77084350586,93950.02004814152
volume|2023|0|container,20,2024,tanker,4087,6476.7177963256845,16215.429559648037,33294.66690444946,67052.3169476986,120863.1045854569
volume|2023|0|container,20,2024,gas,951,17864.16664123535,33999.255568027496,64686.66569805145,124295.71341216564,208978.7697172165
volume|2023|0|container,20,2024,general,1767,6381.443279409409,12491.48332977295,27104.44505214691,56184.173419475555,116438.36831721068
volume|2023|0|container,20,2024,roro,561,10747.147855043411,18817.28966331482,28468.168404102325,52813.610123574734,165935.84583246708
volume|2023|0|container,20,2025,all,17006,7017.02143907547,17165.74177145958,31920.42102098465,57120.89729703963,105077.08253952861
volume|2023|0|container,20,2025,container,2779,2572.349763870239,6542.300204753876,18026.7776516974,49490.55695089698,156429.67918577197
volume|2023|0|container,20,2025,bulk,6820,13605.697588872918,23401.013017125428,35993.041002988815,54211.3872782588,83955.078485775
volume|2023|0|container,20,2025,tanker,4099,6132.389284706116,16085.403031677008,31245.23544788361,58558.25255060196,106564.72736740112
volume|2023|0|container,20,2025,gas,951,14603.568634986876,32080.621259450912,60112.09380722046,105928.22740650177,188504.25597763064
volume|2023|0|container,20,2025,general,1769,7013.715143728256,12816.23901462555,26326.923334777355,50006.45438957214,102905.57030353548
volume|2023|0|container,20,2025,roro,588,9800.594058465958,19177.48923778534,28868.395825386047,48232.70451372862,143045.09773015976
volume|2024|0|all,20,2018,all,15321,6526.102672576904,12923.24495601654,22251.39013195038,37121.31115055084,65686.79815387726
volume|2024|0|all,20,2018,container,2234,2864.7663669168955,8023.967197299004,14653.06413757801,30126.33881342411,129202.56095011234
volume|2024|0|all,20,2018,bulk,6294,10321.568416118624,18322.5608766675,25929.023817777634,39982.7729241848,59721.589476871486
volume|2024|0|all,20,2018,tanker,3798,5579.480179017784,11075.211749315262,19071.288296580315,30178.67568421364,50087.860576128965
volume|2024|0|all,20,2018,gas,820,8263.68580069542,16089.311375498772,29980.78076171875,55798.38723945618,97252.6839792013
volume|2024|0|all,20,2018,general,1646,6392.849795013666,10947.276485322043,19791.431553840637,34587.85652563907,68011.0405125618
volume|2024|0|all,20,2018,roro,529,9370.497597682477,15641.564396858215,26378.113064289093,40870.87318229675,92458.67976950407
volume|2024|0|all,20,2019,all,15502,7031.148960232735,14043.941962383687,24469.268171548843,44200.25651550293,81029.76077365875
volume|2024|0|all,20,2019,container,2209,2876.7463249444963,8543.096640110016,16309.746425628662,49044.46922874451,160600.14902353287
volume|2024|0|all,20,2019,bulk,6371,10817.55289554596,19642.02940416336,28915.0894613266,46565.91530418396,69959.72481155396
volume|2024|0|all,20,2019,tanker,3924,6069.3417410850525,11883.973658978937,21031.92888367176,34923.03292942047,59175.148955106735
volume|2024|0|all,20,2019,gas,874,9448.595508694649,19536.8569355011,36979.841947078705,74681.31407725811,136883.84119999412
volume|2024|0|all,20,2019,general,1607,6586.725297868253,11680.16399204731,23013.111002922054,41970.64699792862,85566.21059989929
volume|2024|0|all,20,2019,roro,517,9489.420499777792,19482.095479011536,29618.86899471283,47113.626801490784,128326.35847041766
volume|2024|0|all,20,2020,all,15740,7112.95968310833,14146.931482672691,24121.0177795887,43390.843064665794,86190.81742587093
volume|2024|0|all,20,2020,container,2212,2679.6793296337128,8114.059729158878,15999.054563045502,45981.31406143308,180739.18160097624
volume|2024|0|all,20,2020,bulk,6573,11564.88760547638,20022.74308204651,28549.027974128723,45874.72895812988,72704.20322360993
volume|2024|0|all,20,2020,tanker,3944,6237.096297836304,11876.69539088011,20274.08250427246,32584.61765384674,62049.963410091405
volume|2024|0|all,20,2020,gas,913,10637.584818077088,20923.617511749268,39901.66130065918,79624.2901827097,156028.16906037342
volume|2024|0|all,20,2020,general,1592,6315.739898586274,11304.00157058239,23174.053856372833,41720.939929008484,91033.47051608715
volume|2024|0|all,20,2020,roro,506,9650.22020739317,16337.341447770596,28056.110999941826,46932.73087978363,144274.85193049908
volume|2024|0|all,20,2021,all,16620,7236.215737104416,14098.179856181145,24422.184031009674,43967.239612579346,86843.19068779946
volume|2024|0|all,20,2021,container,2505,2878.9344924271104,8334.372101694345,15240.215244293213,42097.30453872681,187188.85518655772
volume|2024|0|all,20,2021,bulk,6773,12933.702954673769,20477.060358524323,29430.41419506073,46229.90676116943,73281.27889794113
volume|2024|0|all,20,2021,tanker,4085,5762.335823321343,11335.040944576263,19962.725584983826,32417.48322105408,61829.41698026657
volume|2024|0|all,20,2021,gas,977,12554.88179638982,23033.49920463562,41484.22333049774,79529.7114238739,159897.30917439458
volume|2024|0|all,20,2021,general,1751,6764.867542743683,11025.780790707096,21793.10194349289,40971.526369571686,88118.544526577
volume|2024|0|all,20,2021,roro,529,9739.868869638443,18586.192874908447,29356.38516998291,47117.70476150513,139761.14109525675
volume|2024|0|all,20,2022,all,17691,6168.269365787506,13141.437425136566,23548.98011302948,42563.79492044449,84545.85701417923
volume|2024|0|all,20,2022,container,2890,2973.3958240509037,6540.650913953781,14465.987445116043,29228.549837350845,168402.91070394512
volume|2024|0|all,20,2022,bulk,7090,11006.320387506486,19589.620504379272,28328.74264240265,44979.79875922203,70943.35328149796
volume|2024|0|all,20,2022,tanker,4229,5444.814538097383,11127.240325927734,19969.72827243805,33311.779826164246,64549.87738828661
volume|2024|0|all,20,2022,gas,991,11135.464960217476,20943.993914961815,40445.22288990021,78212.03369426727,147917.4870340228
volume|2024|0|all,20,2022,general,1884,5966.253537738324,10832.74896947667,20438.663263320923,39410.749102428555,82652.74428993465
volume|2024|0|all,20,2022,roro,607,9567.79637465477,17334.290163874626,28631.84458065033,46717.0766620636,114658.7910243988
volume|2024|0|all,20,2023,all,17714,6106.805131959916,13055.18187057972,23364.561650276184,42312.36392164231,83372.02446130887
volume|2024|0|all,20,2023,container,2948,2809.486982822418,6380.466997861862,15413.931416451931,36467.375259421766,160083.66399431834
volume|2024|0|all,20,2023,bulk,7061,10282.43463897705,19264.476294994354,27148.713047981262,43012.91654777527,67066.41380214691
volume|2024|0|all,20,2023,tanker,4262,5654.02974921763,11201.21277832985,20004.22395181656,34759.161592543125,66608.57138071061
volume|2024|0|all,20,2023,gas,993,11143.416470527649,21974.412795066837,40218.64647769928,75470.70851135254,134360.13529415132
volume|2024|0|all,20,2023,general,1849,5839.054082059861,10513.309869289398,20617.96230697632,39383.49055171013,88507.430175972
volume|2024|0|all,20,2023,roro,601,10130.918279618025,17226.84973692894,28408.15256500244,52333.86508178711,117479.41065597534
volume|2024|0|all,20,2024,all,16746,5925.276646852493,13009.831805408001,23157.127173900604,41682.76598191261,82995.26513028145
volume|2024|0|all,20,2024,container,2715,2766.6829311370852,6925.789458036423,15834.26434993744,38374.79626071453,155228.03397264477
volume|2024|0|all,20,2024,bulk,6665,10508.972403621674,18902.004869937897,26577.66058063507,41787.32427358627,66724.7198645115
volume|2024|0|all,20,2024,tanker,4087,5239.516319656373,10735.636516332626,20171.42286157608,35104.94086408615,67693.18450813294
volume|2024|0|all,20,2024,gas,951,10186.337339401243,20583.636088848114,39553.05731487274,76381.87711715698,129204.6360168457
volume|2024|0|all,20,2024,general,1767,5611.431292265654,10233.121368378403,20192.781217575077,39095.78300601244,86533.41363725666
volume|2024|0|all,20,2024,roro,561,10064.08756685257,18705.205441474915,27876.98367547989,49530.211515665054,149271.3579301834
volume|2024|0|all,20,2025,all,17006,6115.773926302791,13155.114503622055,23128.504979610443,39519.347776412964,72693.10662353039
volume|2024|0|all,20,2025,container,2779,2934.307780790329,7305.281235843897,16599.877705574036,37730.10344475508,125462.40751309403
volume|2024|0|all,20,2025,bulk,6820,10360.403912901878,18823.44367718697,26388.981698989868,39984.20371699333,60539.161274051665
volume|2024|0|all,20,2025,tanker,4099,5064.261392307282,10941.804047346115,19982.6432595253,33186.54618692398,58633.67589511873
volume|2024|0|all,20,2025,gas,951,10132.191659249364,20936.161477565765,38016.58409023285,70170.62723112106,114900.2788963318
volume|2024|0|all,20,2025,general,1769,6004.648762130738,10610.47807598114,20729.46329832077,36265.5622227788,74415.51560132505
volume|2024|0|all,20,2025,roro,588,9804.621134233475,19177.48923778534,29224.713167369366,47938.49314630032,132038.02019944246
volume|2024|0|bulk,20,2018,all,15321,7603.208327293396,15362.234194755554,25449.54999351501,48228.53946137428,101846.25870132446
volume|2024|0|bulk,20,2018,container,2234,4719.691809764505,12745.079214755446,24306.954476356506,89472.37111330032,209051.39968951943
volume|2024|0|bulk,20,2018,bulk,6294,7912.801358103753,15251.254572153091,22850.09447181225,35382.380359858274,54236.812545204164
volume|2024|0|bulk,20,2018,tanker,3798,7282.417193460465,14934.216486334799,25815.82445847988,49168.86589068174,92478.00292751791
volume|2024|0|bulk,20,2018,gas,820,11711.009240746498,23664.449671030045,46108.4712395668,81214.92186045647,146758.39039230353
volume|2024|0|bulk,20,2018,general,1646,8523.220789432526,16432.768960356712,30918.221192359924,69992.71011352539,166591.85904774815
volume|2024|0|bulk,20,2018,roro,529,15539.350332164764,29530.88592529297,54625.46613615751,100157.94588565826,229302.04603796
volume|2024|0|bulk,20,2019,all,15502,8210.97121462822,17403.37740302086,29733.91393971443,58892.04391217232,123059.83121953008
volume|2024|0|bulk,20,2019,container,2209,5311.381049871445,14389.722578167915,29874.859889030457,119415.47599196434,250004.96145191195
volume|2024|0|bulk,20,2019,bulk,6371,8129.007610917091,16728.278799533844,25292.03787469864,40793.15680551529,62110.44131183624
volume|2024|0|bulk,20,2019,tanker,3924,7871.970651042462,16612.577597424388,30718.150301098824,58603.885134935386,107694.08004460343
volume|2024|0|bulk,20,2019,gas,874,14304.968334317207,32360.487558484077,59860.888169407845,102255.30332970619,181502.90511062453
volume|2024|0|bulk,20,2019,general,1607,9296.973860320451,19396.607129096985,37841.82788562775,89436.22793531418,203765.4026397229
volume|2024|0|bulk,20,2019,roro,517,17483.83267621994,36573.4189491272,62000.29351711273,133826.45683336258,287159.24436464324
volume|2024|0|bulk,20,2020,all,15740,8318.80630041361,17327.82177889347,28587.975022554398,59585.58587034792,135984.2047743559
volume|2024|0|bulk,20,2020,container,2212,4902.982209014893,13518.460230141876,27802.037026047707,130751.96187824011,281011.33684191713
volume|2024|0|bulk,20,2020,bulk,6573,8525.082896494867,16886.744052886963,24835.309502333403,39054.81411409378,62394.791979599
volume|2024|0|bulk,20,2020,tanker,3944,8056.209436511994,16209.984368354082,29174.331228733063,62026.653836846344,119078.58110702042
volume|2024|0|bulk,20,2020,gas,913,13716.260733306408,30918.25047683716,61757.07124233246,115384.37643623352,199192.15307955895
volume|2024|0|bulk,20,2020,general,1592,9331.765235805511,18668.84755831957,36475.692240220495,108058.46603696793,225854.2912431717
volume|2024|0|bulk,20,2020,roro,506,17912.793279767036,32440.310945153236,56415.72822511196,143603.8063781783,357348.6887652874
volume|2024|0|bulk,20,2021,all,16620,8934.022593307496,17523.55094847083,29393.588247537613,60144.695905685425,144491.22718925477
volume|2024|0|bulk,20,2021,container,2505,5916.638062477112,13791.5710439682,31993.13135623932,136951.90064287186,284796.588141346
volume|2024|0|bulk,20,2021,bulk,6773,9879.232770691626,17664.37319946289,25498.16169643402,39636.10798549652,62709.69389801026
volume|2024|0|bulk,20,2021,tanker,4085,7089.916782140733,14687.45209121704,29347.41042137146,61823.81960129738,122740.69728555679
volume|2024|0|bulk,20,2021,gas,977,16684.85858154297,32440.51040840149,62558.03139746189,114468.73820495604,200277.7500182748
volume|2024|0|bulk,20,2021,general,1751,10143.018593788149,19357.248609542847,36100.5411977768,103156.21276521684,224690.32107257843
volume|2024|0|bulk,20,2021,roro,529,17836.27846517563,31687.86955356598,55621.596573352814,152919.3785660267,387726.7231563091
volume|2024|0|bulk,20,2022,all,17691,8064.297637939453,16537.702048540115,28077.749079704285,58246.85504245758,139804.63605690002
volume|2024|0|bulk,20,2022,container,2890,5454.264943552018,12257.391581177713,25019.7800552845,111859.64785325527,267245.42502542725
volume|2024|0|bulk,20,2022,bulk,7090,8809.897073936463,17172.069433659315,25130.71587753296,39350.16819983721,60872.268498396894
volume|2024|0|bulk,20,2022,tanker,4229,6836.318666911126,14181.050401687622,28297.979002952576,60495.14685153961,121208.58105640413
volume|2024|0|bulk,20,2022,gas,991,13843.516790390016,32762.56759417057,65801.0196800232,117265.59325313568,206040.0517148972
volume|2024|0|bulk,20,2022,general,1884,9602.170483213664,18445.82502925396,35135.22254449129,98691.90099139512,221745.64896783835
volume|2024|0|bulk,20,2022,roro,607,16182.081376409531,28181.01398587227,55392.44272232056,136385.3938897848,353890.85909545416
volume|2024|0|bulk,20,2023,all,17714,7874.0407088995,15668.955494999886,27187.523365736008,57610.12834864855,140535.43638134017
volume|2024|0|bulk,20,2023,container,2948,5508.235637739301,12346.542071819305,27790.885525405407,120737.09188848734,258517.79831277143
volume|2024|0|bulk,20,2023,bulk,7061,8479.744475364685,16144.222002983091,23199.753162384037,36169.89019775391,57514.32615375519
volume|2024|0|bulk,20,2023,tanker,4262,7218.798081481456,14250.850734710693,28103.27324128151,60516.10537958145,122561.38855671883
volume|2024|0|bulk,20,2023,gas,993,13260.857213973999,31721.57216453552,66073.46295070648,117386.90451812744,198228.32221755985
volume|2024|0|bulk,20,2023,general,1849,8661.835008239746,16971.243520736694,33880.57614326477,99190.69517505167,221193.24457702643
volume|2024|0|bulk,20,2023,roro,601,15662.52110505104,28418.18187189102,51149.15382194519,124400.65943169594,331806.6402438879
volume|2024|0|bulk,20,2024,all,16746,7607.402186900377,15831.02916097641,27100.107840061188,56247.51816344262,132019.56848812103
volume|2024|0|bulk,20,2024,container,2715,5673.290668964386,12846.340807914734,28639.97729802132,114747.10348510742,245558.8757100463
volume|2024|0|bulk,20,2024,bulk,6665,8570.788835521042,16495.28346681595,23021.95677947998,35324.93661785126,56622.48306984902
volume|2024|0|bulk,20,2024,tanker,4087,6273.330576324463,13859.170674324036,27798.785060167316,59712.55583238602,115585.03993148803
volume|2024|0|bulk,20,2024,gas,951,11934.341176509855,28757.86634111777,57346.9283285141,115017.03078567982,188756.2670822144
volume|2024|0|bulk,20,2024,general,1767,8537.29792569876,16324.784676790237,33561.205240249634,90637.19345986842,213358.5297928811
volume|2024|0|bulk,20,2024,roro,561,16440.936940670013,27170.1275036335,50461.94931769371,122555.47698020937,304310.2347404361
volume|2024|0|bulk,20,2025,all,17006,7799.636757016182,15705.185331225395,26568.95439130068,51301.455860733986,110992.85477513075
volume|2024|0|bulk,20,2025,container,2779,6037.312553977967,13488.790717601776,29676.29020786285,95189.38465493917,207933.12222826507
volume|2024|0|bulk,20,2025,bulk,6820,8718.107927346231,16458.08277487755,22858.17636537552,34843.97708708048,52108.489649009716
volume|2024|0|bulk,20,2025,tanker,4099,6249.267356300355,13490.132248401642,27502.636395454407,54399.94933128357,100427.34301576618
volume|2024|0|bulk,20,2025,gas,951,11178.74406337738,26726.420895695686,53997.9323797226,94891.18299341202,160510.4286737442
volume|2024|0|bulk,20,2025,general,1769,9291.866918611528,15937.323104858398,31701.22957113385,72589.55603599548,186194.30016037228
volume|2024|0|bulk,20,2025,roro,588,14946.958445024491,28916.120348535478,48949.56975054741,103707.24072945116,264488.6756724715
volume|2024|0|container,20,2018,all,15321,7069.923708558083,16013.966955184937,29647.83111190796,52088.23558807373,96976.51563602686
volume|2024|0|container,20,2018,container,2234,2488.2593493223194,7710.385209560394,14521.850658655167,35574.3027883023,164165.13608725072
volume|2024|0|container,20,2018,bulk,6294,12484.916313409805,22200.091853618622,33656.67345095704,52079.42387652397,82295.53229579925
volume|2024|0|container,20,2018,tanker,3798,6870.010815858841,15802.68660891056,29408.61021924019,51702.45028817654,91239.07183339598
volume|2024|0|container,20,2018,gas,820,12173.348989211026,23594.356754362583,43797.25034713745,83911.05956077576,178024.05312461857
volume|2024|0|container,20,2018,general,1646,6294.687673330307,12054.903005048633,25978.72827058286,47230.62127903104,98220.79178017378
volume|2024|0|container,20,2018,roro,529,9138.062228727342,16102.180799484251,27446.28738355637,43024.18931436539,109277.80360107419
volume|2024|0|container,20,2019,all,15502,7975.250661170484,18692.065593898296,35265.63504195213,64303.210827976465,115062.91341485977
volume|2024|0|container,20,2019,container,2209,2573.818028831482,8083.942565917969,16566.896403312683,61674.026663303375,198242.1383269787
volume|2024|0|container,20,2019,bulk,6371,13268.67971611023,24486.54442000389,40150.66236019135,62789.961186885834,96362.71151447296
volume|2024|0|container,20,2019,tanker,3924,8145.009499549866,17887.671247422695,34548.34963178635,61821.214120447636,103978.89425520904
volume|2024|0|container,20,2019,gas,874,14646.209229934218,31510.935806155205,59145.270517110825,103686.0347211957,214047.1864784956
volume|2024|0|container,20,2019,general,1607,6785.142405247689,14294.418617486954,32001.594688415527,61986.151466846466,116420.49691491132
volume|2024|0|container,20,2019,roro,517,9489.420499777792,21141.33465862274,30781.34456539154,51916.95472788811,147057.0586936952
volume|2024|0|container,20,2020,all,15740,8133.50667295456,19085.96678173542,34739.55853462219,66917.66270518303,129394.96859347825
volume|2024|0|container,20,2020,container,2212,2315.0856216430666,6820.197005748749,16256.53627216816,62366.69483280182,223012.66144350768
volume|2024|0|container,20,2020,bulk,6573,15086.774717140197,24335.052424252037,39531.14241886139,64390.51214122772,103384.99352664947
volume|2024|0|container,20,2020,tanker,3944,8266.219336175918,17857.54155397415,33166.9896299839,63959.9378336668,117283.89676346778
volume|2024|0|container,20,2020,gas,913,16956.646861481666,33963.22716999054,62569.88572502136,119691.44802379608,225510.07139720916
volume|2024|0|container,20,2020,general,1592,6502.867261600496,13838.623805243522,30907.65456855297,66986.45297920704,125799.49892413616
volume|2024|0|container,20,2020,roro,506,9690.715693801641,18766.727968215942,30460.67531645298,49366.40457431971,169838.74195241928
volume|2024|0|container,20,2021,all,16620,8423.184031105042,18905.890649080276,35499.33137464523,67217.81899142265,134502.12608335022
volume|2024|0|container,20,2021,container,2505,2496.2738848865033,7883.962436199188,15475.232689857485,60560.71564912796,227200.8434319495
volume|2024|0|container,20,2021,bulk,6773,16368.021276092531,26005.99038696289,40790.03963756561,64869.66040086746,104517.87456722259
volume|2024|0|container,20,2021,tanker,4085,7812.849329614639,17016.27255988121,32795.82957458496,63841.99584269524,122192.27823691367
volume|2024|0|container,20,2021,gas,977,21183.489643096924,36833.848172187805,67932.50503396988,131008.2884016037,231394.14684197897
volume|2024|0|container,20,2021,general,1751,7406.389789938927,13502.206394195557,29139.73780441284,62380.75795203447,127142.77546024324
volume|2024|0|container,20,2021,roro,529,9489.958825743199,19308.872226715088,30605.104186415672,49637.48965263367,166107.877672863
volume|2024|0|container,20,2022,all,17691,7117.165628671646,17548.273147583008,33826.91214847565,65417.749720573425,130392.03200864792
volume|2024|0|container,20,2022,container,2890,2511.204566049576,5541.451546669006,14702.153502643108,40692.194020569324,210723.30348436526
volume|2024|0|container,20,2022,bulk,7090,14917.995479917527,24731.216756224632,39927.228847026825,63441.18114193627,101170.56310167318
volume|2024|0|container,20,2022,tanker,4229,6783.601069164276,16993.53743505478,33454.621150016785,65687.77766132355,125393.05715439323
volume|2024|0|container,20,2022,gas,991,17945.77478122711,35569.468747377396,68279.17643356323,133114.52202248573,230927.2233864069
volume|2024|0|container,20,2022,general,1884,6833.391331028939,12385.257612347603,27553.50914502144,55384.50903201103,124627.46128911973
volume|2024|0|container,20,2022,roro,607,9310.112303781509,17446.22328734398,29715.057713270187,49279.37483894825,136497.20151491163
volume|2024|0|container,20,2023,all,17714,6972.222437411547,17590.9429346323,33580.706515192986,64814.656401634216,128174.91236648563
volume|2024|0|container,20,2023,container,2948,2489.067976856232,5402.5409198105335,16522.447113990784,47612.40024568141,201203.64839855448
volume|2024|0|container,20,2023,bulk,7061,13900.955430984495,23925.20861339569,38332.0449514389,61659.99922466278,98682.6234292984
volume|2024|0|container,20,2023,tanker,4262,7095.454576969147,17335.93409371376,33554.48754763603,67623.940954566,126290.30496776113
volume|2024|0|container,20,2023,gas,993,19308.903869238893,37229.96836018562,67131.25373649597,127524.59905290604,218266.41278858192
volume|2024|0|container,20,2023,general,1849,6618.024376213551,12563.978436470032,28945.48179626465,56230.17191982269,124901.23774012925
volume|2024|0|container,20,2023,roro,601,10228.67054247856,17486.370873451233,28877.768845558167,52959.70130443573,145719.53454351425
volume|2024|0|container,20,2024,all,16746,6908.726125717163,17360.64540141821,33048.75236263871,63701.174355983734,122109.58365035059
volume|2024|0|container,20,2024,container,2715,2506.4994163513184,5924.727689921856,16964.00213098526,51264.926197052,190602.83216497887
volume|2024|0|container,20,2024,bulk,6665,13632.535187864305,23543.487432956696,37302.046506881714,60259.77084350586,93950.02004814152
volume|2024|0|container,20,2024,tanker,4087,6476.7177963256845,16215.429559648037,33294.66690444946,67052.3169476986,120863.1045854569
volume|2024|0|container,20,2024,gas,951,17864.16664123535,33999.255568027496,64686.66569805145,124295.71341216564,208978.7697172165
volume|2024|0|container,20,2024,general,1767,6381.443279409409,12491.48332977295,27104.44505214691,56184.173419475555,116438.36831721068
volume|2024|0|container,20,2024,roro,561,10747.147855043411,18817.28966331482,28468.168404102325,52813.610123574734,165935.84583246708
volume|2024|0|container,20,2025,all,17006,7017.02143907547,17165.74177145958,31920.42102098465,57120.89729703963,105077.08253952861
volume|2024|0|container,20,2025,container,2779,2572.349763870239,6542.300204753876,18026.7776516974,49490.55695089698,156429.67918577197
volume|2024|0|container,20,2025,bulk,6820,13605.697588872918,23401.013017125428,35993.041002988815,54211.3872782588,83955.078485775
volume|2024|0|container,20,2025,tanker,4099,6132.389284706116,16085.403031677008,31245.23544788361,58558.25255060196,106564.72736740112
volume|2024|0|container,20,2025,gas,951,14603.568634986876,32080.621259450912,60112.09380722046,105928.22740650177,188504.25597763064
volume|2024|0|container,20,2025,general,1769,7013.715143728256,12816.23901462555,26326.923334777355,50006.45438957214,102905.57030353548
volume|2024|0|container,20,2025,roro,588,9800.594058465958,19177.48923778534,28868.395825386047,48232.70451372862,143045.09773015976
volume|2025|0|all,20,2018,all,15321,6498.463532447815,12698.788919091225,21015.66568529606,33776.46963882446,58621.69395208359
volume|2025|0|all,20,2018,container,2234,2948.485040664673,7796.790257096291,13878.604293704033,25486.68593764305,118555.11421259644
volume|2025|0|all,20,2018,bulk,6294,9650.070566153527,17601.730058312416,24061.39669382572,36523.099339962006,55376.564472532256
volume|2025|0|all,20,2018,tanker,3798,6011.589707088471,11346.957794860005,18403.020342350006,28203.960361659527,46724.6299173832
volume|2025|0|all,20,2018,gas,820,8302.42029823661,15722.561668157578,25172.660905361176,46952.60725271702,84772.626563859
volume|2025|0|all,20,2018,general,1646,6413.75167453289,10821.036162734032,18201.487125635147,30218.644108261917,55537.25434799492
volume|2025|0|all,20,2018,roro,529,9048.800598382952,14448.956346988678,22369.72140169144,33762.95223426819,69175.79295310973
volume|2025|0|all,20,2019,all,15502,7052.647726917267,13619.466556310654,22914.833899974823,39470.639509528875,72368.82604775426
volume|2025|0|all,20,2019,container,2209,2917.3186938524245,8526.63664150238,15130.76786327362,45626.49529361725,147660.40594491965
volume|2025|0|all,20,2019,bulk,6371,10172.785519599916,18805.357615470886,26775.50399398804,42161.27799034119,63629.41323375702
volume|2025|0|all,20,2019,tanker,3924,6440.8253787972035,12121.503119796515,20188.47472989559,32648.28026163578,54712.316982209704
volume|2025|0|all,20,2019,gas,874,9368.478372812271,16833.28657901287,28563.80482244492,58716.98265719414,104232.33991010798
volume|2025|0|all,20,2019,general,1607,6694.48600638807,11632.099739313126,20735.604084014893,36289.129041552544,71336.25878243595
volume|2025|0|all,20,2019,roro,517,9484.222249174118,15765.928465366364,23908.894344329838,38498.59811115265,92461.4999632597
volume|2025|0|all,20,2020,all,15740,7118.159920597077,13705.707932710648,22972.1221678257,38792.82916355133,76768.0527474016
volume|2025|0|all,20,2020,container,2212,2724.77245259285,7770.294420093298,15232.643835663795,45500.014969289296,171270.2620370866
volume|2025|0|all,20,2020,bulk,6573,11039.343015289309,19105.952767968178,26393.080753326416,41618.88768148422,65702.7689819336
volume|2025|0|all,20,2020,tanker,3944,6539.437574529648,11933.474003195763,19725.074827954173,30842.42679989338,57668.62303896249
volume|2025|0|all,20,2020,gas,913,10642.406672382354,18146.247400283813,32121.7939978838,62666.27128505707,118929.28605213176
volume|2025|0|all,20,2020,general,1592,6350.112903111429,11207.640309043229,21170.143519043922,35797.42400658131,73048.99755339624
volume|2025|0|all,20,2020,roro,506,9594.20368552208,14788.162104323506,23551.3538107872,37621.901233673096,105560.2435272932
volume|2025|0|all,20,2021,all,16620,7264.164160490036,13618.433187365532,23162.172611713413,39485.80101722479,77845.33450894356
volume|2025|0|all,20,2021,container,2505,2934.385038661957,8292.246817111969,14079.660185813904,39121.46689414978,169332.05682897565
volume|2025|0|all,20,2021,bulk,6773,12337.359100723266,19533.179288864136,27379.8244972229,42680.58758831024,66872.00607891085
volume|2025|0|all,20,2021,tanker,4085,6052.727948212624,11525.81485271454,19619.630842208862,31045.540647506718,57704.34401863813
volume|2025|0|all,20,2021,gas,977,11631.90324459076,18198.49418926239,34171.560749053955,67176.16868400574,127210.64824337958
volume|2025|0|all,20,2021,general,1751,6916.61337852478,11010.778343439102,19799.43365478516,33964.85506153107,67858.02314180136
volume|2025|0|all,20,2021,roro,529,8962.225292968751,16361.115364074709,23971.45826625824,38691.917172431946,102230.39134674071
volume|2025|0|all,20,2022,all,17691,6285.1254959106445,13003.762632012367,22316.311624526978,38740.04988503456,76457.52506828308
volume|2025|0|all,20,2022,container,2890,3010.7811771869665,6581.037795543672,13588.784520447254,26695.83859211206,154212.79617582593
volume|2025|0|all,20,2022,bulk,7090,10778.928983426096,18726.533066034317,26269.73436641693,41491.11694955826,64550.482141017914
volume|2025|0|all,20,2022,tanker,4229,5815.391881179809,11456.482076644896,19321.574290275574,31665.00692796707,62107.75441894539
volume|2025|0|all,20,2022,gas,991,10799.17590856552,17813.22110837698,33482.148206710815,70831.07820701599,131745.47932624817
volume|2025|0|all,20,2022,general,1884,6189.475535392761,10832.74896947667,18658.728933811188,34170.24031588435,66633.84769170289
volume|2025|0|all,20,2022,roro,607,9246.71360861063,14845.602887153625,22969.734038352966,38110.80024385452,95957.15690048931
volume|2025|0|all,20,2023,all,17714,6166.9497882306605,12939.80622434616,22438.819873809818,39139.400364995,77254.46332769394
volume|2025|0|all,20,2023,container,2948,2877.328877449036,6380.466997861862,14447.607656985521,33618.63456982374,146827.02448091525
volume|2025|0|all,20,2023,bulk,7061,10119.212234534323,18283.608322620392,25607.707288742065,40265.627265930176,62525.407135009766
volume|2025|0|all,20,2023,tanker,4262,5881.530078125,11372.544816374779,19496.46626740694,33448.82062971592,64172.96984633879
volume|2025|0|all,20,2023,gas,993,11152.10739071369,17905.292105674744,35593.00409603119,71080.91847324371,125908.99966869358
volume|2025|0|all,20,2023,general,1849,5956.051921272278,10544.842669725418,19646.208390712734,35149.70948982239,71786.59211277965
volume|2025|0|all,20,2023,roro,601,9412.781299114227,15671.187577724457,23290.05898118019,38141.24360656738,99874.0909371376
volume|2025|0|all,20,2024,all,16746,6144.986478507519,12911.158645644784,22463.102865934372,39083.04247045517,77012.95139551163
volume|2025|0|all,20,2024,container,2715,2910.0048757553104,6881.824642896652,15316.914957523346,37048.09134054184,138525.64941032528
volume|2025|0|all,20,2024,bulk,6665,10256.192778682711,18253.148473262787,25079.513506889343,39687.968448877335,62597.65999269487
volume|2025|0|all,20,2024,tanker,4087,5423.561883926392,11170.506031155586,19738.63817691803,33348.04678621888,64221.95322144479
volume|2025|0|all,20,2024,gas,951,10047.907973766329,18231.28750896454,35382.86582946777,74684.15229102969,123153.88550186156
volume|2025|0|all,20,2024,general,1767,5812.176914799214,10275.316287279129,19660.952709198,35291.804522037506,73540.37370977402
volume|2025|0|all,20,2024,roro,561,10046.756011366844,16075.106186389923,23304.330740213398,39810.564549446106,99737.96955901384
volume|2025|0|all,20,2025,all,17006,6314.739450931549,12943.497228622437,22076.658328056335,36573.66720879078,67857.70780181885
volume|2025|0|all,20,2025,container,2779,2993.3784242630004,7469.724142074585,15655.827500343325,34705.39668524265,114565.94013118756
volume|2025|0|all,20,2025,bulk,6820,10097.835168361664,17909.91180253029,24485.175750732422,37297.95329648256,57310.40533976555
volume|2025|0|all,20,2025,tanker,4099,5316.399003314972,11319.307203292847,19464.100261688232,31427.88282763958,55107.87204275133
volume|2025|0|all,20,2025,gas,951,10132.191659249364,18646.395394802094,33638.306097984314,66741.4434170723,110478.44451999664
volume|2025|0|all,20,2025,general,1769,6229.620327186585,10610.47807598114,19386.444635868076,32599.56917572021,62029.523966015884
volume|2025|0|all,20,2025,roro,588,9376.16707547903,15934.014506340027,22838.72627878189,37162.480100631714,85651.64193639756
volume|2025|0|bulk,20,2018,all,15321,7674.343742847443,16240.200804948809,26743.594256401066,52956.73174762726,116840.6769323349
volume|2025|0|bulk,20,2018,container,2234,4734.229087710381,13304.19152379036,25563.180246829987,102543.64808309078,230904.59078190327
volume|2025|0|bulk,20,2018,bulk,6294,7784.539107614756,15465.229091987014,23260.1045216918,36638.62308920268,57732.15927102566
volume|2025|0|bulk,20,2018,tanker,3798,7364.50878994465,15911.311434924603,27989.24578166008,55119.53093731403,107723.76948183776
volume|2025|0|bulk,20,2018,gas,820,11679.95957231522,23773.047220230103,46210.885716319084,83462.61471569538,156052.21375861167
volume|2025|0|bulk,20,2018,general,1646,9231.307435750961,19489.48428606987,35789.849620342255,86465.69940495491,211964.95695781705
volume|2025|0|bulk,20,2018,roro,529,15972.569323039059,29530.88592529297,54775.85322141647,101335.7348818779,267647.66456103325
volume|2025|0|bulk,20,2019,all,15502,8259.253884792328,18094.893585443497,32086.918449878693,65578.31128913164,139892.44076642988
volume|2025|0|bulk,20,2019,container,2209,5408.341024112701,15611.780263900757,34977.20572280884,135002.4402732849,282029.72649974824
volume|2025|0|bulk,20,2019,bulk,6371,7737.533532142639,16914.22845506668,26000.94152450561,42902.867632865906,66454.3836221695
volume|2025|0|bulk,20,2019,tanker,3924,7871.970651042462,17364.5369476676,33737.2163939476,66507.63414371014,125582.38932471293
volume|2025|0|bulk,20,2019,gas,874,14860.840680694582,32725.354231476784,62095.15223312378,104680.55439019203,188198.01794624337
volume|2025|0|bulk,20,2019,general,1607,10801.713445758818,23073.321831464767,48602.97129845619,113170.56823825836,243145.88042058947
volume|2025|0|bulk,20,2019,roro,517,17483.83267621994,36343.292474508286,62024.54323387146,141684.08269465715,305416.61959323904
volume|2025|0|bulk,20,2020,all,15740,8329.026084661484,17854.59471309185,30309.56065940857,66683.16512680054,156213.53569552788
volume|2025|0|bulk,20,2020,container,2212,4809.924184632301,14601.179295539856,31556.789358615875,156581.76241332293,311254.6089617135
volume|2025|0|bulk,20,2020,bulk,6573,8321.290549612046,17247.7542270422,25238.793522834774,40752.192395210266,66879.68766732216
volume|2025|0|bulk,20,2020,tanker,3944,7875.788717174531,16877.62244951725,31939.683254241943,73316.4019753933,138520.66065909865
volume|2025|0|bulk,20,2020,gas,913,14151.783204078674,31476.872987747192,62572.08648446202,117984.56392097472,205217.63522796638
volume|2025|0|bulk,20,2020,general,1592,10712.53551054001,22392.690640687943,49187.155906861415,130186.23036417924,255678.487498951
volume|2025|0|bulk,20,2020,roro,506,17912.793279767036,32846.83921800554,56897.790637254715,145564.63464987278,368333.61076233536
volume|2025|0|bulk,20,2021,all,16620,9183.775701761246,18148.187148332596,31151.119362592697,67841.10647296906,168030.0923083306
volume|2025|0|bulk,20,2021,container,2505,5982.888108825684,15330.050045847893,35064.6436394155,165066.0998134613,311852.88092989917
volume|2025|0|bulk,20,2021,bulk,6773,9858.114488115907,17847.73669528961,26114.679414749146,41633.306224823,68102.24136714936
volume|2025|0|bulk,20,2021,tanker,4085,6996.279062831402,15324.068384170532,32046.27101802826,71224.29918384552,143564.73922481533
volume|2025|0|bulk,20,2021,gas,977,17584.200944328313,33510.93593990803,63600.5447101593,119465.96345090866,207775.8525969505
volume|2025|0|bulk,20,2021,general,1751,12181.959785461426,22577.39974141121,45187.09083127976,130006.09307257831,254902.73091435432
volume|2025|0|bulk,20,2021,roro,529,17344.288179016112,31710.54906308651,55621.596573352814,153792.96088409424,396089.15640909673
volume|2025|0|bulk,20,2022,all,17691,8331.623229980469,17354.5522544384,29495.026879310608,65915.49159634113,162993.20668959618
volume|2025|0|bulk,20,2022,container,2890,5322.409367346765,12478.248796701433,25644.957814455032,139914.17657577994,287138.2637574911
volume|2025|0|bulk,20,2022,bulk,7090,9220.362757396699,17603.324114203453,25844.31819295883,41315.47476041317,67174.96265602113
volume|2025|0|bulk,20,2022,tanker,4229,6975.777960777283,15307.069252967834,30284.95697498321,70026.98545503616,142464.33858580593
volume|2025|0|bulk,20,2022,gas,991,13949.774134159088,33833.48519325256,66987.16639137268,119984.7777017355,210344.84670042992
volume|2025|0|bulk,20,2022,general,1884,11211.19018150568,20365.356857538223,41512.17704629898,125634.70607843436,252080.36878080375
volume|2025|0|bulk,20,2022,roro,607,15508.49485874176,28042.80492258072,55392.44272232056,134607.5836609602,362141.68288583757
volume|2025|0|bulk,20,2023,all,17714,8227.882151114942,16849.902061134577,28840.257028341293,65612.86372709274,158360.33879098916
volume|2025|0|bulk,20,2023,container,2948,5412.860747337341,12813.23835593462,29390.724414229393,139697.04440122843,276867.52173205634
volume|2025|0|bulk,20,2023,bulk,7061,8707.504627227783,16749.385082244873,23774.419457435608,37976.16510295868,63008.03249645233
volume|2025|0|bulk,20,2023,tanker,4262,7506.384959793091,15303.58496081829,31398.94528245926,70939.82372426987,140957.0543678284
volume|2025|0|bulk,20,2023,gas,993,13965.986058998109,32501.150913238525,67324.5342092514,119432.84281635284,203763.8239952091
volume|2025|0|bulk,20,2023,general,1849,10834.012690454721,20234.8345079422,41559.98667240143,124157.45763206482,246859.78748347762
volume|2025|0|bulk,20,2023,roro,601,15514.930763147771,28846.66857624054,51187.95577907562,125826.4355559349,359340.5333123207
volume|2025|0|bulk,20,2024,all,16746,7983.612373590469,16766.47756242752,28367.38888835907,63246.67185640335,147091.74864798784
volume|2025|0|bulk,20,2024,container,2715,5801.167504310608,13261.25039076805,31720.04610849917,128743.9139290452,264477.9371508598
volume|2025|0|bulk,20,2024,bulk,6665,8762.939402484895,16766.159064292908,23473.827551841736,37177.41882324219,61261.64208869936
volume|2025|0|bulk,20,2024,tanker,4087,6509.148185443879,14420.885524511337,30256.21504688263,68301.72795724869,131999.75344408752
volume|2025|0|bulk,20,2024,gas,951,12453.335242271423,30026.66519165039,60232.809206962585,118398.39298164845,192558.7906141281
volume|2025|0|bulk,20,2024,general,1767,10390.095880699158,20112.774718604982,39949.866230010986,112518.32828377932,241885.65648393636
volume|2025|0|bulk,20,2024,roro,561,16825.733935832977,27391.78266811371,51149.15382194519,130330.62519073486,323354.6966612339
volume|2025|0|bulk,20,2025,all,17006,8058.815676212311,16482.81949186325,27633.958830595016,56114.60599452257,124748.41944301128
volume|2025|0|bulk,20,2025,container,2779,6008.484096074106,14293.7798204422,32328.38218486309,108258.828104496,231157.23907465956
volume|2025|0|bulk,20,2025,bulk,6820,8760.769046688081,16768.691852092743,23165.531468629837,36085.8408728838,55400.52349324227
volume|2025|0|bulk,20,2025,tanker,4099,6331.781680297851,13930.463668584824,29370.42381548881,59548.20267391205,113066.81393871312
volume|2025|0|bulk,20,2025,gas,951,11389.637659072876,27281.833778381348,55690.64053726196,98835.67333912848,164135.06842327118
volume|2025|0|bulk,20,2025,general,1769,10449.724044144154,19453.063743323088,36707.46288585663,94135.30338811874,218970.19544372565
volume|2025|0|bulk,20,2025,roro,588,15579.231325006487,29511.84148094058,50154.51684689522,112978.77669721843,285410.925500846
volume|2025|0|container,20,2018,all,15321,7256.825333118439,16249.353071689606,29789.83025443554,52334.79066753388,97053.82612419128
volume|2025|0|container,20,2018,container,2234,2632.929052877427,7730.279791235924,14579.201407670975,36535.089120328426,164165.13608725072
volume|2025|0|container,20,2018,bulk,6294,12617.50135910511,22347.064190268517,33855.75969314575,52443.519602775574,82402.02702574727
volume|2025|0|container,20,2018,tanker,3798,6917.607493019105,15836.456239938736,29497.54770565033,51818.10696029663,91473.54908549935
volume|2025|0|container,20,2018,gas,820,12173.348989211026,23426.905960798264,43725.61302089691,83911.05956077576,178024.05312461857
volume|2025|0|container,20,2018,general,1646,6716.8063962981105,12687.023134082558,26185.06732714176,47648.61568593979,98537.55250734091
volume|2025|0|container,20,2018,roro,529,9185.795355069638,17314.46254634857,27739.267127156258,44141.72528409958,109277.80360107419
volume|2025|0|container,20,2019,all,15502,8079.118332901598,18821.220848560333,35476.26963233948,64491.061401605606,115056.47282485962
volume|2025|0|container,20,2019,container,2209,2606.1964559555054,8083.942565917969,16566.896403312683,61674.026663303375,198242.1383269787
volume|2025|0|container,20,2019,bulk,6371,13481.464848041534,24667.03645181656,40344.096502780914,63071.23780179024,96681.61290931702
volume|2025|0|container,20,2019,tanker,3924,8155.746706581116,17969.875769853592,34622.05114758015,62317.29105538129,104378.42781496055
volume|2025|0|container,20,2019,gas,874,14646.209229934218,31847.869060635567,59145.270517110825,103686.0347211957,214047.1864784956
volume|2025|0|container,20,2019,general,1607,7227.675024604799,14820.149698972702,32240.106706142426,62197.24732938409,116420.49691491132
volume|2025|0|container,20,2019,roro,517,9477.75029888153,21202.43683862686,31913.47403895855,53235.77982640266,147057.0586936952
volume|2025|0|container,20,2020,all,15740,8180.474023580552,19301.158800959587,35023.71379327774,67181.95592784882,129491.28501718046
volume|2025|0|container,20,2020,container,2212,2313.6533319473265,6906.4040405750275,16256.53627216816,62366.69483280182,223012.66144350768
volume|2025|0|container,20,2020,bulk,6573,15197.091035461426,24593.785925865173,39760.05227947235,64497.6449136734,103368.85402660369
volume|2025|0|container,20,2020,tanker,3944,8345.805711841584,17892.061850190163,33318.73302435875,64229.82929813862,117630.06497735983
volume|2025|0|container,20,2020,gas,913,16676.295890796184,33963.22716999054,62569.88572502136,119691.44802379608,225510.07139720916
volume|2025|0|container,20,2020,general,1592,6837.573737382891,14523.455746293068,30961.59248137474,67694.6272081472,125799.49892413616
volume|2025|0|container,20,2020,roro,506,9690.715693801641,19324.350435305387,31481.79609155655,49599.17458353937,169838.74195241928
volume|2025|0|container,20,2021,all,16620,8573.47153413296,19087.794227808714,35713.576511621475,67550.64744830132,134502.12608335022
volume|2025|0|container,20,2021,container,2505,2499.3021726846696,7895.739167571068,15475.232689857485,60560.71564912796,227384.32792358386
volume|2025|0|container,20,2021,bulk,6773,16655.197054576875,26175.54990005493,41092.28567647934,65114.4233083725,104990.76911163332
volume|2025|0|container,20,2021,tanker,4085,7826.098309111596,17034.72269964218,32916.07262611389,64010.0952963829,122512.49892158504
volume|2025|0|container,20,2021,gas,977,21183.489643096924,36833.848172187805,67932.50503396988,131008.2884016037,231394.14684197897
volume|2025|0|container,20,2021,general,1751,7807.470797523856,13766.53869177401,29170.479203224186,62667.95441007614,127142.77546024324
volume|2025|0|container,20,2021,roro,529,9457.753108882904,19649.04618787765,31629.353098869324,49637.48965263367,166107.877672863
volume|2025|0|container,20,2022,all,17691,7149.952358365059,17613.21351671219,34112.1108379364,65564.35307145119,130544.91035032272
volume|2025|0|container,20,2022,container,2890,2592.057009160519,5584.802021950483,14595.509974241257,40575.440613627434,210723.30348436526
volume|2025|0|container,20,2022,bulk,7090,15100.621843147279,24811.012805700302,40229.97726202011,63802.879136800766,101392.06505379677
volume|2025|0|container,20,2022,tanker,4229,6833.554900550843,16993.53743505478,33528.6887512207,65757.50233912468,126129.20857813366
volume|2025|0|container,20,2022,gas,991,17942.110397338867,35569.468747377396,68279.17643356323,133114.52202248573,230927.2233864069
volume|2025|0|container,20,2022,general,1884,7009.6734896659855,12904.262664660811,27519.47528743744,55458.810130119324,124527.1101094544
volume|2025|0|container,20,2022,roro,607,9310.112303781509,18807.07488295436,32078.62845659256,51118.22155344486,136497.20151491163
volume|2025|0|container,20,2023,all,17714,7040.99329264164,17702.298864245415,33813.73065137863,65193.4688642025,128410.53312270642
volume|2025|0|container,20,2023,container,2948,2493.01548705101,5512.950138568878,16458.277364730835,46562.45893159509,201203.64839855448
volume|2025|0|container,20,2023,bulk,7061,14012.809234261513,23979.09772312641,38626.86212348938,61993.20205497742,99525.05612134932
volume|2025|0|container,20,2023,tanker,4262,7094.307881450653,17457.902992725372,33679.277200222015,67695.29549920559,126380.58687392474
volume|2025|0|container,20,2023,gas,993,19197.84113719463,37046.801672935486,67130.05354762077,127524.59905290604,218266.41278858192
volume|2025|0|container,20,2023,general,1849,7008.753276443482,13086.716344833374,28980.77565002441,56523.75227355957,124790.55841712952
volume|2025|0|container,20,2023,roro,601,10869.123033881187,18419.27876353264,30282.774146080017,54298.84276211262,145719.53454351425
volume|2025|0|container,20,2024,all,16746,6898.87615442276,17348.738713502884,33242.54646205902,64007.548917770386,122242.28659105302
volume|2025|0|container,20,2024,container,2715,2500.7867707729342,5924.727689921856,16852.005942344666,50910.019731462,190602.83216497887
volume|2025|0|container,20,2024,bulk,6665,13734.339367103581,23502.456966876984,37465.57466065884,60439.314772605896,94370.46136312485
volume|2025|0|container,20,2024,tanker,4087,6492.314060211182,16316.927639961243,33452.557925224304,67179.7197561264,121214.36931877138
volume|2025|0|container,20,2024,gas,951,17864.16664123535,33999.255568027496,64686.66569805145,124295.71341216564,208978.7697172165
volume|2025|0|container,20,2024,general,1767,6397.692725324631,12887.835882902145,27243.06809616089,56500.41979289055,116438.36831721068
volume|2025|0|container,20,2024,roro,561,11759.45328015089,19842.985640525814,28763.086108207703,53211.12902379036,165935.84583246708
volume|2025|0|container,20,2025,all,17006,7057.870912849903,17249.54851141572,31935.330675721165,57344.736786842346,104963.88803386688
volume|2025|0|container,20,2025,container,2779,2551.1910364151,6542.300204753876,17993.005729198456,49486.84465062618,156378.9919351578
volume|2025|0|container,20,2025,bulk,6820,13534.321503722667,23375.534437537193,36047.15750312805,54487.44307780266,84336.43707513812
volume|2025|0|container,20,2025,tanker,4099,6088.942528438569,16152.184135437012,31311.528978824612,58690.80629861355,106564.72736740112
volume|2025|0|container,20,2025,gas,951,14603.568634986876,32080.621259450912,60112.09380722046,105928.22740650177,188504.25597763064
volume|2025|0|container,20,2025,general,1769,7150.863201332092,12957.386368751526,26205.01152187586,50582.56893539429,102625.18886896373
volume|2025|0|container,20,2025,roro,588,9892.505417454244,19691.866878271107,29318.856283307076,49355.9086445868,143045.09773015976
