set_key,label,year,vessel_group,n,range_nm,share_le
all|-1|0|all,all nodes,2024,all,23035,0,0.0002604731929672238
all|-1|0|all,all nodes,2024,all,23035,250,0.007249837204254396
all|-1|0|all,all nodes,2024,all,23035,500,0.01636639895810723
all|-1|0|all,all nodes,2024,all,23035,750,0.037247666594313
all|-1|0|all,all nodes,2024,all,23035,1000,0.056696331669199046
all|-1|0|all,all nodes,2024,all,23035,1250,0.0857390926850445
all|-1|0|all,all nodes,2024,all,23035,1500,0.11491209029737356
all|-1|0|all,all nodes,2024,all,23035,1750,0.1432168439331452
all|-1|0|all,all nodes,2024,all,23035,2000,0.1667462556978511
all|-1|0|all,all nodes,2024,all,23035,2250,0.18840894291295854
all|-1|0|all,all nodes,2024,all,23035,2500,0.2054699370523117
all|-1|0|all,all nodes,2024,all,23035,2750,0.22800086824397656
all|-1|0|all,all nodes,2024,all,23035,3000,0.24749294551769047
all|-1|0|all,all nodes,2024,all,23035,3250,0.26798350336444543
all|-1|0|all,all nodes,2024,all,23035,3500,0.28565226828738877
all|-1|0|all,all nodes,2024,all,23035,3750,0.3015411330583894
all|-1|0|all,all nodes,2024,all,23035,4000,0.32559149120902975
all|-1|0|all,all nodes,2024,all,23035,4250,0.3401779900151943
all|-1|0|all,all nodes,2024,all,23035,4500,0.35975689168656394
all|-1|0|all,all nodes,2024,all,23035,4750,0.38706316474929453
all|-1|0|all,all nodes,2024,all,23035,5000,0.4177121771217712
all|-1|0|all,all nodes,2024,all,23035,5250,0.4499674408508791
all|-1|0|all,all nodes,2024,all,23035,5500,0.4783590188843065
all|-1|0|all,all nodes,2024,all,23035,5750,0.5039288039939223
all|-1|0|all,all nodes,2024,all,23035,6000,0.5262426741914478
all|-1|0|all,all nodes,2024,all,23035,6250,0.5455611026698503
all|-1|0|all,all nodes,2024,all,23035,6500,0.5701758194052529
all|-1|0|all,all nodes,2024,all,23035,6750,0.587236813544606
all|-1|0|all,all nodes,2024,all,23035,7000,0.6034295637074018
all|-1|0|all,all nodes,2024,all,23035,7250,0.6209246798350336
all|-1|0|all,all nodes,2024,all,23035,7500,0.635901888430649
all|-1|0|all,all nodes,2024,all,23035,7750,0.6538311265465596
all|-1|0|all,all nodes,2024,all,23035,8000,0.6671586715867158
all|-1|0|all,all nodes,2024,all,23035,8250,0.6895159539830692
all|-1|0|all,all nodes,2024,all,23035,8500,0.716778814846972
all|-1|0|all,all nodes,2024,all,23035,8750,0.7407857607987844
all|-1|0|all,all nodes,2024,all,23035,9000,0.7705231169958758
all|-1|0|all,all nodes,2024,all,23035,9250,0.8057738224441068
all|-1|0|all,all nodes,2024,all,23035,9500,0.8243976557412633
all|-1|0|all,all nodes,2024,all,23035,9750,0.8486216626872151
all|-1|0|all,all nodes,2024,all,23035,10000,0.8668113739960929
all|-1|0|all,all nodes,2024,all,23035,10250,0.8816149337963968
all|-1|0|all,all nodes,2024,all,23035,10500,0.9003690036900369
all|-1|0|all,all nodes,2024,all,23035,10750,0.9155632732797916
all|-1|0|all,all nodes,2024,all,23035,11000,0.9296288257000217
all|-1|0|all,all nodes,2024,all,23035,11250,0.9428695463425223
all|-1|0|all,all nodes,2024,all,23035,11500,0.9676144996744085
all|-1|0|all,all nodes,2024,all,23035,11750,0.9804645105274582
all|-1|0|all,all nodes,2024,all,23035,12000,0.9961363143043195
all|-1|0|all,all nodes,2024,all,23035,12250,0.9970479704797048
all|-1|0|all,all nodes,2024,all,23035,12500,0.9981766876492294
all|-1|0|all,all nodes,2024,all,23035,12750,0.9987410462339917
all|-1|0|all,all nodes,2024,all,23035,13000,0.9990449316257869
all|-1|0|all,all nodes,2024,all,23035,13250,0.9991751682222705
all|-1|0|all,all nodes,2024,all,23035,13500,0.999696114608205
all|-1|0|all,all nodes,2024,all,23035,13750,0.9997829390058607
all|-1|0|all,all nodes,2024,all,23035,14000,0.9999131756023443
all|-1|0|all,all nodes,2024,all,23035,14250,0.9999131756023443
all|-1|0|all,all nodes,2024,all,23035,14500,0.9999131756023443
all|-1|0|all,all nodes,2024,all,23035,14750,0.9999131756023443
all|-1|0|all,all nodes,2024,all,23035,15000,0.9999565878011721
all|-1|0|all,all nodes,2024,all,23035,15250,0.9999565878011721
all|-1|0|all,all nodes,2024,all,23035,15500,0.9999565878011721
all|-1|0|all,all nodes,2024,all,23035,15750,1.0
all|-1|0|all,all nodes,2024,all,23035,16000,1.0
all|-1|0|all,all nodes,2024,all,23035,16250,1.0
all|-1|0|all,all nodes,2024,all,23035,16500,1.0
all|-1|0|all,all nodes,2024,all,23035,16750,1.0
all|-1|0|all,all nodes,2024,all,23035,17000,1.0
all|-1|0|all,all nodes,2024,all,23035,17250,1.0
all|-1|0|all,all nodes,2024,all,23035,17500,1.0
all|-1|0|all,all nodes,2024,all,23035,17750,1.0
all|-1|0|all,all nodes,2024,all,23035,18000,1.0
all|-1|0|all,all nodes,2024,all,23035,18250,1.0
all|-1|0|all,all nodes,2024,all,23035,18500,1.0
all|-1|0|all,all nodes,2024,all,23035,18750,1.0
all|-1|0|all,all nodes,2024,all,23035,19000,1.0
all|-1|0|all,all nodes,2024,all,23035,19250,1.0
all|-1|0|all,all nodes,2024,all,23035,19500,1.0
all|-1|0|all,all nodes,2024,all,23035,19750,1.0
all|-1|0|all,all nodes,2024,all,23035,20000,1.0
all|-1|0|all,all nodes,2024,all,23035,20250,1.0
all|-1|0|all,all nodes,2024,all,23035,20500,1.0
all|-1|0|all,all nodes,2024,all,23035,20750,1.0
all|-1|0|all,all nodes,2024,all,23035,21000,1.0
all|-1|0|all,all nodes,2024,all,23035,21250,1.0
all|-1|0|all,all nodes,2024,all,23035,21500,1.0
all|-1|0|all,all nodes,2024,all,23035,21750,1.0
all|-1|0|all,all nodes,2024,all,23035,22000,1.0
all|-1|0|all,all nodes,2024,all,23035,22250,1.0
all|-1|0|all,all nodes,2024,all,23035,22500,1.0
all|-1|0|all,all nodes,2024,all,23035,22750,1.0
all|-1|0|all,all nodes,2024,all,23035,23000,1.0
all|-1|0|all,all nodes,2024,all,23035,23250,1.0
all|-1|0|all,all nodes,2024,all,23035,23500,1.0
all|-1|0|all,all nodes,2024,all,23035,23750,1.0
all|-1|0|all,all nodes,2024,all,23035,24000,1.0
all|-1|0|all,all nodes,2024,all,23035,24250,1.0
all|-1|0|all,all nodes,2024,all,23035,24500,1.0
all|-1|0|all,all nodes,2024,all,23035,24750,1.0
all|-1|0|all,all nodes,2024,all,23035,25000,1.0
all|-1|0|all,all nodes,2024,all,23035,25250,1.0
all|-1|0|all,all nodes,2024,all,23035,25500,1.0
all|-1|0|all,all nodes,2024,all,23035,25750,1.0
all|-1|0|all,all nodes,2024,all,23035,26000,1.0
all|-1|0|all,all nodes,2024,all,23035,26250,1.0
all|-1|0|all,all nodes,2024,all,23035,26500,1.0
all|-1|0|all,all nodes,2024,all,23035,26750,1.0
all|-1|0|all,all nodes,2024,all,23035,27000,1.0
all|-1|0|all,all nodes,2024,all,23035,27250,1.0
all|-1|0|all,all nodes,2024,all,23035,27500,1.0
all|-1|0|all,all nodes,2024,all,23035,27750,1.0
all|-1|0|all,all nodes,2024,all,23035,28000,1.0
all|-1|0|all,all nodes,2024,all,23035,28250,1.0
all|-1|0|all,all nodes,2024,all,23035,28500,1.0
all|-1|0|all,all nodes,2024,all,23035,28750,1.0
all|-1|0|all,all nodes,2024,all,23035,29000,1.0
all|-1|0|all,all nodes,2024,all,23035,29250,1.0
all|-1|0|all,all nodes,2024,all,23035,29500,1.0
all|-1|0|all,all nodes,2024,all,23035,29750,1.0
all|-1|0|all,all nodes,2024,all,23035,30000,1.0
all|-1|0|all,all nodes,2024,container,3784,0,0.0
all|-1|0|all,all nodes,2024,container,3784,250,0.0066067653276955605
all|-1|0|all,all nodes,2024,container,3784,500,0.01638477801268499
all|-1|0|all,all nodes,2024,container,3784,750,0.053646934460887946
all|-1|0|all,all nodes,2024,container,3784,1000,0.0919661733615222
all|-1|0|all,all nodes,2024,container,3784,1250,0.15406976744186046
all|-1|0|all,all nodes,2024,container,3784,1500,0.21749471458773784
all|-1|0|all,all nodes,2024,container,3784,1750,0.28118393234672306
all|-1|0|all,all nodes,2024,container,3784,2000,0.31553911205074
all|-1|0|all,all nodes,2024,container,3784,2250,0.35280126849894294
all|-1|0|all,all nodes,2024,container,3784,2500,0.38054968287526425
all|-1|0|all,all nodes,2024,container,3784,2750,0.4056553911205074
all|-1|0|all,all nodes,2024,container,3784,3000,0.42521141649048627
all|-1|0|all,all nodes,2024,container,3784,3250,0.44582452431289643
all|-1|0|all,all nodes,2024,container,3784,3500,0.45665961945031713
all|-1|0|all,all nodes,2024,container,3784,3750,0.4741014799154334
all|-1|0|all,all nodes,2024,container,3784,4000,0.49471458773784355
all|-1|0|all,all nodes,2024,container,3784,4250,0.5140063424947146
all|-1|0|all,all nodes,2024,container,3784,4500,0.5367336152219874
all|-1|0|all,all nodes,2024,container,3784,4750,0.5570824524312896
all|-1|0|all,all nodes,2024,container,3784,5000,0.5864164904862579
all|-1|0|all,all nodes,2024,container,3784,5250,0.6104651162790697
all|-1|0|all,all nodes,2024,container,3784,5500,0.6371564482029598
all|-1|0|all,all nodes,2024,container,3784,5750,0.6627906976744186
all|-1|0|all,all nodes,2024,container,3784,6000,0.6823467230443975
all|-1|0|all,all nodes,2024,container,3784,6250,0.6905391120507399
all|-1|0|all,all nodes,2024,container,3784,6500,0.7058668076109936
all|-1|0|all,all nodes,2024,container,3784,6750,0.7196088794926004
all|-1|0|all,all nodes,2024,container,3784,7000,0.7402219873150105
all|-1|0|all,all nodes,2024,container,3784,7250,0.7608350951374208
all|-1|0|all,all nodes,2024,container,3784,7500,0.7745771670190275
all|-1|0|all,all nodes,2024,container,3784,7750,0.7835623678646935
all|-1|0|all,all nodes,2024,container,3784,8000,0.7856765327695561
all|-1|0|all,all nodes,2024,container,3784,8250,0.8004756871035941
all|-1|0|all,all nodes,2024,container,3784,8500,0.8393234672304439
all|-1|0|all,all nodes,2024,container,3784,8750,0.8644291754756871
all|-1|0|all,all nodes,2024,container,3784,9000,0.8765856236786469
all|-1|0|all,all nodes,2024,container,3784,9250,0.9022198731501057
all|-1|0|all,all nodes,2024,container,3784,9500,0.912262156448203
all|-1|0|all,all nodes,2024,container,3784,9750,0.9149048625792812
all|-1|0|all,all nodes,2024,container,3784,10000,0.9207188160676533
all|-1|0|all,all nodes,2024,container,3784,10250,0.9312896405919662
all|-1|0|all,all nodes,2024,container,3784,10500,0.9468816067653277
all|-1|0|all,all nodes,2024,container,3784,10750,0.9738372093023255
all|-1|0|all,all nodes,2024,container,3784,11000,0.9838794926004228
all|-1|0|all,all nodes,2024,container,3784,11250,0.9889006342494715
all|-1|0|all,all nodes,2024,container,3784,11500,0.9960359408033826
all|-1|0|all,all nodes,2024,container,3784,11750,0.9978858350951374
all|-1|0|all,all nodes,2024,container,3784,12000,0.9989429175475687
all|-1|0|all,all nodes,2024,container,3784,12250,0.9989429175475687
all|-1|0|all,all nodes,2024,container,3784,12500,0.9992071881606766
all|-1|0|all,all nodes,2024,container,3784,12750,0.9992071881606766
all|-1|0|all,all nodes,2024,container,3784,13000,0.9994714587737844
all|-1|0|all,all nodes,2024,container,3784,13250,0.9994714587737844
all|-1|0|all,all nodes,2024,container,3784,13500,1.0
all|-1|0|all,all nodes,2024,container,3784,13750,1.0
all|-1|0|all,all nodes,2024,container,3784,14000,1.0
all|-1|0|all,all nodes,2024,container,3784,14250,1.0
all|-1|0|all,all nodes,2024,container,3784,14500,1.0
all|-1|0|all,all nodes,2024,container,3784,14750,1.0
all|-1|0|all,all nodes,2024,container,3784,15000,1.0
all|-1|0|all,all nodes,2024,container,3784,15250,1.0
all|-1|0|all,all nodes,2024,container,3784,15500,1.0
all|-1|0|all,all nodes,2024,container,3784,15750,1.0
all|-1|0|all,all nodes,2024,container,3784,16000,1.0
all|-1|0|all,all nodes,2024,container,3784,16250,1.0
all|-1|0|all,all nodes,2024,container,3784,16500,1.0
all|-1|0|all,all nodes,2024,container,3784,16750,1.0
all|-1|0|all,all nodes,2024,container,3784,17000,1.0
all|-1|0|all,all nodes,2024,container,3784,17250,1.0
all|-1|0|all,all nodes,2024,container,3784,17500,1.0
all|-1|0|all,all nodes,2024,container,3784,17750,1.0
all|-1|0|all,all nodes,2024,container,3784,18000,1.0
all|-1|0|all,all nodes,2024,container,3784,18250,1.0
all|-1|0|all,all nodes,2024,container,3784,18500,1.0
all|-1|0|all,all nodes,2024,container,3784,18750,1.0
all|-1|0|all,all nodes,2024,container,3784,19000,1.0
all|-1|0|all,all nodes,2024,container,3784,19250,1.0
all|-1|0|all,all nodes,2024,container,3784,19500,1.0
all|-1|0|all,all nodes,2024,container,3784,19750,1.0
all|-1|0|all,all nodes,2024,container,3784,20000,1.0
all|-1|0|all,all nodes,2024,container,3784,20250,1.0
all|-1|0|all,all nodes,2024,container,3784,20500,1.0
all|-1|0|all,all nodes,2024,container,3784,20750,1.0
all|-1|0|all,all nodes,2024,container,3784,21000,1.0
all|-1|0|all,all nodes,2024,container,3784,21250,1.0
all|-1|0|all,all nodes,2024,container,3784,21500,1.0
all|-1|0|all,all nodes,2024,container,3784,21750,1.0
all|-1|0|all,all nodes,2024,container,3784,22000,1.0
all|-1|0|all,all nodes,2024,container,3784,22250,1.0
all|-1|0|all,all nodes,2024,container,3784,22500,1.0
all|-1|0|all,all nodes,2024,container,3784,22750,1.0
all|-1|0|all,all nodes,2024,container,3784,23000,1.0
all|-1|0|all,all nodes,2024,container,3784,23250,1.0
all|-1|0|all,all nodes,2024,container,3784,23500,1.0
all|-1|0|all,all nodes,2024,container,3784,23750,1.0
all|-1|0|all,all nodes,2024,container,3784,24000,1.0
all|-1|0|all,all nodes,2024,container,3784,24250,1.0
all|-1|0|all,all nodes,2024,container,3784,24500,1.0
all|-1|0|all,all nodes,2024,container,3784,24750,1.0
all|-1|0|all,all nodes,2024,container,3784,25000,1.0
all|-1|0|all,all nodes,2024,container,3784,25250,1.0
all|-1|0|all,all nodes,2024,container,3784,25500,1.0
all|-1|0|all,all nodes,2024,container,3784,25750,1.0
all|-1|0|all,all nodes,2024,container,3784,26000,1.0
all|-1|0|all,all nodes,2024,container,3784,26250,1.0
all|-1|0|all,all nodes,2024,container,3784,26500,1.0
all|-1|0|all,all nodes,2024,container,3784,26750,1.0
all|-1|0|all,all nodes,2024,container,3784,27000,1.0
all|-1|0|all,all nodes,2024,container,3784,27250,1.0
all|-1|0|all,all nodes,2024,container,3784,27500,1.0
all|-1|0|all,all nodes,2024,container,3784,27750,1.0
all|-1|0|all,all nodes,2024,container,3784,28000,1.0
all|-1|0|all,all nodes,2024,container,3784,28250,1.0
all|-1|0|all,all nodes,2024,container,3784,28500,1.0
all|-1|0|all,all nodes,2024,container,3784,28750,1.0
all|-1|0|all,all nodes,2024,container,3784,29000,1.0
all|-1|0|all,all nodes,2024,container,3784,29250,1.0
all|-1|0|all,all nodes,2024,container,3784,29500,1.0
all|-1|0|all,all nodes,2024,container,3784,29750,1.0
all|-1|0|all,all nodes,2024,container,3784,30000,1.0
all|-1|0|all,all nodes,2024,bulk,9143,0,0.00010937329104232747
all|-1|0|all,all nodes,2024,bulk,9143,250,0.002843705567100514
all|-1|0|all,all nodes,2024,bulk,9143,500,0.005578037843158701
all|-1|0|all,all nodes,2024,bulk,9143,750,0.013562288089248606
all|-1|0|all,all nodes,2024,bulk,9143,1000,0.020015312260745925
all|-1|0|all,all nodes,2024,bulk,9143,1250,0.029202668708301432
all|-1|0|all,all nodes,2024,bulk,9143,1500,0.04199934376025374
all|-1|0|all,all nodes,2024,bulk,9143,1750,0.05392103248386744
all|-1|0|all,all nodes,2024,bulk,9143,2000,0.06999890626708957
all|-1|0|all,all nodes,2024,bulk,9143,2250,0.08345182106529586
all|-1|0|all,all nodes,2024,bulk,9143,2500,0.09395165700535929
all|-1|0|all,all nodes,2024,bulk,9143,2750,0.11177950344525867
all|-1|0|all,all nodes,2024,bulk,9143,3000,0.12610740457180356
all|-1|0|all,all nodes,2024,bulk,9143,3250,0.13835721316854424
all|-1|0|all,all nodes,2024,bulk,9143,3500,0.14754456961609974
all|-1|0|all,all nodes,2024,bulk,9143,3750,0.161325604287433
all|-1|0|all,all nodes,2024,bulk,9143,4000,0.1919501257792847
all|-1|0|all,all nodes,2024,bulk,9143,4250,0.2019030952641365
all|-1|0|all,all nodes,2024,bulk,9143,4500,0.2218090342338401
all|-1|0|all,all nodes,2024,bulk,9143,4750,0.2500273433227606
all|-1|0|all,all nodes,2024,bulk,9143,5000,0.2811987312698239
all|-1|0|all,all nodes,2024,bulk,9143,5250,0.31674505085858035
all|-1|0|all,all nodes,2024,bulk,9143,5500,0.34190090779831567
all|-1|0|all,all nodes,2024,bulk,9143,5750,0.3643224324619928
all|-1|0|all,all nodes,2024,bulk,9143,6000,0.3878376900360932
all|-1|0|all,all nodes,2024,bulk,9143,6250,0.4070873892595428
all|-1|0|all,all nodes,2024,bulk,9143,6500,0.4269933282292464
all|-1|0|all,all nodes,2024,bulk,9143,6750,0.44066498960953737
all|-1|0|all,all nodes,2024,bulk,9143,7000,0.45575850377337856
all|-1|0|all,all nodes,2024,bulk,9143,7250,0.47260199059389696
all|-1|0|all,all nodes,2024,bulk,9143,7500,0.48813299792190745
all|-1|0|all,all nodes,2024,bulk,9143,7750,0.5074920704363994
all|-1|0|all,all nodes,2024,bulk,9143,8000,0.5208356119435634
all|-1|0|all,all nodes,2024,bulk,9143,8250,0.5427102701520289
all|-1|0|all,all nodes,2024,bulk,9143,8500,0.5684129935469758
all|-1|0|all,all nodes,2024,bulk,9143,8750,0.5951000765613037
all|-1|0|all,all nodes,2024,bulk,9143,9000,0.6447555506945204
all|-1|0|all,all nodes,2024,bulk,9143,9250,0.7045827408946735
all|-1|0|all,all nodes,2024,bulk,9143,9500,0.7343322760581866
all|-1|0|all,all nodes,2024,bulk,9143,9750,0.7790659520944985
all|-1|0|all,all nodes,2024,bulk,9143,10000,0.8067373947282074
all|-1|0|all,all nodes,2024,bulk,9143,10250,0.8299245324291807
all|-1|0|all,all nodes,2024,bulk,9143,10500,0.8579240949360166
all|-1|0|all,all nodes,2024,bulk,9143,10750,0.8746582084654927
all|-1|0|all,all nodes,2024,bulk,9143,11000,0.8979547194575085
all|-1|0|all,all nodes,2024,bulk,9143,11250,0.9224543366509899
all|-1|0|all,all nodes,2024,bulk,9143,11500,0.9739691567319261
all|-1|0|all,all nodes,2024,bulk,9143,11750,0.9891720441868096
all|-1|0|all,all nodes,2024,bulk,9143,12000,0.9979219074701958
all|-1|0|all,all nodes,2024,bulk,9143,12250,0.9986875205074921
all|-1|0|all,all nodes,2024,bulk,9143,12500,0.999343760253746
all|-1|0|all,all nodes,2024,bulk,9143,12750,0.9997812534179153
all|-1|0|all,all nodes,2024,bulk,9143,13000,0.9998906267089577
all|-1|0|all,all nodes,2024,bulk,9143,13250,0.9998906267089577
all|-1|0|all,all nodes,2024,bulk,9143,13500,1.0
all|-1|0|all,all nodes,2024,bulk,9143,13750,1.0
all|-1|0|all,all nodes,2024,bulk,9143,14000,1.0
all|-1|0|all,all nodes,2024,bulk,9143,14250,1.0
all|-1|0|all,all nodes,2024,bulk,9143,14500,1.0
all|-1|0|all,all nodes,2024,bulk,9143,14750,1.0
all|-1|0|all,all nodes,2024,bulk,9143,15000,1.0
all|-1|0|all,all nodes,2024,bulk,9143,15250,1.0
all|-1|0|all,all nodes,2024,bulk,9143,15500,1.0
all|-1|0|all,all nodes,2024,bulk,9143,15750,1.0
all|-1|0|all,all nodes,2024,bulk,9143,16000,1.0
all|-1|0|all,all nodes,2024,bulk,9143,16250,1.0
all|-1|0|all,all nodes,2024,bulk,9143,16500,1.0
all|-1|0|all,all nodes,2024,bulk,9143,16750,1.0
all|-1|0|all,all nodes,2024,bulk,9143,17000,1.0
all|-1|0|all,all nodes,2024,bulk,9143,17250,1.0
all|-1|0|all,all nodes,2024,bulk,9143,17500,1.0
all|-1|0|all,all nodes,2024,bulk,9143,17750,1.0
all|-1|0|all,all nodes,2024,bulk,9143,18000,1.0
all|-1|0|all,all nodes,2024,bulk,9143,18250,1.0
all|-1|0|all,all nodes,2024,bulk,9143,18500,1.0
all|-1|0|all,all nodes,2024,bulk,9143,18750,1.0
all|-1|0|all,all nodes,2024,bulk,9143,19000,1.0
all|-1|0|all,all nodes,2024,bulk,9143,19250,1.0
all|-1|0|all,all nodes,2024,bulk,9143,19500,1.0
all|-1|0|all,all nodes,2024,bulk,9143,19750,1.0
all|-1|0|all,all nodes,2024,bulk,9143,20000,1.0
all|-1|0|all,all nodes,2024,bulk,9143,20250,1.0
all|-1|0|all,all nodes,2024,bulk,9143,20500,1.0
all|-1|0|all,all nodes,2024,bulk,9143,20750,1.0
all|-1|0|all,all nodes,2024,bulk,9143,21000,1.0
all|-1|0|all,all nodes,2024,bulk,9143,21250,1.0
all|-1|0|all,all nodes,2024,bulk,9143,21500,1.0
all|-1|0|all,all nodes,2024,bulk,9143,21750,1.0
all|-1|0|all,all nodes,2024,bulk,9143,22000,1.0
all|-1|0|all,all nodes,2024,bulk,9143,22250,1.0
all|-1|0|all,all nodes,2024,bulk,9143,22500,1.0
all|-1|0|all,all nodes,2024,bulk,9143,22750,1.0
all|-1|0|all,all nodes,2024,bulk,9143,23000,1.0
all|-1|0|all,all nodes,2024,bulk,9143,23250,1.0
all|-1|0|all,all nodes,2024,bulk,9143,23500,1.0
all|-1|0|all,all nodes,2024,bulk,9143,23750,1.0
all|-1|0|all,all nodes,2024,bulk,9143,24000,1.0
all|-1|0|all,all nodes,2024,bulk,9143,24250,1.0
all|-1|0|all,all nodes,2024,bulk,9143,24500,1.0
all|-1|0|all,all nodes,2024,bulk,9143,24750,1.0
all|-1|0|all,all nodes,2024,bulk,9143,25000,1.0
all|-1|0|all,all nodes,2024,bulk,9143,25250,1.0
all|-1|0|all,all nodes,2024,bulk,9143,25500,1.0
all|-1|0|all,all nodes,2024,bulk,9143,25750,1.0
all|-1|0|all,all nodes,2024,bulk,9143,26000,1.0
all|-1|0|all,all nodes,2024,bulk,9143,26250,1.0
all|-1|0|all,all nodes,2024,bulk,9143,26500,1.0
all|-1|0|all,all nodes,2024,bulk,9143,26750,1.0
all|-1|0|all,all nodes,2024,bulk,9143,27000,1.0
all|-1|0|all,all nodes,2024,bulk,9143,27250,1.0
all|-1|0|all,all nodes,2024,bulk,9143,27500,1.0
all|-1|0|all,all nodes,2024,bulk,9143,27750,1.0
all|-1|0|all,all nodes,2024,bulk,9143,28000,1.0
all|-1|0|all,all nodes,2024,bulk,9143,28250,1.0
all|-1|0|all,all nodes,2024,bulk,9143,28500,1.0
all|-1|0|all,all nodes,2024,bulk,9143,28750,1.0
all|-1|0|all,all nodes,2024,bulk,9143,29000,1.0
all|-1|0|all,all nodes,2024,bulk,9143,29250,1.0
all|-1|0|all,all nodes,2024,bulk,9143,29500,1.0
all|-1|0|all,all nodes,2024,bulk,9143,29750,1.0
all|-1|0|all,all nodes,2024,bulk,9143,30000,1.0
all|-1|0|all,all nodes,2024,tanker,5788,0,0.0008638562543192813
all|-1|0|all,all nodes,2024,tanker,5788,250,0.012957843814789219
all|-1|0|all,all nodes,2024,tanker,5788,500,0.03230822391154112
all|-1|0|all,all nodes,2024,tanker,5788,750,0.06513476157567381
all|-1|0|all,all nodes,2024,tanker,5788,1000,0.09105044920525225
all|-1|0|all,all nodes,2024,tanker,5788,1250,0.12577747062888736
all|-1|0|all,all nodes,2024,tanker,5788,1500,0.15687629578438148
all|-1|0|all,all nodes,2024,tanker,5788,1750,0.18883897719419487
all|-1|0|all,all nodes,2024,tanker,5788,2000,0.21164478230822392
all|-1|0|all,all nodes,2024,tanker,5788,2250,0.2334139599170698
all|-1|0|all,all nodes,2024,tanker,5788,2500,0.2503455425017277
all|-1|0|all,all nodes,2024,tanker,5788,2750,0.27643400138217
all|-1|0|all,all nodes,2024,tanker,5788,3000,0.299239806496199
all|-1|0|all,all nodes,2024,tanker,5788,3250,0.31893572909467865
all|-1|0|all,all nodes,2024,tanker,5788,3500,0.34571527297857635
all|-1|0|all,all nodes,2024,tanker,5788,3750,0.3571181755355909
all|-1|0|all,all nodes,2024,tanker,5788,4000,0.3752591568762958
all|-1|0|all,all nodes,2024,tanker,5788,4250,0.39322736696613686
all|-1|0|all,all nodes,2024,tanker,5788,4500,0.4118866620594333
all|-1|0|all,all nodes,2024,tanker,5788,4750,0.44609536973047687
all|-1|0|all,all nodes,2024,tanker,5788,5000,0.47892190739460955
all|-1|0|all,all nodes,2024,tanker,5788,5250,0.5195231513476157
all|-1|0|all,all nodes,2024,tanker,5788,5500,0.5580511402902557
all|-1|0|all,all nodes,2024,tanker,5788,5750,0.5867311679336559
all|-1|0|all,all nodes,2024,tanker,5788,6000,0.6136834830684175
all|-1|0|all,all nodes,2024,tanker,5788,6250,0.6371803731859018
all|-1|0|all,all nodes,2024,tanker,5788,6500,0.6739806496199032
all|-1|0|all,all nodes,2024,tanker,5788,6750,0.6992052522460263
all|-1|0|all,all nodes,2024,tanker,5788,7000,0.7156185210780927
all|-1|0|all,all nodes,2024,tanker,5788,7250,0.7335867311679336
all|-1|0|all,all nodes,2024,tanker,5788,7500,0.7536281962681409
all|-1|0|all,all nodes,2024,tanker,5788,7750,0.7781617138908086
all|-1|0|all,all nodes,2024,tanker,5788,8000,0.7969937802349689
all|-1|0|all,all nodes,2024,tanker,5788,8250,0.8248099516240498
all|-1|0|all,all nodes,2024,tanker,5788,8500,0.8493434692467173
all|-1|0|all,all nodes,2024,tanker,5788,8750,0.8650656530753282
all|-1|0|all,all nodes,2024,tanker,5788,9000,0.8795784381478922
all|-1|0|all,all nodes,2024,tanker,5788,9250,0.8956461644782309
all|-1|0|all,all nodes,2024,tanker,5788,9500,0.9058396682791984
all|-1|0|all,all nodes,2024,tanker,5788,9750,0.9203524533517623
all|-1|0|all,all nodes,2024,tanker,5788,10000,0.9333102971665515
all|-1|0|all,all nodes,2024,tanker,5788,10250,0.9405666897028334
all|-1|0|all,all nodes,2024,tanker,5788,10500,0.9455770559778853
all|-1|0|all,all nodes,2024,tanker,5788,10750,0.9517968210089841
all|-1|0|all,all nodes,2024,tanker,5788,11000,0.9555977885279889
all|-1|0|all,all nodes,2024,tanker,5788,11250,0.9600898410504493
all|-1|0|all,all nodes,2024,tanker,5788,11500,0.9657912923289564
all|-1|0|all,all nodes,2024,tanker,5788,11750,0.9770214236351071
all|-1|0|all,all nodes,2024,tanker,5788,12000,0.9970628887353145
all|-1|0|all,all nodes,2024,tanker,5788,12250,0.997581202487906
all|-1|0|all,all nodes,2024,tanker,5788,12500,0.9989633724948168
all|-1|0|all,all nodes,2024,tanker,5788,12750,0.9996544574982723
all|-1|0|all,all nodes,2024,tanker,5788,13000,0.9996544574982723
all|-1|0|all,all nodes,2024,tanker,5788,13250,0.9996544574982723
all|-1|0|all,all nodes,2024,tanker,5788,13500,0.9996544574982723
all|-1|0|all,all nodes,2024,tanker,5788,13750,0.9998272287491361
all|-1|0|all,all nodes,2024,tanker,5788,14000,0.9998272287491361
all|-1|0|all,all nodes,2024,tanker,5788,14250,0.9998272287491361
all|-1|0|all,all nodes,2024,tanker,5788,14500,0.9998272287491361
all|-1|0|all,all nodes,2024,tanker,5788,14750,0.9998272287491361
all|-1|0|all,all nodes,2024,tanker,5788,15000,1.0
all|-1|0|all,all nodes,2024,tanker,5788,15250,1.0
all|-1|0|all,all nodes,2024,tanker,5788,15500,1.0
all|-1|0|all,all nodes,2024,tanker,5788,15750,1.0
all|-1|0|all,all nodes,2024,tanker,5788,16000,1.0
all|-1|0|all,all nodes,2024,tanker,5788,16250,1.0
all|-1|0|all,all nodes,2024,tanker,5788,16500,1.0
all|-1|0|all,all nodes,2024,tanker,5788,16750,1.0
all|-1|0|all,all nodes,2024,tanker,5788,17000,1.0
all|-1|0|all,all nodes,2024,tanker,5788,17250,1.0
all|-1|0|all,all nodes,2024,tanker,5788,17500,1.0
all|-1|0|all,all nodes,2024,tanker,5788,17750,1.0
all|-1|0|all,all nodes,2024,tanker,5788,18000,1.0
all|-1|0|all,all nodes,2024,tanker,5788,18250,1.0
all|-1|0|all,all nodes,2024,tanker,5788,18500,1.0
all|-1|0|all,all nodes,2024,tanker,5788,18750,1.0
all|-1|0|all,all nodes,2024,tanker,5788,19000,1.0
all|-1|0|all,all nodes,2024,tanker,5788,19250,1.0
all|-1|0|all,all nodes,2024,tanker,5788,19500,1.0
all|-1|0|all,all nodes,2024,tanker,5788,19750,1.0
all|-1|0|all,all nodes,2024,tanker,5788,20000,1.0
all|-1|0|all,all nodes,2024,tanker,5788,20250,1.0
all|-1|0|all,all nodes,2024,tanker,5788,20500,1.0
all|-1|0|all,all nodes,2024,tanker,5788,20750,1.0
all|-1|0|all,all nodes,2024,tanker,5788,21000,1.0
all|-1|0|all,all nodes,2024,tanker,5788,21250,1.0
all|-1|0|all,all nodes,2024,tanker,5788,21500,1.0
all|-1|0|all,all nodes,2024,tanker,5788,21750,1.0
all|-1|0|all,all nodes,2024,tanker,5788,22000,1.0
all|-1|0|all,all nodes,2024,tanker,5788,22250,1.0
all|-1|0|all,all nodes,2024,tanker,5788,22500,1.0
all|-1|0|all,all nodes,2024,tanker,5788,22750,1.0
all|-1|0|all,all nodes,2024,tanker,5788,23000,1.0
all|-1|0|all,all nodes,2024,tanker,5788,23250,1.0
all|-1|0|all,all nodes,2024,tanker,5788,23500,1.0
all|-1|0|all,all nodes,2024,tanker,5788,23750,1.0
all|-1|0|all,all nodes,2024,tanker,5788,24000,1.0
all|-1|0|all,all nodes,2024,tanker,5788,24250,1.0
all|-1|0|all,all nodes,2024,tanker,5788,24500,1.0
all|-1|0|all,all nodes,2024,tanker,5788,24750,1.0
all|-1|0|all,all nodes,2024,tanker,5788,25000,1.0
all|-1|0|all,all nodes,2024,tanker,5788,25250,1.0
all|-1|0|all,all nodes,2024,tanker,5788,25500,1.0
all|-1|0|all,all nodes,2024,tanker,5788,25750,1.0
all|-1|0|all,all nodes,2024,tanker,5788,26000,1.0
all|-1|0|all,all nodes,2024,tanker,5788,26250,1.0
all|-1|0|all,all nodes,2024,tanker,5788,26500,1.0
all|-1|0|all,all nodes,2024,tanker,5788,26750,1.0
all|-1|0|all,all nodes,2024,tanker,5788,27000,1.0
all|-1|0|all,all nodes,2024,tanker,5788,27250,1.0
all|-1|0|all,all nodes,2024,tanker,5788,27500,1.0
all|-1|0|all,all nodes,2024,tanker,5788,27750,1.0
all|-1|0|all,all nodes,2024,tanker,5788,28000,1.0
all|-1|0|all,all nodes,2024,tanker,5788,28250,1.0
all|-1|0|all,all nodes,2024,tanker,5788,28500,1.0
all|-1|0|all,all nodes,2024,tanker,5788,28750,1.0
all|-1|0|all,all nodes,2024,tanker,5788,29000,1.0
all|-1|0|all,all nodes,2024,tanker,5788,29250,1.0
all|-1|0|all,all nodes,2024,tanker,5788,29500,1.0
all|-1|0|all,all nodes,2024,tanker,5788,29750,1.0
all|-1|0|all,all nodes,2024,tanker,5788,30000,1.0
all|-1|0|all,all nodes,2024,gas,1181,0,0.0
all|-1|0|all,all nodes,2024,gas,1181,250,0.00846740050804403
all|-1|0|all,all nodes,2024,gas,1181,500,0.013547840812870448
all|-1|0|all,all nodes,2024,gas,1181,750,0.03132938187976291
all|-1|0|all,all nodes,2024,gas,1181,1000,0.04149026248941575
all|-1|0|all,all nodes,2024,gas,1181,1250,0.06943268416596104
all|-1|0|all,all nodes,2024,gas,1181,1500,0.0829805249788315
all|-1|0|all,all nodes,2024,gas,1181,1750,0.10668924640135478
all|-1|0|all,all nodes,2024,gas,1181,2000,0.1354784081287045
all|-1|0|all,all nodes,2024,gas,1181,2250,0.15241320914479256
all|-1|0|all,all nodes,2024,gas,1181,2500,0.16257408975444537
all|-1|0|all,all nodes,2024,gas,1181,2750,0.17950889077053345
all|-1|0|all,all nodes,2024,gas,1181,3000,0.20406435224386113
all|-1|0|all,all nodes,2024,gas,1181,3250,0.2235393734123624
all|-1|0|all,all nodes,2024,gas,1181,3500,0.24216765453005928
all|-1|0|all,all nodes,2024,gas,1181,3750,0.26587637595258257
all|-1|0|all,all nodes,2024,gas,1181,4000,0.28789161727349705
all|-1|0|all,all nodes,2024,gas,1181,4250,0.3022861981371719
all|-1|0|all,all nodes,2024,gas,1181,4500,0.32006773920406434
all|-1|0|all,all nodes,2024,gas,1181,4750,0.34292972057578325
all|-1|0|all,all nodes,2024,gas,1181,5000,0.3691786621507197
all|-1|0|all,all nodes,2024,gas,1181,5250,0.384419983065199
all|-1|0|all,all nodes,2024,gas,1181,5500,0.40812870448772226
all|-1|0|all,all nodes,2024,gas,1181,5750,0.43691786621507195
all|-1|0|all,all nodes,2024,gas,1181,6000,0.4521591871295512
all|-1|0|all,all nodes,2024,gas,1181,6250,0.49364944961896695
all|-1|0|all,all nodes,2024,gas,1181,6500,0.5334462320067739
all|-1|0|all,all nodes,2024,gas,1181,6750,0.5537679932260796
all|-1|0|all,all nodes,2024,gas,1181,7000,0.5613886536833192
all|-1|0|all,all nodes,2024,gas,1181,7250,0.5740897544453852
all|-1|0|all,all nodes,2024,gas,1181,7500,0.5757832345469941
all|-1|0|all,all nodes,2024,gas,1181,7750,0.5825571549534293
all|-1|0|all,all nodes,2024,gas,1181,8000,0.584250635055038
all|-1|0|all,all nodes,2024,gas,1181,8250,0.5969517358171041
all|-1|0|all,all nodes,2024,gas,1181,8500,0.6079593564775614
all|-1|0|all,all nodes,2024,gas,1181,8750,0.628281117696867
all|-1|0|all,all nodes,2024,gas,1181,9000,0.6469093988145639
all|-1|0|all,all nodes,2024,gas,1181,9250,0.6536833192209992
all|-1|0|all,all nodes,2024,gas,1181,9500,0.6629974597798476
all|-1|0|all,all nodes,2024,gas,1181,9750,0.6748518204911093
all|-1|0|all,all nodes,2024,gas,1181,10000,0.712108382726503
all|-1|0|all,all nodes,2024,gas,1181,10250,0.7273497036409822
all|-1|0|all,all nodes,2024,gas,1181,10500,0.7417442845046571
all|-1|0|all,all nodes,2024,gas,1181,10750,0.7654530059271804
all|-1|0|all,all nodes,2024,gas,1181,11000,0.7764606265876376
all|-1|0|all,all nodes,2024,gas,1181,11250,0.7840812870448772
all|-1|0|all,all nodes,2024,gas,1181,11500,0.7917019475021169
all|-1|0|all,all nodes,2024,gas,1181,11750,0.8484335309060118
all|-1|0|all,all nodes,2024,gas,1181,12000,0.9737510584250635
all|-1|0|all,all nodes,2024,gas,1181,12250,0.9813717188823031
all|-1|0|all,all nodes,2024,gas,1181,12500,0.9889923793395428
all|-1|0|all,all nodes,2024,gas,1181,12750,0.9898391193903472
all|-1|0|all,all nodes,2024,gas,1181,13000,0.9915325994919559
all|-1|0|all,all nodes,2024,gas,1181,13250,0.9923793395427604
all|-1|0|all,all nodes,2024,gas,1181,13500,0.9974597798475868
all|-1|0|all,all nodes,2024,gas,1181,13750,0.9983065198983911
all|-1|0|all,all nodes,2024,gas,1181,14000,1.0
all|-1|0|all,all nodes,2024,gas,1181,14250,1.0
all|-1|0|all,all nodes,2024,gas,1181,14500,1.0
all|-1|0|all,all nodes,2024,gas,1181,14750,1.0
all|-1|0|all,all nodes,2024,gas,1181,15000,1.0
all|-1|0|all,all nodes,2024,gas,1181,15250,1.0
all|-1|0|all,all nodes,2024,gas,1181,15500,1.0
all|-1|0|all,all nodes,2024,gas,1181,15750,1.0
all|-1|0|all,all nodes,2024,gas,1181,16000,1.0
all|-1|0|all,all nodes,2024,gas,1181,16250,1.0
all|-1|0|all,all nodes,2024,gas,1181,16500,1.0
all|-1|0|all,all nodes,2024,gas,1181,16750,1.0
all|-1|0|all,all nodes,2024,gas,1181,17000,1.0
all|-1|0|all,all nodes,2024,gas,1181,17250,1.0
all|-1|0|all,all nodes,2024,gas,1181,17500,1.0
all|-1|0|all,all nodes,2024,gas,1181,17750,1.0
all|-1|0|all,all nodes,2024,gas,1181,18000,1.0
all|-1|0|all,all nodes,2024,gas,1181,18250,1.0
all|-1|0|all,all nodes,2024,gas,1181,18500,1.0
all|-1|0|all,all nodes,2024,gas,1181,18750,1.0
all|-1|0|all,all nodes,2024,gas,1181,19000,1.0
all|-1|0|all,all nodes,2024,gas,1181,19250,1.0
all|-1|0|all,all nodes,2024,gas,1181,19500,1.0
all|-1|0|all,all nodes,2024,gas,1181,19750,1.0
all|-1|0|all,all nodes,2024,gas,1181,20000,1.0
all|-1|0|all,all nodes,2024,gas,1181,20250,1.0
all|-1|0|all,all nodes,2024,gas,1181,20500,1.0
all|-1|0|all,all nodes,2024,gas,1181,20750,1.0
all|-1|0|all,all nodes,2024,gas,1181,21000,1.0
all|-1|0|all,all nodes,2024,gas,1181,21250,1.0
all|-1|0|all,all nodes,2024,gas,1181,21500,1.0
all|-1|0|all,all nodes,2024,gas,1181,21750,1.0
all|-1|0|all,all nodes,2024,gas,1181,22000,1.0
all|-1|0|all,all nodes,2024,gas,1181,22250,1.0
all|-1|0|all,all nodes,2024,gas,1181,22500,1.0
all|-1|0|all,all nodes,2024,gas,1181,22750,1.0
all|-1|0|all,all nodes,2024,gas,1181,23000,1.0
all|-1|0|all,all nodes,2024,gas,1181,23250,1.0
all|-1|0|all,all nodes,2024,gas,1181,23500,1.0
all|-1|0|all,all nodes,2024,gas,1181,23750,1.0
all|-1|0|all,all nodes,2024,gas,1181,24000,1.0
all|-1|0|all,all nodes,2024,gas,1181,24250,1.0
all|-1|0|all,all nodes,2024,gas,1181,24500,1.0
all|-1|0|all,all nodes,2024,gas,1181,24750,1.0
all|-1|0|all,all nodes,2024,gas,1181,25000,1.0
all|-1|0|all,all nodes,2024,gas,1181,25250,1.0
all|-1|0|all,all nodes,2024,gas,1181,25500,1.0
all|-1|0|all,all nodes,2024,gas,1181,25750,1.0
all|-1|0|all,all nodes,2024,gas,1181,26000,1.0
all|-1|0|all,all nodes,2024,gas,1181,26250,1.0
all|-1|0|all,all nodes,2024,gas,1181,26500,1.0
all|-1|0|all,all nodes,2024,gas,1181,26750,1.0
all|-1|0|all,all nodes,2024,gas,1181,27000,1.0
all|-1|0|all,all nodes,2024,gas,1181,27250,1.0
all|-1|0|all,all nodes,2024,gas,1181,27500,1.0
all|-1|0|all,all nodes,2024,gas,1181,27750,1.0
all|-1|0|all,all nodes,2024,gas,1181,28000,1.0
all|-1|0|all,all nodes,2024,gas,1181,28250,1.0
all|-1|0|all,all nodes,2024,gas,1181,28500,1.0
all|-1|0|all,all nodes,2024,gas,1181,28750,1.0
all|-1|0|all,all nodes,2024,gas,1181,29000,1.0
all|-1|0|all,all nodes,2024,gas,1181,29250,1.0
all|-1|0|all,all nodes,2024,gas,1181,29500,1.0
all|-1|0|all,all nodes,2024,gas,1181,29750,1.0
all|-1|0|all,all nodes,2024,gas,1181,30000,1.0
all|-1|0|all,all nodes,2024,general,2443,0,0.0
all|-1|0|all,all nodes,2024,general,2443,250,0.011870650839132215
all|-1|0|all,all nodes,2024,general,2443,500,0.02169463774048301
all|-1|0|all,all nodes,2024,general,2443,750,0.04011461318051576
all|-1|0|all,all nodes,2024,general,2443,1000,0.0683585755218993
all|-1|0|all,all nodes,2024,general,2443,1250,0.1101105198526402
all|-1|0|all,all nodes,2024,general,2443,1500,0.14858780188293083
all|-1|0|all,all nodes,2024,general,2443,1750,0.17805976258698322
all|-1|0|all,all nodes,2024,general,2443,2000,0.21408104789193613
all|-1|0|all,all nodes,2024,general,2443,2250,0.24641833810888253
all|-1|0|all,all nodes,2024,general,2443,2500,0.27793696275071633
all|-1|0|all,all nodes,2024,general,2443,2750,0.310683585755219
all|-1|0|all,all nodes,2024,general,2443,3000,0.3413835448219402
all|-1|0|all,all nodes,2024,general,2443,3250,0.3986901350798199
all|-1|0|all,all nodes,2024,general,2443,3500,0.43675808432255425
all|-1|0|all,all nodes,2024,general,2443,3750,0.4678673761768318
all|-1|0|all,all nodes,2024,general,2443,4000,0.49079001227998365
all|-1|0|all,all nodes,2024,general,2443,4250,0.5075726565697912
all|-1|0|all,all nodes,2024,general,2443,4500,0.528857961522718
all|-1|0|all,all nodes,2024,general,2443,4750,0.5546459271387638
all|-1|0|all,all nodes,2024,general,2443,5000,0.5878018829308228
all|-1|0|all,all nodes,2024,general,2443,5250,0.6148178469095374
all|-1|0|all,all nodes,2024,general,2443,5500,0.637331150225133
all|-1|0|all,all nodes,2024,general,2443,5750,0.6659844453540729
all|-1|0|all,all nodes,2024,general,2443,6000,0.6819484240687679
all|-1|0|all,all nodes,2024,general,2443,6250,0.697912402783463
all|-1|0|all,all nodes,2024,general,2443,6500,0.72247237003684
all|-1|0|all,all nodes,2024,general,2443,6750,0.735571019238641
all|-1|0|all,all nodes,2024,general,2443,7000,0.7498976668031109
all|-1|0|all,all nodes,2024,general,2443,7250,0.7666803110929186
all|-1|0|all,all nodes,2024,general,2443,7500,0.7773229635693819
all|-1|0|all,all nodes,2024,general,2443,7750,0.7941056078591895
all|-1|0|all,all nodes,2024,general,2443,8000,0.8055669259107655
all|-1|0|all,all nodes,2024,general,2443,8250,0.8219402374130168
all|-1|0|all,all nodes,2024,general,2443,8500,0.8407695456406058
all|-1|0|all,all nodes,2024,general,2443,8750,0.8583708555055259
all|-1|0|all,all nodes,2024,general,2443,9000,0.8784281620957839
all|-1|0|all,all nodes,2024,general,2443,9250,0.9009414654113794
all|-1|0|all,all nodes,2024,general,2443,9500,0.9136307818256242
all|-1|0|all,all nodes,2024,general,2443,9750,0.9193614408514122
all|-1|0|all,all nodes,2024,general,2443,10000,0.9250920998772002
all|-1|0|all,all nodes,2024,general,2443,10250,0.9328694228407696
all|-1|0|all,all nodes,2024,general,2443,10500,0.9459680720425706
all|-1|0|all,all nodes,2024,general,2443,10750,0.9545640605812525
all|-1|0|all,all nodes,2024,general,2443,11000,0.9627507163323782
all|-1|0|all,all nodes,2024,general,2443,11250,0.9713467048710601
all|-1|0|all,all nodes,2024,general,2443,11500,0.9815800245599673
all|-1|0|all,all nodes,2024,general,2443,11750,0.9881293491608678
all|-1|0|all,all nodes,2024,general,2443,12000,0.9930413426115432
all|-1|0|all,all nodes,2024,general,2443,12250,0.9934506753990995
all|-1|0|all,all nodes,2024,general,2443,12500,0.994269340974212
all|-1|0|all,all nodes,2024,general,2443,12750,0.9959066721244372
all|-1|0|all,all nodes,2024,general,2443,13000,0.997134670487106
all|-1|0|all,all nodes,2024,general,2443,13250,0.9979533360622186
all|-1|0|all,all nodes,2024,general,2443,13500,0.9991813344248874
all|-1|0|all,all nodes,2024,general,2443,13750,0.9991813344248874
all|-1|0|all,all nodes,2024,general,2443,14000,0.9995906672124437
all|-1|0|all,all nodes,2024,general,2443,14250,0.9995906672124437
all|-1|0|all,all nodes,2024,general,2443,14500,0.9995906672124437
all|-1|0|all,all nodes,2024,general,2443,14750,0.9995906672124437
all|-1|0|all,all nodes,2024,general,2443,15000,0.9995906672124437
all|-1|0|all,all nodes,2024,general,2443,15250,0.9995906672124437
all|-1|0|all,all nodes,2024,general,2443,15500,0.9995906672124437
all|-1|0|all,all nodes,2024,general,2443,15750,1.0
all|-1|0|all,all nodes,2024,general,2443,16000,1.0
all|-1|0|all,all nodes,2024,general,2443,16250,1.0
all|-1|0|all,all nodes,2024,general,2443,16500,1.0
all|-1|0|all,all nodes,2024,general,2443,16750,1.0
all|-1|0|all,all nodes,2024,general,2443,17000,1.0
all|-1|0|all,all nodes,2024,general,2443,17250,1.0
all|-1|0|all,all nodes,2024,general,2443,17500,1.0
all|-1|0|all,all nodes,2024,general,2443,17750,1.0
all|-1|0|all,all nodes,2024,general,2443,18000,1.0
all|-1|0|all,all nodes,2024,general,2443,18250,1.0
all|-1|0|all,all nodes,2024,general,2443,18500,1.0
all|-1|0|all,all nodes,2024,general,2443,18750,1.0
all|-1|0|all,all nodes,2024,general,2443,19000,1.0
all|-1|0|all,all nodes,2024,general,2443,19250,1.0
all|-1|0|all,all nodes,2024,general,2443,19500,1.0
all|-1|0|all,all nodes,2024,general,2443,19750,1.0
all|-1|0|all,all nodes,2024,general,2443,20000,1.0
all|-1|0|all,all nodes,2024,general,2443,20250,1.0
all|-1|0|all,all nodes,2024,general,2443,20500,1.0
all|-1|0|all,all nodes,2024,general,2443,20750,1.0
all|-1|0|all,all nodes,2024,general,2443,21000,1.0
all|-1|0|all,all nodes,2024,general,2443,21250,1.0
all|-1|0|all,all nodes,2024,general,2443,21500,1.0
all|-1|0|all,all nodes,2024,general,2443,21750,1.0
all|-1|0|all,all nodes,2024,general,2443,22000,1.0
all|-1|0|all,all nodes,2024,general,2443,22250,1.0
all|-1|0|all,all nodes,2024,general,2443,22500,1.0
all|-1|0|all,all nodes,2024,general,2443,22750,1.0
all|-1|0|all,all nodes,2024,general,2443,23000,1.0
all|-1|0|all,all nodes,2024,general,2443,23250,1.0
all|-1|0|all,all nodes,2024,general,2443,23500,1.0
all|-1|0|all,all nodes,2024,general,2443,23750,1.0
all|-1|0|all,all nodes,2024,general,2443,24000,1.0
all|-1|0|all,all nodes,2024,general,2443,24250,1.0
all|-1|0|all,all nodes,2024,general,2443,24500,1.0
all|-1|0|all,all nodes,2024,general,2443,24750,1.0
all|-1|0|all,all nodes,2024,general,2443,25000,1.0
all|-1|0|all,all nodes,2024,general,2443,25250,1.0
all|-1|0|all,all nodes,2024,general,2443,25500,1.0
all|-1|0|all,all nodes,2024,general,2443,25750,1.0
all|-1|0|all,all nodes,2024,general,2443,26000,1.0
all|-1|0|all,all nodes,2024,general,2443,26250,1.0
all|-1|0|all,all nodes,2024,general,2443,26500,1.0
all|-1|0|all,all nodes,2024,general,2443,26750,1.0
all|-1|0|all,all nodes,2024,general,2443,27000,1.0
all|-1|0|all,all nodes,2024,general,2443,27250,1.0
all|-1|0|all,all nodes,2024,general,2443,27500,1.0
all|-1|0|all,all nodes,2024,general,2443,27750,1.0
all|-1|0|all,all nodes,2024,general,2443,28000,1.0
all|-1|0|all,all nodes,2024,general,2443,28250,1.0
all|-1|0|all,all nodes,2024,general,2443,28500,1.0
all|-1|0|all,all nodes,2024,general,2443,28750,1.0
all|-1|0|all,all nodes,2024,general,2443,29000,1.0
all|-1|0|all,all nodes,2024,general,2443,29250,1.0
all|-1|0|all,all nodes,2024,general,2443,29500,1.0
all|-1|0|all,all nodes,2024,general,2443,29750,1.0
all|-1|0|all,all nodes,2024,general,2443,30000,1.0
all|-1|0|all,all nodes,2024,roro,696,0,0.0
all|-1|0|all,all nodes,2024,roro,696,250,0.0028735632183908046
all|-1|0|all,all nodes,2024,roro,696,500,0.011494252873563218
all|-1|0|all,all nodes,2024,roro,696,750,0.027298850574712645
all|-1|0|all,all nodes,2024,roro,696,1000,0.04597701149425287
all|-1|0|all,all nodes,2024,roro,696,1250,0.06609195402298851
all|-1|0|all,all nodes,2024,roro,696,1500,0.10201149425287356
all|-1|0|all,all nodes,2024,roro,696,1750,0.12643678160919541
all|-1|0|all,all nodes,2024,roro,696,2000,0.14224137931034483
all|-1|0|all,all nodes,2024,roro,696,2250,0.15660919540229884
all|-1|0|all,all nodes,2024,roro,696,2500,0.16379310344827586
all|-1|0|all,all nodes,2024,roro,696,2750,0.1781609195402299
all|-1|0|all,all nodes,2024,roro,696,3000,0.1896551724137931
all|-1|0|all,all nodes,2024,roro,696,3250,0.1968390804597701
all|-1|0|all,all nodes,2024,roro,696,3500,0.21408045977011494
all|-1|0|all,all nodes,2024,roro,696,3750,0.21982758620689655
all|-1|0|all,all nodes,2024,roro,696,4000,0.23275862068965517
all|-1|0|all,all nodes,2024,roro,696,4250,0.2471264367816092
all|-1|0|all,all nodes,2024,roro,696,4500,0.25
all|-1|0|all,all nodes,2024,roro,696,4750,0.25862068965517243
all|-1|0|all,all nodes,2024,roro,696,5000,0.27011494252873564
all|-1|0|all,all nodes,2024,roro,696,5250,0.28160919540229884
all|-1|0|all,all nodes,2024,roro,696,5500,0.30603448275862066
all|-1|0|all,all nodes,2024,roro,696,5750,0.33045977011494254
all|-1|0|all,all nodes,2024,roro,696,6000,0.34770114942528735
all|-1|0|all,all nodes,2024,roro,696,6250,0.367816091954023
all|-1|0|all,all nodes,2024,roro,696,6500,0.37787356321839083
all|-1|0|all,all nodes,2024,roro,696,6750,0.39798850574712646
all|-1|0|all,all nodes,2024,roro,696,7000,0.4238505747126437
all|-1|0|all,all nodes,2024,roro,696,7250,0.4396551724137931
all|-1|0|all,all nodes,2024,roro,696,7500,0.44971264367816094
all|-1|0|all,all nodes,2024,roro,696,7750,0.46551724137931033
all|-1|0|all,all nodes,2024,roro,696,8000,0.5201149425287356
all|-1|0|all,all nodes,2024,roro,696,8250,0.5818965517241379
all|-1|0|all,all nodes,2024,roro,696,8500,0.646551724137931
all|-1|0|all,all nodes,2024,roro,696,8750,0.7270114942528736
all|-1|0|all,all nodes,2024,roro,696,9000,0.7701149425287356
all|-1|0|all,all nodes,2024,roro,696,9250,0.7873563218390804
all|-1|0|all,all nodes,2024,roro,696,9500,0.8132183908045977
all|-1|0|all,all nodes,2024,roro,696,9750,0.8520114942528736
all|-1|0|all,all nodes,2024,roro,696,10000,0.867816091954023
all|-1|0|all,all nodes,2024,roro,696,10250,0.882183908045977
all|-1|0|all,all nodes,2024,roro,696,10500,0.9382183908045977
all|-1|0|all,all nodes,2024,roro,696,10750,0.9525862068965517
all|-1|0|all,all nodes,2024,roro,696,11000,0.978448275862069
all|-1|0|all,all nodes,2024,roro,696,11250,0.9870689655172413
all|-1|0|all,all nodes,2024,roro,696,11500,0.9942528735632183
all|-1|0|all,all nodes,2024,roro,696,11750,0.9971264367816092
all|-1|0|all,all nodes,2024,roro,696,12000,0.9985632183908046
all|-1|0|all,all nodes,2024,roro,696,12250,1.0
all|-1|0|all,all nodes,2024,roro,696,12500,1.0
all|-1|0|all,all nodes,2024,roro,696,12750,1.0
all|-1|0|all,all nodes,2024,roro,696,13000,1.0
all|-1|0|all,all nodes,2024,roro,696,13250,1.0
all|-1|0|all,all nodes,2024,roro,696,13500,1.0
all|-1|0|all,all nodes,2024,roro,696,13750,1.0
all|-1|0|all,all nodes,2024,roro,696,14000,1.0
all|-1|0|all,all nodes,2024,roro,696,14250,1.0
all|-1|0|all,all nodes,2024,roro,696,14500,1.0
all|-1|0|all,all nodes,2024,roro,696,14750,1.0
all|-1|0|all,all nodes,2024,roro,696,15000,1.0
all|-1|0|all,all nodes,2024,roro,696,15250,1.0
all|-1|0|all,all nodes,2024,roro,696,15500,1.0
all|-1|0|all,all nodes,2024,roro,696,15750,1.0
all|-1|0|all,all nodes,2024,roro,696,16000,1.0
all|-1|0|all,all nodes,2024,roro,696,16250,1.0
all|-1|0|all,all nodes,2024,roro,696,16500,1.0
all|-1|0|all,all nodes,2024,roro,696,16750,1.0
all|-1|0|all,all nodes,2024,roro,696,17000,1.0
all|-1|0|all,all nodes,2024,roro,696,17250,1.0
all|-1|0|all,all nodes,2024,roro,696,17500,1.0
all|-1|0|all,all nodes,2024,roro,696,17750,1.0
all|-1|0|all,all nodes,2024,roro,696,18000,1.0
all|-1|0|all,all nodes,2024,roro,696,18250,1.0
all|-1|0|all,all nodes,2024,roro,696,18500,1.0
all|-1|0|all,all nodes,2024,roro,696,18750,1.0
all|-1|0|all,all nodes,2024,roro,696,19000,1.0
all|-1|0|all,all nodes,2024,roro,696,19250,1.0
all|-1|0|all,all nodes,2024,roro,696,19500,1.0
all|-1|0|all,all nodes,2024,roro,696,19750,1.0
all|-1|0|all,all nodes,2024,roro,696,20000,1.0
all|-1|0|all,all nodes,2024,roro,696,20250,1.0
all|-1|0|all,all nodes,2024,roro,696,20500,1.0
all|-1|0|all,all nodes,2024,roro,696,20750,1.0
all|-1|0|all,all nodes,2024,roro,696,21000,1.0
all|-1|0|all,all nodes,2024,roro,696,21250,1.0
all|-1|0|all,all nodes,2024,roro,696,21500,1.0
all|-1|0|all,all nodes,2024,roro,696,21750,1.0
all|-1|0|all,all nodes,2024,roro,696,22000,1.0
all|-1|0|all,all nodes,2024,roro,696,22250,1.0
all|-1|0|all,all nodes,2024,roro,696,22500,1.0
all|-1|0|all,all nodes,2024,roro,696,22750,1.0
all|-1|0|all,all nodes,2024,roro,696,23000,1.0
all|-1|0|all,all nodes,2024,roro,696,23250,1.0
all|-1|0|all,all nodes,2024,roro,696,23500,1.0
all|-1|0|all,all nodes,2024,roro,696,23750,1.0
all|-1|0|all,all nodes,2024,roro,696,24000,1.0
all|-1|0|all,all nodes,2024,roro,696,24250,1.0
all|-1|0|all,all nodes,2024,roro,696,24500,1.0
all|-1|0|all,all nodes,2024,roro,696,24750,1.0
all|-1|0|all,all nodes,2024,roro,696,25000,1.0
all|-1|0|all,all nodes,2024,roro,696,25250,1.0
all|-1|0|all,all nodes,2024,roro,696,25500,1.0
all|-1|0|all,all nodes,2024,roro,696,25750,1.0
all|-1|0|all,all nodes,2024,roro,696,26000,1.0
all|-1|0|all,all nodes,2024,roro,696,26250,1.0
all|-1|0|all,all nodes,2024,roro,696,26500,1.0
all|-1|0|all,all nodes,2024,roro,696,26750,1.0
all|-1|0|all,all nodes,2024,roro,696,27000,1.0
all|-1|0|all,all nodes,2024,roro,696,27250,1.0
all|-1|0|all,all nodes,2024,roro,696,27500,1.0
all|-1|0|all,all nodes,2024,roro,696,27750,1.0
all|-1|0|all,all nodes,2024,roro,696,28000,1.0
all|-1|0|all,all nodes,2024,roro,696,28250,1.0
all|-1|0|all,all nodes,2024,roro,696,28500,1.0
all|-1|0|all,all nodes,2024,roro,696,28750,1.0
all|-1|0|all,all nodes,2024,roro,696,29000,1.0
all|-1|0|all,all nodes,2024,roro,696,29250,1.0
all|-1|0|all,all nodes,2024,roro,696,29500,1.0
all|-1|0|all,all nodes,2024,roro,696,29750,1.0
all|-1|0|all,all nodes,2024,roro,696,30000,1.0
external:yap4|-1|0|all,Yap hubs (4),2024,all,23035,0,0.0001302365964836119
external:yap4|-1|0|all,Yap hubs (4),2024,all,23035,250,0.0005643585847623183
external:yap4|-1|0|all,Yap hubs (4),2024,all,23035,500,0.0009550683742131538
external:yap4|-1|0|all,Yap hubs (4),2024,all,23035,750,0.0009984805730410245
external:yap4|-1|0|all,Yap hubs (4),2024,all,23035,1000,0.0012155415671803776
external:yap4|-1|0|all,Yap hubs (4),2024,all,23035,1250,0.001519426958975472
external:yap4|-1|0|all,Yap hubs (4),2024,all,23035,1500,0.0028652051226394615
external:yap4|-1|0|all,Yap hubs (4),2024,all,23035,1750,0.00342956370740178
external:yap4|-1|0|all,Yap hubs (4),2024,all,23035,2000,0.0036032125027132622
external:yap4|-1|0|all,Yap hubs (4),2024,all,23035,2250,0.004645105274582157
external:yap4|-1|0|all,Yap hubs (4),2024,all,23035,2500,0.0051660516605166054
external:yap4|-1|0|all,Yap hubs (4),2024,all,23035,2750,0.00551334925113957
external:yap4|-1|0|all,Yap hubs (4),2024,all,23035,3000,0.006338181028869112
external:yap4|-1|0|all,Yap hubs (4),2024,all,23035,3250,0.006728890818319948
external:yap4|-1|0|all,Yap hubs (4),2024,all,23035,3500,0.007249837204254396
external:yap4|-1|0|all,Yap hubs (4),2024,all,23035,3750,0.007466898198393749
external:yap4|-1|0|all,Yap hubs (4),2024,all,23035,4000,0.00820490557846755
external:yap4|-1|0|all,Yap hubs (4),2024,all,23035,4250,0.008682439765574127
external:yap4|-1|0|all,Yap hubs (4),2024,all,23035,4500,0.009029737356197092
external:yap4|-1|0|all,Yap hubs (4),2024,all,23035,4750,0.00959409594095941
external:yap4|-1|0|all,Yap hubs (4),2024,all,23035,5000,0.010245278923377468
external:yap4|-1|0|all,Yap hubs (4),2024,all,23035,5250,0.010592576514000434
external:yap4|-1|0|all,Yap hubs (4),2024,all,23035,5500,0.011417408291729976
external:yap4|-1|0|all,Yap hubs (4),2024,all,23035,5750,0.012285652268287388
external:yap4|-1|0|all,Yap hubs (4),2024,all,23035,6000,0.012893423051877578
external:yap4|-1|0|all,Yap hubs (4),2024,all,23035,6250,0.013544606034295636
external:yap4|-1|0|all,Yap hubs (4),2024,all,23035,6500,0.014412850010853049
external:yap4|-1|0|all,Yap hubs (4),2024,all,23035,6750,0.015324506186238334
external:yap4|-1|0|all,Yap hubs (4),2024,all,23035,7000,0.016019101367484263
external:yap4|-1|0|all,Yap hubs (4),2024,all,23035,7250,0.016757108747558064
external:yap4|-1|0|all,Yap hubs (4),2024,all,23035,7500,0.0178858259170827
external:yap4|-1|0|all,Yap hubs (4),2024,all,23035,7750,0.0186238332971565
external:yap4|-1|0|all,Yap hubs (4),2024,all,23035,8000,0.01918819188191882
external:yap4|-1|0|all,Yap hubs (4),2024,all,23035,8250,0.01992619926199262
external:yap4|-1|0|all,Yap hubs (4),2024,all,23035,8500,0.020924679835033645
external:yap4|-1|0|all,Yap hubs (4),2024,all,23035,8750,0.021749511612763187
external:yap4|-1|0|all,Yap hubs (4),2024,all,23035,9000,0.02274799218580421
external:yap4|-1|0|all,Yap hubs (4),2024,all,23035,9250,0.023746472758845234
external:yap4|-1|0|all,Yap hubs (4),2024,all,23035,9500,0.024614716735402647
external:yap4|-1|0|all,Yap hubs (4),2024,all,23035,9750,0.025135663121337096
external:yap4|-1|0|all,Yap hubs (4),2024,all,23035,10000,0.025700021706099415
external:yap4|-1|0|all,Yap hubs (4),2024,all,23035,10250,0.026611677881484698
external:yap4|-1|0|all,Yap hubs (4),2024,all,23035,10500,0.02747992185804211
external:yap4|-1|0|all,Yap hubs (4),2024,all,23035,10750,0.028261341436943782
external:yap4|-1|0|all,Yap hubs (4),2024,all,23035,11000,0.029259822009984806
external:yap4|-1|0|all,Yap hubs (4),2024,all,23035,11250,0.03095289776427176
external:yap4|-1|0|all,Yap hubs (4),2024,all,23035,11500,0.032081614933796396
external:yap4|-1|0|all,Yap hubs (4),2024,all,23035,11750,0.03342739309746039
external:yap4|-1|0|all,Yap hubs (4),2024,all,23035,12000,0.03477317126112438
external:yap4|-1|0|all,Yap hubs (4),2024,all,23035,12250,0.03620577382244411
external:yap4|-1|0|all,Yap hubs (4),2024,all,23035,12500,0.037594964184935964
external:yap4|-1|0|all,Yap hubs (4),2024,all,23035,12750,0.03933145213805079
external:yap4|-1|0|all,Yap hubs (4),2024,all,23035,13000,0.04176253527241155
external:yap4|-1|0|all,Yap hubs (4),2024,all,23035,13250,0.04293466464076406
external:yap4|-1|0|all,Yap hubs (4),2024,all,23035,13500,0.04393314521380508
external:yap4|-1|0|all,Yap hubs (4),2024,all,23035,13750,0.04545257217278055
external:yap4|-1|0|all,Yap hubs (4),2024,all,23035,14000,0.047145647927067505
external:yap4|-1|0|all,Yap hubs (4),2024,all,23035,14250,0.048491426090731496
external:yap4|-1|0|all,Yap hubs (4),2024,all,23035,14500,0.04992402865205123
external:yap4|-1|0|all,Yap hubs (4),2024,all,23035,14750,0.051834165400477535
external:yap4|-1|0|all,Yap hubs (4),2024,all,23035,15000,0.053266767961797266
external:yap4|-1|0|all,Yap hubs (4),2024,all,23035,15250,0.0543954851313219
external:yap4|-1|0|all,Yap hubs (4),2024,all,23035,15500,0.05556761449967441
external:yap4|-1|0|all,Yap hubs (4),2024,all,23035,15750,0.05713045365747775
external:yap4|-1|0|all,Yap hubs (4),2024,all,23035,16000,0.05847623182114174
external:yap4|-1|0|all,Yap hubs (4),2024,all,23035,16250,0.059995658780117214
external:yap4|-1|0|all,Yap hubs (4),2024,all,23035,16500,0.060950727154330364
external:yap4|-1|0|all,Yap hubs (4),2024,all,23035,16750,0.06247015411330584
external:yap4|-1|0|all,Yap hubs (4),2024,all,23035,17000,0.06342522248751899
external:yap4|-1|0|all,Yap hubs (4),2024,all,23035,17250,0.06403299327110919
external:yap4|-1|0|all,Yap hubs (4),2024,all,23035,17500,0.06546559583242892
external:yap4|-1|0|all,Yap hubs (4),2024,all,23035,17750,0.06659431300195355
external:yap4|-1|0|all,Yap hubs (4),2024,all,23035,18000,0.0679835033644454
external:yap4|-1|0|all,Yap hubs (4),2024,all,23035,18250,0.06911222053397005
external:yap4|-1|0|all,Yap hubs (4),2024,all,23035,18500,0.07028434990232255
external:yap4|-1|0|all,Yap hubs (4),2024,all,23035,18750,0.07132624267419145
external:yap4|-1|0|all,Yap hubs (4),2024,all,23035,19000,0.07267202083785544
external:yap4|-1|0|all,Yap hubs (4),2024,all,23035,19250,0.07393097460386369
external:yap4|-1|0|all,Yap hubs (4),2024,all,23035,19500,0.07566746255697851
external:yap4|-1|0|all,Yap hubs (4),2024,all,23035,19750,0.0770132407206425
external:yap4|-1|0|all,Yap hubs (4),2024,all,23035,20000,0.07796830909485565
external:yap4|-1|0|all,Yap hubs (4),2024,all,23035,20250,0.0790970262643803
external:yap4|-1|0|all,Yap hubs (4),2024,all,23035,20500,0.08035598003038853
external:yap4|-1|0|all,Yap hubs (4),2024,all,23035,20750,0.08196223138701975
external:yap4|-1|0|all,Yap hubs (4),2024,all,23035,21000,0.08309094855654439
external:yap4|-1|0|all,Yap hubs (4),2024,all,23035,21250,0.08500108530497069
external:yap4|-1|0|all,Yap hubs (4),2024,all,23035,21500,0.08708487084870849
external:yap4|-1|0|all,Yap hubs (4),2024,all,23035,21750,0.08895159539830692
external:yap4|-1|0|all,Yap hubs (4),2024,all,23035,22000,0.0907749077490775
external:yap4|-1|0|all,Yap hubs (4),2024,all,23035,22250,0.09277186889515954
external:yap4|-1|0|all,Yap hubs (4),2024,all,23035,22500,0.09528977642717604
external:yap4|-1|0|all,Yap hubs (4),2024,all,23035,22750,0.0978510961580204
external:yap4|-1|0|all,Yap hubs (4),2024,all,23035,23000,0.10010853049706968
external:yap4|-1|0|all,Yap hubs (4),2024,all,23035,23250,0.10280008682439766
external:yap4|-1|0|all,Yap hubs (4),2024,all,23035,23500,0.10501410896461906
external:yap4|-1|0|all,Yap hubs (4),2024,all,23035,23750,0.10792272628608639
external:yap4|-1|0|all,Yap hubs (4),2024,all,23035,24000,0.11031039722161927
external:yap4|-1|0|all,Yap hubs (4),2024,all,23035,24250,0.1121771217712177
external:yap4|-1|0|all,Yap hubs (4),2024,all,23035,24500,0.11491209029737356
external:yap4|-1|0|all,Yap hubs (4),2024,all,23035,24750,0.11664857825048838
external:yap4|-1|0|all,Yap hubs (4),2024,all,23035,25000,0.11955719557195572
external:yap4|-1|0|all,Yap hubs (4),2024,all,23035,25250,0.12207510310397221
external:yap4|-1|0|all,Yap hubs (4),2024,all,23035,25500,0.12420230084653788
external:yap4|-1|0|all,Yap hubs (4),2024,all,23035,25750,0.12702409377034946
external:yap4|-1|0|all,Yap hubs (4),2024,all,23035,26000,0.12967223789884957
external:yap4|-1|0|all,Yap hubs (4),2024,all,23035,26250,0.1314087258519644
external:yap4|-1|0|all,Yap hubs (4),2024,all,23035,26500,0.13284132841328414
external:yap4|-1|0|all,Yap hubs (4),2024,all,23035,26750,0.13496852615584978
external:yap4|-1|0|all,Yap hubs (4),2024,all,23035,27000,0.13661818971130887
external:yap4|-1|0|all,Yap hubs (4),2024,all,23035,27250,0.13809420447145648
external:yap4|-1|0|all,Yap hubs (4),2024,all,23035,27500,0.13996092902105492
external:yap4|-1|0|all,Yap hubs (4),2024,all,23035,27750,0.14182765357065336
external:yap4|-1|0|all,Yap hubs (4),2024,all,23035,28000,0.14391143911439114
external:yap4|-1|0|all,Yap hubs (4),2024,all,23035,28250,0.14638593444757977
external:yap4|-1|0|all,Yap hubs (4),2024,all,23035,28500,0.14864336878662904
external:yap4|-1|0|all,Yap hubs (4),2024,all,23035,28750,0.15085739092685044
external:yap4|-1|0|all,Yap hubs (4),2024,all,23035,29000,0.15233340568699805
external:yap4|-1|0|all,Yap hubs (4),2024,all,23035,29250,0.15406989364011286
external:yap4|-1|0|all,Yap hubs (4),2024,all,23035,29500,0.15606685478619492
external:yap4|-1|0|all,Yap hubs (4),2024,all,23035,29750,0.1581940525287606
external:yap4|-1|0|all,Yap hubs (4),2024,all,23035,30000,0.16019101367484262
external:yap4|-1|0|all,Yap hubs (4),2024,container,3784,0,0.0
external:yap4|-1|0|all,Yap hubs (4),2024,container,3784,250,0.0005285412262156448
external:yap4|-1|0|all,Yap hubs (4),2024,container,3784,500,0.0005285412262156448
external:yap4|-1|0|all,Yap hubs (4),2024,container,3784,750,0.0005285412262156448
external:yap4|-1|0|all,Yap hubs (4),2024,container,3784,1000,0.0005285412262156448
external:yap4|-1|0|all,Yap hubs (4),2024,container,3784,1250,0.0010570824524312897
external:yap4|-1|0|all,Yap hubs (4),2024,container,3784,1500,0.003435517970401691
external:yap4|-1|0|all,Yap hubs (4),2024,container,3784,1750,0.005549682875264271
external:yap4|-1|0|all,Yap hubs (4),2024,container,3784,2000,0.006078224101479916
external:yap4|-1|0|all,Yap hubs (4),2024,container,3784,2250,0.009778012684989429
external:yap4|-1|0|all,Yap hubs (4),2024,container,3784,2500,0.011892177589852008
external:yap4|-1|0|all,Yap hubs (4),2024,container,3784,2750,0.012684989429175475
external:yap4|-1|0|all,Yap hubs (4),2024,container,3784,3000,0.015063424947145878
external:yap4|-1|0|all,Yap hubs (4),2024,container,3784,3250,0.01638477801268499
external:yap4|-1|0|all,Yap hubs (4),2024,container,3784,3500,0.01638477801268499
external:yap4|-1|0|all,Yap hubs (4),2024,container,3784,3750,0.016649048625792813
external:yap4|-1|0|all,Yap hubs (4),2024,container,3784,4000,0.018234672304439745
external:yap4|-1|0|all,Yap hubs (4),2024,container,3784,4250,0.019027484143763214
external:yap4|-1|0|all,Yap hubs (4),2024,container,3784,4500,0.019291754756871036
external:yap4|-1|0|all,Yap hubs (4),2024,container,3784,4750,0.021405919661733615
external:yap4|-1|0|all,Yap hubs (4),2024,container,3784,5000,0.022727272727272728
external:yap4|-1|0|all,Yap hubs (4),2024,container,3784,5250,0.02299154334038055
external:yap4|-1|0|all,Yap hubs (4),2024,container,3784,5500,0.024577167019027485
external:yap4|-1|0|all,Yap hubs (4),2024,container,3784,5750,0.02616279069767442
external:yap4|-1|0|all,Yap hubs (4),2024,container,3784,6000,0.026955602536997886
external:yap4|-1|0|all,Yap hubs (4),2024,container,3784,6250,0.028805496828752643
external:yap4|-1|0|all,Yap hubs (4),2024,container,3784,6500,0.030126849894291756
external:yap4|-1|0|all,Yap hubs (4),2024,container,3784,6750,0.03276955602536998
external:yap4|-1|0|all,Yap hubs (4),2024,container,3784,7000,0.03409090909090909
external:yap4|-1|0|all,Yap hubs (4),2024,container,3784,7250,0.03514799154334038
external:yap4|-1|0|all,Yap hubs (4),2024,container,3784,7500,0.037526427061310784
external:yap4|-1|0|all,Yap hubs (4),2024,container,3784,7750,0.039904862579281185
external:yap4|-1|0|all,Yap hubs (4),2024,container,3784,8000,0.04096194503171247
external:yap4|-1|0|all,Yap hubs (4),2024,container,3784,8250,0.042283298097251586
external:yap4|-1|0|all,Yap hubs (4),2024,container,3784,8500,0.045454545454545456
external:yap4|-1|0|all,Yap hubs (4),2024,container,3784,8750,0.04704016913319239
external:yap4|-1|0|all,Yap hubs (4),2024,container,3784,9000,0.04783298097251586
external:yap4|-1|0|all,Yap hubs (4),2024,container,3784,9250,0.049682875264270614
external:yap4|-1|0|all,Yap hubs (4),2024,container,3784,9500,0.05047568710359408
external:yap4|-1|0|all,Yap hubs (4),2024,container,3784,9750,0.051268498942917545
external:yap4|-1|0|all,Yap hubs (4),2024,container,3784,10000,0.05153276955602537
external:yap4|-1|0|all,Yap hubs (4),2024,container,3784,10250,0.0531183932346723
external:yap4|-1|0|all,Yap hubs (4),2024,container,3784,10500,0.05338266384778013
external:yap4|-1|0|all,Yap hubs (4),2024,container,3784,10750,0.055232558139534885
external:yap4|-1|0|all,Yap hubs (4),2024,container,3784,11000,0.056553911205074
external:yap4|-1|0|all,Yap hubs (4),2024,container,3784,11250,0.060782241014799156
external:yap4|-1|0|all,Yap hubs (4),2024,container,3784,11500,0.06448202959830866
external:yap4|-1|0|all,Yap hubs (4),2024,container,3784,11750,0.06871035940803383
external:yap4|-1|0|all,Yap hubs (4),2024,container,3784,12000,0.07267441860465117
external:yap4|-1|0|all,Yap hubs (4),2024,container,3784,12250,0.0776955602536998
external:yap4|-1|0|all,Yap hubs (4),2024,container,3784,12500,0.08139534883720931
external:yap4|-1|0|all,Yap hubs (4),2024,container,3784,12750,0.08694503171247357
external:yap4|-1|0|all,Yap hubs (4),2024,container,3784,13000,0.09566596194503171
external:yap4|-1|0|all,Yap hubs (4),2024,container,3784,13250,0.09751585623678646
external:yap4|-1|0|all,Yap hubs (4),2024,container,3784,13500,0.10095137420718817
external:yap4|-1|0|all,Yap hubs (4),2024,container,3784,13750,0.1038583509513742
external:yap4|-1|0|all,Yap hubs (4),2024,container,3784,14000,0.1083509513742072
external:yap4|-1|0|all,Yap hubs (4),2024,container,3784,14250,0.1107293868921776
external:yap4|-1|0|all,Yap hubs (4),2024,container,3784,14500,0.11337209302325581
external:yap4|-1|0|all,Yap hubs (4),2024,container,3784,14750,0.11918604651162791
external:yap4|-1|0|all,Yap hubs (4),2024,container,3784,15000,0.12235729386892177
external:yap4|-1|0|all,Yap hubs (4),2024,container,3784,15250,0.12579281183932348
external:yap4|-1|0|all,Yap hubs (4),2024,container,3784,15500,0.12764270613107823
external:yap4|-1|0|all,Yap hubs (4),2024,container,3784,15750,0.12922832980972515
external:yap4|-1|0|all,Yap hubs (4),2024,container,3784,16000,0.13028541226215645
external:yap4|-1|0|all,Yap hubs (4),2024,container,3784,16250,0.13372093023255813
external:yap4|-1|0|all,Yap hubs (4),2024,container,3784,16500,0.1355708245243129
external:yap4|-1|0|all,Yap hubs (4),2024,container,3784,16750,0.13821353065539113
external:yap4|-1|0|all,Yap hubs (4),2024,container,3784,17000,0.1403276955602537
external:yap4|-1|0|all,Yap hubs (4),2024,container,3784,17250,0.14059196617336153
external:yap4|-1|0|all,Yap hubs (4),2024,container,3784,17500,0.14323467230443976
external:yap4|-1|0|all,Yap hubs (4),2024,container,3784,17750,0.14561310782241016
external:yap4|-1|0|all,Yap hubs (4),2024,container,3784,18000,0.14799154334038056
external:yap4|-1|0|all,Yap hubs (4),2024,container,3784,18250,0.15010570824524314
external:yap4|-1|0|all,Yap hubs (4),2024,container,3784,18500,0.15195560253699789
external:yap4|-1|0|all,Yap hubs (4),2024,container,3784,18750,0.15327695560253699
external:yap4|-1|0|all,Yap hubs (4),2024,container,3784,19000,0.15512684989429176
external:yap4|-1|0|all,Yap hubs (4),2024,container,3784,19250,0.15644820295983086
external:yap4|-1|0|all,Yap hubs (4),2024,container,3784,19500,0.1593551797040169
external:yap4|-1|0|all,Yap hubs (4),2024,container,3784,19750,0.16305496828752641
external:yap4|-1|0|all,Yap hubs (4),2024,container,3784,20000,0.1649048625792812
external:yap4|-1|0|all,Yap hubs (4),2024,container,3784,20250,0.16701902748414377
external:yap4|-1|0|all,Yap hubs (4),2024,container,3784,20500,0.1686046511627907
external:yap4|-1|0|all,Yap hubs (4),2024,container,3784,20750,0.17045454545454544
external:yap4|-1|0|all,Yap hubs (4),2024,container,3784,21000,0.17177589852008457
external:yap4|-1|0|all,Yap hubs (4),2024,container,3784,21250,0.1744186046511628
external:yap4|-1|0|all,Yap hubs (4),2024,container,3784,21500,0.17653276955602537
external:yap4|-1|0|all,Yap hubs (4),2024,container,3784,21750,0.18076109936575052
external:yap4|-1|0|all,Yap hubs (4),2024,container,3784,22000,0.18419661733615222
external:yap4|-1|0|all,Yap hubs (4),2024,container,3784,22250,0.1876321353065539
external:yap4|-1|0|all,Yap hubs (4),2024,container,3784,22500,0.19556025369978858
external:yap4|-1|0|all,Yap hubs (4),2024,container,3784,22750,0.20507399577167018
external:yap4|-1|0|all,Yap hubs (4),2024,container,3784,23000,0.21194503171247359
external:yap4|-1|0|all,Yap hubs (4),2024,container,3784,23250,0.21775898520084566
external:yap4|-1|0|all,Yap hubs (4),2024,container,3784,23500,0.22330866807610994
external:yap4|-1|0|all,Yap hubs (4),2024,container,3784,23750,0.23176532769556024
external:yap4|-1|0|all,Yap hubs (4),2024,container,3784,24000,0.23890063424947147
external:yap4|-1|0|all,Yap hubs (4),2024,container,3784,24250,0.24339323467230445
external:yap4|-1|0|all,Yap hubs (4),2024,container,3784,24500,0.25052854122621565
external:yap4|-1|0|all,Yap hubs (4),2024,container,3784,24750,0.25290697674418605
external:yap4|-1|0|all,Yap hubs (4),2024,container,3784,25000,0.26136363636363635
external:yap4|-1|0|all,Yap hubs (4),2024,container,3784,25250,0.26585623678646936
external:yap4|-1|0|all,Yap hubs (4),2024,container,3784,25500,0.27087737843551796
external:yap4|-1|0|all,Yap hubs (4),2024,container,3784,25750,0.27642706131078226
external:yap4|-1|0|all,Yap hubs (4),2024,container,3784,26000,0.2795983086680761
external:yap4|-1|0|all,Yap hubs (4),2024,container,3784,26250,0.2819767441860465
external:yap4|-1|0|all,Yap hubs (4),2024,container,3784,26500,0.2843551797040169
external:yap4|-1|0|all,Yap hubs (4),2024,container,3784,26750,0.28752642706131076
external:yap4|-1|0|all,Yap hubs (4),2024,container,3784,27000,0.28858350951374206
external:yap4|-1|0|all,Yap hubs (4),2024,container,3784,27250,0.28990486257928116
external:yap4|-1|0|all,Yap hubs (4),2024,container,3784,27500,0.29228329809725156
external:yap4|-1|0|all,Yap hubs (4),2024,container,3784,27750,0.2936046511627907
external:yap4|-1|0|all,Yap hubs (4),2024,container,3784,28000,0.29651162790697677
external:yap4|-1|0|all,Yap hubs (4),2024,container,3784,28250,0.29889006342494717
external:yap4|-1|0|all,Yap hubs (4),2024,container,3784,28500,0.30021141649048627
external:yap4|-1|0|all,Yap hubs (4),2024,container,3784,28750,0.3025898520084567
external:yap4|-1|0|all,Yap hubs (4),2024,container,3784,29000,0.303646934460888
external:yap4|-1|0|all,Yap hubs (4),2024,container,3784,29250,0.30523255813953487
external:yap4|-1|0|all,Yap hubs (4),2024,container,3784,29500,0.30761099365750527
external:yap4|-1|0|all,Yap hubs (4),2024,container,3784,29750,0.30893234672304437
external:yap4|-1|0|all,Yap hubs (4),2024,container,3784,30000,0.3105179704016913
external:yap4|-1|0|all,Yap hubs (4),2024,bulk,9143,0,0.0
external:yap4|-1|0|all,Yap hubs (4),2024,bulk,9143,250,0.00010937329104232747
external:yap4|-1|0|all,Yap hubs (4),2024,bulk,9143,500,0.0005468664552116373
external:yap4|-1|0|all,Yap hubs (4),2024,bulk,9143,750,0.0006562397462539647
external:yap4|-1|0|all,Yap hubs (4),2024,bulk,9143,1000,0.0008749863283386198
external:yap4|-1|0|all,Yap hubs (4),2024,bulk,9143,1250,0.0009843596193809471
external:yap4|-1|0|all,Yap hubs (4),2024,bulk,9143,1500,0.002843705567100514
external:yap4|-1|0|all,Yap hubs (4),2024,bulk,9143,1750,0.003062452149185169
external:yap4|-1|0|all,Yap hubs (4),2024,bulk,9143,2000,0.0031718254402274965
external:yap4|-1|0|all,Yap hubs (4),2024,bulk,9143,2250,0.003499945313354479
external:yap4|-1|0|all,Yap hubs (4),2024,bulk,9143,2500,0.003718691895439134
external:yap4|-1|0|all,Yap hubs (4),2024,bulk,9143,2750,0.0039374384775237884
external:yap4|-1|0|all,Yap hubs (4),2024,bulk,9143,3000,0.004703051514820081
external:yap4|-1|0|all,Yap hubs (4),2024,bulk,9143,3250,0.004812424805862408
external:yap4|-1|0|all,Yap hubs (4),2024,bulk,9143,3500,0.005687411134201028
external:yap4|-1|0|all,Yap hubs (4),2024,bulk,9143,3750,0.005906157716285683
external:yap4|-1|0|all,Yap hubs (4),2024,bulk,9143,4000,0.006015531007328011
external:yap4|-1|0|all,Yap hubs (4),2024,bulk,9143,4250,0.006234277589412665
external:yap4|-1|0|all,Yap hubs (4),2024,bulk,9143,4500,0.006999890626708958
external:yap4|-1|0|all,Yap hubs (4),2024,bulk,9143,4750,0.00732801049983594
external:yap4|-1|0|all,Yap hubs (4),2024,bulk,9143,5000,0.007437383790878268
external:yap4|-1|0|all,Yap hubs (4),2024,bulk,9143,5250,0.007656130372962922
external:yap4|-1|0|all,Yap hubs (4),2024,bulk,9143,5500,0.008421743410259214
external:yap4|-1|0|all,Yap hubs (4),2024,bulk,9143,5750,0.009077983156513179
external:yap4|-1|0|all,Yap hubs (4),2024,bulk,9143,6000,0.009734222902767145
external:yap4|-1|0|all,Yap hubs (4),2024,bulk,9143,6250,0.009734222902767145
external:yap4|-1|0|all,Yap hubs (4),2024,bulk,9143,6500,0.010171716066936454
external:yap4|-1|0|all,Yap hubs (4),2024,bulk,9143,6750,0.01082795581319042
external:yap4|-1|0|all,Yap hubs (4),2024,bulk,9143,7000,0.011156075686317402
external:yap4|-1|0|all,Yap hubs (4),2024,bulk,9143,7250,0.01159356885048671
external:yap4|-1|0|all,Yap hubs (4),2024,bulk,9143,7500,0.012577928469867659
external:yap4|-1|0|all,Yap hubs (4),2024,bulk,9143,7750,0.013015421634036968
external:yap4|-1|0|all,Yap hubs (4),2024,bulk,9143,8000,0.01334354150716395
external:yap4|-1|0|all,Yap hubs (4),2024,bulk,9143,8250,0.013562288089248606
external:yap4|-1|0|all,Yap hubs (4),2024,bulk,9143,8500,0.01378103467133326
external:yap4|-1|0|all,Yap hubs (4),2024,bulk,9143,8750,0.013999781253417916
external:yap4|-1|0|all,Yap hubs (4),2024,bulk,9143,9000,0.014546647708629552
external:yap4|-1|0|all,Yap hubs (4),2024,bulk,9143,9250,0.014984140872798863
external:yap4|-1|0|all,Yap hubs (4),2024,bulk,9143,9500,0.015421634036968172
external:yap4|-1|0|all,Yap hubs (4),2024,bulk,9143,9750,0.01564038061905283
external:yap4|-1|0|all,Yap hubs (4),2024,bulk,9143,10000,0.016077873783222136
external:yap4|-1|0|all,Yap hubs (4),2024,bulk,9143,10250,0.016624740238433775
external:yap4|-1|0|all,Yap hubs (4),2024,bulk,9143,10500,0.01717160669364541
external:yap4|-1|0|all,Yap hubs (4),2024,bulk,9143,10750,0.01771847314885705
external:yap4|-1|0|all,Yap hubs (4),2024,bulk,9143,11000,0.018812206059280325
external:yap4|-1|0|all,Yap hubs (4),2024,bulk,9143,11250,0.019687192387618943
external:yap4|-1|0|all,Yap hubs (4),2024,bulk,9143,11500,0.019905938969703597
external:yap4|-1|0|all,Yap hubs (4),2024,bulk,9143,11750,0.020234058842830582
external:yap4|-1|0|all,Yap hubs (4),2024,bulk,9143,12000,0.020780925298042218
external:yap4|-1|0|all,Yap hubs (4),2024,bulk,9143,12250,0.021437165044296182
external:yap4|-1|0|all,Yap hubs (4),2024,bulk,9143,12500,0.021874658208465493
external:yap4|-1|0|all,Yap hubs (4),2024,bulk,9143,12750,0.022530897954719457
external:yap4|-1|0|all,Yap hubs (4),2024,bulk,9143,13000,0.023624630865142732
external:yap4|-1|0|all,Yap hubs (4),2024,bulk,9143,13250,0.024390243902439025
external:yap4|-1|0|all,Yap hubs (4),2024,bulk,9143,13500,0.024718363775566007
external:yap4|-1|0|all,Yap hubs (4),2024,bulk,9143,13750,0.025702723394946954
external:yap4|-1|0|all,Yap hubs (4),2024,bulk,9143,14000,0.026358963141200918
external:yap4|-1|0|all,Yap hubs (4),2024,bulk,9143,14250,0.027452696051624193
external:yap4|-1|0|all,Yap hubs (4),2024,bulk,9143,14500,0.027999562506835832
external:yap4|-1|0|all,Yap hubs (4),2024,bulk,9143,14750,0.02887454883517445
external:yap4|-1|0|all,Yap hubs (4),2024,bulk,9143,15000,0.029640161872470743
external:yap4|-1|0|all,Yap hubs (4),2024,bulk,9143,15250,0.030077655036640054
external:yap4|-1|0|all,Yap hubs (4),2024,bulk,9143,15500,0.030843268073936343
external:yap4|-1|0|all,Yap hubs (4),2024,bulk,9143,15750,0.03204637427540195
external:yap4|-1|0|all,Yap hubs (4),2024,bulk,9143,16000,0.03292136060374057
external:yap4|-1|0|all,Yap hubs (4),2024,bulk,9143,16250,0.033905720223121515
external:yap4|-1|0|all,Yap hubs (4),2024,bulk,9143,16500,0.034452586678333154
external:yap4|-1|0|all,Yap hubs (4),2024,bulk,9143,16750,0.03576506617084108
external:yap4|-1|0|all,Yap hubs (4),2024,bulk,9143,17000,0.0366400524991797
external:yap4|-1|0|all,Yap hubs (4),2024,bulk,9143,17250,0.03707754566334901
external:yap4|-1|0|all,Yap hubs (4),2024,bulk,9143,17500,0.03795253199168763
external:yap4|-1|0|all,Yap hubs (4),2024,bulk,9143,17750,0.03839002515585694
external:yap4|-1|0|all,Yap hubs (4),2024,bulk,9143,18000,0.03948375806628021
external:yap4|-1|0|all,Yap hubs (4),2024,bulk,9143,18250,0.04024937110357651
external:yap4|-1|0|all,Yap hubs (4),2024,bulk,9143,18500,0.0410149841408728
external:yap4|-1|0|all,Yap hubs (4),2024,bulk,9143,18750,0.042108717051296075
external:yap4|-1|0|all,Yap hubs (4),2024,bulk,9143,19000,0.04276495679755004
external:yap4|-1|0|all,Yap hubs (4),2024,bulk,9143,19250,0.043749316416930986
external:yap4|-1|0|all,Yap hubs (4),2024,bulk,9143,19500,0.04484304932735426
external:yap4|-1|0|all,Yap hubs (4),2024,bulk,9143,19750,0.045608662364650554
external:yap4|-1|0|all,Yap hubs (4),2024,bulk,9143,20000,0.046155528819862186
external:yap4|-1|0|all,Yap hubs (4),2024,bulk,9143,20250,0.047249261730285465
external:yap4|-1|0|all,Yap hubs (4),2024,bulk,9143,20500,0.048342994640708736
external:yap4|-1|0|all,Yap hubs (4),2024,bulk,9143,20750,0.049764847424259
external:yap4|-1|0|all,Yap hubs (4),2024,bulk,9143,21000,0.051077326916766926
external:yap4|-1|0|all,Yap hubs (4),2024,bulk,9143,21250,0.052717926282401836
external:yap4|-1|0|all,Yap hubs (4),2024,bulk,9143,21500,0.05424915235699442
external:yap4|-1|0|all,Yap hubs (4),2024,bulk,9143,21750,0.05578037843158701
external:yap4|-1|0|all,Yap hubs (4),2024,bulk,9143,22000,0.057530351088264244
external:yap4|-1|0|all,Yap hubs (4),2024,bulk,9143,22250,0.059280323744941486
external:yap4|-1|0|all,Yap hubs (4),2024,bulk,9143,22500,0.061358416274745704
external:yap4|-1|0|all,Yap hubs (4),2024,bulk,9143,22750,0.062233402603084326
external:yap4|-1|0|all,Yap hubs (4),2024,bulk,9143,23000,0.06343650880454993
external:yap4|-1|0|all,Yap hubs (4),2024,bulk,9143,23250,0.06573334791643881
external:yap4|-1|0|all,Yap hubs (4),2024,bulk,9143,23500,0.06759269386415838
external:yap4|-1|0|all,Yap hubs (4),2024,bulk,9143,23750,0.06945203981187793
external:yap4|-1|0|all,Yap hubs (4),2024,bulk,9143,24000,0.07054577272230121
external:yap4|-1|0|all,Yap hubs (4),2024,bulk,9143,24250,0.07163950563272449
external:yap4|-1|0|all,Yap hubs (4),2024,bulk,9143,24500,0.07338947828940173
external:yap4|-1|0|all,Yap hubs (4),2024,bulk,9143,24750,0.07470195778190966
external:yap4|-1|0|all,Yap hubs (4),2024,bulk,9143,25000,0.07634255714754457
external:yap4|-1|0|all,Yap hubs (4),2024,bulk,9143,25250,0.0784206496773488
external:yap4|-1|0|all,Yap hubs (4),2024,bulk,9143,25500,0.07962375587881439
external:yap4|-1|0|all,Yap hubs (4),2024,bulk,9143,25750,0.08246746144591491
external:yap4|-1|0|all,Yap hubs (4),2024,bulk,9143,26000,0.08574866017718473
external:yap4|-1|0|all,Yap hubs (4),2024,bulk,9143,26250,0.08727988625177732
external:yap4|-1|0|all,Yap hubs (4),2024,bulk,9143,26500,0.08793612599803129
external:yap4|-1|0|all,Yap hubs (4),2024,bulk,9143,26750,0.09023296510992015
external:yap4|-1|0|all,Yap hubs (4),2024,bulk,9143,27000,0.0919829377665974
external:yap4|-1|0|all,Yap hubs (4),2024,bulk,9143,27250,0.09307667067702068
external:yap4|-1|0|all,Yap hubs (4),2024,bulk,9143,27500,0.09504538991578257
external:yap4|-1|0|all,Yap hubs (4),2024,bulk,9143,27750,0.09679536257245981
external:yap4|-1|0|all,Yap hubs (4),2024,bulk,9143,28000,0.09898282839330635
external:yap4|-1|0|all,Yap hubs (4),2024,bulk,9143,28250,0.10149841408727989
external:yap4|-1|0|all,Yap hubs (4),2024,bulk,9143,28500,0.1039046264902111
external:yap4|-1|0|all,Yap hubs (4),2024,bulk,9143,28750,0.10609209231105764
external:yap4|-1|0|all,Yap hubs (4),2024,bulk,9143,29000,0.10773269167669255
external:yap4|-1|0|all,Yap hubs (4),2024,bulk,9143,29250,0.1094826643333698
external:yap4|-1|0|all,Yap hubs (4),2024,bulk,9143,29500,0.11188887673630099
external:yap4|-1|0|all,Yap hubs (4),2024,bulk,9143,29750,0.11440446243027452
external:yap4|-1|0|all,Yap hubs (4),2024,bulk,9143,30000,0.11724816799737504
external:yap4|-1|0|all,Yap hubs (4),2024,tanker,5788,0,0.0005183137525915688
external:yap4|-1|0|all,Yap hubs (4),2024,tanker,5788,250,0.0017277125086385626
external:yap4|-1|0|all,Yap hubs (4),2024,tanker,5788,500,0.002591568762957844
external:yap4|-1|0|all,Yap hubs (4),2024,tanker,5788,750,0.002591568762957844
external:yap4|-1|0|all,Yap hubs (4),2024,tanker,5788,1000,0.0031098825155494126
external:yap4|-1|0|all,Yap hubs (4),2024,tanker,5788,1250,0.0034554250172771253
external:yap4|-1|0|all,Yap hubs (4),2024,tanker,5788,1500,0.0038009675190048375
external:yap4|-1|0|all,Yap hubs (4),2024,tanker,5788,1750,0.00414651002073255
external:yap4|-1|0|all,Yap hubs (4),2024,tanker,5788,2000,0.004319281271596406
external:yap4|-1|0|all,Yap hubs (4),2024,tanker,5788,2250,0.005183137525915688
external:yap4|-1|0|all,Yap hubs (4),2024,tanker,5788,2500,0.0055286800276434
external:yap4|-1|0|all,Yap hubs (4),2024,tanker,5788,2750,0.005874222529371113
external:yap4|-1|0|all,Yap hubs (4),2024,tanker,5788,3000,0.006392536281962681
external:yap4|-1|0|all,Yap hubs (4),2024,tanker,5788,3250,0.006738078783690394
external:yap4|-1|0|all,Yap hubs (4),2024,tanker,5788,3500,0.007083621285418107
external:yap4|-1|0|all,Yap hubs (4),2024,tanker,5788,3750,0.007256392536281963
external:yap4|-1|0|all,Yap hubs (4),2024,tanker,5788,4000,0.008465791292328956
external:yap4|-1|0|all,Yap hubs (4),2024,tanker,5788,4250,0.009156876295784381
external:yap4|-1|0|all,Yap hubs (4),2024,tanker,5788,4500,0.009156876295784381
external:yap4|-1|0|all,Yap hubs (4),2024,tanker,5788,4750,0.009329647546648237
external:yap4|-1|0|all,Yap hubs (4),2024,tanker,5788,5000,0.010539046302695232
external:yap4|-1|0|all,Yap hubs (4),2024,tanker,5788,5250,0.011230131306150656
external:yap4|-1|0|all,Yap hubs (4),2024,tanker,5788,5500,0.011921216309606082
external:yap4|-1|0|all,Yap hubs (4),2024,tanker,5788,5750,0.013130615065653075
external:yap4|-1|0|all,Yap hubs (4),2024,tanker,5788,6000,0.013648928818244643
external:yap4|-1|0|all,Yap hubs (4),2024,tanker,5788,6250,0.014512785072563926
external:yap4|-1|0|all,Yap hubs (4),2024,tanker,5788,6500,0.015894955079474776
external:yap4|-1|0|all,Yap hubs (4),2024,tanker,5788,6750,0.0165860400829302
external:yap4|-1|0|all,Yap hubs (4),2024,tanker,5788,7000,0.017795438838977194
external:yap4|-1|0|all,Yap hubs (4),2024,tanker,5788,7250,0.018140981340704906
external:yap4|-1|0|all,Yap hubs (4),2024,tanker,5788,7500,0.018659295093296474
external:yap4|-1|0|all,Yap hubs (4),2024,tanker,5788,7750,0.019004837595024186
external:yap4|-1|0|all,Yap hubs (4),2024,tanker,5788,8000,0.019695922598479614
external:yap4|-1|0|all,Yap hubs (4),2024,tanker,5788,8250,0.02073255010366275
external:yap4|-1|0|all,Yap hubs (4),2024,tanker,5788,8500,0.021941948859709744
external:yap4|-1|0|all,Yap hubs (4),2024,tanker,5788,8750,0.02297857636489288
external:yap4|-1|0|all,Yap hubs (4),2024,tanker,5788,9000,0.024706288873531445
external:yap4|-1|0|all,Yap hubs (4),2024,tanker,5788,9250,0.026606772633033862
external:yap4|-1|0|all,Yap hubs (4),2024,tanker,5788,9500,0.028334485141672427
external:yap4|-1|0|all,Yap hubs (4),2024,tanker,5788,9750,0.028852798894263995
external:yap4|-1|0|all,Yap hubs (4),2024,tanker,5788,10000,0.029716655148583276
external:yap4|-1|0|all,Yap hubs (4),2024,tanker,5788,10250,0.03092605390463027
external:yap4|-1|0|all,Yap hubs (4),2024,tanker,5788,10500,0.032135452660677265
external:yap4|-1|0|all,Yap hubs (4),2024,tanker,5788,10750,0.03265376641326883
external:yap4|-1|0|all,Yap hubs (4),2024,tanker,5788,11000,0.033690393918451966
external:yap4|-1|0|all,Yap hubs (4),2024,tanker,5788,11250,0.03489979267449896
external:yap4|-1|0|all,Yap hubs (4),2024,tanker,5788,11500,0.03610919143054596
external:yap4|-1|0|all,Yap hubs (4),2024,tanker,5788,11750,0.03783690393918452
external:yap4|-1|0|all,Yap hubs (4),2024,tanker,5788,12000,0.03887353144436766
external:yap4|-1|0|all,Yap hubs (4),2024,tanker,5788,12250,0.03973738769868694
external:yap4|-1|0|all,Yap hubs (4),2024,tanker,5788,12500,0.0414651002073255
external:yap4|-1|0|all,Yap hubs (4),2024,tanker,5788,12750,0.043538355217691775
external:yap4|-1|0|all,Yap hubs (4),2024,tanker,5788,13000,0.04457498272287491
external:yap4|-1|0|all,Yap hubs (4),2024,tanker,5788,13250,0.04578438147892191
external:yap4|-1|0|all,Yap hubs (4),2024,tanker,5788,13500,0.04647546648237733
external:yap4|-1|0|all,Yap hubs (4),2024,tanker,5788,13750,0.048548721492743606
external:yap4|-1|0|all,Yap hubs (4),2024,tanker,5788,14000,0.04958534899792674
external:yap4|-1|0|all,Yap hubs (4),2024,tanker,5788,14250,0.05079474775397374
external:yap4|-1|0|all,Yap hubs (4),2024,tanker,5788,14500,0.05304077401520387
external:yap4|-1|0|all,Yap hubs (4),2024,tanker,5788,14750,0.05459571527297857
external:yap4|-1|0|all,Yap hubs (4),2024,tanker,5788,15000,0.05615065653075328
external:yap4|-1|0|all,Yap hubs (4),2024,tanker,5788,15250,0.05718728403593642
external:yap4|-1|0|all,Yap hubs (4),2024,tanker,5788,15500,0.05874222529371113
external:yap4|-1|0|all,Yap hubs (4),2024,tanker,5788,15750,0.0608154803040774
external:yap4|-1|0|all,Yap hubs (4),2024,tanker,5788,16000,0.06219765031098825
external:yap4|-1|0|all,Yap hubs (4),2024,tanker,5788,16250,0.06306150656530753
external:yap4|-1|0|all,Yap hubs (4),2024,tanker,5788,16500,0.06392536281962681
external:yap4|-1|0|all,Yap hubs (4),2024,tanker,5788,16750,0.06513476157567381
external:yap4|-1|0|all,Yap hubs (4),2024,tanker,5788,17000,0.06565307532826538
external:yap4|-1|0|all,Yap hubs (4),2024,tanker,5788,17250,0.0663441603317208
external:yap4|-1|0|all,Yap hubs (4),2024,tanker,5788,17500,0.06807187284035937
external:yap4|-1|0|all,Yap hubs (4),2024,tanker,5788,17750,0.06945404284727022
external:yap4|-1|0|all,Yap hubs (4),2024,tanker,5788,18000,0.07049067035245335
external:yap4|-1|0|all,Yap hubs (4),2024,tanker,5788,18250,0.0718728403593642
external:yap4|-1|0|all,Yap hubs (4),2024,tanker,5788,18500,0.07325501036627505
external:yap4|-1|0|all,Yap hubs (4),2024,tanker,5788,18750,0.07377332411886663
external:yap4|-1|0|all,Yap hubs (4),2024,tanker,5788,19000,0.07515549412577748
external:yap4|-1|0|all,Yap hubs (4),2024,tanker,5788,19250,0.07653766413268832
external:yap4|-1|0|all,Yap hubs (4),2024,tanker,5788,19500,0.07826537664132688
external:yap4|-1|0|all,Yap hubs (4),2024,tanker,5788,19750,0.07930200414651002
external:yap4|-1|0|all,Yap hubs (4),2024,tanker,5788,20000,0.0801658604008293
external:yap4|-1|0|all,Yap hubs (4),2024,tanker,5788,20250,0.08068417415342087
external:yap4|-1|0|all,Yap hubs (4),2024,tanker,5788,20500,0.08241188666205944
external:yap4|-1|0|all,Yap hubs (4),2024,tanker,5788,20750,0.08431237042156185
external:yap4|-1|0|all,Yap hubs (4),2024,tanker,5788,21000,0.08552176917760884
external:yap4|-1|0|all,Yap hubs (4),2024,tanker,5788,21250,0.08776779543883897
external:yap4|-1|0|all,Yap hubs (4),2024,tanker,5788,21500,0.08914996544574982
external:yap4|-1|0|all,Yap hubs (4),2024,tanker,5788,21750,0.09018659295093297
external:yap4|-1|0|all,Yap hubs (4),2024,tanker,5788,22000,0.09156876295784382
external:yap4|-1|0|all,Yap hubs (4),2024,tanker,5788,22250,0.09295093296475467
external:yap4|-1|0|all,Yap hubs (4),2024,tanker,5788,22500,0.09381478921907395
external:yap4|-1|0|all,Yap hubs (4),2024,tanker,5788,22750,0.0951969592259848
external:yap4|-1|0|all,Yap hubs (4),2024,tanker,5788,23000,0.09640635798203179
external:yap4|-1|0|all,Yap hubs (4),2024,tanker,5788,23250,0.09813407049067036
external:yap4|-1|0|all,Yap hubs (4),2024,tanker,5788,23500,0.09968901174844506
external:yap4|-1|0|all,Yap hubs (4),2024,tanker,5788,23750,0.10089841050449205
external:yap4|-1|0|all,Yap hubs (4),2024,tanker,5788,24000,0.10245335176226676
external:yap4|-1|0|all,Yap hubs (4),2024,tanker,5788,24250,0.10366275051831375
external:yap4|-1|0|all,Yap hubs (4),2024,tanker,5788,24500,0.10556323427781616
external:yap4|-1|0|all,Yap hubs (4),2024,tanker,5788,24750,0.10746371803731859
external:yap4|-1|0|all,Yap hubs (4),2024,tanker,5788,25000,0.10815480304077402
external:yap4|-1|0|all,Yap hubs (4),2024,tanker,5788,25250,0.11074637180373186
external:yap4|-1|0|all,Yap hubs (4),2024,tanker,5788,25500,0.11195577055977886
external:yap4|-1|0|all,Yap hubs (4),2024,tanker,5788,25750,0.11368348306841741
external:yap4|-1|0|all,Yap hubs (4),2024,tanker,5788,26000,0.11506565307532826
external:yap4|-1|0|all,Yap hubs (4),2024,tanker,5788,26250,0.11662059433310297
external:yap4|-1|0|all,Yap hubs (4),2024,tanker,5788,26500,0.11852107809260538
external:yap4|-1|0|all,Yap hubs (4),2024,tanker,5788,26750,0.12042156185210781
external:yap4|-1|0|all,Yap hubs (4),2024,tanker,5788,27000,0.12180373185901866
external:yap4|-1|0|all,Yap hubs (4),2024,tanker,5788,27250,0.12387698686938493
external:yap4|-1|0|all,Yap hubs (4),2024,tanker,5788,27500,0.12543192812715964
external:yap4|-1|0|all,Yap hubs (4),2024,tanker,5788,27750,0.12750518313752593
external:yap4|-1|0|all,Yap hubs (4),2024,tanker,5788,28000,0.12906012439530062
external:yap4|-1|0|all,Yap hubs (4),2024,tanker,5788,28250,0.13096060815480304
external:yap4|-1|0|all,Yap hubs (4),2024,tanker,5788,28500,0.13337940566689702
external:yap4|-1|0|all,Yap hubs (4),2024,tanker,5788,28750,0.13510711817553558
external:yap4|-1|0|all,Yap hubs (4),2024,tanker,5788,29000,0.1366620594333103
external:yap4|-1|0|all,Yap hubs (4),2024,tanker,5788,29250,0.13873531444367657
external:yap4|-1|0|all,Yap hubs (4),2024,tanker,5788,29500,0.1397719419488597
external:yap4|-1|0|all,Yap hubs (4),2024,tanker,5788,29750,0.14149965445749826
external:yap4|-1|0|all,Yap hubs (4),2024,tanker,5788,30000,0.14270905321354527
external:yap4|-1|0|all,Yap hubs (4),2024,gas,1181,0,0.0
external:yap4|-1|0|all,Yap hubs (4),2024,gas,1181,250,0.0
external:yap4|-1|0|all,Yap hubs (4),2024,gas,1181,500,0.0
external:yap4|-1|0|all,Yap hubs (4),2024,gas,1181,750,0.0
external:yap4|-1|0|all,Yap hubs (4),2024,gas,1181,1000,0.0
external:yap4|-1|0|all,Yap hubs (4),2024,gas,1181,1250,0.0
external:yap4|-1|0|all,Yap hubs (4),2024,gas,1181,1500,0.000846740050804403
external:yap4|-1|0|all,Yap hubs (4),2024,gas,1181,1750,0.000846740050804403
external:yap4|-1|0|all,Yap hubs (4),2024,gas,1181,2000,0.000846740050804403
external:yap4|-1|0|all,Yap hubs (4),2024,gas,1181,2250,0.000846740050804403
external:yap4|-1|0|all,Yap hubs (4),2024,gas,1181,2500,0.000846740050804403
external:yap4|-1|0|all,Yap hubs (4),2024,gas,1181,2750,0.000846740050804403
external:yap4|-1|0|all,Yap hubs (4),2024,gas,1181,3000,0.000846740050804403
external:yap4|-1|0|all,Yap hubs (4),2024,gas,1181,3250,0.000846740050804403
external:yap4|-1|0|all,Yap hubs (4),2024,gas,1181,3500,0.001693480101608806
external:yap4|-1|0|all,Yap hubs (4),2024,gas,1181,3750,0.001693480101608806
external:yap4|-1|0|all,Yap hubs (4),2024,gas,1181,4000,0.002540220152413209
external:yap4|-1|0|all,Yap hubs (4),2024,gas,1181,4250,0.003386960203217612
external:yap4|-1|0|all,Yap hubs (4),2024,gas,1181,4500,0.003386960203217612
external:yap4|-1|0|all,Yap hubs (4),2024,gas,1181,4750,0.003386960203217612
external:yap4|-1|0|all,Yap hubs (4),2024,gas,1181,5000,0.004233700254022015
external:yap4|-1|0|all,Yap hubs (4),2024,gas,1181,5250,0.005080440304826418
external:yap4|-1|0|all,Yap hubs (4),2024,gas,1181,5500,0.005080440304826418
external:yap4|-1|0|all,Yap hubs (4),2024,gas,1181,5750,0.0059271803556308214
external:yap4|-1|0|all,Yap hubs (4),2024,gas,1181,6000,0.006773920406435224
external:yap4|-1|0|all,Yap hubs (4),2024,gas,1181,6250,0.006773920406435224
external:yap4|-1|0|all,Yap hubs (4),2024,gas,1181,6500,0.007620660457239628
external:yap4|-1|0|all,Yap hubs (4),2024,gas,1181,6750,0.007620660457239628
external:yap4|-1|0|all,Yap hubs (4),2024,gas,1181,7000,0.007620660457239628
external:yap4|-1|0|all,Yap hubs (4),2024,gas,1181,7250,0.009314140558848433
external:yap4|-1|0|all,Yap hubs (4),2024,gas,1181,7500,0.010160880609652836
external:yap4|-1|0|all,Yap hubs (4),2024,gas,1181,7750,0.01100762066045724
external:yap4|-1|0|all,Yap hubs (4),2024,gas,1181,8000,0.01100762066045724
external:yap4|-1|0|all,Yap hubs (4),2024,gas,1181,8250,0.01100762066045724
external:yap4|-1|0|all,Yap hubs (4),2024,gas,1181,8500,0.01100762066045724
external:yap4|-1|0|all,Yap hubs (4),2024,gas,1181,8750,0.011854360711261643
external:yap4|-1|0|all,Yap hubs (4),2024,gas,1181,9000,0.012701100762066046
external:yap4|-1|0|all,Yap hubs (4),2024,gas,1181,9250,0.012701100762066046
external:yap4|-1|0|all,Yap hubs (4),2024,gas,1181,9500,0.013547840812870448
external:yap4|-1|0|all,Yap hubs (4),2024,gas,1181,9750,0.013547840812870448
external:yap4|-1|0|all,Yap hubs (4),2024,gas,1181,10000,0.013547840812870448
external:yap4|-1|0|all,Yap hubs (4),2024,gas,1181,10250,0.013547840812870448
external:yap4|-1|0|all,Yap hubs (4),2024,gas,1181,10500,0.013547840812870448
external:yap4|-1|0|all,Yap hubs (4),2024,gas,1181,10750,0.015241320914479255
external:yap4|-1|0|all,Yap hubs (4),2024,gas,1181,11000,0.015241320914479255
external:yap4|-1|0|all,Yap hubs (4),2024,gas,1181,11250,0.016088060965283656
external:yap4|-1|0|all,Yap hubs (4),2024,gas,1181,11500,0.016088060965283656
external:yap4|-1|0|all,Yap hubs (4),2024,gas,1181,11750,0.01693480101608806
external:yap4|-1|0|all,Yap hubs (4),2024,gas,1181,12000,0.01693480101608806
external:yap4|-1|0|all,Yap hubs (4),2024,gas,1181,12250,0.01693480101608806
external:yap4|-1|0|all,Yap hubs (4),2024,gas,1181,12500,0.017781541066892465
external:yap4|-1|0|all,Yap hubs (4),2024,gas,1181,12750,0.017781541066892465
external:yap4|-1|0|all,Yap hubs (4),2024,gas,1181,13000,0.017781541066892465
external:yap4|-1|0|all,Yap hubs (4),2024,gas,1181,13250,0.018628281117696866
external:yap4|-1|0|all,Yap hubs (4),2024,gas,1181,13500,0.018628281117696866
external:yap4|-1|0|all,Yap hubs (4),2024,gas,1181,13750,0.018628281117696866
external:yap4|-1|0|all,Yap hubs (4),2024,gas,1181,14000,0.018628281117696866
external:yap4|-1|0|all,Yap hubs (4),2024,gas,1181,14250,0.018628281117696866
external:yap4|-1|0|all,Yap hubs (4),2024,gas,1181,14500,0.01947502116850127
external:yap4|-1|0|all,Yap hubs (4),2024,gas,1181,14750,0.01947502116850127
external:yap4|-1|0|all,Yap hubs (4),2024,gas,1181,15000,0.01947502116850127
external:yap4|-1|0|all,Yap hubs (4),2024,gas,1181,15250,0.01947502116850127
external:yap4|-1|0|all,Yap hubs (4),2024,gas,1181,15500,0.01947502116850127
external:yap4|-1|0|all,Yap hubs (4),2024,gas,1181,15750,0.021168501270110076
external:yap4|-1|0|all,Yap hubs (4),2024,gas,1181,16000,0.021168501270110076
external:yap4|-1|0|all,Yap hubs (4),2024,gas,1181,16250,0.02201524132091448
external:yap4|-1|0|all,Yap hubs (4),2024,gas,1181,16500,0.02201524132091448
external:yap4|-1|0|all,Yap hubs (4),2024,gas,1181,16750,0.02286198137171888
external:yap4|-1|0|all,Yap hubs (4),2024,gas,1181,17000,0.02286198137171888
external:yap4|-1|0|all,Yap hubs (4),2024,gas,1181,17250,0.024555461473327687
external:yap4|-1|0|all,Yap hubs (4),2024,gas,1181,17500,0.02540220152413209
external:yap4|-1|0|all,Yap hubs (4),2024,gas,1181,17750,0.02540220152413209
external:yap4|-1|0|all,Yap hubs (4),2024,gas,1181,18000,0.026248941574936496
external:yap4|-1|0|all,Yap hubs (4),2024,gas,1181,18250,0.026248941574936496
external:yap4|-1|0|all,Yap hubs (4),2024,gas,1181,18500,0.026248941574936496
external:yap4|-1|0|all,Yap hubs (4),2024,gas,1181,18750,0.026248941574936496
external:yap4|-1|0|all,Yap hubs (4),2024,gas,1181,19000,0.026248941574936496
external:yap4|-1|0|all,Yap hubs (4),2024,gas,1181,19250,0.027095681625740897
external:yap4|-1|0|all,Yap hubs (4),2024,gas,1181,19500,0.028789161727349702
external:yap4|-1|0|all,Yap hubs (4),2024,gas,1181,19750,0.028789161727349702
external:yap4|-1|0|all,Yap hubs (4),2024,gas,1181,20000,0.029635901778154106
external:yap4|-1|0|all,Yap hubs (4),2024,gas,1181,20250,0.029635901778154106
external:yap4|-1|0|all,Yap hubs (4),2024,gas,1181,20500,0.029635901778154106
external:yap4|-1|0|all,Yap hubs (4),2024,gas,1181,20750,0.03048264182895851
external:yap4|-1|0|all,Yap hubs (4),2024,gas,1181,21000,0.03048264182895851
external:yap4|-1|0|all,Yap hubs (4),2024,gas,1181,21250,0.03132938187976291
external:yap4|-1|0|all,Yap hubs (4),2024,gas,1181,21500,0.03386960203217612
external:yap4|-1|0|all,Yap hubs (4),2024,gas,1181,21750,0.03386960203217612
external:yap4|-1|0|all,Yap hubs (4),2024,gas,1181,22000,0.03386960203217612
external:yap4|-1|0|all,Yap hubs (4),2024,gas,1181,22250,0.03471634208298052
external:yap4|-1|0|all,Yap hubs (4),2024,gas,1181,22500,0.03471634208298052
external:yap4|-1|0|all,Yap hubs (4),2024,gas,1181,22750,0.03556308213378493
external:yap4|-1|0|all,Yap hubs (4),2024,gas,1181,23000,0.03640982218458933
external:yap4|-1|0|all,Yap hubs (4),2024,gas,1181,23250,0.03725656223539373
external:yap4|-1|0|all,Yap hubs (4),2024,gas,1181,23500,0.03810330228619814
external:yap4|-1|0|all,Yap hubs (4),2024,gas,1181,23750,0.03810330228619814
external:yap4|-1|0|all,Yap hubs (4),2024,gas,1181,24000,0.03895004233700254
external:yap4|-1|0|all,Yap hubs (4),2024,gas,1181,24250,0.03979678238780694
external:yap4|-1|0|all,Yap hubs (4),2024,gas,1181,24500,0.04064352243861134
external:yap4|-1|0|all,Yap hubs (4),2024,gas,1181,24750,0.04149026248941575
external:yap4|-1|0|all,Yap hubs (4),2024,gas,1181,25000,0.04318374259102455
external:yap4|-1|0|all,Yap hubs (4),2024,gas,1181,25250,0.04318374259102455
external:yap4|-1|0|all,Yap hubs (4),2024,gas,1181,25500,0.04403048264182896
external:yap4|-1|0|all,Yap hubs (4),2024,gas,1181,25750,0.04403048264182896
external:yap4|-1|0|all,Yap hubs (4),2024,gas,1181,26000,0.04487722269263336
external:yap4|-1|0|all,Yap hubs (4),2024,gas,1181,26250,0.04487722269263336
external:yap4|-1|0|all,Yap hubs (4),2024,gas,1181,26500,0.04572396274343776
external:yap4|-1|0|all,Yap hubs (4),2024,gas,1181,26750,0.04572396274343776
external:yap4|-1|0|all,Yap hubs (4),2024,gas,1181,27000,0.04572396274343776
external:yap4|-1|0|all,Yap hubs (4),2024,gas,1181,27250,0.04572396274343776
external:yap4|-1|0|all,Yap hubs (4),2024,gas,1181,27500,0.04657070279424217
external:yap4|-1|0|all,Yap hubs (4),2024,gas,1181,27750,0.04741744284504657
external:yap4|-1|0|all,Yap hubs (4),2024,gas,1181,28000,0.04741744284504657
external:yap4|-1|0|all,Yap hubs (4),2024,gas,1181,28250,0.04826418289585097
external:yap4|-1|0|all,Yap hubs (4),2024,gas,1181,28500,0.04911092294665537
external:yap4|-1|0|all,Yap hubs (4),2024,gas,1181,28750,0.04995766299745978
external:yap4|-1|0|all,Yap hubs (4),2024,gas,1181,29000,0.04995766299745978
external:yap4|-1|0|all,Yap hubs (4),2024,gas,1181,29250,0.04995766299745978
external:yap4|-1|0|all,Yap hubs (4),2024,gas,1181,29500,0.04995766299745978
external:yap4|-1|0|all,Yap hubs (4),2024,gas,1181,29750,0.04995766299745978
external:yap4|-1|0|all,Yap hubs (4),2024,gas,1181,30000,0.04995766299745978
external:yap4|-1|0|all,Yap hubs (4),2024,general,2443,0,0.0
external:yap4|-1|0|all,Yap hubs (4),2024,general,2443,250,0.0
external:yap4|-1|0|all,Yap hubs (4),2024,general,2443,500,0.0
external:yap4|-1|0|all,Yap hubs (4),2024,general,2443,750,0.0
external:yap4|-1|0|all,Yap hubs (4),2024,general,2443,1000,0.0
external:yap4|-1|0|all,Yap hubs (4),2024,general,2443,1250,0.0008186655751125665
external:yap4|-1|0|all,Yap hubs (4),2024,general,2443,1500,0.001637331150225133
external:yap4|-1|0|all,Yap hubs (4),2024,general,2443,1750,0.002046663937781416
external:yap4|-1|0|all,Yap hubs (4),2024,general,2443,2000,0.002046663937781416
external:yap4|-1|0|all,Yap hubs (4),2024,general,2443,2250,0.0028653295128939827
external:yap4|-1|0|all,Yap hubs (4),2024,general,2443,2500,0.0028653295128939827
external:yap4|-1|0|all,Yap hubs (4),2024,general,2443,2750,0.003274662300450266
external:yap4|-1|0|all,Yap hubs (4),2024,general,2443,3000,0.003274662300450266
external:yap4|-1|0|all,Yap hubs (4),2024,general,2443,3250,0.0036839950880065493
external:yap4|-1|0|all,Yap hubs (4),2024,general,2443,3500,0.004093327875562832
external:yap4|-1|0|all,Yap hubs (4),2024,general,2443,3750,0.0045026606631191155
external:yap4|-1|0|all,Yap hubs (4),2024,general,2443,4000,0.005321326238231682
external:yap4|-1|0|all,Yap hubs (4),2024,general,2443,4250,0.0057306590257879654
external:yap4|-1|0|all,Yap hubs (4),2024,general,2443,4500,0.0057306590257879654
external:yap4|-1|0|all,Yap hubs (4),2024,general,2443,4750,0.006139991813344249
external:yap4|-1|0|all,Yap hubs (4),2024,general,2443,5000,0.006549324600900532
external:yap4|-1|0|all,Yap hubs (4),2024,general,2443,5250,0.006549324600900532
external:yap4|-1|0|all,Yap hubs (4),2024,general,2443,5500,0.006958657388456815
external:yap4|-1|0|all,Yap hubs (4),2024,general,2443,5750,0.006958657388456815
external:yap4|-1|0|all,Yap hubs (4),2024,general,2443,6000,0.006958657388456815
external:yap4|-1|0|all,Yap hubs (4),2024,general,2443,6250,0.007777322963569382
external:yap4|-1|0|all,Yap hubs (4),2024,general,2443,6500,0.008186655751125664
external:yap4|-1|0|all,Yap hubs (4),2024,general,2443,6750,0.008595988538681949
external:yap4|-1|0|all,Yap hubs (4),2024,general,2443,7000,0.009005321326238231
external:yap4|-1|0|all,Yap hubs (4),2024,general,2443,7250,0.010642652476463364
external:yap4|-1|0|all,Yap hubs (4),2024,general,2443,7500,0.011870650839132215
external:yap4|-1|0|all,Yap hubs (4),2024,general,2443,7750,0.012279983626688497
external:yap4|-1|0|all,Yap hubs (4),2024,general,2443,8000,0.012689316414244782
external:yap4|-1|0|all,Yap hubs (4),2024,general,2443,8250,0.01391731477691363
external:yap4|-1|0|all,Yap hubs (4),2024,general,2443,8500,0.014735980352026197
external:yap4|-1|0|all,Yap hubs (4),2024,general,2443,8750,0.01637331150225133
external:yap4|-1|0|all,Yap hubs (4),2024,general,2443,9000,0.017191977077363897
external:yap4|-1|0|all,Yap hubs (4),2024,general,2443,9250,0.01760130986492018
external:yap4|-1|0|all,Yap hubs (4),2024,general,2443,9500,0.018010642652476462
external:yap4|-1|0|all,Yap hubs (4),2024,general,2443,9750,0.019238641015145313
external:yap4|-1|0|all,Yap hubs (4),2024,general,2443,10000,0.020466639377814164
external:yap4|-1|0|all,Yap hubs (4),2024,general,2443,10250,0.02169463774048301
external:yap4|-1|0|all,Yap hubs (4),2024,general,2443,10500,0.024150634465820713
external:yap4|-1|0|all,Yap hubs (4),2024,general,2443,10750,0.024559967253376995
external:yap4|-1|0|all,Yap hubs (4),2024,general,2443,11000,0.025378632828489563
external:yap4|-1|0|all,Yap hubs (4),2024,general,2443,11250,0.028243962341383544
external:yap4|-1|0|all,Yap hubs (4),2024,general,2443,11500,0.029471960704052395
external:yap4|-1|0|all,Yap hubs (4),2024,general,2443,11750,0.029881293491608677
external:yap4|-1|0|all,Yap hubs (4),2024,general,2443,12000,0.03192795742939009
external:yap4|-1|0|all,Yap hubs (4),2024,general,2443,12250,0.03315595579205895
external:yap4|-1|0|all,Yap hubs (4),2024,general,2443,12500,0.034383954154727794
external:yap4|-1|0|all,Yap hubs (4),2024,general,2443,12750,0.034383954154727794
external:yap4|-1|0|all,Yap hubs (4),2024,general,2443,13000,0.03724928366762178
external:yap4|-1|0|all,Yap hubs (4),2024,general,2443,13250,0.03929594760540319
external:yap4|-1|0|all,Yap hubs (4),2024,general,2443,13500,0.040523945968072045
external:yap4|-1|0|all,Yap hubs (4),2024,general,2443,13750,0.04134261154318461
external:yap4|-1|0|all,Yap hubs (4),2024,general,2443,14000,0.044207941056078594
external:yap4|-1|0|all,Yap hubs (4),2024,general,2443,14250,0.046254604993860006
external:yap4|-1|0|all,Yap hubs (4),2024,general,2443,14500,0.04789193614408514
external:yap4|-1|0|all,Yap hubs (4),2024,general,2443,14750,0.049938600081866555
external:yap4|-1|0|all,Yap hubs (4),2024,general,2443,15000,0.05157593123209169
external:yap4|-1|0|all,Yap hubs (4),2024,general,2443,15250,0.05280392959476054
external:yap4|-1|0|all,Yap hubs (4),2024,general,2443,15500,0.05403192795742939
external:yap4|-1|0|all,Yap hubs (4),2024,general,2443,15750,0.056078591895210805
external:yap4|-1|0|all,Yap hubs (4),2024,general,2443,16000,0.06058125255832992
external:yap4|-1|0|all,Yap hubs (4),2024,general,2443,16250,0.0634465820712239
external:yap4|-1|0|all,Yap hubs (4),2024,general,2443,16500,0.06508391322144903
external:yap4|-1|0|all,Yap hubs (4),2024,general,2443,16750,0.0663119115841179
external:yap4|-1|0|all,Yap hubs (4),2024,general,2443,17000,0.06672124437167418
external:yap4|-1|0|all,Yap hubs (4),2024,general,2443,17250,0.06713057715923046
external:yap4|-1|0|all,Yap hubs (4),2024,general,2443,17500,0.06876790830945559
external:yap4|-1|0|all,Yap hubs (4),2024,general,2443,17750,0.07040523945968072
external:yap4|-1|0|all,Yap hubs (4),2024,general,2443,18000,0.07286123618501841
external:yap4|-1|0|all,Yap hubs (4),2024,general,2443,18250,0.07408923454768727
external:yap4|-1|0|all,Yap hubs (4),2024,general,2443,18500,0.07613589848546869
external:yap4|-1|0|all,Yap hubs (4),2024,general,2443,18750,0.07736389684813753
external:yap4|-1|0|all,Yap hubs (4),2024,general,2443,19000,0.08104789193614409
external:yap4|-1|0|all,Yap hubs (4),2024,general,2443,19250,0.08350388866148178
external:yap4|-1|0|all,Yap hubs (4),2024,general,2443,19500,0.0855505525992632
external:yap4|-1|0|all,Yap hubs (4),2024,general,2443,19750,0.08636921817437576
external:yap4|-1|0|all,Yap hubs (4),2024,general,2443,20000,0.08718788374948834
external:yap4|-1|0|all,Yap hubs (4),2024,general,2443,20250,0.08923454768726975
external:yap4|-1|0|all,Yap hubs (4),2024,general,2443,20500,0.0904625460499386
external:yap4|-1|0|all,Yap hubs (4),2024,general,2443,20750,0.09250920998772001
external:yap4|-1|0|all,Yap hubs (4),2024,general,2443,21000,0.0929185427752763
external:yap4|-1|0|all,Yap hubs (4),2024,general,2443,21250,0.09455587392550144
external:yap4|-1|0|all,Yap hubs (4),2024,general,2443,21500,0.09987720016373311
external:yap4|-1|0|all,Yap hubs (4),2024,general,2443,21750,0.10192386410151454
external:yap4|-1|0|all,Yap hubs (4),2024,general,2443,22000,0.10356119525173967
external:yap4|-1|0|all,Yap hubs (4),2024,general,2443,22250,0.10560785918952108
external:yap4|-1|0|all,Yap hubs (4),2024,general,2443,22500,0.10683585755218993
external:yap4|-1|0|all,Yap hubs (4),2024,general,2443,22750,0.10888252148997135
external:yap4|-1|0|all,Yap hubs (4),2024,general,2443,23000,0.11133851821530905
external:yap4|-1|0|all,Yap hubs (4),2024,general,2443,23250,0.11420384772820302
external:yap4|-1|0|all,Yap hubs (4),2024,general,2443,23500,0.1150225133033156
external:yap4|-1|0|all,Yap hubs (4),2024,general,2443,23750,0.11911584117887843
external:yap4|-1|0|all,Yap hubs (4),2024,general,2443,24000,0.12198117069177242
external:yap4|-1|0|all,Yap hubs (4),2024,general,2443,24250,0.12443716741711011
external:yap4|-1|0|all,Yap hubs (4),2024,general,2443,24500,0.12648383135489152
external:yap4|-1|0|all,Yap hubs (4),2024,general,2443,24750,0.12853049529267294
external:yap4|-1|0|all,Yap hubs (4),2024,general,2443,25000,0.13303315595579207
external:yap4|-1|0|all,Yap hubs (4),2024,general,2443,25250,0.13548915268112977
external:yap4|-1|0|all,Yap hubs (4),2024,general,2443,25500,0.13876381498158002
external:yap4|-1|0|all,Yap hubs (4),2024,general,2443,25750,0.14203847728203028
external:yap4|-1|0|all,Yap hubs (4),2024,general,2443,26000,0.14490380679492426
external:yap4|-1|0|all,Yap hubs (4),2024,general,2443,26250,0.14735980352026198
external:yap4|-1|0|all,Yap hubs (4),2024,general,2443,26500,0.14981580024559968
external:yap4|-1|0|all,Yap hubs (4),2024,general,2443,26750,0.1518624641833811
external:yap4|-1|0|all,Yap hubs (4),2024,general,2443,27000,0.15513712648383135
external:yap4|-1|0|all,Yap hubs (4),2024,general,2443,27250,0.15718379042161276
external:yap4|-1|0|all,Yap hubs (4),2024,general,2443,27500,0.15923045435939417
external:yap4|-1|0|all,Yap hubs (4),2024,general,2443,27750,0.16209578387228818
external:yap4|-1|0|all,Yap hubs (4),2024,general,2443,28000,0.16496111338518216
external:yap4|-1|0|all,Yap hubs (4),2024,general,2443,28250,0.1686451084731887
external:yap4|-1|0|all,Yap hubs (4),2024,general,2443,28500,0.17191977077363896
external:yap4|-1|0|all,Yap hubs (4),2024,general,2443,28750,0.17519443307408925
external:yap4|-1|0|all,Yap hubs (4),2024,general,2443,29000,0.1764224314367581
external:yap4|-1|0|all,Yap hubs (4),2024,general,2443,29250,0.1784690953745395
external:yap4|-1|0|all,Yap hubs (4),2024,general,2443,29500,0.18174375767498976
external:yap4|-1|0|all,Yap hubs (4),2024,general,2443,29750,0.1858370855505526
external:yap4|-1|0|all,Yap hubs (4),2024,general,2443,30000,0.18747441670077772
external:yap4|-1|0|all,Yap hubs (4),2024,roro,696,0,0.0
external:yap4|-1|0|all,Yap hubs (4),2024,roro,696,250,0.0
external:yap4|-1|0|all,Yap hubs (4),2024,roro,696,500,0.0
external:yap4|-1|0|all,Yap hubs (4),2024,roro,696,750,0.0
external:yap4|-1|0|all,Yap hubs (4),2024,roro,696,1000,0.0
external:yap4|-1|0|all,Yap hubs (4),2024,roro,696,1250,0.0
external:yap4|-1|0|all,Yap hubs (4),2024,roro,696,1500,0.0
external:yap4|-1|0|all,Yap hubs (4),2024,roro,696,1750,0.0
external:yap4|-1|0|all,Yap hubs (4),2024,roro,696,2000,0.0
external:yap4|-1|0|all,Yap hubs (4),2024,roro,696,2250,0.0
external:yap4|-1|0|all,Yap hubs (4),2024,roro,696,2500,0.0
external:yap4|-1|0|all,Yap hubs (4),2024,roro,696,2750,0.0
external:yap4|-1|0|all,Yap hubs (4),2024,roro,696,3000,0.0
external:yap4|-1|0|all,Yap hubs (4),2024,roro,696,3250,0.0
external:yap4|-1|0|all,Yap hubs (4),2024,roro,696,3500,0.0
external:yap4|-1|0|all,Yap hubs (4),2024,roro,696,3750,0.0
external:yap4|-1|0|all,Yap hubs (4),2024,roro,696,4000,0.0
external:yap4|-1|0|all,Yap hubs (4),2024,roro,696,4250,0.0
external:yap4|-1|0|all,Yap hubs (4),2024,roro,696,4500,0.0
external:yap4|-1|0|all,Yap hubs (4),2024,roro,696,4750,0.0
external:yap4|-1|0|all,Yap hubs (4),2024,roro,696,5000,0.0
external:yap4|-1|0|all,Yap hubs (4),2024,roro,696,5250,0.0
external:yap4|-1|0|all,Yap hubs (4),2024,roro,696,5500,0.0014367816091954023
external:yap4|-1|0|all,Yap hubs (4),2024,roro,696,5750,0.0014367816091954023
external:yap4|-1|0|all,Yap hubs (4),2024,roro,696,6000,0.0028735632183908046
external:yap4|-1|0|all,Yap hubs (4),2024,roro,696,6250,0.004310344827586207
external:yap4|-1|0|all,Yap hubs (4),2024,roro,696,6500,0.005747126436781609
external:yap4|-1|0|all,Yap hubs (4),2024,roro,696,6750,0.005747126436781609
external:yap4|-1|0|all,Yap hubs (4),2024,roro,696,7000,0.005747126436781609
external:yap4|-1|0|all,Yap hubs (4),2024,roro,696,7250,0.007183908045977011
external:yap4|-1|0|all,Yap hubs (4),2024,roro,696,7500,0.008620689655172414
external:yap4|-1|0|all,Yap hubs (4),2024,roro,696,7750,0.008620689655172414
external:yap4|-1|0|all,Yap hubs (4),2024,roro,696,8000,0.010057471264367816
external:yap4|-1|0|all,Yap hubs (4),2024,roro,696,8250,0.011494252873563218
external:yap4|-1|0|all,Yap hubs (4),2024,roro,696,8500,0.011494252873563218
external:yap4|-1|0|all,Yap hubs (4),2024,roro,696,8750,0.011494252873563218
external:yap4|-1|0|all,Yap hubs (4),2024,roro,696,9000,0.014367816091954023
external:yap4|-1|0|all,Yap hubs (4),2024,roro,696,9250,0.014367816091954023
external:yap4|-1|0|all,Yap hubs (4),2024,roro,696,9500,0.015804597701149427
external:yap4|-1|0|all,Yap hubs (4),2024,roro,696,9750,0.017241379310344827
external:yap4|-1|0|all,Yap hubs (4),2024,roro,696,10000,0.017241379310344827
external:yap4|-1|0|all,Yap hubs (4),2024,roro,696,10250,0.017241379310344827
external:yap4|-1|0|all,Yap hubs (4),2024,roro,696,10500,0.01867816091954023
external:yap4|-1|0|all,Yap hubs (4),2024,roro,696,10750,0.01867816091954023
external:yap4|-1|0|all,Yap hubs (4),2024,roro,696,11000,0.01867816091954023
external:yap4|-1|0|all,Yap hubs (4),2024,roro,696,11250,0.01867816091954023
external:yap4|-1|0|all,Yap hubs (4),2024,roro,696,11500,0.01867816091954023
external:yap4|-1|0|all,Yap hubs (4),2024,roro,696,11750,0.01867816091954023
external:yap4|-1|0|all,Yap hubs (4),2024,roro,696,12000,0.01867816091954023
external:yap4|-1|0|all,Yap hubs (4),2024,roro,696,12250,0.01867816091954023
external:yap4|-1|0|all,Yap hubs (4),2024,roro,696,12500,0.01867816091954023
external:yap4|-1|0|all,Yap hubs (4),2024,roro,696,12750,0.020114942528735632
external:yap4|-1|0|all,Yap hubs (4),2024,roro,696,13000,0.020114942528735632
external:yap4|-1|0|all,Yap hubs (4),2024,roro,696,13250,0.020114942528735632
external:yap4|-1|0|all,Yap hubs (4),2024,roro,696,13500,0.020114942528735632
external:yap4|-1|0|all,Yap hubs (4),2024,roro,696,13750,0.021551724137931036
external:yap4|-1|0|all,Yap hubs (4),2024,roro,696,14000,0.02586206896551724
external:yap4|-1|0|all,Yap hubs (4),2024,roro,696,14250,0.02586206896551724
external:yap4|-1|0|all,Yap hubs (4),2024,roro,696,14500,0.02586206896551724
external:yap4|-1|0|all,Yap hubs (4),2024,roro,696,14750,0.02586206896551724
external:yap4|-1|0|all,Yap hubs (4),2024,roro,696,15000,0.027298850574712645
external:yap4|-1|0|all,Yap hubs (4),2024,roro,696,15250,0.027298850574712645
external:yap4|-1|0|all,Yap hubs (4),2024,roro,696,15500,0.028735632183908046
external:yap4|-1|0|all,Yap hubs (4),2024,roro,696,15750,0.028735632183908046
external:yap4|-1|0|all,Yap hubs (4),2024,roro,696,16000,0.028735632183908046
external:yap4|-1|0|all,Yap hubs (4),2024,roro,696,16250,0.028735632183908046
external:yap4|-1|0|all,Yap hubs (4),2024,roro,696,16500,0.03017241379310345
external:yap4|-1|0|all,Yap hubs (4),2024,roro,696,16750,0.033045977011494254
external:yap4|-1|0|all,Yap hubs (4),2024,roro,696,17000,0.035919540229885055
external:yap4|-1|0|all,Yap hubs (4),2024,roro,696,17250,0.03879310344827586
external:yap4|-1|0|all,Yap hubs (4),2024,roro,696,17500,0.03879310344827586
external:yap4|-1|0|all,Yap hubs (4),2024,roro,696,17750,0.040229885057471264
external:yap4|-1|0|all,Yap hubs (4),2024,roro,696,18000,0.040229885057471264
external:yap4|-1|0|all,Yap hubs (4),2024,roro,696,18250,0.040229885057471264
external:yap4|-1|0|all,Yap hubs (4),2024,roro,696,18500,0.040229885057471264
external:yap4|-1|0|all,Yap hubs (4),2024,roro,696,18750,0.04454022988505747
external:yap4|-1|0|all,Yap hubs (4),2024,roro,696,19000,0.04597701149425287
external:yap4|-1|0|all,Yap hubs (4),2024,roro,696,19250,0.04597701149425287
external:yap4|-1|0|all,Yap hubs (4),2024,roro,696,19500,0.04885057471264368
external:yap4|-1|0|all,Yap hubs (4),2024,roro,696,19750,0.05172413793103448
external:yap4|-1|0|all,Yap hubs (4),2024,roro,696,20000,0.05459770114942529
external:yap4|-1|0|all,Yap hubs (4),2024,roro,696,20250,0.05459770114942529
external:yap4|-1|0|all,Yap hubs (4),2024,roro,696,20500,0.05459770114942529
external:yap4|-1|0|all,Yap hubs (4),2024,roro,696,20750,0.05459770114942529
external:yap4|-1|0|all,Yap hubs (4),2024,roro,696,21000,0.05603448275862069
external:yap4|-1|0|all,Yap hubs (4),2024,roro,696,21250,0.05747126436781609
external:yap4|-1|0|all,Yap hubs (4),2024,roro,696,21500,0.0603448275862069
external:yap4|-1|0|all,Yap hubs (4),2024,roro,696,21750,0.06321839080459771
external:yap4|-1|0|all,Yap hubs (4),2024,roro,696,22000,0.06465517241379311
external:yap4|-1|0|all,Yap hubs (4),2024,roro,696,22250,0.06896551724137931
external:yap4|-1|0|all,Yap hubs (4),2024,roro,696,22500,0.07040229885057471
external:yap4|-1|0|all,Yap hubs (4),2024,roro,696,22750,0.07183908045977011
external:yap4|-1|0|all,Yap hubs (4),2024,roro,696,23000,0.07327586206896551
external:yap4|-1|0|all,Yap hubs (4),2024,roro,696,23250,0.07471264367816093
external:yap4|-1|0|all,Yap hubs (4),2024,roro,696,23500,0.07614942528735633
external:yap4|-1|0|all,Yap hubs (4),2024,roro,696,23750,0.07758620689655173
external:yap4|-1|0|all,Yap hubs (4),2024,roro,696,24000,0.07902298850574713
external:yap4|-1|0|all,Yap hubs (4),2024,roro,696,24250,0.08189655172413793
external:yap4|-1|0|all,Yap hubs (4),2024,roro,696,24500,0.08620689655172414
external:yap4|-1|0|all,Yap hubs (4),2024,roro,696,24750,0.08908045977011494
external:yap4|-1|0|all,Yap hubs (4),2024,roro,696,25000,0.09339080459770115
external:yap4|-1|0|all,Yap hubs (4),2024,roro,696,25250,0.09482758620689655
external:yap4|-1|0|all,Yap hubs (4),2024,roro,696,25500,0.09913793103448276
external:yap4|-1|0|all,Yap hubs (4),2024,roro,696,25750,0.09913793103448276
external:yap4|-1|0|all,Yap hubs (4),2024,roro,696,26000,0.10344827586206896
external:yap4|-1|0|all,Yap hubs (4),2024,roro,696,26250,0.10632183908045977
external:yap4|-1|0|all,Yap hubs (4),2024,roro,696,26500,0.10632183908045977
external:yap4|-1|0|all,Yap hubs (4),2024,roro,696,26750,0.10632183908045977
external:yap4|-1|0|all,Yap hubs (4),2024,roro,696,27000,0.10919540229885058
external:yap4|-1|0|all,Yap hubs (4),2024,roro,696,27250,0.11206896551724138
external:yap4|-1|0|all,Yap hubs (4),2024,roro,696,27500,0.11350574712643678
external:yap4|-1|0|all,Yap hubs (4),2024,roro,696,27750,0.11637931034482758
external:yap4|-1|0|all,Yap hubs (4),2024,roro,696,28000,0.11781609195402298
external:yap4|-1|0|all,Yap hubs (4),2024,roro,696,28250,0.1235632183908046
external:yap4|-1|0|all,Yap hubs (4),2024,roro,696,28500,0.12643678160919541
external:yap4|-1|0|all,Yap hubs (4),2024,roro,696,28750,0.1307471264367816
external:yap4|-1|0|all,Yap hubs (4),2024,roro,696,29000,0.13505747126436782
external:yap4|-1|0|all,Yap hubs (4),2024,roro,696,29250,0.13649425287356323
external:yap4|-1|0|all,Yap hubs (4),2024,roro,696,29500,0.13793103448275862
external:yap4|-1|0|all,Yap hubs (4),2024,roro,696,29750,0.13936781609195403
external:yap4|-1|0|all,Yap hubs (4),2024,roro,696,30000,0.14367816091954022
external:yap8|-1|0|all,Yap hubs (8),2024,all,23035,0,0.0001302365964836119
external:yap8|-1|0|all,Yap hubs (8),2024,all,23035,250,0.0009550683742131538
external:yap8|-1|0|all,Yap hubs (8),2024,all,23035,500,0.0012155415671803776
external:yap8|-1|0|all,Yap hubs (8),2024,all,23035,750,0.0014326025613197308
external:yap8|-1|0|all,Yap hubs (8),2024,all,23035,1000,0.0020837855437377904
external:yap8|-1|0|all,Yap hubs (8),2024,all,23035,1250,0.0030822661167788147
external:yap8|-1|0|all,Yap hubs (8),2024,all,23035,1500,0.005383112654655959
external:yap8|-1|0|all,Yap hubs (8),2024,all,23035,1750,0.006251356631213371
external:yap8|-1|0|all,Yap hubs (8),2024,all,23035,2000,0.006642066420664207
external:yap8|-1|0|all,Yap hubs (8),2024,all,23035,2250,0.008161493379639678
external:yap8|-1|0|all,Yap hubs (8),2024,all,23035,2500,0.008899500759713479
external:yap8|-1|0|all,Yap hubs (8),2024,all,23035,2750,0.00955068374213154
external:yap8|-1|0|all,Yap hubs (8),2024,all,23035,3000,0.010722813110484047
external:yap8|-1|0|all,Yap hubs (8),2024,all,23035,3250,0.0116778814846972
external:yap8|-1|0|all,Yap hubs (8),2024,all,23035,3500,0.012546125461254613
external:yap8|-1|0|all,Yap hubs (8),2024,all,23035,3750,0.013240720642500543
external:yap8|-1|0|all,Yap hubs (8),2024,all,23035,4000,0.014412850010853049
external:yap8|-1|0|all,Yap hubs (8),2024,all,23035,4250,0.015367918385066204
external:yap8|-1|0|all,Yap hubs (8),2024,all,23035,4500,0.016713696548730193
external:yap8|-1|0|all,Yap hubs (8),2024,all,23035,4750,0.0178858259170827
external:yap8|-1|0|all,Yap hubs (8),2024,all,23035,5000,0.018840894291295852
external:yap8|-1|0|all,Yap hubs (8),2024,all,23035,5250,0.01988278706316475
external:yap8|-1|0|all,Yap hubs (8),2024,all,23035,5500,0.02131538962448448
external:yap8|-1|0|all,Yap hubs (8),2024,all,23035,5750,0.022965053179943563
external:yap8|-1|0|all,Yap hubs (8),2024,all,23035,6000,0.024571304536574776
external:yap8|-1|0|all,Yap hubs (8),2024,all,23035,6250,0.025873670501410897
external:yap8|-1|0|all,Yap hubs (8),2024,all,23035,6500,0.027219448665074888
external:yap8|-1|0|all,Yap hubs (8),2024,all,23035,6750,0.028782287822878228
external:yap8|-1|0|all,Yap hubs (8),2024,all,23035,7000,0.0303017147818537
external:yap8|-1|0|all,Yap hubs (8),2024,all,23035,7250,0.0317777295420013
external:yap8|-1|0|all,Yap hubs (8),2024,all,23035,7500,0.03347080529628826
external:yap8|-1|0|all,Yap hubs (8),2024,all,23035,7750,0.03499023225526373
external:yap8|-1|0|all,Yap hubs (8),2024,all,23035,8000,0.03581506403299327
external:yap8|-1|0|all,Yap hubs (8),2024,all,23035,8250,0.03707401779900152
external:yap8|-1|0|all,Yap hubs (8),2024,all,23035,8500,0.03859344475797699
external:yap8|-1|0|all,Yap hubs (8),2024,all,23035,8750,0.03985239852398524
external:yap8|-1|0|all,Yap hubs (8),2024,all,23035,9000,0.041328413284132844
external:yap8|-1|0|all,Yap hubs (8),2024,all,23035,9250,0.0430214890384198
external:yap8|-1|0|all,Yap hubs (8),2024,all,23035,9500,0.04436726720208378
external:yap8|-1|0|all,Yap hubs (8),2024,all,23035,9750,0.04540915997395268
external:yap8|-1|0|all,Yap hubs (8),2024,all,23035,10000,0.046320816149337966
external:yap8|-1|0|all,Yap hubs (8),2024,all,23035,10250,0.0481875406989364
external:yap8|-1|0|all,Yap hubs (8),2024,all,23035,10500,0.04988061645322336
external:yap8|-1|0|all,Yap hubs (8),2024,all,23035,10750,0.05109615802040374
external:yap8|-1|0|all,Yap hubs (8),2024,all,23035,11000,0.05296288257000217
external:yap8|-1|0|all,Yap hubs (8),2024,all,23035,11250,0.05569785109615802
external:yap8|-1|0|all,Yap hubs (8),2024,all,23035,11500,0.05739092685044497
external:yap8|-1|0|all,Yap hubs (8),2024,all,23035,11750,0.05956153679183851
external:yap8|-1|0|all,Yap hubs (8),2024,all,23035,12000,0.06173214673323204
external:yap8|-1|0|all,Yap hubs (8),2024,all,23035,12250,0.06429346646407641
external:yap8|-1|0|all,Yap hubs (8),2024,all,23035,12500,0.06685478619492077
external:yap8|-1|0|all,Yap hubs (8),2024,all,23035,12750,0.06958975472107662
external:yap8|-1|0|all,Yap hubs (8),2024,all,23035,13000,0.07236813544606034
external:yap8|-1|0|all,Yap hubs (8),2024,all,23035,13250,0.07440850879097026
external:yap8|-1|0|all,Yap hubs (8),2024,all,23035,13500,0.07649229433470806
external:yap8|-1|0|all,Yap hubs (8),2024,all,23035,13750,0.07853266767961797
external:yap8|-1|0|all,Yap hubs (8),2024,all,23035,14000,0.08083351421749511
external:yap8|-1|0|all,Yap hubs (8),2024,all,23035,14250,0.08261341436943781
external:yap8|-1|0|all,Yap hubs (8),2024,all,23035,14500,0.08482743650965921
external:yap8|-1|0|all,Yap hubs (8),2024,all,23035,14750,0.08730193184284785
external:yap8|-1|0|all,Yap hubs (8),2024,all,23035,15000,0.0894291295854135
external:yap8|-1|0|all,Yap hubs (8),2024,all,23035,15250,0.0916431517256349
external:yap8|-1|0|all,Yap hubs (8),2024,all,23035,15500,0.09329281528109398
external:yap8|-1|0|all,Yap hubs (8),2024,all,23035,15750,0.09576731061428262
external:yap8|-1|0|all,Yap hubs (8),2024,all,23035,16000,0.09798133275450402
external:yap8|-1|0|all,Yap hubs (8),2024,all,23035,16250,0.09997829390058606
external:yap8|-1|0|all,Yap hubs (8),2024,all,23035,16500,0.10171478185370089
external:yap8|-1|0|all,Yap hubs (8),2024,all,23035,16750,0.10379856739743867
external:yap8|-1|0|all,Yap hubs (8),2024,all,23035,17000,0.10536140655524202
external:yap8|-1|0|all,Yap hubs (8),2024,all,23035,17250,0.1065769481224224
external:yap8|-1|0|all,Yap hubs (8),2024,all,23035,17500,0.10913826785326677
external:yap8|-1|0|all,Yap hubs (8),2024,all,23035,17750,0.11117864119817669
external:yap8|-1|0|all,Yap hubs (8),2024,all,23035,18000,0.11317560234425873
external:yap8|-1|0|all,Yap hubs (8),2024,all,23035,18250,0.11482526589971782
external:yap8|-1|0|all,Yap hubs (8),2024,all,23035,18500,0.11673540264814412
external:yap8|-1|0|all,Yap hubs (8),2024,all,23035,18750,0.1185587149989147
external:yap8|-1|0|all,Yap hubs (8),2024,all,23035,19000,0.12059908834382461
external:yap8|-1|0|all,Yap hubs (8),2024,all,23035,19250,0.12272628608639027
external:yap8|-1|0|all,Yap hubs (8),2024,all,23035,19500,0.12450618623833297
external:yap8|-1|0|all,Yap hubs (8),2024,all,23035,19750,0.12637291078793142
external:yap8|-1|0|all,Yap hubs (8),2024,all,23035,20000,0.12793574994573476
external:yap8|-1|0|all,Yap hubs (8),2024,all,23035,20250,0.12984588669416106
external:yap8|-1|0|all,Yap hubs (8),2024,all,23035,20500,0.1321467332320382
external:yap8|-1|0|all,Yap hubs (8),2024,all,23035,20750,0.13492511395702192
external:yap8|-1|0|all,Yap hubs (8),2024,all,23035,21000,0.1367484263077925
external:yap8|-1|0|all,Yap hubs (8),2024,all,23035,21250,0.13974386802691557
external:yap8|-1|0|all,Yap hubs (8),2024,all,23035,21500,0.1429129585413501
external:yap8|-1|0|all,Yap hubs (8),2024,all,23035,21750,0.14551769047102237
external:yap8|-1|0|all,Yap hubs (8),2024,all,23035,22000,0.1487301931842848
external:yap8|-1|0|all,Yap hubs (8),2024,all,23035,22250,0.15202952029520295
external:yap8|-1|0|all,Yap hubs (8),2024,all,23035,22500,0.1556761449967441
external:yap8|-1|0|all,Yap hubs (8),2024,all,23035,22750,0.15958324289125245
external:yap8|-1|0|all,Yap hubs (8),2024,all,23035,23000,0.16249186021271977
external:yap8|-1|0|all,Yap hubs (8),2024,all,23035,23250,0.166442370306056
external:yap8|-1|0|all,Yap hubs (8),2024,all,23035,23500,0.16952463642283483
external:yap8|-1|0|all,Yap hubs (8),2024,all,23035,23750,0.1732580855220317
external:yap8|-1|0|all,Yap hubs (8),2024,all,23035,24000,0.17607987844584327
external:yap8|-1|0|all,Yap hubs (8),2024,all,23035,24250,0.17894508356848274
external:yap8|-1|0|all,Yap hubs (8),2024,all,23035,24500,0.1826785326676796
external:yap8|-1|0|all,Yap hubs (8),2024,all,23035,24750,0.1859778597785978
external:yap8|-1|0|all,Yap hubs (8),2024,all,23035,25000,0.1890601258953766
external:yap8|-1|0|all,Yap hubs (8),2024,all,23035,25250,0.19266333839808986
external:yap8|-1|0|all,Yap hubs (8),2024,all,23035,25500,0.19548513132190146
external:yap8|-1|0|all,Yap hubs (8),2024,all,23035,25750,0.19856739743868027
external:yap8|-1|0|all,Yap hubs (8),2024,all,23035,26000,0.20217060994139352
external:yap8|-1|0|all,Yap hubs (8),2024,all,23035,26250,0.20464510527458216
external:yap8|-1|0|all,Yap hubs (8),2024,all,23035,26500,0.2065118298241806
external:yap8|-1|0|all,Yap hubs (8),2024,all,23035,26750,0.20911656175385282
external:yap8|-1|0|all,Yap hubs (8),2024,all,23035,27000,0.21172129368352507
external:yap8|-1|0|all,Yap hubs (8),2024,all,23035,27250,0.21428261341436944
external:yap8|-1|0|all,Yap hubs (8),2024,all,23035,27500,0.21675710874755807
external:yap8|-1|0|all,Yap hubs (8),2024,all,23035,27750,0.2190579552854352
external:yap8|-1|0|all,Yap hubs (8),2024,all,23035,28000,0.22179292381159105
external:yap8|-1|0|all,Yap hubs (8),2024,all,23035,28250,0.2249620143260256
external:yap8|-1|0|all,Yap hubs (8),2024,all,23035,28500,0.22752333405686997
external:yap8|-1|0|all,Yap hubs (8),2024,all,23035,28750,0.22978076839591927
external:yap8|-1|0|all,Yap hubs (8),2024,all,23035,29000,0.23229867592793574
external:yap8|-1|0|all,Yap hubs (8),2024,all,23035,29250,0.2352072932494031
external:yap8|-1|0|all,Yap hubs (8),2024,all,23035,29500,0.23776861298024746
external:yap8|-1|0|all,Yap hubs (8),2024,all,23035,29750,0.24046016930757544
external:yap8|-1|0|all,Yap hubs (8),2024,all,23035,30000,0.2433253744302149
external:yap8|-1|0|all,Yap hubs (8),2024,container,3784,0,0.0
external:yap8|-1|0|all,Yap hubs (8),2024,container,3784,250,0.0007928118393234672
external:yap8|-1|0|all,Yap hubs (8),2024,container,3784,500,0.0010570824524312897
external:yap8|-1|0|all,Yap hubs (8),2024,container,3784,750,0.0021141649048625794
external:yap8|-1|0|all,Yap hubs (8),2024,container,3784,1000,0.003435517970401691
external:yap8|-1|0|all,Yap hubs (8),2024,container,3784,1250,0.0066067653276955605
external:yap8|-1|0|all,Yap hubs (8),2024,container,3784,1500,0.012156448202959831
external:yap8|-1|0|all,Yap hubs (8),2024,container,3784,1750,0.015063424947145878
external:yap8|-1|0|all,Yap hubs (8),2024,container,3784,2000,0.016120507399577166
external:yap8|-1|0|all,Yap hubs (8),2024,container,3784,2250,0.02193446088794926
external:yap8|-1|0|all,Yap hubs (8),2024,container,3784,2500,0.024841437632135307
external:yap8|-1|0|all,Yap hubs (8),2024,container,3784,2750,0.026427061310782242
external:yap8|-1|0|all,Yap hubs (8),2024,container,3784,3000,0.030126849894291756
external:yap8|-1|0|all,Yap hubs (8),2024,container,3784,3250,0.03250528541226216
external:yap8|-1|0|all,Yap hubs (8),2024,container,3784,3500,0.0330338266384778
external:yap8|-1|0|all,Yap hubs (8),2024,container,3784,3750,0.034355179704016914
external:yap8|-1|0|all,Yap hubs (8),2024,container,3784,4000,0.0377906976744186
external:yap8|-1|0|all,Yap hubs (8),2024,container,3784,4250,0.04043340380549683
external:yap8|-1|0|all,Yap hubs (8),2024,container,3784,4500,0.043076109936575055
external:yap8|-1|0|all,Yap hubs (8),2024,container,3784,4750,0.045454545454545456
external:yap8|-1|0|all,Yap hubs (8),2024,container,3784,5000,0.04704016913319239
external:yap8|-1|0|all,Yap hubs (8),2024,container,3784,5250,0.04941860465116279
external:yap8|-1|0|all,Yap hubs (8),2024,container,3784,5500,0.05338266384778013
external:yap8|-1|0|all,Yap hubs (8),2024,container,3784,5750,0.0589323467230444
external:yap8|-1|0|all,Yap hubs (8),2024,container,3784,6000,0.06448202959830866
external:yap8|-1|0|all,Yap hubs (8),2024,container,3784,6250,0.06871035940803383
external:yap8|-1|0|all,Yap hubs (8),2024,container,3784,6500,0.07161733615221988
external:yap8|-1|0|all,Yap hubs (8),2024,container,3784,6750,0.0755813953488372
external:yap8|-1|0|all,Yap hubs (8),2024,container,3784,7000,0.0800739957716702
external:yap8|-1|0|all,Yap hubs (8),2024,container,3784,7250,0.08350951374207188
external:yap8|-1|0|all,Yap hubs (8),2024,container,3784,7500,0.08773784355179703
external:yap8|-1|0|all,Yap hubs (8),2024,container,3784,7750,0.09064482029598309
external:yap8|-1|0|all,Yap hubs (8),2024,container,3784,8000,0.0919661733615222
external:yap8|-1|0|all,Yap hubs (8),2024,container,3784,8250,0.09566596194503171
external:yap8|-1|0|all,Yap hubs (8),2024,container,3784,8500,0.10042283298097252
external:yap8|-1|0|all,Yap hubs (8),2024,container,3784,8750,0.10253699788583509
external:yap8|-1|0|all,Yap hubs (8),2024,container,3784,9000,0.10650105708245243
external:yap8|-1|0|all,Yap hubs (8),2024,container,3784,9250,0.1107293868921776
external:yap8|-1|0|all,Yap hubs (8),2024,container,3784,9500,0.11284355179704017
external:yap8|-1|0|all,Yap hubs (8),2024,container,3784,9750,0.11522198731501057
external:yap8|-1|0|all,Yap hubs (8),2024,container,3784,10000,0.1154862579281184
external:yap8|-1|0|all,Yap hubs (8),2024,container,3784,10250,0.1202431289640592
external:yap8|-1|0|all,Yap hubs (8),2024,container,3784,10500,0.12420718816067654
external:yap8|-1|0|all,Yap hubs (8),2024,container,3784,10750,0.12711416490486258
external:yap8|-1|0|all,Yap hubs (8),2024,container,3784,11000,0.13028541226215645
external:yap8|-1|0|all,Yap hubs (8),2024,container,3784,11250,0.13874207188160675
external:yap8|-1|0|all,Yap hubs (8),2024,container,3784,11500,0.14349894291754756
external:yap8|-1|0|all,Yap hubs (8),2024,container,3784,11750,0.15036997885835096
external:yap8|-1|0|all,Yap hubs (8),2024,container,3784,12000,0.15776955602537
external:yap8|-1|0|all,Yap hubs (8),2024,container,3784,12250,0.16834038054968287
external:yap8|-1|0|all,Yap hubs (8),2024,container,3784,12500,0.17600422832980972
external:yap8|-1|0|all,Yap hubs (8),2024,container,3784,12750,0.18604651162790697
external:yap8|-1|0|all,Yap hubs (8),2024,container,3784,13000,0.19714587737843553
external:yap8|-1|0|all,Yap hubs (8),2024,container,3784,13250,0.20375264270613108
external:yap8|-1|0|all,Yap hubs (8),2024,container,3784,13500,0.21194503171247359
external:yap8|-1|0|all,Yap hubs (8),2024,container,3784,13750,0.21723044397463
external:yap8|-1|0|all,Yap hubs (8),2024,container,3784,14000,0.22172304439746301
external:yap8|-1|0|all,Yap hubs (8),2024,container,3784,14250,0.22489429175475686
external:yap8|-1|0|all,Yap hubs (8),2024,container,3784,14500,0.22885835095137422
external:yap8|-1|0|all,Yap hubs (8),2024,container,3784,14750,0.23546511627906977
external:yap8|-1|0|all,Yap hubs (8),2024,container,3784,15000,0.24101479915433405
external:yap8|-1|0|all,Yap hubs (8),2024,container,3784,15250,0.24682875264270612
external:yap8|-1|0|all,Yap hubs (8),2024,container,3784,15500,0.25
external:yap8|-1|0|all,Yap hubs (8),2024,container,3784,15750,0.2536997885835095
external:yap8|-1|0|all,Yap hubs (8),2024,container,3784,16000,0.25634249471458775
external:yap8|-1|0|all,Yap hubs (8),2024,container,3784,16250,0.25977801268498946
external:yap8|-1|0|all,Yap hubs (8),2024,container,3784,16500,0.2640063424947146
external:yap8|-1|0|all,Yap hubs (8),2024,container,3784,16750,0.2703488372093023
external:yap8|-1|0|all,Yap hubs (8),2024,container,3784,17000,0.273784355179704
external:yap8|-1|0|all,Yap hubs (8),2024,container,3784,17250,0.27563424947145876
external:yap8|-1|0|all,Yap hubs (8),2024,container,3784,17500,0.2822410147991543
external:yap8|-1|0|all,Yap hubs (8),2024,container,3784,17750,0.28726215644820297
external:yap8|-1|0|all,Yap hubs (8),2024,container,3784,18000,0.28990486257928116
external:yap8|-1|0|all,Yap hubs (8),2024,container,3784,18250,0.2925475687103594
external:yap8|-1|0|all,Yap hubs (8),2024,container,3784,18500,0.2949260042283298
external:yap8|-1|0|all,Yap hubs (8),2024,container,3784,18750,0.2983615221987315
external:yap8|-1|0|all,Yap hubs (8),2024,container,3784,19000,0.30153276955602537
external:yap8|-1|0|all,Yap hubs (8),2024,container,3784,19250,0.30417547568710357
external:yap8|-1|0|all,Yap hubs (8),2024,container,3784,19500,0.30761099365750527
external:yap8|-1|0|all,Yap hubs (8),2024,container,3784,19750,0.311046511627907
external:yap8|-1|0|all,Yap hubs (8),2024,container,3784,20000,0.3142177589852008
external:yap8|-1|0|all,Yap hubs (8),2024,container,3784,20250,0.31738900634249473
external:yap8|-1|0|all,Yap hubs (8),2024,container,3784,20500,0.3224101479915433
external:yap8|-1|0|all,Yap hubs (8),2024,container,3784,20750,0.32610993657505283
external:yap8|-1|0|all,Yap hubs (8),2024,container,3784,21000,0.32822410147991543
external:yap8|-1|0|all,Yap hubs (8),2024,container,3784,21250,0.3345665961945032
external:yap8|-1|0|all,Yap hubs (8),2024,container,3784,21500,0.3406448202959831
external:yap8|-1|0|all,Yap hubs (8),2024,container,3784,21750,0.346723044397463
external:yap8|-1|0|all,Yap hubs (8),2024,container,3784,22000,0.35544397463002114
external:yap8|-1|0|all,Yap hubs (8),2024,container,3784,22250,0.36231501057082455
external:yap8|-1|0|all,Yap hubs (8),2024,container,3784,22500,0.37103594080338265
external:yap8|-1|0|all,Yap hubs (8),2024,container,3784,22750,0.38398520084566595
external:yap8|-1|0|all,Yap hubs (8),2024,container,3784,23000,0.39112050739957716
external:yap8|-1|0|all,Yap hubs (8),2024,container,3784,23250,0.398784355179704
external:yap8|-1|0|all,Yap hubs (8),2024,container,3784,23500,0.4048625792811839
external:yap8|-1|0|all,Yap hubs (8),2024,container,3784,23750,0.41331923890063427
external:yap8|-1|0|all,Yap hubs (8),2024,container,3784,24000,0.4188689217758985
external:yap8|-1|0|all,Yap hubs (8),2024,container,3784,24250,0.42309725158562367
external:yap8|-1|0|all,Yap hubs (8),2024,container,3784,24500,0.4310253699788584
external:yap8|-1|0|all,Yap hubs (8),2024,container,3784,24750,0.4394820295983087
external:yap8|-1|0|all,Yap hubs (8),2024,container,3784,25000,0.4466173361522199
external:yap8|-1|0|all,Yap hubs (8),2024,container,3784,25250,0.45322410147991543
external:yap8|-1|0|all,Yap hubs (8),2024,container,3784,25500,0.45903805496828753
external:yap8|-1|0|all,Yap hubs (8),2024,container,3784,25750,0.46247357293868924
external:yap8|-1|0|all,Yap hubs (8),2024,container,3784,26000,0.4677589852008457
external:yap8|-1|0|all,Yap hubs (8),2024,container,3784,26250,0.47093023255813954
external:yap8|-1|0|all,Yap hubs (8),2024,container,3784,26500,0.47225158562367864
external:yap8|-1|0|all,Yap hubs (8),2024,container,3784,26750,0.47463002114164904
external:yap8|-1|0|all,Yap hubs (8),2024,container,3784,27000,0.4772727272727273
external:yap8|-1|0|all,Yap hubs (8),2024,container,3784,27250,0.47912262156448204
external:yap8|-1|0|all,Yap hubs (8),2024,container,3784,27500,0.48150105708245244
external:yap8|-1|0|all,Yap hubs (8),2024,container,3784,27750,0.48282241014799154
external:yap8|-1|0|all,Yap hubs (8),2024,container,3784,28000,0.48493657505285415
external:yap8|-1|0|all,Yap hubs (8),2024,container,3784,28250,0.4867864693446089
external:yap8|-1|0|all,Yap hubs (8),2024,container,3784,28500,0.488107822410148
external:yap8|-1|0|all,Yap hubs (8),2024,container,3784,28750,0.48890063424947144
external:yap8|-1|0|all,Yap hubs (8),2024,container,3784,29000,0.4904862579281184
external:yap8|-1|0|all,Yap hubs (8),2024,container,3784,29250,0.492600422832981
external:yap8|-1|0|all,Yap hubs (8),2024,container,3784,29500,0.4941860465116279
external:yap8|-1|0|all,Yap hubs (8),2024,container,3784,29750,0.49682875264270615
external:yap8|-1|0|all,Yap hubs (8),2024,container,3784,30000,0.4976215644820296
external:yap8|-1|0|all,Yap hubs (8),2024,bulk,9143,0,0.0
external:yap8|-1|0|all,Yap hubs (8),2024,bulk,9143,250,0.00021874658208465494
external:yap8|-1|0|all,Yap hubs (8),2024,bulk,9143,500,0.0005468664552116373
external:yap8|-1|0|all,Yap hubs (8),2024,bulk,9143,750,0.0006562397462539647
external:yap8|-1|0|all,Yap hubs (8),2024,bulk,9143,1000,0.0008749863283386198
external:yap8|-1|0|all,Yap hubs (8),2024,bulk,9143,1250,0.0009843596193809471
external:yap8|-1|0|all,Yap hubs (8),2024,bulk,9143,1500,0.0032811987312698237
external:yap8|-1|0|all,Yap hubs (8),2024,bulk,9143,1750,0.003499945313354479
external:yap8|-1|0|all,Yap hubs (8),2024,bulk,9143,2000,0.003718691895439134
external:yap8|-1|0|all,Yap hubs (8),2024,bulk,9143,2250,0.004046811768566116
external:yap8|-1|0|all,Yap hubs (8),2024,bulk,9143,2500,0.004484304932735426
external:yap8|-1|0|all,Yap hubs (8),2024,bulk,9143,2750,0.004812424805862408
external:yap8|-1|0|all,Yap hubs (8),2024,bulk,9143,3000,0.005687411134201028
external:yap8|-1|0|all,Yap hubs (8),2024,bulk,9143,3250,0.005906157716285683
external:yap8|-1|0|all,Yap hubs (8),2024,bulk,9143,3500,0.00689051733566663
external:yap8|-1|0|all,Yap hubs (8),2024,bulk,9143,3750,0.007218637208793613
external:yap8|-1|0|all,Yap hubs (8),2024,bulk,9143,4000,0.007437383790878268
external:yap8|-1|0|all,Yap hubs (8),2024,bulk,9143,4250,0.007656130372962922
external:yap8|-1|0|all,Yap hubs (8),2024,bulk,9143,4500,0.008421743410259214
external:yap8|-1|0|all,Yap hubs (8),2024,bulk,9143,4750,0.008749863283386197
external:yap8|-1|0|all,Yap hubs (8),2024,bulk,9143,5000,0.009077983156513179
external:yap8|-1|0|all,Yap hubs (8),2024,bulk,9143,5250,0.009406103029640163
external:yap8|-1|0|all,Yap hubs (8),2024,bulk,9143,5500,0.010281089357978782
external:yap8|-1|0|all,Yap hubs (8),2024,bulk,9143,5750,0.010718582522148091
external:yap8|-1|0|all,Yap hubs (8),2024,bulk,9143,6000,0.011265448977359729
external:yap8|-1|0|all,Yap hubs (8),2024,bulk,9143,6250,0.01170294214152904
external:yap8|-1|0|all,Yap hubs (8),2024,bulk,9143,6500,0.01246855517882533
external:yap8|-1|0|all,Yap hubs (8),2024,bulk,9143,6750,0.013124794925079295
external:yap8|-1|0|all,Yap hubs (8),2024,bulk,9143,7000,0.01378103467133326
external:yap8|-1|0|all,Yap hubs (8),2024,bulk,9143,7250,0.014546647708629552
external:yap8|-1|0|all,Yap hubs (8),2024,bulk,9143,7500,0.01564038061905283
external:yap8|-1|0|all,Yap hubs (8),2024,bulk,9143,7750,0.01684348682051843
external:yap8|-1|0|all,Yap hubs (8),2024,bulk,9143,8000,0.017499726566772393
external:yap8|-1|0|all,Yap hubs (8),2024,bulk,9143,8250,0.01771847314885705
external:yap8|-1|0|all,Yap hubs (8),2024,bulk,9143,8500,0.018265339604068686
external:yap8|-1|0|all,Yap hubs (8),2024,bulk,9143,8750,0.01903095264136498
external:yap8|-1|0|all,Yap hubs (8),2024,bulk,9143,9000,0.01935907251449196
external:yap8|-1|0|all,Yap hubs (8),2024,bulk,9143,9250,0.020890298589084547
external:yap8|-1|0|all,Yap hubs (8),2024,bulk,9143,9500,0.0211090451711692
external:yap8|-1|0|all,Yap hubs (8),2024,bulk,9143,9750,0.02165591162638084
external:yap8|-1|0|all,Yap hubs (8),2024,bulk,9143,10000,0.022312151372634804
external:yap8|-1|0|all,Yap hubs (8),2024,bulk,9143,10250,0.02274964453680411
external:yap8|-1|0|all,Yap hubs (8),2024,bulk,9143,10500,0.023515257574100404
external:yap8|-1|0|all,Yap hubs (8),2024,bulk,9143,10750,0.024280870611396697
external:yap8|-1|0|all,Yap hubs (8),2024,bulk,9143,11000,0.026030843268073936
external:yap8|-1|0|all,Yap hubs (8),2024,bulk,9143,11250,0.027015202887454882
external:yap8|-1|0|all,Yap hubs (8),2024,bulk,9143,11500,0.027671442633708847
external:yap8|-1|0|all,Yap hubs (8),2024,bulk,9143,11750,0.028108935797878157
external:yap8|-1|0|all,Yap hubs (8),2024,bulk,9143,12000,0.028765175544132122
external:yap8|-1|0|all,Yap hubs (8),2024,bulk,9143,12250,0.029530788581428415
external:yap8|-1|0|all,Yap hubs (8),2024,bulk,9143,12500,0.03018702832768238
external:yap8|-1|0|all,Yap hubs (8),2024,bulk,9143,12750,0.03139013452914798
external:yap8|-1|0|all,Yap hubs (8),2024,bulk,9143,13000,0.032265120857486604
external:yap8|-1|0|all,Yap hubs (8),2024,bulk,9143,13250,0.03303073389478289
external:yap8|-1|0|all,Yap hubs (8),2024,bulk,9143,13500,0.03379634693207919
external:yap8|-1|0|all,Yap hubs (8),2024,bulk,9143,13750,0.03510882642458712
external:yap8|-1|0|all,Yap hubs (8),2024,bulk,9143,14000,0.0366400524991797
external:yap8|-1|0|all,Yap hubs (8),2024,bulk,9143,14250,0.037733785409602975
external:yap8|-1|0|all,Yap hubs (8),2024,bulk,9143,14500,0.03893689161106858
external:yap8|-1|0|all,Yap hubs (8),2024,bulk,9143,14750,0.04024937110357651
external:yap8|-1|0|all,Yap hubs (8),2024,bulk,9143,15000,0.041561850596084436
external:yap8|-1|0|all,Yap hubs (8),2024,bulk,9143,15250,0.04254621021546538
external:yap8|-1|0|all,Yap hubs (8),2024,bulk,9143,15500,0.043421196543804004
external:yap8|-1|0|all,Yap hubs (8),2024,bulk,9143,15750,0.04495242261839659
external:yap8|-1|0|all,Yap hubs (8),2024,bulk,9143,16000,0.04637427540194684
external:yap8|-1|0|all,Yap hubs (8),2024,bulk,9143,16250,0.04757738160341245
external:yap8|-1|0|all,Yap hubs (8),2024,bulk,9143,16500,0.04856174122279339
external:yap8|-1|0|all,Yap hubs (8),2024,bulk,9143,16750,0.04965547413321667
external:yap8|-1|0|all,Yap hubs (8),2024,bulk,9143,17000,0.050530460461555286
external:yap8|-1|0|all,Yap hubs (8),2024,bulk,9143,17250,0.051077326916766926
external:yap8|-1|0|all,Yap hubs (8),2024,bulk,9143,17500,0.05260855299135951
external:yap8|-1|0|all,Yap hubs (8),2024,bulk,9143,17750,0.05348353931969813
external:yap8|-1|0|all,Yap hubs (8),2024,bulk,9143,18000,0.054905392103248386
external:yap8|-1|0|all,Yap hubs (8),2024,bulk,9143,18250,0.055999125013671665
external:yap8|-1|0|all,Yap hubs (8),2024,bulk,9143,18500,0.057639724379306576
external:yap8|-1|0|all,Yap hubs (8),2024,bulk,9143,18750,0.05906157716285683
external:yap8|-1|0|all,Yap hubs (8),2024,bulk,9143,19000,0.060045936782237776
external:yap8|-1|0|all,Yap hubs (8),2024,bulk,9143,19250,0.06179590943891502
external:yap8|-1|0|all,Yap hubs (8),2024,bulk,9143,19500,0.06267089576725364
external:yap8|-1|0|all,Yap hubs (8),2024,bulk,9143,19750,0.06365525538663458
external:yap8|-1|0|all,Yap hubs (8),2024,bulk,9143,20000,0.06485836158810018
external:yap8|-1|0|all,Yap hubs (8),2024,bulk,9143,20250,0.06638958766269278
external:yap8|-1|0|all,Yap hubs (8),2024,bulk,9143,20500,0.06835830690145467
external:yap8|-1|0|all,Yap hubs (8),2024,bulk,9143,20750,0.07098326588647053
external:yap8|-1|0|all,Yap hubs (8),2024,bulk,9143,21000,0.07317073170731707
external:yap8|-1|0|all,Yap hubs (8),2024,bulk,9143,21250,0.07513945094607896
external:yap8|-1|0|all,Yap hubs (8),2024,bulk,9143,21500,0.07732691676692552
external:yap8|-1|0|all,Yap hubs (8),2024,bulk,9143,21750,0.07918626271464509
external:yap8|-1|0|all,Yap hubs (8),2024,bulk,9143,22000,0.08148310182653395
external:yap8|-1|0|all,Yap hubs (8),2024,bulk,9143,22250,0.08410806081154983
external:yap8|-1|0|all,Yap hubs (8),2024,bulk,9143,22500,0.08695176637865033
external:yap8|-1|0|all,Yap hubs (8),2024,bulk,9143,22750,0.0888111123263699
external:yap8|-1|0|all,Yap hubs (8),2024,bulk,9143,23000,0.09045171169200482
external:yap8|-1|0|all,Yap hubs (8),2024,bulk,9143,23250,0.09384228371431697
external:yap8|-1|0|all,Yap hubs (8),2024,bulk,9143,23500,0.09668598928141747
external:yap8|-1|0|all,Yap hubs (8),2024,bulk,9143,23750,0.09909220168434868
external:yap8|-1|0|all,Yap hubs (8),2024,bulk,9143,24000,0.10106092092311057
external:yap8|-1|0|all,Yap hubs (8),2024,bulk,9143,24250,0.10335776003499945
external:yap8|-1|0|all,Yap hubs (8),2024,bulk,9143,24500,0.105545225855846
external:yap8|-1|0|all,Yap hubs (8),2024,bulk,9143,24750,0.10729519851252324
external:yap8|-1|0|all,Yap hubs (8),2024,bulk,9143,25000,0.10937329104232746
external:yap8|-1|0|all,Yap hubs (8),2024,bulk,9143,25250,0.1126544897735973
external:yap8|-1|0|all,Yap hubs (8),2024,bulk,9143,25500,0.11451383572131685
external:yap8|-1|0|all,Yap hubs (8),2024,bulk,9143,25750,0.11834190090779832
external:yap8|-1|0|all,Yap hubs (8),2024,bulk,9143,26000,0.12162309963906814
external:yap8|-1|0|all,Yap hubs (8),2024,bulk,9143,26250,0.12359181887783004
external:yap8|-1|0|all,Yap hubs (8),2024,bulk,9143,26500,0.12490429837033797
external:yap8|-1|0|all,Yap hubs (8),2024,bulk,9143,26750,0.1278573772284808
external:yap8|-1|0|all,Yap hubs (8),2024,bulk,9143,27000,0.13070108279558132
external:yap8|-1|0|all,Yap hubs (8),2024,bulk,9143,27250,0.13310729519851253
external:yap8|-1|0|all,Yap hubs (8),2024,bulk,9143,27500,0.1358416274745707
external:yap8|-1|0|all,Yap hubs (8),2024,bulk,9143,27750,0.13802909329541727
external:yap8|-1|0|all,Yap hubs (8),2024,bulk,9143,28000,0.14131029202668707
external:yap8|-1|0|all,Yap hubs (8),2024,bulk,9143,28250,0.14513835721316853
external:yap8|-1|0|all,Yap hubs (8),2024,bulk,9143,28500,0.14765394290714207
external:yap8|-1|0|all,Yap hubs (8),2024,bulk,9143,28750,0.15038827518320028
external:yap8|-1|0|all,Yap hubs (8),2024,bulk,9143,29000,0.1533413540413431
external:yap8|-1|0|all,Yap hubs (8),2024,bulk,9143,29250,0.1560756863174013
external:yap8|-1|0|all,Yap hubs (8),2024,bulk,9143,29500,0.16001312479492508
external:yap8|-1|0|all,Yap hubs (8),2024,bulk,9143,29750,0.16263808377994093
external:yap8|-1|0|all,Yap hubs (8),2024,bulk,9143,30000,0.16712238871267637
external:yap8|-1|0|all,Yap hubs (8),2024,tanker,5788,0,0.0005183137525915688
external:yap8|-1|0|all,Yap hubs (8),2024,tanker,5788,250,0.0027643400138217
external:yap8|-1|0|all,Yap hubs (8),2024,tanker,5788,500,0.0031098825155494126
external:yap8|-1|0|all,Yap hubs (8),2024,tanker,5788,750,0.0031098825155494126
external:yap8|-1|0|all,Yap hubs (8),2024,tanker,5788,1000,0.00414651002073255
external:yap8|-1|0|all,Yap hubs (8),2024,tanker,5788,1250,0.005183137525915688
external:yap8|-1|0|all,Yap hubs (8),2024,tanker,5788,1500,0.006046993780234969
external:yap8|-1|0|all,Yap hubs (8),2024,tanker,5788,1750,0.006738078783690394
external:yap8|-1|0|all,Yap hubs (8),2024,tanker,5788,2000,0.007256392536281963
external:yap8|-1|0|all,Yap hubs (8),2024,tanker,5788,2250,0.008465791292328956
external:yap8|-1|0|all,Yap hubs (8),2024,tanker,5788,2500,0.008811333794056669
external:yap8|-1|0|all,Yap hubs (8),2024,tanker,5788,2750,0.009502418797512093
external:yap8|-1|0|all,Yap hubs (8),2024,tanker,5788,3000,0.010366275051831375
external:yap8|-1|0|all,Yap hubs (8),2024,tanker,5788,3250,0.011575673807878368
external:yap8|-1|0|all,Yap hubs (8),2024,tanker,5788,3500,0.012093987560469938
external:yap8|-1|0|all,Yap hubs (8),2024,tanker,5788,3750,0.012785072563925363
external:yap8|-1|0|all,Yap hubs (8),2024,tanker,5788,4000,0.014512785072563926
external:yap8|-1|0|all,Yap hubs (8),2024,tanker,5788,4250,0.015031098825155494
external:yap8|-1|0|all,Yap hubs (8),2024,tanker,5788,4500,0.016413268832066345
external:yap8|-1|0|all,Yap hubs (8),2024,tanker,5788,4750,0.017622667588113337
external:yap8|-1|0|all,Yap hubs (8),2024,tanker,5788,5000,0.01883206634416033
external:yap8|-1|0|all,Yap hubs (8),2024,tanker,5788,5250,0.019695922598479614
external:yap8|-1|0|all,Yap hubs (8),2024,tanker,5788,5500,0.020905321354526607
external:yap8|-1|0|all,Yap hubs (8),2024,tanker,5788,5750,0.022460262612301312
external:yap8|-1|0|all,Yap hubs (8),2024,tanker,5788,6000,0.02366966136834831
external:yap8|-1|0|all,Yap hubs (8),2024,tanker,5788,6250,0.024706288873531445
external:yap8|-1|0|all,Yap hubs (8),2024,tanker,5788,6500,0.026088458880442294
external:yap8|-1|0|all,Yap hubs (8),2024,tanker,5788,6750,0.02816171389080857
external:yap8|-1|0|all,Yap hubs (8),2024,tanker,5788,7000,0.029716655148583276
external:yap8|-1|0|all,Yap hubs (8),2024,tanker,5788,7250,0.030234968901174844
external:yap8|-1|0|all,Yap hubs (8),2024,tanker,5788,7500,0.03092605390463027
external:yap8|-1|0|all,Yap hubs (8),2024,tanker,5788,7750,0.032135452660677265
external:yap8|-1|0|all,Yap hubs (8),2024,tanker,5788,8000,0.03299930891499654
external:yap8|-1|0|all,Yap hubs (8),2024,tanker,5788,8250,0.03420870767104354
external:yap8|-1|0|all,Yap hubs (8),2024,tanker,5788,8500,0.035418106427090534
external:yap8|-1|0|all,Yap hubs (8),2024,tanker,5788,8750,0.036973047684865236
external:yap8|-1|0|all,Yap hubs (8),2024,tanker,5788,9000,0.039046302695231516
external:yap8|-1|0|all,Yap hubs (8),2024,tanker,5788,9250,0.040255701451278506
external:yap8|-1|0|all,Yap hubs (8),2024,tanker,5788,9500,0.04232895646164478
external:yap8|-1|0|all,Yap hubs (8),2024,tanker,5788,9750,0.043538355217691775
external:yap8|-1|0|all,Yap hubs (8),2024,tanker,5788,10000,0.045093296475466484
external:yap8|-1|0|all,Yap hubs (8),2024,tanker,5788,10250,0.046993780234968904
external:yap8|-1|0|all,Yap hubs (8),2024,tanker,5788,10500,0.048548721492743606
external:yap8|-1|0|all,Yap hubs (8),2024,tanker,5788,10750,0.04906703524533518
external:yap8|-1|0|all,Yap hubs (8),2024,tanker,5788,11000,0.05027643400138217
external:yap8|-1|0|all,Yap hubs (8),2024,tanker,5788,11250,0.051831375259156875
external:yap8|-1|0|all,Yap hubs (8),2024,tanker,5788,11500,0.05304077401520387
external:yap8|-1|0|all,Yap hubs (8),2024,tanker,5788,11750,0.055286800276434005
external:yap8|-1|0|all,Yap hubs (8),2024,tanker,5788,12000,0.057014512785072566
external:yap8|-1|0|all,Yap hubs (8),2024,tanker,5788,12250,0.05856945404284727
external:yap8|-1|0|all,Yap hubs (8),2024,tanker,5788,12500,0.06098825155494126
external:yap8|-1|0|all,Yap hubs (8),2024,tanker,5788,12750,0.06323427781617139
external:yap8|-1|0|all,Yap hubs (8),2024,tanker,5788,13000,0.06427090532135453
external:yap8|-1|0|all,Yap hubs (8),2024,tanker,5788,13250,0.06599861782999308
external:yap8|-1|0|all,Yap hubs (8),2024,tanker,5788,13500,0.06738078783690393
external:yap8|-1|0|all,Yap hubs (8),2024,tanker,5788,13750,0.06979958534899793
external:yap8|-1|0|all,Yap hubs (8),2024,tanker,5788,14000,0.07135452660677263
external:yap8|-1|0|all,Yap hubs (8),2024,tanker,5788,14250,0.07342778161713891
external:yap8|-1|0|all,Yap hubs (8),2024,tanker,5788,14500,0.07601935038009675
external:yap8|-1|0|all,Yap hubs (8),2024,tanker,5788,14750,0.07826537664132688
external:yap8|-1|0|all,Yap hubs (8),2024,tanker,5788,15000,0.07999308914996545
external:yap8|-1|0|all,Yap hubs (8),2024,tanker,5788,15250,0.08241188666205944
external:yap8|-1|0|all,Yap hubs (8),2024,tanker,5788,15500,0.08431237042156185
external:yap8|-1|0|all,Yap hubs (8),2024,tanker,5788,15750,0.0881133379405667
external:yap8|-1|0|all,Yap hubs (8),2024,tanker,5788,16000,0.09053213545266067
external:yap8|-1|0|all,Yap hubs (8),2024,tanker,5788,16250,0.09225984796129924
external:yap8|-1|0|all,Yap hubs (8),2024,tanker,5788,16500,0.09329647546648238
external:yap8|-1|0|all,Yap hubs (8),2024,tanker,5788,16750,0.09467864547339323
external:yap8|-1|0|all,Yap hubs (8),2024,tanker,5788,17000,0.09606081548030408
external:yap8|-1|0|all,Yap hubs (8),2024,tanker,5788,17250,0.09744298548721493
external:yap8|-1|0|all,Yap hubs (8),2024,tanker,5788,17500,0.10003455425017277
external:yap8|-1|0|all,Yap hubs (8),2024,tanker,5788,17750,0.10210780926053904
external:yap8|-1|0|all,Yap hubs (8),2024,tanker,5788,18000,0.10400829302004147
external:yap8|-1|0|all,Yap hubs (8),2024,tanker,5788,18250,0.10590877677954388
external:yap8|-1|0|all,Yap hubs (8),2024,tanker,5788,18500,0.10798203178991016
external:yap8|-1|0|all,Yap hubs (8),2024,tanker,5788,18750,0.1090186592950933
external:yap8|-1|0|all,Yap hubs (8),2024,tanker,5788,19000,0.11143745680718728
external:yap8|-1|0|all,Yap hubs (8),2024,tanker,5788,19250,0.11385625431928127
external:yap8|-1|0|all,Yap hubs (8),2024,tanker,5788,19500,0.11558396682791984
external:yap8|-1|0|all,Yap hubs (8),2024,tanker,5788,19750,0.11748445058742225
external:yap8|-1|0|all,Yap hubs (8),2024,tanker,5788,20000,0.11921216309606082
external:yap8|-1|0|all,Yap hubs (8),2024,tanker,5788,20250,0.12093987560469938
external:yap8|-1|0|all,Yap hubs (8),2024,tanker,5788,20500,0.12249481686247408
external:yap8|-1|0|all,Yap hubs (8),2024,tanker,5788,20750,0.1252591568762958
external:yap8|-1|0|all,Yap hubs (8),2024,tanker,5788,21000,0.12646855563234277
external:yap8|-1|0|all,Yap hubs (8),2024,tanker,5788,21250,0.12923289564616447
external:yap8|-1|0|all,Yap hubs (8),2024,tanker,5788,21500,0.13165169315825848
external:yap8|-1|0|all,Yap hubs (8),2024,tanker,5788,21750,0.13320663441603317
external:yap8|-1|0|all,Yap hubs (8),2024,tanker,5788,22000,0.1354526606772633
external:yap8|-1|0|all,Yap hubs (8),2024,tanker,5788,22250,0.13787145818935728
external:yap8|-1|0|all,Yap hubs (8),2024,tanker,5788,22500,0.14046302695231513
external:yap8|-1|0|all,Yap hubs (8),2024,tanker,5788,22750,0.1437456807187284
external:yap8|-1|0|all,Yap hubs (8),2024,tanker,5788,23000,0.14581893572909468
external:yap8|-1|0|all,Yap hubs (8),2024,tanker,5788,23250,0.1492743607463718
external:yap8|-1|0|all,Yap hubs (8),2024,tanker,5788,23500,0.1516931582584658
external:yap8|-1|0|all,Yap hubs (8),2024,tanker,5788,23750,0.1544574982722875
external:yap8|-1|0|all,Yap hubs (8),2024,tanker,5788,24000,0.1572218382861092
external:yap8|-1|0|all,Yap hubs (8),2024,tanker,5788,24250,0.1591223220456116
external:yap8|-1|0|all,Yap hubs (8),2024,tanker,5788,24500,0.16240497581202487
external:yap8|-1|0|all,Yap hubs (8),2024,tanker,5788,24750,0.16516931582584657
external:yap8|-1|0|all,Yap hubs (8),2024,tanker,5788,25000,0.1667242570836213
external:yap8|-1|0|all,Yap hubs (8),2024,tanker,5788,25250,0.1698341395991707
external:yap8|-1|0|all,Yap hubs (8),2024,tanker,5788,25500,0.1722529371112647
external:yap8|-1|0|all,Yap hubs (8),2024,tanker,5788,25750,0.17467173462335867
external:yap8|-1|0|all,Yap hubs (8),2024,tanker,5788,26000,0.17778161713890808
external:yap8|-1|0|all,Yap hubs (8),2024,tanker,5788,26250,0.18106427090532135
external:yap8|-1|0|all,Yap hubs (8),2024,tanker,5788,26500,0.18313752591568763
external:yap8|-1|0|all,Yap hubs (8),2024,tanker,5788,26750,0.18590186592950933
external:yap8|-1|0|all,Yap hubs (8),2024,tanker,5788,27000,0.18797512093987562
external:yap8|-1|0|all,Yap hubs (8),2024,tanker,5788,27250,0.19091223220456116
external:yap8|-1|0|all,Yap hubs (8),2024,tanker,5788,27500,0.19367657221838286
external:yap8|-1|0|all,Yap hubs (8),2024,tanker,5788,27750,0.19695922598479612
external:yap8|-1|0|all,Yap hubs (8),2024,tanker,5788,28000,0.19920525224602625
external:yap8|-1|0|all,Yap hubs (8),2024,tanker,5788,28250,0.20214236351071183
external:yap8|-1|0|all,Yap hubs (8),2024,tanker,5788,28500,0.2054250172771251
external:yap8|-1|0|all,Yap hubs (8),2024,tanker,5788,28750,0.2073255010366275
external:yap8|-1|0|all,Yap hubs (8),2024,tanker,5788,29000,0.2100898410504492
external:yap8|-1|0|all,Yap hubs (8),2024,tanker,5788,29250,0.21423635107118175
external:yap8|-1|0|all,Yap hubs (8),2024,tanker,5788,29500,0.21579129232895647
external:yap8|-1|0|all,Yap hubs (8),2024,tanker,5788,29750,0.21855563234277817
external:yap8|-1|0|all,Yap hubs (8),2024,tanker,5788,30000,0.22114720110573602
external:yap8|-1|0|all,Yap hubs (8),2024,gas,1181,0,0.0
external:yap8|-1|0|all,Yap hubs (8),2024,gas,1181,250,0.0
external:yap8|-1|0|all,Yap hubs (8),2024,gas,1181,500,0.0
external:yap8|-1|0|all,Yap hubs (8),2024,gas,1181,750,0.0
external:yap8|-1|0|all,Yap hubs (8),2024,gas,1181,1000,0.000846740050804403
external:yap8|-1|0|all,Yap hubs (8),2024,gas,1181,1250,0.000846740050804403
external:yap8|-1|0|all,Yap hubs (8),2024,gas,1181,1500,0.001693480101608806
external:yap8|-1|0|all,Yap hubs (8),2024,gas,1181,1750,0.001693480101608806
external:yap8|-1|0|all,Yap hubs (8),2024,gas,1181,2000,0.001693480101608806
external:yap8|-1|0|all,Yap hubs (8),2024,gas,1181,2250,0.001693480101608806
external:yap8|-1|0|all,Yap hubs (8),2024,gas,1181,2500,0.001693480101608806
external:yap8|-1|0|all,Yap hubs (8),2024,gas,1181,2750,0.002540220152413209
external:yap8|-1|0|all,Yap hubs (8),2024,gas,1181,3000,0.002540220152413209
external:yap8|-1|0|all,Yap hubs (8),2024,gas,1181,3250,0.002540220152413209
external:yap8|-1|0|all,Yap hubs (8),2024,gas,1181,3500,0.003386960203217612
external:yap8|-1|0|all,Yap hubs (8),2024,gas,1181,3750,0.003386960203217612
external:yap8|-1|0|all,Yap hubs (8),2024,gas,1181,4000,0.004233700254022015
external:yap8|-1|0|all,Yap hubs (8),2024,gas,1181,4250,0.005080440304826418
external:yap8|-1|0|all,Yap hubs (8),2024,gas,1181,4500,0.005080440304826418
external:yap8|-1|0|all,Yap hubs (8),2024,gas,1181,4750,0.005080440304826418
external:yap8|-1|0|all,Yap hubs (8),2024,gas,1181,5000,0.0059271803556308214
external:yap8|-1|0|all,Yap hubs (8),2024,gas,1181,5250,0.006773920406435224
external:yap8|-1|0|all,Yap hubs (8),2024,gas,1181,5500,0.006773920406435224
external:yap8|-1|0|all,Yap hubs (8),2024,gas,1181,5750,0.00846740050804403
external:yap8|-1|0|all,Yap hubs (8),2024,gas,1181,6000,0.009314140558848433
external:yap8|-1|0|all,Yap hubs (8),2024,gas,1181,6250,0.009314140558848433
external:yap8|-1|0|all,Yap hubs (8),2024,gas,1181,6500,0.010160880609652836
external:yap8|-1|0|all,Yap hubs (8),2024,gas,1181,6750,0.010160880609652836
external:yap8|-1|0|all,Yap hubs (8),2024,gas,1181,7000,0.010160880609652836
external:yap8|-1|0|all,Yap hubs (8),2024,gas,1181,7250,0.011854360711261643
external:yap8|-1|0|all,Yap hubs (8),2024,gas,1181,7500,0.013547840812870448
external:yap8|-1|0|all,Yap hubs (8),2024,gas,1181,7750,0.014394580863674851
external:yap8|-1|0|all,Yap hubs (8),2024,gas,1181,8000,0.014394580863674851
external:yap8|-1|0|all,Yap hubs (8),2024,gas,1181,8250,0.015241320914479255
external:yap8|-1|0|all,Yap hubs (8),2024,gas,1181,8500,0.016088060965283656
external:yap8|-1|0|all,Yap hubs (8),2024,gas,1181,8750,0.017781541066892465
external:yap8|-1|0|all,Yap hubs (8),2024,gas,1181,9000,0.017781541066892465
external:yap8|-1|0|all,Yap hubs (8),2024,gas,1181,9250,0.018628281117696866
external:yap8|-1|0|all,Yap hubs (8),2024,gas,1181,9500,0.01947502116850127
external:yap8|-1|0|all,Yap hubs (8),2024,gas,1181,9750,0.01947502116850127
external:yap8|-1|0|all,Yap hubs (8),2024,gas,1181,10000,0.01947502116850127
external:yap8|-1|0|all,Yap hubs (8),2024,gas,1181,10250,0.02032176121930567
external:yap8|-1|0|all,Yap hubs (8),2024,gas,1181,10500,0.02032176121930567
external:yap8|-1|0|all,Yap hubs (8),2024,gas,1181,10750,0.02201524132091448
external:yap8|-1|0|all,Yap hubs (8),2024,gas,1181,11000,0.02201524132091448
external:yap8|-1|0|all,Yap hubs (8),2024,gas,1181,11250,0.02286198137171888
external:yap8|-1|0|all,Yap hubs (8),2024,gas,1181,11500,0.02286198137171888
external:yap8|-1|0|all,Yap hubs (8),2024,gas,1181,11750,0.02286198137171888
external:yap8|-1|0|all,Yap hubs (8),2024,gas,1181,12000,0.02286198137171888
external:yap8|-1|0|all,Yap hubs (8),2024,gas,1181,12250,0.02286198137171888
external:yap8|-1|0|all,Yap hubs (8),2024,gas,1181,12500,0.024555461473327687
external:yap8|-1|0|all,Yap hubs (8),2024,gas,1181,12750,0.024555461473327687
external:yap8|-1|0|all,Yap hubs (8),2024,gas,1181,13000,0.026248941574936496
external:yap8|-1|0|all,Yap hubs (8),2024,gas,1181,13250,0.027095681625740897
external:yap8|-1|0|all,Yap hubs (8),2024,gas,1181,13500,0.0279424216765453
external:yap8|-1|0|all,Yap hubs (8),2024,gas,1181,13750,0.0279424216765453
external:yap8|-1|0|all,Yap hubs (8),2024,gas,1181,14000,0.0279424216765453
external:yap8|-1|0|all,Yap hubs (8),2024,gas,1181,14250,0.0279424216765453
external:yap8|-1|0|all,Yap hubs (8),2024,gas,1181,14500,0.028789161727349702
external:yap8|-1|0|all,Yap hubs (8),2024,gas,1181,14750,0.028789161727349702
external:yap8|-1|0|all,Yap hubs (8),2024,gas,1181,15000,0.028789161727349702
external:yap8|-1|0|all,Yap hubs (8),2024,gas,1181,15250,0.029635901778154106
external:yap8|-1|0|all,Yap hubs (8),2024,gas,1181,15500,0.029635901778154106
external:yap8|-1|0|all,Yap hubs (8),2024,gas,1181,15750,0.03132938187976291
external:yap8|-1|0|all,Yap hubs (8),2024,gas,1181,16000,0.03132938187976291
external:yap8|-1|0|all,Yap hubs (8),2024,gas,1181,16250,0.03302286198137172
external:yap8|-1|0|all,Yap hubs (8),2024,gas,1181,16500,0.03386960203217612
external:yap8|-1|0|all,Yap hubs (8),2024,gas,1181,16750,0.03471634208298052
external:yap8|-1|0|all,Yap hubs (8),2024,gas,1181,17000,0.03471634208298052
external:yap8|-1|0|all,Yap hubs (8),2024,gas,1181,17250,0.03556308213378493
external:yap8|-1|0|all,Yap hubs (8),2024,gas,1181,17500,0.03640982218458933
external:yap8|-1|0|all,Yap hubs (8),2024,gas,1181,17750,0.03640982218458933
external:yap8|-1|0|all,Yap hubs (8),2024,gas,1181,18000,0.03725656223539373
external:yap8|-1|0|all,Yap hubs (8),2024,gas,1181,18250,0.03725656223539373
external:yap8|-1|0|all,Yap hubs (8),2024,gas,1181,18500,0.03725656223539373
external:yap8|-1|0|all,Yap hubs (8),2024,gas,1181,18750,0.03725656223539373
external:yap8|-1|0|all,Yap hubs (8),2024,gas,1181,19000,0.03810330228619814
external:yap8|-1|0|all,Yap hubs (8),2024,gas,1181,19250,0.03979678238780694
external:yap8|-1|0|all,Yap hubs (8),2024,gas,1181,19500,0.04149026248941575
external:yap8|-1|0|all,Yap hubs (8),2024,gas,1181,19750,0.04149026248941575
external:yap8|-1|0|all,Yap hubs (8),2024,gas,1181,20000,0.04233700254022015
external:yap8|-1|0|all,Yap hubs (8),2024,gas,1181,20250,0.04233700254022015
external:yap8|-1|0|all,Yap hubs (8),2024,gas,1181,20500,0.04233700254022015
external:yap8|-1|0|all,Yap hubs (8),2024,gas,1181,20750,0.04403048264182896
external:yap8|-1|0|all,Yap hubs (8),2024,gas,1181,21000,0.04572396274343776
external:yap8|-1|0|all,Yap hubs (8),2024,gas,1181,21250,0.04657070279424217
external:yap8|-1|0|all,Yap hubs (8),2024,gas,1181,21500,0.04911092294665537
external:yap8|-1|0|all,Yap hubs (8),2024,gas,1181,21750,0.04911092294665537
external:yap8|-1|0|all,Yap hubs (8),2024,gas,1181,22000,0.04995766299745978
external:yap8|-1|0|all,Yap hubs (8),2024,gas,1181,22250,0.04995766299745978
external:yap8|-1|0|all,Yap hubs (8),2024,gas,1181,22500,0.04995766299745978
external:yap8|-1|0|all,Yap hubs (8),2024,gas,1181,22750,0.04995766299745978
external:yap8|-1|0|all,Yap hubs (8),2024,gas,1181,23000,0.05165114309906858
external:yap8|-1|0|all,Yap hubs (8),2024,gas,1181,23250,0.05334462320067739
external:yap8|-1|0|all,Yap hubs (8),2024,gas,1181,23500,0.0550381033022862
external:yap8|-1|0|all,Yap hubs (8),2024,gas,1181,23750,0.0550381033022862
external:yap8|-1|0|all,Yap hubs (8),2024,gas,1181,24000,0.0558848433530906
external:yap8|-1|0|all,Yap hubs (8),2024,gas,1181,24250,0.056731583403895
external:yap8|-1|0|all,Yap hubs (8),2024,gas,1181,24500,0.05842506350550381
external:yap8|-1|0|all,Yap hubs (8),2024,gas,1181,24750,0.05927180355630821
external:yap8|-1|0|all,Yap hubs (8),2024,gas,1181,25000,0.06096528365791702
external:yap8|-1|0|all,Yap hubs (8),2024,gas,1181,25250,0.06181202370872142
external:yap8|-1|0|all,Yap hubs (8),2024,gas,1181,25500,0.06265876375952582
external:yap8|-1|0|all,Yap hubs (8),2024,gas,1181,25750,0.06265876375952582
external:yap8|-1|0|all,Yap hubs (8),2024,gas,1181,26000,0.06435224386113463
external:yap8|-1|0|all,Yap hubs (8),2024,gas,1181,26250,0.06435224386113463
external:yap8|-1|0|all,Yap hubs (8),2024,gas,1181,26500,0.06604572396274344
external:yap8|-1|0|all,Yap hubs (8),2024,gas,1181,26750,0.06604572396274344
external:yap8|-1|0|all,Yap hubs (8),2024,gas,1181,27000,0.06689246401354784
external:yap8|-1|0|all,Yap hubs (8),2024,gas,1181,27250,0.06773920406435224
external:yap8|-1|0|all,Yap hubs (8),2024,gas,1181,27500,0.06773920406435224
external:yap8|-1|0|all,Yap hubs (8),2024,gas,1181,27750,0.06858594411515664
external:yap8|-1|0|all,Yap hubs (8),2024,gas,1181,28000,0.06943268416596104
external:yap8|-1|0|all,Yap hubs (8),2024,gas,1181,28250,0.07112616426756986
external:yap8|-1|0|all,Yap hubs (8),2024,gas,1181,28500,0.07197290431837426
external:yap8|-1|0|all,Yap hubs (8),2024,gas,1181,28750,0.07281964436917866
external:yap8|-1|0|all,Yap hubs (8),2024,gas,1181,29000,0.07281964436917866
external:yap8|-1|0|all,Yap hubs (8),2024,gas,1181,29250,0.07281964436917866
external:yap8|-1|0|all,Yap hubs (8),2024,gas,1181,29500,0.07366638441998306
external:yap8|-1|0|all,Yap hubs (8),2024,gas,1181,29750,0.07366638441998306
external:yap8|-1|0|all,Yap hubs (8),2024,gas,1181,30000,0.07366638441998306
external:yap8|-1|0|all,Yap hubs (8),2024,general,2443,0,0.0
external:yap8|-1|0|all,Yap hubs (8),2024,general,2443,250,0.00040933278755628325
external:yap8|-1|0|all,Yap hubs (8),2024,general,2443,500,0.00040933278755628325
external:yap8|-1|0|all,Yap hubs (8),2024,general,2443,750,0.00040933278755628325
external:yap8|-1|0|all,Yap hubs (8),2024,general,2443,1000,0.0008186655751125665
external:yap8|-1|0|all,Yap hubs (8),2024,general,2443,1250,0.0024559967253376994
external:yap8|-1|0|all,Yap hubs (8),2024,general,2443,1500,0.0045026606631191155
external:yap8|-1|0|all,Yap hubs (8),2024,general,2443,1750,0.0057306590257879654
external:yap8|-1|0|all,Yap hubs (8),2024,general,2443,2000,0.0057306590257879654
external:yap8|-1|0|all,Yap hubs (8),2024,general,2443,2250,0.006958657388456815
external:yap8|-1|0|all,Yap hubs (8),2024,general,2443,2500,0.006958657388456815
external:yap8|-1|0|all,Yap hubs (8),2024,general,2443,2750,0.007367990176013099
external:yap8|-1|0|all,Yap hubs (8),2024,general,2443,3000,0.007367990176013099
external:yap8|-1|0|all,Yap hubs (8),2024,general,2443,3250,0.009005321326238231
external:yap8|-1|0|all,Yap hubs (8),2024,general,2443,3500,0.011051985264019648
external:yap8|-1|0|all,Yap hubs (8),2024,general,2443,3750,0.012689316414244782
external:yap8|-1|0|all,Yap hubs (8),2024,general,2443,4000,0.013098649201801064
external:yap8|-1|0|all,Yap hubs (8),2024,general,2443,4250,0.015554645927138764
external:yap8|-1|0|all,Yap hubs (8),2024,general,2443,4500,0.018010642652476462
external:yap8|-1|0|all,Yap hubs (8),2024,general,2443,4750,0.02128530495292673
external:yap8|-1|0|all,Yap hubs (8),2024,general,2443,5000,0.023331968890708144
external:yap8|-1|0|all,Yap hubs (8),2024,general,2443,5250,0.025787965616045846
external:yap8|-1|0|all,Yap hubs (8),2024,general,2443,5500,0.02660663119115841
external:yap8|-1|0|all,Yap hubs (8),2024,general,2443,5750,0.02742529676627098
external:yap8|-1|0|all,Yap hubs (8),2024,general,2443,6000,0.02783462955382726
external:yap8|-1|0|all,Yap hubs (8),2024,general,2443,6250,0.02865329512893983
external:yap8|-1|0|all,Yap hubs (8),2024,general,2443,6500,0.029471960704052395
external:yap8|-1|0|all,Yap hubs (8),2024,general,2443,6750,0.030699959066721245
external:yap8|-1|0|all,Yap hubs (8),2024,general,2443,7000,0.03192795742939009
external:yap8|-1|0|all,Yap hubs (8),2024,general,2443,7250,0.03520261972984036
external:yap8|-1|0|all,Yap hubs (8),2024,general,2443,7500,0.03724928366762178
external:yap8|-1|0|all,Yap hubs (8),2024,general,2443,7750,0.038477282030290626
external:yap8|-1|0|all,Yap hubs (8),2024,general,2443,8000,0.03929594760540319
external:yap8|-1|0|all,Yap hubs (8),2024,general,2443,8250,0.04093327875562833
external:yap8|-1|0|all,Yap hubs (8),2024,general,2443,8500,0.042161277118297175
external:yap8|-1|0|all,Yap hubs (8),2024,general,2443,8750,0.04338927548096602
external:yap8|-1|0|all,Yap hubs (8),2024,general,2443,9000,0.044617273843634876
external:yap8|-1|0|all,Yap hubs (8),2024,general,2443,9250,0.044617273843634876
external:yap8|-1|0|all,Yap hubs (8),2024,general,2443,9500,0.04666393778141629
external:yap8|-1|0|all,Yap hubs (8),2024,general,2443,9750,0.04748260335652886
external:yap8|-1|0|all,Yap hubs (8),2024,general,2443,10000,0.04952926729431027
external:yap8|-1|0|all,Yap hubs (8),2024,general,2443,10250,0.052394596807204256
external:yap8|-1|0|all,Yap hubs (8),2024,general,2443,10500,0.05525992632009824
external:yap8|-1|0|all,Yap hubs (8),2024,general,2443,10750,0.05648792468276709
external:yap8|-1|0|all,Yap hubs (8),2024,general,2443,11000,0.05935325419566107
external:yap8|-1|0|all,Yap hubs (8),2024,general,2443,11250,0.0634465820712239
external:yap8|-1|0|all,Yap hubs (8),2024,general,2443,11500,0.06672124437167418
external:yap8|-1|0|all,Yap hubs (8),2024,general,2443,11750,0.06958657388456815
external:yap8|-1|0|all,Yap hubs (8),2024,general,2443,12000,0.07204257060990585
external:yap8|-1|0|all,Yap hubs (8),2024,general,2443,12250,0.07327056897257471
external:yap8|-1|0|all,Yap hubs (8),2024,general,2443,12500,0.0757265656979124
external:yap8|-1|0|all,Yap hubs (8),2024,general,2443,12750,0.0757265656979124
external:yap8|-1|0|all,Yap hubs (8),2024,general,2443,13000,0.07777322963569382
external:yap8|-1|0|all,Yap hubs (8),2024,general,2443,13250,0.07941056078591895
external:yap8|-1|0|all,Yap hubs (8),2024,general,2443,13500,0.07981989357347523
external:yap8|-1|0|all,Yap hubs (8),2024,general,2443,13750,0.07981989357347523
external:yap8|-1|0|all,Yap hubs (8),2024,general,2443,14000,0.08268522308636922
external:yap8|-1|0|all,Yap hubs (8),2024,general,2443,14250,0.08514121981170691
external:yap8|-1|0|all,Yap hubs (8),2024,general,2443,14500,0.08759721653704462
external:yap8|-1|0|all,Yap hubs (8),2024,general,2443,14750,0.08964388047482603
external:yap8|-1|0|all,Yap hubs (8),2024,general,2443,15000,0.09209987720016373
external:yap8|-1|0|all,Yap hubs (8),2024,general,2443,15250,0.09414654113794516
external:yap8|-1|0|all,Yap hubs (8),2024,general,2443,15500,0.09578387228817029
external:yap8|-1|0|all,Yap hubs (8),2024,general,2443,15750,0.0978305362259517
external:yap8|-1|0|all,Yap hubs (8),2024,general,2443,16000,0.10315186246418338
external:yap8|-1|0|all,Yap hubs (8),2024,general,2443,16250,0.10724519033974621
external:yap8|-1|0|all,Yap hubs (8),2024,general,2443,16500,0.10970118706508392
external:yap8|-1|0|all,Yap hubs (8),2024,general,2443,16750,0.11133851821530905
external:yap8|-1|0|all,Yap hubs (8),2024,general,2443,17000,0.11338518215309046
external:yap8|-1|0|all,Yap hubs (8),2024,general,2443,17250,0.1150225133033156
external:yap8|-1|0|all,Yap hubs (8),2024,general,2443,17500,0.11665984445354073
external:yap8|-1|0|all,Yap hubs (8),2024,general,2443,17750,0.11952517396643471
external:yap8|-1|0|all,Yap hubs (8),2024,general,2443,18000,0.12320916905444126
external:yap8|-1|0|all,Yap hubs (8),2024,general,2443,18250,0.12443716741711011
external:yap8|-1|0|all,Yap hubs (8),2024,general,2443,18500,0.12771182971756037
external:yap8|-1|0|all,Yap hubs (8),2024,general,2443,18750,0.13016782644289807
external:yap8|-1|0|all,Yap hubs (8),2024,general,2443,19000,0.13426115431846092
external:yap8|-1|0|all,Yap hubs (8),2024,general,2443,19250,0.1367171510437986
external:yap8|-1|0|all,Yap hubs (8),2024,general,2443,19500,0.1391731477691363
external:yap8|-1|0|all,Yap hubs (8),2024,general,2443,19750,0.14203847728203028
external:yap8|-1|0|all,Yap hubs (8),2024,general,2443,20000,0.14285714285714285
external:yap8|-1|0|all,Yap hubs (8),2024,general,2443,20250,0.14572247237003683
external:yap8|-1|0|all,Yap hubs (8),2024,general,2443,20500,0.14776913630781827
external:yap8|-1|0|all,Yap hubs (8),2024,general,2443,20750,0.15104379860826853
external:yap8|-1|0|all,Yap hubs (8),2024,general,2443,21000,0.15227179697093737
external:yap8|-1|0|all,Yap hubs (8),2024,general,2443,21250,0.15554645927138763
external:yap8|-1|0|all,Yap hubs (8),2024,general,2443,21500,0.16004911993450677
external:yap8|-1|0|all,Yap hubs (8),2024,general,2443,21750,0.16332378223495703
external:yap8|-1|0|all,Yap hubs (8),2024,general,2443,22000,0.16496111338518216
external:yap8|-1|0|all,Yap hubs (8),2024,general,2443,22250,0.1686451084731887
external:yap8|-1|0|all,Yap hubs (8),2024,general,2443,22500,0.17151043798608268
external:yap8|-1|0|all,Yap hubs (8),2024,general,2443,22750,0.1731477691363078
external:yap8|-1|0|all,Yap hubs (8),2024,general,2443,23000,0.17683176422431438
external:yap8|-1|0|all,Yap hubs (8),2024,general,2443,23250,0.17969709373720835
external:yap8|-1|0|all,Yap hubs (8),2024,general,2443,23500,0.18215309046254605
external:yap8|-1|0|all,Yap hubs (8),2024,general,2443,23750,0.18747441670077772
external:yap8|-1|0|all,Yap hubs (8),2024,general,2443,24000,0.18993041342611544
external:yap8|-1|0|all,Yap hubs (8),2024,general,2443,24250,0.1956610724519034
external:yap8|-1|0|all,Yap hubs (8),2024,general,2443,24500,0.19975440032746622
external:yap8|-1|0|all,Yap hubs (8),2024,general,2443,24750,0.2034383954154728
external:yap8|-1|0|all,Yap hubs (8),2024,general,2443,25000,0.2079410560785919
external:yap8|-1|0|all,Yap hubs (8),2024,general,2443,25250,0.21121571837904216
external:yap8|-1|0|all,Yap hubs (8),2024,general,2443,25500,0.2148997134670487
external:yap8|-1|0|all,Yap hubs (8),2024,general,2443,25750,0.21858370855505527
external:yap8|-1|0|all,Yap hubs (8),2024,general,2443,26000,0.2226770364306181
external:yap8|-1|0|all,Yap hubs (8),2024,general,2443,26250,0.22431436758084322
external:yap8|-1|0|all,Yap hubs (8),2024,general,2443,26500,0.22799836266884976
external:yap8|-1|0|all,Yap hubs (8),2024,general,2443,26750,0.23127302496930005
external:yap8|-1|0|all,Yap hubs (8),2024,general,2443,27000,0.2349570200573066
external:yap8|-1|0|all,Yap hubs (8),2024,general,2443,27250,0.23782234957020057
external:yap8|-1|0|all,Yap hubs (8),2024,general,2443,27500,0.24068767908309455
external:yap8|-1|0|all,Yap hubs (8),2024,general,2443,27750,0.24314367580843227
external:yap8|-1|0|all,Yap hubs (8),2024,general,2443,28000,0.2468276708964388
external:yap8|-1|0|all,Yap hubs (8),2024,general,2443,28250,0.2492836676217765
external:yap8|-1|0|all,Yap hubs (8),2024,general,2443,28500,0.25255832992222677
external:yap8|-1|0|all,Yap hubs (8),2024,general,2443,28750,0.255832992222677
external:yap8|-1|0|all,Yap hubs (8),2024,general,2443,29000,0.2582889889480147
external:yap8|-1|0|all,Yap hubs (8),2024,general,2443,29250,0.261563651248465
external:yap8|-1|0|all,Yap hubs (8),2024,general,2443,29500,0.2636103151862464
external:yap8|-1|0|all,Yap hubs (8),2024,general,2443,29750,0.267294310274253
external:yap8|-1|0|all,Yap hubs (8),2024,general,2443,30000,0.26852230863692184
external:yap8|-1|0|all,Yap hubs (8),2024,roro,696,0,0.0
external:yap8|-1|0|all,Yap hubs (8),2024,roro,696,250,0.0
external:yap8|-1|0|all,Yap hubs (8),2024,roro,696,500,0.0
external:yap8|-1|0|all,Yap hubs (8),2024,roro,696,750,0.0
external:yap8|-1|0|all,Yap hubs (8),2024,roro,696,1000,0.0
external:yap8|-1|0|all,Yap hubs (8),2024,roro,696,1250,0.0
external:yap8|-1|0|all,Yap hubs (8),2024,roro,696,1500,0.0
external:yap8|-1|0|all,Yap hubs (8),2024,roro,696,1750,0.0
external:yap8|-1|0|all,Yap hubs (8),2024,roro,696,2000,0.0
external:yap8|-1|0|all,Yap hubs (8),2024,roro,696,2250,0.0
external:yap8|-1|0|all,Yap hubs (8),2024,roro,696,2500,0.0
external:yap8|-1|0|all,Yap hubs (8),2024,roro,696,2750,0.0
external:yap8|-1|0|all,Yap hubs (8),2024,roro,696,3000,0.0
external:yap8|-1|0|all,Yap hubs (8),2024,roro,696,3250,0.0
external:yap8|-1|0|all,Yap hubs (8),2024,roro,696,3500,0.0
external:yap8|-1|0|all,Yap hubs (8),2024,roro,696,3750,0.0
external:yap8|-1|0|all,Yap hubs (8),2024,roro,696,4000,0.0
external:yap8|-1|0|all,Yap hubs (8),2024,roro,696,4250,0.0
external:yap8|-1|0|all,Yap hubs (8),2024,roro,696,4500,0.0
external:yap8|-1|0|all,Yap hubs (8),2024,roro,696,4750,0.0
external:yap8|-1|0|all,Yap hubs (8),2024,roro,696,5000,0.0
external:yap8|-1|0|all,Yap hubs (8),2024,roro,696,5250,0.0
external:yap8|-1|0|all,Yap hubs (8),2024,roro,696,5500,0.0014367816091954023
external:yap8|-1|0|all,Yap hubs (8),2024,roro,696,5750,0.0014367816091954023
external:yap8|-1|0|all,Yap hubs (8),2024,roro,696,6000,0.004310344827586207
external:yap8|-1|0|all,Yap hubs (8),2024,roro,696,6250,0.007183908045977011
external:yap8|-1|0|all,Yap hubs (8),2024,roro,696,6500,0.010057471264367816
external:yap8|-1|0|all,Yap hubs (8),2024,roro,696,6750,0.010057471264367816
external:yap8|-1|0|all,Yap hubs (8),2024,roro,696,7000,0.010057471264367816
external:yap8|-1|0|all,Yap hubs (8),2024,roro,696,7250,0.011494252873563218
external:yap8|-1|0|all,Yap hubs (8),2024,roro,696,7500,0.014367816091954023
external:yap8|-1|0|all,Yap hubs (8),2024,roro,696,7750,0.017241379310344827
external:yap8|-1|0|all,Yap hubs (8),2024,roro,696,8000,0.01867816091954023
external:yap8|-1|0|all,Yap hubs (8),2024,roro,696,8250,0.020114942528735632
external:yap8|-1|0|all,Yap hubs (8),2024,roro,696,8500,0.021551724137931036
external:yap8|-1|0|all,Yap hubs (8),2024,roro,696,8750,0.021551724137931036
external:yap8|-1|0|all,Yap hubs (8),2024,roro,696,9000,0.022988505747126436
external:yap8|-1|0|all,Yap hubs (8),2024,roro,696,9250,0.02442528735632184
external:yap8|-1|0|all,Yap hubs (8),2024,roro,696,9500,0.028735632183908046
external:yap8|-1|0|all,Yap hubs (8),2024,roro,696,9750,0.03017241379310345
external:yap8|-1|0|all,Yap hubs (8),2024,roro,696,10000,0.03017241379310345
external:yap8|-1|0|all,Yap hubs (8),2024,roro,696,10250,0.033045977011494254
external:yap8|-1|0|all,Yap hubs (8),2024,roro,696,10500,0.034482758620689655
external:yap8|-1|0|all,Yap hubs (8),2024,roro,696,10750,0.03735632183908046
external:yap8|-1|0|all,Yap hubs (8),2024,roro,696,11000,0.03879310344827586
external:yap8|-1|0|all,Yap hubs (8),2024,roro,696,11250,0.041666666666666664
external:yap8|-1|0|all,Yap hubs (8),2024,roro,696,11500,0.041666666666666664
external:yap8|-1|0|all,Yap hubs (8),2024,roro,696,11750,0.041666666666666664
external:yap8|-1|0|all,Yap hubs (8),2024,roro,696,12000,0.041666666666666664
external:yap8|-1|0|all,Yap hubs (8),2024,roro,696,12250,0.041666666666666664
external:yap8|-1|0|all,Yap hubs (8),2024,roro,696,12500,0.04454022988505747
external:yap8|-1|0|all,Yap hubs (8),2024,roro,696,12750,0.04597701149425287
external:yap8|-1|0|all,Yap hubs (8),2024,roro,696,13000,0.04741379310344827
external:yap8|-1|0|all,Yap hubs (8),2024,roro,696,13250,0.04741379310344827
external:yap8|-1|0|all,Yap hubs (8),2024,roro,696,13500,0.04741379310344827
external:yap8|-1|0|all,Yap hubs (8),2024,roro,696,13750,0.04885057471264368
external:yap8|-1|0|all,Yap hubs (8),2024,roro,696,14000,0.05747126436781609
external:yap8|-1|0|all,Yap hubs (8),2024,roro,696,14250,0.05890804597701149
external:yap8|-1|0|all,Yap hubs (8),2024,roro,696,14500,0.06321839080459771
external:yap8|-1|0|all,Yap hubs (8),2024,roro,696,14750,0.06609195402298851
external:yap8|-1|0|all,Yap hubs (8),2024,roro,696,15000,0.06609195402298851
external:yap8|-1|0|all,Yap hubs (8),2024,roro,696,15250,0.06609195402298851
external:yap8|-1|0|all,Yap hubs (8),2024,roro,696,15500,0.07040229885057471
external:yap8|-1|0|all,Yap hubs (8),2024,roro,696,15750,0.07040229885057471
external:yap8|-1|0|all,Yap hubs (8),2024,roro,696,16000,0.07183908045977011
external:yap8|-1|0|all,Yap hubs (8),2024,roro,696,16250,0.07183908045977011
external:yap8|-1|0|all,Yap hubs (8),2024,roro,696,16500,0.07471264367816093
external:yap8|-1|0|all,Yap hubs (8),2024,roro,696,16750,0.07614942528735633
external:yap8|-1|0|all,Yap hubs (8),2024,roro,696,17000,0.07902298850574713
external:yap8|-1|0|all,Yap hubs (8),2024,roro,696,17250,0.08333333333333333
external:yap8|-1|0|all,Yap hubs (8),2024,roro,696,17500,0.08333333333333333
external:yap8|-1|0|all,Yap hubs (8),2024,roro,696,17750,0.08477011494252873
external:yap8|-1|0|all,Yap hubs (8),2024,roro,696,18000,0.08764367816091954
external:yap8|-1|0|all,Yap hubs (8),2024,roro,696,18250,0.09339080459770115
external:yap8|-1|0|all,Yap hubs (8),2024,roro,696,18500,0.09339080459770115
external:yap8|-1|0|all,Yap hubs (8),2024,roro,696,18750,0.09913793103448276
external:yap8|-1|0|all,Yap hubs (8),2024,roro,696,19000,0.10057471264367816
external:yap8|-1|0|all,Yap hubs (8),2024,roro,696,19250,0.10201149425287356
external:yap8|-1|0|all,Yap hubs (8),2024,roro,696,19500,0.10488505747126436
external:yap8|-1|0|all,Yap hubs (8),2024,roro,696,19750,0.10919540229885058
external:yap8|-1|0|all,Yap hubs (8),2024,roro,696,20000,0.10919540229885058
external:yap8|-1|0|all,Yap hubs (8),2024,roro,696,20250,0.11063218390804598
external:yap8|-1|0|all,Yap hubs (8),2024,roro,696,20500,0.11350574712643678
external:yap8|-1|0|all,Yap hubs (8),2024,roro,696,20750,0.11350574712643678
external:yap8|-1|0|all,Yap hubs (8),2024,roro,696,21000,0.11637931034482758
external:yap8|-1|0|all,Yap hubs (8),2024,roro,696,21250,0.11925287356321838
external:yap8|-1|0|all,Yap hubs (8),2024,roro,696,21500,0.1221264367816092
external:yap8|-1|0|all,Yap hubs (8),2024,roro,696,21750,0.12643678160919541
external:yap8|-1|0|all,Yap hubs (8),2024,roro,696,22000,0.12931034482758622
external:yap8|-1|0|all,Yap hubs (8),2024,roro,696,22250,0.1336206896551724
external:yap8|-1|0|all,Yap hubs (8),2024,roro,696,22500,0.13793103448275862
external:yap8|-1|0|all,Yap hubs (8),2024,roro,696,22750,0.13936781609195403
external:yap8|-1|0|all,Yap hubs (8),2024,roro,696,23000,0.14224137931034483
external:yap8|-1|0|all,Yap hubs (8),2024,roro,696,23250,0.14511494252873564
external:yap8|-1|0|all,Yap hubs (8),2024,roro,696,23500,0.14511494252873564
external:yap8|-1|0|all,Yap hubs (8),2024,roro,696,23750,0.14942528735632185
external:yap8|-1|0|all,Yap hubs (8),2024,roro,696,24000,0.15373563218390804
external:yap8|-1|0|all,Yap hubs (8),2024,roro,696,24250,0.15804597701149425
external:yap8|-1|0|all,Yap hubs (8),2024,roro,696,24500,0.16522988505747127
external:yap8|-1|0|all,Yap hubs (8),2024,roro,696,24750,0.16810344827586207
external:yap8|-1|0|all,Yap hubs (8),2024,roro,696,25000,0.1724137931034483
external:yap8|-1|0|all,Yap hubs (8),2024,roro,696,25250,0.17385057471264367
external:yap8|-1|0|all,Yap hubs (8),2024,roro,696,25500,0.17672413793103448
external:yap8|-1|0|all,Yap hubs (8),2024,roro,696,25750,0.17672413793103448
external:yap8|-1|0|all,Yap hubs (8),2024,roro,696,26000,0.1810344827586207
external:yap8|-1|0|all,Yap hubs (8),2024,roro,696,26250,0.1867816091954023
external:yap8|-1|0|all,Yap hubs (8),2024,roro,696,26500,0.1910919540229885
external:yap8|-1|0|all,Yap hubs (8),2024,roro,696,26750,0.1910919540229885
external:yap8|-1|0|all,Yap hubs (8),2024,roro,696,27000,0.1939655172413793
external:yap8|-1|0|all,Yap hubs (8),2024,roro,696,27250,0.20114942528735633
external:yap8|-1|0|all,Yap hubs (8),2024,roro,696,27500,0.20114942528735633
external:yap8|-1|0|all,Yap hubs (8),2024,roro,696,27750,0.20402298850574713
external:yap8|-1|0|all,Yap hubs (8),2024,roro,696,28000,0.20689655172413793
external:yap8|-1|0|all,Yap hubs (8),2024,roro,696,28250,0.21551724137931033
external:yap8|-1|0|all,Yap hubs (8),2024,roro,696,28500,0.21982758620689655
external:yap8|-1|0|all,Yap hubs (8),2024,roro,696,28750,0.22557471264367815
external:yap8|-1|0|all,Yap hubs (8),2024,roro,696,29000,0.22988505747126436
external:yap8|-1|0|all,Yap hubs (8),2024,roro,696,29250,0.23275862068965517
external:yap8|-1|0|all,Yap hubs (8),2024,roro,696,29500,0.23563218390804597
external:yap8|-1|0|all,Yap hubs (8),2024,roro,696,29750,0.23994252873563218
external:yap8|-1|0|all,Yap hubs (8),2024,roro,696,30000,0.24568965517241378
volume|2024|0|all,top 20 by calls,2024,all,23035,0,0.0001302365964836119
volume|2024|0|all,top 20 by calls,2024,all,23035,250,0.001519426958975472
volume|2024|0|all,top 20 by calls,2024,all,23035,500,0.0026481441285001084
volume|2024|0|all,top 20 by calls,2024,all,23035,750,0.00342956370740178
volume|2024|0|all,top 20 by calls,2024,all,23035,1000,0.005035815064032993
volume|2024|0|all,top 20 by calls,2024,all,23035,1250,0.007423485999565878
volume|2024|0|all,top 20 by calls,2024,all,23035,1500,0.011981766876492295
volume|2024|0|all,top 20 by calls,2024,all,23035,1750,0.014195789016713697
volume|2024|0|all,top 20 by calls,2024,all,23035,2000,0.016843933145213805
volume|2024|0|all,top 20 by calls,2024,all,23035,2250,0.019535489472541783
volume|2024|0|all,top 20 by calls,2024,all,23035,2500,0.023138701975255048
volume|2024|0|all,top 20 by calls,2024,all,23035,2750,0.02669850227914044
volume|2024|0|all,top 20 by calls,2024,all,23035,3000,0.030562187974820923
volume|2024|0|all,top 20 by calls,2024,all,23035,3250,0.03594530062947688
volume|2024|0|all,top 20 by calls,2024,all,23035,3500,0.04128500108530497
volume|2024|0|all,top 20 by calls,2024,all,23035,3750,0.04640764054699371
volume|2024|0|all,top 20 by calls,2024,all,23035,4000,0.05083568482743651
volume|2024|0|all,top 20 by calls,2024,all,23035,4250,0.0543954851313219
volume|2024|0|all,top 20 by calls,2024,all,23035,4500,0.05825917082700239
volume|2024|0|all,top 20 by calls,2024,all,23035,4750,0.06186238332971565
volume|2024|0|all,top 20 by calls,2024,all,23035,5000,0.06524853483828956
volume|2024|0|all,top 20 by calls,2024,all,23035,5250,0.06998046451052746
volume|2024|0|all,top 20 by calls,2024,all,23035,5500,0.0755372259604949
volume|2024|0|all,top 20 by calls,2024,all,23035,5750,0.08074668981983937
volume|2024|0|all,top 20 by calls,2024,all,23035,6000,0.08608639027566746
volume|2024|0|all,top 20 by calls,2024,all,23035,6250,0.09025396136314304
volume|2024|0|all,top 20 by calls,2024,all,23035,6500,0.09559366181897114
volume|2024|0|all,top 20 by calls,2024,all,23035,6750,0.10071630128065986
volume|2024|0|all,top 20 by calls,2024,all,23035,7000,0.10544823095289776
volume|2024|0|all,top 20 by calls,2024,all,23035,7250,0.1102669850227914
volume|2024|0|all,top 20 by calls,2024,all,23035,7500,0.11391360972433254
volume|2024|0|all,top 20 by calls,2024,all,23035,7750,0.11873236379422618
volume|2024|0|all,top 20 by calls,2024,all,23035,8000,0.12333405686998046
volume|2024|0|all,top 20 by calls,2024,all,23035,8250,0.12793574994573476
volume|2024|0|all,top 20 by calls,2024,all,23035,8500,0.1324506186238333
volume|2024|0|all,top 20 by calls,2024,all,23035,8750,0.1384849142609073
volume|2024|0|all,top 20 by calls,2024,all,23035,9000,0.14365096592142393
volume|2024|0|all,top 20 by calls,2024,all,23035,9250,0.14846971999131756
volume|2024|0|all,top 20 by calls,2024,all,23035,9500,0.15202952029520295
volume|2024|0|all,top 20 by calls,2024,all,23035,9750,0.15762969394399826
volume|2024|0|all,top 20 by calls,2024,all,23035,10000,0.16296939439982636
volume|2024|0|all,top 20 by calls,2024,all,23035,10250,0.16843933145213805
volume|2024|0|all,top 20 by calls,2024,all,23035,10500,0.17390926850444974
volume|2024|0|all,top 20 by calls,2024,all,23035,10750,0.1795962665509008
volume|2024|0|all,top 20 by calls,2024,all,23035,11000,0.18415454742782722
volume|2024|0|all,top 20 by calls,2024,all,23035,11250,0.19088343824614717
volume|2024|0|all,top 20 by calls,2024,all,23035,11500,0.1968743216843933
volume|2024|0|all,top 20 by calls,2024,all,23035,11750,0.20277838072498372
volume|2024|0|all,top 20 by calls,2024,all,23035,12000,0.20898632515736923
volume|2024|0|all,top 20 by calls,2024,all,23035,12250,0.2140655524202301
volume|2024|0|all,top 20 by calls,2024,all,23035,12500,0.22014326025613198
volume|2024|0|all,top 20 by calls,2024,all,23035,12750,0.22613414369437812
volume|2024|0|all,top 20 by calls,2024,all,23035,13000,0.23147384415020622
volume|2024|0|all,top 20 by calls,2024,all,23035,13250,0.2374213153896245
volume|2024|0|all,top 20 by calls,2024,all,23035,13500,0.24289125244193618
volume|2024|0|all,top 20 by calls,2024,all,23035,13750,0.2481875406989364
volume|2024|0|all,top 20 by calls,2024,all,23035,14000,0.25357065335359236
volume|2024|0|all,top 20 by calls,2024,all,23035,14250,0.2588669416105926
volume|2024|0|all,top 20 by calls,2024,all,23035,14500,0.2631213370957239
volume|2024|0|all,top 20 by calls,2024,all,23035,14750,0.2678098545691339
volume|2024|0|all,top 20 by calls,2024,all,23035,15000,0.27262860863902755
volume|2024|0|all,top 20 by calls,2024,all,23035,15250,0.27753418710657696
volume|2024|0|all,top 20 by calls,2024,all,23035,15500,0.28239635337529845
volume|2024|0|all,top 20 by calls,2024,all,23035,15750,0.2871716952463642
volume|2024|0|all,top 20 by calls,2024,all,23035,16000,0.29125244193618405
volume|2024|0|all,top 20 by calls,2024,all,23035,16250,0.29568048621662685
volume|2024|0|all,top 20 by calls,2024,all,23035,16500,0.30102018667245495
volume|2024|0|all,top 20 by calls,2024,all,23035,16750,0.30531799435641416
volume|2024|0|all,top 20 by calls,2024,all,23035,17000,0.3102235728239635
volume|2024|0|all,top 20 by calls,2024,all,23035,17250,0.3141306707184719
volume|2024|0|all,top 20 by calls,2024,all,23035,17500,0.31920989798133276
volume|2024|0|all,top 20 by calls,2024,all,23035,17750,0.32415888864771003
volume|2024|0|all,top 20 by calls,2024,all,23035,18000,0.33114825265899717
volume|2024|0|all,top 20 by calls,2024,all,23035,18250,0.3366616019101367
volume|2024|0|all,top 20 by calls,2024,all,23035,18500,0.342609073149555
volume|2024|0|all,top 20 by calls,2024,all,23035,18750,0.3482960711960061
volume|2024|0|all,top 20 by calls,2024,all,23035,19000,0.3540698936401129
volume|2024|0|all,top 20 by calls,2024,all,23035,19250,0.35945300629476884
volume|2024|0|all,top 20 by calls,2024,all,23035,19500,0.3673540264814413
volume|2024|0|all,top 20 by calls,2024,all,23035,19750,0.3750379856739744
volume|2024|0|all,top 20 by calls,2024,all,23035,20000,0.3811156935098763
volume|2024|0|all,top 20 by calls,2024,all,23035,20250,0.38836553071413066
volume|2024|0|all,top 20 by calls,2024,all,23035,20500,0.3958324289125244
volume|2024|0|all,top 20 by calls,2024,all,23035,20750,0.4028217929238116
volume|2024|0|all,top 20 by calls,2024,all,23035,21000,0.4100282179292381
volume|2024|0|all,top 20 by calls,2024,all,23035,21250,0.4173214673323204
volume|2024|0|all,top 20 by calls,2024,all,23035,21500,0.42487518992836987
volume|2024|0|all,top 20 by calls,2024,all,23035,21750,0.43347080529628823
volume|2024|0|all,top 20 by calls,2024,all,23035,22000,0.44085087909702625
volume|2024|0|all,top 20 by calls,2024,all,23035,22250,0.4490123724766659
volume|2024|0|all,top 20 by calls,2024,all,23035,22500,0.4555676144996744
volume|2024|0|all,top 20 by calls,2024,all,23035,22750,0.46212285652268287
volume|2024|0|all,top 20 by calls,2024,all,23035,23000,0.47076188408942915
volume|2024|0|all,top 20 by calls,2024,all,23035,23250,0.4794877360538311
volume|2024|0|all,top 20 by calls,2024,all,23035,23500,0.4863468634686347
volume|2024|0|all,top 20 by calls,2024,all,23035,23750,0.4935967006728891
volume|2024|0|all,top 20 by calls,2024,all,23035,24000,0.49967440850879097
volume|2024|0|all,top 20 by calls,2024,all,23035,24250,0.5054482309528978
volume|2024|0|all,top 20 by calls,2024,all,23035,24500,0.5116127631864554
volume|2024|0|all,top 20 by calls,2024,all,23035,24750,0.5163881050575212
volume|2024|0|all,top 20 by calls,2024,all,23035,25000,0.5216843933145214
volume|2024|0|all,top 20 by calls,2024,all,23035,25250,0.526155849793792
volume|2024|0|all,top 20 by calls,2024,all,23035,25500,0.5308877794660299
volume|2024|0|all,top 20 by calls,2024,all,23035,25750,0.5353592359453007
volume|2024|0|all,top 20 by calls,2024,all,23035,26000,0.5392229216409811
volume|2024|0|all,top 20 by calls,2024,all,23035,26250,0.5429129585413501
volume|2024|0|all,top 20 by calls,2024,all,23035,26500,0.5474712394182766
volume|2024|0|all,top 20 by calls,2024,all,23035,26750,0.5520295202952029
volume|2024|0|all,top 20 by calls,2024,all,23035,27000,0.556023442587367
volume|2024|0|all,top 20 by calls,2024,all,23035,27250,0.5601041892771869
volume|2024|0|all,top 20 by calls,2024,all,23035,27500,0.5647927067505969
volume|2024|0|all,top 20 by calls,2024,all,23035,27750,0.5680920338615151
volume|2024|0|all,top 20 by calls,2024,all,23035,28000,0.5730410245278923
volume|2024|0|all,top 20 by calls,2024,all,23035,28250,0.5770349468200564
volume|2024|0|all,top 20 by calls,2024,all,23035,28500,0.5814629911004993
volume|2024|0|all,top 20 by calls,2024,all,23035,28750,0.5851964401996961
volume|2024|0|all,top 20 by calls,2024,all,23035,29000,0.5888430649012373
volume|2024|0|all,top 20 by calls,2024,all,23035,29250,0.5926633383980898
volume|2024|0|all,top 20 by calls,2024,all,23035,29500,0.5961797265031474
volume|2024|0|all,top 20 by calls,2024,all,23035,29750,0.6000434121988278
volume|2024|0|all,top 20 by calls,2024,all,23035,30000,0.6045148686780986
volume|2024|0|all,top 20 by calls,2024,container,3784,0,0.0
volume|2024|0|all,top 20 by calls,2024,container,3784,250,0.0007928118393234672
volume|2024|0|all,top 20 by calls,2024,container,3784,500,0.0029069767441860465
volume|2024|0|all,top 20 by calls,2024,container,3784,750,0.004492600422832981
volume|2024|0|all,top 20 by calls,2024,container,3784,1000,0.009249471458773785
volume|2024|0|all,top 20 by calls,2024,container,3784,1250,0.017177589852008457
volume|2024|0|all,top 20 by calls,2024,container,3784,1500,0.028805496828752643
volume|2024|0|all,top 20 by calls,2024,container,3784,1750,0.03646934460887949
volume|2024|0|all,top 20 by calls,2024,container,3784,2000,0.04730443974630021
volume|2024|0|all,top 20 by calls,2024,container,3784,2250,0.0541754756871036
volume|2024|0|all,top 20 by calls,2024,container,3784,2500,0.06342494714587738
volume|2024|0|all,top 20 by calls,2024,container,3784,2750,0.0732029598308668
volume|2024|0|all,top 20 by calls,2024,container,3784,3000,0.08562367864693446
volume|2024|0|all,top 20 by calls,2024,container,3784,3250,0.10227272727272728
volume|2024|0|all,top 20 by calls,2024,container,3784,3500,0.11865750528541226
volume|2024|0|all,top 20 by calls,2024,container,3784,3750,0.13398520084566595
volume|2024|0|all,top 20 by calls,2024,container,3784,4000,0.14534883720930233
volume|2024|0|all,top 20 by calls,2024,container,3784,4250,0.15380549682875264
volume|2024|0|all,top 20 by calls,2024,container,3784,4500,0.16199788583509514
volume|2024|0|all,top 20 by calls,2024,container,3784,4750,0.16939746300211417
volume|2024|0|all,top 20 by calls,2024,container,3784,5000,0.17521141649048627
volume|2024|0|all,top 20 by calls,2024,container,3784,5250,0.18340380549682875
volume|2024|0|all,top 20 by calls,2024,container,3784,5500,0.19053911205073995
volume|2024|0|all,top 20 by calls,2024,container,3784,5750,0.19846723044397463
volume|2024|0|all,top 20 by calls,2024,container,3784,6000,0.2100951374207188
volume|2024|0|all,top 20 by calls,2024,container,3784,6250,0.2180232558139535
volume|2024|0|all,top 20 by calls,2024,container,3784,6500,0.22595137420718817
volume|2024|0|all,top 20 by calls,2024,container,3784,6750,0.23308668076109937
volume|2024|0|all,top 20 by calls,2024,container,3784,7000,0.2370507399577167
volume|2024|0|all,top 20 by calls,2024,container,3784,7250,0.24127906976744187
volume|2024|0|all,top 20 by calls,2024,container,3784,7500,0.2441860465116279
volume|2024|0|all,top 20 by calls,2024,container,3784,7750,0.24841437632135308
volume|2024|0|all,top 20 by calls,2024,container,3784,8000,0.2523784355179704
volume|2024|0|all,top 20 by calls,2024,container,3784,8250,0.25898520084566595
volume|2024|0|all,top 20 by calls,2024,container,3784,8500,0.26374207188160675
volume|2024|0|all,top 20 by calls,2024,container,3784,8750,0.27536997885835096
volume|2024|0|all,top 20 by calls,2024,container,3784,9000,0.2840909090909091
volume|2024|0|all,top 20 by calls,2024,container,3784,9250,0.2893763213530655
volume|2024|0|all,top 20 by calls,2024,container,3784,9500,0.2925475687103594
volume|2024|0|all,top 20 by calls,2024,container,3784,9750,0.29941860465116277
volume|2024|0|all,top 20 by calls,2024,container,3784,10000,0.3073467230443975
volume|2024|0|all,top 20 by calls,2024,container,3784,10250,0.3152748414376321
volume|2024|0|all,top 20 by calls,2024,container,3784,10500,0.3239957716701903
volume|2024|0|all,top 20 by calls,2024,container,3784,10750,0.33298097251585623
volume|2024|0|all,top 20 by calls,2024,container,3784,11000,0.3380021141649049
volume|2024|0|all,top 20 by calls,2024,container,3784,11250,0.35095137420718814
volume|2024|0|all,top 20 by calls,2024,container,3784,11500,0.358615221987315
volume|2024|0|all,top 20 by calls,2024,container,3784,11750,0.3689217758985201
volume|2024|0|all,top 20 by calls,2024,container,3784,12000,0.38054968287526425
volume|2024|0|all,top 20 by calls,2024,container,3784,12250,0.3882135306553911
volume|2024|0|all,top 20 by calls,2024,container,3784,12500,0.39667019027484146
volume|2024|0|all,top 20 by calls,2024,container,3784,12750,0.40512684989429176
volume|2024|0|all,top 20 by calls,2024,container,3784,13000,0.4104122621564482
volume|2024|0|all,top 20 by calls,2024,container,3784,13250,0.4175475687103594
volume|2024|0|all,top 20 by calls,2024,container,3784,13500,0.4233615221987315
volume|2024|0|all,top 20 by calls,2024,container,3784,13750,0.4275898520084567
volume|2024|0|all,top 20 by calls,2024,container,3784,14000,0.4378964059196617
volume|2024|0|all,top 20 by calls,2024,container,3784,14250,0.4421247357293869
volume|2024|0|all,top 20 by calls,2024,container,3784,14500,0.44714587737843553
volume|2024|0|all,top 20 by calls,2024,container,3784,14750,0.4500528541226216
volume|2024|0|all,top 20 by calls,2024,container,3784,15000,0.45322410147991543
volume|2024|0|all,top 20 by calls,2024,container,3784,15250,0.45692389006342493
volume|2024|0|all,top 20 by calls,2024,container,3784,15500,0.4619450317124736
volume|2024|0|all,top 20 by calls,2024,container,3784,15750,0.4667019027484144
volume|2024|0|all,top 20 by calls,2024,container,3784,16000,0.4714587737843552
volume|2024|0|all,top 20 by calls,2024,container,3784,16250,0.47568710359408034
volume|2024|0|all,top 20 by calls,2024,container,3784,16500,0.48150105708245244
volume|2024|0|all,top 20 by calls,2024,container,3784,16750,0.48625792811839325
volume|2024|0|all,top 20 by calls,2024,container,3784,17000,0.4891649048625793
volume|2024|0|all,top 20 by calls,2024,container,3784,17250,0.49445031712473575
volume|2024|0|all,top 20 by calls,2024,container,3784,17500,0.4973572938689218
volume|2024|0|all,top 20 by calls,2024,container,3784,17750,0.49947145877378435
volume|2024|0|all,top 20 by calls,2024,container,3784,18000,0.502906976744186
volume|2024|0|all,top 20 by calls,2024,container,3784,18250,0.5081923890063424
volume|2024|0|all,top 20 by calls,2024,container,3784,18500,0.516384778012685
volume|2024|0|all,top 20 by calls,2024,container,3784,18750,0.5235200845665962
volume|2024|0|all,top 20 by calls,2024,container,3784,19000,0.5295983086680761
volume|2024|0|all,top 20 by calls,2024,container,3784,19250,0.53276955602537
volume|2024|0|all,top 20 by calls,2024,container,3784,19500,0.5359408033826638
volume|2024|0|all,top 20 by calls,2024,container,3784,19750,0.5383192389006343
volume|2024|0|all,top 20 by calls,2024,container,3784,20000,0.5414904862579282
volume|2024|0|all,top 20 by calls,2024,container,3784,20250,0.5459830866807611
volume|2024|0|all,top 20 by calls,2024,container,3784,20500,0.5560253699788583
volume|2024|0|all,top 20 by calls,2024,container,3784,20750,0.5615750528541226
volume|2024|0|all,top 20 by calls,2024,container,3784,21000,0.5647463002114165
volume|2024|0|all,top 20 by calls,2024,container,3784,21250,0.5687103594080338
volume|2024|0|all,top 20 by calls,2024,container,3784,21500,0.5769027484143763
volume|2024|0|all,top 20 by calls,2024,container,3784,21750,0.5927589852008457
volume|2024|0|all,top 20 by calls,2024,container,3784,22000,0.6051797040169133
volume|2024|0|all,top 20 by calls,2024,container,3784,22250,0.6154862579281184
volume|2024|0|all,top 20 by calls,2024,container,3784,22500,0.6228858350951374
volume|2024|0|all,top 20 by calls,2024,container,3784,22750,0.629492600422833
volume|2024|0|all,top 20 by calls,2024,container,3784,23000,0.6366279069767442
volume|2024|0|all,top 20 by calls,2024,container,3784,23250,0.6421775898520085
volume|2024|0|all,top 20 by calls,2024,container,3784,23500,0.6456131078224101
volume|2024|0|all,top 20 by calls,2024,container,3784,23750,0.6490486257928119
volume|2024|0|all,top 20 by calls,2024,container,3784,24000,0.6524841437632135
volume|2024|0|all,top 20 by calls,2024,container,3784,24250,0.65776955602537
volume|2024|0|all,top 20 by calls,2024,container,3784,24500,0.6606765327695561
volume|2024|0|all,top 20 by calls,2024,container,3784,24750,0.6638477801268499
volume|2024|0|all,top 20 by calls,2024,container,3784,25000,0.6659619450317125
volume|2024|0|all,top 20 by calls,2024,container,3784,25250,0.6678118393234672
volume|2024|0|all,top 20 by calls,2024,container,3784,25500,0.6717758985200846
volume|2024|0|all,top 20 by calls,2024,container,3784,25750,0.6741543340380549
volume|2024|0|all,top 20 by calls,2024,container,3784,26000,0.6754756871035941
volume|2024|0|all,top 20 by calls,2024,container,3784,26250,0.6775898520084567
volume|2024|0|all,top 20 by calls,2024,container,3784,26500,0.679968287526427
volume|2024|0|all,top 20 by calls,2024,container,3784,26750,0.681553911205074
volume|2024|0|all,top 20 by calls,2024,container,3784,27000,0.6818181818181818
volume|2024|0|all,top 20 by calls,2024,container,3784,27250,0.6834038054968288
volume|2024|0|all,top 20 by calls,2024,container,3784,27500,0.6847251585623678
volume|2024|0|all,top 20 by calls,2024,container,3784,27750,0.6849894291754757
volume|2024|0|all,top 20 by calls,2024,container,3784,28000,0.6865750528541226
volume|2024|0|all,top 20 by calls,2024,container,3784,28250,0.6876321353065539
volume|2024|0|all,top 20 by calls,2024,container,3784,28500,0.6897463002114165
volume|2024|0|all,top 20 by calls,2024,container,3784,28750,0.6900105708245243
volume|2024|0|all,top 20 by calls,2024,container,3784,29000,0.6905391120507399
volume|2024|0|all,top 20 by calls,2024,container,3784,29250,0.6908033826638478
volume|2024|0|all,top 20 by calls,2024,container,3784,29500,0.6915961945031712
volume|2024|0|all,top 20 by calls,2024,container,3784,29750,0.6918604651162791
volume|2024|0|all,top 20 by calls,2024,container,3784,30000,0.6931818181818182
volume|2024|0|all,top 20 by calls,2024,bulk,9143,0,0.0
volume|2024|0|all,top 20 by calls,2024,bulk,9143,250,0.00021874658208465494
volume|2024|0|all,top 20 by calls,2024,bulk,9143,500,0.0005468664552116373
volume|2024|0|all,top 20 by calls,2024,bulk,9143,750,0.0006562397462539647
volume|2024|0|all,top 20 by calls,2024,bulk,9143,1000,0.0010937329104232746
volume|2024|0|all,top 20 by calls,2024,bulk,9143,1250,0.001203106201465602
volume|2024|0|all,top 20 by calls,2024,bulk,9143,1500,0.003718691895439134
volume|2024|0|all,top 20 by calls,2024,bulk,9143,1750,0.004156185059608444
volume|2024|0|all,top 20 by calls,2024,bulk,9143,2000,0.004703051514820081
volume|2024|0|all,top 20 by calls,2024,bulk,9143,2250,0.005906157716285683
volume|2024|0|all,top 20 by calls,2024,bulk,9143,2500,0.007437383790878268
volume|2024|0|all,top 20 by calls,2024,bulk,9143,2750,0.008749863283386197
volume|2024|0|all,top 20 by calls,2024,bulk,9143,3000,0.009624849611724816
volume|2024|0|all,top 20 by calls,2024,bulk,9143,3250,0.010609209231105764
volume|2024|0|all,top 20 by calls,2024,bulk,9143,3500,0.011921688723613693
volume|2024|0|all,top 20 by calls,2024,bulk,9143,3750,0.013124794925079295
volume|2024|0|all,top 20 by calls,2024,bulk,9143,4000,0.01378103467133326
volume|2024|0|all,top 20 by calls,2024,bulk,9143,4250,0.014874767581756536
volume|2024|0|all,top 20 by calls,2024,bulk,9143,4500,0.016405993656349118
volume|2024|0|all,top 20 by calls,2024,bulk,9143,4750,0.018484086186153343
volume|2024|0|all,top 20 by calls,2024,bulk,9143,5000,0.01979656567866127
volume|2024|0|all,top 20 by calls,2024,bulk,9143,5250,0.021327791753253854
volume|2024|0|all,top 20 by calls,2024,bulk,9143,5500,0.024171497320354368
volume|2024|0|all,top 20 by calls,2024,bulk,9143,5750,0.026140216559116265
volume|2024|0|all,top 20 by calls,2024,bulk,9143,6000,0.02843705567100514
volume|2024|0|all,top 20 by calls,2024,bulk,9143,6250,0.030405774909767036
volume|2024|0|all,top 20 by calls,2024,bulk,9143,6500,0.03412446680520617
volume|2024|0|all,top 20 by calls,2024,bulk,9143,6750,0.03674942579022203
volume|2024|0|all,top 20 by calls,2024,bulk,9143,7000,0.04079623755878815
volume|2024|0|all,top 20 by calls,2024,bulk,9143,7250,0.04363994312588866
volume|2024|0|all,top 20 by calls,2024,bulk,9143,7500,0.046155528819862186
volume|2024|0|all,top 20 by calls,2024,bulk,9143,7750,0.04856174122279339
volume|2024|0|all,top 20 by calls,2024,bulk,9143,8000,0.05173356666302089
volume|2024|0|all,top 20 by calls,2024,bulk,9143,8250,0.05446789893907908
volume|2024|0|all,top 20 by calls,2024,bulk,9143,8500,0.05687411134201028
volume|2024|0|all,top 20 by calls,2024,bulk,9143,8750,0.059717816909110794
volume|2024|0|all,top 20 by calls,2024,bulk,9143,9000,0.06310838893142294
volume|2024|0|all,top 20 by calls,2024,bulk,9143,9250,0.06660833424477743
volume|2024|0|all,top 20 by calls,2024,bulk,9143,9500,0.06857705348353932
volume|2024|0|all,top 20 by calls,2024,bulk,9143,9750,0.07120201246855518
volume|2024|0|all,top 20 by calls,2024,bulk,9143,10000,0.0752488242371213
volume|2024|0|all,top 20 by calls,2024,bulk,9143,10250,0.0776550366400525
volume|2024|0|all,top 20 by calls,2024,bulk,9143,10500,0.08115498195340698
volume|2024|0|all,top 20 by calls,2024,bulk,9143,10750,0.08498304713988844
volume|2024|0|all,top 20 by calls,2024,bulk,9143,11000,0.0888111123263699
volume|2024|0|all,top 20 by calls,2024,bulk,9143,11250,0.09231105763972437
volume|2024|0|all,top 20 by calls,2024,bulk,9143,11500,0.09592037624412118
volume|2024|0|all,top 20 by calls,2024,bulk,9143,11750,0.099529694848518
volume|2024|0|all,top 20 by calls,2024,bulk,9143,12000,0.10248277370666084
volume|2024|0|all,top 20 by calls,2024,bulk,9143,12250,0.10620146560209996
volume|2024|0|all,top 20 by calls,2024,bulk,9143,12500,0.11002953078858142
volume|2024|0|all,top 20 by calls,2024,bulk,9143,12750,0.11407634255714755
volume|2024|0|all,top 20 by calls,2024,bulk,9143,13000,0.11768566116154434
volume|2024|0|all,top 20 by calls,2024,bulk,9143,13250,0.12216996609427978
volume|2024|0|all,top 20 by calls,2024,bulk,9143,13500,0.12523241824346495
volume|2024|0|all,top 20 by calls,2024,bulk,9143,13750,0.12960734988515804
volume|2024|0|all,top 20 by calls,2024,bulk,9143,14000,0.13321666848955485
volume|2024|0|all,top 20 by calls,2024,bulk,9143,14250,0.136935360384994
volume|2024|0|all,top 20 by calls,2024,bulk,9143,14500,0.13945094607896752
volume|2024|0|all,top 20 by calls,2024,bulk,9143,14750,0.14327901126544898
volume|2024|0|all,top 20 by calls,2024,bulk,9143,15000,0.14831018265339604
volume|2024|0|all,top 20 by calls,2024,bulk,9143,15250,0.15246636771300448
volume|2024|0|all,top 20 by calls,2024,bulk,9143,15500,0.1565131794815706
volume|2024|0|all,top 20 by calls,2024,bulk,9143,15750,0.16055999125013673
volume|2024|0|all,top 20 by calls,2024,bulk,9143,16000,0.16307557694411026
volume|2024|0|all,top 20 by calls,2024,bulk,9143,16250,0.16668489554850704
volume|2024|0|all,top 20 by calls,2024,bulk,9143,16500,0.17215356010062344
volume|2024|0|all,top 20 by calls,2024,bulk,9143,16750,0.17532538554085092
volume|2024|0|all,top 20 by calls,2024,bulk,9143,17000,0.180028437055671
volume|2024|0|all,top 20 by calls,2024,bulk,9143,17250,0.1821065295854752
volume|2024|0|all,top 20 by calls,2024,bulk,9143,17500,0.18746582084654928
volume|2024|0|all,top 20 by calls,2024,bulk,9143,17750,0.19238761894345402
volume|2024|0|all,top 20 by calls,2024,bulk,9143,18000,0.20223121513726347
volume|2024|0|all,top 20 by calls,2024,bulk,9143,18250,0.20802799956250684
volume|2024|0|all,top 20 by calls,2024,bulk,9143,18500,0.21338729082358088
volume|2024|0|all,top 20 by calls,2024,bulk,9143,18750,0.21951219512195122
volume|2024|0|all,top 20 by calls,2024,bulk,9143,19000,0.22651208574866016
volume|2024|0|all,top 20 by calls,2024,bulk,9143,19250,0.23274636333807283
volume|2024|0|all,top 20 by calls,2024,bulk,9143,19500,0.24543366509898282
volume|2024|0|all,top 20 by calls,2024,bulk,9143,19750,0.2563709942032156
volume|2024|0|all,top 20 by calls,2024,bulk,9143,20000,0.2645739910313901
volume|2024|0|all,top 20 by calls,2024,bulk,9143,20250,0.273542600896861
volume|2024|0|all,top 20 by calls,2024,bulk,9143,20500,0.28229246418024717
volume|2024|0|all,top 20 by calls,2024,bulk,9143,20750,0.2903860877173794
volume|2024|0|all,top 20 by calls,2024,bulk,9143,21000,0.30012031062014655
volume|2024|0|all,top 20 by calls,2024,bulk,9143,21250,0.3097451602318714
volume|2024|0|all,top 20 by calls,2024,bulk,9143,21500,0.31947938313463853
volume|2024|0|all,top 20 by calls,2024,bulk,9143,21750,0.328666739582194
volume|2024|0|all,top 20 by calls,2024,bulk,9143,22000,0.3358853767909876
volume|2024|0|all,top 20 by calls,2024,bulk,9143,22250,0.3462758394400087
volume|2024|0|all,top 20 by calls,2024,bulk,9143,22500,0.35447883626818333
volume|2024|0|all,top 20 by calls,2024,bulk,9143,22750,0.3641036858799081
volume|2024|0|all,top 20 by calls,2024,bulk,9143,23000,0.37580662802143716
volume|2024|0|all,top 20 by calls,2024,bulk,9143,23250,0.3888220496554741
volume|2024|0|all,top 20 by calls,2024,bulk,9143,23500,0.39844689926719895
volume|2024|0|all,top 20 by calls,2024,bulk,9143,23750,0.4066498960953735
volume|2024|0|all,top 20 by calls,2024,bulk,9143,24000,0.41397790659520944
volume|2024|0|all,top 20 by calls,2024,bulk,9143,24250,0.4197746910204528
volume|2024|0|all,top 20 by calls,2024,bulk,9143,24500,0.42764956797550036
volume|2024|0|all,top 20 by calls,2024,bulk,9143,24750,0.4328994859455321
volume|2024|0|all,top 20 by calls,2024,bulk,9143,25000,0.4396806299901564
volume|2024|0|all,top 20 by calls,2024,bulk,9143,25250,0.44383681504976485
volume|2024|0|all,top 20 by calls,2024,bulk,9143,25500,0.4496335994750082
volume|2024|0|all,top 20 by calls,2024,bulk,9143,25750,0.4558678770644209
volume|2024|0|all,top 20 by calls,2024,bulk,9143,26000,0.4614459149075796
volume|2024|0|all,top 20 by calls,2024,bulk,9143,26250,0.46549272667614566
volume|2024|0|all,top 20 by calls,2024,bulk,9143,26500,0.4704145247730504
volume|2024|0|all,top 20 by calls,2024,bulk,9143,26750,0.4767581756535054
volume|2024|0|all,top 20 by calls,2024,bulk,9143,27000,0.48157060045936784
volume|2024|0|all,top 20 by calls,2024,bulk,9143,27250,0.4871486383025265
volume|2024|0|all,top 20 by calls,2024,bulk,9143,27500,0.49294542272776987
volume|2024|0|all,top 20 by calls,2024,bulk,9143,27750,0.49764847424258996
volume|2024|0|all,top 20 by calls,2024,bulk,9143,28000,0.5041014984140872
volume|2024|0|all,top 20 by calls,2024,bulk,9143,28250,0.5091326698020343
volume|2024|0|all,top 20 by calls,2024,bulk,9143,28500,0.5149294542272776
volume|2024|0|all,top 20 by calls,2024,bulk,9143,28750,0.5211637318166904
volume|2024|0|all,top 20 by calls,2024,bulk,9143,29000,0.5268511429508914
volume|2024|0|all,top 20 by calls,2024,bulk,9143,29250,0.5329760472492617
volume|2024|0|all,top 20 by calls,2024,bulk,9143,29500,0.5387728316745051
volume|2024|0|all,top 20 by calls,2024,bulk,9143,29750,0.5446789893907907
volume|2024|0|all,top 20 by calls,2024,bulk,9143,30000,0.5511320135622881
volume|2024|0|all,top 20 by calls,2024,tanker,5788,0,0.0005183137525915688
volume|2024|0|all,top 20 by calls,2024,tanker,5788,250,0.0036281962681409814
volume|2024|0|all,top 20 by calls,2024,tanker,5788,500,0.005874222529371113
volume|2024|0|all,top 20 by calls,2024,tanker,5788,750,0.007256392536281963
volume|2024|0|all,top 20 by calls,2024,tanker,5788,1000,0.008984105044920525
volume|2024|0|all,top 20 by calls,2024,tanker,5788,1250,0.01243953006219765
volume|2024|0|all,top 20 by calls,2024,tanker,5788,1500,0.017622667588113337
volume|2024|0|all,top 20 by calls,2024,tanker,5788,1750,0.020214236351071183
volume|2024|0|all,top 20 by calls,2024,tanker,5788,2000,0.022633033863165168
volume|2024|0|all,top 20 by calls,2024,tanker,5788,2250,0.024706288873531445
volume|2024|0|all,top 20 by calls,2024,tanker,5788,2500,0.02868002764340014
volume|2024|0|all,top 20 by calls,2024,tanker,5788,2750,0.03230822391154112
volume|2024|0|all,top 20 by calls,2024,tanker,5788,3000,0.03645473393227367
volume|2024|0|all,top 20 by calls,2024,tanker,5788,3250,0.042156185210780926
volume|2024|0|all,top 20 by calls,2024,tanker,5788,3500,0.04768486523842433
volume|2024|0|all,top 20 by calls,2024,tanker,5788,3750,0.053213545266067724
volume|2024|0|all,top 20 by calls,2024,tanker,5788,4000,0.05926053904630269
volume|2024|0|all,top 20 by calls,2024,tanker,5788,4250,0.06392536281962681
volume|2024|0|all,top 20 by calls,2024,tanker,5788,4500,0.06859018659295094
volume|2024|0|all,top 20 by calls,2024,tanker,5788,4750,0.07239115411195578
volume|2024|0|all,top 20 by calls,2024,tanker,5788,5000,0.07774706288873531
volume|2024|0|all,top 20 by calls,2024,tanker,5788,5250,0.08483068417415342
volume|2024|0|all,top 20 by calls,2024,tanker,5788,5500,0.09485141672425708
volume|2024|0|all,top 20 by calls,2024,tanker,5788,5750,0.10331720801658605
volume|2024|0|all,top 20 by calls,2024,tanker,5788,6000,0.11005528680027643
volume|2024|0|all,top 20 by calls,2024,tanker,5788,6250,0.11592950932964755
volume|2024|0|all,top 20 by calls,2024,tanker,5788,6500,0.12214927436074637
volume|2024|0|all,top 20 by calls,2024,tanker,5788,6750,0.12854181064270906
volume|2024|0|all,top 20 by calls,2024,tanker,5788,7000,0.13510711817553558
volume|2024|0|all,top 20 by calls,2024,tanker,5788,7250,0.14236351071181755
volume|2024|0|all,top 20 by calls,2024,tanker,5788,7500,0.1461644782308224
volume|2024|0|all,top 20 by calls,2024,tanker,5788,7750,0.15307532826537665
volume|2024|0|all,top 20 by calls,2024,tanker,5788,8000,0.1587767795438839
volume|2024|0|all,top 20 by calls,2024,tanker,5788,8250,0.1639599170697996
volume|2024|0|all,top 20 by calls,2024,tanker,5788,8500,0.1713890808569454
volume|2024|0|all,top 20 by calls,2024,tanker,5788,8750,0.1796821008984105
volume|2024|0|all,top 20 by calls,2024,tanker,5788,9000,0.18572909467864548
volume|2024|0|all,top 20 by calls,2024,tanker,5788,9250,0.19125777470628888
volume|2024|0|all,top 20 by calls,2024,tanker,5788,9500,0.19661368348306843
volume|2024|0|all,top 20 by calls,2024,tanker,5788,9750,0.2038700760193504
volume|2024|0|all,top 20 by calls,2024,tanker,5788,10000,0.2100898410504492
volume|2024|0|all,top 20 by calls,2024,tanker,5788,10250,0.21751900483759504
volume|2024|0|all,top 20 by calls,2024,tanker,5788,10500,0.22287491361437456
volume|2024|0|all,top 20 by calls,2024,tanker,5788,10750,0.22978576364892883
volume|2024|0|all,top 20 by calls,2024,tanker,5788,11000,0.23548721492743607
volume|2024|0|all,top 20 by calls,2024,tanker,5788,11250,0.24067035245335175
volume|2024|0|all,top 20 by calls,2024,tanker,5788,11500,0.248790601243953
volume|2024|0|all,top 20 by calls,2024,tanker,5788,11750,0.256046993780235
volume|2024|0|all,top 20 by calls,2024,tanker,5788,12000,0.26278507256392536
volume|2024|0|all,top 20 by calls,2024,tanker,5788,12250,0.2677954388389772
volume|2024|0|all,top 20 by calls,2024,tanker,5788,12500,0.27643400138217
volume|2024|0|all,top 20 by calls,2024,tanker,5788,12750,0.2838631651693158
volume|2024|0|all,top 20 by calls,2024,tanker,5788,13000,0.29198341395991706
volume|2024|0|all,top 20 by calls,2024,tanker,5788,13250,0.29889426399447133
volume|2024|0|all,top 20 by calls,2024,tanker,5788,13500,0.3075328265376641
volume|2024|0|all,top 20 by calls,2024,tanker,5788,13750,0.31565307532826536
volume|2024|0|all,top 20 by calls,2024,tanker,5788,14000,0.3218728403593642
volume|2024|0|all,top 20 by calls,2024,tanker,5788,14250,0.32947477539737385
volume|2024|0|all,top 20 by calls,2024,tanker,5788,14500,0.3356945404284727
volume|2024|0|all,top 20 by calls,2024,tanker,5788,14750,0.3431237042156185
volume|2024|0|all,top 20 by calls,2024,tanker,5788,15000,0.3491706979958535
volume|2024|0|all,top 20 by calls,2024,tanker,5788,15250,0.3550449205252246
volume|2024|0|all,top 20 by calls,2024,tanker,5788,15500,0.35970974429854874
volume|2024|0|all,top 20 by calls,2024,tanker,5788,15750,0.3650656530753283
volume|2024|0|all,top 20 by calls,2024,tanker,5788,16000,0.37024879060124394
volume|2024|0|all,top 20 by calls,2024,tanker,5788,16250,0.3771596406357982
volume|2024|0|all,top 20 by calls,2024,tanker,5788,16500,0.3826883206634416
volume|2024|0|all,top 20 by calls,2024,tanker,5788,16750,0.3887353144436766
volume|2024|0|all,top 20 by calls,2024,tanker,5788,17000,0.3951278507256393
volume|2024|0|all,top 20 by calls,2024,tanker,5788,17250,0.4004837595024188
volume|2024|0|all,top 20 by calls,2024,tanker,5788,17500,0.4077401520387008
volume|2024|0|all,top 20 by calls,2024,tanker,5788,17750,0.4160331720801659
volume|2024|0|all,top 20 by calls,2024,tanker,5788,18000,0.42225293711126466
volume|2024|0|all,top 20 by calls,2024,tanker,5788,18250,0.42795438838977196
volume|2024|0|all,top 20 by calls,2024,tanker,5788,18500,0.4345196959225985
volume|2024|0|all,top 20 by calls,2024,tanker,5788,18750,0.4397028334485142
volume|2024|0|all,top 20 by calls,2024,tanker,5788,19000,0.4438493434692467
volume|2024|0|all,top 20 by calls,2024,tanker,5788,19250,0.4502418797512094
volume|2024|0|all,top 20 by calls,2024,tanker,5788,19500,0.45628887353144437
volume|2024|0|all,top 20 by calls,2024,tanker,5788,19750,0.4633724948168625
volume|2024|0|all,top 20 by calls,2024,tanker,5788,20000,0.467519004837595
volume|2024|0|all,top 20 by calls,2024,tanker,5788,20250,0.47425708362128544
volume|2024|0|all,top 20 by calls,2024,tanker,5788,20500,0.4801313061506565
volume|2024|0|all,top 20 by calls,2024,tanker,5788,20750,0.4853144436765722
volume|2024|0|all,top 20 by calls,2024,tanker,5788,21000,0.4925708362128542
volume|2024|0|all,top 20 by calls,2024,tanker,5788,21250,0.4986178299930891
volume|2024|0|all,top 20 by calls,2024,tanker,5788,21500,0.5044920525224602
volume|2024|0|all,top 20 by calls,2024,tanker,5788,21750,0.5095024187975121
volume|2024|0|all,top 20 by calls,2024,tanker,5788,22000,0.5152038700760193
volume|2024|0|all,top 20 by calls,2024,tanker,5788,22250,0.520387007601935
volume|2024|0|all,top 20 by calls,2024,tanker,5788,22500,0.5247062888735314
volume|2024|0|all,top 20 by calls,2024,tanker,5788,22750,0.5281617138908086
volume|2024|0|all,top 20 by calls,2024,tanker,5788,23000,0.5345542501727713
volume|2024|0|all,top 20 by calls,2024,tanker,5788,23250,0.5388735314443677
volume|2024|0|all,top 20 by calls,2024,tanker,5788,23500,0.5449205252246027
volume|2024|0|all,top 20 by calls,2024,tanker,5788,23750,0.5535590877677954
volume|2024|0|all,top 20 by calls,2024,tanker,5788,24000,0.5602971665514859
volume|2024|0|all,top 20 by calls,2024,tanker,5788,24250,0.566171389080857
volume|2024|0|all,top 20 by calls,2024,tanker,5788,24500,0.5717000691085004
volume|2024|0|all,top 20 by calls,2024,tanker,5788,24750,0.5777470628887353
volume|2024|0|all,top 20 by calls,2024,tanker,5788,25000,0.5825846579129232
volume|2024|0|all,top 20 by calls,2024,tanker,5788,25250,0.5894955079474775
volume|2024|0|all,top 20 by calls,2024,tanker,5788,25500,0.5931237042156186
volume|2024|0|all,top 20 by calls,2024,tanker,5788,25750,0.5967519004837595
volume|2024|0|all,top 20 by calls,2024,tanker,5788,26000,0.600898410504492
volume|2024|0|all,top 20 by calls,2024,tanker,5788,26250,0.6055632342778162
volume|2024|0|all,top 20 by calls,2024,tanker,5788,26500,0.6102280580511403
volume|2024|0|all,top 20 by calls,2024,tanker,5788,26750,0.6143745680718729
volume|2024|0|all,top 20 by calls,2024,tanker,5788,27000,0.6195577055977886
volume|2024|0|all,top 20 by calls,2024,tanker,5788,27250,0.6231859018659295
volume|2024|0|all,top 20 by calls,2024,tanker,5788,27500,0.6299239806496199
volume|2024|0|all,top 20 by calls,2024,tanker,5788,27750,0.6335521769177609
volume|2024|0|all,top 20 by calls,2024,tanker,5788,28000,0.6380442294402211
volume|2024|0|all,top 20 by calls,2024,tanker,5788,28250,0.6420179682100898
volume|2024|0|all,top 20 by calls,2024,tanker,5788,28500,0.6470283344851416
volume|2024|0|all,top 20 by calls,2024,tanker,5788,28750,0.6494471319972357
volume|2024|0|all,top 20 by calls,2024,tanker,5788,29000,0.6522114720110573
volume|2024|0|all,top 20 by calls,2024,tanker,5788,29250,0.6549758120248791
volume|2024|0|all,top 20 by calls,2024,tanker,5788,29500,0.6570490670352453
volume|2024|0|all,top 20 by calls,2024,tanker,5788,29750,0.6611955770559779
volume|2024|0|all,top 20 by calls,2024,tanker,5788,30000,0.6655148583275743
volume|2024|0|all,top 20 by calls,2024,gas,1181,0,0.0
volume|2024|0|all,top 20 by calls,2024,gas,1181,250,0.0
volume|2024|0|all,top 20 by calls,2024,gas,1181,500,0.0
volume|2024|0|all,top 20 by calls,2024,gas,1181,750,0.000846740050804403
volume|2024|0|all,top 20 by calls,2024,gas,1181,1000,0.001693480101608806
volume|2024|0|all,top 20 by calls,2024,gas,1181,1250,0.001693480101608806
volume|2024|0|all,top 20 by calls,2024,gas,1181,1500,0.003386960203217612
volume|2024|0|all,top 20 by calls,2024,gas,1181,1750,0.003386960203217612
volume|2024|0|all,top 20 by calls,2024,gas,1181,2000,0.004233700254022015
volume|2024|0|all,top 20 by calls,2024,gas,1181,2250,0.0059271803556308214
volume|2024|0|all,top 20 by calls,2024,gas,1181,2500,0.00846740050804403
volume|2024|0|all,top 20 by calls,2024,gas,1181,2750,0.010160880609652836
volume|2024|0|all,top 20 by calls,2024,gas,1181,3000,0.012701100762066046
volume|2024|0|all,top 20 by calls,2024,gas,1181,3250,0.016088060965283656
volume|2024|0|all,top 20 by calls,2024,gas,1181,3500,0.017781541066892465
volume|2024|0|all,top 20 by calls,2024,gas,1181,3750,0.018628281117696866
volume|2024|0|all,top 20 by calls,2024,gas,1181,4000,0.02201524132091448
volume|2024|0|all,top 20 by calls,2024,gas,1181,4250,0.024555461473327687
volume|2024|0|all,top 20 by calls,2024,gas,1181,4500,0.026248941574936496
volume|2024|0|all,top 20 by calls,2024,gas,1181,4750,0.028789161727349702
volume|2024|0|all,top 20 by calls,2024,gas,1181,5000,0.03048264182895851
volume|2024|0|all,top 20 by calls,2024,gas,1181,5250,0.03556308213378493
volume|2024|0|all,top 20 by calls,2024,gas,1181,5500,0.03725656223539373
volume|2024|0|all,top 20 by calls,2024,gas,1181,5750,0.04403048264182896
volume|2024|0|all,top 20 by calls,2024,gas,1181,6000,0.04487722269263336
volume|2024|0|all,top 20 by calls,2024,gas,1181,6250,0.04487722269263336
volume|2024|0|all,top 20 by calls,2024,gas,1181,6500,0.04826418289585097
volume|2024|0|all,top 20 by calls,2024,gas,1181,6750,0.05334462320067739
volume|2024|0|all,top 20 by calls,2024,gas,1181,7000,0.0550381033022862
volume|2024|0|all,top 20 by calls,2024,gas,1181,7250,0.057578323454699404
volume|2024|0|all,top 20 by calls,2024,gas,1181,7500,0.06604572396274344
volume|2024|0|all,top 20 by calls,2024,gas,1181,7750,0.07366638441998306
volume|2024|0|all,top 20 by calls,2024,gas,1181,8000,0.07705334462320068
volume|2024|0|all,top 20 by calls,2024,gas,1181,8250,0.08128704487722269
volume|2024|0|all,top 20 by calls,2024,gas,1181,8500,0.0829805249788315
volume|2024|0|all,top 20 by calls,2024,gas,1181,8750,0.0863674851820491
volume|2024|0|all,top 20 by calls,2024,gas,1181,9000,0.08721422523285352
volume|2024|0|all,top 20 by calls,2024,gas,1181,9250,0.08806096528365792
volume|2024|0|all,top 20 by calls,2024,gas,1181,9500,0.09144792548687553
volume|2024|0|all,top 20 by calls,2024,gas,1181,9750,0.09737510584250635
volume|2024|0|all,top 20 by calls,2024,gas,1181,10000,0.09991532599491956
volume|2024|0|all,top 20 by calls,2024,gas,1181,10250,0.10414902624894158
volume|2024|0|all,top 20 by calls,2024,gas,1181,10500,0.10838272650296359
volume|2024|0|all,top 20 by calls,2024,gas,1181,10750,0.11346316680779
volume|2024|0|all,top 20 by calls,2024,gas,1181,11000,0.11685012701100762
volume|2024|0|all,top 20 by calls,2024,gas,1181,11250,0.12616426756985605
volume|2024|0|all,top 20 by calls,2024,gas,1181,11500,0.13039796782387808
volume|2024|0|all,top 20 by calls,2024,gas,1181,11750,0.13209144792548688
volume|2024|0|all,top 20 by calls,2024,gas,1181,12000,0.1371718882303133
volume|2024|0|all,top 20 by calls,2024,gas,1181,12250,0.14563928873835733
volume|2024|0|all,top 20 by calls,2024,gas,1181,12500,0.15495342929720576
volume|2024|0|all,top 20 by calls,2024,gas,1181,12750,0.16172734970364097
volume|2024|0|all,top 20 by calls,2024,gas,1181,13000,0.16257408975444537
volume|2024|0|all,top 20 by calls,2024,gas,1181,13250,0.1651143099068586
volume|2024|0|all,top 20 by calls,2024,gas,1181,13500,0.1685012701100762
volume|2024|0|all,top 20 by calls,2024,gas,1181,13750,0.1710414902624894
volume|2024|0|all,top 20 by calls,2024,gas,1181,14000,0.1735817104149026
volume|2024|0|all,top 20 by calls,2024,gas,1181,14250,0.17781541066892464
volume|2024|0|all,top 20 by calls,2024,gas,1181,14500,0.17950889077053345
volume|2024|0|all,top 20 by calls,2024,gas,1181,14750,0.18289585097375105
volume|2024|0|all,top 20 by calls,2024,gas,1181,15000,0.18458933107535985
volume|2024|0|all,top 20 by calls,2024,gas,1181,15250,0.18712955122777308
volume|2024|0|all,top 20 by calls,2024,gas,1181,15500,0.1905165114309907
volume|2024|0|all,top 20 by calls,2024,gas,1181,15750,0.1939034716342083
volume|2024|0|all,top 20 by calls,2024,gas,1181,16000,0.19898391193903472
volume|2024|0|all,top 20 by calls,2024,gas,1181,16250,0.20237087214225233
volume|2024|0|all,top 20 by calls,2024,gas,1181,16500,0.20406435224386113
volume|2024|0|all,top 20 by calls,2024,gas,1181,16750,0.20660457239627433
volume|2024|0|all,top 20 by calls,2024,gas,1181,17000,0.20999153259949196
volume|2024|0|all,top 20 by calls,2024,gas,1181,17250,0.21083827265029637
volume|2024|0|all,top 20 by calls,2024,gas,1181,17500,0.21253175275190517
volume|2024|0|all,top 20 by calls,2024,gas,1181,17750,0.21422523285351397
volume|2024|0|all,top 20 by calls,2024,gas,1181,18000,0.21845893310753597
volume|2024|0|all,top 20 by calls,2024,gas,1181,18250,0.2235393734123624
volume|2024|0|all,top 20 by calls,2024,gas,1181,18500,0.2243861134631668
volume|2024|0|all,top 20 by calls,2024,gas,1181,18750,0.2252328535139712
volume|2024|0|all,top 20 by calls,2024,gas,1181,19000,0.22692633361558
volume|2024|0|all,top 20 by calls,2024,gas,1181,19250,0.2286198137171888
volume|2024|0|all,top 20 by calls,2024,gas,1181,19500,0.23200677392040644
volume|2024|0|all,top 20 by calls,2024,gas,1181,19750,0.23793395427603725
volume|2024|0|all,top 20 by calls,2024,gas,1181,20000,0.2447078746824725
volume|2024|0|all,top 20 by calls,2024,gas,1181,20250,0.2514817950889077
volume|2024|0|all,top 20 by calls,2024,gas,1181,20500,0.25910245554614736
volume|2024|0|all,top 20 by calls,2024,gas,1181,20750,0.2718035563082134
volume|2024|0|all,top 20 by calls,2024,gas,1181,21000,0.279424216765453
volume|2024|0|all,top 20 by calls,2024,gas,1181,21250,0.283657917019475
volume|2024|0|all,top 20 by calls,2024,gas,1181,21500,0.2853513971210838
volume|2024|0|all,top 20 by calls,2024,gas,1181,21750,0.28789161727349705
volume|2024|0|all,top 20 by calls,2024,gas,1181,22000,0.2887383573243014
volume|2024|0|all,top 20 by calls,2024,gas,1181,22250,0.292125317527519
volume|2024|0|all,top 20 by calls,2024,gas,1181,22500,0.29635901778154106
volume|2024|0|all,top 20 by calls,2024,gas,1181,22750,0.2988992379339543
volume|2024|0|all,top 20 by calls,2024,gas,1181,23000,0.3056731583403895
volume|2024|0|all,top 20 by calls,2024,gas,1181,23250,0.3141405588484335
volume|2024|0|all,top 20 by calls,2024,gas,1181,23500,0.31583403895004236
volume|2024|0|all,top 20 by calls,2024,gas,1181,23750,0.32260795935647757
volume|2024|0|all,top 20 by calls,2024,gas,1181,24000,0.32430143945808637
volume|2024|0|all,top 20 by calls,2024,gas,1181,24250,0.3327688399661304
volume|2024|0|all,top 20 by calls,2024,gas,1181,24500,0.34292972057578325
volume|2024|0|all,top 20 by calls,2024,gas,1181,24750,0.34462320067739205
volume|2024|0|all,top 20 by calls,2024,gas,1181,25000,0.3522438611346317
volume|2024|0|all,top 20 by calls,2024,gas,1181,25250,0.35647756138865366
volume|2024|0|all,top 20 by calls,2024,gas,1181,25500,0.3607112616426757
volume|2024|0|all,top 20 by calls,2024,gas,1181,25750,0.3657917019475021
volume|2024|0|all,top 20 by calls,2024,gas,1181,26000,0.36663844199830653
volume|2024|0|all,top 20 by calls,2024,gas,1181,26250,0.37002540220152413
volume|2024|0|all,top 20 by calls,2024,gas,1181,26500,0.37171888230313294
volume|2024|0|all,top 20 by calls,2024,gas,1181,26750,0.37595258255715497
volume|2024|0|all,top 20 by calls,2024,gas,1181,27000,0.37679932260795934
volume|2024|0|all,top 20 by calls,2024,gas,1181,27250,0.3810330228619814
volume|2024|0|all,top 20 by calls,2024,gas,1181,27500,0.38187976291278575
volume|2024|0|all,top 20 by calls,2024,gas,1181,27750,0.3835732430143946
volume|2024|0|all,top 20 by calls,2024,gas,1181,28000,0.3861134631668078
volume|2024|0|all,top 20 by calls,2024,gas,1181,28250,0.3903471634208298
volume|2024|0|all,top 20 by calls,2024,gas,1181,28500,0.392887383573243
volume|2024|0|all,top 20 by calls,2024,gas,1181,28750,0.392887383573243
volume|2024|0|all,top 20 by calls,2024,gas,1181,29000,0.39458086367485184
volume|2024|0|all,top 20 by calls,2024,gas,1181,29250,0.397121083827265
volume|2024|0|all,top 20 by calls,2024,gas,1181,29500,0.40135478408128705
volume|2024|0|all,top 20 by calls,2024,gas,1181,29750,0.40304826418289585
volume|2024|0|all,top 20 by calls,2024,gas,1181,30000,0.40812870448772226
volume|2024|0|all,top 20 by calls,2024,general,2443,0,0.0
volume|2024|0|all,top 20 by calls,2024,general,2443,250,0.0036839950880065493
volume|2024|0|all,top 20 by calls,2024,general,2443,500,0.0045026606631191155
volume|2024|0|all,top 20 by calls,2024,general,2443,750,0.005321326238231682
volume|2024|0|all,top 20 by calls,2024,general,2443,1000,0.006958657388456815
volume|2024|0|all,top 20 by calls,2024,general,2443,1250,0.008595988538681949
volume|2024|0|all,top 20 by calls,2024,general,2443,1500,0.010233319688907082
volume|2024|0|all,top 20 by calls,2024,general,2443,1750,0.011461318051575931
volume|2024|0|all,top 20 by calls,2024,general,2443,2000,0.011461318051575931
volume|2024|0|all,top 20 by calls,2024,general,2443,2250,0.01514531313958248
volume|2024|0|all,top 20 by calls,2024,general,2443,2500,0.018010642652476462
volume|2024|0|all,top 20 by calls,2024,general,2443,2750,0.02128530495292673
volume|2024|0|all,top 20 by calls,2024,general,2443,3000,0.02374130167826443
volume|2024|0|all,top 20 by calls,2024,general,2443,3250,0.029062627916496112
volume|2024|0|all,top 20 by calls,2024,general,2443,3500,0.034383954154727794
volume|2024|0|all,top 20 by calls,2024,general,2443,3750,0.038477282030290626
volume|2024|0|all,top 20 by calls,2024,general,2443,4000,0.042161277118297175
volume|2024|0|all,top 20 by calls,2024,general,2443,4250,0.046254604993860006
volume|2024|0|all,top 20 by calls,2024,general,2443,4500,0.051985264019647974
volume|2024|0|all,top 20 by calls,2024,general,2443,4750,0.056078591895210805
volume|2024|0|all,top 20 by calls,2024,general,2443,5000,0.05853458862054851
volume|2024|0|all,top 20 by calls,2024,general,2443,5250,0.06508391322144903
volume|2024|0|all,top 20 by calls,2024,general,2443,5500,0.07122390503479328
volume|2024|0|all,top 20 by calls,2024,general,2443,5750,0.07654523127302497
volume|2024|0|all,top 20 by calls,2024,general,2443,6000,0.08391322144903807
volume|2024|0|all,top 20 by calls,2024,general,2443,6250,0.08923454768726975
volume|2024|0|all,top 20 by calls,2024,general,2443,6500,0.09660253786328285
volume|2024|0|all,top 20 by calls,2024,general,2443,6750,0.10478919361440851
volume|2024|0|all,top 20 by calls,2024,general,2443,7000,0.11133851821530905
volume|2024|0|all,top 20 by calls,2024,general,2443,7250,0.12075317232910356
volume|2024|0|all,top 20 by calls,2024,general,2443,7500,0.1273024969300041
volume|2024|0|all,top 20 by calls,2024,general,2443,7750,0.13630781825624233
volume|2024|0|all,top 20 by calls,2024,general,2443,8000,0.14572247237003683
volume|2024|0|all,top 20 by calls,2024,general,2443,8250,0.15268112975849366
volume|2024|0|all,top 20 by calls,2024,general,2443,8500,0.1588211215718379
volume|2024|0|all,top 20 by calls,2024,general,2443,8750,0.16537044617273844
volume|2024|0|all,top 20 by calls,2024,general,2443,9000,0.17232910356119524
volume|2024|0|all,top 20 by calls,2024,general,2443,9250,0.18215309046254605
volume|2024|0|all,top 20 by calls,2024,general,2443,9500,0.18911174785100288
volume|2024|0|all,top 20 by calls,2024,general,2443,9750,0.20057306590257878
volume|2024|0|all,top 20 by calls,2024,general,2443,10000,0.20630372492836677
volume|2024|0|all,top 20 by calls,2024,general,2443,10250,0.2148997134670487
volume|2024|0|all,top 20 by calls,2024,general,2443,10500,0.22390503479328694
volume|2024|0|all,top 20 by calls,2024,general,2443,10750,0.2300450266066312
volume|2024|0|all,top 20 by calls,2024,general,2443,11000,0.23536635284486288
volume|2024|0|all,top 20 by calls,2024,general,2443,11250,0.2472370036839951
volume|2024|0|all,top 20 by calls,2024,general,2443,11500,0.2566516577977896
volume|2024|0|all,top 20 by calls,2024,general,2443,11750,0.26401964797380273
volume|2024|0|all,top 20 by calls,2024,general,2443,12000,0.27261563651248466
volume|2024|0|all,top 20 by calls,2024,general,2443,12250,0.2783462955382726
volume|2024|0|all,top 20 by calls,2024,general,2443,12500,0.28243962341383544
volume|2024|0|all,top 20 by calls,2024,general,2443,12750,0.28898894801473596
volume|2024|0|all,top 20 by calls,2024,general,2443,13000,0.2967662709783054
volume|2024|0|all,top 20 by calls,2024,general,2443,13250,0.3053622595169873
volume|2024|0|all,top 20 by calls,2024,general,2443,13500,0.3123209169054441
volume|2024|0|all,top 20 by calls,2024,general,2443,13750,0.3176422431436758
volume|2024|0|all,top 20 by calls,2024,general,2443,14000,0.3205075726565698
volume|2024|0|all,top 20 by calls,2024,general,2443,14250,0.3278755628325829
volume|2024|0|all,top 20 by calls,2024,general,2443,14500,0.33401555464592714
volume|2024|0|all,top 20 by calls,2024,general,2443,14750,0.3389275480966025
volume|2024|0|all,top 20 by calls,2024,general,2443,15000,0.3438395415472779
volume|2024|0|all,top 20 by calls,2024,general,2443,15250,0.3528448628735162
volume|2024|0|all,top 20 by calls,2024,general,2443,15500,0.3618501841997544
volume|2024|0|all,top 20 by calls,2024,general,2443,15750,0.3688088415882112
volume|2024|0|all,top 20 by calls,2024,general,2443,16000,0.3753581661891118
volume|2024|0|all,top 20 by calls,2024,general,2443,16250,0.37822349570200575
volume|2024|0|all,top 20 by calls,2024,general,2443,16500,0.3835448219402374
volume|2024|0|all,top 20 by calls,2024,general,2443,16750,0.3888661481784691
volume|2024|0|all,top 20 by calls,2024,general,2443,17000,0.39500613999181333
volume|2024|0|all,top 20 by calls,2024,general,2443,17250,0.40196479738027013
volume|2024|0|all,top 20 by calls,2024,general,2443,17500,0.4064674580433893
volume|2024|0|all,top 20 by calls,2024,general,2443,17750,0.41015145313139584
volume|2024|0|all,top 20 by calls,2024,general,2443,18000,0.4154727793696275
volume|2024|0|all,top 20 by calls,2024,general,2443,18250,0.41956610724519033
volume|2024|0|all,top 20 by calls,2024,general,2443,18500,0.42652476463364714
volume|2024|0|all,top 20 by calls,2024,general,2443,18750,0.4310274252967663
volume|2024|0|all,top 20 by calls,2024,general,2443,19000,0.4375767498976668
volume|2024|0|all,top 20 by calls,2024,general,2443,19250,0.44412607449856734
volume|2024|0|all,top 20 by calls,2024,general,2443,19500,0.4498567335243553
volume|2024|0|all,top 20 by calls,2024,general,2443,19750,0.4572247237003684
volume|2024|0|all,top 20 by calls,2024,general,2443,20000,0.46418338108882523
volume|2024|0|all,top 20 by calls,2024,general,2443,20250,0.47073270568972575
volume|2024|0|all,top 20 by calls,2024,general,2443,20500,0.4735980352026197
volume|2024|0|all,top 20 by calls,2024,general,2443,20750,0.48014735980352025
volume|2024|0|all,top 20 by calls,2024,general,2443,21000,0.4834220221039705
volume|2024|0|all,top 20 by calls,2024,general,2443,21250,0.4916086778550962
volume|2024|0|all,top 20 by calls,2024,general,2443,21500,0.49488334015554647
volume|2024|0|all,top 20 by calls,2024,general,2443,21750,0.5006139991813344
volume|2024|0|all,top 20 by calls,2024,general,2443,22000,0.5075726565697912
volume|2024|0|all,top 20 by calls,2024,general,2443,22250,0.5133033155955792
volume|2024|0|all,top 20 by calls,2024,general,2443,22500,0.5178059762586983
volume|2024|0|all,top 20 by calls,2024,general,2443,22750,0.5206713057715923
volume|2024|0|all,top 20 by calls,2024,general,2443,23000,0.5264019647973802
volume|2024|0|all,top 20 by calls,2024,general,2443,23250,0.5329512893982808
volume|2024|0|all,top 20 by calls,2024,general,2443,23500,0.5386819484240688
volume|2024|0|all,top 20 by calls,2024,general,2443,23750,0.5444126074498568
volume|2024|0|all,top 20 by calls,2024,general,2443,24000,0.5501432664756447
volume|2024|0|all,top 20 by calls,2024,general,2443,24250,0.5542365943512075
volume|2024|0|all,top 20 by calls,2024,general,2443,24500,0.5587392550143266
volume|2024|0|all,top 20 by calls,2024,general,2443,24750,0.5616045845272206
volume|2024|0|all,top 20 by calls,2024,general,2443,25000,0.566516577977896
volume|2024|0|all,top 20 by calls,2024,general,2443,25250,0.5706099058534588
volume|2024|0|all,top 20 by calls,2024,general,2443,25500,0.5755218993041342
volume|2024|0|all,top 20 by calls,2024,general,2443,25750,0.5792058943921408
volume|2024|0|all,top 20 by calls,2024,general,2443,26000,0.5816618911174785
volume|2024|0|all,top 20 by calls,2024,general,2443,26250,0.58370855505526
volume|2024|0|all,top 20 by calls,2024,general,2443,26500,0.5886205485059354
volume|2024|0|all,top 20 by calls,2024,general,2443,26750,0.5927138763814982
volume|2024|0|all,top 20 by calls,2024,general,2443,27000,0.5980352026197299
volume|2024|0|all,top 20 by calls,2024,general,2443,27250,0.6017191977077364
volume|2024|0|all,top 20 by calls,2024,general,2443,27500,0.6041751944330741
volume|2024|0|all,top 20 by calls,2024,general,2443,27750,0.6070405239459681
volume|2024|0|all,top 20 by calls,2024,general,2443,28000,0.612771182971756
volume|2024|0|all,top 20 by calls,2024,general,2443,28250,0.6168645108473189
volume|2024|0|all,top 20 by calls,2024,general,2443,28500,0.6193205075726566
volume|2024|0|all,top 20 by calls,2024,general,2443,28750,0.6230045026606631
volume|2024|0|all,top 20 by calls,2024,general,2443,29000,0.6262791649611134
volume|2024|0|all,top 20 by calls,2024,general,2443,29250,0.6295538272615636
volume|2024|0|all,top 20 by calls,2024,general,2443,29500,0.631600491199345
volume|2024|0|all,top 20 by calls,2024,general,2443,29750,0.6348751534997953
volume|2024|0|all,top 20 by calls,2024,general,2443,30000,0.6377404830126893
volume|2024|0|all,top 20 by calls,2024,roro,696,0,0.0
volume|2024|0|all,top 20 by calls,2024,roro,696,250,0.0
volume|2024|0|all,top 20 by calls,2024,roro,696,500,0.0
volume|2024|0|all,top 20 by calls,2024,roro,696,750,0.0
volume|2024|0|all,top 20 by calls,2024,roro,696,1000,0.0
volume|2024|0|all,top 20 by calls,2024,roro,696,1250,0.0
volume|2024|0|all,top 20 by calls,2024,roro,696,1500,0.0028735632183908046
volume|2024|0|all,top 20 by calls,2024,roro,696,1750,0.0028735632183908046
volume|2024|0|all,top 20 by calls,2024,roro,696,2000,0.0028735632183908046
volume|2024|0|all,top 20 by calls,2024,roro,696,2250,0.005747126436781609
volume|2024|0|all,top 20 by calls,2024,roro,696,2500,0.007183908045977011
volume|2024|0|all,top 20 by calls,2024,roro,696,2750,0.010057471264367816
volume|2024|0|all,top 20 by calls,2024,roro,696,3000,0.011494252873563218
volume|2024|0|all,top 20 by calls,2024,roro,696,3250,0.014367816091954023
volume|2024|0|all,top 20 by calls,2024,roro,696,3500,0.017241379310344827
volume|2024|0|all,top 20 by calls,2024,roro,696,3750,0.02586206896551724
volume|2024|0|all,top 20 by calls,2024,roro,696,4000,0.033045977011494254
volume|2024|0|all,top 20 by calls,2024,roro,696,4250,0.033045977011494254
volume|2024|0|all,top 20 by calls,2024,roro,696,4500,0.034482758620689655
volume|2024|0|all,top 20 by calls,2024,roro,696,4750,0.035919540229885055
volume|2024|0|all,top 20 by calls,2024,roro,696,5000,0.04310344827586207
volume|2024|0|all,top 20 by calls,2024,roro,696,5250,0.04454022988505747
volume|2024|0|all,top 20 by calls,2024,roro,696,5500,0.04454022988505747
volume|2024|0|all,top 20 by calls,2024,roro,696,5750,0.04741379310344827
volume|2024|0|all,top 20 by calls,2024,roro,696,6000,0.04741379310344827
volume|2024|0|all,top 20 by calls,2024,roro,696,6250,0.04885057471264368
volume|2024|0|all,top 20 by calls,2024,roro,696,6500,0.05028735632183908
volume|2024|0|all,top 20 by calls,2024,roro,696,6750,0.05603448275862069
volume|2024|0|all,top 20 by calls,2024,roro,696,7000,0.05747126436781609
volume|2024|0|all,top 20 by calls,2024,roro,696,7250,0.05890804597701149
volume|2024|0|all,top 20 by calls,2024,roro,696,7500,0.0617816091954023
volume|2024|0|all,top 20 by calls,2024,roro,696,7750,0.06465517241379311
volume|2024|0|all,top 20 by calls,2024,roro,696,8000,0.06752873563218391
volume|2024|0|all,top 20 by calls,2024,roro,696,8250,0.07327586206896551
volume|2024|0|all,top 20 by calls,2024,roro,696,8500,0.07902298850574713
volume|2024|0|all,top 20 by calls,2024,roro,696,8750,0.08045977011494253
volume|2024|0|all,top 20 by calls,2024,roro,696,9000,0.08333333333333333
volume|2024|0|all,top 20 by calls,2024,roro,696,9250,0.08620689655172414
volume|2024|0|all,top 20 by calls,2024,roro,696,9500,0.08620689655172414
volume|2024|0|all,top 20 by calls,2024,roro,696,9750,0.08908045977011494
volume|2024|0|all,top 20 by calls,2024,roro,696,10000,0.09339080459770115
volume|2024|0|all,top 20 by calls,2024,roro,696,10250,0.10057471264367816
volume|2024|0|all,top 20 by calls,2024,roro,696,10500,0.10488505747126436
volume|2024|0|all,top 20 by calls,2024,roro,696,10750,0.10632183908045977
volume|2024|0|all,top 20 by calls,2024,roro,696,11000,0.10775862068965517
volume|2024|0|all,top 20 by calls,2024,roro,696,11250,0.11350574712643678
volume|2024|0|all,top 20 by calls,2024,roro,696,11500,0.11494252873563218
volume|2024|0|all,top 20 by calls,2024,roro,696,11750,0.11781609195402298
volume|2024|0|all,top 20 by calls,2024,roro,696,12000,0.12643678160919541
volume|2024|0|all,top 20 by calls,2024,roro,696,12250,0.1278735632183908
volume|2024|0|all,top 20 by calls,2024,roro,696,12500,0.1307471264367816
volume|2024|0|all,top 20 by calls,2024,roro,696,12750,0.1336206896551724
volume|2024|0|all,top 20 by calls,2024,roro,696,13000,0.13793103448275862
volume|2024|0|all,top 20 by calls,2024,roro,696,13250,0.14511494252873564
volume|2024|0|all,top 20 by calls,2024,roro,696,13500,0.15229885057471265
volume|2024|0|all,top 20 by calls,2024,roro,696,13750,0.15660919540229884
volume|2024|0|all,top 20 by calls,2024,roro,696,14000,0.16522988505747127
volume|2024|0|all,top 20 by calls,2024,roro,696,14250,0.1724137931034483
volume|2024|0|all,top 20 by calls,2024,roro,696,14500,0.17672413793103448
volume|2024|0|all,top 20 by calls,2024,roro,696,14750,0.1810344827586207
volume|2024|0|all,top 20 by calls,2024,roro,696,15000,0.1867816091954023
volume|2024|0|all,top 20 by calls,2024,roro,696,15250,0.1896551724137931
volume|2024|0|all,top 20 by calls,2024,roro,696,15500,0.1939655172413793
volume|2024|0|all,top 20 by calls,2024,roro,696,15750,0.19827586206896552
volume|2024|0|all,top 20 by calls,2024,roro,696,16000,0.1997126436781609
volume|2024|0|all,top 20 by calls,2024,roro,696,16250,0.2025862068965517
volume|2024|0|all,top 20 by calls,2024,roro,696,16500,0.20833333333333334
volume|2024|0|all,top 20 by calls,2024,roro,696,16750,0.20977011494252873
volume|2024|0|all,top 20 by calls,2024,roro,696,17000,0.21408045977011494
volume|2024|0|all,top 20 by calls,2024,roro,696,17250,0.21695402298850575
volume|2024|0|all,top 20 by calls,2024,roro,696,17500,0.21982758620689655
volume|2024|0|all,top 20 by calls,2024,roro,696,17750,0.22270114942528735
volume|2024|0|all,top 20 by calls,2024,roro,696,18000,0.22844827586206898
volume|2024|0|all,top 20 by calls,2024,roro,696,18250,0.23563218390804597
volume|2024|0|all,top 20 by calls,2024,roro,696,18500,0.23706896551724138
volume|2024|0|all,top 20 by calls,2024,roro,696,18750,0.24568965517241378
volume|2024|0|all,top 20 by calls,2024,roro,696,19000,0.2514367816091954
volume|2024|0|all,top 20 by calls,2024,roro,696,19250,0.2514367816091954
volume|2024|0|all,top 20 by calls,2024,roro,696,19500,0.25287356321839083
volume|2024|0|all,top 20 by calls,2024,roro,696,19750,0.2557471264367816
volume|2024|0|all,top 20 by calls,2024,roro,696,20000,0.2614942528735632
volume|2024|0|all,top 20 by calls,2024,roro,696,20250,0.2686781609195402
volume|2024|0|all,top 20 by calls,2024,roro,696,20500,0.2744252873563218
volume|2024|0|all,top 20 by calls,2024,roro,696,20750,0.28160919540229884
volume|2024|0|all,top 20 by calls,2024,roro,696,21000,0.29022988505747127
volume|2024|0|all,top 20 by calls,2024,roro,696,21250,0.2974137931034483
volume|2024|0|all,top 20 by calls,2024,roro,696,21500,0.3117816091954023
volume|2024|0|all,top 20 by calls,2024,roro,696,21750,0.3232758620689655
volume|2024|0|all,top 20 by calls,2024,roro,696,22000,0.33189655172413796
volume|2024|0|all,top 20 by calls,2024,roro,696,22250,0.34051724137931033
volume|2024|0|all,top 20 by calls,2024,roro,696,22500,0.3505747126436782
volume|2024|0|all,top 20 by calls,2024,roro,696,22750,0.3620689655172414
volume|2024|0|all,top 20 by calls,2024,roro,696,23000,0.3706896551724138
volume|2024|0|all,top 20 by calls,2024,roro,696,23250,0.3850574712643678
volume|2024|0|all,top 20 by calls,2024,roro,696,23500,0.3936781609195402
volume|2024|0|all,top 20 by calls,2024,roro,696,23750,0.40373563218390807
volume|2024|0|all,top 20 by calls,2024,roro,696,24000,0.4109195402298851
volume|2024|0|all,top 20 by calls,2024,roro,696,24250,0.41954022988505746
volume|2024|0|all,top 20 by calls,2024,roro,696,24500,0.42528735632183906
volume|2024|0|all,top 20 by calls,2024,roro,696,24750,0.4339080459770115
volume|2024|0|all,top 20 by calls,2024,roro,696,25000,0.4382183908045977
volume|2024|0|all,top 20 by calls,2024,roro,696,25250,0.4425287356321839
volume|2024|0|all,top 20 by calls,2024,roro,696,25500,0.4468390804597701
volume|2024|0|all,top 20 by calls,2024,roro,696,25750,0.4482758620689655
volume|2024|0|all,top 20 by calls,2024,roro,696,26000,0.4511494252873563
volume|2024|0|all,top 20 by calls,2024,roro,696,26250,0.45689655172413796
volume|2024|0|all,top 20 by calls,2024,roro,696,26500,0.47126436781609193
volume|2024|0|all,top 20 by calls,2024,roro,696,26750,0.47413793103448276
volume|2024|0|all,top 20 by calls,2024,roro,696,27000,0.47844827586206895
volume|2024|0|all,top 20 by calls,2024,roro,696,27250,0.4813218390804598
volume|2024|0|all,top 20 by calls,2024,roro,696,27500,0.4870689655172414
volume|2024|0|all,top 20 by calls,2024,roro,696,27750,0.4899425287356322
volume|2024|0|all,top 20 by calls,2024,roro,696,28000,0.4985632183908046
volume|2024|0|all,top 20 by calls,2024,roro,696,28250,0.5043103448275862
volume|2024|0|all,top 20 by calls,2024,roro,696,28500,0.5086206896551724
volume|2024|0|all,top 20 by calls,2024,roro,696,28750,0.5158045977011494
volume|2024|0|all,top 20 by calls,2024,roro,696,29000,0.521551724137931
volume|2024|0|all,top 20 by calls,2024,roro,696,29250,0.5272988505747126
volume|2024|0|all,top 20 by calls,2024,roro,696,29500,0.5316091954022989
volume|2024|0|all,top 20 by calls,2024,roro,696,29750,0.5316091954022989
volume|2024|0|all,top 20 by calls,2024,roro,696,30000,0.5330459770114943
greedy|2024|7000|all,20 chosen for continuity,2024,all,23035,0,0.0001302365964836119
greedy|2024|7000|all,20 chosen for continuity,2024,all,23035,250,0.0009550683742131538
greedy|2024|7000|all,20 chosen for continuity,2024,all,23035,500,0.0016930757542869546
greedy|2024|7000|all,20 chosen for continuity,2024,all,23035,750,0.002257434339049273
greedy|2024|7000|all,20 chosen for continuity,2024,all,23035,1000,0.0033427393097460387
greedy|2024|7000|all,20 chosen for continuity,2024,all,23035,1250,0.005209463859344476
greedy|2024|7000|all,20 chosen for continuity,2024,all,23035,1500,0.009159973952680703
greedy|2024|7000|all,20 chosen for continuity,2024,all,23035,1750,0.01098328630345127
greedy|2024|7000|all,20 chosen for continuity,2024,all,23035,2000,0.012502713262426742
greedy|2024|7000|all,20 chosen for continuity,2024,all,23035,2250,0.014239201215541567
greedy|2024|7000|all,20 chosen for continuity,2024,all,23035,2500,0.016974169741697416
greedy|2024|7000|all,20 chosen for continuity,2024,all,23035,2750,0.01992619926199262
greedy|2024|7000|all,20 chosen for continuity,2024,all,23035,3000,0.023529411764705882
greedy|2024|7000|all,20 chosen for continuity,2024,all,23035,3250,0.028738875624050357
greedy|2024|7000|all,20 chosen for continuity,2024,all,23035,3500,0.03373127848925548
greedy|2024|7000|all,20 chosen for continuity,2024,all,23035,3750,0.03737790319079661
greedy|2024|7000|all,20 chosen for continuity,2024,all,23035,4000,0.04171912307358368
greedy|2024|7000|all,20 chosen for continuity,2024,all,23035,4250,0.04510527458215759
greedy|2024|7000|all,20 chosen for continuity,2024,all,23035,4500,0.04948990666377252
greedy|2024|7000|all,20 chosen for continuity,2024,all,23035,4750,0.053961363143043194
greedy|2024|7000|all,20 chosen for continuity,2024,all,23035,5000,0.05856305621879748
greedy|2024|7000|all,20 chosen for continuity,2024,all,23035,5250,0.06446711525938789
greedy|2024|7000|all,20 chosen for continuity,2024,all,23035,5500,0.0697634035163881
greedy|2024|7000|all,20 chosen for continuity,2024,all,23035,5750,0.07475580638159322
greedy|2024|7000|all,20 chosen for continuity,2024,all,23035,6000,0.08005209463859345
greedy|2024|7000|all,20 chosen for continuity,2024,all,23035,6250,0.08421966572606902
greedy|2024|7000|all,20 chosen for continuity,2024,all,23035,6500,0.09060125895376601
greedy|2024|7000|all,20 chosen for continuity,2024,all,23035,6750,0.09576731061428262
greedy|2024|7000|all,20 chosen for continuity,2024,all,23035,7000,0.10071630128065986
greedy|2024|7000|all,20 chosen for continuity,2024,all,23035,7250,0.1058389407423486
greedy|2024|7000|all,20 chosen for continuity,2024,all,23035,7500,0.11083134360755373
greedy|2024|7000|all,20 chosen for continuity,2024,all,23035,7750,0.11660516605166052
greedy|2024|7000|all,20 chosen for continuity,2024,all,23035,8000,0.12246581289342305
greedy|2024|7000|all,20 chosen for continuity,2024,all,23035,8250,0.12880399392229216
greedy|2024|7000|all,20 chosen for continuity,2024,all,23035,8500,0.13462122856522682
greedy|2024|7000|all,20 chosen for continuity,2024,all,23035,8750,0.14095940959409595
greedy|2024|7000|all,20 chosen for continuity,2024,all,23035,9000,0.1470805296288257
greedy|2024|7000|all,20 chosen for continuity,2024,all,23035,9250,0.1559366181897113
greedy|2024|7000|all,20 chosen for continuity,2024,all,23035,9500,0.16175385283264598
greedy|2024|7000|all,20 chosen for continuity,2024,all,23035,9750,0.16891686563924463
greedy|2024|7000|all,20 chosen for continuity,2024,all,23035,10000,0.17577599305404817
greedy|2024|7000|all,20 chosen for continuity,2024,all,23035,10250,0.1824180594747124
greedy|2024|7000|all,20 chosen for continuity,2024,all,23035,10500,0.18923377469068808
greedy|2024|7000|all,20 chosen for continuity,2024,all,23035,10750,0.19617972650314738
greedy|2024|7000|all,20 chosen for continuity,2024,all,23035,11000,0.202691556327328
greedy|2024|7000|all,20 chosen for continuity,2024,all,23035,11250,0.21028869112220533
greedy|2024|7000|all,20 chosen for continuity,2024,all,23035,11500,0.21736487953114825
greedy|2024|7000|all,20 chosen for continuity,2024,all,23035,11750,0.224831777729542
greedy|2024|7000|all,20 chosen for continuity,2024,all,23035,12000,0.23281962231387018
greedy|2024|7000|all,20 chosen for continuity,2024,all,23035,12250,0.23980898632515738
greedy|2024|7000|all,20 chosen for continuity,2024,all,23035,12500,0.24736270892120685
greedy|2024|7000|all,20 chosen for continuity,2024,all,23035,12750,0.25522031690905145
greedy|2024|7000|all,20 chosen for continuity,2024,all,23035,13000,0.2625135663121337
greedy|2024|7000|all,20 chosen for continuity,2024,all,23035,13250,0.2704145864988062
greedy|2024|7000|all,20 chosen for continuity,2024,all,23035,13500,0.2777946602995442
greedy|2024|7000|all,20 chosen for continuity,2024,all,23035,13750,0.28474061211200347
greedy|2024|7000|all,20 chosen for continuity,2024,all,23035,14000,0.29155632732797915
greedy|2024|7000|all,20 chosen for continuity,2024,all,23035,14250,0.2984588669416106
greedy|2024|7000|all,20 chosen for continuity,2024,all,23035,14500,0.30462339917516823
greedy|2024|7000|all,20 chosen for continuity,2024,all,23035,14750,0.31191664857825047
greedy|2024|7000|all,20 chosen for continuity,2024,all,23035,15000,0.31903624918602125
greedy|2024|7000|all,20 chosen for continuity,2024,all,23035,15250,0.3255480790102019
greedy|2024|7000|all,20 chosen for continuity,2024,all,23035,15500,0.3324506186238333
greedy|2024|7000|all,20 chosen for continuity,2024,all,23035,15750,0.33948339483394835
greedy|2024|7000|all,20 chosen for continuity,2024,all,23035,16000,0.3455176904710224
greedy|2024|7000|all,20 chosen for continuity,2024,all,23035,16250,0.35103103972216193
greedy|2024|7000|all,20 chosen for continuity,2024,all,23035,16500,0.358063815932277
greedy|2024|7000|all,20 chosen for continuity,2024,all,23035,16750,0.3657043629259822
greedy|2024|7000|all,20 chosen for continuity,2024,all,23035,17000,0.3723898415454743
greedy|2024|7000|all,20 chosen for continuity,2024,all,23035,17250,0.3779466029954417
greedy|2024|7000|all,20 chosen for continuity,2024,all,23035,17500,0.38515302800086826
greedy|2024|7000|all,20 chosen for continuity,2024,all,23035,17750,0.3931408725851964
greedy|2024|7000|all,20 chosen for continuity,2024,all,23035,18000,0.40243108313436077
greedy|2024|7000|all,20 chosen for continuity,2024,all,23035,18250,0.41011504232689383
greedy|2024|7000|all,20 chosen for continuity,2024,all,23035,18500,0.41810288691122205
greedy|2024|7000|all,20 chosen for continuity,2024,all,23035,18750,0.42583025830258303
greedy|2024|7000|all,20 chosen for continuity,2024,all,23035,19000,0.4341219882787063
greedy|2024|7000|all,20 chosen for continuity,2024,all,23035,19250,0.4403733449099197
greedy|2024|7000|all,20 chosen for continuity,2024,all,23035,19500,0.4490991968743217
greedy|2024|7000|all,20 chosen for continuity,2024,all,23035,19750,0.45678315606685477
greedy|2024|7000|all,20 chosen for continuity,2024,all,23035,20000,0.4638593444757977
greedy|2024|7000|all,20 chosen for continuity,2024,all,23035,20250,0.4724549598437161
greedy|2024|7000|all,20 chosen for continuity,2024,all,23035,20500,0.4803993922292164
greedy|2024|7000|all,20 chosen for continuity,2024,all,23035,20750,0.48890818319947904
greedy|2024|7000|all,20 chosen for continuity,2024,all,23035,21000,0.49559366181897113
greedy|2024|7000|all,20 chosen for continuity,2024,all,23035,21250,0.5042761015845453
greedy|2024|7000|all,20 chosen for continuity,2024,all,23035,21500,0.5113088777946603
greedy|2024|7000|all,20 chosen for continuity,2024,all,23035,21750,0.5196440199696115
greedy|2024|7000|all,20 chosen for continuity,2024,all,23035,22000,0.5275884523551118
greedy|2024|7000|all,20 chosen for continuity,2024,all,23035,22250,0.5361406555242023
greedy|2024|7000|all,20 chosen for continuity,2024,all,23035,22500,0.5428695463425223
greedy|2024|7000|all,20 chosen for continuity,2024,all,23035,22750,0.5503798567397439
greedy|2024|7000|all,20 chosen for continuity,2024,all,23035,23000,0.5585847623182114
greedy|2024|7000|all,20 chosen for continuity,2024,all,23035,23250,0.5680920338615151
greedy|2024|7000|all,20 chosen for continuity,2024,all,23035,23500,0.5752116344692859
greedy|2024|7000|all,20 chosen for continuity,2024,all,23035,23750,0.5821575862817452
greedy|2024|7000|all,20 chosen for continuity,2024,all,23035,24000,0.5886694161059257
greedy|2024|7000|all,20 chosen for continuity,2024,all,23035,24250,0.5947471239418276
greedy|2024|7000|all,20 chosen for continuity,2024,all,23035,24500,0.601693075754287
greedy|2024|7000|all,20 chosen for continuity,2024,all,23035,24750,0.6065118298241806
greedy|2024|7000|all,20 chosen for continuity,2024,all,23035,25000,0.6112437594964185
greedy|2024|7000|all,20 chosen for continuity,2024,all,23035,25250,0.617104406338181
greedy|2024|7000|all,20 chosen for continuity,2024,all,23035,25500,0.6224875189928369
greedy|2024|7000|all,20 chosen for continuity,2024,all,23035,25750,0.6275667462556979
greedy|2024|7000|all,20 chosen for continuity,2024,all,23035,26000,0.6321684393314522
greedy|2024|7000|all,20 chosen for continuity,2024,all,23035,26250,0.6369437812025179
greedy|2024|7000|all,20 chosen for continuity,2024,all,23035,26500,0.6417191230735837
greedy|2024|7000|all,20 chosen for continuity,2024,all,23035,26750,0.6454959843716084
greedy|2024|7000|all,20 chosen for continuity,2024,all,23035,27000,0.6498806164532234
greedy|2024|7000|all,20 chosen for continuity,2024,all,23035,27250,0.6541784241371825
greedy|2024|7000|all,20 chosen for continuity,2024,all,23035,27500,0.658042109832863
greedy|2024|7000|all,20 chosen for continuity,2024,all,23035,27750,0.6626438029086174
greedy|2024|7000|all,20 chosen for continuity,2024,all,23035,28000,0.6672889081831995
greedy|2024|7000|all,20 chosen for continuity,2024,all,23035,28250,0.6712394182765357
greedy|2024|7000|all,20 chosen for continuity,2024,all,23035,28500,0.6752333405686998
greedy|2024|7000|all,20 chosen for continuity,2024,all,23035,28750,0.6790970262643803
greedy|2024|7000|all,20 chosen for continuity,2024,all,23035,29000,0.6830041241588887
greedy|2024|7000|all,20 chosen for continuity,2024,all,23035,29250,0.6863468634686347
greedy|2024|7000|all,20 chosen for continuity,2024,all,23035,29500,0.6908183199479053
greedy|2024|7000|all,20 chosen for continuity,2024,all,23035,29750,0.6950727154330367
greedy|2024|7000|all,20 chosen for continuity,2024,all,23035,30000,0.6992402865205123
greedy|2024|7000|all,20 chosen for continuity,2024,container,3784,0,0.0
greedy|2024|7000|all,20 chosen for continuity,2024,container,3784,250,0.0007928118393234672
greedy|2024|7000|all,20 chosen for continuity,2024,container,3784,500,0.0010570824524312897
greedy|2024|7000|all,20 chosen for continuity,2024,container,3784,750,0.0021141649048625794
greedy|2024|7000|all,20 chosen for continuity,2024,container,3784,1000,0.005021141649048625
greedy|2024|7000|all,20 chosen for continuity,2024,container,3784,1250,0.009513742071881607
greedy|2024|7000|all,20 chosen for continuity,2024,container,3784,1500,0.019556025369978858
greedy|2024|7000|all,20 chosen for continuity,2024,container,3784,1750,0.02510570824524313
greedy|2024|7000|all,20 chosen for continuity,2024,container,3784,2000,0.030126849894291756
greedy|2024|7000|all,20 chosen for continuity,2024,container,3784,2250,0.034355179704016914
greedy|2024|7000|all,20 chosen for continuity,2024,container,3784,2500,0.040697674418604654
greedy|2024|7000|all,20 chosen for continuity,2024,container,3784,2750,0.04730443974630021
greedy|2024|7000|all,20 chosen for continuity,2024,container,3784,3000,0.05628964059196617
greedy|2024|7000|all,20 chosen for continuity,2024,container,3784,3250,0.07188160676532769
greedy|2024|7000|all,20 chosen for continuity,2024,container,3784,3500,0.08615221987315011
greedy|2024|7000|all,20 chosen for continuity,2024,container,3784,3750,0.09460887949260043
greedy|2024|7000|all,20 chosen for continuity,2024,container,3784,4000,0.10650105708245243
greedy|2024|7000|all,20 chosen for continuity,2024,container,3784,4250,0.11469344608879492
greedy|2024|7000|all,20 chosen for continuity,2024,container,3784,4500,0.12315010570824525
greedy|2024|7000|all,20 chosen for continuity,2024,container,3784,4750,0.13424947145877378
greedy|2024|7000|all,20 chosen for continuity,2024,container,3784,5000,0.14297040169133193
greedy|2024|7000|all,20 chosen for continuity,2024,container,3784,5250,0.15380549682875264
greedy|2024|7000|all,20 chosen for continuity,2024,container,3784,5500,0.15988372093023256
greedy|2024|7000|all,20 chosen for continuity,2024,container,3784,5750,0.16886892177589852
greedy|2024|7000|all,20 chosen for continuity,2024,container,3784,6000,0.18102536997885835
greedy|2024|7000|all,20 chosen for continuity,2024,container,3784,6250,0.18921775898520085
greedy|2024|7000|all,20 chosen for continuity,2024,container,3784,6500,0.19952431289640593
greedy|2024|7000|all,20 chosen for continuity,2024,container,3784,6750,0.20745243128964058
greedy|2024|7000|all,20 chosen for continuity,2024,container,3784,7000,0.214323467230444
greedy|2024|7000|all,20 chosen for continuity,2024,container,3784,7250,0.22093023255813954
greedy|2024|7000|all,20 chosen for continuity,2024,container,3784,7500,0.22780126849894292
greedy|2024|7000|all,20 chosen for continuity,2024,container,3784,7750,0.2370507399577167
greedy|2024|7000|all,20 chosen for continuity,2024,container,3784,8000,0.24550739957716702
greedy|2024|7000|all,20 chosen for continuity,2024,container,3784,8250,0.25422832980972515
greedy|2024|7000|all,20 chosen for continuity,2024,container,3784,8500,0.26268498942917545
greedy|2024|7000|all,20 chosen for continuity,2024,container,3784,8750,0.27219873150105706
greedy|2024|7000|all,20 chosen for continuity,2024,container,3784,9000,0.28250528541226216
greedy|2024|7000|all,20 chosen for continuity,2024,container,3784,9250,0.29096194503171247
greedy|2024|7000|all,20 chosen for continuity,2024,container,3784,9500,0.29941860465116277
greedy|2024|7000|all,20 chosen for continuity,2024,container,3784,9750,0.3068181818181818
greedy|2024|7000|all,20 chosen for continuity,2024,container,3784,10000,0.3171247357293869
greedy|2024|7000|all,20 chosen for continuity,2024,container,3784,10250,0.32716701902748413
greedy|2024|7000|all,20 chosen for continuity,2024,container,3784,10500,0.33668076109936573
greedy|2024|7000|all,20 chosen for continuity,2024,container,3784,10750,0.3456659619450317
greedy|2024|7000|all,20 chosen for continuity,2024,container,3784,11000,0.35200845665961944
greedy|2024|7000|all,20 chosen for continuity,2024,container,3784,11250,0.36390063424947144
greedy|2024|7000|all,20 chosen for continuity,2024,container,3784,11500,0.37315010570824525
greedy|2024|7000|all,20 chosen for continuity,2024,container,3784,11750,0.38028541226215645
greedy|2024|7000|all,20 chosen for continuity,2024,container,3784,12000,0.3927061310782241
greedy|2024|7000|all,20 chosen for continuity,2024,container,3784,12250,0.403276955602537
greedy|2024|7000|all,20 chosen for continuity,2024,container,3784,12500,0.4130549682875264
greedy|2024|7000|all,20 chosen for continuity,2024,container,3784,12750,0.42283298097251587
greedy|2024|7000|all,20 chosen for continuity,2024,container,3784,13000,0.4299682875264271
greedy|2024|7000|all,20 chosen for continuity,2024,container,3784,13250,0.4392177589852008
greedy|2024|7000|all,20 chosen for continuity,2024,container,3784,13500,0.4474101479915433
greedy|2024|7000|all,20 chosen for continuity,2024,container,3784,13750,0.4540169133192389
greedy|2024|7000|all,20 chosen for continuity,2024,container,3784,14000,0.46405919661733613
greedy|2024|7000|all,20 chosen for continuity,2024,container,3784,14250,0.471723044397463
greedy|2024|7000|all,20 chosen for continuity,2024,container,3784,14500,0.4788583509513742
greedy|2024|7000|all,20 chosen for continuity,2024,container,3784,14750,0.48493657505285415
greedy|2024|7000|all,20 chosen for continuity,2024,container,3784,15000,0.49339323467230445
greedy|2024|7000|all,20 chosen for continuity,2024,container,3784,15250,0.49841437632135305
greedy|2024|7000|all,20 chosen for continuity,2024,container,3784,15500,0.5055496828752643
greedy|2024|7000|all,20 chosen for continuity,2024,container,3784,15750,0.5124207188160677
greedy|2024|7000|all,20 chosen for continuity,2024,container,3784,16000,0.5169133192389006
greedy|2024|7000|all,20 chosen for continuity,2024,container,3784,16250,0.5200845665961945
greedy|2024|7000|all,20 chosen for continuity,2024,container,3784,16500,0.5277484143763214
greedy|2024|7000|all,20 chosen for continuity,2024,container,3784,16750,0.5332980972515856
greedy|2024|7000|all,20 chosen for continuity,2024,container,3784,17000,0.5369978858350951
greedy|2024|7000|all,20 chosen for continuity,2024,container,3784,17250,0.5414904862579282
greedy|2024|7000|all,20 chosen for continuity,2024,container,3784,17500,0.5459830866807611
greedy|2024|7000|all,20 chosen for continuity,2024,container,3784,17750,0.5496828752642706
greedy|2024|7000|all,20 chosen for continuity,2024,container,3784,18000,0.5554968287526427
greedy|2024|7000|all,20 chosen for continuity,2024,container,3784,18250,0.5623678646934461
greedy|2024|7000|all,20 chosen for continuity,2024,container,3784,18500,0.570031712473573
greedy|2024|7000|all,20 chosen for continuity,2024,container,3784,18750,0.5776955602536998
greedy|2024|7000|all,20 chosen for continuity,2024,container,3784,19000,0.5856236786469344
greedy|2024|7000|all,20 chosen for continuity,2024,container,3784,19250,0.5893234672304439
greedy|2024|7000|all,20 chosen for continuity,2024,container,3784,19500,0.5930232558139535
greedy|2024|7000|all,20 chosen for continuity,2024,container,3784,19750,0.5940803382663847
greedy|2024|7000|all,20 chosen for continuity,2024,container,3784,20000,0.5969873150105708
greedy|2024|7000|all,20 chosen for continuity,2024,container,3784,20250,0.6006871035940803
greedy|2024|7000|all,20 chosen for continuity,2024,container,3784,20500,0.6088794926004228
greedy|2024|7000|all,20 chosen for continuity,2024,container,3784,20750,0.6133720930232558
greedy|2024|7000|all,20 chosen for continuity,2024,container,3784,21000,0.616014799154334
greedy|2024|7000|all,20 chosen for continuity,2024,container,3784,21250,0.6210359408033826
greedy|2024|7000|all,20 chosen for continuity,2024,container,3784,21500,0.6260570824524313
greedy|2024|7000|all,20 chosen for continuity,2024,container,3784,21750,0.6363636363636364
greedy|2024|7000|all,20 chosen for continuity,2024,container,3784,22000,0.6442917547568711
greedy|2024|7000|all,20 chosen for continuity,2024,container,3784,22250,0.6538054968287527
greedy|2024|7000|all,20 chosen for continuity,2024,container,3784,22500,0.6601479915433404
greedy|2024|7000|all,20 chosen for continuity,2024,container,3784,22750,0.6649048625792812
greedy|2024|7000|all,20 chosen for continuity,2024,container,3784,23000,0.6699260042283298
greedy|2024|7000|all,20 chosen for continuity,2024,container,3784,23250,0.6765327695560254
greedy|2024|7000|all,20 chosen for continuity,2024,container,3784,23500,0.6818181818181818
greedy|2024|7000|all,20 chosen for continuity,2024,container,3784,23750,0.6839323467230444
greedy|2024|7000|all,20 chosen for continuity,2024,container,3784,24000,0.6881606765327696
greedy|2024|7000|all,20 chosen for continuity,2024,container,3784,24250,0.6921247357293869
greedy|2024|7000|all,20 chosen for continuity,2024,container,3784,24500,0.6945031712473573
greedy|2024|7000|all,20 chosen for continuity,2024,container,3784,24750,0.6968816067653277
greedy|2024|7000|all,20 chosen for continuity,2024,container,3784,25000,0.6995243128964059
greedy|2024|7000|all,20 chosen for continuity,2024,container,3784,25250,0.702431289640592
greedy|2024|7000|all,20 chosen for continuity,2024,container,3784,25500,0.7040169133192389
greedy|2024|7000|all,20 chosen for continuity,2024,container,3784,25750,0.7058668076109936
greedy|2024|7000|all,20 chosen for continuity,2024,container,3784,26000,0.7077167019027484
greedy|2024|7000|all,20 chosen for continuity,2024,container,3784,26250,0.7103594080338267
greedy|2024|7000|all,20 chosen for continuity,2024,container,3784,26500,0.7116807610993657
greedy|2024|7000|all,20 chosen for continuity,2024,container,3784,26750,0.7124735729386892
greedy|2024|7000|all,20 chosen for continuity,2024,container,3784,27000,0.7132663847780126
greedy|2024|7000|all,20 chosen for continuity,2024,container,3784,27250,0.7148520084566596
greedy|2024|7000|all,20 chosen for continuity,2024,container,3784,27500,0.7148520084566596
greedy|2024|7000|all,20 chosen for continuity,2024,container,3784,27750,0.7156448202959831
greedy|2024|7000|all,20 chosen for continuity,2024,container,3784,28000,0.7161733615221987
greedy|2024|7000|all,20 chosen for continuity,2024,container,3784,28250,0.7169661733615222
greedy|2024|7000|all,20 chosen for continuity,2024,container,3784,28500,0.7174947145877378
greedy|2024|7000|all,20 chosen for continuity,2024,container,3784,28750,0.7185517970401691
greedy|2024|7000|all,20 chosen for continuity,2024,container,3784,29000,0.7198731501057083
greedy|2024|7000|all,20 chosen for continuity,2024,container,3784,29250,0.7204016913319239
greedy|2024|7000|all,20 chosen for continuity,2024,container,3784,29500,0.7206659619450317
greedy|2024|7000|all,20 chosen for continuity,2024,container,3784,29750,0.7225158562367865
greedy|2024|7000|all,20 chosen for continuity,2024,container,3784,30000,0.7238372093023255
greedy|2024|7000|all,20 chosen for continuity,2024,bulk,9143,0,0.0
greedy|2024|7000|all,20 chosen for continuity,2024,bulk,9143,250,0.00010937329104232747
greedy|2024|7000|all,20 chosen for continuity,2024,bulk,9143,500,0.0005468664552116373
greedy|2024|7000|all,20 chosen for continuity,2024,bulk,9143,750,0.0006562397462539647
greedy|2024|7000|all,20 chosen for continuity,2024,bulk,9143,1000,0.0010937329104232746
greedy|2024|7000|all,20 chosen for continuity,2024,bulk,9143,1250,0.001203106201465602
greedy|2024|7000|all,20 chosen for continuity,2024,bulk,9143,1500,0.0032811987312698237
greedy|2024|7000|all,20 chosen for continuity,2024,bulk,9143,1750,0.003828065186481461
greedy|2024|7000|all,20 chosen for continuity,2024,bulk,9143,2000,0.0042655583506507715
greedy|2024|7000|all,20 chosen for continuity,2024,bulk,9143,2250,0.005140544678989391
greedy|2024|7000|all,20 chosen for continuity,2024,bulk,9143,2500,0.006343650880454993
greedy|2024|7000|all,20 chosen for continuity,2024,bulk,9143,2750,0.007656130372962922
greedy|2024|7000|all,20 chosen for continuity,2024,bulk,9143,3000,0.008531116701301543
greedy|2024|7000|all,20 chosen for continuity,2024,bulk,9143,3250,0.009187356447555507
greedy|2024|7000|all,20 chosen for continuity,2024,bulk,9143,3500,0.010609209231105764
greedy|2024|7000|all,20 chosen for continuity,2024,bulk,9143,3750,0.01170294214152904
greedy|2024|7000|all,20 chosen for continuity,2024,bulk,9143,4000,0.012359181887783004
greedy|2024|7000|all,20 chosen for continuity,2024,bulk,9143,4250,0.013234168216121623
greedy|2024|7000|all,20 chosen for continuity,2024,bulk,9143,4500,0.015312260745925845
greedy|2024|7000|all,20 chosen for continuity,2024,bulk,9143,4750,0.01717160669364541
greedy|2024|7000|all,20 chosen for continuity,2024,bulk,9143,5000,0.018812206059280325
greedy|2024|7000|all,20 chosen for continuity,2024,bulk,9143,5250,0.021437165044296182
greedy|2024|7000|all,20 chosen for continuity,2024,bulk,9143,5500,0.023843377447227386
greedy|2024|7000|all,20 chosen for continuity,2024,bulk,9143,5750,0.025812096685989282
greedy|2024|7000|all,20 chosen for continuity,2024,bulk,9143,6000,0.027890189215793504
greedy|2024|7000|all,20 chosen for continuity,2024,bulk,9143,6250,0.02974953516351307
greedy|2024|7000|all,20 chosen for continuity,2024,bulk,9143,6500,0.033905720223121515
greedy|2024|7000|all,20 chosen for continuity,2024,bulk,9143,6750,0.036858799081264354
greedy|2024|7000|all,20 chosen for continuity,2024,bulk,9143,7000,0.039921251230449525
greedy|2024|7000|all,20 chosen for continuity,2024,bulk,9143,7250,0.04363994312588866
greedy|2024|7000|all,20 chosen for continuity,2024,bulk,9143,7500,0.04681176856611616
greedy|2024|7000|all,20 chosen for continuity,2024,bulk,9143,7750,0.049983594006343654
greedy|2024|7000|all,20 chosen for continuity,2024,bulk,9143,8000,0.05359291261074046
greedy|2024|7000|all,20 chosen for continuity,2024,bulk,9143,8250,0.05643661817784097
greedy|2024|7000|all,20 chosen for continuity,2024,bulk,9143,8500,0.059717816909110794
greedy|2024|7000|all,20 chosen for continuity,2024,bulk,9143,8750,0.06288964234933829
greedy|2024|7000|all,20 chosen for continuity,2024,bulk,9143,9000,0.06606146778956579
greedy|2024|7000|all,20 chosen for continuity,2024,bulk,9143,9250,0.07076451930438588
greedy|2024|7000|all,20 chosen for continuity,2024,bulk,9143,9500,0.07415509132669802
greedy|2024|7000|all,20 chosen for continuity,2024,bulk,9143,9750,0.07820190309526413
greedy|2024|7000|all,20 chosen for continuity,2024,bulk,9143,10000,0.08388931422946516
greedy|2024|7000|all,20 chosen for continuity,2024,bulk,9143,10250,0.08727988625177732
greedy|2024|7000|all,20 chosen for continuity,2024,bulk,9143,10500,0.09176419118451275
greedy|2024|7000|all,20 chosen for continuity,2024,bulk,9143,10750,0.09767034890079843
greedy|2024|7000|all,20 chosen for continuity,2024,bulk,9143,11000,0.10226402712457618
greedy|2024|7000|all,20 chosen for continuity,2024,bulk,9143,11250,0.10652958547522695
greedy|2024|7000|all,20 chosen for continuity,2024,bulk,9143,11500,0.11079514382587773
greedy|2024|7000|all,20 chosen for continuity,2024,bulk,9143,11750,0.11560756863174013
greedy|2024|7000|all,20 chosen for continuity,2024,bulk,9143,12000,0.11954500710926391
greedy|2024|7000|all,20 chosen for continuity,2024,bulk,9143,12250,0.12435743191512633
greedy|2024|7000|all,20 chosen for continuity,2024,bulk,9143,12500,0.1289511101389041
greedy|2024|7000|all,20 chosen for continuity,2024,bulk,9143,12750,0.13409165481789348
greedy|2024|7000|all,20 chosen for continuity,2024,bulk,9143,13000,0.13846658645958657
greedy|2024|7000|all,20 chosen for continuity,2024,bulk,9143,13250,0.1441539975937876
greedy|2024|7000|all,20 chosen for continuity,2024,bulk,9143,13500,0.14820080936235372
greedy|2024|7000|all,20 chosen for continuity,2024,bulk,9143,13750,0.15432571366072406
greedy|2024|7000|all,20 chosen for continuity,2024,bulk,9143,14000,0.16001312479492508
greedy|2024|7000|all,20 chosen for continuity,2024,bulk,9143,14250,0.16449742972766052
greedy|2024|7000|all,20 chosen for continuity,2024,bulk,9143,14500,0.16865361478726895
greedy|2024|7000|all,20 chosen for continuity,2024,bulk,9143,14750,0.17466914579459697
greedy|2024|7000|all,20 chosen for continuity,2024,bulk,9143,15000,0.18145028983922126
greedy|2024|7000|all,20 chosen for continuity,2024,bulk,9143,15250,0.1859345947719567
greedy|2024|7000|all,20 chosen for continuity,2024,bulk,9143,15500,0.19173137919720004
greedy|2024|7000|all,20 chosen for continuity,2024,bulk,9143,15750,0.19785628349557038
greedy|2024|7000|all,20 chosen for continuity,2024,bulk,9143,16000,0.20343432133872907
greedy|2024|7000|all,20 chosen for continuity,2024,bulk,9143,16250,0.2078092529804222
greedy|2024|7000|all,20 chosen for continuity,2024,bulk,9143,16500,0.21513726348025813
greedy|2024|7000|all,20 chosen for continuity,2024,bulk,9143,16750,0.22202778081592475
greedy|2024|7000|all,20 chosen for continuity,2024,bulk,9143,17000,0.22826205840533742
greedy|2024|7000|all,20 chosen for continuity,2024,bulk,9143,17250,0.2334026030843268
greedy|2024|7000|all,20 chosen for continuity,2024,bulk,9143,17500,0.24182434649458603
greedy|2024|7000|all,20 chosen for continuity,2024,bulk,9143,17750,0.2500273433227606
greedy|2024|7000|all,20 chosen for continuity,2024,bulk,9143,18000,0.26107404571803566
greedy|2024|7000|all,20 chosen for continuity,2024,bulk,9143,18250,0.26905829596412556
greedy|2024|7000|all,20 chosen for continuity,2024,bulk,9143,18500,0.27704254621021546
greedy|2024|7000|all,20 chosen for continuity,2024,bulk,9143,18750,0.28601115607568633
greedy|2024|7000|all,20 chosen for continuity,2024,bulk,9143,19000,0.2958547522694958
greedy|2024|7000|all,20 chosen for continuity,2024,bulk,9143,19250,0.30405774909767036
greedy|2024|7000|all,20 chosen for continuity,2024,bulk,9143,19500,0.31871377009734225
greedy|2024|7000|all,20 chosen for continuity,2024,bulk,9143,19750,0.329651099201575
greedy|2024|7000|all,20 chosen for continuity,2024,bulk,9143,20000,0.3388384556491305
greedy|2024|7000|all,20 chosen for continuity,2024,bulk,9143,20250,0.34901017171606696
greedy|2024|7000|all,20 chosen for continuity,2024,bulk,9143,20500,0.35907251449196104
greedy|2024|7000|all,20 chosen for continuity,2024,bulk,9143,20750,0.36979109701410917
greedy|2024|7000|all,20 chosen for continuity,2024,bulk,9143,21000,0.37941594662583394
greedy|2024|7000|all,20 chosen for continuity,2024,bulk,9143,21250,0.39177512851361695
greedy|2024|7000|all,20 chosen for continuity,2024,bulk,9143,21500,0.40085311167013016
greedy|2024|7000|all,20 chosen for continuity,2024,bulk,9143,21750,0.4118998140654052
greedy|2024|7000|all,20 chosen for continuity,2024,bulk,9143,22000,0.42108717051296074
greedy|2024|7000|all,20 chosen for continuity,2024,bulk,9143,22250,0.4312588865798972
greedy|2024|7000|all,20 chosen for continuity,2024,bulk,9143,22500,0.43913376353494477
greedy|2024|7000|all,20 chosen for continuity,2024,bulk,9143,22750,0.4507273323854315
greedy|2024|7000|all,20 chosen for continuity,2024,bulk,9143,23000,0.4624302745269605
greedy|2024|7000|all,20 chosen for continuity,2024,bulk,9143,23250,0.47774253527288635
greedy|2024|7000|all,20 chosen for continuity,2024,bulk,9143,23500,0.4878048780487805
greedy|2024|7000|all,20 chosen for continuity,2024,bulk,9143,23750,0.49764847424258996
greedy|2024|7000|all,20 chosen for continuity,2024,bulk,9143,24000,0.5053046046155529
greedy|2024|7000|all,20 chosen for continuity,2024,bulk,9143,24250,0.5121951219512195
greedy|2024|7000|all,20 chosen for continuity,2024,bulk,9143,24500,0.5214918516898174
greedy|2024|7000|all,20 chosen for continuity,2024,bulk,9143,24750,0.5275073826971454
greedy|2024|7000|all,20 chosen for continuity,2024,bulk,9143,25000,0.533741660286558
greedy|2024|7000|all,20 chosen for continuity,2024,bulk,9143,25250,0.5405228043311823
greedy|2024|7000|all,20 chosen for continuity,2024,bulk,9143,25500,0.5481789347041452
greedy|2024|7000|all,20 chosen for continuity,2024,bulk,9143,25750,0.5549600787487695
greedy|2024|7000|all,20 chosen for continuity,2024,bulk,9143,26000,0.5615224762113092
greedy|2024|7000|all,20 chosen for continuity,2024,bulk,9143,26250,0.5678661270917642
greedy|2024|7000|all,20 chosen for continuity,2024,bulk,9143,26500,0.5737722848080499
greedy|2024|7000|all,20 chosen for continuity,2024,bulk,9143,26750,0.5792409493601662
greedy|2024|7000|all,20 chosen for continuity,2024,bulk,9143,27000,0.5849283604943672
greedy|2024|7000|all,20 chosen for continuity,2024,bulk,9143,27250,0.5907251449196106
greedy|2024|7000|all,20 chosen for continuity,2024,bulk,9143,27500,0.596521929344854
greedy|2024|7000|all,20 chosen for continuity,2024,bulk,9143,27750,0.6030843268073937
greedy|2024|7000|all,20 chosen for continuity,2024,bulk,9143,28000,0.6101935907251449
greedy|2024|7000|all,20 chosen for continuity,2024,bulk,9143,28250,0.6163184950235152
greedy|2024|7000|all,20 chosen for continuity,2024,bulk,9143,28500,0.6228808924860549
greedy|2024|7000|all,20 chosen for continuity,2024,bulk,9143,28750,0.6299901564038062
greedy|2024|7000|all,20 chosen for continuity,2024,bulk,9143,29000,0.6358963141200918
greedy|2024|7000|all,20 chosen for continuity,2024,bulk,9143,29250,0.6411462320901236
greedy|2024|7000|all,20 chosen for continuity,2024,bulk,9143,29500,0.6488023624630865
greedy|2024|7000|all,20 chosen for continuity,2024,bulk,9143,29750,0.6551460133435415
greedy|2024|7000|all,20 chosen for continuity,2024,bulk,9143,30000,0.6619271573881658
greedy|2024|7000|all,20 chosen for continuity,2024,tanker,5788,0,0.0005183137525915688
greedy|2024|7000|all,20 chosen for continuity,2024,tanker,5788,250,0.0029371112646855565
greedy|2024|7000|all,20 chosen for continuity,2024,tanker,5788,500,0.005010366275051832
greedy|2024|7000|all,20 chosen for continuity,2024,tanker,5788,750,0.006219765031098825
greedy|2024|7000|all,20 chosen for continuity,2024,tanker,5788,1000,0.007601935038009675
greedy|2024|7000|all,20 chosen for continuity,2024,tanker,5788,1250,0.0110573600552868
greedy|2024|7000|all,20 chosen for continuity,2024,tanker,5788,1500,0.015549412577747062
greedy|2024|7000|all,20 chosen for continuity,2024,tanker,5788,1750,0.01744989633724948
greedy|2024|7000|all,20 chosen for continuity,2024,tanker,5788,2000,0.019350380096751902
greedy|2024|7000|all,20 chosen for continuity,2024,tanker,5788,2250,0.020559778852798895
greedy|2024|7000|all,20 chosen for continuity,2024,tanker,5788,2500,0.02401520387007602
greedy|2024|7000|all,20 chosen for continuity,2024,tanker,5788,2750,0.027297857636489287
greedy|2024|7000|all,20 chosen for continuity,2024,tanker,5788,3000,0.03178991015894955
greedy|2024|7000|all,20 chosen for continuity,2024,tanker,5788,3250,0.03783690393918452
greedy|2024|7000|all,20 chosen for continuity,2024,tanker,5788,3500,0.04336558396682792
greedy|2024|7000|all,20 chosen for continuity,2024,tanker,5788,3750,0.04803040774015204
greedy|2024|7000|all,20 chosen for continuity,2024,tanker,5788,4000,0.05442294402211472
greedy|2024|7000|all,20 chosen for continuity,2024,tanker,5788,4250,0.05891499654457498
greedy|2024|7000|all,20 chosen for continuity,2024,tanker,5788,4500,0.06461644782308223
greedy|2024|7000|all,20 chosen for continuity,2024,tanker,5788,4750,0.06824464409122322
greedy|2024|7000|all,20 chosen for continuity,2024,tanker,5788,5000,0.0758465791292329
greedy|2024|7000|all,20 chosen for continuity,2024,tanker,5788,5250,0.08396682791983413
greedy|2024|7000|all,20 chosen for continuity,2024,tanker,5788,5500,0.09433310297166551
greedy|2024|7000|all,20 chosen for continuity,2024,tanker,5788,5750,0.10245335176226676
greedy|2024|7000|all,20 chosen for continuity,2024,tanker,5788,6000,0.10953697304768487
greedy|2024|7000|all,20 chosen for continuity,2024,tanker,5788,6250,0.11575673807878369
greedy|2024|7000|all,20 chosen for continuity,2024,tanker,5788,6500,0.12456807187284036
greedy|2024|7000|all,20 chosen for continuity,2024,tanker,5788,6750,0.13113337940566688
greedy|2024|7000|all,20 chosen for continuity,2024,tanker,5788,7000,0.13787145818935728
greedy|2024|7000|all,20 chosen for continuity,2024,tanker,5788,7250,0.14512785072563925
greedy|2024|7000|all,20 chosen for continuity,2024,tanker,5788,7500,0.15082930200414651
greedy|2024|7000|all,20 chosen for continuity,2024,tanker,5788,7750,0.1579129232895646
greedy|2024|7000|all,20 chosen for continuity,2024,tanker,5788,8000,0.165860400829302
greedy|2024|7000|all,20 chosen for continuity,2024,tanker,5788,8250,0.17519004837595023
greedy|2024|7000|all,20 chosen for continuity,2024,tanker,5788,8500,0.18331029716655148
greedy|2024|7000|all,20 chosen for continuity,2024,tanker,5788,8750,0.19263994471319973
greedy|2024|7000|all,20 chosen for continuity,2024,tanker,5788,9000,0.2005874222529371
greedy|2024|7000|all,20 chosen for continuity,2024,tanker,5788,9250,0.2183828610919143
greedy|2024|7000|all,20 chosen for continuity,2024,tanker,5788,9500,0.22667588113337941
greedy|2024|7000|all,20 chosen for continuity,2024,tanker,5788,9750,0.23842432619212164
greedy|2024|7000|all,20 chosen for continuity,2024,tanker,5788,10000,0.24654457498272286
greedy|2024|7000|all,20 chosen for continuity,2024,tanker,5788,10250,0.2555286800276434
greedy|2024|7000|all,20 chosen for continuity,2024,tanker,5788,10500,0.26364892881824464
greedy|2024|7000|all,20 chosen for continuity,2024,tanker,5788,10750,0.2721147201105736
greedy|2024|7000|all,20 chosen for continuity,2024,tanker,5788,11000,0.2819626814098134
greedy|2024|7000|all,20 chosen for continuity,2024,tanker,5788,11250,0.29060124395300624
greedy|2024|7000|all,20 chosen for continuity,2024,tanker,5788,11500,0.3006219765031099
greedy|2024|7000|all,20 chosen for continuity,2024,tanker,5788,11750,0.31375259156876295
greedy|2024|7000|all,20 chosen for continuity,2024,tanker,5788,12000,0.32480995162404974
greedy|2024|7000|all,20 chosen for continuity,2024,tanker,5788,12250,0.33275742916378714
greedy|2024|7000|all,20 chosen for continuity,2024,tanker,5788,12500,0.34346924671734624
greedy|2024|7000|all,20 chosen for continuity,2024,tanker,5788,12750,0.35418106427090534
greedy|2024|7000|all,20 chosen for continuity,2024,tanker,5788,13000,0.36713890808569455
greedy|2024|7000|all,20 chosen for continuity,2024,tanker,5788,13250,0.37767795438838975
greedy|2024|7000|all,20 chosen for continuity,2024,tanker,5788,13500,0.3890808569454043
greedy|2024|7000|all,20 chosen for continuity,2024,tanker,5788,13750,0.39944713199723564
greedy|2024|7000|all,20 chosen for continuity,2024,tanker,5788,14000,0.4080856945404285
greedy|2024|7000|all,20 chosen for continuity,2024,tanker,5788,14250,0.41914305459571527
greedy|2024|7000|all,20 chosen for continuity,2024,tanker,5788,14500,0.4284727021423635
greedy|2024|7000|all,20 chosen for continuity,2024,tanker,5788,14750,0.4379751209398756
greedy|2024|7000|all,20 chosen for continuity,2024,tanker,5788,15000,0.44644091223220456
greedy|2024|7000|all,20 chosen for continuity,2024,tanker,5788,15250,0.4564616447823082
greedy|2024|7000|all,20 chosen for continuity,2024,tanker,5788,15500,0.46458189357290947
greedy|2024|7000|all,20 chosen for continuity,2024,tanker,5788,15750,0.4739115411195577
greedy|2024|7000|all,20 chosen for continuity,2024,tanker,5788,16000,0.4822045611610228
greedy|2024|7000|all,20 chosen for continuity,2024,tanker,5788,16250,0.4911886662059433
greedy|2024|7000|all,20 chosen for continuity,2024,tanker,5788,16500,0.4991361437456807
greedy|2024|7000|all,20 chosen for continuity,2024,tanker,5788,16750,0.5096751900483759
greedy|2024|7000|all,20 chosen for continuity,2024,tanker,5788,17000,0.519177608845888
greedy|2024|7000|all,20 chosen for continuity,2024,tanker,5788,17250,0.525224602626123
greedy|2024|7000|all,20 chosen for continuity,2024,tanker,5788,17500,0.5317899101589495
greedy|2024|7000|all,20 chosen for continuity,2024,tanker,5788,17750,0.5404284727021423
greedy|2024|7000|all,20 chosen for continuity,2024,tanker,5788,18000,0.5488942639944713
greedy|2024|7000|all,20 chosen for continuity,2024,tanker,5788,18250,0.5558051140290255
greedy|2024|7000|all,20 chosen for continuity,2024,tanker,5788,18500,0.56496199032481
greedy|2024|7000|all,20 chosen for continuity,2024,tanker,5788,18750,0.5708362128541811
greedy|2024|7000|all,20 chosen for continuity,2024,tanker,5788,19000,0.5779198341395991
greedy|2024|7000|all,20 chosen for continuity,2024,tanker,5788,19250,0.5832757429163787
greedy|2024|7000|all,20 chosen for continuity,2024,tanker,5788,19500,0.5888044229440221
greedy|2024|7000|all,20 chosen for continuity,2024,tanker,5788,19750,0.5951969592259848
greedy|2024|7000|all,20 chosen for continuity,2024,tanker,5788,20000,0.6015894955079475
greedy|2024|7000|all,20 chosen for continuity,2024,tanker,5788,20250,0.6104008293020041
greedy|2024|7000|all,20 chosen for continuity,2024,tanker,5788,20500,0.6157567380787837
greedy|2024|7000|all,20 chosen for continuity,2024,tanker,5788,20750,0.6230131306150657
greedy|2024|7000|all,20 chosen for continuity,2024,tanker,5788,21000,0.6288873531444368
greedy|2024|7000|all,20 chosen for continuity,2024,tanker,5788,21250,0.6347615756738079
greedy|2024|7000|all,20 chosen for continuity,2024,tanker,5788,21500,0.6404630269523152
greedy|2024|7000|all,20 chosen for continuity,2024,tanker,5788,21750,0.6453006219765031
greedy|2024|7000|all,20 chosen for continuity,2024,tanker,5788,22000,0.6520387007601935
greedy|2024|7000|all,20 chosen for continuity,2024,tanker,5788,22250,0.6577401520387007
greedy|2024|7000|all,20 chosen for continuity,2024,tanker,5788,22500,0.6618866620594334
greedy|2024|7000|all,20 chosen for continuity,2024,tanker,5788,22750,0.6667242570836213
greedy|2024|7000|all,20 chosen for continuity,2024,tanker,5788,23000,0.6734623358673116
greedy|2024|7000|all,20 chosen for continuity,2024,tanker,5788,23250,0.677954388389772
greedy|2024|7000|all,20 chosen for continuity,2024,tanker,5788,23500,0.6831375259156877
greedy|2024|7000|all,20 chosen for continuity,2024,tanker,5788,23750,0.6890117484450587
greedy|2024|7000|all,20 chosen for continuity,2024,tanker,5788,24000,0.6954042847270214
greedy|2024|7000|all,20 chosen for continuity,2024,tanker,5788,24250,0.701969592259848
greedy|2024|7000|all,20 chosen for continuity,2024,tanker,5788,24500,0.7085348997926745
greedy|2024|7000|all,20 chosen for continuity,2024,tanker,5788,24750,0.7144091223220456
greedy|2024|7000|all,20 chosen for continuity,2024,tanker,5788,25000,0.7183828610919143
greedy|2024|7000|all,20 chosen for continuity,2024,tanker,5788,25250,0.7246026261230132
greedy|2024|7000|all,20 chosen for continuity,2024,tanker,5788,25500,0.7285763648928818
greedy|2024|7000|all,20 chosen for continuity,2024,tanker,5788,25750,0.7332411886662059
greedy|2024|7000|all,20 chosen for continuity,2024,tanker,5788,26000,0.7372149274360746
greedy|2024|7000|all,20 chosen for continuity,2024,tanker,5788,26250,0.7415342087076711
greedy|2024|7000|all,20 chosen for continuity,2024,tanker,5788,26500,0.7456807187284036
greedy|2024|7000|all,20 chosen for continuity,2024,tanker,5788,26750,0.748790601243953
greedy|2024|7000|all,20 chosen for continuity,2024,tanker,5788,27000,0.7532826537664132
greedy|2024|7000|all,20 chosen for continuity,2024,tanker,5788,27250,0.7562197650310988
greedy|2024|7000|all,20 chosen for continuity,2024,tanker,5788,27500,0.7608845888044229
greedy|2024|7000|all,20 chosen for continuity,2024,tanker,5788,27750,0.7643400138217
greedy|2024|7000|all,20 chosen for continuity,2024,tanker,5788,28000,0.7672771250863857
greedy|2024|7000|all,20 chosen for continuity,2024,tanker,5788,28250,0.770387007601935
greedy|2024|7000|all,20 chosen for continuity,2024,tanker,5788,28500,0.7736696613683484
greedy|2024|7000|all,20 chosen for continuity,2024,tanker,5788,28750,0.7748790601243953
greedy|2024|7000|all,20 chosen for continuity,2024,tanker,5788,29000,0.7783344851416725
greedy|2024|7000|all,20 chosen for continuity,2024,tanker,5788,29250,0.7809260539046303
greedy|2024|7000|all,20 chosen for continuity,2024,tanker,5788,29500,0.7838631651693159
greedy|2024|7000|all,20 chosen for continuity,2024,tanker,5788,29750,0.7869730476848652
greedy|2024|7000|all,20 chosen for continuity,2024,tanker,5788,30000,0.7899101589495507
greedy|2024|7000|all,20 chosen for continuity,2024,gas,1181,0,0.0
greedy|2024|7000|all,20 chosen for continuity,2024,gas,1181,250,0.000846740050804403
greedy|2024|7000|all,20 chosen for continuity,2024,gas,1181,500,0.000846740050804403
greedy|2024|7000|all,20 chosen for continuity,2024,gas,1181,750,0.001693480101608806
greedy|2024|7000|all,20 chosen for continuity,2024,gas,1181,1000,0.001693480101608806
greedy|2024|7000|all,20 chosen for continuity,2024,gas,1181,1250,0.001693480101608806
greedy|2024|7000|all,20 chosen for continuity,2024,gas,1181,1500,0.003386960203217612
greedy|2024|7000|all,20 chosen for continuity,2024,gas,1181,1750,0.004233700254022015
greedy|2024|7000|all,20 chosen for continuity,2024,gas,1181,2000,0.005080440304826418
greedy|2024|7000|all,20 chosen for continuity,2024,gas,1181,2250,0.0059271803556308214
greedy|2024|7000|all,20 chosen for continuity,2024,gas,1181,2500,0.007620660457239628
greedy|2024|7000|all,20 chosen for continuity,2024,gas,1181,2750,0.009314140558848433
greedy|2024|7000|all,20 chosen for continuity,2024,gas,1181,3000,0.011854360711261643
greedy|2024|7000|all,20 chosen for continuity,2024,gas,1181,3250,0.013547840812870448
greedy|2024|7000|all,20 chosen for continuity,2024,gas,1181,3500,0.015241320914479255
greedy|2024|7000|all,20 chosen for continuity,2024,gas,1181,3750,0.016088060965283656
greedy|2024|7000|all,20 chosen for continuity,2024,gas,1181,4000,0.018628281117696866
greedy|2024|7000|all,20 chosen for continuity,2024,gas,1181,4250,0.01947502116850127
greedy|2024|7000|all,20 chosen for continuity,2024,gas,1181,4500,0.02201524132091448
greedy|2024|7000|all,20 chosen for continuity,2024,gas,1181,4750,0.027095681625740897
greedy|2024|7000|all,20 chosen for continuity,2024,gas,1181,5000,0.028789161727349702
greedy|2024|7000|all,20 chosen for continuity,2024,gas,1181,5250,0.03217612193056731
greedy|2024|7000|all,20 chosen for continuity,2024,gas,1181,5500,0.03217612193056731
greedy|2024|7000|all,20 chosen for continuity,2024,gas,1181,5750,0.03725656223539373
greedy|2024|7000|all,20 chosen for continuity,2024,gas,1181,6000,0.04064352243861134
greedy|2024|7000|all,20 chosen for continuity,2024,gas,1181,6250,0.04149026248941575
greedy|2024|7000|all,20 chosen for continuity,2024,gas,1181,6500,0.04487722269263336
greedy|2024|7000|all,20 chosen for continuity,2024,gas,1181,6750,0.04911092294665537
greedy|2024|7000|all,20 chosen for continuity,2024,gas,1181,7000,0.05165114309906858
greedy|2024|7000|all,20 chosen for continuity,2024,gas,1181,7250,0.05334462320067739
greedy|2024|7000|all,20 chosen for continuity,2024,gas,1181,7500,0.06265876375952582
greedy|2024|7000|all,20 chosen for continuity,2024,gas,1181,7750,0.07027942421676546
greedy|2024|7000|all,20 chosen for continuity,2024,gas,1181,8000,0.07451312447078746
greedy|2024|7000|all,20 chosen for continuity,2024,gas,1181,8250,0.07874682472480948
greedy|2024|7000|all,20 chosen for continuity,2024,gas,1181,8500,0.0829805249788315
greedy|2024|7000|all,20 chosen for continuity,2024,gas,1181,8750,0.08975444538526672
greedy|2024|7000|all,20 chosen for continuity,2024,gas,1181,9000,0.09398814563928874
greedy|2024|7000|all,20 chosen for continuity,2024,gas,1181,9250,0.09568162574089754
greedy|2024|7000|all,20 chosen for continuity,2024,gas,1181,9500,0.09991532599491956
greedy|2024|7000|all,20 chosen for continuity,2024,gas,1181,9750,0.10499576629974598
greedy|2024|7000|all,20 chosen for continuity,2024,gas,1181,10000,0.10838272650296359
greedy|2024|7000|all,20 chosen for continuity,2024,gas,1181,10250,0.1126164267569856
greedy|2024|7000|all,20 chosen for continuity,2024,gas,1181,10500,0.11600338696020322
greedy|2024|7000|all,20 chosen for continuity,2024,gas,1181,10750,0.11854360711261643
greedy|2024|7000|all,20 chosen for continuity,2024,gas,1181,11000,0.12362404741744284
greedy|2024|7000|all,20 chosen for continuity,2024,gas,1181,11250,0.13463166807790009
greedy|2024|7000|all,20 chosen for continuity,2024,gas,1181,11500,0.1397121083827265
greedy|2024|7000|all,20 chosen for continuity,2024,gas,1181,11750,0.14309906858594412
greedy|2024|7000|all,20 chosen for continuity,2024,gas,1181,12000,0.15156646909398813
greedy|2024|7000|all,20 chosen for continuity,2024,gas,1181,12250,0.16172734970364097
greedy|2024|7000|all,20 chosen for continuity,2024,gas,1181,12500,0.1735817104149026
greedy|2024|7000|all,20 chosen for continuity,2024,gas,1181,12750,0.18120237087214225
greedy|2024|7000|all,20 chosen for continuity,2024,gas,1181,13000,0.18374259102455545
greedy|2024|7000|all,20 chosen for continuity,2024,gas,1181,13250,0.18628281117696868
greedy|2024|7000|all,20 chosen for continuity,2024,gas,1181,13500,0.1922099915325995
greedy|2024|7000|all,20 chosen for continuity,2024,gas,1181,13750,0.1955969517358171
greedy|2024|7000|all,20 chosen for continuity,2024,gas,1181,14000,0.19729043183742592
greedy|2024|7000|all,20 chosen for continuity,2024,gas,1181,14250,0.20406435224386113
greedy|2024|7000|all,20 chosen for continuity,2024,gas,1181,14500,0.20745131244707873
greedy|2024|7000|all,20 chosen for continuity,2024,gas,1181,14750,0.21337849280270957
greedy|2024|7000|all,20 chosen for continuity,2024,gas,1181,15000,0.21422523285351397
greedy|2024|7000|all,20 chosen for continuity,2024,gas,1181,15250,0.21845893310753597
greedy|2024|7000|all,20 chosen for continuity,2024,gas,1181,15500,0.2218458933107536
greedy|2024|7000|all,20 chosen for continuity,2024,gas,1181,15750,0.22692633361558
greedy|2024|7000|all,20 chosen for continuity,2024,gas,1181,16000,0.23200677392040644
greedy|2024|7000|all,20 chosen for continuity,2024,gas,1181,16250,0.23454699407281965
greedy|2024|7000|all,20 chosen for continuity,2024,gas,1181,16500,0.23708721422523285
greedy|2024|7000|all,20 chosen for continuity,2024,gas,1181,16750,0.24216765453005928
greedy|2024|7000|all,20 chosen for continuity,2024,gas,1181,17000,0.2464013547840813
greedy|2024|7000|all,20 chosen for continuity,2024,gas,1181,17250,0.2523285351397121
greedy|2024|7000|all,20 chosen for continuity,2024,gas,1181,17500,0.26672311600338694
greedy|2024|7000|all,20 chosen for continuity,2024,gas,1181,17750,0.283657917019475
greedy|2024|7000|all,20 chosen for continuity,2024,gas,1181,18000,0.3022861981371719
greedy|2024|7000|all,20 chosen for continuity,2024,gas,1181,18250,0.31837425910245554
greedy|2024|7000|all,20 chosen for continuity,2024,gas,1181,18500,0.32430143945808637
greedy|2024|7000|all,20 chosen for continuity,2024,gas,1181,18750,0.3285351397121084
greedy|2024|7000|all,20 chosen for continuity,2024,gas,1181,19000,0.3344623200677392
greedy|2024|7000|all,20 chosen for continuity,2024,gas,1181,19250,0.3386960203217612
greedy|2024|7000|all,20 chosen for continuity,2024,gas,1181,19500,0.3420829805249788
greedy|2024|7000|all,20 chosen for continuity,2024,gas,1181,19750,0.3471634208298052
greedy|2024|7000|all,20 chosen for continuity,2024,gas,1181,20000,0.3556308213378493
greedy|2024|7000|all,20 chosen for continuity,2024,gas,1181,20250,0.3632514817950889
greedy|2024|7000|all,20 chosen for continuity,2024,gas,1181,20500,0.37425910245554617
greedy|2024|7000|all,20 chosen for continuity,2024,gas,1181,20750,0.38018628281117695
greedy|2024|7000|all,20 chosen for continuity,2024,gas,1181,21000,0.3835732430143946
greedy|2024|7000|all,20 chosen for continuity,2024,gas,1181,21250,0.3861134631668078
greedy|2024|7000|all,20 chosen for continuity,2024,gas,1181,21500,0.3911939034716342
greedy|2024|7000|all,20 chosen for continuity,2024,gas,1181,21750,0.392887383573243
greedy|2024|7000|all,20 chosen for continuity,2024,gas,1181,22000,0.39458086367485184
greedy|2024|7000|all,20 chosen for continuity,2024,gas,1181,22250,0.39966130397967825
greedy|2024|7000|all,20 chosen for continuity,2024,gas,1181,22500,0.40474174428450466
greedy|2024|7000|all,20 chosen for continuity,2024,gas,1181,22750,0.40643522438611346
greedy|2024|7000|all,20 chosen for continuity,2024,gas,1181,23000,0.4123624047417443
greedy|2024|7000|all,20 chosen for continuity,2024,gas,1181,23250,0.4182895850973751
greedy|2024|7000|all,20 chosen for continuity,2024,gas,1181,23500,0.4208298052497883
greedy|2024|7000|all,20 chosen for continuity,2024,gas,1181,23750,0.42506350550381033
greedy|2024|7000|all,20 chosen for continuity,2024,gas,1181,24000,0.42760372565622357
greedy|2024|7000|all,20 chosen for continuity,2024,gas,1181,24250,0.43522438611346315
greedy|2024|7000|all,20 chosen for continuity,2024,gas,1181,24500,0.4436917866215072
greedy|2024|7000|all,20 chosen for continuity,2024,gas,1181,24750,0.4445385266723116
greedy|2024|7000|all,20 chosen for continuity,2024,gas,1181,25000,0.45131244707874685
greedy|2024|7000|all,20 chosen for continuity,2024,gas,1181,25250,0.45385266723116
greedy|2024|7000|all,20 chosen for continuity,2024,gas,1181,25500,0.45808636748518206
greedy|2024|7000|all,20 chosen for continuity,2024,gas,1181,25750,0.4657070279424217
greedy|2024|7000|all,20 chosen for continuity,2024,gas,1181,26000,0.46824724809483487
greedy|2024|7000|all,20 chosen for continuity,2024,gas,1181,26250,0.4741744284504657
greedy|2024|7000|all,20 chosen for continuity,2024,gas,1181,26500,0.48179508890770534
greedy|2024|7000|all,20 chosen for continuity,2024,gas,1181,26750,0.48602878916172737
greedy|2024|7000|all,20 chosen for continuity,2024,gas,1181,27000,0.489415749364945
greedy|2024|7000|all,20 chosen for continuity,2024,gas,1181,27250,0.4953429297205758
greedy|2024|7000|all,20 chosen for continuity,2024,gas,1181,27500,0.4961896697713802
greedy|2024|7000|all,20 chosen for continuity,2024,gas,1181,27750,0.5012701100762066
greedy|2024|7000|all,20 chosen for continuity,2024,gas,1181,28000,0.5046570702794242
greedy|2024|7000|all,20 chosen for continuity,2024,gas,1181,28250,0.5080440304826418
greedy|2024|7000|all,20 chosen for continuity,2024,gas,1181,28500,0.5131244707874683
greedy|2024|7000|all,20 chosen for continuity,2024,gas,1181,28750,0.5131244707874683
greedy|2024|7000|all,20 chosen for continuity,2024,gas,1181,29000,0.5165114309906859
greedy|2024|7000|all,20 chosen for continuity,2024,gas,1181,29250,0.5173581710414903
greedy|2024|7000|all,20 chosen for continuity,2024,gas,1181,29500,0.5215918712955123
greedy|2024|7000|all,20 chosen for continuity,2024,gas,1181,29750,0.5232853513971211
greedy|2024|7000|all,20 chosen for continuity,2024,gas,1181,30000,0.5266723116003387
greedy|2024|7000|all,20 chosen for continuity,2024,general,2443,0,0.0
greedy|2024|7000|all,20 chosen for continuity,2024,general,2443,250,0.0
greedy|2024|7000|all,20 chosen for continuity,2024,general,2443,500,0.0
greedy|2024|7000|all,20 chosen for continuity,2024,general,2443,750,0.0
greedy|2024|7000|all,20 chosen for continuity,2024,general,2443,1000,0.0008186655751125665
greedy|2024|7000|all,20 chosen for continuity,2024,general,2443,1250,0.0028653295128939827
greedy|2024|7000|all,20 chosen for continuity,2024,general,2443,1500,0.0045026606631191155
greedy|2024|7000|all,20 chosen for continuity,2024,general,2443,1750,0.0057306590257879654
greedy|2024|7000|all,20 chosen for continuity,2024,general,2443,2000,0.0057306590257879654
greedy|2024|7000|all,20 chosen for continuity,2024,general,2443,2250,0.008186655751125664
greedy|2024|7000|all,20 chosen for continuity,2024,general,2443,2500,0.010233319688907082
greedy|2024|7000|all,20 chosen for continuity,2024,general,2443,2750,0.01391731477691363
greedy|2024|7000|all,20 chosen for continuity,2024,general,2443,3000,0.01760130986492018
greedy|2024|7000|all,20 chosen for continuity,2024,general,2443,3250,0.02374130167826443
greedy|2024|7000|all,20 chosen for continuity,2024,general,2443,3500,0.02865329512893983
greedy|2024|7000|all,20 chosen for continuity,2024,general,2443,3750,0.03192795742939009
greedy|2024|7000|all,20 chosen for continuity,2024,general,2443,4000,0.034383954154727794
greedy|2024|7000|all,20 chosen for continuity,2024,general,2443,4250,0.03929594760540319
greedy|2024|7000|all,20 chosen for continuity,2024,general,2443,4500,0.044617273843634876
greedy|2024|7000|all,20 chosen for continuity,2024,general,2443,4750,0.05116659844453541
greedy|2024|7000|all,20 chosen for continuity,2024,general,2443,5000,0.054441260744985676
greedy|2024|7000|all,20 chosen for continuity,2024,general,2443,5250,0.06139991813344249
greedy|2024|7000|all,20 chosen for continuity,2024,general,2443,5500,0.06794924273434302
greedy|2024|7000|all,20 chosen for continuity,2024,general,2443,5750,0.07122390503479328
greedy|2024|7000|all,20 chosen for continuity,2024,general,2443,6000,0.07613589848546869
greedy|2024|7000|all,20 chosen for continuity,2024,general,2443,6250,0.08022922636103152
greedy|2024|7000|all,20 chosen for continuity,2024,general,2443,6500,0.08595988538681948
greedy|2024|7000|all,20 chosen for continuity,2024,general,2443,6750,0.09250920998772001
greedy|2024|7000|all,20 chosen for continuity,2024,general,2443,7000,0.09987720016373311
greedy|2024|7000|all,20 chosen for continuity,2024,general,2443,7250,0.10560785918952108
greedy|2024|7000|all,20 chosen for continuity,2024,general,2443,7500,0.11174785100286533
greedy|2024|7000|all,20 chosen for continuity,2024,general,2443,7750,0.11870650839132214
greedy|2024|7000|all,20 chosen for continuity,2024,general,2443,8000,0.12566516577977896
greedy|2024|7000|all,20 chosen for continuity,2024,general,2443,8250,0.13548915268112977
greedy|2024|7000|all,20 chosen for continuity,2024,general,2443,8500,0.14203847728203028
greedy|2024|7000|all,20 chosen for continuity,2024,general,2443,8750,0.1489971346704871
greedy|2024|7000|all,20 chosen for continuity,2024,general,2443,9000,0.15759312320916904
greedy|2024|7000|all,20 chosen for continuity,2024,general,2443,9250,0.16700777732296357
greedy|2024|7000|all,20 chosen for continuity,2024,general,2443,9500,0.17437576749897668
greedy|2024|7000|all,20 chosen for continuity,2024,general,2443,9750,0.18419975440032746
greedy|2024|7000|all,20 chosen for continuity,2024,general,2443,10000,0.19033974621367172
greedy|2024|7000|all,20 chosen for continuity,2024,general,2443,10250,0.19975440032746622
greedy|2024|7000|all,20 chosen for continuity,2024,general,2443,10500,0.21121571837904216
greedy|2024|7000|all,20 chosen for continuity,2024,general,2443,10750,0.21899304134261155
greedy|2024|7000|all,20 chosen for continuity,2024,general,2443,11000,0.22677036430618092
greedy|2024|7000|all,20 chosen for continuity,2024,general,2443,11250,0.23659435120753172
greedy|2024|7000|all,20 chosen for continuity,2024,general,2443,11500,0.24559967253376996
greedy|2024|7000|all,20 chosen for continuity,2024,general,2443,11750,0.25337699549733933
greedy|2024|7000|all,20 chosen for continuity,2024,general,2443,12000,0.261563651248465
greedy|2024|7000|all,20 chosen for continuity,2024,general,2443,12250,0.267294310274253
greedy|2024|7000|all,20 chosen for continuity,2024,general,2443,12500,0.2734343020875972
greedy|2024|7000|all,20 chosen for continuity,2024,general,2443,12750,0.28203029062627916
greedy|2024|7000|all,20 chosen for continuity,2024,general,2443,13000,0.2902169463774048
greedy|2024|7000|all,20 chosen for continuity,2024,general,2443,13250,0.2984036021285305
greedy|2024|7000|all,20 chosen for continuity,2024,general,2443,13500,0.3074089234547687
greedy|2024|7000|all,20 chosen for continuity,2024,general,2443,13750,0.31150225133033155
greedy|2024|7000|all,20 chosen for continuity,2024,general,2443,14000,0.3151862464183381
greedy|2024|7000|all,20 chosen for continuity,2024,general,2443,14250,0.3209169054441261
greedy|2024|7000|all,20 chosen for continuity,2024,general,2443,14500,0.32623823168235777
greedy|2024|7000|all,20 chosen for continuity,2024,general,2443,14750,0.3348342202210397
greedy|2024|7000|all,20 chosen for continuity,2024,general,2443,15000,0.34056487924682766
greedy|2024|7000|all,20 chosen for continuity,2024,general,2443,15250,0.3495702005730659
greedy|2024|7000|all,20 chosen for continuity,2024,general,2443,15500,0.3593941874744167
greedy|2024|7000|all,20 chosen for continuity,2024,general,2443,15750,0.36553417928776094
greedy|2024|7000|all,20 chosen for continuity,2024,general,2443,16000,0.3716741711011052
greedy|2024|7000|all,20 chosen for continuity,2024,general,2443,16250,0.3774048301268932
greedy|2024|7000|all,20 chosen for continuity,2024,general,2443,16500,0.38272615636512486
greedy|2024|7000|all,20 chosen for continuity,2024,general,2443,16750,0.3909128121162505
greedy|2024|7000|all,20 chosen for continuity,2024,general,2443,17000,0.397462136717151
greedy|2024|7000|all,20 chosen for continuity,2024,general,2443,17250,0.40319279574293904
greedy|2024|7000|all,20 chosen for continuity,2024,general,2443,17500,0.4081047891936144
greedy|2024|7000|all,20 chosen for continuity,2024,general,2443,17750,0.4162914449447401
greedy|2024|7000|all,20 chosen for continuity,2024,general,2443,18000,0.42161277118297175
greedy|2024|7000|all,20 chosen for continuity,2024,general,2443,18250,0.42611543184609085
greedy|2024|7000|all,20 chosen for continuity,2024,general,2443,18500,0.433483422022104
greedy|2024|7000|all,20 chosen for continuity,2024,general,2443,18750,0.4383954154727794
greedy|2024|7000|all,20 chosen for continuity,2024,general,2443,19000,0.44412607449856734
greedy|2024|7000|all,20 chosen for continuity,2024,general,2443,19250,0.45067539909946785
greedy|2024|7000|all,20 chosen for continuity,2024,general,2443,19500,0.4559967253376995
greedy|2024|7000|all,20 chosen for continuity,2024,general,2443,19750,0.46418338108882523
greedy|2024|7000|all,20 chosen for continuity,2024,general,2443,20000,0.4699140401146132
greedy|2024|7000|all,20 chosen for continuity,2024,general,2443,20250,0.4789193614408514
greedy|2024|7000|all,20 chosen for continuity,2024,general,2443,20500,0.4834220221039705
greedy|2024|7000|all,20 chosen for continuity,2024,general,2443,20750,0.4916086778550962
greedy|2024|7000|all,20 chosen for continuity,2024,general,2443,21000,0.49570200573065903
greedy|2024|7000|all,20 chosen for continuity,2024,general,2443,21250,0.5059353254195661
greedy|2024|7000|all,20 chosen for continuity,2024,general,2443,21500,0.5104379860826852
greedy|2024|7000|all,20 chosen for continuity,2024,general,2443,21750,0.5161686451084732
greedy|2024|7000|all,20 chosen for continuity,2024,general,2443,22000,0.5243553008595988
greedy|2024|7000|all,20 chosen for continuity,2024,general,2443,22250,0.531723291035612
greedy|2024|7000|all,20 chosen for continuity,2024,general,2443,22500,0.5386819484240688
greedy|2024|7000|all,20 chosen for continuity,2024,general,2443,22750,0.5444126074498568
greedy|2024|7000|all,20 chosen for continuity,2024,general,2443,23000,0.5501432664756447
greedy|2024|7000|all,20 chosen for continuity,2024,general,2443,23250,0.5566925910765452
greedy|2024|7000|all,20 chosen for continuity,2024,general,2443,23500,0.5632419156774457
greedy|2024|7000|all,20 chosen for continuity,2024,general,2443,23750,0.5702005730659025
greedy|2024|7000|all,20 chosen for continuity,2024,general,2443,24000,0.5767498976668031
greedy|2024|7000|all,20 chosen for continuity,2024,general,2443,24250,0.5816618911174785
greedy|2024|7000|all,20 chosen for continuity,2024,general,2443,24500,0.5878018829308228
greedy|2024|7000|all,20 chosen for continuity,2024,general,2443,24750,0.5914858780188293
greedy|2024|7000|all,20 chosen for continuity,2024,general,2443,25000,0.5947605403192796
greedy|2024|7000|all,20 chosen for continuity,2024,general,2443,25250,0.602537863282849
greedy|2024|7000|all,20 chosen for continuity,2024,general,2443,25500,0.6086778550961932
greedy|2024|7000|all,20 chosen for continuity,2024,general,2443,25750,0.6123618501841998
greedy|2024|7000|all,20 chosen for continuity,2024,general,2443,26000,0.6160458452722063
greedy|2024|7000|all,20 chosen for continuity,2024,general,2443,26250,0.6189111747851003
greedy|2024|7000|all,20 chosen for continuity,2024,general,2443,26500,0.6238231682357757
greedy|2024|7000|all,20 chosen for continuity,2024,general,2443,26750,0.6275071633237822
greedy|2024|7000|all,20 chosen for continuity,2024,general,2443,27000,0.6328284895620139
greedy|2024|7000|all,20 chosen for continuity,2024,general,2443,27250,0.6385591485878018
greedy|2024|7000|all,20 chosen for continuity,2024,general,2443,27500,0.6406058125255834
greedy|2024|7000|all,20 chosen for continuity,2024,general,2443,27750,0.6463364715513713
greedy|2024|7000|all,20 chosen for continuity,2024,general,2443,28000,0.6520671305771593
greedy|2024|7000|all,20 chosen for continuity,2024,general,2443,28250,0.6557511256651658
greedy|2024|7000|all,20 chosen for continuity,2024,general,2443,28500,0.6573884568153909
greedy|2024|7000|all,20 chosen for continuity,2024,general,2443,28750,0.6614817846909538
greedy|2024|7000|all,20 chosen for continuity,2024,general,2443,29000,0.6635284486287352
greedy|2024|7000|all,20 chosen for continuity,2024,general,2443,29250,0.6668031109291854
greedy|2024|7000|all,20 chosen for continuity,2024,general,2443,29500,0.6696684404420794
greedy|2024|7000|all,20 chosen for continuity,2024,general,2443,29750,0.6741711011051985
greedy|2024|7000|all,20 chosen for continuity,2024,general,2443,30000,0.6762177650429799
greedy|2024|7000|all,20 chosen for continuity,2024,roro,696,0,0.0
greedy|2024|7000|all,20 chosen for continuity,2024,roro,696,250,0.0
greedy|2024|7000|all,20 chosen for continuity,2024,roro,696,500,0.0
greedy|2024|7000|all,20 chosen for continuity,2024,roro,696,750,0.0
greedy|2024|7000|all,20 chosen for continuity,2024,roro,696,1000,0.0
greedy|2024|7000|all,20 chosen for continuity,2024,roro,696,1250,0.0
greedy|2024|7000|all,20 chosen for continuity,2024,roro,696,1500,0.0028735632183908046
greedy|2024|7000|all,20 chosen for continuity,2024,roro,696,1750,0.004310344827586207
greedy|2024|7000|all,20 chosen for continuity,2024,roro,696,2000,0.004310344827586207
greedy|2024|7000|all,20 chosen for continuity,2024,roro,696,2250,0.007183908045977011
greedy|2024|7000|all,20 chosen for continuity,2024,roro,696,2500,0.008620689655172414
greedy|2024|7000|all,20 chosen for continuity,2024,roro,696,2750,0.010057471264367816
greedy|2024|7000|all,20 chosen for continuity,2024,roro,696,3000,0.014367816091954023
greedy|2024|7000|all,20 chosen for continuity,2024,roro,696,3250,0.01867816091954023
greedy|2024|7000|all,20 chosen for continuity,2024,roro,696,3500,0.021551724137931036
greedy|2024|7000|all,20 chosen for continuity,2024,roro,696,3750,0.03017241379310345
greedy|2024|7000|all,20 chosen for continuity,2024,roro,696,4000,0.034482758620689655
greedy|2024|7000|all,20 chosen for continuity,2024,roro,696,4250,0.034482758620689655
greedy|2024|7000|all,20 chosen for continuity,2024,roro,696,4500,0.035919540229885055
greedy|2024|7000|all,20 chosen for continuity,2024,roro,696,4750,0.03735632183908046
greedy|2024|7000|all,20 chosen for continuity,2024,roro,696,5000,0.04310344827586207
greedy|2024|7000|all,20 chosen for continuity,2024,roro,696,5250,0.04741379310344827
greedy|2024|7000|all,20 chosen for continuity,2024,roro,696,5500,0.04885057471264368
greedy|2024|7000|all,20 chosen for continuity,2024,roro,696,5750,0.05172413793103448
greedy|2024|7000|all,20 chosen for continuity,2024,roro,696,6000,0.05172413793103448
greedy|2024|7000|all,20 chosen for continuity,2024,roro,696,6250,0.05316091954022988
greedy|2024|7000|all,20 chosen for continuity,2024,roro,696,6500,0.05459770114942529
greedy|2024|7000|all,20 chosen for continuity,2024,roro,696,6750,0.05890804597701149
greedy|2024|7000|all,20 chosen for continuity,2024,roro,696,7000,0.05890804597701149
greedy|2024|7000|all,20 chosen for continuity,2024,roro,696,7250,0.0603448275862069
greedy|2024|7000|all,20 chosen for continuity,2024,roro,696,7500,0.0617816091954023
greedy|2024|7000|all,20 chosen for continuity,2024,roro,696,7750,0.06465517241379311
greedy|2024|7000|all,20 chosen for continuity,2024,roro,696,8000,0.06752873563218391
greedy|2024|7000|all,20 chosen for continuity,2024,roro,696,8250,0.07327586206896551
greedy|2024|7000|all,20 chosen for continuity,2024,roro,696,8500,0.07902298850574713
greedy|2024|7000|all,20 chosen for continuity,2024,roro,696,8750,0.08189655172413793
greedy|2024|7000|all,20 chosen for continuity,2024,roro,696,9000,0.08333333333333333
greedy|2024|7000|all,20 chosen for continuity,2024,roro,696,9250,0.08477011494252873
greedy|2024|7000|all,20 chosen for continuity,2024,roro,696,9500,0.08477011494252873
greedy|2024|7000|all,20 chosen for continuity,2024,roro,696,9750,0.08764367816091954
greedy|2024|7000|all,20 chosen for continuity,2024,roro,696,10000,0.08908045977011494
greedy|2024|7000|all,20 chosen for continuity,2024,roro,696,10250,0.09482758620689655
greedy|2024|7000|all,20 chosen for continuity,2024,roro,696,10500,0.09626436781609195
greedy|2024|7000|all,20 chosen for continuity,2024,roro,696,10750,0.09770114942528736
greedy|2024|7000|all,20 chosen for continuity,2024,roro,696,11000,0.10057471264367816
greedy|2024|7000|all,20 chosen for continuity,2024,roro,696,11250,0.10632183908045977
greedy|2024|7000|all,20 chosen for continuity,2024,roro,696,11500,0.11063218390804598
greedy|2024|7000|all,20 chosen for continuity,2024,roro,696,11750,0.11350574712643678
greedy|2024|7000|all,20 chosen for continuity,2024,roro,696,12000,0.1235632183908046
greedy|2024|7000|all,20 chosen for continuity,2024,roro,696,12250,0.1307471264367816
greedy|2024|7000|all,20 chosen for continuity,2024,roro,696,12500,0.13649425287356323
greedy|2024|7000|all,20 chosen for continuity,2024,roro,696,12750,0.14367816091954022
greedy|2024|7000|all,20 chosen for continuity,2024,roro,696,13000,0.14798850574712644
greedy|2024|7000|all,20 chosen for continuity,2024,roro,696,13250,0.16379310344827586
greedy|2024|7000|all,20 chosen for continuity,2024,roro,696,13500,0.17385057471264367
greedy|2024|7000|all,20 chosen for continuity,2024,roro,696,13750,0.1810344827586207
greedy|2024|7000|all,20 chosen for continuity,2024,roro,696,14000,0.1896551724137931
greedy|2024|7000|all,20 chosen for continuity,2024,roro,696,14250,0.1939655172413793
greedy|2024|7000|all,20 chosen for continuity,2024,roro,696,14500,0.2025862068965517
greedy|2024|7000|all,20 chosen for continuity,2024,roro,696,14750,0.21264367816091953
greedy|2024|7000|all,20 chosen for continuity,2024,roro,696,15000,0.22126436781609196
greedy|2024|7000|all,20 chosen for continuity,2024,roro,696,15250,0.22844827586206898
greedy|2024|7000|all,20 chosen for continuity,2024,roro,696,15500,0.23419540229885058
greedy|2024|7000|all,20 chosen for continuity,2024,roro,696,15750,0.2413793103448276
greedy|2024|7000|all,20 chosen for continuity,2024,roro,696,16000,0.2442528735632184
greedy|2024|7000|all,20 chosen for continuity,2024,roro,696,16250,0.25287356321839083
greedy|2024|7000|all,20 chosen for continuity,2024,roro,696,16500,0.25862068965517243
greedy|2024|7000|all,20 chosen for continuity,2024,roro,696,16750,0.26580459770114945
greedy|2024|7000|all,20 chosen for continuity,2024,roro,696,17000,0.27586206896551724
greedy|2024|7000|all,20 chosen for continuity,2024,roro,696,17250,0.28735632183908044
greedy|2024|7000|all,20 chosen for continuity,2024,roro,696,17500,0.29454022988505746
greedy|2024|7000|all,20 chosen for continuity,2024,roro,696,17750,0.3017241379310345
greedy|2024|7000|all,20 chosen for continuity,2024,roro,696,18000,0.3117816091954023
greedy|2024|7000|all,20 chosen for continuity,2024,roro,696,18250,0.3232758620689655
greedy|2024|7000|all,20 chosen for continuity,2024,roro,696,18500,0.3290229885057471
greedy|2024|7000|all,20 chosen for continuity,2024,roro,696,18750,0.35201149425287354
greedy|2024|7000|all,20 chosen for continuity,2024,roro,696,19000,0.3649425287356322
greedy|2024|7000|all,20 chosen for continuity,2024,roro,696,19250,0.3692528735632184
greedy|2024|7000|all,20 chosen for continuity,2024,roro,696,19500,0.375
greedy|2024|7000|all,20 chosen for continuity,2024,roro,696,19750,0.38936781609195403
greedy|2024|7000|all,20 chosen for continuity,2024,roro,696,20000,0.3994252873563218
greedy|2024|7000|all,20 chosen for continuity,2024,roro,696,20250,0.41235632183908044
greedy|2024|7000|all,20 chosen for continuity,2024,roro,696,20500,0.41954022988505746
greedy|2024|7000|all,20 chosen for continuity,2024,roro,696,20750,0.4367816091954023
greedy|2024|7000|all,20 chosen for continuity,2024,roro,696,21000,0.4482758620689655
greedy|2024|7000|all,20 chosen for continuity,2024,roro,696,21250,0.45689655172413796
greedy|2024|7000|all,20 chosen for continuity,2024,roro,696,21500,0.47126436781609193
greedy|2024|7000|all,20 chosen for continuity,2024,roro,696,21750,0.4827586206896552
greedy|2024|7000|all,20 chosen for continuity,2024,roro,696,22000,0.4942528735632184
greedy|2024|7000|all,20 chosen for continuity,2024,roro,696,22250,0.5100574712643678
greedy|2024|7000|all,20 chosen for continuity,2024,roro,696,22500,0.5272988505747126
greedy|2024|7000|all,20 chosen for continuity,2024,roro,696,22750,0.5344827586206896
greedy|2024|7000|all,20 chosen for continuity,2024,roro,696,23000,0.5387931034482759
greedy|2024|7000|all,20 chosen for continuity,2024,roro,696,23250,0.5459770114942529
greedy|2024|7000|all,20 chosen for continuity,2024,roro,696,23500,0.5502873563218391
greedy|2024|7000|all,20 chosen for continuity,2024,roro,696,23750,0.5589080459770115
greedy|2024|7000|all,20 chosen for continuity,2024,roro,696,24000,0.5704022988505747
greedy|2024|7000|all,20 chosen for continuity,2024,roro,696,24250,0.5747126436781609
greedy|2024|7000|all,20 chosen for continuity,2024,roro,696,24500,0.5790229885057471
greedy|2024|7000|all,20 chosen for continuity,2024,roro,696,24750,0.5833333333333334
greedy|2024|7000|all,20 chosen for continuity,2024,roro,696,25000,0.5876436781609196
greedy|2024|7000|all,20 chosen for continuity,2024,roro,696,25250,0.5933908045977011
greedy|2024|7000|all,20 chosen for continuity,2024,roro,696,25500,0.6005747126436781
greedy|2024|7000|all,20 chosen for continuity,2024,roro,696,25750,0.6048850574712644
greedy|2024|7000|all,20 chosen for continuity,2024,roro,696,26000,0.610632183908046
greedy|2024|7000|all,20 chosen for continuity,2024,roro,696,26250,0.6149425287356322
greedy|2024|7000|all,20 chosen for continuity,2024,roro,696,26500,0.6235632183908046
greedy|2024|7000|all,20 chosen for continuity,2024,roro,696,26750,0.6264367816091954
greedy|2024|7000|all,20 chosen for continuity,2024,roro,696,27000,0.6307471264367817
greedy|2024|7000|all,20 chosen for continuity,2024,roro,696,27250,0.6336206896551724
greedy|2024|7000|all,20 chosen for continuity,2024,roro,696,27500,0.6379310344827587
greedy|2024|7000|all,20 chosen for continuity,2024,roro,696,27750,0.6422413793103449
greedy|2024|7000|all,20 chosen for continuity,2024,roro,696,28000,0.6494252873563219
greedy|2024|7000|all,20 chosen for continuity,2024,roro,696,28250,0.6508620689655172
greedy|2024|7000|all,20 chosen for continuity,2024,roro,696,28500,0.6522988505747126
greedy|2024|7000|all,20 chosen for continuity,2024,roro,696,28750,0.6566091954022989
greedy|2024|7000|all,20 chosen for continuity,2024,roro,696,29000,0.6594827586206896
greedy|2024|7000|all,20 chosen for continuity,2024,roro,696,29250,0.6637931034482759
greedy|2024|7000|all,20 chosen for continuity,2024,roro,696,29500,0.6681034482758621
greedy|2024|7000|all,20 chosen for continuity,2024,roro,696,29750,0.6709770114942529
greedy|2024|7000|all,20 chosen for continuity,2024,roro,696,30000,0.6752873563218391
greedy|2019|7000|all,20 chosen for continuity on 2019,2024,all,23035,0,0.0001302365964836119
greedy|2019|7000|all,20 chosen for continuity on 2019,2024,all,23035,250,0.0009550683742131538
greedy|2019|7000|all,20 chosen for continuity on 2019,2024,all,23035,500,0.0015628391578033428
greedy|2019|7000|all,20 chosen for continuity on 2019,2024,all,23035,750,0.002127197742565661
greedy|2019|7000|all,20 chosen for continuity on 2019,2024,all,23035,1000,0.0031256783156066855
greedy|2019|7000|all,20 chosen for continuity on 2019,2024,all,23035,1250,0.004948990666377252
greedy|2019|7000|all,20 chosen for continuity on 2019,2024,all,23035,1500,0.00894291295854135
greedy|2019|7000|all,20 chosen for continuity on 2019,2024,all,23035,1750,0.010722813110484047
greedy|2019|7000|all,20 chosen for continuity on 2019,2024,all,23035,2000,0.012285652268287388
greedy|2019|7000|all,20 chosen for continuity on 2019,2024,all,23035,2250,0.013935315823746472
greedy|2019|7000|all,20 chosen for continuity on 2019,2024,all,23035,2500,0.016670284349902323
greedy|2019|7000|all,20 chosen for continuity on 2019,2024,all,23035,2750,0.01988278706316475
greedy|2019|7000|all,20 chosen for continuity on 2019,2024,all,23035,3000,0.023008465378771433
greedy|2019|7000|all,20 chosen for continuity on 2019,2024,all,23035,3250,0.027914043846320815
greedy|2019|7000|all,20 chosen for continuity on 2019,2024,all,23035,3500,0.03216843933145214
greedy|2019|7000|all,20 chosen for continuity on 2019,2024,all,23035,3750,0.03603212502713263
greedy|2019|7000|all,20 chosen for continuity on 2019,2024,all,23035,4000,0.040199696114608205
greedy|2019|7000|all,20 chosen for continuity on 2019,2024,all,23035,4250,0.043542435424354244
greedy|2019|7000|all,20 chosen for continuity on 2019,2024,all,23035,4500,0.04753635771651834
greedy|2019|7000|all,20 chosen for continuity on 2019,2024,all,23035,4750,0.051834165400477535
greedy|2019|7000|all,20 chosen for continuity on 2019,2024,all,23035,5000,0.0561753852832646
greedy|2019|7000|all,20 chosen for continuity on 2019,2024,all,23035,5250,0.061428261341436946
greedy|2019|7000|all,20 chosen for continuity on 2019,2024,all,23035,5500,0.0668113739960929
greedy|2019|7000|all,20 chosen for continuity on 2019,2024,all,23035,5750,0.07163012806598654
greedy|2019|7000|all,20 chosen for continuity on 2019,2024,all,23035,6000,0.07653570653353592
greedy|2019|7000|all,20 chosen for continuity on 2019,2024,all,23035,6250,0.08092033861515086
greedy|2019|7000|all,20 chosen for continuity on 2019,2024,all,23035,6500,0.08686780985456913
greedy|2019|7000|all,20 chosen for continuity on 2019,2024,all,23035,6750,0.09172997612329065
greedy|2019|7000|all,20 chosen for continuity on 2019,2024,all,23035,7000,0.09650531799435641
greedy|2019|7000|all,20 chosen for continuity on 2019,2024,all,23035,7250,0.10119383546776645
greedy|2019|7000|all,20 chosen for continuity on 2019,2024,all,23035,7500,0.10644671152593879
greedy|2019|7000|all,20 chosen for continuity on 2019,2024,all,23035,7750,0.11243759496418494
greedy|2019|7000|all,20 chosen for continuity on 2019,2024,all,23035,8000,0.11699587584111135
greedy|2019|7000|all,20 chosen for continuity on 2019,2024,all,23035,8250,0.12268287388756241
greedy|2019|7000|all,20 chosen for continuity on 2019,2024,all,23035,8500,0.12828304753635772
greedy|2019|7000|all,20 chosen for continuity on 2019,2024,all,23035,8750,0.13470805296288257
greedy|2019|7000|all,20 chosen for continuity on 2019,2024,all,23035,9000,0.14082917299761233
greedy|2019|7000|all,20 chosen for continuity on 2019,2024,all,23035,9250,0.14933796396787496
greedy|2019|7000|all,20 chosen for continuity on 2019,2024,all,23035,9500,0.1556327327979162
greedy|2019|7000|all,20 chosen for continuity on 2019,2024,all,23035,9750,0.16249186021271977
greedy|2019|7000|all,20 chosen for continuity on 2019,2024,all,23035,10000,0.16948122422400694
greedy|2019|7000|all,20 chosen for continuity on 2019,2024,all,23035,10250,0.17638376383763837
greedy|2019|7000|all,20 chosen for continuity on 2019,2024,all,23035,10500,0.18276535706533537
greedy|2019|7000|all,20 chosen for continuity on 2019,2024,all,23035,10750,0.18984154547427828
greedy|2019|7000|all,20 chosen for continuity on 2019,2024,all,23035,11000,0.19683090948556545
greedy|2019|7000|all,20 chosen for continuity on 2019,2024,all,23035,11250,0.20538311265465595
greedy|2019|7000|all,20 chosen for continuity on 2019,2024,all,23035,11500,0.21280659865422183
greedy|2019|7000|all,20 chosen for continuity on 2019,2024,all,23035,11750,0.2213153896244845
greedy|2019|7000|all,20 chosen for continuity on 2019,2024,all,23035,12000,0.229867592793575
greedy|2019|7000|all,20 chosen for continuity on 2019,2024,all,23035,12250,0.2373779031907966
greedy|2019|7000|all,20 chosen for continuity on 2019,2024,all,23035,12500,0.24445409159973952
greedy|2019|7000|all,20 chosen for continuity on 2019,2024,all,23035,12750,0.25153028000868244
greedy|2019|7000|all,20 chosen for continuity on 2019,2024,all,23035,13000,0.2591274148035598
greedy|2019|7000|all,20 chosen for continuity on 2019,2024,all,23035,13250,0.26715867158671586
greedy|2019|7000|all,20 chosen for continuity on 2019,2024,all,23035,13500,0.27532016496635553
greedy|2019|7000|all,20 chosen for continuity on 2019,2024,all,23035,13750,0.2823095289776427
greedy|2019|7000|all,20 chosen for continuity on 2019,2024,all,23035,14000,0.2903407857607988
greedy|2019|7000|all,20 chosen for continuity on 2019,2024,all,23035,14250,0.2972867375732581
greedy|2019|7000|all,20 chosen for continuity on 2019,2024,all,23035,14500,0.3035380942044715
greedy|2019|7000|all,20 chosen for continuity on 2019,2024,all,23035,14750,0.31091816800520944
greedy|2019|7000|all,20 chosen for continuity on 2019,2024,all,23035,15000,0.31777729542001304
greedy|2019|7000|all,20 chosen for continuity on 2019,2024,all,23035,15250,0.3243325374430215
greedy|2019|7000|all,20 chosen for continuity on 2019,2024,all,23035,15500,0.3311048404601693
greedy|2019|7000|all,20 chosen for continuity on 2019,2024,all,23035,15750,0.33783373127848926
greedy|2019|7000|all,20 chosen for continuity on 2019,2024,all,23035,16000,0.3435207293249403
greedy|2019|7000|all,20 chosen for continuity on 2019,2024,all,23035,16250,0.3491209029737356
greedy|2019|7000|all,20 chosen for continuity on 2019,2024,all,23035,16500,0.35632732797916217
greedy|2019|7000|all,20 chosen for continuity on 2019,2024,all,23035,16750,0.3641415237681789
greedy|2019|7000|all,20 chosen for continuity on 2019,2024,all,23035,17000,0.37078359018884305
greedy|2019|7000|all,20 chosen for continuity on 2019,2024,all,23035,17250,0.3762101150423269
greedy|2019|7000|all,20 chosen for continuity on 2019,2024,all,23035,17500,0.38350336444540917
greedy|2019|7000|all,20 chosen for continuity on 2019,2024,all,23035,17750,0.39166485782504884
greedy|2019|7000|all,20 chosen for continuity on 2019,2024,all,23035,18000,0.40082483177772954
greedy|2019|7000|all,20 chosen for continuity on 2019,2024,all,23035,18250,0.40894291295854135
greedy|2019|7000|all,20 chosen for continuity on 2019,2024,all,23035,18500,0.41636639895810723
greedy|2019|7000|all,20 chosen for continuity on 2019,2024,all,23035,18750,0.4241371825482961
greedy|2019|7000|all,20 chosen for continuity on 2019,2024,all,23035,19000,0.43216843933145216
greedy|2019|7000|all,20 chosen for continuity on 2019,2024,all,23035,19250,0.43846320816149337
greedy|2019|7000|all,20 chosen for continuity on 2019,2024,all,23035,19500,0.4472758845235511
greedy|2019|7000|all,20 chosen for continuity on 2019,2024,all,23035,19750,0.4553939657043629
greedy|2019|7000|all,20 chosen for continuity on 2019,2024,all,23035,20000,0.4629911004992403
greedy|2019|7000|all,20 chosen for continuity on 2019,2024,all,23035,20250,0.47232472324723246
greedy|2019|7000|all,20 chosen for continuity on 2019,2024,all,23035,20500,0.48044280442804427
greedy|2019|7000|all,20 chosen for continuity on 2019,2024,all,23035,20750,0.48860429780768394
greedy|2019|7000|all,20 chosen for continuity on 2019,2024,all,23035,21000,0.49641849359670065
greedy|2019|7000|all,20 chosen for continuity on 2019,2024,all,23035,21250,0.5047536357716519
greedy|2019|7000|all,20 chosen for continuity on 2019,2024,all,23035,21500,0.5123073583677014
greedy|2019|7000|all,20 chosen for continuity on 2019,2024,all,23035,21750,0.5202083785543737
greedy|2019|7000|all,20 chosen for continuity on 2019,2024,all,23035,22000,0.5274582157586282
greedy|2019|7000|all,20 chosen for continuity on 2019,2024,all,23035,22250,0.5352724115476449
greedy|2019|7000|all,20 chosen for continuity on 2019,2024,all,23035,22500,0.5417408291729976
greedy|2019|7000|all,20 chosen for continuity on 2019,2024,all,23035,22750,0.5493813761667028
greedy|2019|7000|all,20 chosen for continuity on 2019,2024,all,23035,23000,0.5577599305404819
greedy|2019|7000|all,20 chosen for continuity on 2019,2024,all,23035,23250,0.567136965487302
greedy|2019|7000|all,20 chosen for continuity on 2019,2024,all,23035,23500,0.5742999782939006
greedy|2019|7000|all,20 chosen for continuity on 2019,2024,all,23035,23750,0.5810722813110484
greedy|2019|7000|all,20 chosen for continuity on 2019,2024,all,23035,24000,0.5873670501410897
greedy|2019|7000|all,20 chosen for continuity on 2019,2024,all,23035,24250,0.5931842847840243
greedy|2019|7000|all,20 chosen for continuity on 2019,2024,all,23035,24500,0.6005643585847623
greedy|2019|7000|all,20 chosen for continuity on 2019,2024,all,23035,24750,0.6051660516605166
greedy|2019|7000|all,20 chosen for continuity on 2019,2024,all,23035,25000,0.6101584545257217
greedy|2019|7000|all,20 chosen for continuity on 2019,2024,all,23035,25250,0.6159756891686564
greedy|2019|7000|all,20 chosen for continuity on 2019,2024,all,23035,25500,0.6217495116127632
greedy|2019|7000|all,20 chosen for continuity on 2019,2024,all,23035,25750,0.6262209680920339
greedy|2019|7000|all,20 chosen for continuity on 2019,2024,all,23035,26000,0.6309094855654439
greedy|2019|7000|all,20 chosen for continuity on 2019,2024,all,23035,26250,0.6354677664423704
greedy|2019|7000|all,20 chosen for continuity on 2019,2024,all,23035,26500,0.6400694595181246
greedy|2019|7000|all,20 chosen for continuity on 2019,2024,all,23035,26750,0.6439765574126329
greedy|2019|7000|all,20 chosen for continuity on 2019,2024,all,23035,27000,0.6484480138919037
greedy|2019|7000|all,20 chosen for continuity on 2019,2024,all,23035,27250,0.6526155849793792
greedy|2019|7000|all,20 chosen for continuity on 2019,2024,all,23035,27500,0.6567831560668548
greedy|2019|7000|all,20 chosen for continuity on 2019,2024,all,23035,27750,0.6612546125461255
greedy|2019|7000|all,20 chosen for continuity on 2019,2024,all,23035,28000,0.666116778814847
greedy|2019|7000|all,20 chosen for continuity on 2019,2024,all,23035,28250,0.6696765791187324
greedy|2019|7000|all,20 chosen for continuity on 2019,2024,all,23035,28500,0.6736270892120686
greedy|2019|7000|all,20 chosen for continuity on 2019,2024,all,23035,28750,0.6773605383112654
greedy|2019|7000|all,20 chosen for continuity on 2019,2024,all,23035,29000,0.6816149337963968
greedy|2019|7000|all,20 chosen for continuity on 2019,2024,all,23035,29250,0.6846971999131756
greedy|2019|7000|all,20 chosen for continuity on 2019,2024,all,23035,29500,0.6891686563924463
greedy|2019|7000|all,20 chosen for continuity on 2019,2024,all,23035,29750,0.6931191664857825
greedy|2019|7000|all,20 chosen for continuity on 2019,2024,all,23035,30000,0.6978510961580204
greedy|2019|7000|all,20 chosen for continuity on 2019,2024,container,3784,0,0.0
greedy|2019|7000|all,20 chosen for continuity on 2019,2024,container,3784,250,0.0007928118393234672
greedy|2019|7000|all,20 chosen for continuity on 2019,2024,container,3784,500,0.0007928118393234672
greedy|2019|7000|all,20 chosen for continuity on 2019,2024,container,3784,750,0.0015856236786469344
greedy|2019|7000|all,20 chosen for continuity on 2019,2024,container,3784,1000,0.004228329809725159
greedy|2019|7000|all,20 chosen for continuity on 2019,2024,container,3784,1250,0.00872093023255814
greedy|2019|7000|all,20 chosen for continuity on 2019,2024,container,3784,1500,0.019027484143763214
greedy|2019|7000|all,20 chosen for continuity on 2019,2024,container,3784,1750,0.024312896405919663
greedy|2019|7000|all,20 chosen for continuity on 2019,2024,container,3784,2000,0.029862579281183934
greedy|2019|7000|all,20 chosen for continuity on 2019,2024,container,3784,2250,0.03382663847780127
greedy|2019|7000|all,20 chosen for continuity on 2019,2024,container,3784,2500,0.03964059196617336
greedy|2019|7000|all,20 chosen for continuity on 2019,2024,container,3784,2750,0.04730443974630021
greedy|2019|7000|all,20 chosen for continuity on 2019,2024,container,3784,3000,0.05391120507399577
greedy|2019|7000|all,20 chosen for continuity on 2019,2024,container,3784,3250,0.06738900634249471
greedy|2019|7000|all,20 chosen for continuity on 2019,2024,container,3784,3500,0.07716701902748414
greedy|2019|7000|all,20 chosen for continuity on 2019,2024,container,3784,3750,0.08562367864693446
greedy|2019|7000|all,20 chosen for continuity on 2019,2024,container,3784,4000,0.09645877378435518
greedy|2019|7000|all,20 chosen for continuity on 2019,2024,container,3784,4250,0.10517970401691332
greedy|2019|7000|all,20 chosen for continuity on 2019,2024,container,3784,4500,0.11205073995771671
greedy|2019|7000|all,20 chosen for continuity on 2019,2024,container,3784,4750,0.12182875264270614
greedy|2019|7000|all,20 chosen for continuity on 2019,2024,container,3784,5000,0.12922832980972515
greedy|2019|7000|all,20 chosen for continuity on 2019,2024,container,3784,5250,0.136892177589852
greedy|2019|7000|all,20 chosen for continuity on 2019,2024,container,3784,5500,0.1450845665961945
greedy|2019|7000|all,20 chosen for continuity on 2019,2024,container,3784,5750,0.1545983086680761
greedy|2019|7000|all,20 chosen for continuity on 2019,2024,container,3784,6000,0.1662262156448203
greedy|2019|7000|all,20 chosen for continuity on 2019,2024,container,3784,6250,0.17468287526427062
greedy|2019|7000|all,20 chosen for continuity on 2019,2024,container,3784,6500,0.18657505285412262
greedy|2019|7000|all,20 chosen for continuity on 2019,2024,container,3784,6750,0.19661733615221988
greedy|2019|7000|all,20 chosen for continuity on 2019,2024,container,3784,7000,0.20190274841437633
greedy|2019|7000|all,20 chosen for continuity on 2019,2024,container,3784,7250,0.20930232558139536
greedy|2019|7000|all,20 chosen for continuity on 2019,2024,container,3784,7500,0.21881606765327696
greedy|2019|7000|all,20 chosen for continuity on 2019,2024,container,3784,7750,0.22700845665961944
greedy|2019|7000|all,20 chosen for continuity on 2019,2024,container,3784,8000,0.23202959830866807
greedy|2019|7000|all,20 chosen for continuity on 2019,2024,container,3784,8250,0.23890063424947147
greedy|2019|7000|all,20 chosen for continuity on 2019,2024,container,3784,8500,0.24735729386892177
greedy|2019|7000|all,20 chosen for continuity on 2019,2024,container,3784,8750,0.25554968287526425
greedy|2019|7000|all,20 chosen for continuity on 2019,2024,container,3784,9000,0.2642706131078224
greedy|2019|7000|all,20 chosen for continuity on 2019,2024,container,3784,9250,0.273784355179704
greedy|2019|7000|all,20 chosen for continuity on 2019,2024,container,3784,9500,0.2822410147991543
greedy|2019|7000|all,20 chosen for continuity on 2019,2024,container,3784,9750,0.28964059196617337
greedy|2019|7000|all,20 chosen for continuity on 2019,2024,container,3784,10000,0.3025898520084567
greedy|2019|7000|all,20 chosen for continuity on 2019,2024,container,3784,10250,0.3134249471458774
greedy|2019|7000|all,20 chosen for continuity on 2019,2024,container,3784,10500,0.32214587737843553
greedy|2019|7000|all,20 chosen for continuity on 2019,2024,container,3784,10750,0.3324524312896406
greedy|2019|7000|all,20 chosen for continuity on 2019,2024,container,3784,11000,0.3409090909090909
greedy|2019|7000|all,20 chosen for continuity on 2019,2024,container,3784,11250,0.3562367864693446
greedy|2019|7000|all,20 chosen for continuity on 2019,2024,container,3784,11500,0.3668076109936575
greedy|2019|7000|all,20 chosen for continuity on 2019,2024,container,3784,11750,0.3786997885835095
greedy|2019|7000|all,20 chosen for continuity on 2019,2024,container,3784,12000,0.3916490486257928
greedy|2019|7000|all,20 chosen for continuity on 2019,2024,container,3784,12250,0.40750528541226216
greedy|2019|7000|all,20 chosen for continuity on 2019,2024,container,3784,12500,0.41569767441860467
greedy|2019|7000|all,20 chosen for continuity on 2019,2024,container,3784,12750,0.42441860465116277
greedy|2019|7000|all,20 chosen for continuity on 2019,2024,container,3784,13000,0.4312896405919662
greedy|2019|7000|all,20 chosen for continuity on 2019,2024,container,3784,13250,0.4415961945031712
greedy|2019|7000|all,20 chosen for continuity on 2019,2024,container,3784,13500,0.4513742071881607
greedy|2019|7000|all,20 chosen for continuity on 2019,2024,container,3784,13750,0.459830866807611
greedy|2019|7000|all,20 chosen for continuity on 2019,2024,container,3784,14000,0.47330866807610994
greedy|2019|7000|all,20 chosen for continuity on 2019,2024,container,3784,14250,0.4820295983086681
greedy|2019|7000|all,20 chosen for continuity on 2019,2024,container,3784,14500,0.48890063424947144
greedy|2019|7000|all,20 chosen for continuity on 2019,2024,container,3784,14750,0.495507399577167
greedy|2019|7000|all,20 chosen for continuity on 2019,2024,container,3784,15000,0.5023784355179705
greedy|2019|7000|all,20 chosen for continuity on 2019,2024,container,3784,15250,0.507399577167019
greedy|2019|7000|all,20 chosen for continuity on 2019,2024,container,3784,15500,0.5145348837209303
greedy|2019|7000|all,20 chosen for continuity on 2019,2024,container,3784,15750,0.5190274841437632
greedy|2019|7000|all,20 chosen for continuity on 2019,2024,container,3784,16000,0.523784355179704
greedy|2019|7000|all,20 chosen for continuity on 2019,2024,container,3784,16250,0.5274841437632135
greedy|2019|7000|all,20 chosen for continuity on 2019,2024,container,3784,16500,0.5335623678646935
greedy|2019|7000|all,20 chosen for continuity on 2019,2024,container,3784,16750,0.5391120507399577
greedy|2019|7000|all,20 chosen for continuity on 2019,2024,container,3784,17000,0.5433403805496829
greedy|2019|7000|all,20 chosen for continuity on 2019,2024,container,3784,17250,0.5470401691331924
greedy|2019|7000|all,20 chosen for continuity on 2019,2024,container,3784,17500,0.552061310782241
greedy|2019|7000|all,20 chosen for continuity on 2019,2024,container,3784,17750,0.554968287526427
greedy|2019|7000|all,20 chosen for continuity on 2019,2024,container,3784,18000,0.561046511627907
greedy|2019|7000|all,20 chosen for continuity on 2019,2024,container,3784,18250,0.5695031712473573
greedy|2019|7000|all,20 chosen for continuity on 2019,2024,container,3784,18500,0.5769027484143763
greedy|2019|7000|all,20 chosen for continuity on 2019,2024,container,3784,18750,0.5840380549682875
greedy|2019|7000|all,20 chosen for continuity on 2019,2024,container,3784,19000,0.5917019027484144
greedy|2019|7000|all,20 chosen for continuity on 2019,2024,container,3784,19250,0.5961945031712473
greedy|2019|7000|all,20 chosen for continuity on 2019,2024,container,3784,19500,0.6009513742071881
greedy|2019|7000|all,20 chosen for continuity on 2019,2024,container,3784,19750,0.6033298097251586
greedy|2019|7000|all,20 chosen for continuity on 2019,2024,container,3784,20000,0.607293868921776
greedy|2019|7000|all,20 chosen for continuity on 2019,2024,container,3784,20250,0.6128435517970402
greedy|2019|7000|all,20 chosen for continuity on 2019,2024,container,3784,20500,0.6207716701902748
greedy|2019|7000|all,20 chosen for continuity on 2019,2024,container,3784,20750,0.625
greedy|2019|7000|all,20 chosen for continuity on 2019,2024,container,3784,21000,0.6281712473572939
greedy|2019|7000|all,20 chosen for continuity on 2019,2024,container,3784,21250,0.6331923890063424
greedy|2019|7000|all,20 chosen for continuity on 2019,2024,container,3784,21500,0.6382135306553911
greedy|2019|7000|all,20 chosen for continuity on 2019,2024,container,3784,21750,0.6466701902748414
greedy|2019|7000|all,20 chosen for continuity on 2019,2024,container,3784,22000,0.653276955602537
greedy|2019|7000|all,20 chosen for continuity on 2019,2024,container,3784,22250,0.6593551797040169
greedy|2019|7000|all,20 chosen for continuity on 2019,2024,container,3784,22500,0.6633192389006343
greedy|2019|7000|all,20 chosen for continuity on 2019,2024,container,3784,22750,0.6667547568710359
greedy|2019|7000|all,20 chosen for continuity on 2019,2024,container,3784,23000,0.6715116279069767
greedy|2019|7000|all,20 chosen for continuity on 2019,2024,container,3784,23250,0.6775898520084567
greedy|2019|7000|all,20 chosen for continuity on 2019,2024,container,3784,23500,0.6810253699788583
greedy|2019|7000|all,20 chosen for continuity on 2019,2024,container,3784,23750,0.681553911205074
greedy|2019|7000|all,20 chosen for continuity on 2019,2024,container,3784,24000,0.6857822410147991
greedy|2019|7000|all,20 chosen for continuity on 2019,2024,container,3784,24250,0.6884249471458774
greedy|2019|7000|all,20 chosen for continuity on 2019,2024,container,3784,24500,0.6905391120507399
greedy|2019|7000|all,20 chosen for continuity on 2019,2024,container,3784,24750,0.6918604651162791
greedy|2019|7000|all,20 chosen for continuity on 2019,2024,container,3784,25000,0.695031712473573
greedy|2019|7000|all,20 chosen for continuity on 2019,2024,container,3784,25250,0.6971458773784355
greedy|2019|7000|all,20 chosen for continuity on 2019,2024,container,3784,25500,0.6984672304439746
greedy|2019|7000|all,20 chosen for continuity on 2019,2024,container,3784,25750,0.7003171247357294
greedy|2019|7000|all,20 chosen for continuity on 2019,2024,container,3784,26000,0.702431289640592
greedy|2019|7000|all,20 chosen for continuity on 2019,2024,container,3784,26250,0.703752642706131
greedy|2019|7000|all,20 chosen for continuity on 2019,2024,container,3784,26500,0.7050739957716702
greedy|2019|7000|all,20 chosen for continuity on 2019,2024,container,3784,26750,0.7056025369978859
greedy|2019|7000|all,20 chosen for continuity on 2019,2024,container,3784,27000,0.7063953488372093
greedy|2019|7000|all,20 chosen for continuity on 2019,2024,container,3784,27250,0.7077167019027484
greedy|2019|7000|all,20 chosen for continuity on 2019,2024,container,3784,27500,0.7077167019027484
greedy|2019|7000|all,20 chosen for continuity on 2019,2024,container,3784,27750,0.7077167019027484
greedy|2019|7000|all,20 chosen for continuity on 2019,2024,container,3784,28000,0.7090380549682875
greedy|2019|7000|all,20 chosen for continuity on 2019,2024,container,3784,28250,0.7095665961945031
greedy|2019|7000|all,20 chosen for continuity on 2019,2024,container,3784,28500,0.7106236786469344
greedy|2019|7000|all,20 chosen for continuity on 2019,2024,container,3784,28750,0.7114164904862579
greedy|2019|7000|all,20 chosen for continuity on 2019,2024,container,3784,29000,0.7130021141649049
greedy|2019|7000|all,20 chosen for continuity on 2019,2024,container,3784,29250,0.7137949260042283
greedy|2019|7000|all,20 chosen for continuity on 2019,2024,container,3784,29500,0.7140591966173362
greedy|2019|7000|all,20 chosen for continuity on 2019,2024,container,3784,29750,0.7156448202959831
greedy|2019|7000|all,20 chosen for continuity on 2019,2024,container,3784,30000,0.71723044397463
greedy|2019|7000|all,20 chosen for continuity on 2019,2024,bulk,9143,0,0.0
greedy|2019|7000|all,20 chosen for continuity on 2019,2024,bulk,9143,250,0.00010937329104232747
greedy|2019|7000|all,20 chosen for continuity on 2019,2024,bulk,9143,500,0.0005468664552116373
greedy|2019|7000|all,20 chosen for continuity on 2019,2024,bulk,9143,750,0.0006562397462539647
greedy|2019|7000|all,20 chosen for continuity on 2019,2024,bulk,9143,1000,0.0010937329104232746
greedy|2019|7000|all,20 chosen for continuity on 2019,2024,bulk,9143,1250,0.001203106201465602
greedy|2019|7000|all,20 chosen for continuity on 2019,2024,bulk,9143,1500,0.0032811987312698237
greedy|2019|7000|all,20 chosen for continuity on 2019,2024,bulk,9143,1750,0.003828065186481461
greedy|2019|7000|all,20 chosen for continuity on 2019,2024,bulk,9143,2000,0.0042655583506507715
greedy|2019|7000|all,20 chosen for continuity on 2019,2024,bulk,9143,2250,0.0050311713879470634
greedy|2019|7000|all,20 chosen for continuity on 2019,2024,bulk,9143,2500,0.006343650880454993
greedy|2019|7000|all,20 chosen for continuity on 2019,2024,bulk,9143,2750,0.007656130372962922
greedy|2019|7000|all,20 chosen for continuity on 2019,2024,bulk,9143,3000,0.008531116701301543
greedy|2019|7000|all,20 chosen for continuity on 2019,2024,bulk,9143,3250,0.00951547632068249
greedy|2019|7000|all,20 chosen for continuity on 2019,2024,bulk,9143,3500,0.011046702395275073
greedy|2019|7000|all,20 chosen for continuity on 2019,2024,bulk,9143,3750,0.012249808596740675
greedy|2019|7000|all,20 chosen for continuity on 2019,2024,bulk,9143,4000,0.013124794925079295
greedy|2019|7000|all,20 chosen for continuity on 2019,2024,bulk,9143,4250,0.013999781253417916
greedy|2019|7000|all,20 chosen for continuity on 2019,2024,bulk,9143,4500,0.016077873783222136
greedy|2019|7000|all,20 chosen for continuity on 2019,2024,bulk,9143,4750,0.017937219730941704
greedy|2019|7000|all,20 chosen for continuity on 2019,2024,bulk,9143,5000,0.019687192387618943
greedy|2019|7000|all,20 chosen for continuity on 2019,2024,bulk,9143,5250,0.022093404790550147
greedy|2019|7000|all,20 chosen for continuity on 2019,2024,bulk,9143,5500,0.024280870611396697
greedy|2019|7000|all,20 chosen for continuity on 2019,2024,bulk,9143,5750,0.025921469977031607
greedy|2019|7000|all,20 chosen for continuity on 2019,2024,bulk,9143,6000,0.027999562506835832
greedy|2019|7000|all,20 chosen for continuity on 2019,2024,bulk,9143,6250,0.030077655036640054
greedy|2019|7000|all,20 chosen for continuity on 2019,2024,bulk,9143,6500,0.03379634693207919
greedy|2019|7000|all,20 chosen for continuity on 2019,2024,bulk,9143,6750,0.036311932626052715
greedy|2019|7000|all,20 chosen for continuity on 2019,2024,bulk,9143,7000,0.03970250464836487
greedy|2019|7000|all,20 chosen for continuity on 2019,2024,bulk,9143,7250,0.04276495679755004
greedy|2019|7000|all,20 chosen for continuity on 2019,2024,bulk,9143,7500,0.045827408946735204
greedy|2019|7000|all,20 chosen for continuity on 2019,2024,bulk,9143,7750,0.04965547413321667
greedy|2019|7000|all,20 chosen for continuity on 2019,2024,bulk,9143,8000,0.052389806409274854
greedy|2019|7000|all,20 chosen for continuity on 2019,2024,bulk,9143,8250,0.055342885267417694
greedy|2019|7000|all,20 chosen for continuity on 2019,2024,bulk,9143,8500,0.05851471070764519
greedy|2019|7000|all,20 chosen for continuity on 2019,2024,bulk,9143,8750,0.06278026905829596
greedy|2019|7000|all,20 chosen for continuity on 2019,2024,bulk,9143,9000,0.06606146778956579
greedy|2019|7000|all,20 chosen for continuity on 2019,2024,bulk,9143,9250,0.07021765284917424
greedy|2019|7000|all,20 chosen for continuity on 2019,2024,bulk,9143,9500,0.07382697145357103
greedy|2019|7000|all,20 chosen for continuity on 2019,2024,bulk,9143,9750,0.07754566334901017
greedy|2019|7000|all,20 chosen for continuity on 2019,2024,bulk,9143,10000,0.08268620802799956
greedy|2019|7000|all,20 chosen for continuity on 2019,2024,bulk,9143,10250,0.08574866017718473
greedy|2019|7000|all,20 chosen for continuity on 2019,2024,bulk,9143,10500,0.09012359181887783
greedy|2019|7000|all,20 chosen for continuity on 2019,2024,bulk,9143,10750,0.09592037624412118
greedy|2019|7000|all,20 chosen for continuity on 2019,2024,bulk,9143,11000,0.10084217434102592
greedy|2019|7000|all,20 chosen for continuity on 2019,2024,bulk,9143,11250,0.10587334572897299
greedy|2019|7000|all,20 chosen for continuity on 2019,2024,bulk,9143,11500,0.11002953078858142
greedy|2019|7000|all,20 chosen for continuity on 2019,2024,bulk,9143,11750,0.11473258230340151
greedy|2019|7000|all,20 chosen for continuity on 2019,2024,bulk,9143,12000,0.1186700207809253
greedy|2019|7000|all,20 chosen for continuity on 2019,2024,bulk,9143,12250,0.12337307229574537
greedy|2019|7000|all,20 chosen for continuity on 2019,2024,bulk,9143,12500,0.1278573772284808
greedy|2019|7000|all,20 chosen for continuity on 2019,2024,bulk,9143,12750,0.13277917532538555
greedy|2019|7000|all,20 chosen for continuity on 2019,2024,bulk,9143,13000,0.1381384665864596
greedy|2019|7000|all,20 chosen for continuity on 2019,2024,bulk,9143,13250,0.14371650442961828
greedy|2019|7000|all,20 chosen for continuity on 2019,2024,bulk,9143,13500,0.14863830252652302
greedy|2019|7000|all,20 chosen for continuity on 2019,2024,bulk,9143,13750,0.15399759378759706
greedy|2019|7000|all,20 chosen for continuity on 2019,2024,bulk,9143,14000,0.15990375150388275
greedy|2019|7000|all,20 chosen for continuity on 2019,2024,bulk,9143,14250,0.1641693098545335
greedy|2019|7000|all,20 chosen for continuity on 2019,2024,bulk,9143,14500,0.1684348682051843
greedy|2019|7000|all,20 chosen for continuity on 2019,2024,bulk,9143,14750,0.17434102592146997
greedy|2019|7000|all,20 chosen for continuity on 2019,2024,bulk,9143,15000,0.18177840971234824
greedy|2019|7000|all,20 chosen for continuity on 2019,2024,bulk,9143,15250,0.18702832768237995
greedy|2019|7000|all,20 chosen for continuity on 2019,2024,bulk,9143,15500,0.19260636552553867
greedy|2019|7000|all,20 chosen for continuity on 2019,2024,bulk,9143,15750,0.198731269823909
greedy|2019|7000|all,20 chosen for continuity on 2019,2024,bulk,9143,16000,0.20365306792081372
greedy|2019|7000|all,20 chosen for continuity on 2019,2024,bulk,9143,16250,0.2083561194356338
greedy|2019|7000|all,20 chosen for continuity on 2019,2024,bulk,9143,16500,0.21568412993546976
greedy|2019|7000|all,20 chosen for continuity on 2019,2024,bulk,9143,16750,0.22312151372634803
greedy|2019|7000|all,20 chosen for continuity on 2019,2024,bulk,9143,17000,0.22946516460680302
greedy|2019|7000|all,20 chosen for continuity on 2019,2024,bulk,9143,17250,0.23362134966641146
greedy|2019|7000|all,20 chosen for continuity on 2019,2024,bulk,9143,17500,0.24226183965875533
greedy|2019|7000|all,20 chosen for continuity on 2019,2024,bulk,9143,17750,0.2512304495242262
greedy|2019|7000|all,20 chosen for continuity on 2019,2024,bulk,9143,18000,0.2616209121732473
greedy|2019|7000|all,20 chosen for continuity on 2019,2024,bulk,9143,18250,0.2696051624193372
greedy|2019|7000|all,20 chosen for continuity on 2019,2024,bulk,9143,18500,0.2771519195012578
greedy|2019|7000|all,20 chosen for continuity on 2019,2024,bulk,9143,18750,0.285901782784644
greedy|2019|7000|all,20 chosen for continuity on 2019,2024,bulk,9143,19000,0.2950891392321995
greedy|2019|7000|all,20 chosen for continuity on 2019,2024,bulk,9143,19250,0.30285464289620473
greedy|2019|7000|all,20 chosen for continuity on 2019,2024,bulk,9143,19500,0.31718254402274965
greedy|2019|7000|all,20 chosen for continuity on 2019,2024,bulk,9143,19750,0.3285573662911517
greedy|2019|7000|all,20 chosen for continuity on 2019,2024,bulk,9143,20000,0.33829158919391883
greedy|2019|7000|all,20 chosen for continuity on 2019,2024,bulk,9143,20250,0.34901017171606696
greedy|2019|7000|all,20 chosen for continuity on 2019,2024,bulk,9143,20500,0.35929126107404574
greedy|2019|7000|all,20 chosen for continuity on 2019,2024,bulk,9143,20750,0.3692442305588975
greedy|2019|7000|all,20 chosen for continuity on 2019,2024,bulk,9143,21000,0.3798534397900033
greedy|2019|7000|all,20 chosen for continuity on 2019,2024,bulk,9143,21250,0.39144700864049
greedy|2019|7000|all,20 chosen for continuity on 2019,2024,bulk,9143,21500,0.4009624849611725
greedy|2019|7000|all,20 chosen for continuity on 2019,2024,bulk,9143,21750,0.41200918735644754
greedy|2019|7000|all,20 chosen for continuity on 2019,2024,bulk,9143,22000,0.4205403040577491
greedy|2019|7000|all,20 chosen for continuity on 2019,2024,bulk,9143,22250,0.4301651536694739
greedy|2019|7000|all,20 chosen for continuity on 2019,2024,bulk,9143,22500,0.43814940391556384
greedy|2019|7000|all,20 chosen for continuity on 2019,2024,bulk,9143,22750,0.45028983922126214
greedy|2019|7000|all,20 chosen for continuity on 2019,2024,bulk,9143,23000,0.4627583944000875
greedy|2019|7000|all,20 chosen for continuity on 2019,2024,bulk,9143,23250,0.4780706551460133
greedy|2019|7000|all,20 chosen for continuity on 2019,2024,bulk,9143,23500,0.48867986437711913
greedy|2019|7000|all,20 chosen for continuity on 2019,2024,bulk,9143,23750,0.49841408727988623
greedy|2019|7000|all,20 chosen for continuity on 2019,2024,bulk,9143,24000,0.5062889642349339
greedy|2019|7000|all,20 chosen for continuity on 2019,2024,bulk,9143,24250,0.5130701082795581
greedy|2019|7000|all,20 chosen for continuity on 2019,2024,bulk,9143,24500,0.522694957891283
greedy|2019|7000|all,20 chosen for continuity on 2019,2024,bulk,9143,24750,0.5287104888986109
greedy|2019|7000|all,20 chosen for continuity on 2019,2024,bulk,9143,25000,0.5350541397790659
greedy|2019|7000|all,20 chosen for continuity on 2019,2024,bulk,9143,25250,0.5420540304057749
greedy|2019|7000|all,20 chosen for continuity on 2019,2024,bulk,9143,25500,0.5503664005249918
greedy|2019|7000|all,20 chosen for continuity on 2019,2024,bulk,9143,25750,0.5564913048233622
greedy|2019|7000|all,20 chosen for continuity on 2019,2024,bulk,9143,26000,0.5628349557038171
greedy|2019|7000|all,20 chosen for continuity on 2019,2024,bulk,9143,26250,0.5688504867111451
greedy|2019|7000|all,20 chosen for continuity on 2019,2024,bulk,9143,26500,0.5741004046811768
greedy|2019|7000|all,20 chosen for continuity on 2019,2024,bulk,9143,26750,0.5801159356885048
greedy|2019|7000|all,20 chosen for continuity on 2019,2024,bulk,9143,27000,0.5864595865689599
greedy|2019|7000|all,20 chosen for continuity on 2019,2024,bulk,9143,27250,0.5922563709942033
greedy|2019|7000|all,20 chosen for continuity on 2019,2024,bulk,9143,27500,0.5983812752925736
greedy|2019|7000|all,20 chosen for continuity on 2019,2024,bulk,9143,27750,0.6054905392103248
greedy|2019|7000|all,20 chosen for continuity on 2019,2024,bulk,9143,28000,0.6129279230012031
greedy|2019|7000|all,20 chosen for continuity on 2019,2024,bulk,9143,28250,0.6182872142622772
greedy|2019|7000|all,20 chosen for continuity on 2019,2024,bulk,9143,28500,0.6241933719785628
greedy|2019|7000|all,20 chosen for continuity on 2019,2024,bulk,9143,28750,0.6310838893142294
greedy|2019|7000|all,20 chosen for continuity on 2019,2024,bulk,9143,29000,0.6373181669036422
greedy|2019|7000|all,20 chosen for continuity on 2019,2024,bulk,9143,29250,0.6421305917095045
greedy|2019|7000|all,20 chosen for continuity on 2019,2024,bulk,9143,29500,0.6496773487914251
greedy|2019|7000|all,20 chosen for continuity on 2019,2024,bulk,9143,29750,0.6560209996718801
greedy|2019|7000|all,20 chosen for continuity on 2019,2024,bulk,9143,30000,0.6635677567538008
greedy|2019|7000|all,20 chosen for continuity on 2019,2024,tanker,5788,0,0.0005183137525915688
greedy|2019|7000|all,20 chosen for continuity on 2019,2024,tanker,5788,250,0.0029371112646855565
greedy|2019|7000|all,20 chosen for continuity on 2019,2024,tanker,5788,500,0.0046648237733241185
greedy|2019|7000|all,20 chosen for continuity on 2019,2024,tanker,5788,750,0.006046993780234969
greedy|2019|7000|all,20 chosen for continuity on 2019,2024,tanker,5788,1000,0.007256392536281963
greedy|2019|7000|all,20 chosen for continuity on 2019,2024,tanker,5788,1250,0.010539046302695232
greedy|2019|7000|all,20 chosen for continuity on 2019,2024,tanker,5788,1500,0.015031098825155494
greedy|2019|7000|all,20 chosen for continuity on 2019,2024,tanker,5788,1750,0.016931582584657913
greedy|2019|7000|all,20 chosen for continuity on 2019,2024,tanker,5788,2000,0.018659295093296474
greedy|2019|7000|all,20 chosen for continuity on 2019,2024,tanker,5788,2250,0.01986869384934347
greedy|2019|7000|all,20 chosen for continuity on 2019,2024,tanker,5788,2500,0.023496890117484452
greedy|2019|7000|all,20 chosen for continuity on 2019,2024,tanker,5788,2750,0.02677954388389772
greedy|2019|7000|all,20 chosen for continuity on 2019,2024,tanker,5788,3000,0.030062197650310988
greedy|2019|7000|all,20 chosen for continuity on 2019,2024,tanker,5788,3250,0.03576364892881825
greedy|2019|7000|all,20 chosen for continuity on 2019,2024,tanker,5788,3500,0.0414651002073255
greedy|2019|7000|all,20 chosen for continuity on 2019,2024,tanker,5788,3750,0.04716655148583276
greedy|2019|7000|all,20 chosen for continuity on 2019,2024,tanker,5788,4000,0.05355908776779544
greedy|2019|7000|all,20 chosen for continuity on 2019,2024,tanker,5788,4250,0.05770559778852799
greedy|2019|7000|all,20 chosen for continuity on 2019,2024,tanker,5788,4500,0.06254319281271596
greedy|2019|7000|all,20 chosen for continuity on 2019,2024,tanker,5788,4750,0.06668970283344851
greedy|2019|7000|all,20 chosen for continuity on 2019,2024,tanker,5788,5000,0.07411886662059433
greedy|2019|7000|all,20 chosen for continuity on 2019,2024,tanker,5788,5250,0.08189357290946786
greedy|2019|7000|all,20 chosen for continuity on 2019,2024,tanker,5788,5500,0.09208707671043538
greedy|2019|7000|all,20 chosen for continuity on 2019,2024,tanker,5788,5750,0.0995162404975812
greedy|2019|7000|all,20 chosen for continuity on 2019,2024,tanker,5788,6000,0.10573600552868002
greedy|2019|7000|all,20 chosen for continuity on 2019,2024,tanker,5788,6250,0.11230131306150656
greedy|2019|7000|all,20 chosen for continuity on 2019,2024,tanker,5788,6500,0.11955770559778853
greedy|2019|7000|all,20 chosen for continuity on 2019,2024,tanker,5788,6750,0.12543192812715964
greedy|2019|7000|all,20 chosen for continuity on 2019,2024,tanker,5788,7000,0.1326883206634416
greedy|2019|7000|all,20 chosen for continuity on 2019,2024,tanker,5788,7250,0.13873531444367657
greedy|2019|7000|all,20 chosen for continuity on 2019,2024,tanker,5788,7500,0.1437456807187284
greedy|2019|7000|all,20 chosen for continuity on 2019,2024,tanker,5788,7750,0.15134761575673808
greedy|2019|7000|all,20 chosen for continuity on 2019,2024,tanker,5788,8000,0.15860400829302004
greedy|2019|7000|all,20 chosen for continuity on 2019,2024,tanker,5788,8250,0.1674153420870767
greedy|2019|7000|all,20 chosen for continuity on 2019,2024,tanker,5788,8500,0.17570836212854182
greedy|2019|7000|all,20 chosen for continuity on 2019,2024,tanker,5788,8750,0.1852107809260539
greedy|2019|7000|all,20 chosen for continuity on 2019,2024,tanker,5788,9000,0.1938493434692467
greedy|2019|7000|all,20 chosen for continuity on 2019,2024,tanker,5788,9250,0.21095369730476848
greedy|2019|7000|all,20 chosen for continuity on 2019,2024,tanker,5788,9500,0.22045611610228058
greedy|2019|7000|all,20 chosen for continuity on 2019,2024,tanker,5788,9750,0.23151347615756737
greedy|2019|7000|all,20 chosen for continuity on 2019,2024,tanker,5788,10000,0.23963372494816862
greedy|2019|7000|all,20 chosen for continuity on 2019,2024,tanker,5788,10250,0.24930891499654456
greedy|2019|7000|all,20 chosen for continuity on 2019,2024,tanker,5788,10500,0.2574291637871458
greedy|2019|7000|all,20 chosen for continuity on 2019,2024,tanker,5788,10750,0.2662404975812025
greedy|2019|7000|all,20 chosen for continuity on 2019,2024,tanker,5788,11000,0.27626123013130616
greedy|2019|7000|all,20 chosen for continuity on 2019,2024,tanker,5788,11250,0.28507256392536284
greedy|2019|7000|all,20 chosen for continuity on 2019,2024,tanker,5788,11500,0.2963026952315135
greedy|2019|7000|all,20 chosen for continuity on 2019,2024,tanker,5788,11750,0.30943331029716653
greedy|2019|7000|all,20 chosen for continuity on 2019,2024,tanker,5788,12000,0.3210089841050449
greedy|2019|7000|all,20 chosen for continuity on 2019,2024,tanker,5788,12250,0.3279198341395992
greedy|2019|7000|all,20 chosen for continuity on 2019,2024,tanker,5788,12500,0.3384588804422944
greedy|2019|7000|all,20 chosen for continuity on 2019,2024,tanker,5788,12750,0.34778852798894266
greedy|2019|7000|all,20 chosen for continuity on 2019,2024,tanker,5788,13000,0.3609191430545957
greedy|2019|7000|all,20 chosen for continuity on 2019,2024,tanker,5788,13250,0.37214927436074635
greedy|2019|7000|all,20 chosen for continuity on 2019,2024,tanker,5788,13500,0.3840704906703524
greedy|2019|7000|all,20 chosen for continuity on 2019,2024,tanker,5788,13750,0.39391845196959224
greedy|2019|7000|all,20 chosen for continuity on 2019,2024,tanker,5788,14000,0.4032480995162405
greedy|2019|7000|all,20 chosen for continuity on 2019,2024,tanker,5788,14250,0.41482377332411885
greedy|2019|7000|all,20 chosen for continuity on 2019,2024,tanker,5788,14500,0.4239806496199032
greedy|2019|7000|all,20 chosen for continuity on 2019,2024,tanker,5788,14750,0.4333102971665515
greedy|2019|7000|all,20 chosen for continuity on 2019,2024,tanker,5788,15000,0.44039391845196957
greedy|2019|7000|all,20 chosen for continuity on 2019,2024,tanker,5788,15250,0.4502418797512094
greedy|2019|7000|all,20 chosen for continuity on 2019,2024,tanker,5788,15500,0.4578438147892191
greedy|2019|7000|all,20 chosen for continuity on 2019,2024,tanker,5788,15750,0.46596406357982034
greedy|2019|7000|all,20 chosen for continuity on 2019,2024,tanker,5788,16000,0.47373876986869384
greedy|2019|7000|all,20 chosen for continuity on 2019,2024,tanker,5788,16250,0.48203178991015894
greedy|2019|7000|all,20 chosen for continuity on 2019,2024,tanker,5788,16500,0.49101589495507947
greedy|2019|7000|all,20 chosen for continuity on 2019,2024,tanker,5788,16750,0.501209398756047
greedy|2019|7000|all,20 chosen for continuity on 2019,2024,tanker,5788,17000,0.5101935038009675
greedy|2019|7000|all,20 chosen for continuity on 2019,2024,tanker,5788,17250,0.5172771250863857
greedy|2019|7000|all,20 chosen for continuity on 2019,2024,tanker,5788,17500,0.5233241188666206
greedy|2019|7000|all,20 chosen for continuity on 2019,2024,tanker,5788,17750,0.5323082239115411
greedy|2019|7000|all,20 chosen for continuity on 2019,2024,tanker,5788,18000,0.5411195577055978
greedy|2019|7000|all,20 chosen for continuity on 2019,2024,tanker,5788,18250,0.5483759502418798
greedy|2019|7000|all,20 chosen for continuity on 2019,2024,tanker,5788,18500,0.5571872840359364
greedy|2019|7000|all,20 chosen for continuity on 2019,2024,tanker,5788,18750,0.563752591568763
greedy|2019|7000|all,20 chosen for continuity on 2019,2024,tanker,5788,19000,0.5711817553559088
greedy|2019|7000|all,20 chosen for continuity on 2019,2024,tanker,5788,19250,0.5767104353835522
greedy|2019|7000|all,20 chosen for continuity on 2019,2024,tanker,5788,19500,0.5824118866620595
greedy|2019|7000|all,20 chosen for continuity on 2019,2024,tanker,5788,19750,0.5891499654457498
greedy|2019|7000|all,20 chosen for continuity on 2019,2024,tanker,5788,20000,0.5960608154803041
greedy|2019|7000|all,20 chosen for continuity on 2019,2024,tanker,5788,20250,0.60573600552868
greedy|2019|7000|all,20 chosen for continuity on 2019,2024,tanker,5788,20500,0.6116102280580511
greedy|2019|7000|all,20 chosen for continuity on 2019,2024,tanker,5788,20750,0.6192121630960609
greedy|2019|7000|all,20 chosen for continuity on 2019,2024,tanker,5788,21000,0.6268140981340705
greedy|2019|7000|all,20 chosen for continuity on 2019,2024,tanker,5788,21250,0.6326883206634416
greedy|2019|7000|all,20 chosen for continuity on 2019,2024,tanker,5788,21500,0.6395991706979959
greedy|2019|7000|all,20 chosen for continuity on 2019,2024,tanker,5788,21750,0.6437456807187284
greedy|2019|7000|all,20 chosen for continuity on 2019,2024,tanker,5788,22000,0.6499654457498272
greedy|2019|7000|all,20 chosen for continuity on 2019,2024,tanker,5788,22250,0.6551485832757429
greedy|2019|7000|all,20 chosen for continuity on 2019,2024,tanker,5788,22500,0.6596406357982032
greedy|2019|7000|all,20 chosen for continuity on 2019,2024,tanker,5788,22750,0.6644782308223911
greedy|2019|7000|all,20 chosen for continuity on 2019,2024,tanker,5788,23000,0.6705252246026261
greedy|2019|7000|all,20 chosen for continuity on 2019,2024,tanker,5788,23250,0.6757083621285418
greedy|2019|7000|all,20 chosen for continuity on 2019,2024,tanker,5788,23500,0.6814098134070491
greedy|2019|7000|all,20 chosen for continuity on 2019,2024,tanker,5788,23750,0.6876295784381479
greedy|2019|7000|all,20 chosen for continuity on 2019,2024,tanker,5788,24000,0.6929854872149275
greedy|2019|7000|all,20 chosen for continuity on 2019,2024,tanker,5788,24250,0.699550794747754
greedy|2019|7000|all,20 chosen for continuity on 2019,2024,tanker,5788,24500,0.7068071872840359
greedy|2019|7000|all,20 chosen for continuity on 2019,2024,tanker,5788,24750,0.712681409813407
greedy|2019|7000|all,20 chosen for continuity on 2019,2024,tanker,5788,25000,0.7168279198341396
greedy|2019|7000|all,20 chosen for continuity on 2019,2024,tanker,5788,25250,0.7233932273669661
greedy|2019|7000|all,20 chosen for continuity on 2019,2024,tanker,5788,25500,0.7275397373876987
greedy|2019|7000|all,20 chosen for continuity on 2019,2024,tanker,5788,25750,0.7311679336558397
greedy|2019|7000|all,20 chosen for continuity on 2019,2024,tanker,5788,26000,0.7349689011748445
greedy|2019|7000|all,20 chosen for continuity on 2019,2024,tanker,5788,26250,0.7394609536973048
greedy|2019|7000|all,20 chosen for continuity on 2019,2024,tanker,5788,26500,0.7441257774706289
greedy|2019|7000|all,20 chosen for continuity on 2019,2024,tanker,5788,26750,0.7470628887353145
greedy|2019|7000|all,20 chosen for continuity on 2019,2024,tanker,5788,27000,0.751209398756047
greedy|2019|7000|all,20 chosen for continuity on 2019,2024,tanker,5788,27250,0.7541465100207325
greedy|2019|7000|all,20 chosen for continuity on 2019,2024,tanker,5788,27500,0.7595024187975121
greedy|2019|7000|all,20 chosen for continuity on 2019,2024,tanker,5788,27750,0.7624395300621977
greedy|2019|7000|all,20 chosen for continuity on 2019,2024,tanker,5788,28000,0.7650310988251555
greedy|2019|7000|all,20 chosen for continuity on 2019,2024,tanker,5788,28250,0.7679682100898411
greedy|2019|7000|all,20 chosen for continuity on 2019,2024,tanker,5788,28500,0.771596406357982
greedy|2019|7000|all,20 chosen for continuity on 2019,2024,tanker,5788,28750,0.7728058051140291
greedy|2019|7000|all,20 chosen for continuity on 2019,2024,tanker,5788,29000,0.7766067726330339
greedy|2019|7000|all,20 chosen for continuity on 2019,2024,tanker,5788,29250,0.778852798894264
greedy|2019|7000|all,20 chosen for continuity on 2019,2024,tanker,5788,29500,0.7817899101589495
greedy|2019|7000|all,20 chosen for continuity on 2019,2024,tanker,5788,29750,0.7840359364201797
greedy|2019|7000|all,20 chosen for continuity on 2019,2024,tanker,5788,30000,0.7871458189357291
greedy|2019|7000|all,20 chosen for continuity on 2019,2024,gas,1181,0,0.0
greedy|2019|7000|all,20 chosen for continuity on 2019,2024,gas,1181,250,0.000846740050804403
greedy|2019|7000|all,20 chosen for continuity on 2019,2024,gas,1181,500,0.000846740050804403
greedy|2019|7000|all,20 chosen for continuity on 2019,2024,gas,1181,750,0.001693480101608806
greedy|2019|7000|all,20 chosen for continuity on 2019,2024,gas,1181,1000,0.001693480101608806
greedy|2019|7000|all,20 chosen for continuity on 2019,2024,gas,1181,1250,0.001693480101608806
greedy|2019|7000|all,20 chosen for continuity on 2019,2024,gas,1181,1500,0.003386960203217612
greedy|2019|7000|all,20 chosen for continuity on 2019,2024,gas,1181,1750,0.004233700254022015
greedy|2019|7000|all,20 chosen for continuity on 2019,2024,gas,1181,2000,0.005080440304826418
greedy|2019|7000|all,20 chosen for continuity on 2019,2024,gas,1181,2250,0.0059271803556308214
greedy|2019|7000|all,20 chosen for continuity on 2019,2024,gas,1181,2500,0.007620660457239628
greedy|2019|7000|all,20 chosen for continuity on 2019,2024,gas,1181,2750,0.009314140558848433
greedy|2019|7000|all,20 chosen for continuity on 2019,2024,gas,1181,3000,0.011854360711261643
greedy|2019|7000|all,20 chosen for continuity on 2019,2024,gas,1181,3250,0.013547840812870448
greedy|2019|7000|all,20 chosen for continuity on 2019,2024,gas,1181,3500,0.014394580863674851
greedy|2019|7000|all,20 chosen for continuity on 2019,2024,gas,1181,3750,0.015241320914479255
greedy|2019|7000|all,20 chosen for continuity on 2019,2024,gas,1181,4000,0.017781541066892465
greedy|2019|7000|all,20 chosen for continuity on 2019,2024,gas,1181,4250,0.018628281117696866
greedy|2019|7000|all,20 chosen for continuity on 2019,2024,gas,1181,4500,0.021168501270110076
greedy|2019|7000|all,20 chosen for continuity on 2019,2024,gas,1181,4750,0.024555461473327687
greedy|2019|7000|all,20 chosen for continuity on 2019,2024,gas,1181,5000,0.026248941574936496
greedy|2019|7000|all,20 chosen for continuity on 2019,2024,gas,1181,5250,0.03048264182895851
greedy|2019|7000|all,20 chosen for continuity on 2019,2024,gas,1181,5500,0.03048264182895851
greedy|2019|7000|all,20 chosen for continuity on 2019,2024,gas,1181,5750,0.03556308213378493
greedy|2019|7000|all,20 chosen for continuity on 2019,2024,gas,1181,6000,0.03895004233700254
greedy|2019|7000|all,20 chosen for continuity on 2019,2024,gas,1181,6250,0.03979678238780694
greedy|2019|7000|all,20 chosen for continuity on 2019,2024,gas,1181,6500,0.04403048264182896
greedy|2019|7000|all,20 chosen for continuity on 2019,2024,gas,1181,6750,0.04657070279424217
greedy|2019|7000|all,20 chosen for continuity on 2019,2024,gas,1181,7000,0.04826418289585097
greedy|2019|7000|all,20 chosen for continuity on 2019,2024,gas,1181,7250,0.05080440304826418
greedy|2019|7000|all,20 chosen for continuity on 2019,2024,gas,1181,7500,0.060118543607112614
greedy|2019|7000|all,20 chosen for continuity on 2019,2024,gas,1181,7750,0.06943268416596104
greedy|2019|7000|all,20 chosen for continuity on 2019,2024,gas,1181,8000,0.07281964436917866
greedy|2019|7000|all,20 chosen for continuity on 2019,2024,gas,1181,8250,0.07705334462320068
greedy|2019|7000|all,20 chosen for continuity on 2019,2024,gas,1181,8500,0.07874682472480948
greedy|2019|7000|all,20 chosen for continuity on 2019,2024,gas,1181,8750,0.0829805249788315
greedy|2019|7000|all,20 chosen for continuity on 2019,2024,gas,1181,9000,0.08806096528365792
greedy|2019|7000|all,20 chosen for continuity on 2019,2024,gas,1181,9250,0.08975444538526672
greedy|2019|7000|all,20 chosen for continuity on 2019,2024,gas,1181,9500,0.09398814563928874
greedy|2019|7000|all,20 chosen for continuity on 2019,2024,gas,1181,9750,0.10160880609652836
greedy|2019|7000|all,20 chosen for continuity on 2019,2024,gas,1181,10000,0.10584250635055038
greedy|2019|7000|all,20 chosen for continuity on 2019,2024,gas,1181,10250,0.1100762066045724
greedy|2019|7000|all,20 chosen for continuity on 2019,2024,gas,1181,10500,0.1143099068585944
greedy|2019|7000|all,20 chosen for continuity on 2019,2024,gas,1181,10750,0.11685012701100762
greedy|2019|7000|all,20 chosen for continuity on 2019,2024,gas,1181,11000,0.12108382726502964
greedy|2019|7000|all,20 chosen for continuity on 2019,2024,gas,1181,11250,0.13124470787468248
greedy|2019|7000|all,20 chosen for continuity on 2019,2024,gas,1181,11500,0.1380186282811177
greedy|2019|7000|all,20 chosen for continuity on 2019,2024,gas,1181,11750,0.14225232853513972
greedy|2019|7000|all,20 chosen for continuity on 2019,2024,gas,1181,12000,0.15241320914479256
greedy|2019|7000|all,20 chosen for continuity on 2019,2024,gas,1181,12250,0.16088060965283657
greedy|2019|7000|all,20 chosen for continuity on 2019,2024,gas,1181,12500,0.1718882303132938
greedy|2019|7000|all,20 chosen for continuity on 2019,2024,gas,1181,12750,0.17781541066892464
greedy|2019|7000|all,20 chosen for continuity on 2019,2024,gas,1181,13000,0.18035563082133785
greedy|2019|7000|all,20 chosen for continuity on 2019,2024,gas,1181,13250,0.18289585097375105
greedy|2019|7000|all,20 chosen for continuity on 2019,2024,gas,1181,13500,0.18797629127857748
greedy|2019|7000|all,20 chosen for continuity on 2019,2024,gas,1181,13750,0.1905165114309907
greedy|2019|7000|all,20 chosen for continuity on 2019,2024,gas,1181,14000,0.1922099915325995
greedy|2019|7000|all,20 chosen for continuity on 2019,2024,gas,1181,14250,0.19813717188823032
greedy|2019|7000|all,20 chosen for continuity on 2019,2024,gas,1181,14500,0.20237087214225233
greedy|2019|7000|all,20 chosen for continuity on 2019,2024,gas,1181,14750,0.20660457239627433
greedy|2019|7000|all,20 chosen for continuity on 2019,2024,gas,1181,15000,0.20745131244707873
greedy|2019|7000|all,20 chosen for continuity on 2019,2024,gas,1181,15250,0.21168501270110077
greedy|2019|7000|all,20 chosen for continuity on 2019,2024,gas,1181,15500,0.21507197290431837
greedy|2019|7000|all,20 chosen for continuity on 2019,2024,gas,1181,15750,0.2201524132091448
greedy|2019|7000|all,20 chosen for continuity on 2019,2024,gas,1181,16000,0.2252328535139712
greedy|2019|7000|all,20 chosen for continuity on 2019,2024,gas,1181,16250,0.22946655376799321
greedy|2019|7000|all,20 chosen for continuity on 2019,2024,gas,1181,16500,0.23200677392040644
greedy|2019|7000|all,20 chosen for continuity on 2019,2024,gas,1181,16750,0.23708721422523285
greedy|2019|7000|all,20 chosen for continuity on 2019,2024,gas,1181,17000,0.24132091447925486
greedy|2019|7000|all,20 chosen for continuity on 2019,2024,gas,1181,17250,0.2472480948348857
greedy|2019|7000|all,20 chosen for continuity on 2019,2024,gas,1181,17500,0.26333615580016934
greedy|2019|7000|all,20 chosen for continuity on 2019,2024,gas,1181,17750,0.2802709568162574
greedy|2019|7000|all,20 chosen for continuity on 2019,2024,gas,1181,18000,0.2988992379339543
greedy|2019|7000|all,20 chosen for continuity on 2019,2024,gas,1181,18250,0.31498729889923793
greedy|2019|7000|all,20 chosen for continuity on 2019,2024,gas,1181,18500,0.32091447925486877
greedy|2019|7000|all,20 chosen for continuity on 2019,2024,gas,1181,18750,0.32514817950889074
greedy|2019|7000|all,20 chosen for continuity on 2019,2024,gas,1181,19000,0.3310753598645216
greedy|2019|7000|all,20 chosen for continuity on 2019,2024,gas,1181,19250,0.3353090601185436
greedy|2019|7000|all,20 chosen for continuity on 2019,2024,gas,1181,19500,0.3386960203217612
greedy|2019|7000|all,20 chosen for continuity on 2019,2024,gas,1181,19750,0.3420829805249788
greedy|2019|7000|all,20 chosen for continuity on 2019,2024,gas,1181,20000,0.3505503810330229
greedy|2019|7000|all,20 chosen for continuity on 2019,2024,gas,1181,20250,0.3590177815410669
greedy|2019|7000|all,20 chosen for continuity on 2019,2024,gas,1181,20500,0.3691786621507197
greedy|2019|7000|all,20 chosen for continuity on 2019,2024,gas,1181,20750,0.37425910245554617
greedy|2019|7000|all,20 chosen for continuity on 2019,2024,gas,1181,21000,0.37764606265876377
greedy|2019|7000|all,20 chosen for continuity on 2019,2024,gas,1181,21250,0.38018628281117695
greedy|2019|7000|all,20 chosen for continuity on 2019,2024,gas,1181,21500,0.3852667231160034
greedy|2019|7000|all,20 chosen for continuity on 2019,2024,gas,1181,21750,0.3878069432684166
greedy|2019|7000|all,20 chosen for continuity on 2019,2024,gas,1181,22000,0.388653683319221
greedy|2019|7000|all,20 chosen for continuity on 2019,2024,gas,1181,22250,0.39458086367485184
greedy|2019|7000|all,20 chosen for continuity on 2019,2024,gas,1181,22500,0.39966130397967825
greedy|2019|7000|all,20 chosen for continuity on 2019,2024,gas,1181,22750,0.40135478408128705
greedy|2019|7000|all,20 chosen for continuity on 2019,2024,gas,1181,23000,0.40643522438611346
greedy|2019|7000|all,20 chosen for continuity on 2019,2024,gas,1181,23250,0.41151566469093986
greedy|2019|7000|all,20 chosen for continuity on 2019,2024,gas,1181,23500,0.4140558848433531
greedy|2019|7000|all,20 chosen for continuity on 2019,2024,gas,1181,23750,0.4182895850973751
greedy|2019|7000|all,20 chosen for continuity on 2019,2024,gas,1181,24000,0.4208298052497883
greedy|2019|7000|all,20 chosen for continuity on 2019,2024,gas,1181,24250,0.42845046570702794
greedy|2019|7000|all,20 chosen for continuity on 2019,2024,gas,1181,24500,0.43691786621507195
greedy|2019|7000|all,20 chosen for continuity on 2019,2024,gas,1181,24750,0.4377646062658764
greedy|2019|7000|all,20 chosen for continuity on 2019,2024,gas,1181,25000,0.4445385266723116
greedy|2019|7000|all,20 chosen for continuity on 2019,2024,gas,1181,25250,0.4470787468247248
greedy|2019|7000|all,20 chosen for continuity on 2019,2024,gas,1181,25500,0.45131244707874685
greedy|2019|7000|all,20 chosen for continuity on 2019,2024,gas,1181,25750,0.45893310753598643
greedy|2019|7000|all,20 chosen for continuity on 2019,2024,gas,1181,26000,0.4623200677392041
greedy|2019|7000|all,20 chosen for continuity on 2019,2024,gas,1181,26250,0.4690939881456393
greedy|2019|7000|all,20 chosen for continuity on 2019,2024,gas,1181,26500,0.47671464860287893
greedy|2019|7000|all,20 chosen for continuity on 2019,2024,gas,1181,26750,0.4809483488569009
greedy|2019|7000|all,20 chosen for continuity on 2019,2024,gas,1181,27000,0.48348856900931414
greedy|2019|7000|all,20 chosen for continuity on 2019,2024,gas,1181,27250,0.489415749364945
greedy|2019|7000|all,20 chosen for continuity on 2019,2024,gas,1181,27500,0.489415749364945
greedy|2019|7000|all,20 chosen for continuity on 2019,2024,gas,1181,27750,0.4944961896697714
greedy|2019|7000|all,20 chosen for continuity on 2019,2024,gas,1181,28000,0.497883149872989
greedy|2019|7000|all,20 chosen for continuity on 2019,2024,gas,1181,28250,0.5012701100762066
greedy|2019|7000|all,20 chosen for continuity on 2019,2024,gas,1181,28500,0.506350550381033
greedy|2019|7000|all,20 chosen for continuity on 2019,2024,gas,1181,28750,0.506350550381033
greedy|2019|7000|all,20 chosen for continuity on 2019,2024,gas,1181,29000,0.5097375105842507
greedy|2019|7000|all,20 chosen for continuity on 2019,2024,gas,1181,29250,0.5105842506350551
greedy|2019|7000|all,20 chosen for continuity on 2019,2024,gas,1181,29500,0.5156646909398814
greedy|2019|7000|all,20 chosen for continuity on 2019,2024,gas,1181,29750,0.5173581710414903
greedy|2019|7000|all,20 chosen for continuity on 2019,2024,gas,1181,30000,0.5207451312447079
greedy|2019|7000|all,20 chosen for continuity on 2019,2024,general,2443,0,0.0
greedy|2019|7000|all,20 chosen for continuity on 2019,2024,general,2443,250,0.0
greedy|2019|7000|all,20 chosen for continuity on 2019,2024,general,2443,500,0.0
greedy|2019|7000|all,20 chosen for continuity on 2019,2024,general,2443,750,0.0
greedy|2019|7000|all,20 chosen for continuity on 2019,2024,general,2443,1000,0.0008186655751125665
greedy|2019|7000|all,20 chosen for continuity on 2019,2024,general,2443,1250,0.0028653295128939827
greedy|2019|7000|all,20 chosen for continuity on 2019,2024,general,2443,1500,0.0045026606631191155
greedy|2019|7000|all,20 chosen for continuity on 2019,2024,general,2443,1750,0.0057306590257879654
greedy|2019|7000|all,20 chosen for continuity on 2019,2024,general,2443,2000,0.0057306590257879654
greedy|2019|7000|all,20 chosen for continuity on 2019,2024,general,2443,2250,0.008186655751125664
greedy|2019|7000|all,20 chosen for continuity on 2019,2024,general,2443,2500,0.010233319688907082
greedy|2019|7000|all,20 chosen for continuity on 2019,2024,general,2443,2750,0.01391731477691363
greedy|2019|7000|all,20 chosen for continuity on 2019,2024,general,2443,3000,0.01760130986492018
greedy|2019|7000|all,20 chosen for continuity on 2019,2024,general,2443,3250,0.02374130167826443
greedy|2019|7000|all,20 chosen for continuity on 2019,2024,general,2443,3500,0.02865329512893983
greedy|2019|7000|all,20 chosen for continuity on 2019,2024,general,2443,3750,0.032337290216946375
greedy|2019|7000|all,20 chosen for continuity on 2019,2024,general,2443,4000,0.03479328694228408
greedy|2019|7000|all,20 chosen for continuity on 2019,2024,general,2443,4250,0.03929594760540319
greedy|2019|7000|all,20 chosen for continuity on 2019,2024,general,2443,4500,0.04502660663119116
greedy|2019|7000|all,20 chosen for continuity on 2019,2024,general,2443,4750,0.05116659844453541
greedy|2019|7000|all,20 chosen for continuity on 2019,2024,general,2443,5000,0.05485059353254196
greedy|2019|7000|all,20 chosen for continuity on 2019,2024,general,2443,5250,0.06180925092099877
greedy|2019|7000|all,20 chosen for continuity on 2019,2024,general,2443,5500,0.06713057715923046
greedy|2019|7000|all,20 chosen for continuity on 2019,2024,general,2443,5750,0.07122390503479328
greedy|2019|7000|all,20 chosen for continuity on 2019,2024,general,2443,6000,0.07531723291035612
greedy|2019|7000|all,20 chosen for continuity on 2019,2024,general,2443,6250,0.07941056078591895
greedy|2019|7000|all,20 chosen for continuity on 2019,2024,general,2443,6500,0.08391322144903807
greedy|2019|7000|all,20 chosen for continuity on 2019,2024,general,2443,6750,0.08923454768726975
greedy|2019|7000|all,20 chosen for continuity on 2019,2024,general,2443,7000,0.095374539500614
greedy|2019|7000|all,20 chosen for continuity on 2019,2024,general,2443,7250,0.10028653295128939
greedy|2019|7000|all,20 chosen for continuity on 2019,2024,general,2443,7500,0.10683585755218993
greedy|2019|7000|all,20 chosen for continuity on 2019,2024,general,2443,7750,0.11297584936553418
greedy|2019|7000|all,20 chosen for continuity on 2019,2024,general,2443,8000,0.11870650839132214
greedy|2019|7000|all,20 chosen for continuity on 2019,2024,general,2443,8250,0.12648383135489152
greedy|2019|7000|all,20 chosen for continuity on 2019,2024,general,2443,8500,0.1326238231682358
greedy|2019|7000|all,20 chosen for continuity on 2019,2024,general,2443,8750,0.13876381498158002
greedy|2019|7000|all,20 chosen for continuity on 2019,2024,general,2443,9000,0.1469504707327057
greedy|2019|7000|all,20 chosen for continuity on 2019,2024,general,2443,9250,0.15513712648383135
greedy|2019|7000|all,20 chosen for continuity on 2019,2024,general,2443,9500,0.16332378223495703
greedy|2019|7000|all,20 chosen for continuity on 2019,2024,general,2443,9750,0.17191977077363896
greedy|2019|7000|all,20 chosen for continuity on 2019,2024,general,2443,10000,0.17683176422431438
greedy|2019|7000|all,20 chosen for continuity on 2019,2024,general,2443,10250,0.18747441670077772
greedy|2019|7000|all,20 chosen for continuity on 2019,2024,general,2443,10500,0.19607040523945968
greedy|2019|7000|all,20 chosen for continuity on 2019,2024,general,2443,10750,0.20261972984036022
greedy|2019|7000|all,20 chosen for continuity on 2019,2024,general,2443,11000,0.21080638559148587
greedy|2019|7000|all,20 chosen for continuity on 2019,2024,general,2443,11250,0.22103970528039296
greedy|2019|7000|all,20 chosen for continuity on 2019,2024,general,2443,11500,0.22881702824396233
greedy|2019|7000|all,20 chosen for continuity on 2019,2024,general,2443,11750,0.23823168235775685
greedy|2019|7000|all,20 chosen for continuity on 2019,2024,general,2443,12000,0.24805566925910766
greedy|2019|7000|all,20 chosen for continuity on 2019,2024,general,2443,12250,0.2546049938600082
greedy|2019|7000|all,20 chosen for continuity on 2019,2024,general,2443,12500,0.25992632009823985
greedy|2019|7000|all,20 chosen for continuity on 2019,2024,general,2443,12750,0.26770364306180927
greedy|2019|7000|all,20 chosen for continuity on 2019,2024,general,2443,13000,0.2746623004502661
greedy|2019|7000|all,20 chosen for continuity on 2019,2024,general,2443,13250,0.2816209578387229
greedy|2019|7000|all,20 chosen for continuity on 2019,2024,general,2443,13500,0.29103561195251737
greedy|2019|7000|all,20 chosen for continuity on 2019,2024,general,2443,13750,0.2963569381907491
greedy|2019|7000|all,20 chosen for continuity on 2019,2024,general,2443,14000,0.3008595988538682
greedy|2019|7000|all,20 chosen for continuity on 2019,2024,general,2443,14250,0.3057715923045436
greedy|2019|7000|all,20 chosen for continuity on 2019,2024,general,2443,14500,0.310683585755219
greedy|2019|7000|all,20 chosen for continuity on 2019,2024,general,2443,14750,0.31968890708145725
greedy|2019|7000|all,20 chosen for continuity on 2019,2024,general,2443,15000,0.3258288988948015
greedy|2019|7000|all,20 chosen for continuity on 2019,2024,general,2443,15250,0.3331968890708146
greedy|2019|7000|all,20 chosen for continuity on 2019,2024,general,2443,15500,0.34343020875972163
greedy|2019|7000|all,20 chosen for continuity on 2019,2024,general,2443,15750,0.3520261972984036
greedy|2019|7000|all,20 chosen for continuity on 2019,2024,general,2443,16000,0.35816618911174786
greedy|2019|7000|all,20 chosen for continuity on 2019,2024,general,2443,16250,0.3643061809250921
greedy|2019|7000|all,20 chosen for continuity on 2019,2024,general,2443,16500,0.37044617273843633
greedy|2019|7000|all,20 chosen for continuity on 2019,2024,general,2443,16750,0.37863282848956203
greedy|2019|7000|all,20 chosen for continuity on 2019,2024,general,2443,17000,0.38559148587801884
greedy|2019|7000|all,20 chosen for continuity on 2019,2024,general,2443,17250,0.39255014326647564
greedy|2019|7000|all,20 chosen for continuity on 2019,2024,general,2443,17500,0.3978714695047073
greedy|2019|7000|all,20 chosen for continuity on 2019,2024,general,2443,17750,0.40564879246827673
greedy|2019|7000|all,20 chosen for continuity on 2019,2024,general,2443,18000,0.4109701187065084
greedy|2019|7000|all,20 chosen for continuity on 2019,2024,general,2443,18250,0.4158821121571838
greedy|2019|7000|all,20 chosen for continuity on 2019,2024,general,2443,18500,0.42120343839541546
greedy|2019|7000|all,20 chosen for continuity on 2019,2024,general,2443,18750,0.4269340974212034
greedy|2019|7000|all,20 chosen for continuity on 2019,2024,general,2443,19000,0.433483422022104
greedy|2019|7000|all,20 chosen for continuity on 2019,2024,general,2443,19250,0.4400327466230045
greedy|2019|7000|all,20 chosen for continuity on 2019,2024,general,2443,19500,0.4453540728612362
greedy|2019|7000|all,20 chosen for continuity on 2019,2024,general,2443,19750,0.4547687269750307
greedy|2019|7000|all,20 chosen for continuity on 2019,2024,general,2443,20000,0.4604993860008187
greedy|2019|7000|all,20 chosen for continuity on 2019,2024,general,2443,20250,0.4690953745395006
greedy|2019|7000|all,20 chosen for continuity on 2019,2024,general,2443,20500,0.474007367990176
greedy|2019|7000|all,20 chosen for continuity on 2019,2024,general,2443,20750,0.4817846909537454
greedy|2019|7000|all,20 chosen for continuity on 2019,2024,general,2443,21000,0.48792468276708967
greedy|2019|7000|all,20 chosen for continuity on 2019,2024,general,2443,21250,0.4969300040933279
greedy|2019|7000|all,20 chosen for continuity on 2019,2024,general,2443,21500,0.501432664756447
greedy|2019|7000|all,20 chosen for continuity on 2019,2024,general,2443,21750,0.5075726565697912
greedy|2019|7000|all,20 chosen for continuity on 2019,2024,general,2443,22000,0.5149406467458043
greedy|2019|7000|all,20 chosen for continuity on 2019,2024,general,2443,22250,0.5239459680720425
greedy|2019|7000|all,20 chosen for continuity on 2019,2024,general,2443,22500,0.531723291035612
greedy|2019|7000|all,20 chosen for continuity on 2019,2024,general,2443,22750,0.5382726156365125
greedy|2019|7000|all,20 chosen for continuity on 2019,2024,general,2443,23000,0.5444126074498568
greedy|2019|7000|all,20 chosen for continuity on 2019,2024,general,2443,23250,0.5497339336880884
greedy|2019|7000|all,20 chosen for continuity on 2019,2024,general,2443,23500,0.5554645927138764
greedy|2019|7000|all,20 chosen for continuity on 2019,2024,general,2443,23750,0.5632419156774457
greedy|2019|7000|all,20 chosen for continuity on 2019,2024,general,2443,24000,0.5706099058534588
greedy|2019|7000|all,20 chosen for continuity on 2019,2024,general,2443,24250,0.5751125665165779
greedy|2019|7000|all,20 chosen for continuity on 2019,2024,general,2443,24500,0.5828898894801473
greedy|2019|7000|all,20 chosen for continuity on 2019,2024,general,2443,24750,0.5857552189930414
greedy|2019|7000|all,20 chosen for continuity on 2019,2024,general,2443,25000,0.5894392140810479
greedy|2019|7000|all,20 chosen for continuity on 2019,2024,general,2443,25250,0.5963978714695047
greedy|2019|7000|all,20 chosen for continuity on 2019,2024,general,2443,25500,0.6037658616455178
greedy|2019|7000|all,20 chosen for continuity on 2019,2024,general,2443,25750,0.6070405239459681
greedy|2019|7000|all,20 chosen for continuity on 2019,2024,general,2443,26000,0.6123618501841998
greedy|2019|7000|all,20 chosen for continuity on 2019,2024,general,2443,26250,0.6152271796970937
greedy|2019|7000|all,20 chosen for continuity on 2019,2024,general,2443,26500,0.6201391731477691
greedy|2019|7000|all,20 chosen for continuity on 2019,2024,general,2443,26750,0.6242325010233319
greedy|2019|7000|all,20 chosen for continuity on 2019,2024,general,2443,27000,0.6291444944740073
greedy|2019|7000|all,20 chosen for continuity on 2019,2024,general,2443,27250,0.634465820712239
greedy|2019|7000|all,20 chosen for continuity on 2019,2024,general,2443,27500,0.6365124846500204
greedy|2019|7000|all,20 chosen for continuity on 2019,2024,general,2443,27750,0.6418338108882522
greedy|2019|7000|all,20 chosen for continuity on 2019,2024,general,2443,28000,0.6483831354891527
greedy|2019|7000|all,20 chosen for continuity on 2019,2024,general,2443,28250,0.6520671305771593
greedy|2019|7000|all,20 chosen for continuity on 2019,2024,general,2443,28500,0.6541137945149407
greedy|2019|7000|all,20 chosen for continuity on 2019,2024,general,2443,28750,0.6582071223905035
greedy|2019|7000|all,20 chosen for continuity on 2019,2024,general,2443,29000,0.6610724519033975
greedy|2019|7000|all,20 chosen for continuity on 2019,2024,general,2443,29250,0.6643471142038477
greedy|2019|7000|all,20 chosen for continuity on 2019,2024,general,2443,29500,0.667621776504298
greedy|2019|7000|all,20 chosen for continuity on 2019,2024,general,2443,29750,0.6721244371674171
greedy|2019|7000|all,20 chosen for continuity on 2019,2024,general,2443,30000,0.6753990994678674
greedy|2019|7000|all,20 chosen for continuity on 2019,2024,roro,696,0,0.0
greedy|2019|7000|all,20 chosen for continuity on 2019,2024,roro,696,250,0.0
greedy|2019|7000|all,20 chosen for continuity on 2019,2024,roro,696,500,0.0
greedy|2019|7000|all,20 chosen for continuity on 2019,2024,roro,696,750,0.0
greedy|2019|7000|all,20 chosen for continuity on 2019,2024,roro,696,1000,0.0
greedy|2019|7000|all,20 chosen for continuity on 2019,2024,roro,696,1250,0.0
greedy|2019|7000|all,20 chosen for continuity on 2019,2024,roro,696,1500,0.0028735632183908046
greedy|2019|7000|all,20 chosen for continuity on 2019,2024,roro,696,1750,0.004310344827586207
greedy|2019|7000|all,20 chosen for continuity on 2019,2024,roro,696,2000,0.004310344827586207
greedy|2019|7000|all,20 chosen for continuity on 2019,2024,roro,696,2250,0.007183908045977011
greedy|2019|7000|all,20 chosen for continuity on 2019,2024,roro,696,2500,0.008620689655172414
greedy|2019|7000|all,20 chosen for continuity on 2019,2024,roro,696,2750,0.01293103448275862
greedy|2019|7000|all,20 chosen for continuity on 2019,2024,roro,696,3000,0.02442528735632184
greedy|2019|7000|all,20 chosen for continuity on 2019,2024,roro,696,3250,0.028735632183908046
greedy|2019|7000|all,20 chosen for continuity on 2019,2024,roro,696,3500,0.03017241379310345
greedy|2019|7000|all,20 chosen for continuity on 2019,2024,roro,696,3750,0.034482758620689655
greedy|2019|7000|all,20 chosen for continuity on 2019,2024,roro,696,4000,0.035919540229885055
greedy|2019|7000|all,20 chosen for continuity on 2019,2024,roro,696,4250,0.035919540229885055
greedy|2019|7000|all,20 chosen for continuity on 2019,2024,roro,696,4500,0.03879310344827586
greedy|2019|7000|all,20 chosen for continuity on 2019,2024,roro,696,4750,0.041666666666666664
greedy|2019|7000|all,20 chosen for continuity on 2019,2024,roro,696,5000,0.04454022988505747
greedy|2019|7000|all,20 chosen for continuity on 2019,2024,roro,696,5250,0.04885057471264368
greedy|2019|7000|all,20 chosen for continuity on 2019,2024,roro,696,5500,0.05028735632183908
greedy|2019|7000|all,20 chosen for continuity on 2019,2024,roro,696,5750,0.05172413793103448
greedy|2019|7000|all,20 chosen for continuity on 2019,2024,roro,696,6000,0.05172413793103448
greedy|2019|7000|all,20 chosen for continuity on 2019,2024,roro,696,6250,0.05316091954022988
greedy|2019|7000|all,20 chosen for continuity on 2019,2024,roro,696,6500,0.05316091954022988
greedy|2019|7000|all,20 chosen for continuity on 2019,2024,roro,696,6750,0.05459770114942529
greedy|2019|7000|all,20 chosen for continuity on 2019,2024,roro,696,7000,0.05459770114942529
greedy|2019|7000|all,20 chosen for continuity on 2019,2024,roro,696,7250,0.05747126436781609
greedy|2019|7000|all,20 chosen for continuity on 2019,2024,roro,696,7500,0.05890804597701149
greedy|2019|7000|all,20 chosen for continuity on 2019,2024,roro,696,7750,0.0617816091954023
greedy|2019|7000|all,20 chosen for continuity on 2019,2024,roro,696,8000,0.06321839080459771
greedy|2019|7000|all,20 chosen for continuity on 2019,2024,roro,696,8250,0.06752873563218391
greedy|2019|7000|all,20 chosen for continuity on 2019,2024,roro,696,8500,0.07183908045977011
greedy|2019|7000|all,20 chosen for continuity on 2019,2024,roro,696,8750,0.07614942528735633
greedy|2019|7000|all,20 chosen for continuity on 2019,2024,roro,696,9000,0.07902298850574713
greedy|2019|7000|all,20 chosen for continuity on 2019,2024,roro,696,9250,0.08045977011494253
greedy|2019|7000|all,20 chosen for continuity on 2019,2024,roro,696,9500,0.08045977011494253
greedy|2019|7000|all,20 chosen for continuity on 2019,2024,roro,696,9750,0.08333333333333333
greedy|2019|7000|all,20 chosen for continuity on 2019,2024,roro,696,10000,0.08477011494252873
greedy|2019|7000|all,20 chosen for continuity on 2019,2024,roro,696,10250,0.08908045977011494
greedy|2019|7000|all,20 chosen for continuity on 2019,2024,roro,696,10500,0.09051724137931035
greedy|2019|7000|all,20 chosen for continuity on 2019,2024,roro,696,10750,0.09195402298850575
greedy|2019|7000|all,20 chosen for continuity on 2019,2024,roro,696,11000,0.09339080459770115
greedy|2019|7000|all,20 chosen for continuity on 2019,2024,roro,696,11250,0.10057471264367816
greedy|2019|7000|all,20 chosen for continuity on 2019,2024,roro,696,11500,0.10201149425287356
greedy|2019|7000|all,20 chosen for continuity on 2019,2024,roro,696,11750,0.10775862068965517
greedy|2019|7000|all,20 chosen for continuity on 2019,2024,roro,696,12000,0.1206896551724138
greedy|2019|7000|all,20 chosen for continuity on 2019,2024,roro,696,12250,0.12643678160919541
greedy|2019|7000|all,20 chosen for continuity on 2019,2024,roro,696,12500,0.13218390804597702
greedy|2019|7000|all,20 chosen for continuity on 2019,2024,roro,696,12750,0.13936781609195403
greedy|2019|7000|all,20 chosen for continuity on 2019,2024,roro,696,13000,0.14511494252873564
greedy|2019|7000|all,20 chosen for continuity on 2019,2024,roro,696,13250,0.15948275862068967
greedy|2019|7000|all,20 chosen for continuity on 2019,2024,roro,696,13500,0.17097701149425287
greedy|2019|7000|all,20 chosen for continuity on 2019,2024,roro,696,13750,0.1810344827586207
greedy|2019|7000|all,20 chosen for continuity on 2019,2024,roro,696,14000,0.1997126436781609
greedy|2019|7000|all,20 chosen for continuity on 2019,2024,roro,696,14250,0.2025862068965517
greedy|2019|7000|all,20 chosen for continuity on 2019,2024,roro,696,14500,0.21551724137931033
greedy|2019|7000|all,20 chosen for continuity on 2019,2024,roro,696,14750,0.22988505747126436
greedy|2019|7000|all,20 chosen for continuity on 2019,2024,roro,696,15000,0.23994252873563218
greedy|2019|7000|all,20 chosen for continuity on 2019,2024,roro,696,15250,0.24568965517241378
greedy|2019|7000|all,20 chosen for continuity on 2019,2024,roro,696,15500,0.25287356321839083
greedy|2019|7000|all,20 chosen for continuity on 2019,2024,roro,696,15750,0.26436781609195403
greedy|2019|7000|all,20 chosen for continuity on 2019,2024,roro,696,16000,0.2672413793103448
greedy|2019|7000|all,20 chosen for continuity on 2019,2024,roro,696,16250,0.27298850574712646
greedy|2019|7000|all,20 chosen for continuity on 2019,2024,roro,696,16500,0.28160919540229884
greedy|2019|7000|all,20 chosen for continuity on 2019,2024,roro,696,16750,0.29022988505747127
greedy|2019|7000|all,20 chosen for continuity on 2019,2024,roro,696,17000,0.2974137931034483
greedy|2019|7000|all,20 chosen for continuity on 2019,2024,roro,696,17250,0.3089080459770115
greedy|2019|7000|all,20 chosen for continuity on 2019,2024,roro,696,17500,0.3132183908045977
greedy|2019|7000|all,20 chosen for continuity on 2019,2024,roro,696,17750,0.31896551724137934
greedy|2019|7000|all,20 chosen for continuity on 2019,2024,roro,696,18000,0.3290229885057471
greedy|2019|7000|all,20 chosen for continuity on 2019,2024,roro,696,18250,0.34195402298850575
greedy|2019|7000|all,20 chosen for continuity on 2019,2024,roro,696,18500,0.34626436781609193
greedy|2019|7000|all,20 chosen for continuity on 2019,2024,roro,696,18750,0.367816091954023
greedy|2019|7000|all,20 chosen for continuity on 2019,2024,roro,696,19000,0.3764367816091954
greedy|2019|7000|all,20 chosen for continuity on 2019,2024,roro,696,19250,0.382183908045977
greedy|2019|7000|all,20 chosen for continuity on 2019,2024,roro,696,19500,0.3879310344827586
greedy|2019|7000|all,20 chosen for continuity on 2019,2024,roro,696,19750,0.3994252873563218
greedy|2019|7000|all,20 chosen for continuity on 2019,2024,roro,696,20000,0.40948275862068967
greedy|2019|7000|all,20 chosen for continuity on 2019,2024,roro,696,20250,0.4224137931034483
greedy|2019|7000|all,20 chosen for continuity on 2019,2024,roro,696,20500,0.4295977011494253
greedy|2019|7000|all,20 chosen for continuity on 2019,2024,roro,696,20750,0.4468390804597701
greedy|2019|7000|all,20 chosen for continuity on 2019,2024,roro,696,21000,0.4583333333333333
greedy|2019|7000|all,20 chosen for continuity on 2019,2024,roro,696,21250,0.4698275862068966
greedy|2019|7000|all,20 chosen for continuity on 2019,2024,roro,696,21500,0.48563218390804597
greedy|2019|7000|all,20 chosen for continuity on 2019,2024,roro,696,21750,0.4956896551724138
greedy|2019|7000|all,20 chosen for continuity on 2019,2024,roro,696,22000,0.5086206896551724
greedy|2019|7000|all,20 chosen for continuity on 2019,2024,roro,696,22250,0.5229885057471264
greedy|2019|7000|all,20 chosen for continuity on 2019,2024,roro,696,22500,0.5373563218390804
greedy|2019|7000|all,20 chosen for continuity on 2019,2024,roro,696,22750,0.5459770114942529
greedy|2019|7000|all,20 chosen for continuity on 2019,2024,roro,696,23000,0.5531609195402298
greedy|2019|7000|all,20 chosen for continuity on 2019,2024,roro,696,23250,0.5589080459770115
greedy|2019|7000|all,20 chosen for continuity on 2019,2024,roro,696,23500,0.5660919540229885
greedy|2019|7000|all,20 chosen for continuity on 2019,2024,roro,696,23750,0.5732758620689655
greedy|2019|7000|all,20 chosen for continuity on 2019,2024,roro,696,24000,0.5804597701149425
greedy|2019|7000|all,20 chosen for continuity on 2019,2024,roro,696,24250,0.5862068965517241
greedy|2019|7000|all,20 chosen for continuity on 2019,2024,roro,696,24500,0.5905172413793104
greedy|2019|7000|all,20 chosen for continuity on 2019,2024,roro,696,24750,0.5962643678160919
greedy|2019|7000|all,20 chosen for continuity on 2019,2024,roro,696,25000,0.6020114942528736
greedy|2019|7000|all,20 chosen for continuity on 2019,2024,roro,696,25250,0.6077586206896551
greedy|2019|7000|all,20 chosen for continuity on 2019,2024,roro,696,25500,0.6149425287356322
greedy|2019|7000|all,20 chosen for continuity on 2019,2024,roro,696,25750,0.617816091954023
greedy|2019|7000|all,20 chosen for continuity on 2019,2024,roro,696,26000,0.6221264367816092
greedy|2019|7000|all,20 chosen for continuity on 2019,2024,roro,696,26250,0.6278735632183908
greedy|2019|7000|all,20 chosen for continuity on 2019,2024,roro,696,26500,0.6350574712643678
greedy|2019|7000|all,20 chosen for continuity on 2019,2024,roro,696,26750,0.6364942528735632
greedy|2019|7000|all,20 chosen for continuity on 2019,2024,roro,696,27000,0.6408045977011494
greedy|2019|7000|all,20 chosen for continuity on 2019,2024,roro,696,27250,0.6422413793103449
greedy|2019|7000|all,20 chosen for continuity on 2019,2024,roro,696,27500,0.6479885057471264
greedy|2019|7000|all,20 chosen for continuity on 2019,2024,roro,696,27750,0.6508620689655172
greedy|2019|7000|all,20 chosen for continuity on 2019,2024,roro,696,28000,0.6566091954022989
greedy|2019|7000|all,20 chosen for continuity on 2019,2024,roro,696,28250,0.6580459770114943
greedy|2019|7000|all,20 chosen for continuity on 2019,2024,roro,696,28500,0.6594827586206896
greedy|2019|7000|all,20 chosen for continuity on 2019,2024,roro,696,28750,0.6637931034482759
greedy|2019|7000|all,20 chosen for continuity on 2019,2024,roro,696,29000,0.6666666666666666
greedy|2019|7000|all,20 chosen for continuity on 2019,2024,roro,696,29250,0.6695402298850575
greedy|2019|7000|all,20 chosen for continuity on 2019,2024,roro,696,29500,0.6724137931034483
greedy|2019|7000|all,20 chosen for continuity on 2019,2024,roro,696,29750,0.6738505747126436
greedy|2019|7000|all,20 chosen for continuity on 2019,2024,roro,696,30000,0.6795977011494253
greedy|2019|7000|all,20 chosen for continuity on 2019,2019,all,21154,0,0.00028363430084144843
greedy|2019|7000|all,20 chosen for continuity on 2019,2019,all,21154,250,0.004065424978727428
greedy|2019|7000|all,20 chosen for continuity on 2019,2019,all,21154,500,0.0047745107308310485
greedy|2019|7000|all,20 chosen for continuity on 2019,2019,all,21154,750,0.005767230783776118
greedy|2019|7000|all,20 chosen for continuity on 2019,2019,all,21154,1000,0.006901767987141912
greedy|2019|7000|all,20 chosen for continuity on 2019,2019,all,21154,1250,0.008225394724402004
greedy|2019|7000|all,20 chosen for continuity on 2019,2019,all,21154,1500,0.012149002552708708
greedy|2019|7000|all,20 chosen for continuity on 2019,2019,all,21154,1750,0.014607166493334593
greedy|2019|7000|all,20 chosen for continuity on 2019,2019,all,21154,2000,0.017490781885222653
greedy|2019|7000|all,20 chosen for continuity on 2019,2019,all,21154,2250,0.020799848728372886
greedy|2019|7000|all,20 chosen for continuity on 2019,2019,all,21154,2500,0.02396709842110239
greedy|2019|7000|all,20 chosen for continuity on 2019,2019,all,21154,2750,0.027890706249409095
greedy|2019|7000|all,20 chosen for continuity on 2019,2019,all,21154,3000,0.03205067599508367
greedy|2019|7000|all,20 chosen for continuity on 2019,2019,all,21154,3250,0.0361161009738111
greedy|2019|7000|all,20 chosen for continuity on 2019,2019,all,21154,3500,0.03999243641864423
greedy|2019|7000|all,20 chosen for continuity on 2019,2019,all,21154,3750,0.04396331663042451
greedy|2019|7000|all,20 chosen for continuity on 2019,2019,all,21154,4000,0.047461473007469036
greedy|2019|7000|all,20 chosen for continuity on 2019,2019,all,21154,4250,0.050439633166304246
greedy|2019|7000|all,20 chosen for continuity on 2019,2019,all,21154,4500,0.05308688664082443
greedy|2019|7000|all,20 chosen for continuity on 2019,2019,all,21154,4750,0.05625413633355394
greedy|2019|7000|all,20 chosen for continuity on 2019,2019,all,21154,5000,0.05871230027417983
greedy|2019|7000|all,20 chosen for continuity on 2019,2019,all,21154,5250,0.0634395386215373
greedy|2019|7000|all,20 chosen for continuity on 2019,2019,all,21154,5500,0.06783587028457976
greedy|2019|7000|all,20 chosen for continuity on 2019,2019,all,21154,5750,0.0722322019476222
greedy|2019|7000|all,20 chosen for continuity on 2019,2019,all,21154,6000,0.0763448993098232
greedy|2019|7000|all,20 chosen for continuity on 2019,2019,all,21154,6250,0.08041032428855063
greedy|2019|7000|all,20 chosen for continuity on 2019,2019,all,21154,6500,0.08485392833506665
greedy|2019|7000|all,20 chosen for continuity on 2019,2019,all,21154,6750,0.09109388295357852
greedy|2019|7000|all,20 chosen for continuity on 2019,2019,all,21154,7000,0.09733383757209038
greedy|2019|7000|all,20 chosen for continuity on 2019,2019,all,21154,7250,0.10210834830292144
greedy|2019|7000|all,20 chosen for continuity on 2019,2019,all,21154,7500,0.10787557908669755
greedy|2019|7000|all,20 chosen for continuity on 2019,2019,all,21154,7750,0.11454098515647158
greedy|2019|7000|all,20 chosen for continuity on 2019,2019,all,21154,8000,0.1220100217452964
greedy|2019|7000|all,20 chosen for continuity on 2019,2019,all,21154,8250,0.1298572374019098
greedy|2019|7000|all,20 chosen for continuity on 2019,2019,all,21154,8500,0.13642809870473668
greedy|2019|7000|all,20 chosen for continuity on 2019,2019,all,21154,8750,0.14384986291008792
greedy|2019|7000|all,20 chosen for continuity on 2019,2019,all,21154,9000,0.15079890328070342
greedy|2019|7000|all,20 chosen for continuity on 2019,2019,all,21154,9250,0.15599886546279662
greedy|2019|7000|all,20 chosen for continuity on 2019,2019,all,21154,9500,0.16294790583341212
greedy|2019|7000|all,20 chosen for continuity on 2019,2019,all,21154,9750,0.17107875579086698
greedy|2019|7000|all,20 chosen for continuity on 2019,2019,all,21154,10000,0.17788597901106173
greedy|2019|7000|all,20 chosen for continuity on 2019,2019,all,21154,10250,0.1845041126973622
greedy|2019|7000|all,20 chosen for continuity on 2019,2019,all,21154,10500,0.1908858844662948
greedy|2019|7000|all,20 chosen for continuity on 2019,2019,all,21154,10750,0.1970312943178595
greedy|2019|7000|all,20 chosen for continuity on 2019,2019,all,21154,11000,0.20497305474142005
greedy|2019|7000|all,20 chosen for continuity on 2019,2019,all,21154,11250,0.21286754278150705
greedy|2019|7000|all,20 chosen for continuity on 2019,2019,all,21154,11500,0.21920204216696607
greedy|2019|7000|all,20 chosen for continuity on 2019,2019,all,21154,11750,0.22624562730452868
greedy|2019|7000|all,20 chosen for continuity on 2019,2019,all,21154,12000,0.23399829819419496
greedy|2019|7000|all,20 chosen for continuity on 2019,2019,all,21154,12250,0.24052188711354827
greedy|2019|7000|all,20 chosen for continuity on 2019,2019,all,21154,12500,0.2473763827172166
greedy|2019|7000|all,20 chosen for continuity on 2019,2019,all,21154,12750,0.2544199678547792
greedy|2019|7000|all,20 chosen for continuity on 2019,2019,all,21154,13000,0.260896284390659
greedy|2019|7000|all,20 chosen for continuity on 2019,2019,all,21154,13250,0.26945258579937603
greedy|2019|7000|all,20 chosen for continuity on 2019,2019,all,21154,13500,0.2765434433204122
greedy|2019|7000|all,20 chosen for continuity on 2019,2019,all,21154,13750,0.2838233903753427
greedy|2019|7000|all,20 chosen for continuity on 2019,2019,all,21154,14000,0.2907724307459582
greedy|2019|7000|all,20 chosen for continuity on 2019,2019,all,21154,14250,0.29748510919920584
greedy|2019|7000|all,20 chosen for continuity on 2019,2019,all,21154,14500,0.3053795972392928
greedy|2019|7000|all,20 chosen for continuity on 2019,2019,all,21154,14750,0.31317954051243263
greedy|2019|7000|all,20 chosen for continuity on 2019,2019,all,21154,15000,0.31970312943178597
greedy|2019|7000|all,20 chosen for continuity on 2019,2019,all,21154,15250,0.3259430840502978
greedy|2019|7000|all,20 chosen for continuity on 2019,2019,all,21154,15500,0.3333175758721755
greedy|2019|7000|all,20 chosen for continuity on 2019,2019,all,21154,15750,0.33880117235511015
greedy|2019|7000|all,20 chosen for continuity on 2019,2019,all,21154,16000,0.34513567174056914
greedy|2019|7000|all,20 chosen for continuity on 2019,2019,all,21154,16250,0.3509501749078189
greedy|2019|7000|all,20 chosen for continuity on 2019,2019,all,21154,16500,0.35955374870000945
greedy|2019|7000|all,20 chosen for continuity on 2019,2019,all,21154,16750,0.36683369575493996
greedy|2019|7000|all,20 chosen for continuity on 2019,2019,all,21154,17000,0.3747754561785005
greedy|2019|7000|all,20 chosen for continuity on 2019,2019,all,21154,17250,0.3813463174813274
greedy|2019|7000|all,20 chosen for continuity on 2019,2019,all,21154,17500,0.3890044436040465
greedy|2019|7000|all,20 chosen for continuity on 2019,2019,all,21154,17750,0.3963789354259242
greedy|2019|7000|all,20 chosen for continuity on 2019,2019,all,21154,18000,0.403847972014749
greedy|2019|7000|all,20 chosen for continuity on 2019,2019,all,21154,18250,0.41046610570104947
greedy|2019|7000|all,20 chosen for continuity on 2019,2019,all,21154,18500,0.4170369670038763
greedy|2019|7000|all,20 chosen for continuity on 2019,2019,all,21154,18750,0.42464782074312185
greedy|2019|7000|all,20 chosen for continuity on 2019,2019,all,21154,19000,0.43107686489552804
greedy|2019|7000|all,20 chosen for continuity on 2019,2019,all,21154,19250,0.4378368157322492
greedy|2019|7000|all,20 chosen for continuity on 2019,2019,all,21154,19500,0.4464876619079134
greedy|2019|7000|all,20 chosen for continuity on 2019,2019,all,21154,19750,0.45442942233147393
greedy|2019|7000|all,20 chosen for continuity on 2019,2019,all,21154,20000,0.463647537108821
greedy|2019|7000|all,20 chosen for continuity on 2019,2019,all,21154,20250,0.47187293183322304
greedy|2019|7000|all,20 chosen for continuity on 2019,2019,all,21154,20500,0.48024014370804574
greedy|2019|7000|all,20 chosen for continuity on 2019,2019,all,21154,20750,0.4891273518010778
greedy|2019|7000|all,20 chosen for continuity on 2019,2019,all,21154,21000,0.4974000189089534
greedy|2019|7000|all,20 chosen for continuity on 2019,2019,all,21154,21250,0.5063817717689326
greedy|2019|7000|all,20 chosen for continuity on 2019,2019,all,21154,21500,0.5147489836437553
greedy|2019|7000|all,20 chosen for continuity on 2019,2019,all,21154,21750,0.5222180202325801
greedy|2019|7000|all,20 chosen for continuity on 2019,2019,all,21154,22000,0.5311997730925593
greedy|2019|7000|all,20 chosen for continuity on 2019,2019,all,21154,22250,0.5389997163656992
greedy|2019|7000|all,20 chosen for continuity on 2019,2019,all,21154,22500,0.5466578424884183
greedy|2019|7000|all,20 chosen for continuity on 2019,2019,all,21154,22750,0.5536068828590337
greedy|2019|7000|all,20 chosen for continuity on 2019,2019,all,21154,23000,0.562588635719013
greedy|2019|7000|all,20 chosen for continuity on 2019,2019,all,21154,23250,0.5702467618417321
greedy|2019|7000|all,20 chosen for continuity on 2019,2019,all,21154,23500,0.5769121679115061
greedy|2019|7000|all,20 chosen for continuity on 2019,2019,all,21154,23750,0.5853266521698024
greedy|2019|7000|all,20 chosen for continuity on 2019,2019,all,21154,24000,0.5921338753899972
greedy|2019|7000|all,20 chosen for continuity on 2019,2019,all,21154,24250,0.5990356433771391
greedy|2019|7000|all,20 chosen for continuity on 2019,2019,all,21154,24500,0.605039236078283
greedy|2019|7000|all,20 chosen for continuity on 2019,2019,all,21154,24750,0.6115155526141628
greedy|2019|7000|all,20 chosen for continuity on 2019,2019,all,21154,25000,0.6172355110144654
greedy|2019|7000|all,20 chosen for continuity on 2019,2019,all,21154,25250,0.6235700103999243
greedy|2019|7000|all,20 chosen for continuity on 2019,2019,all,21154,25500,0.6282972487472819
greedy|2019|7000|all,20 chosen for continuity on 2019,2019,all,21154,25750,0.63250449087643
greedy|2019|7000|all,20 chosen for continuity on 2019,2019,all,21154,26000,0.6372317292237875
greedy|2019|7000|all,20 chosen for continuity on 2019,2019,all,21154,26250,0.6426680533232486
greedy|2019|7000|all,20 chosen for continuity on 2019,2019,all,21154,26500,0.6471589297532382
greedy|2019|7000|all,20 chosen for continuity on 2019,2019,all,21154,26750,0.6517443509501749
greedy|2019|7000|all,20 chosen for continuity on 2019,2019,all,21154,27000,0.6556679587784816
greedy|2019|7000|all,20 chosen for continuity on 2019,2019,all,21154,27250,0.6608206485771012
greedy|2019|7000|all,20 chosen for continuity on 2019,2019,all,21154,27500,0.6656424316914059
greedy|2019|7000|all,20 chosen for continuity on 2019,2019,all,21154,27750,0.669849673820554
greedy|2019|7000|all,20 chosen for continuity on 2019,2019,all,21154,28000,0.6743878226340172
greedy|2019|7000|all,20 chosen for continuity on 2019,2019,all,21154,28250,0.6791623333648482
greedy|2019|7000|all,20 chosen for continuity on 2019,2019,all,21154,28500,0.6825659449749456
greedy|2019|7000|all,20 chosen for continuity on 2019,2019,all,21154,28750,0.6873404557057767
greedy|2019|7000|all,20 chosen for continuity on 2019,2019,all,21154,29000,0.691311335917557
greedy|2019|7000|all,20 chosen for continuity on 2019,2019,all,21154,29250,0.696085846648388
greedy|2019|7000|all,20 chosen for continuity on 2019,2019,all,21154,29500,0.699867637326274
greedy|2019|7000|all,20 chosen for continuity on 2019,2019,all,21154,29750,0.703980334688475
greedy|2019|7000|all,20 chosen for continuity on 2019,2019,all,21154,30000,0.7080457596672024
greedy|2019|7000|all,20 chosen for continuity on 2019,2019,container,3044,0,0.000328515111695138
greedy|2019|7000|all,20 chosen for continuity on 2019,2019,container,3044,250,0.002628120893561104
greedy|2019|7000|all,20 chosen for continuity on 2019,2019,container,3044,500,0.0036136662286465177
greedy|2019|7000|all,20 chosen for continuity on 2019,2019,container,3044,750,0.005584756898817346
greedy|2019|7000|all,20 chosen for continuity on 2019,2019,container,3044,1000,0.00821287779237845
greedy|2019|7000|all,20 chosen for continuity on 2019,2019,container,3044,1250,0.013140604467805518
greedy|2019|7000|all,20 chosen for continuity on 2019,2019,container,3044,1500,0.0259526938239159
greedy|2019|7000|all,20 chosen for continuity on 2019,2019,container,3044,1750,0.03515111695137976
greedy|2019|7000|all,20 chosen for continuity on 2019,2019,container,3044,2000,0.04467805519053877
greedy|2019|7000|all,20 chosen for continuity on 2019,2019,container,3044,2250,0.05059132720105125
greedy|2019|7000|all,20 chosen for continuity on 2019,2019,container,3044,2500,0.0614323258869908
greedy|2019|7000|all,20 chosen for continuity on 2019,2019,container,3044,2750,0.06898817345597898
greedy|2019|7000|all,20 chosen for continuity on 2019,2019,container,3044,3000,0.08409986859395532
greedy|2019|7000|all,20 chosen for continuity on 2019,2019,container,3044,3250,0.09921156373193167
greedy|2019|7000|all,20 chosen for continuity on 2019,2019,container,3044,3500,0.10972404730617609
greedy|2019|7000|all,20 chosen for continuity on 2019,2019,container,3044,3750,0.11957950065703023
greedy|2019|7000|all,20 chosen for continuity on 2019,2019,container,3044,4000,0.12746386333771353
greedy|2019|7000|all,20 chosen for continuity on 2019,2019,container,3044,4250,0.133377135348226
greedy|2019|7000|all,20 chosen for continuity on 2019,2019,container,3044,4500,0.13699080157687255
greedy|2019|7000|all,20 chosen for continuity on 2019,2019,container,3044,4750,0.145203679369251
greedy|2019|7000|all,20 chosen for continuity on 2019,2019,container,3044,5000,0.14750328515111696
greedy|2019|7000|all,20 chosen for continuity on 2019,2019,container,3044,5250,0.16327201051248358
greedy|2019|7000|all,20 chosen for continuity on 2019,2019,container,3044,5500,0.1773981603153745
greedy|2019|7000|all,20 chosen for continuity on 2019,2019,container,3044,5750,0.18988173455978974
greedy|2019|7000|all,20 chosen for continuity on 2019,2019,container,3044,6000,0.2007227332457293
greedy|2019|7000|all,20 chosen for continuity on 2019,2019,container,3044,6250,0.2086070959264126
greedy|2019|7000|all,20 chosen for continuity on 2019,2019,container,3044,6500,0.21944809461235218
greedy|2019|7000|all,20 chosen for continuity on 2019,2019,container,3044,6750,0.2378449408672799
greedy|2019|7000|all,20 chosen for continuity on 2019,2019,container,3044,7000,0.25098554533508544
greedy|2019|7000|all,20 chosen for continuity on 2019,2019,container,3044,7250,0.25624178712220763
greedy|2019|7000|all,20 chosen for continuity on 2019,2019,container,3044,7500,0.2644546649145861
greedy|2019|7000|all,20 chosen for continuity on 2019,2019,container,3044,7750,0.28022339027595267
greedy|2019|7000|all,20 chosen for continuity on 2019,2019,container,3044,8000,0.29894875164257556
greedy|2019|7000|all,20 chosen for continuity on 2019,2019,container,3044,8250,0.3163600525624179
greedy|2019|7000|all,20 chosen for continuity on 2019,2019,container,3044,8500,0.3291721419185282
greedy|2019|7000|all,20 chosen for continuity on 2019,2019,container,3044,8750,0.34132720105124836
greedy|2019|7000|all,20 chosen for continuity on 2019,2019,container,3044,9000,0.34986859395532194
greedy|2019|7000|all,20 chosen for continuity on 2019,2019,container,3044,9250,0.35742444152431013
greedy|2019|7000|all,20 chosen for continuity on 2019,2019,container,3044,9500,0.3692509855453351
greedy|2019|7000|all,20 chosen for continuity on 2019,2019,container,3044,9750,0.39388961892247043
greedy|2019|7000|all,20 chosen for continuity on 2019,2019,container,3044,10000,0.4063731931668857
greedy|2019|7000|all,20 chosen for continuity on 2019,2019,container,3044,10250,0.4191852825229961
greedy|2019|7000|all,20 chosen for continuity on 2019,2019,container,3044,10500,0.4280551905387648
greedy|2019|7000|all,20 chosen for continuity on 2019,2019,container,3044,10750,0.43626806833114323
greedy|2019|7000|all,20 chosen for continuity on 2019,2019,container,3044,11000,0.4490801576872536
greedy|2019|7000|all,20 chosen for continuity on 2019,2019,container,3044,11250,0.46222076215505914
greedy|2019|7000|all,20 chosen for continuity on 2019,2019,container,3044,11500,0.4681340341655716
greedy|2019|7000|all,20 chosen for continuity on 2019,2019,container,3044,11750,0.4763469119579501
greedy|2019|7000|all,20 chosen for continuity on 2019,2019,container,3044,12000,0.48620236530880423
greedy|2019|7000|all,20 chosen for continuity on 2019,2019,container,3044,12250,0.49540078843626806
greedy|2019|7000|all,20 chosen for continuity on 2019,2019,container,3044,12500,0.5006570302233903
greedy|2019|7000|all,20 chosen for continuity on 2019,2019,container,3044,12750,0.5055847568988173
greedy|2019|7000|all,20 chosen for continuity on 2019,2019,container,3044,13000,0.5101839684625493
greedy|2019|7000|all,20 chosen for continuity on 2019,2019,container,3044,13250,0.5174113009198423
greedy|2019|7000|all,20 chosen for continuity on 2019,2019,container,3044,13500,0.5236530880420499
greedy|2019|7000|all,20 chosen for continuity on 2019,2019,container,3044,13750,0.528580814717477
greedy|2019|7000|all,20 chosen for continuity on 2019,2019,container,3044,14000,0.5341655716162943
greedy|2019|7000|all,20 chosen for continuity on 2019,2019,container,3044,14250,0.540407358738502
greedy|2019|7000|all,20 chosen for continuity on 2019,2019,container,3044,14500,0.5496057818659659
greedy|2019|7000|all,20 chosen for continuity on 2019,2019,container,3044,14750,0.5591327201051248
greedy|2019|7000|all,20 chosen for continuity on 2019,2019,container,3044,15000,0.5653745072273325
greedy|2019|7000|all,20 chosen for continuity on 2019,2019,container,3044,15250,0.5703022339027596
greedy|2019|7000|all,20 chosen for continuity on 2019,2019,container,3044,15500,0.5778580814717477
greedy|2019|7000|all,20 chosen for continuity on 2019,2019,container,3044,15750,0.5827858081471747
greedy|2019|7000|all,20 chosen for continuity on 2019,2019,container,3044,16000,0.585742444152431
greedy|2019|7000|all,20 chosen for continuity on 2019,2019,container,3044,16250,0.5883705650459922
greedy|2019|7000|all,20 chosen for continuity on 2019,2019,container,3044,16500,0.5926412614980289
greedy|2019|7000|all,20 chosen for continuity on 2019,2019,container,3044,16750,0.59526938239159
greedy|2019|7000|all,20 chosen for continuity on 2019,2019,container,3044,17000,0.599868593955322
greedy|2019|7000|all,20 chosen for continuity on 2019,2019,container,3044,17250,0.6044678055190539
greedy|2019|7000|all,20 chosen for continuity on 2019,2019,container,3044,17500,0.6084099868593955
greedy|2019|7000|all,20 chosen for continuity on 2019,2019,container,3044,17750,0.614323258869908
greedy|2019|7000|all,20 chosen for continuity on 2019,2019,container,3044,18000,0.6222076215505913
greedy|2019|7000|all,20 chosen for continuity on 2019,2019,container,3044,18250,0.6274638633377135
greedy|2019|7000|all,20 chosen for continuity on 2019,2019,container,3044,18500,0.6294349540078844
greedy|2019|7000|all,20 chosen for continuity on 2019,2019,container,3044,18750,0.6386333771353482
greedy|2019|7000|all,20 chosen for continuity on 2019,2019,container,3044,19000,0.6425755584756899
greedy|2019|7000|all,20 chosen for continuity on 2019,2019,container,3044,19250,0.6481603153745072
greedy|2019|7000|all,20 chosen for continuity on 2019,2019,container,3044,19500,0.6498028909329829
greedy|2019|7000|all,20 chosen for continuity on 2019,2019,container,3044,19750,0.6517739816031537
greedy|2019|7000|all,20 chosen for continuity on 2019,2019,container,3044,20000,0.657030223390276
greedy|2019|7000|all,20 chosen for continuity on 2019,2019,container,3044,20250,0.6593298291721419
greedy|2019|7000|all,20 chosen for continuity on 2019,2019,container,3044,20500,0.6649145860709592
greedy|2019|7000|all,20 chosen for continuity on 2019,2019,container,3044,20750,0.6773981603153745
greedy|2019|7000|all,20 chosen for continuity on 2019,2019,container,3044,21000,0.6819973718791065
greedy|2019|7000|all,20 chosen for continuity on 2019,2019,container,3044,21250,0.6839684625492772
greedy|2019|7000|all,20 chosen for continuity on 2019,2019,container,3044,21500,0.6869250985545335
greedy|2019|7000|all,20 chosen for continuity on 2019,2019,container,3044,21750,0.6902102496714849
greedy|2019|7000|all,20 chosen for continuity on 2019,2019,container,3044,22000,0.7003942181340341
greedy|2019|7000|all,20 chosen for continuity on 2019,2019,container,3044,22250,0.7030223390275953
greedy|2019|7000|all,20 chosen for continuity on 2019,2019,container,3044,22500,0.709592641261498
greedy|2019|7000|all,20 chosen for continuity on 2019,2019,container,3044,22750,0.7102496714848883
greedy|2019|7000|all,20 chosen for continuity on 2019,2019,container,3044,23000,0.7174770039421814
greedy|2019|7000|all,20 chosen for continuity on 2019,2019,container,3044,23250,0.7204336399474376
greedy|2019|7000|all,20 chosen for continuity on 2019,2019,container,3044,23500,0.7224047306176085
greedy|2019|7000|all,20 chosen for continuity on 2019,2019,container,3044,23750,0.7256898817345598
greedy|2019|7000|all,20 chosen for continuity on 2019,2019,container,3044,24000,0.7270039421813403
greedy|2019|7000|all,20 chosen for continuity on 2019,2019,container,3044,24250,0.7289750328515112
greedy|2019|7000|all,20 chosen for continuity on 2019,2019,container,3044,24500,0.7296320630749015
greedy|2019|7000|all,20 chosen for continuity on 2019,2019,container,3044,24750,0.730946123521682
greedy|2019|7000|all,20 chosen for continuity on 2019,2019,container,3044,25000,0.7316031537450722
greedy|2019|7000|all,20 chosen for continuity on 2019,2019,container,3044,25250,0.7319316688567674
greedy|2019|7000|all,20 chosen for continuity on 2019,2019,container,3044,25500,0.7329172141918529
greedy|2019|7000|all,20 chosen for continuity on 2019,2019,container,3044,25750,0.7339027595269383
greedy|2019|7000|all,20 chosen for continuity on 2019,2019,container,3044,26000,0.7342312746386334
greedy|2019|7000|all,20 chosen for continuity on 2019,2019,container,3044,26250,0.735873850197109
greedy|2019|7000|all,20 chosen for continuity on 2019,2019,container,3044,26500,0.7365308804204993
greedy|2019|7000|all,20 chosen for continuity on 2019,2019,container,3044,26750,0.7375164257555847
greedy|2019|7000|all,20 chosen for continuity on 2019,2019,container,3044,27000,0.7385019710906702
greedy|2019|7000|all,20 chosen for continuity on 2019,2019,container,3044,27250,0.7394875164257556
greedy|2019|7000|all,20 chosen for continuity on 2019,2019,container,3044,27500,0.7401445466491459
greedy|2019|7000|all,20 chosen for continuity on 2019,2019,container,3044,27750,0.7408015768725361
greedy|2019|7000|all,20 chosen for continuity on 2019,2019,container,3044,28000,0.7414586070959264
greedy|2019|7000|all,20 chosen for continuity on 2019,2019,container,3044,28250,0.7431011826544021
greedy|2019|7000|all,20 chosen for continuity on 2019,2019,container,3044,28500,0.7434296977660972
greedy|2019|7000|all,20 chosen for continuity on 2019,2019,container,3044,28750,0.7444152431011827
greedy|2019|7000|all,20 chosen for continuity on 2019,2019,container,3044,29000,0.7450722733245729
greedy|2019|7000|all,20 chosen for continuity on 2019,2019,container,3044,29250,0.7457293035479632
greedy|2019|7000|all,20 chosen for continuity on 2019,2019,container,3044,29500,0.7470433639947438
greedy|2019|7000|all,20 chosen for continuity on 2019,2019,container,3044,29750,0.7480289093298291
greedy|2019|7000|all,20 chosen for continuity on 2019,2019,container,3044,30000,0.7486859395532195
greedy|2019|7000|all,20 chosen for continuity on 2019,2019,bulk,8601,0,0.0
greedy|2019|7000|all,20 chosen for continuity on 2019,2019,bulk,8601,250,0.003139169863969306
greedy|2019|7000|all,20 chosen for continuity on 2019,2019,bulk,8601,500,0.003487966515521451
greedy|2019|7000|all,20 chosen for continuity on 2019,2019,bulk,8601,750,0.0038367631670735963
greedy|2019|7000|all,20 chosen for continuity on 2019,2019,bulk,8601,1000,0.004534356470177886
greedy|2019|7000|all,20 chosen for continuity on 2019,2019,bulk,8601,1250,0.004766887571212649
greedy|2019|7000|all,20 chosen for continuity on 2019,2019,bulk,8601,1500,0.008836181839321009
greedy|2019|7000|all,20 chosen for continuity on 2019,2019,bulk,8601,1750,0.009533775142425299
greedy|2019|7000|all,20 chosen for continuity on 2019,2019,bulk,8601,2000,0.010580165097081734
greedy|2019|7000|all,20 chosen for continuity on 2019,2019,bulk,8601,2250,0.013603069410533658
greedy|2019|7000|all,20 chosen for continuity on 2019,2019,bulk,8601,2500,0.014765724915707476
greedy|2019|7000|all,20 chosen for continuity on 2019,2019,bulk,8601,2750,0.017556098128124635
greedy|2019|7000|all,20 chosen for continuity on 2019,2019,bulk,8601,3000,0.018835019183815836
greedy|2019|7000|all,20 chosen for continuity on 2019,2019,bulk,8601,3250,0.019997674688989654
greedy|2019|7000|all,20 chosen for continuity on 2019,2019,bulk,8601,3500,0.021625392396232995
greedy|2019|7000|all,20 chosen for continuity on 2019,2019,bulk,8601,3750,0.02325311010347634
greedy|2019|7000|all,20 chosen for continuity on 2019,2019,bulk,8601,4000,0.02395070340658063
greedy|2019|7000|all,20 chosen for continuity on 2019,2019,bulk,8601,4250,0.025694686664341354
greedy|2019|7000|all,20 chosen for continuity on 2019,2019,bulk,8601,4500,0.026857342169515172
greedy|2019|7000|all,20 chosen for continuity on 2019,2019,bulk,8601,4750,0.02825252877572375
greedy|2019|7000|all,20 chosen for continuity on 2019,2019,bulk,8601,5000,0.029647715381932335
greedy|2019|7000|all,20 chosen for continuity on 2019,2019,bulk,8601,5250,0.031159167538658297
greedy|2019|7000|all,20 chosen for continuity on 2019,2019,bulk,8601,5500,0.03290315079641902
greedy|2019|7000|all,20 chosen for continuity on 2019,2019,bulk,8601,5750,0.03441460295314498
greedy|2019|7000|all,20 chosen for continuity on 2019,2019,bulk,8601,6000,0.035926055109870944
greedy|2019|7000|all,20 chosen for continuity on 2019,2019,bulk,8601,6250,0.038600162771770724
greedy|2019|7000|all,20 chosen for continuity on 2019,2019,bulk,8601,6500,0.040692942681083595
greedy|2019|7000|all,20 chosen for continuity on 2019,2019,bulk,8601,6750,0.043948378095570284
greedy|2019|7000|all,20 chosen for continuity on 2019,2019,bulk,8601,7000,0.046157423555400534
greedy|2019|7000|all,20 chosen for continuity on 2019,2019,bulk,8601,7250,0.04848273456574817
greedy|2019|7000|all,20 chosen for continuity on 2019,2019,bulk,8601,7500,0.050924311126613185
greedy|2019|7000|all,20 chosen for continuity on 2019,2019,bulk,8601,7750,0.05348215323799558
greedy|2019|7000|all,20 chosen for continuity on 2019,2019,bulk,8601,8000,0.05697011975351703
greedy|2019|7000|all,20 chosen for continuity on 2019,2019,bulk,8601,8250,0.06185327287524706
greedy|2019|7000|all,20 chosen for continuity on 2019,2019,bulk,8601,8500,0.06464364608766422
greedy|2019|7000|all,20 chosen for continuity on 2019,2019,bulk,8601,8750,0.06778281595163353
greedy|2019|7000|all,20 chosen for continuity on 2019,2019,bulk,8601,9000,0.07231717242181142
greedy|2019|7000|all,20 chosen for continuity on 2019,2019,bulk,8601,9250,0.07522381118474596
greedy|2019|7000|all,20 chosen for continuity on 2019,2019,bulk,8601,9500,0.07824671549819788
greedy|2019|7000|all,20 chosen for continuity on 2019,2019,bulk,8601,9750,0.08092082316009766
greedy|2019|7000|all,20 chosen for continuity on 2019,2019,bulk,8601,10000,0.08475758632717126
greedy|2019|7000|all,20 chosen for continuity on 2019,2019,bulk,8601,10250,0.08824555284269271
greedy|2019|7000|all,20 chosen for continuity on 2019,2019,bulk,8601,10500,0.09184978490873154
greedy|2019|7000|all,20 chosen for continuity on 2019,2019,bulk,8601,10750,0.09615161027787467
greedy|2019|7000|all,20 chosen for continuity on 2019,2019,bulk,8601,11000,0.10056970119753517
greedy|2019|7000|all,20 chosen for continuity on 2019,2019,bulk,8601,11250,0.1048715265666783
greedy|2019|7000|all,20 chosen for continuity on 2019,2019,bulk,8601,11500,0.10766189977909546
greedy|2019|7000|all,20 chosen for continuity on 2019,2019,bulk,8601,11750,0.11219625624927335
greedy|2019|7000|all,20 chosen for continuity on 2019,2019,bulk,8601,12000,0.11766073712359028
greedy|2019|7000|all,20 chosen for continuity on 2019,2019,bulk,8601,12250,0.12231135914428555
greedy|2019|7000|all,20 chosen for continuity on 2019,2019,bulk,8601,12500,0.12614812231135913
greedy|2019|7000|all,20 chosen for continuity on 2019,2019,bulk,8601,12750,0.12951982327636322
greedy|2019|7000|all,20 chosen for continuity on 2019,2019,bulk,8601,13000,0.13370538309498894
greedy|2019|7000|all,20 chosen for continuity on 2019,2019,bulk,8601,13250,0.13951866062085805
greedy|2019|7000|all,20 chosen for continuity on 2019,2019,bulk,8601,13500,0.14382048599000116
greedy|2019|7000|all,20 chosen for continuity on 2019,2019,bulk,8601,13750,0.1480060458086269
greedy|2019|7000|all,20 chosen for continuity on 2019,2019,bulk,8601,14000,0.15416811998604812
greedy|2019|7000|all,20 chosen for continuity on 2019,2019,bulk,8601,14250,0.15893500755726078
greedy|2019|7000|all,20 chosen for continuity on 2019,2019,bulk,8601,14500,0.16405069178002557
greedy|2019|7000|all,20 chosen for continuity on 2019,2019,bulk,8601,14750,0.16986396930589467
greedy|2019|7000|all,20 chosen for continuity on 2019,2019,bulk,8601,15000,0.1753284501802116
greedy|2019|7000|all,20 chosen for continuity on 2019,2019,bulk,8601,15250,0.18009533775142425
greedy|2019|7000|all,20 chosen for continuity on 2019,2019,bulk,8601,15500,0.1861411463783281
greedy|2019|7000|all,20 chosen for continuity on 2019,2019,bulk,8601,15750,0.19102429950005814
greedy|2019|7000|all,20 chosen for continuity on 2019,2019,bulk,8601,16000,0.19555865597023603
greedy|2019|7000|all,20 chosen for continuity on 2019,2019,bulk,8601,16250,0.20102313684455295
greedy|2019|7000|all,20 chosen for continuity on 2019,2019,bulk,8601,16500,0.20765027322404372
greedy|2019|7000|all,20 chosen for continuity on 2019,2019,bulk,8601,16750,0.2134635507499128
greedy|2019|7000|all,20 chosen for continuity on 2019,2019,bulk,8601,17000,0.22148587373561213
greedy|2019|7000|all,20 chosen for continuity on 2019,2019,bulk,8601,17250,0.22846180676665503
greedy|2019|7000|all,20 chosen for continuity on 2019,2019,bulk,8601,17500,0.23497267759562843
greedy|2019|7000|all,20 chosen for continuity on 2019,2019,bulk,8601,17750,0.24252993837925824
greedy|2019|7000|all,20 chosen for continuity on 2019,2019,bulk,8601,18000,0.2514823857690966
greedy|2019|7000|all,20 chosen for continuity on 2019,2019,bulk,8601,18250,0.2581095221485874
greedy|2019|7000|all,20 chosen for continuity on 2019,2019,bulk,8601,18500,0.26578304848273454
greedy|2019|7000|all,20 chosen for continuity on 2019,2019,bulk,8601,18750,0.2736891059179165
greedy|2019|7000|all,20 chosen for continuity on 2019,2019,bulk,8601,19000,0.27996744564585513
greedy|2019|7000|all,20 chosen for continuity on 2019,2019,bulk,8601,19250,0.28682711312638065
greedy|2019|7000|all,20 chosen for continuity on 2019,2019,bulk,8601,19500,0.2990349959307057
greedy|2019|7000|all,20 chosen for continuity on 2019,2019,bulk,8601,19750,0.3103127543308918
greedy|2019|7000|all,20 chosen for continuity on 2019,2019,bulk,8601,20000,0.3214742471805604
greedy|2019|7000|all,20 chosen for continuity on 2019,2019,bulk,8601,20250,0.33170561562608997
greedy|2019|7000|all,20 chosen for continuity on 2019,2019,bulk,8601,20500,0.3421695151726543
greedy|2019|7000|all,20 chosen for continuity on 2019,2019,bulk,8601,20750,0.35147075921404486
greedy|2019|7000|all,20 chosen for continuity on 2019,2019,bulk,8601,21000,0.36181839321009185
greedy|2019|7000|all,20 chosen for continuity on 2019,2019,bulk,8601,21250,0.3736774793628648
greedy|2019|7000|all,20 chosen for continuity on 2019,2019,bulk,8601,21500,0.3843739100104639
greedy|2019|7000|all,20 chosen for continuity on 2019,2019,bulk,8601,21750,0.3939076851528892
greedy|2019|7000|all,20 chosen for continuity on 2019,2019,bulk,8601,22000,0.4047203813510057
greedy|2019|7000|all,20 chosen for continuity on 2019,2019,bulk,8601,22250,0.4141378909429136
greedy|2019|7000|all,20 chosen for continuity on 2019,2019,bulk,8601,22500,0.4225090105801651
greedy|2019|7000|all,20 chosen for continuity on 2019,2019,bulk,8601,22750,0.4321590512731078
greedy|2019|7000|all,20 chosen for continuity on 2019,2019,bulk,8601,23000,0.44308801302174167
greedy|2019|7000|all,20 chosen for continuity on 2019,2019,bulk,8601,23250,0.4543657714219277
greedy|2019|7000|all,20 chosen for continuity on 2019,2019,bulk,8601,23500,0.46192303220555747
greedy|2019|7000|all,20 chosen for continuity on 2019,2019,bulk,8601,23750,0.4745959772119521
greedy|2019|7000|all,20 chosen for continuity on 2019,2019,bulk,8601,24000,0.48401348680386
greedy|2019|7000|all,20 chosen for continuity on 2019,2019,bulk,8601,24250,0.4930821997442158
greedy|2019|7000|all,20 chosen for continuity on 2019,2019,bulk,8601,24500,0.501685850482502
greedy|2019|7000|all,20 chosen for continuity on 2019,2019,bulk,8601,24750,0.5104057667713057
greedy|2019|7000|all,20 chosen for continuity on 2019,2019,bulk,8601,25000,0.5164515753982095
greedy|2019|7000|all,20 chosen for continuity on 2019,2019,bulk,8601,25250,0.5261016160911522
greedy|2019|7000|all,20 chosen for continuity on 2019,2019,bulk,8601,25500,0.532728752470643
greedy|2019|7000|all,20 chosen for continuity on 2019,2019,bulk,8601,25750,0.5380769677944425
greedy|2019|7000|all,20 chosen for continuity on 2019,2019,bulk,8601,26000,0.5448203697244507
greedy|2019|7000|all,20 chosen for continuity on 2019,2019,bulk,8601,26250,0.5517963027554935
greedy|2019|7000|all,20 chosen for continuity on 2019,2019,bulk,8601,26500,0.5580746424834322
greedy|2019|7000|all,20 chosen for continuity on 2019,2019,bulk,8601,26750,0.5638879200093012
greedy|2019|7000|all,20 chosen for continuity on 2019,2019,bulk,8601,27000,0.5688873386815486
greedy|2019|7000|all,20 chosen for continuity on 2019,2019,bulk,8601,27250,0.5757470061620742
greedy|2019|7000|all,20 chosen for continuity on 2019,2019,bulk,8601,27500,0.5822578769910476
greedy|2019|7000|all,20 chosen for continuity on 2019,2019,bulk,8601,27750,0.5884199511684688
greedy|2019|7000|all,20 chosen for continuity on 2019,2019,bulk,8601,28000,0.5955121497500291
greedy|2019|7000|all,20 chosen for continuity on 2019,2019,bulk,8601,28250,0.6030694105336589
greedy|2019|7000|all,20 chosen for continuity on 2019,2019,bulk,8601,28500,0.6087664225090106
greedy|2019|7000|all,20 chosen for continuity on 2019,2019,bulk,8601,28750,0.6155098244390187
greedy|2019|7000|all,20 chosen for continuity on 2019,2019,bulk,8601,29000,0.6220206952679921
greedy|2019|7000|all,20 chosen for continuity on 2019,2019,bulk,8601,29250,0.6286478316474828
greedy|2019|7000|all,20 chosen for continuity on 2019,2019,bulk,8601,29500,0.6338797814207651
greedy|2019|7000|all,20 chosen for continuity on 2019,2019,bulk,8601,29750,0.6403906522497385
greedy|2019|7000|all,20 chosen for continuity on 2019,2019,bulk,8601,30000,0.6465527264271597
greedy|2019|7000|all,20 chosen for continuity on 2019,2019,tanker,5526,0,0.0007238508867173362
greedy|2019|7000|all,20 chosen for continuity on 2019,2019,tanker,5526,250,0.006152732537097358
greedy|2019|7000|all,20 chosen for continuity on 2019,2019,tanker,5526,500,0.007419471588852696
greedy|2019|7000|all,20 chosen for continuity on 2019,2019,tanker,5526,750,0.009048136083966703
greedy|2019|7000|all,20 chosen for continuity on 2019,2019,tanker,5526,1000,0.01031487513572204
greedy|2019|7000|all,20 chosen for continuity on 2019,2019,tanker,5526,1250,0.01158161418747738
greedy|2019|7000|all,20 chosen for continuity on 2019,2019,tanker,5526,1500,0.012667390517553384
greedy|2019|7000|all,20 chosen for continuity on 2019,2019,tanker,5526,1750,0.015019905899384726
greedy|2019|7000|all,20 chosen for continuity on 2019,2019,tanker,5526,2000,0.01737242128121607
greedy|2019|7000|all,20 chosen for continuity on 2019,2019,tanker,5526,2250,0.020448787549764747
greedy|2019|7000|all,20 chosen for continuity on 2019,2019,tanker,5526,2500,0.023344191096634093
greedy|2019|7000|all,20 chosen for continuity on 2019,2019,tanker,5526,2750,0.027325370973579444
greedy|2019|7000|all,20 chosen for continuity on 2019,2019,tanker,5526,3000,0.03076366268548679
greedy|2019|7000|all,20 chosen for continuity on 2019,2019,tanker,5526,3250,0.03311617806731813
greedy|2019|7000|all,20 chosen for continuity on 2019,2019,tanker,5526,3500,0.03745928338762215
greedy|2019|7000|all,20 chosen for continuity on 2019,2019,tanker,5526,3750,0.04234527687296417
greedy|2019|7000|all,20 chosen for continuity on 2019,2019,tanker,5526,4000,0.047050307636626855
greedy|2019|7000|all,20 chosen for continuity on 2019,2019,tanker,5526,4250,0.050126673905175535
greedy|2019|7000|all,20 chosen for continuity on 2019,2019,tanker,5526,4500,0.05302207745204488
greedy|2019|7000|all,20 chosen for continuity on 2019,2019,tanker,5526,4750,0.05718422005066956
greedy|2019|7000|all,20 chosen for continuity on 2019,2019,tanker,5526,5000,0.061346362649294245
greedy|2019|7000|all,20 chosen for continuity on 2019,2019,tanker,5526,5250,0.0664133188563156
greedy|2019|7000|all,20 chosen for continuity on 2019,2019,tanker,5526,5500,0.07129931234165762
greedy|2019|7000|all,20 chosen for continuity on 2019,2019,tanker,5526,5750,0.07528049221860297
greedy|2019|7000|all,20 chosen for continuity on 2019,2019,tanker,5526,6000,0.08052841114730365
greedy|2019|7000|all,20 chosen for continuity on 2019,2019,tanker,5526,6250,0.08541440463264567
greedy|2019|7000|all,20 chosen for continuity on 2019,2019,tanker,5526,6500,0.0908432862830257
greedy|2019|7000|all,20 chosen for continuity on 2019,2019,tanker,5526,6750,0.09627216793340572
greedy|2019|7000|all,20 chosen for continuity on 2019,2019,tanker,5526,7000,0.10296778863554108
greedy|2019|7000|all,20 chosen for continuity on 2019,2019,tanker,5526,7250,0.11147303655446977
greedy|2019|7000|all,20 chosen for continuity on 2019,2019,tanker,5526,7500,0.12106406080347448
greedy|2019|7000|all,20 chosen for continuity on 2019,2019,tanker,5526,7750,0.12920738327904452
greedy|2019|7000|all,20 chosen for continuity on 2019,2019,tanker,5526,8000,0.13789359391965256
greedy|2019|7000|all,20 chosen for continuity on 2019,2019,tanker,5526,8250,0.14730365544697793
greedy|2019|7000|all,20 chosen for continuity on 2019,2019,tanker,5526,8500,0.15598986608758597
greedy|2019|7000|all,20 chosen for continuity on 2019,2019,tanker,5526,8750,0.16775244299674266
greedy|2019|7000|all,20 chosen for continuity on 2019,2019,tanker,5526,9000,0.17661961635903003
greedy|2019|7000|all,20 chosen for continuity on 2019,2019,tanker,5526,9250,0.18458197611292074
greedy|2019|7000|all,20 chosen for continuity on 2019,2019,tanker,5526,9500,0.1939920376402461
greedy|2019|7000|all,20 chosen for continuity on 2019,2019,tanker,5526,9750,0.20267824828085415
greedy|2019|7000|all,20 chosen for continuity on 2019,2019,tanker,5526,10000,0.2113644589214622
greedy|2019|7000|all,20 chosen for continuity on 2019,2019,tanker,5526,10250,0.21878393051031486
greedy|2019|7000|all,20 chosen for continuity on 2019,2019,tanker,5526,10500,0.2269272529858849
greedy|2019|7000|all,20 chosen for continuity on 2019,2019,tanker,5526,10750,0.2343467245747376
greedy|2019|7000|all,20 chosen for continuity on 2019,2019,tanker,5526,11000,0.2439377488237423
greedy|2019|7000|all,20 chosen for continuity on 2019,2019,tanker,5526,11250,0.2544335866811437
greedy|2019|7000|all,20 chosen for continuity on 2019,2019,tanker,5526,11500,0.26746290264205574
greedy|2019|7000|all,20 chosen for continuity on 2019,2019,tanker,5526,11750,0.27813970322113646
greedy|2019|7000|all,20 chosen for continuity on 2019,2019,tanker,5526,12000,0.2899022801302932
greedy|2019|7000|all,20 chosen for continuity on 2019,2019,tanker,5526,12250,0.29931234165761855
greedy|2019|7000|all,20 chosen for continuity on 2019,2019,tanker,5526,12500,0.31053203040173727
greedy|2019|7000|all,20 chosen for continuity on 2019,2019,tanker,5526,12750,0.32229460731089393
greedy|2019|7000|all,20 chosen for continuity on 2019,2019,tanker,5526,13000,0.33242851972493664
greedy|2019|7000|all,20 chosen for continuity on 2019,2019,tanker,5526,13250,0.34581976112920737
greedy|2019|7000|all,20 chosen for continuity on 2019,2019,tanker,5526,13500,0.3566775244299674
greedy|2019|7000|all,20 chosen for continuity on 2019,2019,tanker,5526,13750,0.3704306912775968
greedy|2019|7000|all,20 chosen for continuity on 2019,2019,tanker,5526,14000,0.37857401375316685
greedy|2019|7000|all,20 chosen for continuity on 2019,2019,tanker,5526,14250,0.3885269634455302
greedy|2019|7000|all,20 chosen for continuity on 2019,2019,tanker,5526,14500,0.4006514657980456
greedy|2019|7000|all,20 chosen for continuity on 2019,2019,tanker,5526,14750,0.411690191820485
greedy|2019|7000|all,20 chosen for continuity on 2019,2019,tanker,5526,15000,0.41983351429605503
greedy|2019|7000|all,20 chosen for continuity on 2019,2019,tanker,5526,15250,0.4292435758233804
greedy|2019|7000|all,20 chosen for continuity on 2019,2019,tanker,5526,15500,0.4384726746290264
greedy|2019|7000|all,20 chosen for continuity on 2019,2019,tanker,5526,15750,0.44516829533116176
greedy|2019|7000|all,20 chosen for continuity on 2019,2019,tanker,5526,16000,0.4538545059717698
greedy|2019|7000|all,20 chosen for continuity on 2019,2019,tanker,5526,16250,0.4618168657256605
greedy|2019|7000|all,20 chosen for continuity on 2019,2019,tanker,5526,16500,0.4744842562432139
greedy|2019|7000|all,20 chosen for continuity on 2019,2019,tanker,5526,16750,0.48498009410061527
greedy|2019|7000|all,20 chosen for continuity on 2019,2019,tanker,5526,17000,0.4947520810712993
greedy|2019|7000|all,20 chosen for continuity on 2019,2019,tanker,5526,17250,0.501628664495114
greedy|2019|7000|all,20 chosen for continuity on 2019,2019,tanker,5526,17500,0.5099529496923634
greedy|2019|7000|all,20 chosen for continuity on 2019,2019,tanker,5526,17750,0.5191820484980094
greedy|2019|7000|all,20 chosen for continuity on 2019,2019,tanker,5526,18000,0.5249728555917481
greedy|2019|7000|all,20 chosen for continuity on 2019,2019,tanker,5526,18250,0.5322113644589215
greedy|2019|7000|all,20 chosen for continuity on 2019,2019,tanker,5526,18500,0.5390879478827362
greedy|2019|7000|all,20 chosen for continuity on 2019,2019,tanker,5526,18750,0.5457835685848715
greedy|2019|7000|all,20 chosen for continuity on 2019,2019,tanker,5526,19000,0.5537459283387622
greedy|2019|7000|all,20 chosen for continuity on 2019,2019,tanker,5526,19250,0.5615273253709736
greedy|2019|7000|all,20 chosen for continuity on 2019,2019,tanker,5526,19500,0.569851610568223
greedy|2019|7000|all,20 chosen for continuity on 2019,2019,tanker,5526,19750,0.5778139703221137
greedy|2019|7000|all,20 chosen for continuity on 2019,2019,tanker,5526,20000,0.5870430691277597
greedy|2019|7000|all,20 chosen for continuity on 2019,2019,tanker,5526,20250,0.5955483170466884
greedy|2019|7000|all,20 chosen for continuity on 2019,2019,tanker,5526,20500,0.6038726022439378
greedy|2019|7000|all,20 chosen for continuity on 2019,2019,tanker,5526,20750,0.6109301483894318
greedy|2019|7000|all,20 chosen for continuity on 2019,2019,tanker,5526,21000,0.6187115454216432
greedy|2019|7000|all,20 chosen for continuity on 2019,2019,tanker,5526,21250,0.6275787187839305
greedy|2019|7000|all,20 chosen for continuity on 2019,2019,tanker,5526,21500,0.6359030039811798
greedy|2019|7000|all,20 chosen for continuity on 2019,2019,tanker,5526,21750,0.6424176619616359
greedy|2019|7000|all,20 chosen for continuity on 2019,2019,tanker,5526,22000,0.6494752081071299
greedy|2019|7000|all,20 chosen for continuity on 2019,2019,tanker,5526,22250,0.6574375678610206
greedy|2019|7000|all,20 chosen for continuity on 2019,2019,tanker,5526,22500,0.665218964893232
greedy|2019|7000|all,20 chosen for continuity on 2019,2019,tanker,5526,22750,0.6720955483170467
greedy|2019|7000|all,20 chosen for continuity on 2019,2019,tanker,5526,23000,0.680419833514296
greedy|2019|7000|all,20 chosen for continuity on 2019,2019,tanker,5526,23250,0.6867535287730727
greedy|2019|7000|all,20 chosen for continuity on 2019,2019,tanker,5526,23500,0.6934491494752081
greedy|2019|7000|all,20 chosen for continuity on 2019,2019,tanker,5526,23750,0.6997828447339848
greedy|2019|7000|all,20 chosen for continuity on 2019,2019,tanker,5526,24000,0.7068403908794788
greedy|2019|7000|all,20 chosen for continuity on 2019,2019,tanker,5526,24250,0.7126311979732175
greedy|2019|7000|all,20 chosen for continuity on 2019,2019,tanker,5526,24500,0.7184220050669562
greedy|2019|7000|all,20 chosen for continuity on 2019,2019,tanker,5526,24750,0.7231270358306189
greedy|2019|7000|all,20 chosen for continuity on 2019,2019,tanker,5526,25000,0.7290988056460369
greedy|2019|7000|all,20 chosen for continuity on 2019,2019,tanker,5526,25250,0.7330799855229823
greedy|2019|7000|all,20 chosen for continuity on 2019,2019,tanker,5526,25500,0.7366992399565689
greedy|2019|7000|all,20 chosen for continuity on 2019,2019,tanker,5526,25750,0.741585233441911
greedy|2019|7000|all,20 chosen for continuity on 2019,2019,tanker,5526,26000,0.7452044878754976
greedy|2019|7000|all,20 chosen for continuity on 2019,2019,tanker,5526,26250,0.7500904813608397
greedy|2019|7000|all,20 chosen for continuity on 2019,2019,tanker,5526,26500,0.7538906985161057
greedy|2019|7000|all,20 chosen for continuity on 2019,2019,tanker,5526,26750,0.758957654723127
greedy|2019|7000|all,20 chosen for continuity on 2019,2019,tanker,5526,27000,0.7629388346000724
greedy|2019|7000|all,20 chosen for continuity on 2019,2019,tanker,5526,27250,0.7671009771986971
greedy|2019|7000|all,20 chosen for continuity on 2019,2019,tanker,5526,27500,0.7723488961273978
greedy|2019|7000|all,20 chosen for continuity on 2019,2019,tanker,5526,27750,0.7766920014477018
greedy|2019|7000|all,20 chosen for continuity on 2019,2019,tanker,5526,28000,0.7801302931596091
greedy|2019|7000|all,20 chosen for continuity on 2019,2019,tanker,5526,28250,0.7823018458197611
greedy|2019|7000|all,20 chosen for continuity on 2019,2019,tanker,5526,28500,0.7844733984799132
greedy|2019|7000|all,20 chosen for continuity on 2019,2019,tanker,5526,28750,0.7893593919652552
greedy|2019|7000|all,20 chosen for continuity on 2019,2019,tanker,5526,29000,0.7911690191820485
greedy|2019|7000|all,20 chosen for continuity on 2019,2019,tanker,5526,29250,0.7951501990589939
greedy|2019|7000|all,20 chosen for continuity on 2019,2019,tanker,5526,29500,0.7978646398841839
greedy|2019|7000|all,20 chosen for continuity on 2019,2019,tanker,5526,29750,0.8011219688744119
greedy|2019|7000|all,20 chosen for continuity on 2019,2019,tanker,5526,30000,0.8045602605863192
greedy|2019|7000|all,20 chosen for continuity on 2019,2019,gas,1125,0,0.0
greedy|2019|7000|all,20 chosen for continuity on 2019,2019,gas,1125,250,0.0071111111111111115
greedy|2019|7000|all,20 chosen for continuity on 2019,2019,gas,1125,500,0.008
greedy|2019|7000|all,20 chosen for continuity on 2019,2019,gas,1125,750,0.008
greedy|2019|7000|all,20 chosen for continuity on 2019,2019,gas,1125,1000,0.008888888888888889
greedy|2019|7000|all,20 chosen for continuity on 2019,2019,gas,1125,1250,0.008888888888888889
greedy|2019|7000|all,20 chosen for continuity on 2019,2019,gas,1125,1500,0.009777777777777778
greedy|2019|7000|all,20 chosen for continuity on 2019,2019,gas,1125,1750,0.010666666666666666
greedy|2019|7000|all,20 chosen for continuity on 2019,2019,gas,1125,2000,0.011555555555555555
greedy|2019|7000|all,20 chosen for continuity on 2019,2019,gas,1125,2250,0.012444444444444444
greedy|2019|7000|all,20 chosen for continuity on 2019,2019,gas,1125,2500,0.013333333333333334
greedy|2019|7000|all,20 chosen for continuity on 2019,2019,gas,1125,2750,0.016
greedy|2019|7000|all,20 chosen for continuity on 2019,2019,gas,1125,3000,0.016888888888888887
greedy|2019|7000|all,20 chosen for continuity on 2019,2019,gas,1125,3250,0.018666666666666668
greedy|2019|7000|all,20 chosen for continuity on 2019,2019,gas,1125,3500,0.020444444444444446
greedy|2019|7000|all,20 chosen for continuity on 2019,2019,gas,1125,3750,0.021333333333333333
greedy|2019|7000|all,20 chosen for continuity on 2019,2019,gas,1125,4000,0.025777777777777778
greedy|2019|7000|all,20 chosen for continuity on 2019,2019,gas,1125,4250,0.028444444444444446
greedy|2019|7000|all,20 chosen for continuity on 2019,2019,gas,1125,4500,0.03111111111111111
greedy|2019|7000|all,20 chosen for continuity on 2019,2019,gas,1125,4750,0.03288888888888889
greedy|2019|7000|all,20 chosen for continuity on 2019,2019,gas,1125,5000,0.034666666666666665
greedy|2019|7000|all,20 chosen for continuity on 2019,2019,gas,1125,5250,0.036444444444444446
greedy|2019|7000|all,20 chosen for continuity on 2019,2019,gas,1125,5500,0.037333333333333336
greedy|2019|7000|all,20 chosen for continuity on 2019,2019,gas,1125,5750,0.043555555555555556
greedy|2019|7000|all,20 chosen for continuity on 2019,2019,gas,1125,6000,0.04533333333333334
greedy|2019|7000|all,20 chosen for continuity on 2019,2019,gas,1125,6250,0.049777777777777775
greedy|2019|7000|all,20 chosen for continuity on 2019,2019,gas,1125,6500,0.05422222222222222
greedy|2019|7000|all,20 chosen for continuity on 2019,2019,gas,1125,6750,0.059555555555555556
greedy|2019|7000|all,20 chosen for continuity on 2019,2019,gas,1125,7000,0.07288888888888889
greedy|2019|7000|all,20 chosen for continuity on 2019,2019,gas,1125,7250,0.07822222222222222
greedy|2019|7000|all,20 chosen for continuity on 2019,2019,gas,1125,7500,0.08355555555555555
greedy|2019|7000|all,20 chosen for continuity on 2019,2019,gas,1125,7750,0.08622222222222223
greedy|2019|7000|all,20 chosen for continuity on 2019,2019,gas,1125,8000,0.09777777777777778
greedy|2019|7000|all,20 chosen for continuity on 2019,2019,gas,1125,8250,0.10133333333333333
greedy|2019|7000|all,20 chosen for continuity on 2019,2019,gas,1125,8500,0.112
greedy|2019|7000|all,20 chosen for continuity on 2019,2019,gas,1125,8750,0.12088888888888889
greedy|2019|7000|all,20 chosen for continuity on 2019,2019,gas,1125,9000,0.13066666666666665
greedy|2019|7000|all,20 chosen for continuity on 2019,2019,gas,1125,9250,0.1368888888888889
greedy|2019|7000|all,20 chosen for continuity on 2019,2019,gas,1125,9500,0.14222222222222222
greedy|2019|7000|all,20 chosen for continuity on 2019,2019,gas,1125,9750,0.14755555555555555
greedy|2019|7000|all,20 chosen for continuity on 2019,2019,gas,1125,10000,0.14933333333333335
greedy|2019|7000|all,20 chosen for continuity on 2019,2019,gas,1125,10250,0.15555555555555556
greedy|2019|7000|all,20 chosen for continuity on 2019,2019,gas,1125,10500,0.16
greedy|2019|7000|all,20 chosen for continuity on 2019,2019,gas,1125,10750,0.16533333333333333
greedy|2019|7000|all,20 chosen for continuity on 2019,2019,gas,1125,11000,0.17244444444444446
greedy|2019|7000|all,20 chosen for continuity on 2019,2019,gas,1125,11250,0.1831111111111111
greedy|2019|7000|all,20 chosen for continuity on 2019,2019,gas,1125,11500,0.18755555555555556
greedy|2019|7000|all,20 chosen for continuity on 2019,2019,gas,1125,11750,0.19377777777777777
greedy|2019|7000|all,20 chosen for continuity on 2019,2019,gas,1125,12000,0.19733333333333333
greedy|2019|7000|all,20 chosen for continuity on 2019,2019,gas,1125,12250,0.2008888888888889
greedy|2019|7000|all,20 chosen for continuity on 2019,2019,gas,1125,12500,0.21155555555555555
greedy|2019|7000|all,20 chosen for continuity on 2019,2019,gas,1125,12750,0.21866666666666668
greedy|2019|7000|all,20 chosen for continuity on 2019,2019,gas,1125,13000,0.22755555555555557
greedy|2019|7000|all,20 chosen for continuity on 2019,2019,gas,1125,13250,0.23733333333333334
greedy|2019|7000|all,20 chosen for continuity on 2019,2019,gas,1125,13500,0.24355555555555555
greedy|2019|7000|all,20 chosen for continuity on 2019,2019,gas,1125,13750,0.248
greedy|2019|7000|all,20 chosen for continuity on 2019,2019,gas,1125,14000,0.256
greedy|2019|7000|all,20 chosen for continuity on 2019,2019,gas,1125,14250,0.25955555555555554
greedy|2019|7000|all,20 chosen for continuity on 2019,2019,gas,1125,14500,0.2613333333333333
greedy|2019|7000|all,20 chosen for continuity on 2019,2019,gas,1125,14750,0.26844444444444443
greedy|2019|7000|all,20 chosen for continuity on 2019,2019,gas,1125,15000,0.27555555555555555
greedy|2019|7000|all,20 chosen for continuity on 2019,2019,gas,1125,15250,0.2817777777777778
greedy|2019|7000|all,20 chosen for continuity on 2019,2019,gas,1125,15500,0.2871111111111111
greedy|2019|7000|all,20 chosen for continuity on 2019,2019,gas,1125,15750,0.29244444444444445
greedy|2019|7000|all,20 chosen for continuity on 2019,2019,gas,1125,16000,0.30133333333333334
greedy|2019|7000|all,20 chosen for continuity on 2019,2019,gas,1125,16250,0.3075555555555556
greedy|2019|7000|all,20 chosen for continuity on 2019,2019,gas,1125,16500,0.3244444444444444
greedy|2019|7000|all,20 chosen for continuity on 2019,2019,gas,1125,16750,0.3377777777777778
greedy|2019|7000|all,20 chosen for continuity on 2019,2019,gas,1125,17000,0.3457777777777778
greedy|2019|7000|all,20 chosen for continuity on 2019,2019,gas,1125,17250,0.35555555555555557
greedy|2019|7000|all,20 chosen for continuity on 2019,2019,gas,1125,17500,0.37866666666666665
greedy|2019|7000|all,20 chosen for continuity on 2019,2019,gas,1125,17750,0.3857777777777778
greedy|2019|7000|all,20 chosen for continuity on 2019,2019,gas,1125,18000,0.3928888888888889
greedy|2019|7000|all,20 chosen for continuity on 2019,2019,gas,1125,18250,0.4062222222222222
greedy|2019|7000|all,20 chosen for continuity on 2019,2019,gas,1125,18500,0.41155555555555556
greedy|2019|7000|all,20 chosen for continuity on 2019,2019,gas,1125,18750,0.41333333333333333
greedy|2019|7000|all,20 chosen for continuity on 2019,2019,gas,1125,19000,0.42133333333333334
greedy|2019|7000|all,20 chosen for continuity on 2019,2019,gas,1125,19250,0.4231111111111111
greedy|2019|7000|all,20 chosen for continuity on 2019,2019,gas,1125,19500,0.42933333333333334
greedy|2019|7000|all,20 chosen for continuity on 2019,2019,gas,1125,19750,0.43377777777777776
greedy|2019|7000|all,20 chosen for continuity on 2019,2019,gas,1125,20000,0.4391111111111111
greedy|2019|7000|all,20 chosen for continuity on 2019,2019,gas,1125,20250,0.44533333333333336
greedy|2019|7000|all,20 chosen for continuity on 2019,2019,gas,1125,20500,0.448
greedy|2019|7000|all,20 chosen for continuity on 2019,2019,gas,1125,20750,0.456
greedy|2019|7000|all,20 chosen for continuity on 2019,2019,gas,1125,21000,0.4577777777777778
greedy|2019|7000|all,20 chosen for continuity on 2019,2019,gas,1125,21250,0.4631111111111111
greedy|2019|7000|all,20 chosen for continuity on 2019,2019,gas,1125,21500,0.46844444444444444
greedy|2019|7000|all,20 chosen for continuity on 2019,2019,gas,1125,21750,0.4791111111111111
greedy|2019|7000|all,20 chosen for continuity on 2019,2019,gas,1125,22000,0.48355555555555557
greedy|2019|7000|all,20 chosen for continuity on 2019,2019,gas,1125,22250,0.49066666666666664
greedy|2019|7000|all,20 chosen for continuity on 2019,2019,gas,1125,22500,0.496
greedy|2019|7000|all,20 chosen for continuity on 2019,2019,gas,1125,22750,0.49955555555555553
greedy|2019|7000|all,20 chosen for continuity on 2019,2019,gas,1125,23000,0.5013333333333333
greedy|2019|7000|all,20 chosen for continuity on 2019,2019,gas,1125,23250,0.504
greedy|2019|7000|all,20 chosen for continuity on 2019,2019,gas,1125,23500,0.5111111111111111
greedy|2019|7000|all,20 chosen for continuity on 2019,2019,gas,1125,23750,0.5208888888888888
greedy|2019|7000|all,20 chosen for continuity on 2019,2019,gas,1125,24000,0.5235555555555556
greedy|2019|7000|all,20 chosen for continuity on 2019,2019,gas,1125,24250,0.528
greedy|2019|7000|all,20 chosen for continuity on 2019,2019,gas,1125,24500,0.5306666666666666
greedy|2019|7000|all,20 chosen for continuity on 2019,2019,gas,1125,24750,0.5377777777777778
greedy|2019|7000|all,20 chosen for continuity on 2019,2019,gas,1125,25000,0.544
greedy|2019|7000|all,20 chosen for continuity on 2019,2019,gas,1125,25250,0.5502222222222222
greedy|2019|7000|all,20 chosen for continuity on 2019,2019,gas,1125,25500,0.5528888888888889
greedy|2019|7000|all,20 chosen for continuity on 2019,2019,gas,1125,25750,0.5564444444444444
greedy|2019|7000|all,20 chosen for continuity on 2019,2019,gas,1125,26000,0.5617777777777778
greedy|2019|7000|all,20 chosen for continuity on 2019,2019,gas,1125,26250,0.5671111111111111
greedy|2019|7000|all,20 chosen for continuity on 2019,2019,gas,1125,26500,0.5697777777777778
greedy|2019|7000|all,20 chosen for continuity on 2019,2019,gas,1125,26750,0.5742222222222222
greedy|2019|7000|all,20 chosen for continuity on 2019,2019,gas,1125,27000,0.5777777777777777
greedy|2019|7000|all,20 chosen for continuity on 2019,2019,gas,1125,27250,0.5831111111111111
greedy|2019|7000|all,20 chosen for continuity on 2019,2019,gas,1125,27500,0.5884444444444444
greedy|2019|7000|all,20 chosen for continuity on 2019,2019,gas,1125,27750,0.5911111111111111
greedy|2019|7000|all,20 chosen for continuity on 2019,2019,gas,1125,28000,0.5937777777777777
greedy|2019|7000|all,20 chosen for continuity on 2019,2019,gas,1125,28250,0.6
greedy|2019|7000|all,20 chosen for continuity on 2019,2019,gas,1125,28500,0.6035555555555555
greedy|2019|7000|all,20 chosen for continuity on 2019,2019,gas,1125,28750,0.6053333333333333
greedy|2019|7000|all,20 chosen for continuity on 2019,2019,gas,1125,29000,0.6088888888888889
greedy|2019|7000|all,20 chosen for continuity on 2019,2019,gas,1125,29250,0.6115555555555555
greedy|2019|7000|all,20 chosen for continuity on 2019,2019,gas,1125,29500,0.616
greedy|2019|7000|all,20 chosen for continuity on 2019,2019,gas,1125,29750,0.6177777777777778
greedy|2019|7000|all,20 chosen for continuity on 2019,2019,gas,1125,30000,0.6231111111111111
greedy|2019|7000|all,20 chosen for continuity on 2019,2019,general,2193,0,0.00045599635202918376
greedy|2019|7000|all,20 chosen for continuity on 2019,2019,general,2193,250,0.00364797081623347
greedy|2019|7000|all,20 chosen for continuity on 2019,2019,general,2193,500,0.004103967168262654
greedy|2019|7000|all,20 chosen for continuity on 2019,2019,general,2193,750,0.005471956224350205
greedy|2019|7000|all,20 chosen for continuity on 2019,2019,general,2193,1000,0.006383948928408573
greedy|2019|7000|all,20 chosen for continuity on 2019,2019,general,2193,1250,0.00729594163246694
greedy|2019|7000|all,20 chosen for continuity on 2019,2019,general,2193,1500,0.008207934336525308
greedy|2019|7000|all,20 chosen for continuity on 2019,2019,general,2193,1750,0.009575923392612859
greedy|2019|7000|all,20 chosen for continuity on 2019,2019,general,2193,2000,0.011399908800729594
greedy|2019|7000|all,20 chosen for continuity on 2019,2019,general,2193,2250,0.012767897856817145
greedy|2019|7000|all,20 chosen for continuity on 2019,2019,general,2193,2500,0.015047879616963064
greedy|2019|7000|all,20 chosen for continuity on 2019,2019,general,2193,2750,0.01823985408116735
greedy|2019|7000|all,20 chosen for continuity on 2019,2019,general,2193,3000,0.02188782489740082
greedy|2019|7000|all,20 chosen for continuity on 2019,2019,general,2193,3250,0.02781577747378021
greedy|2019|7000|all,20 chosen for continuity on 2019,2019,general,2193,3500,0.03237574099407205
greedy|2019|7000|all,20 chosen for continuity on 2019,2019,general,2193,3750,0.03784769721842225
greedy|2019|7000|all,20 chosen for continuity on 2019,2019,general,2193,4000,0.04331965344277246
greedy|2019|7000|all,20 chosen for continuity on 2019,2019,general,2193,4250,0.04696762425900593
greedy|2019|7000|all,20 chosen for continuity on 2019,2019,general,2193,4500,0.0533515731874145
greedy|2019|7000|all,20 chosen for continuity on 2019,2019,general,2193,4750,0.05563155494756042
greedy|2019|7000|all,20 chosen for continuity on 2019,2019,general,2193,5000,0.05927952576379389
greedy|2019|7000|all,20 chosen for continuity on 2019,2019,general,2193,5250,0.06338349293205654
greedy|2019|7000|all,20 chosen for continuity on 2019,2019,general,2193,5500,0.06611947104423165
greedy|2019|7000|all,20 chosen for continuity on 2019,2019,general,2193,5750,0.07067943456452348
greedy|2019|7000|all,20 chosen for continuity on 2019,2019,general,2193,6000,0.07432740538075695
greedy|2019|7000|all,20 chosen for continuity on 2019,2019,general,2193,6250,0.07706338349293206
greedy|2019|7000|all,20 chosen for continuity on 2019,2019,general,2193,6500,0.07979936160510716
greedy|2019|7000|all,20 chosen for continuity on 2019,2019,general,2193,6750,0.08481532147742818
greedy|2019|7000|all,20 chosen for continuity on 2019,2019,general,2193,7000,0.09302325581395349
greedy|2019|7000|all,20 chosen for continuity on 2019,2019,general,2193,7250,0.09803921568627451
greedy|2019|7000|all,20 chosen for continuity on 2019,2019,general,2193,7500,0.10579115367077063
greedy|2019|7000|all,20 chosen for continuity on 2019,2019,general,2193,7750,0.11582307341541268
greedy|2019|7000|all,20 chosen for continuity on 2019,2019,general,2193,8000,0.11901504787961696
greedy|2019|7000|all,20 chosen for continuity on 2019,2019,general,2193,8250,0.12539899680802555
greedy|2019|7000|all,20 chosen for continuity on 2019,2019,general,2193,8500,0.1322389420884633
greedy|2019|7000|all,20 chosen for continuity on 2019,2019,general,2193,8750,0.13953488372093023
greedy|2019|7000|all,20 chosen for continuity on 2019,2019,general,2193,9000,0.14956680346557227
greedy|2019|7000|all,20 chosen for continuity on 2019,2019,general,2193,9250,0.1541267669858641
greedy|2019|7000|all,20 chosen for continuity on 2019,2019,general,2193,9500,0.16233470132238942
greedy|2019|7000|all,20 chosen for continuity on 2019,2019,general,2193,9750,0.17054263565891473
greedy|2019|7000|all,20 chosen for continuity on 2019,2019,general,2193,10000,0.17829457364341086
greedy|2019|7000|all,20 chosen for continuity on 2019,2019,general,2193,10250,0.18741450068399454
greedy|2019|7000|all,20 chosen for continuity on 2019,2019,general,2193,10500,0.19881440948472412
greedy|2019|7000|all,20 chosen for continuity on 2019,2019,general,2193,10750,0.2079343365253078
greedy|2019|7000|all,20 chosen for continuity on 2019,2019,general,2193,11000,0.2193342453260374
greedy|2019|7000|all,20 chosen for continuity on 2019,2019,general,2193,11250,0.22845417236662108
greedy|2019|7000|all,20 chosen for continuity on 2019,2019,general,2193,11500,0.23438212494300045
greedy|2019|7000|all,20 chosen for continuity on 2019,2019,general,2193,11750,0.23985408116735066
greedy|2019|7000|all,20 chosen for continuity on 2019,2019,general,2193,12000,0.24578203374373006
greedy|2019|7000|all,20 chosen for continuity on 2019,2019,general,2193,12250,0.25170998632010944
greedy|2019|7000|all,20 chosen for continuity on 2019,2019,general,2193,12500,0.25991792065663477
greedy|2019|7000|all,20 chosen for continuity on 2019,2019,general,2193,12750,0.2722298221614227
greedy|2019|7000|all,20 chosen for continuity on 2019,2019,general,2193,13000,0.27998176014591886
greedy|2019|7000|all,20 chosen for continuity on 2019,2019,general,2193,13250,0.28910168718650253
greedy|2019|7000|all,20 chosen for continuity on 2019,2019,general,2193,13500,0.2959416324669403
greedy|2019|7000|all,20 chosen for continuity on 2019,2019,general,2193,13750,0.3009575923392613
greedy|2019|7000|all,20 chosen for continuity on 2019,2019,general,2193,14000,0.3087095303237574
greedy|2019|7000|all,20 chosen for continuity on 2019,2019,general,2193,14250,0.31509347925216596
greedy|2019|7000|all,20 chosen for continuity on 2019,2019,general,2193,14500,0.3237574099407205
greedy|2019|7000|all,20 chosen for continuity on 2019,2019,general,2193,14750,0.3287733698130415
greedy|2019|7000|all,20 chosen for continuity on 2019,2019,general,2193,15000,0.3347013223894209
greedy|2019|7000|all,20 chosen for continuity on 2019,2019,general,2193,15250,0.342453260373917
greedy|2019|7000|all,20 chosen for continuity on 2019,2019,general,2193,15500,0.35157318741450067
greedy|2019|7000|all,20 chosen for continuity on 2019,2019,general,2193,15750,0.35795713634290927
greedy|2019|7000|all,20 chosen for continuity on 2019,2019,general,2193,16000,0.36662106703146374
greedy|2019|7000|all,20 chosen for continuity on 2019,2019,general,2193,16250,0.37209302325581395
greedy|2019|7000|all,20 chosen for continuity on 2019,2019,general,2193,16500,0.3803009575923393
greedy|2019|7000|all,20 chosen for continuity on 2019,2019,general,2193,16750,0.387140902872777
greedy|2019|7000|all,20 chosen for continuity on 2019,2019,general,2193,17000,0.39215686274509803
greedy|2019|7000|all,20 chosen for continuity on 2019,2019,general,2193,17250,0.3989968080255358
greedy|2019|7000|all,20 chosen for continuity on 2019,2019,general,2193,17500,0.4062927496580027
greedy|2019|7000|all,20 chosen for continuity on 2019,2019,general,2193,17750,0.4122207022343821
greedy|2019|7000|all,20 chosen for continuity on 2019,2019,general,2193,18000,0.41906064751481986
greedy|2019|7000|all,20 chosen for continuity on 2019,2019,general,2193,18250,0.4236206110351117
greedy|2019|7000|all,20 chosen for continuity on 2019,2019,general,2193,18500,0.431828545371637
greedy|2019|7000|all,20 chosen for continuity on 2019,2019,general,2193,18750,0.4418604651162791
greedy|2019|7000|all,20 chosen for continuity on 2019,2019,general,2193,19000,0.4477884176926585
greedy|2019|7000|all,20 chosen for continuity on 2019,2019,general,2193,19250,0.4546283629730962
greedy|2019|7000|all,20 chosen for continuity on 2019,2019,general,2193,19500,0.4605563155494756
greedy|2019|7000|all,20 chosen for continuity on 2019,2019,general,2193,19750,0.46557227542179663
greedy|2019|7000|all,20 chosen for continuity on 2019,2019,general,2193,20000,0.4719562243502052
greedy|2019|7000|all,20 chosen for continuity on 2019,2019,general,2193,20250,0.48153214774281805
greedy|2019|7000|all,20 chosen for continuity on 2019,2019,general,2193,20500,0.48746010031919745
greedy|2019|7000|all,20 chosen for continuity on 2019,2019,general,2193,20750,0.49293205654354766
greedy|2019|7000|all,20 chosen for continuity on 2019,2019,general,2193,21000,0.5015959872321022
greedy|2019|7000|all,20 chosen for continuity on 2019,2019,general,2193,21250,0.511171910624715
greedy|2019|7000|all,20 chosen for continuity on 2019,2019,general,2193,21500,0.5180118559051528
greedy|2019|7000|all,20 chosen for continuity on 2019,2019,general,2193,21750,0.5230278157774738
greedy|2019|7000|all,20 chosen for continuity on 2019,2019,general,2193,22000,0.5303237574099408
greedy|2019|7000|all,20 chosen for continuity on 2019,2019,general,2193,22250,0.5371637026903785
greedy|2019|7000|all,20 chosen for continuity on 2019,2019,general,2193,22500,0.5444596443228454
greedy|2019|7000|all,20 chosen for continuity on 2019,2019,general,2193,22750,0.5499316005471956
greedy|2019|7000|all,20 chosen for continuity on 2019,2019,general,2193,23000,0.5590515275877793
greedy|2019|7000|all,20 chosen for continuity on 2019,2019,general,2193,23250,0.5640674874601003
greedy|2019|7000|all,20 chosen for continuity on 2019,2019,general,2193,23500,0.5695394436844505
greedy|2019|7000|all,20 chosen for continuity on 2019,2019,general,2193,23750,0.5740994072047424
greedy|2019|7000|all,20 chosen for continuity on 2019,2019,general,2193,24000,0.5813953488372093
greedy|2019|7000|all,20 chosen for continuity on 2019,2019,general,2193,24250,0.590515275877793
greedy|2019|7000|all,20 chosen for continuity on 2019,2019,general,2193,24500,0.595531235750114
greedy|2019|7000|all,20 chosen for continuity on 2019,2019,general,2193,24750,0.6037391700866394
greedy|2019|7000|all,20 chosen for continuity on 2019,2019,general,2193,25000,0.6110351117191063
greedy|2019|7000|all,20 chosen for continuity on 2019,2019,general,2193,25250,0.6174190606475148
greedy|2019|7000|all,20 chosen for continuity on 2019,2019,general,2193,25500,0.6219790241678067
greedy|2019|7000|all,20 chosen for continuity on 2019,2019,general,2193,25750,0.6242590059279526
greedy|2019|7000|all,20 chosen for continuity on 2019,2019,general,2193,26000,0.6301869585043319
greedy|2019|7000|all,20 chosen for continuity on 2019,2019,general,2193,26250,0.6365709074327406
greedy|2019|7000|all,20 chosen for continuity on 2019,2019,general,2193,26500,0.6411308709530323
greedy|2019|7000|all,20 chosen for continuity on 2019,2019,general,2193,26750,0.645234838121295
greedy|2019|7000|all,20 chosen for continuity on 2019,2019,general,2193,27000,0.6493388052895577
greedy|2019|7000|all,20 chosen for continuity on 2019,2019,general,2193,27250,0.6557227542179662
greedy|2019|7000|all,20 chosen for continuity on 2019,2019,general,2193,27500,0.6584587323301414
greedy|2019|7000|all,20 chosen for continuity on 2019,2019,general,2193,27750,0.6611947104423165
greedy|2019|7000|all,20 chosen for continuity on 2019,2019,general,2193,28000,0.6652986776105791
greedy|2019|7000|all,20 chosen for continuity on 2019,2019,general,2193,28250,0.6707706338349293
greedy|2019|7000|all,20 chosen for continuity on 2019,2019,general,2193,28500,0.6721386228910169
greedy|2019|7000|all,20 chosen for continuity on 2019,2019,general,2193,28750,0.6766985864113088
greedy|2019|7000|all,20 chosen for continuity on 2019,2019,general,2193,29000,0.6803465572275422
greedy|2019|7000|all,20 chosen for continuity on 2019,2019,general,2193,29250,0.6858185134518924
greedy|2019|7000|all,20 chosen for continuity on 2019,2019,general,2193,29500,0.6890104879160966
greedy|2019|7000|all,20 chosen for continuity on 2019,2019,general,2193,29750,0.6917464660282717
greedy|2019|7000|all,20 chosen for continuity on 2019,2019,general,2193,30000,0.6940264477884177
greedy|2019|7000|all,20 chosen for continuity on 2019,2019,roro,665,0,0.0
greedy|2019|7000|all,20 chosen for continuity on 2019,2019,roro,665,250,0.0015037593984962407
greedy|2019|7000|all,20 chosen for continuity on 2019,2019,roro,665,500,0.0015037593984962407
greedy|2019|7000|all,20 chosen for continuity on 2019,2019,roro,665,750,0.0015037593984962407
greedy|2019|7000|all,20 chosen for continuity on 2019,2019,roro,665,1000,0.0015037593984962407
greedy|2019|7000|all,20 chosen for continuity on 2019,2019,roro,665,1250,0.004511278195488722
greedy|2019|7000|all,20 chosen for continuity on 2019,2019,roro,665,1500,0.004511278195488722
greedy|2019|7000|all,20 chosen for continuity on 2019,2019,roro,665,1750,0.006015037593984963
greedy|2019|7000|all,20 chosen for continuity on 2019,2019,roro,665,2000,0.013533834586466165
greedy|2019|7000|all,20 chosen for continuity on 2019,2019,roro,665,2250,0.021052631578947368
greedy|2019|7000|all,20 chosen for continuity on 2019,2019,roro,665,2500,0.02406015037593985
greedy|2019|7000|all,20 chosen for continuity on 2019,2019,roro,665,2750,0.03007518796992481
greedy|2019|7000|all,20 chosen for continuity on 2019,2019,roro,665,3000,0.03458646616541353
greedy|2019|7000|all,20 chosen for continuity on 2019,2019,roro,665,3250,0.03759398496240601
greedy|2019|7000|all,20 chosen for continuity on 2019,2019,roro,665,3500,0.03759398496240601
greedy|2019|7000|all,20 chosen for continuity on 2019,2019,roro,665,3750,0.03759398496240601
greedy|2019|7000|all,20 chosen for continuity on 2019,2019,roro,665,4000,0.039097744360902256
greedy|2019|7000|all,20 chosen for continuity on 2019,2019,roro,665,4250,0.042105263157894736
greedy|2019|7000|all,20 chosen for continuity on 2019,2019,roro,665,4500,0.045112781954887216
greedy|2019|7000|all,20 chosen for continuity on 2019,2019,roro,665,4750,0.045112781954887216
greedy|2019|7000|all,20 chosen for continuity on 2019,2019,roro,665,5000,0.045112781954887216
greedy|2019|7000|all,20 chosen for continuity on 2019,2019,roro,665,5250,0.045112781954887216
greedy|2019|7000|all,20 chosen for continuity on 2019,2019,roro,665,5500,0.04661654135338346
greedy|2019|7000|all,20 chosen for continuity on 2019,2019,roro,665,5750,0.05112781954887218
greedy|2019|7000|all,20 chosen for continuity on 2019,2019,roro,665,6000,0.05413533834586466
greedy|2019|7000|all,20 chosen for continuity on 2019,2019,roro,665,6250,0.055639097744360905
greedy|2019|7000|all,20 chosen for continuity on 2019,2019,roro,665,6500,0.058646616541353384
greedy|2019|7000|all,20 chosen for continuity on 2019,2019,roro,665,6750,0.06015037593984962
greedy|2019|7000|all,20 chosen for continuity on 2019,2019,roro,665,7000,0.06466165413533835
greedy|2019|7000|all,20 chosen for continuity on 2019,2019,roro,665,7250,0.06616541353383458
greedy|2019|7000|all,20 chosen for continuity on 2019,2019,roro,665,7500,0.06616541353383458
greedy|2019|7000|all,20 chosen for continuity on 2019,2019,roro,665,7750,0.06766917293233082
greedy|2019|7000|all,20 chosen for continuity on 2019,2019,roro,665,8000,0.07218045112781955
greedy|2019|7000|all,20 chosen for continuity on 2019,2019,roro,665,8250,0.07368421052631578
greedy|2019|7000|all,20 chosen for continuity on 2019,2019,roro,665,8500,0.07518796992481203
greedy|2019|7000|all,20 chosen for continuity on 2019,2019,roro,665,8750,0.07819548872180451
greedy|2019|7000|all,20 chosen for continuity on 2019,2019,roro,665,9000,0.07819548872180451
greedy|2019|7000|all,20 chosen for continuity on 2019,2019,roro,665,9250,0.07969924812030076
greedy|2019|7000|all,20 chosen for continuity on 2019,2019,roro,665,9500,0.09323308270676692
greedy|2019|7000|all,20 chosen for continuity on 2019,2019,roro,665,9750,0.0962406015037594
greedy|2019|7000|all,20 chosen for continuity on 2019,2019,roro,665,10000,0.10526315789473684
greedy|2019|7000|all,20 chosen for continuity on 2019,2019,roro,665,10250,0.10977443609022557
greedy|2019|7000|all,20 chosen for continuity on 2019,2019,roro,665,10500,0.11278195488721804
greedy|2019|7000|all,20 chosen for continuity on 2019,2019,roro,665,10750,0.11428571428571428
greedy|2019|7000|all,20 chosen for continuity on 2019,2019,roro,665,11000,0.12180451127819548
greedy|2019|7000|all,20 chosen for continuity on 2019,2019,roro,665,11250,0.12180451127819548
greedy|2019|7000|all,20 chosen for continuity on 2019,2019,roro,665,11500,0.12481203007518797
greedy|2019|7000|all,20 chosen for continuity on 2019,2019,roro,665,11750,0.13533834586466165
greedy|2019|7000|all,20 chosen for continuity on 2019,2019,roro,665,12000,0.14285714285714285
greedy|2019|7000|all,20 chosen for continuity on 2019,2019,roro,665,12250,0.1443609022556391
greedy|2019|7000|all,20 chosen for continuity on 2019,2019,roro,665,12500,0.15037593984962405
greedy|2019|7000|all,20 chosen for continuity on 2019,2019,roro,665,12750,0.15789473684210525
greedy|2019|7000|all,20 chosen for continuity on 2019,2019,roro,665,13000,0.16390977443609023
greedy|2019|7000|all,20 chosen for continuity on 2019,2019,roro,665,13250,0.1699248120300752
greedy|2019|7000|all,20 chosen for continuity on 2019,2019,roro,665,13500,0.18796992481203006
greedy|2019|7000|all,20 chosen for continuity on 2019,2019,roro,665,13750,0.20451127819548873
greedy|2019|7000|all,20 chosen for continuity on 2019,2019,roro,665,14000,0.21353383458646616
greedy|2019|7000|all,20 chosen for continuity on 2019,2019,roro,665,14250,0.22706766917293233
greedy|2019|7000|all,20 chosen for continuity on 2019,2019,roro,665,14500,0.23759398496240602
greedy|2019|7000|all,20 chosen for continuity on 2019,2019,roro,665,14750,0.24661654135338346
greedy|2019|7000|all,20 chosen for continuity on 2019,2019,roro,665,15000,0.2556390977443609
greedy|2019|7000|all,20 chosen for continuity on 2019,2019,roro,665,15250,0.2556390977443609
greedy|2019|7000|all,20 chosen for continuity on 2019,2019,roro,665,15500,0.26165413533834586
greedy|2019|7000|all,20 chosen for continuity on 2019,2019,roro,665,15750,0.2646616541353383
greedy|2019|7000|all,20 chosen for continuity on 2019,2019,roro,665,16000,0.2781954887218045
greedy|2019|7000|all,20 chosen for continuity on 2019,2019,roro,665,16250,0.2857142857142857
greedy|2019|7000|all,20 chosen for continuity on 2019,2019,roro,665,16500,0.2932330827067669
greedy|2019|7000|all,20 chosen for continuity on 2019,2019,roro,665,16750,0.30526315789473685
greedy|2019|7000|all,20 chosen for continuity on 2019,2019,roro,665,17000,0.3218045112781955
greedy|2019|7000|all,20 chosen for continuity on 2019,2019,roro,665,17250,0.3233082706766917
greedy|2019|7000|all,20 chosen for continuity on 2019,2019,roro,665,17500,0.3323308270676692
greedy|2019|7000|all,20 chosen for continuity on 2019,2019,roro,665,17750,0.33383458646616543
greedy|2019|7000|all,20 chosen for continuity on 2019,2019,roro,665,18000,0.3368421052631579
greedy|2019|7000|all,20 chosen for continuity on 2019,2019,roro,665,18250,0.3398496240601504
greedy|2019|7000|all,20 chosen for continuity on 2019,2019,roro,665,18500,0.3473684210526316
greedy|2019|7000|all,20 chosen for continuity on 2019,2019,roro,665,18750,0.3533834586466165
greedy|2019|7000|all,20 chosen for continuity on 2019,2019,roro,665,19000,0.3593984962406015
greedy|2019|7000|all,20 chosen for continuity on 2019,2019,roro,665,19250,0.3699248120300752
greedy|2019|7000|all,20 chosen for continuity on 2019,2019,roro,665,19500,0.3804511278195489
greedy|2019|7000|all,20 chosen for continuity on 2019,2019,roro,665,19750,0.3879699248120301
greedy|2019|7000|all,20 chosen for continuity on 2019,2019,roro,665,20000,0.40601503759398494
greedy|2019|7000|all,20 chosen for continuity on 2019,2019,roro,665,20250,0.4120300751879699
greedy|2019|7000|all,20 chosen for continuity on 2019,2019,roro,665,20500,0.42406015037593986
greedy|2019|7000|all,20 chosen for continuity on 2019,2019,roro,665,20750,0.43909774436090226
greedy|2019|7000|all,20 chosen for continuity on 2019,2019,roro,665,21000,0.45112781954887216
greedy|2019|7000|all,20 chosen for continuity on 2019,2019,roro,665,21250,0.46015037593984964
greedy|2019|7000|all,20 chosen for continuity on 2019,2019,roro,665,21500,0.47368421052631576
greedy|2019|7000|all,20 chosen for continuity on 2019,2019,roro,665,21750,0.4842105263157895
greedy|2019|7000|all,20 chosen for continuity on 2019,2019,roro,665,22000,0.4932330827067669
greedy|2019|7000|all,20 chosen for continuity on 2019,2019,roro,665,22250,0.5067669172932331
greedy|2019|7000|all,20 chosen for continuity on 2019,2019,roro,665,22500,0.5142857142857142
greedy|2019|7000|all,20 chosen for continuity on 2019,2019,roro,665,22750,0.5263157894736842
greedy|2019|7000|all,20 chosen for continuity on 2019,2019,roro,665,23000,0.5353383458646617
greedy|2019|7000|all,20 chosen for continuity on 2019,2019,roro,665,23250,0.5458646616541354
greedy|2019|7000|all,20 chosen for continuity on 2019,2019,roro,665,23500,0.5654135338345865
greedy|2019|7000|all,20 chosen for continuity on 2019,2019,roro,665,23750,0.5699248120300752
greedy|2019|7000|all,20 chosen for continuity on 2019,2019,roro,665,24000,0.5714285714285714
greedy|2019|7000|all,20 chosen for continuity on 2019,2019,roro,665,24250,0.5789473684210527
greedy|2019|7000|all,20 chosen for continuity on 2019,2019,roro,665,24500,0.5864661654135338
greedy|2019|7000|all,20 chosen for continuity on 2019,2019,roro,665,24750,0.5954887218045113
greedy|2019|7000|all,20 chosen for continuity on 2019,2019,roro,665,25000,0.6120300751879699
greedy|2019|7000|all,20 chosen for continuity on 2019,2019,roro,665,25250,0.6225563909774436
greedy|2019|7000|all,20 chosen for continuity on 2019,2019,roro,665,25500,0.6330827067669172
greedy|2019|7000|all,20 chosen for continuity on 2019,2019,roro,665,25750,0.6390977443609023
greedy|2019|7000|all,20 chosen for continuity on 2019,2019,roro,665,26000,0.6421052631578947
greedy|2019|7000|all,20 chosen for continuity on 2019,2019,roro,665,26250,0.6466165413533834
greedy|2019|7000|all,20 chosen for continuity on 2019,2019,roro,665,26500,0.6541353383458647
greedy|2019|7000|all,20 chosen for continuity on 2019,2019,roro,665,26750,0.6571428571428571
greedy|2019|7000|all,20 chosen for continuity on 2019,2019,roro,665,27000,0.6601503759398496
greedy|2019|7000|all,20 chosen for continuity on 2019,2019,roro,665,27250,0.6661654135338346
greedy|2019|7000|all,20 chosen for continuity on 2019,2019,roro,665,27500,0.6706766917293233
greedy|2019|7000|all,20 chosen for continuity on 2019,2019,roro,665,27750,0.6721804511278195
greedy|2019|7000|all,20 chosen for continuity on 2019,2019,roro,665,28000,0.675187969924812
greedy|2019|7000|all,20 chosen for continuity on 2019,2019,roro,665,28250,0.675187969924812
greedy|2019|7000|all,20 chosen for continuity on 2019,2019,roro,665,28500,0.6796992481203008
greedy|2019|7000|all,20 chosen for continuity on 2019,2019,roro,665,28750,0.681203007518797
greedy|2019|7000|all,20 chosen for continuity on 2019,2019,roro,665,29000,0.687218045112782
greedy|2019|7000|all,20 chosen for continuity on 2019,2019,roro,665,29250,0.6947368421052632
greedy|2019|7000|all,20 chosen for continuity on 2019,2019,roro,665,29500,0.7007518796992481
greedy|2019|7000|all,20 chosen for continuity on 2019,2019,roro,665,29750,0.7037593984962406
greedy|2019|7000|all,20 chosen for continuity on 2019,2019,roro,665,30000,0.7052631578947368
