train_year,eval_year,n_ports,vessel_group,covered_share_greedy,covered_share_volume,feasible_share_greedy,feasible_share_volume,feasible_share_w_greedy,feasible_share_w_volume,feasible_gap,in_sample
2018,2018,5,all,0.0956531971063183,0.0874411248571995,0.0463182897862232,0.0508788598574821,0.0166863637840177,0.0204105447029155,-0.0045605700712588945,True
2018,2018,5,bulk,0.0635029553471061,0.0564859997055069,0.0324280028096464,0.0312573167876375,0.0110229433774594,0.0105538743549367,0.0011706860220089058,True
2018,2018,5,container,0.1460859995621508,0.1476725957677061,0.0627802690582959,0.0884048686739269,0.0289523228989241,0.040975944707183,-0.025624599615631002,True
2018,2018,5,gas,0.0645670030963439,0.0522445966003754,0.0331125827814569,0.0312204351939451,0.0041449971068265,0.0036582631009422,0.0018921475875118,True
2018,2018,5,general,0.0677749005602963,0.0756187342883634,0.0340557275541795,0.047766475011057,0.0081852457241696,0.0143430601982409,-0.013710747456877496,True
2018,2018,5,roro,0.0713608163905525,0.0579812335204202,0.0234948604992657,0.0234948604992657,0.0080186934689142,0.0083194346041913,0.0,True
2018,2018,5,tanker,0.1296226741901649,0.1055188742397207,0.0694263968813811,0.0688695006497122,0.0154753738905611,0.0143461833627223,0.0005568962316688936,True
2018,2018,10,all,0.1778443414937507,0.1372107124672581,0.0691686460807601,0.0709263657957244,0.0403961847171031,0.0364088175953824,-0.001757719714964301,True
2018,2018,10,bulk,0.1021111052956101,0.0696039242856891,0.03816436431749,0.0361741980800749,0.013154107491523,0.0128966422532408,0.001990166237415096,True
2018,2018,10,container,0.2965961231769678,0.2263115715488087,0.1326073030108904,0.1418962203715567,0.0781874125263471,0.0683648258606818,-0.009288917360666282,True
2018,2018,10,gas,0.1356224581723918,0.1257770376397254,0.0501419110690633,0.0671712393566698,0.0318280422274161,0.0313292289883759,-0.017029328287606497,True
2018,2018,10,general,0.1390900697765061,0.1307871010010582,0.0495356037151702,0.0610349402919062,0.0249894721683282,0.0289039483575327,-0.011499336576736005,True
2018,2018,10,roro,0.1588164688535553,0.1158293805640399,0.0411160058737151,0.0381791483113069,0.0212051876554054,0.020185201681497,0.0029368575624081975,True
2018,2018,10,tanker,0.2289516402998448,0.1804853889858472,0.0970855763875997,0.0939298310748097,0.0307121653529519,0.0265344309569684,0.00315574531278999,True
2018,2018,20,all,0.284796341767003,0.2423259974444235,0.1112589073634204,0.1085035629453681,0.0935289033036467,0.0608785779596862,0.002755344418052294,True
2018,2018,20,bulk,0.1465275306709614,0.1525823363591744,0.0468274408803558,0.0579489580894404,0.0172030391957295,0.0228606281401284,-0.011121517209084601,True
2018,2018,20,container,0.5172563194808343,0.3858728318817558,0.2805893657911595,0.2354260089686098,0.220757518691943,0.1190013579829187,0.04516335682254971,True
2018,2018,20,gas,0.2300588648782501,0.1884218828481302,0.0879848628192999,0.0785241248817407,0.0441445784344083,0.035379555699661,0.009460737937559208,True
2018,2018,20,general,0.254760554717868,0.2673587005714565,0.0999557717823971,0.1203007518796992,0.0480220667622031,0.0651431837357435,-0.020344980097302096,True
2018,2018,20,roro,0.2896090284945815,0.1943812685374335,0.0543318649045521,0.0631424375917768,0.0265740749144663,0.033530393590122,-0.008810572687224703,True
2018,2018,20,tanker,0.3305025478026521,0.2767102389659415,0.1317987748282903,0.1217746426582513,0.0494909153924013,0.0402205825693116,0.010024132170039002,True
2018,2018,50,all,0.4765083121281118,0.3875540241715545,0.19458432304038,0.1840855106888361,0.1784381069768948,0.1323824098116723,0.010498812351543901,True
2018,2018,50,bulk,0.33898247332446,0.2655187325873593,0.0803090611098103,0.0867478342308592,0.0353915315136392,0.0406546272217984,-0.006438773121048902,True
2018,2018,50,container,0.7387640224897137,0.5699837160436306,0.4964766175528507,0.4071108263933376,0.4167641387536664,0.2694217759228387,0.0893657911595131,True
2018,2018,50,gas,0.330257583029995,0.3015074584265095,0.1286660359508041,0.130558183538316,0.0530099922490477,0.0576534063475484,-0.001892147587511911,True
2018,2018,50,general,0.4620059022899733,0.4049052714447405,0.18796992481203,0.2295444493586908,0.1168593140411779,0.1335746240138555,-0.0415745245466608,True
2018,2018,50,roro,0.4716004159065712,0.3937534021754014,0.0998531571218795,0.1541850220264317,0.0549972241742724,0.0828703018159967,-0.05433186490455219,True
2018,2018,50,tanker,0.5136847006994504,0.4406082253681899,0.2285130870614442,0.2043809170224614,0.1069855887882563,0.0926552799702258,0.024132170038982798,True
2018,2019,5,all,0.0953152325866718,0.0862219878159695,0.0369670038763354,0.0426396898931644,0.0146215519655028,0.0182449104491316,-0.005672686016829,False
2018,2019,5,bulk,0.0670898600572417,0.0586867225740937,0.0253458900127892,0.0254621555633065,0.0082742808323824,0.0081146734682735,-0.00011626555051729923,False
2018,2019,5,container,0.1332863232201148,0.1390679111105082,0.0624178712220762,0.0896846254927726,0.0279243105491172,0.0396773914488456,-0.027266754270696407,False
2018,2019,5,gas,0.0628975758289351,0.0485011415985963,0.0293333333333333,0.0293333333333333,0.0042872897980704,0.0041196224068576,0.0,False
2018,2019,5,general,0.0679289425227748,0.074441775140586,0.0246238030095759,0.0383036935704514,0.0091961910954838,0.0155403348535077,-0.013679890560875502,False
2018,2019,5,roro,0.0730047078894853,0.0595081730196462,0.0270676691729323,0.0270676691729323,0.0093743241762718,0.010371543669504,0.0,False
2018,2019,5,tanker,0.1353220929666301,0.1084691376596015,0.0486789721317408,0.0497647484618168,0.0121203820913057,0.0114120686189754,-0.0010857763300759979,False
2018,2019,10,all,0.1807936790150959,0.1355041972805039,0.0580977592890233,0.0596104755601777,0.0348749731811083,0.0310417298951694,-0.0015127162711544018,False
2018,2019,10,bulk,0.1108627589668998,0.0707807774611662,0.0287175909777932,0.0286013254272759,0.0096074385835702,0.0095251631049655,0.00011626555051729923,False
2018,2019,10,container,0.2892340800497934,0.2196544325055034,0.1366622864651774,0.1419185282522996,0.0794680035158051,0.0692451651416989,-0.005256241787122196,False
2018,2019,10,gas,0.1300510827524591,0.1101612720524626,0.04,0.0524444444444444,0.0106591221197026,0.0122143906841028,-0.012444444444444397,False
2018,2019,10,general,0.1380582416800022,0.1250103670849742,0.037391700866393,0.0483356133150934,0.019693354171692,0.0238668205516276,-0.010943912448700403,False
2018,2019,10,roro,0.1685878021146831,0.120478902970736,0.0526315789473684,0.0481203007518797,0.0260741312705623,0.0214388571620324,0.004511278195488695,False
2018,2019,10,tanker,0.2393753346193969,0.1868185366241505,0.0731089395584509,0.0698516105682229,0.0238020247979676,0.0196070849412109,0.0032573289902280006,False
2018,2019,20,all,0.2918963350435564,0.2447993490653776,0.097144748038196,0.0952065803157795,0.0832486434686036,0.0519119593162083,0.0019381677224165061,False
2018,2019,20,bulk,0.1574113686671731,0.1647446678257136,0.0389489594233228,0.0503429833740262,0.0131653437009876,0.0194876101990013,-0.011394023950703401,False
2018,2019,20,container,0.5176245520679319,0.3699857216655299,0.2752956636005256,0.2207621550591327,0.2213642700700787,0.1123829783889013,0.05453350854139291,False
2018,2019,20,gas,0.2231927281308376,0.1737010912809909,0.0737777777777777,0.0631111111111111,0.0196876798577874,0.0144395525908061,0.010666666666666602,False
2018,2019,20,general,0.2669192566479459,0.2720881131392578,0.0880072959416324,0.1103511171910624,0.0415241458875581,0.056942944806556,-0.022343821249430004,False
2018,2019,20,roro,0.30971742244981,0.2039575429167415,0.0646616541353383,0.0676691729323308,0.0304173070472053,0.0345266379900584,-0.0030075187969925005,False
2018,2019,20,tanker,0.3494230259338644,0.2904166014102473,0.101882012305465,0.099710459645313,0.0364270578558714,0.0328145957434986,0.0021715526601519958,False
2018,2019,50,all,0.4890873823223096,0.3960276195277314,0.1798714191169518,0.171409662475182,0.1672977801226327,0.1209794902311785,0.008461756641769791,False
2018,2019,50,bulk,0.3606821036283955,0.2769751782229659,0.0705731891640507,0.0783629810487152,0.030559383368098,0.0369287994936665,-0.007789791884664499,False
2018,2019,50,container,0.7476094665005792,0.5746512632835754,0.4908015768725361,0.4027595269382391,0.429910993780872,0.2654812065282895,0.08804204993429704,False
2018,2019,50,gas,0.3245149945220087,0.2991665470194182,0.12,0.1217777777777777,0.0286836540361618,0.0371345385170843,-0.0017777777777776976,False
2018,2019,50,general,0.4732743397595957,0.412038009786751,0.1623347013223894,0.2088463292293661,0.0942928317868756,0.120102211431328,-0.046511627906976716,False
2018,2019,50,roro,0.4805659041453451,0.4106653828346831,0.0932330827067669,0.1308270676691729,0.0514166421610323,0.0699845108259046,-0.037593984962406,False
2018,2019,50,tanker,0.5378452166390972,0.4609158757177634,0.2082880926529135,0.1889250814332247,0.0939933943380088,0.0854687623580209,0.019363011219688808,False
2018,2020,5,all,0.096529773001383,0.0892954542193243,0.0357899585444495,0.0419161676646706,0.0152556590508822,0.0195422697289291,-0.0061262091202210975,False
2018,2020,5,bulk,0.063608360729104,0.0555523515427851,0.0199821388702835,0.0198705068095557,0.0067153182888554,0.0065291227851364,0.00011163206072780166,False
2018,2020,5,container,0.1451971103093716,0.1564297611544425,0.0648442466624284,0.0937698664971392,0.0318666899567864,0.0452994328889231,-0.0289256198347108,False
2018,2020,5,gas,0.0527808632672955,0.0394834417157851,0.0204778156996587,0.0204778156996587,0.0014124752958172,0.0010421145823736,0.0,False
2018,2020,5,general,0.0722662920217004,0.0814075534109203,0.0253807106598984,0.0419935394554683,0.0091356903070787,0.0171874862640732,-0.016612828795569898,False
2018,2020,5,roro,0.0737194319115767,0.0630206604934033,0.0240384615384615,0.0240384615384615,0.0121275225318065,0.0121739277869334,0.0,False
2018,2020,5,tanker,0.1402364734570446,0.1144998491178049,0.0531632110579479,0.0544036859826333,0.013258761264332,0.0134641381685381,-0.001240474924685403,False
2018,2020,10,all,0.1820035265895946,0.136782468470884,0.055688622754491,0.0569322892676186,0.0356733491036545,0.0313185106410775,-0.0012436665131276003,False
2018,2020,10,bulk,0.1108891213589458,0.0682610190591979,0.0226613083277517,0.0228845724492074,0.0076170027527311,0.0079844090708227,-0.00022326412145570046,False
2018,2020,10,container,0.2971184171318896,0.2341944025799886,0.1331849968213604,0.1395422759059122,0.0847485788610329,0.0726578071968487,-0.0063572790845518035,False
2018,2020,10,gas,0.1129310409452773,0.0873124458286255,0.0324232081911262,0.0392491467576791,0.0054229627440043,0.0069372165253692,-0.0068259385665528985,False
2018,2020,10,general,0.1445897101534849,0.1335290024949218,0.0378403322565759,0.0512228887863405,0.0213375886460994,0.0286651723692981,-0.013382556529764604,False
2018,2020,10,roro,0.1716606235429254,0.1188158261773956,0.0416666666666666,0.0400641025641025,0.0286714116987874,0.0239713706446232,0.0016025641025641038,False
2018,2020,10,tanker,0.2471961027454871,0.1944400095122509,0.0781499202551834,0.0726563884458621,0.0266889948977899,0.0210670986765214,0.0054935318093213,False
2018,2020,20,all,0.2878869657670485,0.2458892879163273,0.0924458774758175,0.0923537540304007,0.0777782137635786,0.0529414049784187,9.212344541680018e-05,False
2018,2020,20,bulk,0.1577708402326157,0.1643230229403813,0.0310337128823398,0.0430899754409466,0.0103460817577444,0.0163258109962899,-0.012056262558606801,False
2018,2020,20,container,0.5134062772347328,0.379922462030224,0.2577876668785759,0.2260012714558169,0.2054357573904454,0.1210536778312823,0.03178639542275902,False
2018,2020,20,gas,0.2079899986129728,0.1555914503825949,0.0605802047781569,0.0503412969283276,0.0153769028420655,0.0098620436433795,0.010238907849829296,False
2018,2020,20,general,0.267808024996822,0.2735416804865923,0.0950622981079833,0.1102907245039224,0.0475004190345278,0.0567198180829982,-0.01522842639593909,False
2018,2020,20,roro,0.3060856495988567,0.210062735560646,0.0544871794871794,0.0576923076923076,0.0336733494025628,0.0355717423397446,-0.0032051282051282007,False
2018,2020,20,tanker,0.354306538705033,0.2986926456445066,0.1075668970405812,0.1017189438242069,0.0405452947838804,0.0343262208210576,0.0058479532163742964,False
2018,2020,50,all,0.480632051745139,0.3921973796467063,0.1713956701980654,0.1618608935974205,0.1565818224151012,0.114562833826918,0.00953477660064489,False
2018,2020,50,bulk,0.3602865550267689,0.2784434963290589,0.0622906898861353,0.0670908684974324,0.0291388685070672,0.0316406656384023,-0.0048001786112970984,False
2018,2020,50,container,0.7395965043321688,0.5745721164429609,0.459631277813096,0.3823903369357915,0.398714216898524,0.2544066354809362,0.07724094087730449,False
2018,2020,50,gas,0.2994801144137923,0.2794252607783614,0.1049488054607508,0.1075085324232082,0.0233180194252175,0.029066965166236,-0.00255972696245739,False
2018,2020,50,general,0.463630162148557,0.4044580288260224,0.1527457314259344,0.1942778034148592,0.0863780816656825,0.1097385779039794,-0.04153207198892481,False
2018,2020,50,roro,0.4735478578151975,0.3988861520217895,0.0897435897435897,0.1298076923076923,0.0573558006133536,0.0782659824315449,-0.04006410256410259,False
2018,2020,50,tanker,0.5352720392898345,0.4662360583239652,0.213893319156477,0.1917419812156654,0.0984875068065995,0.0879039924483075,0.02215133794081159,False
2018,2021,5,all,0.09348980534194,0.0831479461130571,0.0291416460614623,0.033954433062522,0.0132188419969039,0.016815279079749,-0.0048127870010597,False
2018,2021,5,bulk,0.0563704951497032,0.0431048060333655,0.0126444299106169,0.0120994113799869,0.0048331785430232,0.0047565099713398,0.0005450185306299996,False
2018,2021,5,container,0.1402720820502892,0.1487523851757805,0.0448326055312954,0.0716157205240174,0.0231113383591751,0.0343564996147878,-0.026783114992722006,False
2018,2021,5,gas,0.0488558830129728,0.0332985674130404,0.0154597233523189,0.0146460537021969,0.0024662835498774,0.0024205669843531,0.0008136696501219991,False
2018,2021,5,general,0.0697870851652075,0.0691205647313537,0.0142081069786878,0.0254910154617634,0.0039980350696534,0.0082831219085747,-0.0112829084830756,False
2018,2021,5,roro,0.0670921782262127,0.0516869415532233,0.0170807453416149,0.015527950310559,0.0066275509166244,0.0067359618547342,0.0015527950310559,False
2018,2021,5,tanker,0.1464877325840493,0.1223348397290602,0.0564697730815867,0.0559501125931058,0.0197157728201048,0.0191965986977355,0.0005196604884808997,False
2018,2021,10,all,0.1757458318978904,0.1292924447655004,0.0483486400565171,0.0492317202401978,0.0311933929458496,0.0271729446345156,-0.000883080183680697,False
2018,2021,10,bulk,0.1003032586158454,0.054203910261085,0.014388489208633,0.014061478090255,0.0056152076685579,0.0055571159602681,0.0003270111183780004,False
2018,2021,10,container,0.2807129331216577,0.2207389609916477,0.1080058224163027,0.1158660844250363,0.0652861434055799,0.0556835356701927,-0.007860262008733604,False
2018,2021,10,gas,0.1013432594121252,0.0807399943574771,0.0244100895036615,0.0301057770545158,0.0055471732183766,0.0065008918276275,-0.0056956875508542976,False
2018,2021,10,general,0.14699615548822,0.1219814734637174,0.0242373589636439,0.0355202674467196,0.0131095340316441,0.0181784511161957,-0.011282908483075699,False
2018,2021,10,roro,0.1676646995904598,0.1084035057936304,0.0357142857142857,0.0326086956521739,0.0206514704425919,0.0199486866466525,0.0031055900621118,False
2018,2021,10,tanker,0.2510875678632506,0.2014724580644752,0.0833188983197644,0.0770829724579941,0.0360324210648798,0.0293451842888413,0.006235925861770297,False
2018,2021,20,all,0.2845506006589917,0.2358852201131732,0.0838926174496644,0.0830536912751677,0.0717061248001431,0.0485917772243649,0.0008389261744967125,False
2018,2021,20,bulk,0.1509355888398328,0.1463446630993289,0.0216917375190756,0.0295400043601482,0.0083717100974364,0.0122043623760346,-0.0078482668410726,False
2018,2021,20,container,0.4918431095278724,0.3582344948294663,0.229985443959243,0.2005822416302765,0.1756181991863356,0.1024154455086557,0.02940320232896651,False
2018,2021,20,gas,0.1917033996952056,0.1463055503176546,0.0504475183075671,0.0390561432058584,0.0123617116291733,0.0086968057514106,0.0113913751017087,False
2018,2021,20,general,0.2697929626279295,0.2751387388483997,0.070622649394066,0.0902632678646051,0.0340493415319655,0.0493780693488144,-0.019640618470539106,False
2018,2021,20,roro,0.3085171948607481,0.2019958892749607,0.0543478260869565,0.0590062111801242,0.0278389492114943,0.0303213366504135,-0.004658385093167704,False
2018,2021,20,tanker,0.3614363536626922,0.3017565979921247,0.1117270050233847,0.1072232807898839,0.0516467164181779,0.0436374682368752,0.004503724233500803,False
2018,2021,50,all,0.4754328934129611,0.3878747940063931,0.1616036736135641,0.1529494878134934,0.1482028686542411,0.109838231869411,0.008654185800070685,False
2018,2021,50,bulk,0.3479001978435862,0.2686425241889296,0.0458905602790494,0.0509047307608458,0.0243146995711571,0.0264042602502774,-0.0050141704817964,False
2018,2021,50,container,0.7191857310266561,0.558704186532769,0.4328966521106259,0.3569141193595342,0.3546608516495147,0.2301766410271244,0.07598253275109168,False
2018,2021,50,gas,0.2734829034753293,0.2543604320118231,0.0789259560618388,0.081366965012205,0.0183845763281527,0.0214713396131073,-0.002441008950366197,False
2018,2021,50,general,0.4735261949349627,0.4151129409619326,0.1391558712912662,0.1805265357292102,0.0873254321515459,0.1034009255626683,-0.041370664437944016,False
2018,2021,50,roro,0.4741305022483565,0.4027381501031514,0.0822981366459627,0.1381987577639751,0.049338848151072,0.0772876939099988,-0.05590062111801242,False
2018,2021,50,tanker,0.5439495848526132,0.4713823870045109,0.2198163866274034,0.199203187250996,0.1120986958655037,0.1015028200422619,0.020613199376407404,False
2018,2022,5,all,0.1079300540024468,0.0975180975153754,0.033916226108174,0.0407076047173647,0.0172393675385512,0.0233247015741295,-0.006791378609190699,False
2018,2022,5,bulk,0.0649272053879018,0.0508717641382307,0.01827276439363,0.0176602694977541,0.0072834364306894,0.0071919674970115,0.0006124948958758994,False
2018,2022,5,container,0.1721358034222035,0.1818933056066467,0.0549610894941634,0.0907101167315175,0.0322676798099953,0.0506540773004714,-0.035749027237354104,False
2018,2022,5,gas,0.05489390312542,0.0404619373628847,0.016419077404222,0.014855355746677,0.0029322743992049,0.0027019735567372,0.001563721657545,False
2018,2022,5,general,0.0705515191688662,0.0764340174787858,0.0180353031465848,0.0318495778971604,0.0079589783937369,0.0133680058752667,-0.0138142747505756,False
2018,2022,5,roro,0.0624537124999979,0.0433370454966874,0.0068027210884353,0.0054421768707482,0.0009438940207386,0.0009529712416142,0.0013605442176871,False
2018,2022,5,tanker,0.1568649807320476,0.1275327870242407,0.0587264929066314,0.057571758495546,0.0193818307617202,0.0183036617456043,0.0011547344110853994,False
2018,2022,10,all,0.1901156425555709,0.1424359699900562,0.0535583570557137,0.057055713704758,0.0347046922559835,0.0340860380260853,-0.0034973566490443045,False
2018,2022,10,bulk,0.1097195838193271,0.0642470740992309,0.0213352388730093,0.0211310739077174,0.0084041975944242,0.0089408682871507,0.00020416496529189823,False
2018,2022,10,container,0.2945793339973754,0.2402651755099622,0.1155155642023346,0.1308365758754864,0.072109102477696,0.0723140429202962,-0.015321011673151794,False
2018,2022,10,gas,0.1164726966296573,0.0983650518491571,0.0265832681782642,0.035965598123534,0.0043516665043085,0.0058591255042003,-0.009382329945269798,False
2018,2022,10,general,0.1418113109706265,0.1212525863247129,0.0272448196469685,0.0414428242517267,0.0156757220483163,0.0202773140892484,-0.014198004604758199,False
2018,2022,10,roro,0.1655701485106369,0.105541241079333,0.0258503401360544,0.0285714285714285,0.0147454936659617,0.0160276257735522,-0.0027210884353741013,False
2018,2022,10,tanker,0.2673427252599637,0.2045593975285303,0.0839656878917849,0.079676674364896,0.033654736012235,0.027266396479398,0.004289013526888888,False
2018,2022,20,all,0.3011123456394083,0.2530692996845521,0.0945506303375355,0.0995526636844245,0.0757190580025129,0.0605203359589593,-0.005002033346889007,False
2018,2022,20,bulk,0.1640355699173834,0.1601290876775322,0.0295018374846876,0.0432829726418946,0.010568986664587,0.0176148671461971,-0.013781135157207004,False
2018,2022,20,container,0.4894782939761549,0.3762265020515728,0.2383268482490272,0.2285992217898832,0.1757776122416608,0.1279798795298802,0.00972762645914399,False
2018,2022,20,gas,0.2139996544853287,0.1648762689838316,0.0570758405003909,0.0484753713838936,0.0137771482082847,0.0082638672214275,0.008600469116497297,False
2018,2022,20,general,0.2654356032419945,0.2826720409333503,0.0775134305448963,0.1047582501918649,0.0367215387807996,0.0539585685123793,-0.027244819646968593,False
2018,2022,20,roro,0.3067961687659675,0.202123234137751,0.0544217687074829,0.0598639455782312,0.0258039696612809,0.0284537350375727,-0.0054421768707483,False
2018,2022,20,tanker,0.3789933072915369,0.3094084261294621,0.1222368855163312,0.1162982514021775,0.0515043074158659,0.0438194111455335,0.005938634114153699,False
2018,2022,50,all,0.4975060010415564,0.4110854638061317,0.18332655551037,0.1754778365189101,0.1602135463636387,0.12486731700641,0.007848718991459891,False
2018,2022,50,bulk,0.3709129793498976,0.2907986097783069,0.064822376480196,0.0688035933033891,0.03108071164903,0.0333841187716097,-0.003981216823193107,False
2018,2022,50,container,0.7117818513991855,0.5629243568983904,0.446011673151751,0.3810797665369649,0.360340962732146,0.253720209997782,0.0649319066147861,False
2018,2022,50,gas,0.3060871809347696,0.2865785680708856,0.0961688819390148,0.0953870211102423,0.0232829296834449,0.0257783488102507,0.0007818608287724904,False
2018,2022,50,general,0.4725249762492611,0.4383173772292976,0.1584804297774366,0.2225633154259401,0.0964203461267288,0.1263157467483449,-0.06408288564850351,False
2018,2022,50,roro,0.4683041897294925,0.3919657976824777,0.0829931972789115,0.1319727891156462,0.0385339364697145,0.0669682369251549,-0.0489795918367347,False
2018,2022,50,tanker,0.5665769650011542,0.4897323817573945,0.2378752886836027,0.2103266248762784,0.1190926622985484,0.1016128174197747,0.027548663807324292,False
2018,2023,5,all,0.1150650731805309,0.1054308463549758,0.034043932884818,0.0408527194617816,0.0188937888494445,0.0256720717145243,-0.006808786576963599,False
2018,2023,5,bulk,0.0746934891960621,0.060120642366158,0.0190699571690801,0.0187640220273302,0.0075106721224626,0.0075326350413566,0.00030593514174990025,False
2018,2023,5,container,0.1832284982271933,0.199149458137723,0.0610668597634564,0.0963070238957277,0.0396310960984453,0.0612521708448738,-0.0352401641322713,False
2018,2023,5,gas,0.0568887425432005,0.0411374376153372,0.0155884645362431,0.0140296180826188,0.0025332295187333,0.0023233363206497,0.0015588464536243005,False
2018,2023,5,general,0.0882737779020546,0.0979056437346656,0.0171473109898675,0.034294621979735,0.0089540633557063,0.0172200361535865,-0.0171473109898675,False
2018,2023,5,roro,0.0612467846255952,0.0482420434843713,0.0134952766531713,0.0053981106612685,0.0023613672999606,0.0014527097225705,0.0080971659919028,False
2018,2023,5,tanker,0.1547057282869218,0.1216657432900696,0.0531377343113284,0.0513447432762836,0.0164601480708241,0.0145595578152655,0.0017929910350448011,False
2018,2023,10,all,0.2014719748841322,0.1488117373644339,0.0537002512766474,0.0575099294804247,0.0357956944379417,0.0380332370603527,-0.0038096782037773044,False
2018,2023,10,bulk,0.131808465021544,0.0725879959974804,0.0225372221089129,0.0221293085865796,0.0089956903869167,0.0092011918233159,0.0004079135223332975,False
2018,2023,10,container,0.3024164173142873,0.2605284288026768,0.1180304127443881,0.1370987207337678,0.0780097093607709,0.0870182468892644,-0.01906830798937971,False
2018,2023,10,gas,0.1082267607051059,0.0887132916022123,0.024941543257989,0.0319563522992985,0.0042826164058546,0.0058468016286174,-0.007014809041309505,False
2018,2023,10,general,0.1605342904494652,0.1407642068699947,0.0265003897116134,0.0397505845674201,0.0185822011591561,0.0225868971136365,-0.013250194855806703,False
2018,2023,10,roro,0.1618475629664818,0.109256428309596,0.0350877192982456,0.0256410256410256,0.0193440631928661,0.0166482668495931,0.00944669365722,False
2018,2023,10,tanker,0.2712975587627051,0.1946483169107066,0.0797066014669926,0.0769356153219233,0.030424172275273,0.0260990086089599,0.002770986145069293,False
2018,2023,20,all,0.3103294792235741,0.2633336670647971,0.0970657372132609,0.1024154980951609,0.0745101621528876,0.0653024417316879,-0.005349760881900006,False
2018,2023,20,bulk,0.1830306581807171,0.1820125246966061,0.0359983683459106,0.0467060983071588,0.0140990743160948,0.019170038111896,-0.010707729961248198,False
2018,2023,20,container,0.502458635230317,0.3932181710747565,0.2341298575911175,0.2314747767318368,0.1762585371340637,0.1458109493116369,0.0026550808592807063,False
2018,2023,20,gas,0.1996960361489534,0.1573754530271525,0.0498830865159781,0.0537802026500389,0.0113964531233923,0.011067920627536,-0.0038971161340607963,False
2018,2023,20,general,0.2796399048686439,0.2979506192110977,0.0904130943102104,0.1137957911145752,0.0440163966173315,0.0601057847661022,-0.023382696804364805,False
2018,2023,20,roro,0.3017485662461523,0.2040025554869103,0.0553306342780027,0.0674763832658569,0.0282056983701101,0.0339755851181911,-0.012145748987854206,False
2018,2023,20,tanker,0.3788669170775545,0.300507320439173,0.1198044009779951,0.1139364303178484,0.048527957023357,0.0396929069856261,0.005867970660146701,False
2018,2023,50,all,0.501592931199127,0.4222622927594876,0.1847693928831968,0.1791764610521196,0.1544527484118809,0.1243059002752848,0.0055929318310772025,False
2018,2023,50,bulk,0.381582251309723,0.3120617773433649,0.0734244340199877,0.077707526004487,0.0356654892791999,0.0389551542045167,-0.00428309198449929,False
2018,2023,50,container,0.724407257485421,0.584499829764831,0.4366401158580739,0.3779869659666908,0.3550221118671162,0.2570351670066034,0.058653149891383094,False
2018,2023,50,gas,0.2888511339164392,0.2734493409359187,0.1060015588464536,0.1060015588464536,0.0254375681240517,0.0269274150827602,0.0,False
2018,2023,50,general,0.4880971255643089,0.4431925396388115,0.1671862821512081,0.2221356196414653,0.095578561498928,0.1278351063071466,-0.05494933749025721,False
2018,2023,50,roro,0.4460170991452039,0.3935544328849671,0.0863697705802968,0.1376518218623481,0.0412392674008358,0.0680630696147385,-0.051282051282051294,False
2018,2023,50,tanker,0.5612705924032977,0.4880799075256682,0.228361858190709,0.2094539527302363,0.1095529843464495,0.0967629043960569,0.018907905460472718,False
2018,2024,5,all,0.0993513857090556,0.1010430905698564,0.0355980030388539,0.0408942912958541,0.0189948954504561,0.0247309893718632,-0.005296288257000195,False
2018,2024,5,bulk,0.067813065560418,0.0594919621209006,0.0162966203653067,0.0160778737832221,0.0064362934816796,0.0064066702767572,0.0002187465820845981,False
2018,2024,5,container,0.1509172008658948,0.1800587278335299,0.0570824524312896,0.0869450317124735,0.0364149792263162,0.0551463993773986,-0.029862579281183903,False
2018,2024,5,gas,0.0443009890182968,0.0431240163140764,0.0135478408128704,0.012701100762066,0.0027975747408831,0.0026042098074485,0.0008467400508043992,False
2018,2024,5,general,0.0773902523141072,0.0917639246582786,0.0204666393778141,0.0327466230045026,0.0088137439194644,0.016441243859932,-0.012279983626688501,False
2018,2024,5,roro,0.0476610559356304,0.0512257778394345,0.0172413793103448,0.0114942528735632,0.0057754341979927,0.0067970681533491,0.0057471264367816004,False
2018,2024,5,tanker,0.1398016340572968,0.1266379976839053,0.0651347615756738,0.0627159640635798,0.0232614890393024,0.0215843858697708,0.0024187975120940064,False
2018,2024,10,all,0.1671412401630146,0.1431735680550584,0.0556544388973301,0.0573041024527892,0.0346499149383394,0.0361707495127805,-0.001649663555459098,False
2018,2024,10,bulk,0.1145816899882221,0.0708518651687367,0.0194684458055342,0.0187028327682379,0.0076661002256222,0.00754218342633,0.0007656130372962998,False
2018,2024,10,container,0.2485783978931663,0.2410730024630137,0.111522198731501,0.1242071881606765,0.069476244737793,0.0781239178585189,-0.012684989429175494,False
2018,2024,10,gas,0.073386930199997,0.0886301283906631,0.0245554614733276,0.0330228619813717,0.0057675417400416,0.006262597227755,-0.0084674005080441,False
2018,2024,10,general,0.1369351549247602,0.1319238008345571,0.0302906262791649,0.0421612771182971,0.0195046725120103,0.0281920923676388,-0.011870650839132198,False
2018,2024,10,roro,0.1161098993539011,0.1027094408617027,0.0344827586206896,0.0258620689655172,0.0182633845398276,0.0178614708549078,0.0086206896551724,False
2018,2024,10,tanker,0.2293151374581914,0.2009737020230984,0.0958880442294402,0.0896682791983414,0.0409164226065934,0.0339237559871017,0.006219765031098792,False
2018,2024,20,all,0.2608513039484775,0.2422352068595324,0.0941176470588235,0.100976774473627,0.0667975534024905,0.063693804669723,-0.006859127414803504,False
2018,2024,20,bulk,0.1559324435593762,0.1665887997702037,0.0301870283276823,0.0432024499617193,0.0109870274995794,0.0167281494000447,-0.013015421634037,False
2018,2024,20,container,0.4252295983126232,0.3646885691328383,0.2161733615221987,0.2130021141649048,0.1534569373107562,0.139244271322213,0.003171247357293905,False
2018,2024,20,gas,0.1413687380149242,0.1380753127139511,0.0482641828958509,0.0533446232006773,0.0097502992095143,0.0098123779099054,-0.005080440304826399,False
2018,2024,20,general,0.2447946108333271,0.2742072872185939,0.09250920998772,0.1162505116659844,0.0516824347630427,0.0698225147853178,-0.023741301678264395,False
2018,2024,20,roro,0.2447811166437933,0.1716620189810993,0.0517241379310344,0.0617816091954023,0.0281643899374778,0.0347972979529008,-0.010057471264367901,False
2018,2024,20,tanker,0.3252834882233985,0.2851112231543666,0.1304422944022114,0.1269868693849343,0.0554855003666328,0.0485027491200136,0.0034554250172770806,False
2018,2024,50,all,0.449963189384472,0.3746902982034632,0.1739960929021055,0.1738658563056218,0.1343339643328824,0.1142175310524991,0.00013023659648370156,False
2018,2024,50,bulk,0.3462374620634771,0.2790772162015402,0.0693426665208356,0.0726238652521054,0.0319157245771616,0.0340435572355014,-0.0032811987312698077,False
2018,2024,50,container,0.6501530085764639,0.5232234398746561,0.3921775898520084,0.358615221987315,0.3025097258088567,0.2319401196838389,0.03356236786469341,False
2018,2024,50,gas,0.2248363063557182,0.2107283409609015,0.1016088060965283,0.1033022861981371,0.0218744053988098,0.0251644562865994,-0.001693480101608802,False
2018,2024,50,general,0.4543816441848873,0.4090946587074341,0.1694637740483012,0.2275890298812934,0.1081885211921589,0.1414049207753571,-0.05812525583299219,False
2018,2024,50,roro,0.4053152319425523,0.3248806736905824,0.0775862068965517,0.1120689655172413,0.0448711954235948,0.0603107221728158,-0.0344827586206896,False
2018,2024,50,tanker,0.5066533819351831,0.438867408534066,0.2249481686247408,0.2121630960608155,0.1076844300989217,0.1000621991608321,0.012785072563925304,False
2018,2025,5,all,0.0971596595253445,0.0990305489295434,0.0377618760237951,0.0420725924648676,0.0181573298558642,0.0229460500347048,-0.004310716441072504,False
2018,2025,5,bulk,0.0674541348697612,0.0620199755274902,0.0159819800493403,0.0152311487718545,0.0068316007919898,0.0066694784504227,0.0007508312774857986,False
2018,2025,5,container,0.1457599703929103,0.1704067704861862,0.0518094246290028,0.0791460557146576,0.0334795168634519,0.0491216220286243,-0.027336631085654803,False
2018,2025,5,gas,0.0459585838333163,0.0439209382461507,0.0219039595619208,0.0193765796124684,0.0039878615313548,0.003375322600254,0.0025273799494523984,False
2018,2025,5,general,0.0780540102442289,0.0895285276240309,0.0209790209790209,0.0329082682023858,0.0095653639271203,0.0166370188711263,-0.0119292472233649,False
2018,2025,5,roro,0.0408136506476566,0.0451783884556156,0.0179806362378976,0.0152143845089903,0.0049160132206597,0.004572928917574,0.002766251728907298,False
2018,2025,5,tanker,0.1376282414918868,0.125378160714843,0.0769365887932548,0.0730721939223607,0.0222619871508831,0.0209226759394989,0.0038643948708941,False
2018,2025,10,all,0.1617173044312327,0.140015264521944,0.0565565997068712,0.0571169928442107,0.0333646302574199,0.0339215653011386,-0.0005603931373395002,False
2018,2025,10,bulk,0.1113263333194957,0.0730001096679478,0.0196288748256998,0.0168400729378955,0.0082761772403198,0.007276607769355,0.0027888018878043028,False
2018,2025,10,container,0.2382919931111837,0.2272414139916726,0.1051809424629002,0.1181983858370216,0.0665955825635888,0.0721722105994937,-0.01301744337412139,False
2018,2025,10,gas,0.0717036438639717,0.0874636241038024,0.0311710193765796,0.0345408593091828,0.0075152756586161,0.007198660156438,-0.003369839932603199,False
2018,2025,10,general,0.1369164128236344,0.1320885568609493,0.0292060880296174,0.039489921842863,0.0173069147583267,0.0234492420125231,-0.010283833813245599,False
2018,2025,10,roro,0.1135671377086428,0.1033425615142829,0.0414937759336099,0.0414937759336099,0.020340610795366,0.0194796143797833,0.0,False
2018,2025,10,tanker,0.2229565947295163,0.199051891558677,0.1031090813279466,0.0960829088354119,0.0368588017788302,0.031660325835413,0.007026172492534705,False
2018,2025,20,all,0.2560915764452929,0.2384340789610675,0.0931976894559875,0.0973790844038279,0.0611559394502786,0.0584173866923211,-0.004181394947840408,False
2018,2025,20,bulk,0.1532149368542459,0.1677556958643409,0.0318566984876112,0.0412957202617183,0.0119046437863658,0.0164855397088665,-0.009439021774107104,False
2018,2025,20,container,0.4091222443890701,0.3484293070499707,0.2009893256964332,0.1986461858890914,0.1367393917187789,0.1246083519146421,0.0023431398073418264,False
2018,2025,20,gas,0.1405584542740398,0.13692282899464,0.0539174389216512,0.0522325189553496,0.0121487759592756,0.0118906984657005,0.0016849199663016012,False
2018,2025,20,general,0.2457438484277307,0.2681902774026906,0.0876182640888523,0.1024269847799259,0.0445371158165517,0.0549622203817869,-0.014808720691073599,False
2018,2025,20,roro,0.2528812440560175,0.1755138499645775,0.0594744121715076,0.0622406639004149,0.0265634354665608,0.028418486412314,-0.0027662517289073,False
2018,2025,20,tanker,0.3238015482816229,0.2853868522770018,0.1357807834182329,0.1326190057965923,0.0507507268437685,0.0467585733821993,0.0031617776216406046,False
2018,2025,50,all,0.4483680533958507,0.3712836192577972,0.1697129062850245,0.1708336925597034,0.1268336800391017,0.107413728505648,-0.0011207862746789032,False
2018,2025,50,bulk,0.3481399524542656,0.2785584678909448,0.0678965998069291,0.0722943258607744,0.0332729451072876,0.035333122908381,-0.004397726053845308,False
2018,2025,50,container,0.636850239360719,0.5074471589651101,0.3738609737047644,0.3379328299921895,0.2786693235617918,0.2096009597268116,0.03592814371257491,False
2018,2025,50,gas,0.2270324916511699,0.2135011911511126,0.101095197978096,0.1128896377422072,0.0248651491059775,0.030110034537573,-0.011794439764111195,False
2018,2025,50,general,0.4467617297604239,0.3978062192965934,0.1583710407239819,0.2064993829699712,0.0960723380106039,0.1234723236422269,-0.0481283422459893,False
2018,2025,50,roro,0.4192782649665924,0.337959455305784,0.0899031811894882,0.1203319502074688,0.0476292062487457,0.0598232805483636,-0.030428769017980598,False
2018,2025,50,tanker,0.5087489563140307,0.4426007356266689,0.2279992973827507,0.2227296680133497,0.101586024999729,0.0976293707719387,0.005269629369401008,False
2019,2018,5,all,0.0956531971063183,0.0741966889977473,0.0463182897862232,0.0486935866983372,0.0166863637840177,0.0207643759677571,-0.0023752969121139944,False
2019,2018,5,bulk,0.0635029553471061,0.0525403444723395,0.0324280028096464,0.0311402481854366,0.0110229433774594,0.0112665259426046,0.001287754624209804,False
2019,2018,5,container,0.1460859995621508,0.1542705243455817,0.0627802690582959,0.0951313260730301,0.0289523228989241,0.0440712499123262,-0.0323510570147342,False
2019,2018,5,gas,0.0645670030963439,0.0236631182799964,0.0331125827814569,0.0245979186376537,0.0041449971068265,0.0026072663864324,0.0085146641438032,False
2019,2018,5,general,0.0677749005602963,0.0696639922841767,0.0340557275541795,0.0490933215391419,0.0081852457241696,0.0145458948871127,-0.015037593984962398,False
2019,2018,5,roro,0.0713608163905525,0.0598022464224482,0.0234948604992657,0.0279001468428781,0.0080186934689142,0.0103303240144424,-0.0044052863436124,False
2019,2018,5,tanker,0.1296226741901649,0.0550886437459507,0.0694263968813811,0.0568034156302209,0.0154753738905611,0.0103429990012994,0.012622981251160195,False
2019,2018,10,all,0.1778443414937507,0.1298566484284236,0.0691686460807601,0.0707363420427553,0.0403961847171031,0.0331709280643495,-0.0015676959619952135,False
2019,2018,10,bulk,0.1021111052956101,0.071826650457176,0.03816436431749,0.0376960899086864,0.013154107491523,0.0136453748750683,0.0004682744088035998,False
2019,2018,10,container,0.2965961231769678,0.2203145421681625,0.1326073030108904,0.1383728379244074,0.0781874125263471,0.0669301936303302,-0.005765534913517001,False
2019,2018,10,gas,0.1356224581723918,0.101301046412158,0.0501419110690633,0.0586565752128666,0.0318280422274161,0.0085158771502418,-0.0085146641438033,False
2019,2018,10,general,0.1390900697765061,0.1133774451490365,0.0495356037151702,0.0601503759398496,0.0249894721683282,0.0218989457657414,-0.010614772224679402,False
2019,2018,10,roro,0.1588164688535553,0.0747027866479098,0.0411160058737151,0.0323054331864904,0.0212051876554054,0.0141557083142031,0.008810572687224696,False
2019,2018,10,tanker,0.2289516402998448,0.1721658952952147,0.0970855763875997,0.0956005197698162,0.0307121653529519,0.0264364414275862,0.0014850566177834895,False
2019,2018,20,all,0.2852601113577748,0.241667095406819,0.1114489311163895,0.1063182897862232,0.0839969598920801,0.0604329921621122,0.005130641330166302,False
2019,2018,20,bulk,0.1587838786068883,0.1478208417326155,0.0546710372278155,0.0550222430344181,0.0209789552782342,0.0221407076009082,-0.0003512058066025975,False
2019,2018,20,container,0.4968054773760459,0.3915585892217196,0.2552850736707239,0.2315823190262652,0.1871513644212253,0.1159461745596626,0.0237027546444587,False
2019,2018,20,gas,0.2333571767254949,0.1997916737901686,0.0889309366130558,0.0804162724692526,0.0442422942268627,0.0356553513618715,0.008514664143803197,False
2019,2018,20,general,0.256803341132321,0.2413307727847642,0.1034940291906236,0.0986289252543122,0.0514524357421745,0.0591068745487377,0.004865103936311399,False
2019,2018,20,roro,0.268945745133025,0.2012882678794228,0.0558002936857562,0.0631424375917768,0.0274486779941978,0.0334655760635455,-0.007342143906020601,False
2019,2018,20,tanker,0.3338097016629709,0.2829325309437465,0.1329125672916279,0.1288286615927232,0.0492059693762093,0.0450021015073562,0.004083905698904711,False
2019,2018,50,all,0.4748254587418807,0.3860684865093525,0.1929691211401425,0.1814726840855106,0.1749963057416411,0.1315321607557144,0.011496437054631908,False
2019,2018,50,bulk,0.3372779955815819,0.2660502848876657,0.0793725122922032,0.0872161086396628,0.034622045882025,0.0407830901997934,-0.007843596347459597,False
2019,2018,50,container,0.7395782747716976,0.5666951342180968,0.4948750800768738,0.3997437540038437,0.4071364236638553,0.268476926733208,0.0951313260730301,False
2019,2018,50,gas,0.3309462457390633,0.3006558691154546,0.1286660359508041,0.1267738883632923,0.0537488932221587,0.0564411627506796,0.0018921475875118,False
2019,2018,50,general,0.4659712826050829,0.4027097394963123,0.1959310039805396,0.2260061919504644,0.1196327528911443,0.1302899621703131,-0.03007518796992481,False
2019,2018,50,roro,0.4754591730096593,0.3829939550862278,0.1042584434654919,0.1336270190895741,0.0567009181493936,0.079104438247132,-0.02936857562408221,False
2019,2018,50,tanker,0.5053167508651537,0.4396153441291975,0.2207165398180805,0.202524596250232,0.1048907213843849,0.0919810420386086,0.018191943567848506,False
2019,2019,5,all,0.0953152325866718,0.073843627450281,0.0369670038763354,0.0402287983360121,0.0146215519655028,0.0180489550845014,-0.003261794459676705,True
2019,2019,5,bulk,0.0670898600572417,0.0544508245746236,0.0253458900127892,0.0266248110684804,0.0082742808323824,0.0090127586557608,-0.0012789210556912005,True
2019,2019,5,container,0.1332863232201148,0.1470680534238504,0.0624178712220762,0.0913272010512483,0.0279243105491172,0.0406055624435745,-0.028909329829172097,True
2019,2019,5,gas,0.0628975758289351,0.0199614271051579,0.0293333333333333,0.0195555555555555,0.0042872897980704,0.0024282216761938,0.009777777777777802,True
2019,2019,5,general,0.0679289425227748,0.0694145116959526,0.0246238030095759,0.0392156862745098,0.0091961910954838,0.0162644511207971,-0.014591883264933905,True
2019,2019,5,roro,0.0730047078894853,0.0599940827714899,0.0270676691729323,0.031578947368421,0.0093743241762718,0.0121269574997647,-0.004511278195488699,True
2019,2019,5,tanker,0.1353220929666301,0.0635484468264593,0.0486789721317408,0.0389069851610568,0.0121203820913057,0.00843800029783,0.009771986970684002,True
2019,2019,10,all,0.1807936790150959,0.1298415612259798,0.0580977592890233,0.0594213860262834,0.0348749731811083,0.0303408762500621,-0.0013236267372601015,True
2019,2019,10,bulk,0.1108627589668998,0.0735874670031932,0.0287175909777932,0.0297639809324497,0.0096074385835702,0.0104294237969309,-0.0010463899546565014,True
2019,2019,10,container,0.2892340800497934,0.2152595984290975,0.1366622864651774,0.1399474375821287,0.0794680035158051,0.0695649260203096,-0.003285151116951296,True
2019,2019,10,gas,0.1300510827524591,0.0962678449274727,0.04,0.048,0.0106591221197026,0.00679283019816,-0.008,True
2019,2019,10,general,0.1380582416800022,0.1110791698669401,0.037391700866393,0.0510715914272685,0.019693354171692,0.0239876070141026,-0.013679890560875499,True
2019,2019,10,roro,0.1685878021146831,0.0802033759644362,0.0526315789473684,0.0330827067669172,0.0260741312705623,0.0133452668173103,0.019548872180451198,True
2019,2019,10,tanker,0.2393753346193969,0.1790549844653124,0.0731089395584509,0.0700325732899022,0.0238020247979676,0.0192269601088657,0.003076366268548694,True
2019,2019,20,all,0.2924450048535833,0.2429882238418982,0.0973338375720903,0.0928902335255743,0.0731624857998657,0.0526542712087589,0.004443604046516003,True
2019,2019,20,bulk,0.1703270311481016,0.1583181203119046,0.0461574235554005,0.0459248924543657,0.0170745931223187,0.0183800680422487,0.00023253110103479968,True
2019,2019,20,container,0.49393265286747,0.3793421082953336,0.2509855453350854,0.2224047306176084,0.1834402618604164,0.1140553319987,0.028580814717476977,True
2019,2019,20,gas,0.227859558110841,0.1842871099500278,0.0728888888888888,0.0648888888888888,0.0196312378745025,0.0148156516061451,0.007999999999999993,True
2019,2019,20,general,0.2717749340757312,0.2362947248382512,0.0930232558139534,0.0848153214774281,0.0443868936953354,0.04887918098947,0.008207934336525308,True
2019,2019,20,roro,0.2873479837867306,0.2105020107276498,0.0646616541353383,0.0676691729323308,0.0304173070472053,0.0348678459944701,-0.0030075187969925005,True
2019,2019,20,tanker,0.3522533817118543,0.2947708469143445,0.102967788635541,0.1065870430691277,0.0365967477940971,0.0367543359161585,-0.0036192544335866966,True
2019,2019,50,all,0.4892752085266409,0.3946525134350115,0.1791150609813746,0.169187860451924,0.1648268267601983,0.1201336029089166,0.00992720052945062,True
2019,2019,50,bulk,0.3591231290325153,0.2776946471610504,0.0708057202650854,0.0798744332054412,0.0303990963900237,0.0373707963647799,-0.0090687129403558,True
2019,2019,50,container,0.75549117775243,0.5709883703869011,0.4960578186596583,0.3922470433639947,0.4239212101000439,0.263933342803398,0.10381077529566363,True
2019,2019,50,gas,0.3232963337358667,0.2993533805097805,0.1164444444444444,0.12,0.0283652066525008,0.0363263927270902,-0.0035555555555555896,True
2019,2019,50,general,0.4804284629805133,0.4092328349868925,0.1741906064751482,0.2033743730050159,0.0992571954873901,0.1165118442065178,-0.029183766529867705,True
2019,2019,50,roro,0.4857528093418756,0.400549984580297,0.0962406015037594,0.112781954887218,0.0526573730815637,0.0661721080880257,-0.016541353383458593,True
2019,2019,50,tanker,0.5308474183536942,0.4600318188966231,0.1977922547955121,0.1885631559898661,0.0899670037347135,0.08506124555477,0.009229098805646013,True
2019,2020,5,all,0.096529773001383,0.0770667112418067,0.0357899585444495,0.0386918470750806,0.0152556590508822,0.019376077869378,-0.0029018885306311,False
2019,2020,5,bulk,0.063608360729104,0.0525770927713405,0.0199821388702835,0.0204286671131949,0.0067153182888554,0.0073250667102441,-0.00044652824291139745,False
2019,2020,5,container,0.1451971103093716,0.1633405625842177,0.0648442466624284,0.0975842339478703,0.0318666899567864,0.047093786807784,-0.032739987285441904,False
2019,2020,5,gas,0.0527808632672955,0.0164874804166068,0.0204778156996587,0.0162116040955631,0.0014124752958172,0.0005320232379197,0.004266211604095599,False
2019,2020,5,general,0.0722662920217004,0.0746446282745004,0.0253807106598984,0.0406091370558375,0.0091356903070787,0.0160938733836021,-0.015228426395939097,False
2019,2020,5,roro,0.0737194319115767,0.0624301088934235,0.0240384615384615,0.0240384615384615,0.0121275225318065,0.0121739277869334,0.0,False
2019,2020,5,tanker,0.1402364734570446,0.0683538446158881,0.0531632110579479,0.0404040404040404,0.013258761264332,0.0096324709716781,0.012759170653907498,False
2019,2020,10,all,0.1820035265895946,0.1316568208195892,0.055688622754491,0.0578995854444956,0.0356733491036545,0.0310140864892588,-0.002210962690004606,False
2019,2020,10,bulk,0.1108891213589458,0.070566581346567,0.0226613083277517,0.0243357892386693,0.0076170027527311,0.0087013773574654,-0.0016744809109176008,False
2019,2020,10,container,0.2971184171318896,0.2298091160769667,0.1331849968213604,0.1398601398601398,0.0847485788610329,0.0736372994693743,-0.006675143038779391,False
2019,2020,10,gas,0.1129310409452773,0.0768002704889272,0.0324232081911262,0.0349829351535836,0.0054229627440043,0.0033004372064029,-0.0025597269624573968,False
2019,2020,10,general,0.1445897101534849,0.1191465944972375,0.0378403322565759,0.053068758652515,0.0213375886460994,0.0256077278618508,-0.015228426395939104,False
2019,2020,10,roro,0.1716606235429254,0.0771176824272788,0.0416666666666666,0.0288461538461538,0.0286714116987874,0.0136628688717739,0.012820512820512803,False
2019,2020,10,tanker,0.2471961027454871,0.1870867823173071,0.0781499202551834,0.0753145489987595,0.0266889948977899,0.0215329776393578,0.002835371256423899,False
2019,2020,20,all,0.2902621041529856,0.244966301087355,0.093459235375403,0.0905112851220635,0.0687148708056144,0.0549366518097195,0.002947950253339507,False
2019,2020,20,bulk,0.1724008059528062,0.1578919360115301,0.0380665327081937,0.0394061174369278,0.0137665731388324,0.015427688173348,-0.0013395847287340987,False
2019,2020,20,container,0.4932244992004388,0.3918163291370341,0.2390336935791481,0.2279084551811824,0.170824177172703,0.1265176516368427,0.011125238397965698,False
2019,2020,20,gas,0.2129693967041703,0.1643646989734925,0.0614334470989761,0.0563139931740614,0.0154985103408514,0.0109128897133894,0.005119453924914703,False
2019,2020,20,general,0.2705025152844593,0.2402259006239016,0.0973696354407014,0.0830641439778495,0.0486544324044805,0.0482805301188091,0.0143054914628519,False
2019,2020,20,roro,0.2866118907642312,0.2176899142266044,0.0560897435897435,0.0592948717948717,0.0340811324120104,0.0367243844018229,-0.0032051282051282007,False
2019,2020,20,tanker,0.3572090110855961,0.3047811720003753,0.1095162147793726,0.1084529505582137,0.0411808733449615,0.0382239284291368,0.001063264221158891,False
2019,2020,50,all,0.4801351649492618,0.3913710807323055,0.1701520036849378,0.1597420543528327,0.1554314841102859,0.1138205866409358,0.010409949332105095,False
2019,2020,50,bulk,0.3585199090342863,0.2801607977901179,0.0622906898861353,0.0694351417727171,0.0289666220448758,0.032419712404501,-0.007144451886581804,False
2019,2020,50,container,0.7464666535910914,0.5713065016054564,0.4663064208518754,0.3725365543547361,0.3966162526480003,0.2531518625630883,0.09376986649713931,False
2019,2020,50,gas,0.2983612740764017,0.2796753076427903,0.1075085324232082,0.1032423208191126,0.0238840247569266,0.0279257138086184,0.004266211604095599,False
2019,2020,50,general,0.4647699765599425,0.4020992270850578,0.1582833410244577,0.1896631287494231,0.0892206077859365,0.1065311079273529,-0.031379787724965386,False
2019,2020,50,roro,0.4793171313043283,0.3893893773883872,0.0929487179487179,0.1121794871794871,0.0607512857916709,0.074503781779452,-0.019230769230769204,False
2019,2020,50,tanker,0.5291206243352984,0.4647592439838373,0.202374623427255,0.1899698741804004,0.0948634724015241,0.0869819478373855,0.012404749246854613,False
2019,2021,5,all,0.09348980534194,0.0696022003458516,0.0291416460614623,0.0290533380430943,0.0132188419969039,0.0152695167258341,8.830801836800031e-05,False
2019,2021,5,bulk,0.0563704951497032,0.0385288048850238,0.0126444299106169,0.0117724002616088,0.0048331785430232,0.004716654736388,0.0008720296490081006,False
2019,2021,5,container,0.1402720820502892,0.1555151201926422,0.0448326055312954,0.0754002911208151,0.0231113383591751,0.0346949401394303,-0.0305676855895197,False
2019,2021,5,gas,0.0488558830129728,0.0125161670442008,0.0154597233523189,0.0065093572009764,0.0024662835498774,0.0013841347663112,0.008950366151342499,False
2019,2021,5,general,0.0697870851652075,0.0658789956701051,0.0142081069786878,0.0254910154617634,0.0039980350696534,0.0082625292535436,-0.0112829084830756,False
2019,2021,5,roro,0.0670921782262127,0.0516245579867161,0.0170807453416149,0.0170807453416149,0.0066275509166244,0.0072409102975023,0.0,False
2019,2021,5,tanker,0.1464877325840493,0.0689121340204032,0.0564697730815867,0.036549454356487,0.0197157728201048,0.0113457517191022,0.019920318725099695,False
2019,2021,10,all,0.1757458318978904,0.1241883597943138,0.0483486400565171,0.049540798304486,0.0311933929458496,0.0269293053961585,-0.001192158247968901,False
2019,2021,10,bulk,0.1003032586158454,0.0571089119250012,0.014388489208633,0.0152605188576411,0.0056152076685579,0.0063463639061212,-0.0008720296490080989,False
2019,2021,10,container,0.2807129331216577,0.2160855801530301,0.1080058224163027,0.1147016011644832,0.0652861434055799,0.0562308057217721,-0.006695778748180503,False
2019,2021,10,gas,0.1013432594121252,0.0701781042045256,0.0244100895036615,0.0284784377542717,0.0055471732183766,0.0044917405707078,-0.004068348250610199,False
2019,2021,10,general,0.14699615548822,0.1063333217971752,0.0242373589636439,0.0367739239448391,0.0131095340316441,0.0166484427744193,-0.012536564981195202,False
2019,2021,10,roro,0.1676646995904598,0.067874104884925,0.0357142857142857,0.0217391304347826,0.0206514704425919,0.0118024534237632,0.013975155279503097,False
2019,2021,10,tanker,0.2510875678632506,0.195103550054058,0.0833188983197644,0.0781222934349558,0.0360324210648798,0.0292935168415667,0.005196604884808595,False
2019,2021,20,all,0.2849242175628624,0.2346259768421721,0.0836718474037442,0.0815083009537266,0.062935185190444,0.052692178817246,0.002163546450017595,False
2019,2021,20,bulk,0.1655021993997824,0.1401205618053219,0.027141922825376,0.0255068672334859,0.010847406867755,0.0111210607033153,0.0016350555918900993,False
2019,2021,20,container,0.466696749111089,0.3686788031337291,0.2087336244541484,0.2058224163027656,0.1449041787803643,0.1145273193713813,0.0029112081513827937,False
2019,2021,20,gas,0.1954072595644406,0.1534820763124521,0.0504475183075671,0.0398698128559804,0.0123428838237505,0.0085310210323491,0.010577705451586698,False
2019,2021,20,general,0.2729848866667347,0.2419993025918251,0.0739657333890514,0.0643543669034684,0.036247935548063,0.0413701795615975,0.009611366485583,False
2019,2021,20,roro,0.280127173369977,0.2118235924787408,0.0543478260869565,0.0605590062111801,0.0277297849521934,0.0318382547618908,-0.0062111801242236,False
2019,2021,20,tanker,0.363974896090463,0.3066959328773158,0.1134592066516542,0.1148449679542698,0.0520152559288533,0.0483841533117209,-0.0013857613026155985,False
2019,2021,50,all,0.4742860507312316,0.3877680159779971,0.1589985870717061,0.1525962557400212,0.1454999286414425,0.1096973919510004,0.006402331331684913,False
2019,2021,50,bulk,0.346690071997508,0.2718070795043181,0.0465445825158055,0.0548288641813821,0.0245096921397164,0.0277504633114175,-0.008284281665576605,False
2019,2021,50,container,0.7207621088431877,0.554687659109207,0.4273653566229985,0.3452692867540029,0.3475770408804231,0.2287864479479555,0.08209606986899559,False
2019,2021,50,gas,0.2743231311943663,0.254973772491082,0.0797396257119609,0.0772986167615947,0.0189265837375619,0.0206517733769577,0.002441008950366197,False
2019,2021,50,general,0.4770731688237273,0.4159025706163636,0.1462599247806101,0.1851232762223151,0.0891154781736223,0.1054985013696915,-0.038863351441704996,False
2019,2021,50,roro,0.4775723860152049,0.3923608250785339,0.0822981366459627,0.1180124223602484,0.0497569419791991,0.0738193680535275,-0.03571428571428571,False
2019,2021,50,tanker,0.5367497291155008,0.4705637937599378,0.2087302962064784,0.1997228477394768,0.1085257114445638,0.1017735766061629,0.009007448467001605,False
2019,2022,5,all,0.1079300540024468,0.0868113675458134,0.033916226108174,0.0397722651484343,0.0172393675385512,0.0239246716333256,-0.005856039040260302,False
2019,2022,5,bulk,0.0649272053879018,0.0484940527690568,0.01827276439363,0.0190894242547978,0.0072834364306894,0.0083209147892926,-0.0008166598611678011,False
2019,2022,5,container,0.1721358034222035,0.1903157630781639,0.0549610894941634,0.0975194552529182,0.0322676798099953,0.0531277124303677,-0.0425583657587548,False
2019,2022,5,gas,0.05489390312542,0.0183180724057029,0.016419077404222,0.0101641907740422,0.0029322743992049,0.0017821477725804,0.0062548866301798,False
2019,2022,5,general,0.0705515191688662,0.0731917779662774,0.0180353031465848,0.032233307751343,0.0079589783937369,0.0133912035014218,-0.014198004604758199,False
2019,2022,5,roro,0.0624537124999979,0.0506234403205849,0.0068027210884353,0.0095238095238095,0.0009438940207386,0.0034862896225373,-0.0027210884353742,False
2019,2022,5,tanker,0.1568649807320476,0.0785800208245391,0.0587264929066314,0.0471791487957769,0.0193818307617202,0.0155940878139591,0.0115473441108545,False
2019,2022,10,all,0.1901156425555709,0.1376699696685704,0.0535583570557137,0.058031720211468,0.0347046922559835,0.0343367482775082,-0.004473363155754299,False
2019,2022,10,bulk,0.1097195838193271,0.0671787880932892,0.0213352388730093,0.0216414863209473,0.0084041975944242,0.0092606124851895,-0.00030624744793800174,False
2019,2022,10,container,0.2945793339973754,0.2374727285447712,0.1155155642023346,0.1322957198443579,0.072109102477696,0.0733261420935414,-0.0167801556420233,False
2019,2022,10,gas,0.1164726966296573,0.0854136195903009,0.0265832681782642,0.0383111806098514,0.0043516665043085,0.0062911700438592,-0.0117279124315872,False
2019,2022,10,general,0.1418113109706265,0.1108921915300397,0.0272448196469685,0.0448963929393706,0.0156757220483163,0.0216622745966845,-0.017651573292402103,False
2019,2022,10,roro,0.1655701485106369,0.0657068792273169,0.0258503401360544,0.0136054421768707,0.0147454936659617,0.0069335296893067,0.0122448979591837,False
2019,2022,10,tanker,0.2673427252599637,0.1972163513345664,0.0839656878917849,0.0816562190696139,0.033654736012235,0.0278591315145827,0.002309468822170993,False
2019,2022,20,all,0.3018214701891555,0.2521580082125157,0.0952826352175681,0.0962993086620577,0.0663162624937543,0.0648549830890544,-0.0010166734444895936,False
2019,2022,20,bulk,0.1802613301529222,0.1522530919965364,0.0375663536137198,0.0373621886484279,0.0145059463352505,0.0162565615654181,0.0002041649652919017,False
2019,2022,20,container,0.4649771846153325,0.3862408590653422,0.2157101167315175,0.235408560311284,0.1431848358526918,0.1408912124711659,-0.019698443579766495,False
2019,2022,20,gas,0.2190481868294381,0.174155845908997,0.0594214229867083,0.0508209538702111,0.0141809339776796,0.008626559085501,0.0086004691164972,False
2019,2022,20,general,0.2699275864338673,0.254064022211604,0.0813507290867229,0.0775134305448963,0.0387759742213394,0.0465207399396706,0.0038372985418266004,False
2019,2022,20,roro,0.2852462846530477,0.212789841467186,0.0571428571428571,0.0612244897959183,0.0258506441007573,0.0289242993008162,-0.004081632653061197,False
2019,2022,20,tanker,0.38172388774222,0.3148007110007205,0.1250412405146816,0.1191026064005278,0.0525831572993032,0.0473161635961076,0.005938634114153796,False
2019,2022,50,all,0.4972743949224281,0.4112788996989949,0.1814965433102887,0.174705164701098,0.1582021362544432,0.1247121293374894,0.006791378609190685,False
2019,2022,50,bulk,0.3699993982830081,0.2941190790631317,0.0654348713760718,0.0721723152307064,0.0313775681933492,0.0346927047358912,-0.006737443854634595,False
2019,2022,50,container,0.7124044880920254,0.5596982943436286,0.4428501945525291,0.3735408560311284,0.3546024246511599,0.2531181588694866,0.0693093385214007,False
2019,2022,50,gas,0.3077721237772333,0.2875611367730574,0.0977326035965598,0.0938232994526974,0.0237508788501211,0.0252426242205438,0.0039093041438623966,False
2019,2022,50,general,0.4797711682438809,0.4395928442096006,0.1657712970069071,0.2168073676132003,0.0998885352999852,0.1229239527172845,-0.0510360706062932,False
2019,2022,50,roro,0.4771617197750872,0.3834726622806291,0.0897959183673469,0.1170068027210884,0.0443040728347921,0.0633406632990237,-0.0272108843537415,False
2019,2022,50,tanker,0.5607900714740434,0.4893864303972243,0.2273177169251072,0.2114813592873639,0.1158100678196409,0.1019371113228145,0.015836357637743298,False
2019,2023,5,all,0.1150650731805309,0.0939575243743831,0.034043932884818,0.038947880359893,0.0188937888494445,0.0254677026373165,-0.004903947475074999,False
2019,2023,5,bulk,0.0746934891960621,0.0557172597829521,0.0190699571690801,0.0192739139302467,0.0075106721224626,0.0083051015096729,-0.00020395676116660016,False
2019,2023,5,container,0.1832284982271933,0.2050213694753338,0.0610668597634564,0.1008930726526671,0.0396310960984453,0.0615159330596009,-0.0398262128892107,False
2019,2023,5,gas,0.0568887425432005,0.0183533255326119,0.0155884645362431,0.0077942322681215,0.0025332295187333,0.0006965063406455,0.0077942322681216,False
2019,2023,5,general,0.0882737779020546,0.0928334808066467,0.0171473109898675,0.0327357755261106,0.0089540633557063,0.0171196988978895,-0.015588464536243102,False
2019,2023,5,roro,0.0612467846255952,0.0518348181028354,0.0134952766531713,0.0053981106612685,0.0023613672999606,0.0014527097225705,0.0080971659919028,False
2019,2023,5,tanker,0.1547057282869218,0.0775308074123843,0.0531377343113284,0.0417277913610431,0.0164601480708241,0.0130434728012366,0.011409942950285301,False
2019,2023,10,all,0.2014719748841322,0.1435423129808018,0.0537002512766474,0.0577936289211315,0.0357956944379417,0.0373155464990883,-0.0040933776444841,False
2019,2023,10,bulk,0.131808465021544,0.0744711566821539,0.0225372221089129,0.0226392004894962,0.0089956903869167,0.0094630098458782,-0.00010197838058330008,False
2019,2023,10,container,0.3024164173142873,0.2542159211203684,0.1180304127443881,0.1346850108616944,0.0780097093607709,0.0857800131171001,-0.01665459811730631,False
2019,2023,10,gas,0.1082267607051059,0.0805060851907223,0.024941543257989,0.0303975058456742,0.0042826164058546,0.0054797081371857,-0.005455962587685201,False
2019,2023,10,general,0.1605342904494652,0.1321392133335494,0.0265003897116134,0.0467653936087295,0.0185822011591561,0.0266460175340337,-0.0202650038971161,False
2019,2023,10,roro,0.1618475629664818,0.0668809805303514,0.0350877192982456,0.0094466936572199,0.0193440631928661,0.0046434203903939,0.025641025641025696,False
2019,2023,10,tanker,0.2712975587627051,0.1885029970483752,0.0797066014669926,0.0782396088019559,0.030424172275273,0.0260593498072497,0.0014669926650366927,False
2019,2023,20,all,0.3099798625652309,0.2607445961881705,0.0991732187727972,0.0963767528572586,0.0680917169016993,0.067282714401892,0.0027964659155386012,False
2019,2023,20,bulk,0.2001240092505924,0.1728850479325976,0.0447685090760758,0.0392616765245767,0.0183736612142847,0.0175649318197689,0.0055068325514991065,False
2019,2023,20,container,0.4717819910222605,0.4000887892413788,0.2174752594738112,0.2341298575911175,0.1505480727260914,0.1517836749980785,-0.016654598117306324,False
2019,2023,20,gas,0.2038816485846327,0.1645423176591404,0.0522213561964146,0.0553390491036632,0.0121130057758879,0.0119452427989809,-0.003117692907248594,False
2019,2023,20,general,0.284269552201309,0.269417144590297,0.0919719407638347,0.0791114575214341,0.0455153286848221,0.0510493495982372,0.012860483242400605,False
2019,2023,20,roro,0.2785043741498773,0.2133524934531179,0.0566801619433198,0.0647773279352226,0.02799673123969,0.0337866776025535,-0.008097165991902806,False
2019,2023,20,tanker,0.381641016077393,0.3041807725817558,0.1242053789731051,0.1142624286878565,0.0506173455480462,0.0436749817750826,0.009942950285248608,False
2019,2023,50,all,0.5015483408366631,0.4223814662880292,0.1836751236118991,0.1786495906622355,0.1537980178357488,0.1241625161822763,0.005025532949663597,False
2019,2023,50,bulk,0.3810904484246621,0.3146330766280719,0.0737303691617377,0.0807668774219865,0.0356530698916,0.0402015258391273,-0.0070365082602488055,False
2019,2023,50,container,0.724735408795237,0.5837657540952768,0.4380883417813179,0.3719526912865074,0.3542662015481136,0.2566167358747662,0.06613565049481052,False
2019,2023,50,gas,0.2909669828256612,0.2747431955590729,0.1067809820732657,0.1044427123928293,0.0259912345215939,0.026398375548989,0.0023382696804363917,False
2019,2023,50,general,0.493340430624483,0.441778458963344,0.1742010911925175,0.2166796570537802,0.1004856854277893,0.1233040244308825,-0.042478565861262696,False
2019,2023,50,roro,0.4601769142571221,0.3846183500002098,0.0890688259109311,0.1228070175438596,0.0424372024305863,0.0636598053319686,-0.0337381916329285,False
2019,2023,50,tanker,0.5556646889569771,0.487077939501467,0.2190709046454767,0.210920945395273,0.1060290857751049,0.0972324162505024,0.008149959250203703,False
2019,2024,5,all,0.0993513857090556,0.0879811198410864,0.0355980030388539,0.0367701324072064,0.0189948954504561,0.0242369292624184,-0.0011721293683524953,False
2019,2024,5,bulk,0.067813065560418,0.0533043400256147,0.0162966203653067,0.0155310073280105,0.0064362934816796,0.0063525733563886,0.0007656130372961992,False
2019,2024,5,container,0.1509172008658948,0.1855115531022487,0.0570824524312896,0.0901162790697674,0.0364149792263162,0.0575012624150172,-0.033033826638477794,False
2019,2024,5,gas,0.0443009890182968,0.0192404937238875,0.0135478408128704,0.0059271803556308,0.0027975747408831,0.0013094933639117,0.0076206604572396,False
2019,2024,5,general,0.0773902523141072,0.0871512902214475,0.0204666393778141,0.034793286942284,0.0088137439194644,0.0186449462054282,-0.0143266475644699,False
2019,2024,5,roro,0.0476610559356304,0.0545687268425684,0.0172413793103448,0.0114942528735632,0.0057754341979927,0.0067970681533491,0.0057471264367816004,False
2019,2024,5,tanker,0.1398016340572968,0.0793852016316069,0.0651347615756738,0.045611610228058,0.0232614890393024,0.0162197864289935,0.0195231513476158,False
2019,2024,10,all,0.1671412401630146,0.138612323234032,0.0556544388973301,0.0579118732363794,0.0346499149383394,0.0360171552350114,-0.002257434339049298,False
2019,2024,10,bulk,0.1145816899882221,0.0731323289701314,0.0194684458055342,0.0194684458055342,0.0076661002256222,0.0077682708306397,0.0,False
2019,2024,10,container,0.2485783978931663,0.236018707909077,0.111522198731501,0.1239429175475687,0.069476244737793,0.0789825472326839,-0.012420718816067697,False
2019,2024,10,gas,0.073386930199997,0.0807184951560311,0.0245554614733276,0.0330228619813717,0.0057675417400416,0.0060185839850126,-0.0084674005080441,False
2019,2024,10,general,0.1369351549247602,0.1263617919619716,0.0302906262791649,0.0466639377814162,0.0195046725120103,0.027682363506135,-0.016373311502251298,False
2019,2024,10,roro,0.1161098993539011,0.0647477809615445,0.0344827586206896,0.014367816091954,0.0182633845398276,0.0078683097122295,0.0201149425287356,False
2019,2024,10,tanker,0.2293151374581914,0.1938050299926766,0.0958880442294402,0.0905321354526606,0.0409164226065934,0.0339177273568121,0.0053559087767795915,False
2019,2024,20,all,0.2613633102628407,0.2388040424495497,0.0965053179943564,0.0944215324506186,0.063595215193999,0.0656605008304513,0.0020837855437377956,False
2019,2024,20,bulk,0.1728252313676412,0.1579760378457002,0.0397025046483648,0.0356556928797987,0.0152607506903731,0.0149148970854183,0.004046811768566097,False
2019,2024,20,container,0.4016708986691553,0.3703800983916298,0.2019027484143763,0.21723044397463,0.137984517131783,0.1456823397601602,-0.015327695560253707,False
2019,2024,20,gas,0.1457026191015738,0.1450243205378957,0.0482641828958509,0.0533446232006773,0.0098962958025977,0.0110136918063524,-0.005080440304826399,False
2019,2024,20,general,0.2480888403178318,0.2442087302596899,0.095374539500614,0.0790012279983626,0.0533354833785872,0.057432553077286,0.01637331150225141,False
2019,2024,20,roro,0.2036374319061464,0.1731360807413933,0.0545977011494252,0.057471264367816,0.027665483360935,0.034407296713085,-0.002873563218390801,False
2019,2024,20,tanker,0.3282430422193578,0.2883301202981825,0.1326883206634416,0.1262957843814789,0.0566071301989989,0.0530052862011928,0.006392536281962707,False
2019,2024,50,all,0.4503403885812236,0.374888987030028,0.1738658563056218,0.173127848925548,0.1356318087514382,0.1140486881751509,0.0007380073800737907,False
2019,2024,50,bulk,0.3450469587950871,0.2823597491908997,0.0686864267745816,0.0760144372744175,0.0316355687736879,0.0354672176080758,-0.007328010499835905,False
2019,2024,50,container,0.6516743313769257,0.5217658570174625,0.3998414376321353,0.351215644820296,0.3071658286055969,0.2311549458445618,0.04862579281183932,False
2019,2024,50,gas,0.2282275952041508,0.2110864796386716,0.1024555461473327,0.1007620660457239,0.0227069687757671,0.0248418858073113,0.001693480101608802,False
2019,2024,50,general,0.4617025782089795,0.4059861158274581,0.1772410970118706,0.2230863692181743,0.1113098467580507,0.13795937076979,-0.04584527220630369,False
2019,2024,50,roro,0.4190985805418435,0.3185785948118099,0.0876436781609195,0.1063218390804597,0.0513219386307045,0.0584053724623048,-0.018678160919540193,False
2019,2024,50,tanker,0.5018632107358187,0.4381239666142377,0.2157912923289564,0.2118175535590877,0.1051429151633761,0.0997870700117015,0.003973738769868701,False
2019,2025,5,all,0.0971596595253445,0.0863181425444453,0.0377618760237951,0.0372876972152771,0.0181573298558642,0.0229910019541681,0.0004741788085179943,False
2019,2025,5,bulk,0.0674541348697612,0.0542121571316841,0.0159819800493403,0.0130859165504665,0.0068316007919898,0.0059936561258938,0.002896063498873799,False
2019,2025,5,container,0.1457599703929103,0.1785968284541104,0.0518094246290028,0.0856547774017183,0.0334795168634519,0.0528233143193312,-0.0338453527727155,False
2019,2025,5,gas,0.0459585838333163,0.018270767548537,0.0219039595619208,0.0109519797809604,0.0039878615313548,0.0017984728690233,0.0109519797809604,False
2019,2025,5,general,0.0780540102442289,0.0837110529773922,0.0209790209790209,0.0329082682023858,0.0095653639271203,0.0162431408707069,-0.0119292472233649,False
2019,2025,5,roro,0.0408136506476566,0.051927433798517,0.0179806362378976,0.0207468879668049,0.0049160132206597,0.0064778564801973,-0.0027662517289073,False
2019,2025,5,tanker,0.1376282414918868,0.0780325058311848,0.0769365887932548,0.0537502195678903,0.0222619871508831,0.0169818914477488,0.023186369225364496,False
2019,2025,10,all,0.1617173044312327,0.1353039274692562,0.0565565997068712,0.0566859212001034,0.0333646302574199,0.0335037642353385,-0.00012932149323219982,False
2019,2025,10,bulk,0.1113263333194957,0.0754120234577013,0.0196288748256998,0.0176981658264507,0.0082761772403198,0.0079222162697683,0.0019307089992490999,False
2019,2025,10,container,0.2382919931111837,0.2239107209967805,0.1051809424629002,0.118458734704504,0.0665955825635888,0.0733093953551911,-0.013277792241603803,False
2019,2025,10,gas,0.0717036438639717,0.0798819267862451,0.0311710193765796,0.0286436394271272,0.0075152756586161,0.005060169974654,0.0025273799494523984,False
2019,2025,10,general,0.1369164128236344,0.1237875536254932,0.0292060880296174,0.0423693953105717,0.0173069147583267,0.0239734272413655,-0.013163307280954297,False
2019,2025,10,roro,0.1135671377086428,0.0617083849296374,0.0414937759336099,0.0235131396957123,0.020340610795366,0.0070181224926507,0.017980636237897602,False
2019,2025,10,tanker,0.2229565947295163,0.1910615364978752,0.1031090813279466,0.0950289829615317,0.0368588017788302,0.0306642593679987,0.008080098366414906,False
2019,2025,20,all,0.2558565648863956,0.235623017684943,0.0947064402103629,0.092033796016898,0.0594743773690406,0.0609172532429318,0.0026726441934648987,False
2019,2025,20,bulk,0.1687920217575997,0.1598180175515736,0.0380778719296363,0.0330365762093746,0.0147415995933995,0.0146793064729839,0.005041295720261699,False
2019,2025,20,container,0.3870079193802114,0.3562327033950396,0.1895339755272064,0.2072376985160114,0.1276538906442797,0.1337847821698747,-0.017703722988804987,False
2019,2025,20,gas,0.1438595081682429,0.1426830602534328,0.0564448188711036,0.0513900589721988,0.0130421460020273,0.0127761599665004,0.005054759898904797,False
2019,2025,20,general,0.2488427429035659,0.2392390667365262,0.0900863842040312,0.0699300699300699,0.0456522054019304,0.0445906719377422,0.020156314273961307,False
2019,2025,20,roro,0.2049521486051005,0.174809500488679,0.0622406639004149,0.0608575380359612,0.0265426213212567,0.0283072497476416,0.001383125864453695,False
2019,2025,20,tanker,0.3265463435465663,0.2887918147350408,0.1375373265413665,0.1327946601089056,0.0516145565715309,0.049461767239516,0.004742666432460907,False
2019,2025,50,all,0.4480954722331353,0.3715607887073939,0.1691094059832744,0.1714371928614535,0.1260282141259261,0.1078287152493306,-0.002327786878179111,False
2019,2025,50,bulk,0.3475863920158908,0.2814203773495627,0.0677893381958597,0.0764775286924809,0.0332601154050616,0.037038470027659,-0.008688190496621201,False
2019,2025,50,container,0.6331632949299626,0.5051949430124301,0.3743816714397292,0.3322051549075761,0.2767225831289119,0.2095169840689614,0.04217651653215315,False
2019,2025,50,gas,0.2298016282677296,0.2138650066295384,0.10530749789385,0.113732097725358,0.0260439419129373,0.0306874625453342,-0.008424599831508006,False
2019,2025,50,general,0.4524264316683249,0.3970809039308594,0.164952694364459,0.2040312628547922,0.0999603053753135,0.1199278340280173,-0.0390785684903332,False
2019,2025,50,roro,0.4354086101983936,0.3315955955611515,0.0940525587828492,0.1078838174273859,0.0494552930697229,0.0568108030246042,-0.0138312586445367,False
2019,2025,50,tanker,0.5052111442621142,0.4427960313801632,0.2211487792025294,0.2246618654487967,0.098897921677018,0.0985293004615206,-0.0035130862462673107,False
2020,2018,5,all,0.0956531971063183,0.0741966889977473,0.0463182897862232,0.0486935866983372,0.0166863637840177,0.0207643759677571,-0.0023752969121139944,False
2020,2018,5,bulk,0.0635029553471061,0.0525403444723395,0.0324280028096464,0.0311402481854366,0.0110229433774594,0.0112665259426046,0.001287754624209804,False
2020,2018,5,container,0.1460859995621508,0.1542705243455817,0.0627802690582959,0.0951313260730301,0.0289523228989241,0.0440712499123262,-0.0323510570147342,False
2020,2018,5,gas,0.0645670030963439,0.0236631182799964,0.0331125827814569,0.0245979186376537,0.0041449971068265,0.0026072663864324,0.0085146641438032,False
2020,2018,5,general,0.0677749005602963,0.0696639922841767,0.0340557275541795,0.0490933215391419,0.0081852457241696,0.0145458948871127,-0.015037593984962398,False
2020,2018,5,roro,0.0713608163905525,0.0598022464224482,0.0234948604992657,0.0279001468428781,0.0080186934689142,0.0103303240144424,-0.0044052863436124,False
2020,2018,5,tanker,0.1296226741901649,0.0550886437459507,0.0694263968813811,0.0568034156302209,0.0154753738905611,0.0103429990012994,0.012622981251160195,False
2020,2018,10,all,0.1725465613389283,0.1410913890090737,0.0711638954869358,0.0692161520190023,0.0395331880015551,0.0322612093522178,0.0019477434679334993,False
2020,2018,10,bulk,0.1018975508340148,0.0920034105510915,0.0385155701240927,0.0383985015218918,0.013163044177726,0.0138244210828662,0.00011706860220089821,False
2020,2018,10,container,0.3056886589097306,0.2219896468441016,0.1447789878283152,0.1342088404868674,0.0857696879419246,0.0647775461113764,0.010570147341447789,False
2020,2018,10,gas,0.108869948695174,0.0987872398625054,0.0435193945127719,0.0586565752128666,0.0091787210185231,0.0085158771502418,-0.015137180700094705,False
2020,2018,10,general,0.1283581848130579,0.1211629305923138,0.0588235294117647,0.0544007076514816,0.021421749698389,0.0184547189300774,0.004422821760283101,False
2020,2018,10,roro,0.1203432849684503,0.0841275440811604,0.0308370044052863,0.0337738619676945,0.0121637796151782,0.0142656927260873,-0.0029368575624082044,False
2020,2018,10,tanker,0.2171925698809327,0.1827161931718791,0.0959717839242621,0.0931873027659179,0.0289617513048227,0.0258617298381446,0.002784481158344204,False
2020,2018,20,all,0.2862203705145777,0.241667095406819,0.1098812351543943,0.1063182897862232,0.0791936252922964,0.0604329921621122,0.0035629453681711026,False
2020,2018,20,bulk,0.1829947502044022,0.1478208417326155,0.0556075860454226,0.0550222430344181,0.0229086232290293,0.0221407076009082,0.000585343011004498,False
2020,2018,20,container,0.4691599113960583,0.3915585892217196,0.2437540038436899,0.2315823190262652,0.1709131240580587,0.1159461745596626,0.0121716848174247,False
2020,2018,20,gas,0.2333571767254949,0.1997916737901686,0.0889309366130558,0.0804162724692526,0.0442422942268627,0.0356553513618715,0.008514664143803197,False
2020,2018,20,general,0.2571291249078689,0.2413307727847642,0.1039363113666519,0.0986289252543122,0.0520392457989522,0.0591068745487377,0.005307386112339704,False
2020,2018,20,roro,0.255512760708555,0.2012882678794228,0.0558002936857562,0.0631424375917768,0.0274486779941978,0.0334655760635455,-0.007342143906020601,False
2020,2018,20,tanker,0.3255550161129303,0.2829325309437465,0.1317987748282903,0.1288286615927232,0.0483205254795631,0.0450021015073562,0.002970113235567118,False
2020,2018,50,all,0.4766758614157887,0.3720076343191745,0.1961520190023753,0.1825178147268408,0.182262490489699,0.1301817962565692,0.013634204275534495,False
2020,2018,50,bulk,0.3380791408403924,0.2333248228027548,0.0782018262701943,0.0855771482088503,0.0343100035447686,0.0363142790256665,-0.007375321938656004,False
2020,2018,50,container,0.7462142049763383,0.5678979558143445,0.5070467648942986,0.4067905188981422,0.4289751465547489,0.2683300602390887,0.10025624599615635,False
2020,2018,50,gas,0.3277264710457248,0.3031368884858986,0.1229895931882686,0.130558183538316,0.052323020169176,0.0584373697463341,-0.007568590350047394,False
2020,2018,50,general,0.4661754932578243,0.3960861325705508,0.1923927465723131,0.2299867315347191,0.1159213552185381,0.13297843979604,-0.03759398496240601,False
2020,2018,50,roro,0.4827291130688272,0.3938220852927122,0.105726872246696,0.1527165932452276,0.0606611883439377,0.0827725553962108,-0.0469897209985316,False
2020,2018,50,tanker,0.5053110606729492,0.4298170037790942,0.2303694078336736,0.2002970113235567,0.1074126811672445,0.0893166027888475,0.030072396510116894,False
2020,2019,5,all,0.0953152325866718,0.073843627450281,0.0369670038763354,0.0402287983360121,0.0146215519655028,0.0180489550845014,-0.003261794459676705,False
2020,2019,5,bulk,0.0670898600572417,0.0544508245746236,0.0253458900127892,0.0266248110684804,0.0082742808323824,0.0090127586557608,-0.0012789210556912005,False
2020,2019,5,container,0.1332863232201148,0.1470680534238504,0.0624178712220762,0.0913272010512483,0.0279243105491172,0.0406055624435745,-0.028909329829172097,False
2020,2019,5,gas,0.0628975758289351,0.0199614271051579,0.0293333333333333,0.0195555555555555,0.0042872897980704,0.0024282216761938,0.009777777777777802,False
2020,2019,5,general,0.0679289425227748,0.0694145116959526,0.0246238030095759,0.0392156862745098,0.0091961910954838,0.0162644511207971,-0.014591883264933905,False
2020,2019,5,roro,0.0730047078894853,0.0599940827714899,0.0270676691729323,0.031578947368421,0.0093743241762718,0.0121269574997647,-0.004511278195488699,False
2020,2019,5,tanker,0.1353220929666301,0.0635484468264593,0.0486789721317408,0.0389069851610568,0.0121203820913057,0.00843800029783,0.009771986970684002,False
2020,2019,10,all,0.1782196194483513,0.1423731001669944,0.0613595537487,0.0586177555072326,0.0356882539373298,0.0291350828371541,0.0027417982414674053,False
2020,2019,10,bulk,0.1111659402663085,0.0952120359430475,0.0296477153819323,0.0305778397860713,0.0097365712837682,0.0104007384467515,-0.000930124404139001,False
2020,2019,10,container,0.3023909476981715,0.2159369034645516,0.1511169513797634,0.1353482260183968,0.085789354796937,0.0653331733865958,0.015768725361366587,False
2020,2019,10,gas,0.1147597137488802,0.0943165464628701,0.0373333333333333,0.048,0.0052433010228955,0.00679283019816,-0.0106666666666667,False
2020,2019,10,general,0.1336458109588821,0.1196236911190304,0.0492476060191518,0.0451436388508891,0.0225819925192576,0.0202427387731893,0.0041039671682626955,False
2020,2019,10,roro,0.1357431890994582,0.0951826281028123,0.0360902255639097,0.0330827067669172,0.0150799064584804,0.0133452668173103,0.0030075187969925005,False
2020,2019,10,tanker,0.2293969190826446,0.1917275566933004,0.0740137531668476,0.0705754614549402,0.0231556967960595,0.0203072930840658,0.003438291711907404,False
2020,2019,20,all,0.2924866230678016,0.2429882238418982,0.0953956698496738,0.0928902335255743,0.0671528450733583,0.0526542712087589,0.002505436324099511,False
2020,2019,20,bulk,0.1945641198956536,0.1583181203119046,0.0472038135100569,0.0459248924543657,0.0190856294256947,0.0183800680422487,0.001278921055691197,False
2020,2019,20,container,0.4621163560042268,0.3793421082953336,0.2368593955321944,0.2224047306176084,0.1620747117315243,0.1140553319987,0.014454664914585996,False
2020,2019,20,gas,0.227859558110841,0.1842871099500278,0.0728888888888888,0.0648888888888888,0.0196312378745025,0.0148156516061451,0.007999999999999993,False
2020,2019,20,general,0.2720938065598118,0.2362947248382512,0.0930232558139534,0.0848153214774281,0.0443868936953354,0.04887918098947,0.008207934336525308,False
2020,2019,20,roro,0.2733384688603713,0.2105020107276498,0.0646616541353383,0.0676691729323308,0.0304173070472053,0.0348678459944701,-0.0030075187969925005,False
2020,2019,20,tanker,0.342017381997972,0.2947708469143445,0.1017010495837857,0.1065870430691277,0.0357428006543567,0.0367543359161585,-0.004885993485341994,False
2020,2019,50,all,0.4904433831084834,0.3813457506561363,0.1806750496360026,0.1704169424222369,0.1714551848889947,0.1189570383587527,0.010258107213765688,False
2020,2019,50,bulk,0.3592571857525793,0.2475332887226102,0.0690617370073247,0.077084059993024,0.0297184030998531,0.0313289074981238,-0.008022322985699312,False
2020,2019,50,container,0.759359002501053,0.573037069521919,0.5042706964520368,0.4027595269382391,0.444992822168774,0.265104065622936,0.10151116951379774,False
2020,2019,50,gas,0.3204641617477252,0.299742997625229,0.1093333333333333,0.1226666666666666,0.0268968864424674,0.039033997872455,-0.013333333333333308,False
2020,2019,50,general,0.47901545331879,0.4029317885997455,0.1646146830825353,0.2106703146374829,0.0947585600570806,0.1215384425294375,-0.0460556315549476,False
2020,2019,50,roro,0.4884337661454928,0.4109536090675554,0.106766917293233,0.1338345864661654,0.063362200692233,0.0704192298333835,-0.027067669172932393,False
2020,2019,50,tanker,0.5332715983516725,0.4499174639709278,0.2059355772710821,0.185848715164676,0.0918576479343714,0.0825640432608239,0.020086862106406117,False
2020,2020,5,all,0.096529773001383,0.0770667112418067,0.0357899585444495,0.0386918470750806,0.0152556590508822,0.019376077869378,-0.0029018885306311,True
2020,2020,5,bulk,0.063608360729104,0.0525770927713405,0.0199821388702835,0.0204286671131949,0.0067153182888554,0.0073250667102441,-0.00044652824291139745,True
2020,2020,5,container,0.1451971103093716,0.1633405625842177,0.0648442466624284,0.0975842339478703,0.0318666899567864,0.047093786807784,-0.032739987285441904,True
2020,2020,5,gas,0.0527808632672955,0.0164874804166068,0.0204778156996587,0.0162116040955631,0.0014124752958172,0.0005320232379197,0.004266211604095599,True
2020,2020,5,general,0.0722662920217004,0.0746446282745004,0.0253807106598984,0.0406091370558375,0.0091356903070787,0.0160938733836021,-0.015228426395939097,True
2020,2020,5,roro,0.0737194319115767,0.0624301088934235,0.0240384615384615,0.0240384615384615,0.0121275225318065,0.0121739277869334,0.0,True
2020,2020,5,tanker,0.1402364734570446,0.0683538446158881,0.0531632110579479,0.0404040404040404,0.013258761264332,0.0096324709716781,0.012759170653907498,True
2020,2020,10,all,0.1815436628086824,0.1452754850894858,0.0603408567480423,0.0570244127130354,0.0378045854586419,0.0295569288224514,0.003316444035006902,True
2020,2020,10,bulk,0.1129031131109137,0.0928259396970174,0.0236659968743023,0.0248939495423085,0.0077832222547232,0.0087749126159856,-0.0012279526680061999,True
2020,2020,10,container,0.312422131708932,0.2296877347231219,0.1522568340750159,0.135092180546726,0.093757765219037,0.0685170152199738,0.017164653528289886,True
2020,2020,10,gas,0.1020993406455488,0.0745261676350986,0.0324232081911262,0.0332764505119453,0.0038617746697017,0.0030071699030033,-0.0008532423208190976,True
2020,2020,10,general,0.1431798891811235,0.1290447482543337,0.053068758652515,0.0484540839870789,0.0250897028480749,0.0226304066911467,0.004614674665436101,True
2020,2020,10,roro,0.1343406324110736,0.091288293968177,0.0288461538461538,0.0288461538461538,0.0145011307519224,0.0136628688717739,0.0,True
2020,2020,10,tanker,0.2386642817899725,0.2034949382309223,0.0793903951798688,0.075846181109339,0.0262316637354866,0.0224890501639594,0.003544214070529808,True
2020,2020,20,all,0.2922760392594927,0.244966301087355,0.0927222478120681,0.0905112851220635,0.0657188430538848,0.0549366518097195,0.002210962690004606,True
2020,2020,20,bulk,0.1969625003198605,0.1578919360115301,0.0400759098012949,0.0394061174369278,0.0167273531299595,0.015427688173348,0.0006697923643671014,True
2020,2020,20,container,0.4644531438001934,0.3918163291370341,0.2304513668150031,0.2279084551811824,0.1585330211967044,0.1265176516368427,0.002542911633820699,True
2020,2020,20,gas,0.2129271051330183,0.1643646989734925,0.0614334470989761,0.0563139931740614,0.0154985103408514,0.0109128897133894,0.005119453924914703,True
2020,2020,20,general,0.2720541345017327,0.2402259006239016,0.097831102907245,0.0830641439778495,0.048803693352038,0.0482805301188091,0.014766958929395502,True
2020,2020,20,roro,0.2726832264195526,0.2176899142266044,0.0560897435897435,0.0592948717948717,0.0340811324120104,0.0367243844018229,-0.0032051282051282007,True
2020,2020,20,tanker,0.3492422681646545,0.3047811720003753,0.1080985291511607,0.1084529505582137,0.0401618787621485,0.0382239284291368,-0.00035442140705300995,True
2020,2020,50,all,0.4824210960533975,0.3773385204679125,0.1722708429295255,0.1621833256563795,0.1606185824494363,0.112900560060324,0.010087517273145996,True
2020,2020,50,bulk,0.3598671874308265,0.2477729832381046,0.0615092654610404,0.0678722929225273,0.0287457731284724,0.0273072171725706,-0.0063630274614869045,True
2020,2020,50,container,0.7512952847762665,0.5734446409871984,0.4748887476160203,0.3833439287984742,0.414511319666513,0.2544082762313972,0.09154481881754611,True
2020,2020,50,gas,0.2961188019801079,0.2795284691043256,0.1015358361774744,0.1049488054607508,0.0232272835378085,0.0283230319833199,-0.003412969283276404,True
2020,2020,50,general,0.4683804724041021,0.3977023907581944,0.1545916012921089,0.1979695431472081,0.08758327506055,0.1116550172278344,-0.04337794185509922,True
2020,2020,50,roro,0.4895125589116008,0.3984379951885091,0.1025641025641025,0.1298076923076923,0.0657400266247504,0.0782659824315449,-0.027243589743589786,True
2020,2020,50,tanker,0.530390109898893,0.4573524139787778,0.2085769980506822,0.1903242955874534,0.0944830924789208,0.0861005028231704,0.018252702463228798,True
2020,2021,5,all,0.09348980534194,0.0696022003458516,0.0291416460614623,0.0290533380430943,0.0132188419969039,0.0152695167258341,8.830801836800031e-05,False
2020,2021,5,bulk,0.0563704951497032,0.0385288048850238,0.0126444299106169,0.0117724002616088,0.0048331785430232,0.004716654736388,0.0008720296490081006,False
2020,2021,5,container,0.1402720820502892,0.1555151201926422,0.0448326055312954,0.0754002911208151,0.0231113383591751,0.0346949401394303,-0.0305676855895197,False
2020,2021,5,gas,0.0488558830129728,0.0125161670442008,0.0154597233523189,0.0065093572009764,0.0024662835498774,0.0013841347663112,0.008950366151342499,False
2020,2021,5,general,0.0697870851652075,0.0658789956701051,0.0142081069786878,0.0254910154617634,0.0039980350696534,0.0082625292535436,-0.0112829084830756,False
2020,2021,5,roro,0.0670921782262127,0.0516245579867161,0.0170807453416149,0.0170807453416149,0.0066275509166244,0.0072409102975023,0.0,False
2020,2021,5,tanker,0.1464877325840493,0.0689121340204032,0.0564697730815867,0.036549454356487,0.0197157728201048,0.0113457517191022,0.019920318725099695,False
2020,2021,10,all,0.1740744445537167,0.1352425989565181,0.0511744966442953,0.0486577181208053,0.0319556011558933,0.025699589912059,0.0025167785234899986,False
2020,2021,10,bulk,0.1008575897129649,0.0737256617220403,0.0148245040331371,0.0149335077392631,0.0057531542552558,0.0059325123613214,-0.0001090037061260013,False
2020,2021,10,container,0.2959893740423732,0.2189909481182575,0.1211062590975254,0.1100436681222707,0.0696195835154459,0.0522710176155839,0.011062590975254694,False
2020,2021,10,gas,0.0897919486483896,0.0681995058728559,0.0211554109031733,0.0268510984540276,0.0031838108614373,0.0041375294706881,-0.005695687550854301,False
2020,2021,10,general,0.1371596788859252,0.116440881275712,0.0330129544504805,0.0309235269536147,0.0133109477869498,0.0125110026294031,0.0020894274968657964,False
2020,2021,10,roro,0.1315169044822475,0.0842452090267992,0.0248447204968944,0.0232919254658385,0.0123364742810615,0.0126323788993408,0.0015527950310559,False
2020,2021,10,tanker,0.2432546627504898,0.207651264230975,0.0841849991338991,0.0805473757145331,0.0358561895026526,0.030968795310777,0.003637623419365993,False
2020,2021,20,all,0.2852834584353039,0.2346259768421721,0.0826121511833274,0.0815083009537266,0.0596663671071752,0.052692178817246,0.0011038502296008001,False
2020,2021,20,bulk,0.1871238538970684,0.1401205618053219,0.0279049487682581,0.0255068672334859,0.0120152774524513,0.0111210607033153,0.0023980815347721986,False
2020,2021,20,container,0.4397123316601751,0.3686788031337291,0.2020378457059679,0.2058224163027656,0.134184145671716,0.1145273193713813,-0.0037845705967977095,False
2020,2021,20,gas,0.1954072595644406,0.1534820763124521,0.0504475183075671,0.0398698128559804,0.0123428838237505,0.0085310210323491,0.010577705451586698,False
2020,2021,20,general,0.2735612232666504,0.2419993025918251,0.0739657333890514,0.0643543669034684,0.036247935548063,0.0413701795615975,0.009611366485583,False
2020,2021,20,roro,0.2666113528558899,0.2118235924787408,0.0543478260869565,0.0605590062111801,0.0277297849521934,0.0318382547618908,-0.0062111801242236,False
2020,2021,20,tanker,0.3548843800520054,0.3066959328773158,0.1120734453490386,0.1148449679542698,0.0508010210932254,0.0483841533117209,-0.002771522605231197,False
2020,2021,50,all,0.4762007437039205,0.3759344470829649,0.1607205934298834,0.1573648887318968,0.1509787076064536,0.1098834008967532,0.0033557046979866,False
2020,2021,50,bulk,0.3470230848349082,0.2401196808761896,0.0452365380422934,0.053411816001744,0.023914928547698,0.0231386437457127,-0.008175277959450604,False
2020,2021,50,container,0.7280485285498784,0.5594986076234022,0.4410480349344978,0.3592430858806404,0.3664200026271638,0.2312439580473382,0.08180494905385738,False
2020,2021,50,gas,0.2716346875840155,0.2567571850744851,0.0772986167615947,0.0838079739625712,0.0185516674388478,0.0225273516917774,-0.006509357200976493,False
2020,2021,50,general,0.4757425201324885,0.4158162035685366,0.1379022147931466,0.2030923526953614,0.0865449586494275,0.1150227222433454,-0.06519013790221481,False
2020,2021,50,roro,0.4837532439381808,0.403651955406812,0.0869565217391304,0.139751552795031,0.0538702252299378,0.07770928706774,-0.05279503105590058,False
2020,2021,50,tanker,0.5385059766462895,0.4642908466149958,0.2128875801143253,0.2011086090420925,0.1071671869242588,0.1013841437504593,0.011778971072232802,False
2020,2022,5,all,0.1079300540024468,0.0868113675458134,0.033916226108174,0.0397722651484343,0.0172393675385512,0.0239246716333256,-0.005856039040260302,False
2020,2022,5,bulk,0.0649272053879018,0.0484940527690568,0.01827276439363,0.0190894242547978,0.0072834364306894,0.0083209147892926,-0.0008166598611678011,False
2020,2022,5,container,0.1721358034222035,0.1903157630781639,0.0549610894941634,0.0975194552529182,0.0322676798099953,0.0531277124303677,-0.0425583657587548,False
2020,2022,5,gas,0.05489390312542,0.0183180724057029,0.016419077404222,0.0101641907740422,0.0029322743992049,0.0017821477725804,0.0062548866301798,False
2020,2022,5,general,0.0705515191688662,0.0731917779662774,0.0180353031465848,0.032233307751343,0.0079589783937369,0.0133912035014218,-0.014198004604758199,False
2020,2022,5,roro,0.0624537124999979,0.0506234403205849,0.0068027210884353,0.0095238095238095,0.0009438940207386,0.0034862896225373,-0.0027210884353742,False
2020,2022,5,tanker,0.1568649807320476,0.0785800208245391,0.0587264929066314,0.0471791487957769,0.0193818307617202,0.0155940878139591,0.0115473441108545,False
2020,2022,10,all,0.1903320572671027,0.1484308473671644,0.0591297275315168,0.056364375762505,0.0384248877955294,0.0321343494354478,0.002765351769011805,False
2020,2022,10,bulk,0.1117847343001905,0.084854534782135,0.0217435688035933,0.0224581461821151,0.008577424835695,0.0094481308753121,-0.0007145773785217982,False
2020,2022,10,container,0.3095540078731493,0.2393281818189771,0.1383754863813229,0.122568093385214,0.0836263055279411,0.0665451117233908,0.015807392996108907,False
2020,2022,10,gas,0.1032600990760799,0.083275107677596,0.0258014073494917,0.0351837372947615,0.0042180087554919,0.0057254677553838,-0.009382329945269798,False
2020,2022,10,general,0.1438538183123201,0.1206286635883852,0.0391404451266308,0.0395241749808135,0.0180395177337941,0.0181355272422187,-0.00038372985418270306,False
2020,2022,10,roro,0.1323370172298689,0.0816429691878006,0.0136054421768707,0.0136054421768707,0.0051392969407255,0.0069335296893067,0.0,False
2020,2022,10,tanker,0.2596239822239486,0.2089927028972502,0.0869350049488617,0.0831408775981524,0.0345652456121481,0.0289743249176333,0.0037941273507092893,False
2020,2022,20,all,0.3026342078459302,0.2521580082125157,0.0947132980886539,0.0962993086620577,0.0652187909972586,0.0648549830890544,-0.0015860105734037955,False
2020,2022,20,bulk,0.2032444729770172,0.1522530919965364,0.0387913434054716,0.0373621886484279,0.0163660654663886,0.0162565615654181,0.0014291547570437005,False
2020,2022,20,container,0.4413854641743523,0.3862408590653422,0.2120622568093385,0.235408560311284,0.1391113991819917,0.1408912124711659,-0.023346303501945498,False
2020,2022,20,gas,0.2190481868294381,0.174155845908997,0.0594214229867083,0.0508209538702111,0.0141809339776796,0.008626559085501,0.0086004691164972,False
2020,2022,20,general,0.2696282794390177,0.254064022211604,0.0817344589409056,0.0775134305448963,0.0391439958465845,0.0465207399396706,0.0042210283960092965,False
2020,2022,20,roro,0.2748070893606437,0.212789841467186,0.0571428571428571,0.0612244897959183,0.0258506441007573,0.0289242993008162,-0.004081632653061197,False
2020,2022,20,tanker,0.373520384455218,0.3148007110007205,0.1230616958099637,0.1191026064005278,0.0512484445675601,0.0473161635961076,0.003959089409435901,False
2020,2022,50,all,0.4975268042329807,0.4003546594788507,0.1823098820658804,0.1793411956079707,0.1609662793981347,0.1253033148394832,0.0029686864579096806,False
2020,2022,50,bulk,0.3705847309552579,0.2627297942129994,0.064618211514904,0.0709473254389546,0.031035862007787,0.0314446451298586,-0.006329113924050597,False
2020,2022,50,container,0.716902977777738,0.5655293161837636,0.447227626459144,0.384727626459144,0.3638233842230738,0.2548634161640736,0.0625,False
2020,2022,50,gas,0.3061576350139016,0.2878030752953953,0.0953870211102423,0.0977326035965598,0.0231394304470481,0.0266220067252685,-0.002345582486317499,False
2020,2022,50,general,0.475590076132384,0.4402458820035898,0.1561780506523407,0.237145049884881,0.0942370203484884,0.1351651772447449,-0.0809669992325403,False
2020,2022,50,roro,0.4792625614158763,0.3928939742737333,0.0884353741496598,0.1346938775510204,0.043538003863963,0.0673312696828103,-0.04625850340136062,False
2020,2022,50,tanker,0.5580222143954319,0.4828673794851669,0.2337512372154404,0.2129660178159023,0.1165854110875811,0.1019617941595726,0.02078521939953809,False
2020,2023,5,all,0.1150650731805309,0.0939575243743831,0.034043932884818,0.038947880359893,0.0188937888494445,0.0254677026373165,-0.004903947475074999,False
2020,2023,5,bulk,0.0746934891960621,0.0557172597829521,0.0190699571690801,0.0192739139302467,0.0075106721224626,0.0083051015096729,-0.00020395676116660016,False
2020,2023,5,container,0.1832284982271933,0.2050213694753338,0.0610668597634564,0.1008930726526671,0.0396310960984453,0.0615159330596009,-0.0398262128892107,False
2020,2023,5,gas,0.0568887425432005,0.0183533255326119,0.0155884645362431,0.0077942322681215,0.0025332295187333,0.0006965063406455,0.0077942322681216,False
2020,2023,5,general,0.0882737779020546,0.0928334808066467,0.0171473109898675,0.0327357755261106,0.0089540633557063,0.0171196988978895,-0.015588464536243102,False
2020,2023,5,roro,0.0612467846255952,0.0518348181028354,0.0134952766531713,0.0053981106612685,0.0023613672999606,0.0014527097225705,0.0080971659919028,False
2020,2023,5,tanker,0.1547057282869218,0.0775308074123843,0.0531377343113284,0.0417277913610431,0.0164601480708241,0.0130434728012366,0.011409942950285301,False
2020,2023,10,all,0.2018895954682069,0.1563678830445631,0.0586041987517224,0.0562535462430088,0.0389149203286827,0.0349009107074007,0.0023506525087136007,False
2020,2023,10,bulk,0.1334302040129254,0.100752770922828,0.0228431572506628,0.0231490923924128,0.0091990358877566,0.0097153307651305,-0.00030593514175000086,False
2020,2023,10,container,0.3175302309645185,0.2527296131307561,0.1383055756698044,0.1262370263094376,0.0889861695722427,0.0776742849526332,0.012068549360366804,False
2020,2023,10,gas,0.0974803945903456,0.0777910841794929,0.0210444271239282,0.0288386593920498,0.0035768156826997,0.00521734218165,-0.007794232268121603,False
2020,2023,10,general,0.163316328344431,0.1385133918910077,0.0448168355416991,0.0416991426344505,0.026864514373095,0.0250924277177704,0.003117692907248601,False
2020,2023,10,roro,0.1284877565141012,0.0821500480709742,0.0161943319838056,0.0080971659919028,0.0056070580712965,0.0046984004939064,0.0080971659919028,False
2020,2023,10,tanker,0.2642048614980172,0.2001365485779971,0.0806845965770171,0.0795436022819885,0.0299018902520985,0.0269438288986149,0.0011409942950285912,False
2020,2023,20,all,0.3113695192310552,0.2607445961881705,0.0987274053659722,0.0963767528572586,0.0670408710035841,0.067282714401892,0.0023506525087136076,False
2020,2023,20,bulk,0.2236422212931361,0.1728850479325976,0.0460942280236589,0.0392616765245767,0.0204460805419733,0.0175649318197689,0.006832551499082205,False
2020,2023,20,container,0.4488510076938098,0.4000887892413788,0.2133719526912865,0.2341298575911175,0.1459512080584446,0.1517836749980785,-0.02075790489983101,False
2020,2023,20,gas,0.2038816485846327,0.1645423176591404,0.0522213561964146,0.0553390491036632,0.0121130057758879,0.0119452427989809,-0.003117692907248594,False
2020,2023,20,general,0.2840490502626376,0.269417144590297,0.0923616523772408,0.0791114575214341,0.045951258421811,0.0510493495982372,0.013250194855806696,False
2020,2023,20,roro,0.2694337257583054,0.2133524934531179,0.0566801619433198,0.0647773279352226,0.02799673123969,0.0337866776025535,-0.008097165991902806,False
2020,2023,20,tanker,0.3736430722604443,0.3041807725817558,0.1229013854930725,0.1142624286878565,0.0497649035013411,0.0436749817750826,0.008638956805216008,False
2020,2023,50,all,0.5018494056494812,0.4112096226524793,0.1844451649509605,0.183148253222015,0.1576635173083944,0.1243688787025859,0.001296911728945499,False
2020,2023,50,bulk,0.3814018543773704,0.284491950623058,0.0720987150724046,0.0810728125637364,0.0349150016998246,0.0370106121787248,-0.008974097491331795,False
2020,2023,50,container,0.7308929373656248,0.5862976322799519,0.447501810282404,0.3828143857108375,0.3677981596823173,0.2580498973408957,0.06468742457156651,False
2020,2023,50,gas,0.2894208319331707,0.2755206252285775,0.1021044427123928,0.1052221356196414,0.0249899217792676,0.0264468169049488,-0.003117692907248601,False
2020,2023,50,general,0.4900898008113741,0.4408197761482004,0.162120031176929,0.2357755261106781,0.0917430678521038,0.1353759696785249,-0.0736554949337491,False
2020,2023,50,roro,0.4557938000524156,0.39377003988877,0.0931174089068826,0.1376518218623481,0.0494638837711103,0.0680630696147385,-0.044534412955465494,False
2020,2023,50,tanker,0.5528751831672089,0.4819160938403335,0.223960880195599,0.2112469437652811,0.1058226863724706,0.0967316838927292,0.012713936430317901,False
2020,2024,5,all,0.0993513857090556,0.0879811198410864,0.0355980030388539,0.0367701324072064,0.0189948954504561,0.0242369292624184,-0.0011721293683524953,False
2020,2024,5,bulk,0.067813065560418,0.0533043400256147,0.0162966203653067,0.0155310073280105,0.0064362934816796,0.0063525733563886,0.0007656130372961992,False
2020,2024,5,container,0.1509172008658948,0.1855115531022487,0.0570824524312896,0.0901162790697674,0.0364149792263162,0.0575012624150172,-0.033033826638477794,False
2020,2024,5,gas,0.0443009890182968,0.0192404937238875,0.0135478408128704,0.0059271803556308,0.0027975747408831,0.0013094933639117,0.0076206604572396,False
2020,2024,5,general,0.0773902523141072,0.0871512902214475,0.0204666393778141,0.034793286942284,0.0088137439194644,0.0186449462054282,-0.0143266475644699,False
2020,2024,5,roro,0.0476610559356304,0.0545687268425684,0.0172413793103448,0.0114942528735632,0.0057754341979927,0.0067970681533491,0.0057471264367816004,False
2020,2024,5,tanker,0.1398016340572968,0.0793852016316069,0.0651347615756738,0.045611610228058,0.0232614890393024,0.0162197864289935,0.0195231513476158,False
2020,2024,10,all,0.1668646615064759,0.1517669852896238,0.0598654221836336,0.0568265682656826,0.0367256217450981,0.0338301909433054,0.003038853917951001,False
2020,2024,10,bulk,0.1161737536125851,0.1007459662659347,0.0204528054249152,0.0196871923876189,0.0080147041845962,0.0078933325159459,0.0007656130372962998,False
2020,2024,10,container,0.2617757891393009,0.2342476625330438,0.1268498942917547,0.1162790697674418,0.0774413244603405,0.071185901142085,0.010570824524312891,False
2020,2024,10,gas,0.0626566286435626,0.0775842132862776,0.02116850127011,0.0313293818797629,0.0048541362355373,0.0056676222664805,-0.010160880609652898,False
2020,2024,10,general,0.1374960211726869,0.1324841135990171,0.04625460499386,0.0401146131805157,0.0232019308422507,0.0224650690289289,0.006139991813344299,False
2020,2024,10,roro,0.0852230493780455,0.0780677552252802,0.021551724137931,0.0129310344827586,0.0087457341644322,0.0068786349279213,0.008620689655172402,False
2020,2024,10,tanker,0.2219020363250793,0.2046740847611257,0.0965791292328956,0.0941603317208016,0.0403231961369369,0.0361333428622552,0.0024187975120940064,False
2020,2024,20,all,0.2664569721203272,0.2388040424495497,0.0965053179943564,0.0944215324506186,0.0632316416597742,0.0656605008304513,0.0020837855437377956,False
2020,2024,20,bulk,0.1974409096045551,0.1579760378457002,0.0409056108498304,0.0356556928797987,0.0169174676100853,0.0149148970854183,0.005249917970031701,False
2020,2024,20,container,0.3902034462924946,0.3703800983916298,0.2000528541226215,0.21723044397463,0.1357201125447264,0.1456823397601602,-0.017177589852008512,False
2020,2024,20,gas,0.1457026191015738,0.1450243205378957,0.0482641828958509,0.0533446232006773,0.0098962958025977,0.0110136918063524,-0.005080440304826399,False
2020,2024,20,general,0.2480815125517327,0.2442087302596899,0.095374539500614,0.0790012279983626,0.0533354833785872,0.057432553077286,0.01637331150225141,False
2020,2024,20,roro,0.1959884566555357,0.1731360807413933,0.0545977011494252,0.057471264367816,0.027665483360935,0.034407296713085,-0.002873563218390801,False
2020,2024,20,tanker,0.3225098647627978,0.2883301202981825,0.1319972356599861,0.1262957843814789,0.0559520809480861,0.0530052862011928,0.0057014512785072136,False
2020,2024,50,all,0.4498008151315581,0.36550418863855,0.1742131538962448,0.179162144562622,0.1371849606587868,0.1156831171756197,-0.00494899066637719,False
2020,2024,50,bulk,0.3447450066530679,0.2543673382550321,0.067155200699989,0.0776550366400525,0.0309570240795167,0.0344108699173343,-0.010499835940063498,False
2020,2024,50,container,0.6568744890929911,0.5278740858128047,0.4053911205073995,0.3652219873150105,0.3158371458177412,0.2346636493697823,0.04016913319238902,False
2020,2024,50,gas,0.2236199647393673,0.2132496203548022,0.0948348856900931,0.1033022861981371,0.0206947390777547,0.0252338021938609,-0.008467400508043996,False
2020,2024,50,general,0.4593252078460885,0.4099630069212642,0.1698731068358575,0.2419156774457634,0.1083412587619092,0.1508364272768616,-0.0720425706099059,False
2020,2024,50,roro,0.4113209874001878,0.3254908322452768,0.0804597701149425,0.1149425287356321,0.0471804388720214,0.0610104663651047,-0.0344827586206896,False
2020,2024,50,tanker,0.4987737848251362,0.4328646706917041,0.2214927436074637,0.2145818935729094,0.1033673420383307,0.100306939851921,0.0069108500345543,False
2020,2025,5,all,0.0971596595253445,0.0863181425444453,0.0377618760237951,0.0372876972152771,0.0181573298558642,0.0229910019541681,0.0004741788085179943,False
2020,2025,5,bulk,0.0674541348697612,0.0542121571316841,0.0159819800493403,0.0130859165504665,0.0068316007919898,0.0059936561258938,0.002896063498873799,False
2020,2025,5,container,0.1457599703929103,0.1785968284541104,0.0518094246290028,0.0856547774017183,0.0334795168634519,0.0528233143193312,-0.0338453527727155,False
2020,2025,5,gas,0.0459585838333163,0.018270767548537,0.0219039595619208,0.0109519797809604,0.0039878615313548,0.0017984728690233,0.0109519797809604,False
2020,2025,5,general,0.0780540102442289,0.0837110529773922,0.0209790209790209,0.0329082682023858,0.0095653639271203,0.0162431408707069,-0.0119292472233649,False
2020,2025,5,roro,0.0408136506476566,0.051927433798517,0.0179806362378976,0.0207468879668049,0.0049160132206597,0.0064778564801973,-0.0027662517289073,False
2020,2025,5,tanker,0.1376282414918868,0.0780325058311848,0.0769365887932548,0.0537502195678903,0.0222619871508831,0.0169818914477488,0.023186369225364496,False
2020,2025,10,all,0.160851757758917,0.1484240275365344,0.0598758513664971,0.0564272782136391,0.034469159269201,0.0318086737810234,0.0034485731528580005,False
2020,2025,10,bulk,0.1138717684636504,0.1032374072291599,0.0205942293253244,0.0187707819371446,0.0087147863812041,0.0082806342197497,0.0018234473881798031,False
2020,2025,10,container,0.2485778524474514,0.2211508502411202,0.1171569903670919,0.1119500130174433,0.0716336349542532,0.0665096793180098,0.005206977349648603,False
2020,2025,10,gas,0.0629271054698355,0.077157127578409,0.025273799494524,0.029486099410278,0.0053767854768322,0.0051100552267179,-0.004212299915754,False
2020,2025,10,general,0.1329846726960378,0.1278708375137658,0.044014808720691,0.0378445084327437,0.0223631208007511,0.0200955520203239,0.0061703002879473015,False
2020,2025,10,roro,0.0800637240468681,0.07718737603331,0.0248962655601659,0.0235131396957123,0.0064481757116857,0.0065340748846254,0.0013831258644536014,False
2020,2025,10,tanker,0.2156113633182274,0.2021375937737796,0.1039873528895134,0.0983664148954856,0.0369383640191541,0.0330852715933172,0.005620937994027797,False
2020,2025,20,all,0.2607757051544608,0.235623017684943,0.0947926545391844,0.092033796016898,0.0594680271380574,0.0609172532429318,0.0027588585222863976,False
2020,2025,20,bulk,0.1928842271646424,0.1598180175515736,0.0397940577067467,0.0330365762093746,0.0175410499424478,0.0146793064729839,0.006757481497372098,False
2020,2025,20,container,0.3747690133035334,0.3562327033950396,0.187451184587347,0.2072376985160114,0.1254827486537784,0.1337847821698747,-0.0197865139286644,False
2020,2025,20,gas,0.1438595081682429,0.1426830602534328,0.0564448188711036,0.0513900589721988,0.0130421460020273,0.0127761599665004,0.005054759898904797,False
2020,2025,20,general,0.2485259331630812,0.2392390667365262,0.0896750308515014,0.0699300699300699,0.0451767235903477,0.0445906719377422,0.019744960921431506,False
2020,2025,20,roro,0.1943317018562806,0.174809500488679,0.0622406639004149,0.0608575380359612,0.0265426213212567,0.0283072497476416,0.001383125864453695,False
2020,2025,20,tanker,0.3218865211014763,0.2887918147350408,0.1366590549797997,0.1327946601089056,0.0510087107284024,0.049461767239516,0.0038643948708941,False
2020,2025,50,all,0.4492937054482812,0.3624950959297477,0.1711785498749892,0.1765238382619191,0.1303254118497587,0.108780307113001,-0.005345288386929908,False
2020,2025,50,bulk,0.3479505024537037,0.2547539159309251,0.0670385069183739,0.0771210983588973,0.0330519588552385,0.0337384402914818,-0.010082591440523397,False
2020,2025,50,container,0.642791804593805,0.5126181993698288,0.3853163238739912,0.3460036448841447,0.290980932770483,0.2134232652508436,0.03931267898984647,False
2020,2025,50,gas,0.2250218424812278,0.2111474085725599,0.0994102780117944,0.1120471777590564,0.0249846431652693,0.0301395199590353,-0.012636899747261995,False
2020,2025,50,general,0.4514188186074509,0.3999827336930798,0.1559029206088029,0.2221308103661045,0.0937734445593363,0.1333292717473469,-0.0662278897573016,False
2020,2025,50,roro,0.424074732029452,0.3383230556669818,0.0968188105117565,0.1203319502074688,0.0535706607403883,0.0598232805483636,-0.023513139695712296,False
2020,2025,50,tanker,0.5048150730844478,0.4377658757604411,0.2281749516950641,0.2260670999473037,0.0994329679333343,0.0985239738474324,0.002107851747760403,False
2021,2018,5,all,0.0977184691678225,0.0825750003827449,0.0437529691211401,0.0485510688836104,0.0130504415044549,0.0172992603688318,-0.004798099762470302,False
2021,2018,5,bulk,0.0801352600405936,0.0506469189541981,0.0333645516272535,0.0300866307656286,0.0114766224017091,0.0102581734151043,0.0032779208616249,False
2021,2018,5,container,0.1117379474042836,0.1275017226184138,0.0470852017937219,0.076873798846893,0.0177386491277807,0.0318092398711142,-0.029788597053171093,False
2021,2018,5,gas,0.0629596250711246,0.066543262351019,0.0312204351939451,0.0378429517502365,0.0038708805385872,0.0046950320939565,-0.006622516556291397,False
2021,2018,5,general,0.0744096607872008,0.069096562484443,0.0336134453781512,0.0459973463069438,0.0082622800109259,0.0134355753813887,-0.012383900928792602,False
2021,2018,5,roro,0.067126452224768,0.0510703916496691,0.0205580029368575,0.0190895741556534,0.006920358153584,0.007111114876977,0.0014684287812040987,False
2021,2018,5,tanker,0.1415068434932459,0.1126855626056025,0.0679413402635975,0.0683126044180434,0.0149596361504563,0.0138011768111639,-0.00037126415444591054,False
2021,2018,10,all,0.1778443414937507,0.1335550677958688,0.0691686460807601,0.0709263657957244,0.0403961847171031,0.0327485634675257,-0.001757719714964301,False
2021,2018,10,bulk,0.1021111052956101,0.0806042382426487,0.03816436431749,0.0416764223835167,0.013154107491523,0.0155869207239709,-0.0035120580660267034,False
2021,2018,10,container,0.2965961231769678,0.2236666793795145,0.1326073030108904,0.1354900704676489,0.0781874125263471,0.0646805489261158,-0.0028827674567585004,False
2021,2018,10,gas,0.1356224581723918,0.1020408773664447,0.0501419110690633,0.0586565752128666,0.0318280422274161,0.0085158771502418,-0.0085146641438033,False
2021,2018,10,general,0.1390900697765061,0.1090704003994293,0.0495356037151702,0.0561698363555948,0.0249894721683282,0.0194179022605023,-0.006634232640424599,False
2021,2018,10,roro,0.1588164688535553,0.0792599055660657,0.0411160058737151,0.0337738619676945,0.0212051876554054,0.0149513144658357,0.007342143906020594,False
2021,2018,10,tanker,0.2289516402998448,0.1714780542830153,0.0970855763875997,0.0931873027659179,0.0307121653529519,0.0256199775503029,0.003898273621681797,False
2021,2018,20,all,0.284281729936842,0.256354519626787,0.1128741092636579,0.1066033254156769,0.083594728819698,0.063931347054101,0.006270783847981007,False
2021,2018,20,bulk,0.1607869772040482,0.1617604333675115,0.0550222430344181,0.058300163896043,0.0210977727316727,0.0231819289014408,-0.0032779208616249,False
2021,2018,20,container,0.486479331318609,0.3969826037546242,0.2572069186418962,0.2280589365791159,0.184280969370032,0.1244602363848968,0.029147982062780298,False
2021,2018,20,gas,0.2344342391480553,0.2261033843699391,0.0898770104068117,0.0927152317880794,0.0443563537919012,0.0444899852394449,-0.0028382213812677,False
2021,2018,20,general,0.2581160380922749,0.2426525098952306,0.1034940291906236,0.0959752321981424,0.0514524357421745,0.0552083318049472,0.007518796992481203,False
2021,2018,20,roro,0.2583938590313263,0.230258723051872,0.0558002936857562,0.0572687224669603,0.0274486779941978,0.0270417045979241,-0.0014684287812040953,False
2021,2018,20,tanker,0.3371863822849477,0.3068919386486847,0.1366252088360868,0.126229812511602,0.0514879911844991,0.0451583078443806,0.010395396324484801,False
2021,2018,50,all,0.4727634768365473,0.3640853540914774,0.1983372921615201,0.1794299287410926,0.1757550461127132,0.126352920937691,0.01890736342042751,False
2021,2018,50,bulk,0.3309547769968238,0.2297504938695908,0.081713884336221,0.0860454226176539,0.0359834352489529,0.0364396454451981,-0.004331538281432901,False
2021,2018,50,container,0.7356572914923809,0.5508727711959228,0.4993593850096092,0.3910954516335682,0.4051370015671273,0.2578874177504732,0.10826393337604101,False
2021,2018,50,gas,0.3297684441585828,0.2981482049876197,0.1277199621570482,0.130558183538316,0.0533540444783226,0.0584759947861167,-0.002838221381267797,False
2021,2018,50,general,0.4726544176267014,0.379956262822966,0.2016806722689075,0.2291021671826625,0.1227885031553217,0.1296518512726286,-0.02742149491375498,False
2021,2018,50,roro,0.4721886852670421,0.3936452781772661,0.1071953010279001,0.1527165932452276,0.0582701335748392,0.0827725553962108,-0.045521292217327494,False
2021,2018,50,tanker,0.5086542071991721,0.4239215709394746,0.2327826248375719,0.1969556339335437,0.1089834747913687,0.0874784633819885,0.03582699090402819,False
2021,2019,5,all,0.1004448473747754,0.083396817356575,0.0350288361539188,0.0408433393211685,0.0121749604094745,0.016774503458336,-0.005814503167249699,False
2021,2019,5,bulk,0.0841206129554845,0.0510734014637177,0.0260434833158935,0.0242995000581327,0.0088466421875666,0.0079007340173962,0.0017439832577607998,False
2021,2019,5,container,0.1065977369599664,0.1287340865974254,0.0482917214191852,0.0837713534822601,0.0191190977650104,0.0357723518375943,-0.0354796320630749,False
2021,2019,5,gas,0.0625426885187642,0.0632216892966099,0.0284444444444444,0.0364444444444444,0.0041164742065021,0.0050174212979601,-0.007999999999999997,False
2021,2019,5,general,0.0742403513250107,0.0673658829555513,0.0232558139534883,0.0332877336981304,0.0088432970252458,0.0129269454726816,-0.010031919744642102,False
2021,2019,5,roro,0.0775371670757278,0.0597807815597798,0.0180451127819548,0.0165413533834586,0.0062394409615695,0.0061005857541277,0.0015037593984962017,False
2021,2019,5,tanker,0.1491808333703043,0.1161779163684344,0.0497647484618168,0.0497647484618168,0.0130429633081152,0.0112289666255487,0.0,False
2021,2019,10,all,0.1807936790150959,0.1337029578746548,0.0580977592890233,0.0605086508461756,0.0348749731811083,0.0301559226613935,-0.002410891557152302,False
2021,2019,10,bulk,0.1108627589668998,0.082559047595113,0.0287175909777932,0.0334844785490059,0.0096074385835702,0.0120616812137641,-0.004766887571212703,False
2021,2019,10,container,0.2892340800497934,0.2188245408092148,0.1366622864651774,0.1402759526938239,0.0794680035158051,0.0675885753612878,-0.003613666228646506,False
2021,2019,10,gas,0.1300510827524591,0.0973624801964679,0.04,0.048,0.0106591221197026,0.00679283019816,-0.008,False
2021,2019,10,general,0.1380582416800022,0.1094072079393369,0.037391700866393,0.0474236206110351,0.019693354171692,0.0217001014409659,-0.010031919744642098,False
2021,2019,10,roro,0.1685878021146831,0.0828044238464005,0.0526315789473684,0.0330827067669172,0.0260741312705623,0.0133452668173103,0.019548872180451198,False
2021,2019,10,tanker,0.2393753346193969,0.1778051551356752,0.0731089395584509,0.0696706478465436,0.0238020247979676,0.0194444841870391,0.003438291711907293,False
2021,2019,20,all,0.2909772947298356,0.2606521729814578,0.0982320128580883,0.0914720620213671,0.0716201353664229,0.0527308222842968,0.006759950836721207,False
2021,2019,20,bulk,0.1725376717486326,0.1740690195147241,0.0461574235554005,0.0487152656667829,0.0170137010943029,0.0193453369284623,-0.002557842111382401,False
2021,2019,20,container,0.4807936874682638,0.380918627265384,0.2486859395532194,0.2112352168199737,0.1758884056527744,0.1129069360294828,0.037450722733245706,False
2021,2019,20,gas,0.2289274760199435,0.2213246233556078,0.0728888888888888,0.072,0.0196312378745025,0.0192753943554618,0.0008888888888888002,False
2021,2019,20,general,0.2733353101187458,0.2445047438866431,0.0939352485180118,0.0852713178294573,0.0453687085218274,0.0487056227871235,0.008663930688554505,False
2021,2019,20,roro,0.2780809784135259,0.2465075241183186,0.0646616541353383,0.0571428571428571,0.0304173070472053,0.0247031920520685,0.007518796992481196,False
2021,2019,20,tanker,0.3544799762283644,0.3237110738752649,0.1073108939558451,0.1026058631921824,0.0397861330016948,0.0372029394632023,0.0047050307636627015,False
2021,2019,50,all,0.4867297200825108,0.3729656768967648,0.1836532097948378,0.166398789826983,0.1651554799455842,0.1140670281233995,0.01725441996785479,False
2021,2019,50,bulk,0.3521862089329061,0.2434716189955159,0.0738286245785373,0.0772003255435414,0.0319544447600153,0.0313213606110664,-0.0033717009650041097,False
2021,2019,50,container,0.7489809590347526,0.5533805628085433,0.4957293035479632,0.3827201051248357,0.4205937918187694,0.2515976982672168,0.11300919842312751,False
2021,2019,50,gas,0.321363916163652,0.2945197564590621,0.1137777777777777,0.1146666666666666,0.0276669398508138,0.0376646823067389,-0.0008888888888888974,False
2021,2019,50,general,0.4858399168054748,0.3911881450041243,0.1796625626994984,0.2143182854537163,0.1024126382731511,0.1215431668682524,-0.03465572275421791,False
2021,2019,50,roro,0.4815573334032241,0.4109450721850479,0.0962406015037594,0.1338345864661654,0.0516939267246765,0.0704192298333835,-0.037593984962405985,False
2021,2019,50,tanker,0.5362011850840184,0.4425844248242683,0.2090119435396308,0.181505609844372,0.0939746392271013,0.0793706176702225,0.02750633369525879,False
2021,2020,5,all,0.1013470827014016,0.0848798417361469,0.0329801934592353,0.038093044679871,0.0111297884848934,0.0157652636531687,-0.005112851220635699,False
2021,2020,5,bulk,0.0818828377906468,0.0485576661651062,0.0204286671131949,0.0187541862022772,0.006921676336135,0.0062105731650997,0.001674480910917698,False
2021,2020,5,container,0.1093373566130675,0.138118702930732,0.0429116338207247,0.0766052129688493,0.0172550788221182,0.033722146299491,-0.0336935791481246,False
2021,2020,5,gas,0.0508297211900321,0.0508514287747975,0.0213310580204778,0.023037542662116,0.0015231513656326,0.0013578117467635,-0.0017064846416381986,False
2021,2020,5,general,0.0764010695068001,0.0717355336821352,0.0226119058606368,0.036455929856945,0.0084255035204695,0.0150163056341492,-0.0138440239963082,False
2021,2020,5,roro,0.0770404150409762,0.0596103437050355,0.0224358974358974,0.0256410256410256,0.0114534023997716,0.0116104269242825,-0.003205128205128197,False
2021,2020,5,tanker,0.1589011906407675,0.1237171232192351,0.0549353180932128,0.0524543682438419,0.0141598639976066,0.0126786782910675,0.002480949849370903,False
2021,2020,10,all,0.1820035265895946,0.1360849627245559,0.055688622754491,0.0583602026715799,0.0356733491036545,0.0302357839363621,-0.002671579917088905,False
2021,2020,10,bulk,0.1108891213589458,0.0810977654105814,0.0226613083277517,0.0280196472426881,0.0076170027527311,0.0102930909293984,-0.005358338914936402,False
2021,2020,10,container,0.2971184171318896,0.2322558003981362,0.1331849968213604,0.1385886840432295,0.0847485788610329,0.0702111811985297,-0.005403687221869097,False
2021,2020,10,gas,0.1129310409452773,0.0786029884625231,0.0324232081911262,0.0341296928327645,0.0054229627440043,0.0030588085782954,-0.0017064846416382992,False
2021,2020,10,general,0.1445897101534849,0.1159882239859946,0.0378403322565759,0.0498384863867097,0.0213375886460994,0.0239557835856175,-0.011998154130133803,False
2021,2020,10,roro,0.1716606235429254,0.0801031745194276,0.0416666666666666,0.0288461538461538,0.0286714116987874,0.0136628688717739,0.012820512820512803,False
2021,2020,10,tanker,0.2471961027454871,0.1864005055530583,0.0781499202551834,0.0733652312599681,0.0266889948977899,0.0209430279759007,0.004784688995215294,False
2021,2020,20,all,0.2901410946740652,0.2618987932009468,0.0949332105020727,0.0883003224320589,0.0699788781818029,0.0507918621046689,0.006632888070013804,False
2021,2020,20,bulk,0.1745150374421219,0.1762187895116523,0.0384014288903773,0.0413038624693011,0.0139131145660332,0.0158220037151627,-0.0029024335789238007,False
2021,2020,20,container,0.4834715985865221,0.3880223311239471,0.2415766052129688,0.2027972027972027,0.1727453073932784,0.1096836893925225,0.03877940241576611,False
2021,2020,20,gas,0.2148923454300194,0.2060414078677856,0.0614334470989761,0.0639931740614334,0.0154985103408514,0.0153844786269792,-0.0025597269624572996,False
2021,2020,20,general,0.2711816912238619,0.251275563869665,0.097831102907245,0.0830641439778495,0.0492781022336355,0.0474321094987549,0.014766958929395502,False
2021,2020,20,roro,0.2787252204496443,0.2436365084958998,0.0560897435897435,0.0544871794871794,0.0340811324120104,0.0321700994441188,0.0016025641025641038,False
2021,2020,20,tanker,0.3618387046733777,0.3302476063469879,0.1130604288499025,0.1098706361864256,0.0440765664760986,0.0400908799689933,0.0031897926634768953,False
2021,2020,50,all,0.4799906957450623,0.3694427857709944,0.1767388300322432,0.1598802395209581,0.1564638778208221,0.1093226167766668,0.016858590511285104,False
2021,2020,50,bulk,0.3545282919163635,0.2432951733360278,0.06876534940835,0.068095557043983,0.032706144831209,0.0273162141166262,0.0006697923643669973,False
2021,2020,50,container,0.7428865337747705,0.5583545549486464,0.4653528289891926,0.3684043229497775,0.3928697645308923,0.2440650325854742,0.09694850603941513,False
2021,2020,50,gas,0.2977913854842763,0.2742083539204544,0.1100682593856655,0.1015358361774744,0.0243203204909064,0.0277352475306203,0.0085324232081911,False
2021,2020,50,general,0.475166044364944,0.3888238950509681,0.1656668204891555,0.2090447623442547,0.0939015051573078,0.1147324778743794,-0.04337794185509922,False
2021,2020,50,roro,0.4773119046877681,0.3982719113065513,0.0913461538461538,0.1298076923076923,0.0588401189843887,0.0782659824315449,-0.03846153846153849,False
2021,2020,50,tanker,0.5351123160448655,0.4478351819588652,0.2147793726741095,0.1858940279992911,0.0988526864330046,0.0834409751439776,0.028885344674818375,False
2021,2021,5,all,0.0992248720715439,0.0811414098386058,0.0279494878134934,0.0325415047686329,0.0106249416373891,0.0146378445134582,-0.0045920169551395,True
2021,2021,5,bulk,0.0756679174705312,0.0413129531662984,0.0128624373228689,0.0115543928493568,0.0048810192199927,0.0045069982264656,0.0013080444735120988,True
2021,2021,5,container,0.1066287190462055,0.1278873410810768,0.0314410480349345,0.0634643377001455,0.0134670805167869,0.0276379771010641,-0.03202328966521101,True
2021,2021,5,gas,0.0487167891387202,0.0455454757728284,0.0154597233523189,0.0203417412530512,0.0024662835498774,0.0029498234584403,-0.004882017900732302,True
2021,2021,5,general,0.0817679390917356,0.0644079505420766,0.0142081069786878,0.0250731299623903,0.0042148793935768,0.0081043274645907,-0.010865022983702498,True
2021,2021,5,roro,0.0774292853168303,0.0522495648540429,0.0186335403726708,0.015527950310559,0.0071794067747937,0.0067359618547342,0.0031055900621118,True
2021,2021,5,tanker,0.1635194746043452,0.1335030616738959,0.0592412956868179,0.055084011778971,0.0217056772657436,0.018919090362066,0.0041572839078468996,True
2021,2021,10,all,0.1757458318978904,0.1275199329402928,0.0483486400565171,0.0498940303779583,0.0311933929458496,0.0261176582480678,-0.0015453903214412007,True
2021,2021,10,bulk,0.1003032586158454,0.0666157384269511,0.014388489208633,0.0184216263352954,0.0056152076685579,0.0073430689894488,-0.0040331371266623985,True
2021,2021,10,container,0.2807129331216577,0.2161322485688031,0.1080058224163027,0.1106259097525473,0.0652861434055799,0.0529833611976747,-0.0026200873362445948,True
2021,2021,10,gas,0.1013432594121252,0.0726540598881047,0.0244100895036615,0.0276647681041497,0.0055471732183766,0.0042810996739093,-0.003254678600488198,True
2021,2021,10,general,0.14699615548822,0.101742500393715,0.0242373589636439,0.0325950689511074,0.0131095340316441,0.0133654688862584,-0.008357709987463498,True
2021,2021,10,roro,0.1676646995904598,0.0717033199075731,0.0357142857142857,0.0217391304347826,0.0206514704425919,0.0120192032372102,0.013975155279503097,True
2021,2021,10,tanker,0.2510875678632506,0.1940080778481966,0.0833188983197644,0.0788151740862636,0.0360324210648798,0.029741229113003,0.004503724233500803,True
2021,2021,20,all,0.2858910750475726,0.2568153254128801,0.0855263157894736,0.0786382903567644,0.063503291339084,0.0464081915232612,0.006888025432709208,True
2021,2021,20,bulk,0.1675855669290659,0.1659802744527204,0.027141922825376,0.0279049487682581,0.010847406867755,0.0120458578385896,-0.0007630259428820993,True
2021,2021,20,container,0.4643450514845285,0.371067140649241,0.2125181950509461,0.1772925764192139,0.1447425831151386,0.0915133540265872,0.03522561863173221,True
2021,2021,20,gas,0.1970736396827519,0.1907867148345763,0.0512611879576891,0.048820179007323,0.0124971714357848,0.012295145219844,0.0024410089503660998,True
2021,2021,20,general,0.2741852941976599,0.2617333309927322,0.0743836188884245,0.0660259089009611,0.0362542848016683,0.0410228560530045,0.008357709987463394,True
2021,2021,20,roro,0.2736132292825496,0.2404325100201816,0.0543478260869565,0.0574534161490683,0.0277297849521934,0.028824083611158,-0.0031055900621118,True
2021,2021,20,tanker,0.3672551755739132,0.3355729311027907,0.1181361510479819,0.1144985276286159,0.0550870928519604,0.0501691876525733,0.0036376234193660067,True
2021,2021,50,all,0.4772387967566129,0.3689392637342046,0.1664606146238078,0.1555104203461674,0.1477472250360057,0.1058773783522192,0.01095019427764038,True
2021,2021,50,bulk,0.3474433319055245,0.236389947842243,0.0507957270547198,0.0545018530630041,0.0267444805067498,0.0235090411227479,-0.003706126008284301,True
2021,2021,50,container,0.7202272973822844,0.5460637906222668,0.4355167394468704,0.3452692867540029,0.3482792879450848,0.2200216528478398,0.09024745269286749,True
2021,2021,50,gas,0.2744475954994388,0.2514445587592686,0.0854353132628153,0.0821806346623271,0.0191988223033119,0.0219566514616018,0.003254678600488198,True
2021,2021,50,general,0.4884170742921828,0.4059947338321137,0.1554534057668199,0.2085248641872127,0.0968461519672304,0.1157849322194072,-0.05307145842039279,True
2021,2021,50,roro,0.4772324354018619,0.4034980750888807,0.0854037267080745,0.139751552795031,0.0506918499806506,0.07770928706774,-0.054347826086956486,True
2021,2021,50,tanker,0.5450242062456455,0.4567529261507173,0.2210289277671921,0.1985103065996882,0.113518560379222,0.0985489922184995,0.02251862116750389,True
2021,2022,5,all,0.1094774755053313,0.0912505946532172,0.031272875152501,0.0370475803172021,0.012422817882038,0.0178995562523266,-0.005774705164701105,False
2021,2022,5,bulk,0.0824891727132534,0.0465329917474771,0.0180685994283381,0.0161290322580645,0.007151961491668,0.0066137955805047,0.0019395671702736005,False
2021,2022,5,container,0.1303535010766694,0.1506662318255315,0.0352626459143968,0.0697957198443579,0.0167123009830352,0.0346526285937783,-0.0345330739299611,False
2021,2022,5,gas,0.0543167857637094,0.0514582999547698,0.016419077404222,0.0211102423768569,0.0029322743992049,0.003381569269324,-0.004691164972634901,False
2021,2022,5,general,0.0811635943063998,0.0697080156654588,0.0191864927091327,0.0314658480429777,0.0092705087363407,0.0129342174105203,-0.012279355333845002,False
2021,2022,5,roro,0.0736081337750147,0.0425036425651004,0.0054421768707482,0.0040816326530612,0.0003797876790932,0.0003888648999689,0.0013605442176870004,False
2021,2022,5,tanker,0.171657180238493,0.137953374314909,0.0613658858462553,0.0583965687891784,0.0211393154813494,0.018361542335653,0.002969317057076898,False
2021,2022,10,all,0.1901156425555709,0.1416460798324136,0.0535583570557137,0.0596583977226514,0.0347046922559835,0.0337037637102088,-0.0061000406669377005,False
2021,2022,10,bulk,0.1097195838193271,0.0785935779411528,0.0213352388730093,0.0279706002449979,0.0084041975944242,0.012322950980171,-0.006635361371988599,False
2021,2022,10,container,0.2945793339973754,0.2362253705583183,0.1155155642023346,0.1264591439688716,0.072109102477696,0.0688433971345399,-0.010943579766536995,False
2021,2022,10,gas,0.1164726966296573,0.0880175615716965,0.0265832681782642,0.035965598123534,0.0043516665043085,0.0057772376774826,-0.009382329945269798,False
2021,2022,10,general,0.1418113109706265,0.1075003402876262,0.0272448196469685,0.0414428242517267,0.0156757220483163,0.0188479533241492,-0.014198004604758199,False
2021,2022,10,roro,0.1655701485106369,0.0709401651663005,0.0258503401360544,0.019047619047619,0.0147454936659617,0.0085024825582059,0.006802721088435399,False
2021,2022,10,tanker,0.2673427252599637,0.1972234216567852,0.0839656878917849,0.0833058396568789,0.033654736012235,0.0285882006574339,0.0006598482349059881,False
2021,2022,20,all,0.3046878390546382,0.2732690077807824,0.0986986579910532,0.0915412769418462,0.0705708586437118,0.0559324603156163,0.007157381049207004,False
2021,2022,20,bulk,0.1835473404266631,0.1808150540382821,0.0385871784401796,0.0399142507145773,0.0150038732814857,0.0171112199006644,-0.0013270722743976976,False
2021,2022,20,container,0.4670913945155597,0.3763805217022221,0.228112840466926,0.1989299610894941,0.1538981417123373,0.1111736498645698,0.029182879377431914,False
2021,2022,20,gas,0.2208199752123738,0.2120408238544781,0.0594214229867083,0.0586395621579358,0.0141809339776796,0.0138028780536066,0.0007818608287724974,False
2021,2022,20,general,0.2726476124532324,0.2683853679715528,0.0832693783576362,0.0771297006907137,0.040019347899305,0.043802547059205,0.0061396776669224995,False
2021,2022,20,roro,0.2815087119477829,0.2501235388415732,0.0571428571428571,0.0571428571428571,0.0258506441007573,0.0242671639236828,0.0,False
2021,2022,20,tanker,0.386550069276906,0.3499363186124263,0.1280105575717585,0.1194325305179808,0.0551489390156513,0.0496639812762046,0.008578027053777693,False
2021,2022,50,all,0.4985568658748891,0.3925653299821486,0.1884505896705978,0.1756405042700284,0.159592460985806,0.1213087038254228,0.01281008540056941,False
2021,2022,50,bulk,0.3704176922139231,0.2576841929160708,0.0719681502654144,0.0717639853001225,0.0351355804327182,0.0315055609993722,0.00020416496529189476,False
2021,2022,50,container,0.7130777763427742,0.5544977175150161,0.4467412451361868,0.3747568093385214,0.3530762022093896,0.2458047879125757,0.07198443579766539,False
2021,2022,50,gas,0.3098187055177482,0.282123901171326,0.1071149335418295,0.0977326035965598,0.0248023616968645,0.0262229758087671,0.00938232994526969,False
2021,2022,50,general,0.4890531818481826,0.4275186632908845,0.1711435149654643,0.2302379125095932,0.1039344903804198,0.1314977161102103,-0.0590943975441289,False
2021,2022,50,roro,0.4703445926750524,0.3928622053870556,0.0884353741496598,0.1346938775510204,0.0409908308126983,0.0673312696828103,-0.04625850340136062,False
2021,2022,50,tanker,0.5623582846574566,0.4734970810547944,0.2382052128010557,0.2063675354668426,0.1194897320208955,0.0979511167839617,0.03183767733421308,False
2021,2023,5,all,0.1170542683739949,0.0975483721574976,0.0314501094269271,0.0369214557834157,0.0140783920215017,0.0200361642136982,-0.0054713463564885975,False
2021,2023,5,bulk,0.0965934466688822,0.0525289425722742,0.0193758923108301,0.0180501733632469,0.0075510708721945,0.0071913502615011,0.0013257189475831994,False
2021,2023,5,container,0.1390822558757699,0.1697897052940423,0.042239922761284,0.0760318609703113,0.0233948825419846,0.0439631836972941,-0.033791938209027296,False
2021,2023,5,gas,0.0563189144731497,0.050546052415309,0.0155884645362431,0.0179267342166796,0.0025332295187333,0.0030623798050726,-0.002338269680436501,False
2021,2023,5,general,0.0946657097425543,0.0885581778540673,0.0163678877630553,0.0300077942322681,0.0107036074130119,0.0153312771149978,-0.0136399064692128,False
2021,2023,5,roro,0.0714039325708679,0.0462171915103301,0.0148448043184885,0.0053981106612685,0.0032749859735133,0.0014527097225705,0.00944669365722,False
2021,2023,5,tanker,0.1678491629720086,0.1295672241672988,0.0550937245313773,0.0513447432762836,0.0174773080885712,0.014339408465707,0.0037489812550937016,False
2021,2023,10,all,0.2014719748841322,0.1484836871847606,0.0537002512766474,0.060063224446786,0.0357956944379417,0.0368438542913153,-0.0063629731701386055,False
2021,2023,10,bulk,0.131808465021544,0.0883382608627612,0.0225372221089129,0.0294717519885784,0.0089956903869167,0.012667352871931,-0.006934529879665502,False
2021,2023,10,container,0.3024164173142873,0.2530313231806694,0.1180304127443881,0.1320299300024137,0.0780097093607709,0.0811694333183038,-0.013999517258025604,False
2021,2023,10,gas,0.1082267607051059,0.0819617979927546,0.024941543257989,0.0311769290724863,0.0042826164058546,0.0055333648030276,-0.0062353858144973025,False
2021,2023,10,general,0.1605342904494652,0.1280385562366118,0.0265003897116134,0.0416991426344505,0.0185822011591561,0.0235387054014886,-0.015198752922837101,False
2021,2023,10,roro,0.1618475629664818,0.0727482550895317,0.0350877192982456,0.0161943319838056,0.0193440631928661,0.0070636204117572,0.01889338731444,False
2021,2023,10,tanker,0.2712975587627051,0.1890404812820282,0.0797066014669926,0.0793806030969845,0.030424172275273,0.0267140475649575,0.0003259983700081015,False
2021,2023,20,all,0.313473898676698,0.2807196147451782,0.1026586690443381,0.0909459349922995,0.0720206009725701,0.0590940181757607,0.011712734052038598,False
2021,2023,20,bulk,0.2032980199323335,0.2007492346301572,0.0453803793595757,0.0426269630838262,0.0188006579960333,0.019443289291317,0.002753416275749501,False
2021,2023,20,container,0.4789244453944741,0.383545933082795,0.2300265508085928,0.1974414675356022,0.1604913041655626,0.1229839224367487,0.03258508327299059,False
2021,2023,20,gas,0.2062569517870123,0.199590839340668,0.0537802026500389,0.0584567420109119,0.0125886895241785,0.0149071085098372,-0.0046765393608730055,False
2021,2023,20,general,0.2853118072380349,0.2787275789930185,0.0927513639906469,0.0744349181605611,0.0456732130822045,0.0463162931305902,0.018316445830085806,False
2021,2023,20,roro,0.2747670220825181,0.243471460201941,0.0580296896086369,0.0607287449392712,0.0283647027193875,0.0270078085887884,-0.0026990553306342965,False
2021,2023,20,tanker,0.3848007917151401,0.3460931383978839,0.1279543602281988,0.1136104319478402,0.0533631966775399,0.0466682578369311,0.014343928280358603,False
2021,2023,50,all,0.5026099159957297,0.4031432240163412,0.1901191537650968,0.179946502391181,0.1546083462710215,0.1196984199351992,0.010172651373915792,False
2021,2023,50,bulk,0.380840203810347,0.2796355503970853,0.0802569855190699,0.0816846828472363,0.0395053355100756,0.0371804429795102,-0.0014276973281664024,False
2021,2023,50,container,0.7254579172180089,0.574609556200534,0.4395365677045619,0.369538981414434,0.3503905028255486,0.2462939794131746,0.06999758629012792,False
2021,2023,50,gas,0.294951093696973,0.268170245791255,0.1122369446609509,0.1013250194855806,0.0268055360271137,0.0254175159355265,0.01091192517537029,False
2021,2023,50,general,0.5048497185127263,0.4274104674248561,0.1823850350740452,0.240452065471551,0.1063775447364543,0.1350093842121539,-0.058067030397505826,False
2021,2023,50,roro,0.4488900720081241,0.3932176704616766,0.0890688259109311,0.1376518218623481,0.0425630629082312,0.0680630696147385,-0.04858299595141699,False
2021,2023,50,tanker,0.5568380956795972,0.4724112499601646,0.2290138549307253,0.2052159739201304,0.1090130556693541,0.0926720259482665,0.02379788101059488,False
2021,2024,5,all,0.1034748504931692,0.0946832157489273,0.0341219882787063,0.0390275667462556,0.0153518133835069,0.0213700525634695,-0.004905578467549299,False
2021,2024,5,bulk,0.0901030335383798,0.0514193244934762,0.0165153669473914,0.0153122607459258,0.0065024734759306,0.0061119033497515,0.0012031062014656018,False
2021,2024,5,container,0.1161983263838635,0.1564053639042327,0.0422832980972515,0.0761099365750528,0.0228453934877996,0.0442189135168835,-0.0338266384778013,False
2021,2024,5,gas,0.0429223890893445,0.0520972058502241,0.0143945808636748,0.0186282811176968,0.0028626856257517,0.0036114628260515,-0.004233700254022,False
2021,2024,5,general,0.0832579078678959,0.0831633270436231,0.0196479738027015,0.0306999590667212,0.008624055598061,0.01514679249854,-0.011051985264019699,False
2021,2024,5,roro,0.0565910200245675,0.0506272460860861,0.0158045977011494,0.0100574712643678,0.0050846146961148,0.0061062486514711,0.005747126436781599,False
2021,2024,5,tanker,0.1511347410471369,0.1354909827698079,0.0689357290946786,0.0634070490670352,0.0256588285525113,0.0218374879743725,0.005528680027643396,False
2021,2024,10,all,0.1671412401630146,0.1435232339799375,0.0556544388973301,0.0597785977859778,0.0346499149383394,0.035377666643609,-0.0041241588886477,False
2021,2024,10,bulk,0.1145816899882221,0.0869636941315313,0.0194684458055342,0.0270152028874548,0.0076661002256222,0.011063172463634,-0.0075467570819206,False
2021,2024,10,container,0.2485783978931663,0.2353626331672785,0.111522198731501,0.1210359408033826,0.069476244737793,0.0744432061657569,-0.009513742071881603,False
2021,2024,10,gas,0.073386930199997,0.0812095854658265,0.0245554614733276,0.0313293818797629,0.0057675417400416,0.0057185345345938,-0.006773920406435298,False
2021,2024,10,general,0.1369351549247602,0.1219717132780423,0.0302906262791649,0.0425706099058534,0.0195046725120103,0.0245218426640922,-0.012279983626688501,False
2021,2024,10,roro,0.1161098993539011,0.0708034624021943,0.0344827586206896,0.0186781609195402,0.0182633845398276,0.0094145958397257,0.0158045977011494,False
2021,2024,10,tanker,0.2293151374581914,0.1937790777589335,0.0958880442294402,0.0894955079474775,0.0409164226065934,0.0335526710310693,0.0063925362819626935,False
2021,2024,20,all,0.2677586408529033,0.2380773084122586,0.1002821792923811,0.0877360538311265,0.0680741607090145,0.0557017827552654,0.01254612546125461,False
2021,2024,20,bulk,0.1765646367185955,0.172647431349064,0.0403587443946188,0.0378431587006453,0.0155884581417096,0.0159957852675189,0.0025155856939734975,False
2021,2024,20,container,0.4161429615241386,0.3329630803220828,0.2148520084566596,0.181553911205074,0.1494727033520637,0.1163347414093353,0.03329809725158561,False
2021,2024,20,gas,0.1488735051267379,0.1429416311586624,0.0499576629974597,0.0499576629974597,0.0105961816742713,0.0098708565571561,0.0,False
2021,2024,20,general,0.2499258528186081,0.2370846884599485,0.0970118706508391,0.0790012279983626,0.0543006263131585,0.0534201439191011,0.01801064265247651,False
2021,2024,20,roro,0.2018481112482604,0.166713088532988,0.0560344827586206,0.0531609195402298,0.0296003735650307,0.0254177581933909,0.002873563218390801,False
2021,2024,20,tanker,0.3358481474350409,0.3018737960509822,0.137007601935038,0.1207671043538355,0.0596808561398826,0.050274505564804,0.016240497581202495,False
2021,2024,50,all,0.4499562996857114,0.3578826227064074,0.1787714347731712,0.1754286954634252,0.1355091466908837,0.1129134983962666,0.00334273930974599,False
2021,2024,50,bulk,0.3433340201309037,0.2501021067083455,0.0727332385431477,0.0774362900579678,0.0338815651118162,0.0344424678382101,-0.004703051514820103,False
2021,2024,50,container,0.6505782617366147,0.5162839181419984,0.3993128964059196,0.3543868921775898,0.3036846719829379,0.2286498241232042,0.04492600422832982,False
2021,2024,50,gas,0.2293852258937851,0.2074974750066533,0.1075359864521591,0.0982218458933107,0.0235428806890612,0.0240419940945525,0.009314140558848397,False
2021,2024,50,general,0.4702947485399021,0.3949101906567753,0.1870650839132214,0.2402783462955382,0.1194885923808103,0.1475174414255796,-0.0532132623823168,False
2021,2024,50,roro,0.4088073462432128,0.3236245026983136,0.0862068965517241,0.1135057471264367,0.048597113073943,0.0601653439229823,-0.027298850574712596,False
2021,2024,50,tanker,0.5024644479944873,0.4246421054693282,0.2242570836212854,0.209053213545266,0.1049440839680282,0.0974314241704661,0.015203870076019421,False
2021,2025,5,all,0.1021963365087593,0.0925333741727001,0.0360806966117768,0.0392706267781705,0.0153752943499036,0.019358520000565,-0.003189930166393705,False
2021,2025,5,bulk,0.0902886917454644,0.0537387206257542,0.0166255497157567,0.0141585326611605,0.0071298531265622,0.0062552112142051,0.002467017054596201,False
2021,2025,5,container,0.1152594739714899,0.1494413978050357,0.0385316323873991,0.0663889612080187,0.023095704776606,0.038050290682995,-0.027857328820619594,False
2021,2025,5,gas,0.0446437609851023,0.0521248413782925,0.02106149957877,0.0219039595619208,0.0039350178844664,0.0039412482847604,-0.0008424599831507971,False
2021,2025,5,general,0.0821819480883419,0.0815462177200242,0.0205676676264911,0.0308515014397367,0.0094180750971138,0.0154925280566586,-0.010283833813245599,False
2021,2025,5,roro,0.0515435661027689,0.0461138252113655,0.0165975103734439,0.0138312586445366,0.0039545731497363,0.0035987936916714,0.0027662517289073,False
2021,2025,5,tanker,0.1485049401438026,0.131751100742203,0.0785174776040751,0.0725452309854206,0.024240652352664,0.02103559939043,0.005972246618654503,False
2021,2025,10,all,0.1617173044312327,0.1391522017361278,0.0565565997068712,0.057375635830675,0.0333646302574199,0.031892246298952,-0.0008190361238038027,False
2021,2025,10,bulk,0.1113263333194957,0.0877161295525531,0.0196288748256998,0.0216668454360184,0.0082761772403198,0.0093310956370356,-0.002037970610318598,False
2021,2025,10,container,0.2382919931111837,0.2210973823656168,0.1051809424629002,0.1127310596198906,0.0665955825635888,0.0665919260587522,-0.007550117156990402,False
2021,2025,10,gas,0.0717036438639717,0.0800514011747632,0.0311710193765796,0.0303285593934288,0.0075152756586161,0.0054738596740822,0.0008424599831507971,False
2021,2025,10,general,0.1369164128236344,0.1195527969624309,0.0292060880296174,0.0390785684903332,0.0173069147583267,0.0205362843860113,-0.009872480460715798,False
2021,2025,10,roro,0.1135671377086428,0.065430172822004,0.0414937759336099,0.0276625172890733,0.020340610795366,0.0085529976797229,0.0138312586445366,False
2021,2025,10,tanker,0.2229565947295163,0.1910502141723697,0.1031090813279466,0.0957316002107851,0.0368588017788302,0.0312082238065326,0.007377481117161508,False
2021,2025,20,all,0.262564495189206,0.231732915222988,0.0982843348564531,0.0863005431502715,0.0633264253953337,0.0530498027637957,0.011983791706181607,False
2021,2025,20,bulk,0.1727480570054451,0.1695954643812539,0.0389359648181915,0.0346455003754156,0.0152769279070121,0.015504406327406,0.0042904644427759,False
2021,2025,20,container,0.4006631883331663,0.3152878830482796,0.1996875813590211,0.1736526946107784,0.1366251712514333,0.1088032425604586,0.026034886748242697,False
2021,2025,20,gas,0.1471325116564923,0.1418173125689004,0.0598146588037068,0.0556023588879528,0.0140123180472897,0.0136743796717422,0.004212299915754003,False
2021,2025,20,general,0.2505789399429745,0.2330714557418001,0.0909090909090909,0.0678733031674208,0.0456777726710323,0.040123479138333,0.023035787741670102,False
2021,2025,20,roro,0.2011618114576652,0.1685681578661974,0.0622406639004149,0.0636237897648686,0.0265426213212567,0.0259691502139115,-0.001383125864453702,False
2021,2025,20,tanker,0.3366497184511892,0.2995344285615856,0.1428069559107676,0.1291059195503249,0.0554591531192826,0.0489624370309199,0.013701036360442703,False
2021,2025,50,all,0.4484167781554125,0.3547983196086164,0.1760496594534011,0.172299336149668,0.1282598024707839,0.1062532130306589,0.003750323303733094,False
2021,2025,50,bulk,0.3451695692276811,0.2500564710343273,0.0719725410275662,0.0770138367478279,0.0357614782226779,0.0337527550790361,-0.005041295720261699,False
2021,2025,50,container,0.6349286245971376,0.5015507244078795,0.3790679510544129,0.3363707367872949,0.2781479593436404,0.2091318802119036,0.04269721426711798,False
2021,2025,50,gas,0.2350520574638429,0.2064993632267405,0.1162594776748104,0.1086773378264532,0.0282391725073458,0.0292173943311546,0.0075821398483572056,False
2021,2025,50,general,0.4624926541458481,0.3863913111523908,0.1768819415878239,0.218428630193336,0.1074604673874358,0.1305864330323309,-0.04154668860551211,False
2021,2025,50,roro,0.420396089210044,0.3375189076508105,0.0968188105117565,0.1203319502074688,0.0510574817581071,0.0598232805483636,-0.023513139695712296,False
2021,2025,50,tanker,0.5070176366666934,0.4280628082908833,0.2316880379413314,0.2178113472685754,0.1009535962481863,0.0938650090014307,0.013876690672755987,False
2022,2018,5,all,0.0977184691678225,0.0824790584071998,0.0437529691211401,0.0466033254156769,0.0130504415044549,0.0158223045214356,-0.002850356294536796,False
2022,2018,5,bulk,0.0801352600405936,0.0565703383482844,0.0333645516272535,0.03289627721845,0.0114766224017091,0.012049714652263,0.0004682744088034957,False
2022,2018,5,container,0.1117379474042836,0.1111318080632109,0.0470852017937219,0.0598975016015374,0.0177386491277807,0.0243106566087084,-0.012812299807815501,False
2022,2018,5,gas,0.0629596250711246,0.0711208921332527,0.0312204351939451,0.042573320719016,0.0038708805385872,0.0058975479005853,-0.011352885525070897,False
2022,2018,5,general,0.0744096607872008,0.0536933981263033,0.0336134453781512,0.0296329057938965,0.0082622800109259,0.0068304955245455,0.003980539584254695,False
2022,2018,5,roro,0.067126452224768,0.0466849708262802,0.0205580029368575,0.0205580029368575,0.006920358153584,0.0081820631630473,0.0,False
2022,2018,5,tanker,0.1415068434932459,0.1238575267628074,0.0679413402635975,0.0718396138852793,0.0149596361504563,0.0164670862974892,-0.003898273621681811,False
2022,2018,10,all,0.1765710984249208,0.1288708075886936,0.0652731591448931,0.0688361045130641,0.0369222141132614,0.0322246602808925,-0.0035629453681710055,False
2022,2018,10,bulk,0.1047763459162784,0.0701328476953247,0.03816436431749,0.0359400608756731,0.0132736139867474,0.0128894106639707,0.0022243034418168994,False
2022,2018,10,container,0.3010714162139435,0.2227095091388753,0.1213965406790519,0.138052530429212,0.0778003059947159,0.0655904181817125,-0.01665598975016011,False
2022,2018,10,gas,0.1340066701394426,0.0982454878703916,0.0435193945127719,0.0586565752128666,0.0103426043724479,0.0085158771502418,-0.015137180700094705,False
2022,2018,10,general,0.1278784775962339,0.1061861740648333,0.0424590888987173,0.0530738611233967,0.0164120847921551,0.0176548536234385,-0.010614772224679402,False
2022,2018,10,roro,0.1173651158471962,0.075077728601142,0.0293685756240822,0.0323054331864904,0.0117488483071497,0.0141557083142031,-0.002936857562408201,False
2022,2018,10,tanker,0.2290690306165596,0.1721247004648498,0.0941154631520326,0.0941154631520326,0.0291185057376203,0.0258963119688041,0.0,False
2022,2018,20,all,0.2834395884750646,0.2602331056932572,0.1096912114014251,0.1064133016627078,0.0786953225385217,0.0615613262646657,0.003277909738717305,False
2022,2018,20,bulk,0.1622100837440768,0.1551749109079607,0.0533832826036057,0.0536174198080074,0.019793576938618,0.0195528168152274,-0.00023413720440169927,False
2022,2018,20,container,0.4756402120788977,0.4089818531664935,0.2392696989109545,0.2226137091607943,0.1703593259886702,0.119798708081391,0.01665598975016022,False
2022,2018,20,gas,0.2355647324886369,0.2193683302767332,0.0927152317880794,0.0898770104068117,0.0438944479996949,0.0431258428575822,0.0028382213812677,False
2022,2018,20,general,0.2556704606604372,0.2722993098767003,0.1003980539584254,0.1167624944714728,0.0481449605144894,0.0615818527457887,-0.016364440513047404,False
2022,2018,20,roro,0.2540719160015492,0.2295745008907478,0.0513950073421439,0.0616740088105726,0.0247034686835182,0.0307282127032711,-0.010279001468428695,False
2022,2018,20,tanker,0.3428375319962006,0.3140954337469595,0.1384815296083163,0.1273436049749396,0.052636127763885,0.0442788228419684,0.011137924633376706,False
2022,2018,50,all,0.4722025662073472,0.3806323349391717,0.200855106888361,0.1853681710213776,0.1869532457372374,0.1365281187322691,0.015486935866983409,False
2022,2018,50,bulk,0.3313267441595688,0.2331244840892609,0.0813626785296183,0.0851088738000468,0.0365741682886107,0.0351743777229931,-0.003746195270428493,False
2022,2018,50,container,0.7518485196333149,0.5899080357025078,0.5294682895579756,0.42152466367713,0.4432139702077899,0.2867926793013468,0.10794362588084566,False
2022,2018,50,gas,0.3141893824780016,0.3034811781926213,0.1248817407757805,0.130558183538316,0.05054006109082,0.0575274462604111,-0.005676442762535497,False
2022,2018,50,general,0.457833827152001,0.4098897618233856,0.1941618752764263,0.232640424590889,0.1141029757257979,0.135351130210499,-0.03847854931446268,False
2022,2018,50,roro,0.4897636934565539,0.4218227031421154,0.13215859030837,0.1674008810572687,0.0693269980032553,0.0966050346569462,-0.0352422907488987,False
2022,2018,50,tanker,0.4967239012126528,0.4366145443445395,0.2262855021347689,0.2006682754780026,0.1044548311944796,0.0899741827089448,0.0256172266567663,False
2022,2019,5,all,0.1004448473747754,0.0821683418039807,0.0350288361539188,0.0370615486432825,0.0121749604094745,0.0143397425443249,-0.0020327124893637014,False
2022,2019,5,bulk,0.0841206129554845,0.0556996360094707,0.0260434833158935,0.0256946866643413,0.0088466421875666,0.0091083617144652,0.000348796651552203,False
2022,2019,5,container,0.1065977369599664,0.1081353134394807,0.0482917214191852,0.0588042049934297,0.0191190977650104,0.0258162423124713,-0.010512483574244495,False
2022,2019,5,gas,0.0625426885187642,0.0675868589635028,0.0284444444444444,0.0373333333333333,0.0041164742065021,0.0052464202083077,-0.008888888888888901,False
2022,2019,5,general,0.0742403513250107,0.0505354488537238,0.0232558139534883,0.0191518467852257,0.0088432970252458,0.0075941146160116,0.004103967168262598,False
2022,2019,5,roro,0.0775371670757278,0.0516878627506241,0.0180451127819548,0.0210526315789473,0.0062394409615695,0.0080828248361578,-0.003007518796992497,False
2022,2019,5,tanker,0.1491808333703043,0.1279452814704397,0.0497647484618168,0.0517553384002895,0.0130429633081152,0.0127316974908607,-0.0019905899384727033,False
2022,2019,10,all,0.1809922018799928,0.1289677415669215,0.054126879077243,0.0581923040559705,0.0317457945819657,0.0292886892069964,-0.0040654249787275,False
2022,2019,10,bulk,0.1136207168444425,0.0720053275222153,0.0284850598767585,0.0284850598767585,0.0095867512465211,0.0095585825278354,0.0,False
2022,2019,10,container,0.2918265219503564,0.216843127991575,0.1231931668856767,0.138304862023653,0.0741172298515374,0.0667693569204238,-0.015111695137976291,False
2022,2019,10,gas,0.1405512539918788,0.0931901724681677,0.0364444444444444,0.048,0.0055389778055483,0.00679283019816,-0.011555555555555604,False
2022,2019,10,general,0.1295837326025291,0.1062523648208189,0.0319197446420428,0.0433196534427724,0.0157895008933297,0.0193759198988418,-0.011399908800729601,False
2022,2019,10,roro,0.1329145730901985,0.0814520232769284,0.0330827067669172,0.0330827067669172,0.0139128130413146,0.0133452668173103,0.0,False
2022,2019,10,tanker,0.241562875553962,0.1789852142300659,0.0709373868982989,0.0712993123416576,0.0227406380614952,0.0203064548022525,-0.00036192544335869603,False
2022,2019,20,all,0.2904066872594195,0.2655617954984694,0.0953956698496738,0.0924647820743121,0.0677940807695041,0.0519956854196614,0.0029308877753617124,False
2022,2019,20,bulk,0.1722968907303899,0.1669809444290717,0.0430182536914312,0.0449947680502267,0.0151750862016917,0.0156525878764489,-0.001976514358795499,False
2022,2019,20,container,0.4708641650774499,0.3947639168054561,0.2332457293035479,0.2102496714848883,0.1640718733881329,0.1125332004614542,0.0229960578186596,False
2022,2019,20,gas,0.2291738859002792,0.2130856099597046,0.0755555555555555,0.0728888888888888,0.0194616284971835,0.018241720545042,0.002666666666666706,False
2022,2019,20,general,0.2701437437951309,0.2808731540361169,0.0916552667578659,0.1030551755585955,0.0435612091349476,0.0519200061779958,-0.011399908800729608,False
2022,2019,20,roro,0.2764431440040093,0.2488298377011789,0.0631578947368421,0.0676691729323308,0.0288145185247328,0.0327299837262361,-0.004511278195488702,False
2022,2019,20,tanker,0.3625129209353919,0.3330600329157313,0.1103872602243937,0.1042345276872964,0.0416228700483264,0.0373831035129114,0.006152732537097305,False
2022,2019,50,all,0.4861464666134855,0.3898023159004414,0.1857331946676751,0.1723078377611799,0.174539796195297,0.1236032144935776,0.013425356906495212,False
2022,2019,50,bulk,0.3536083299054229,0.2484324069585184,0.0730147657249157,0.076153935588885,0.0322022211430886,0.0307273609276708,-0.003139169863969296,False
2022,2019,50,container,0.7619150890873367,0.5953906100073897,0.5252956636005256,0.4162286465177398,0.4536151323804662,0.2792705179855362,0.10906701708278582,False
2022,2019,50,gas,0.3088711418040782,0.2994605833833717,0.1164444444444444,0.1217777777777777,0.0274745406304456,0.0370746265852885,-0.005333333333333287,False
2022,2019,50,general,0.472341088057947,0.4173814859139826,0.1709986320109439,0.2111263109895121,0.0983630029350233,0.1228989451582284,-0.0401276789785682,False
2022,2019,50,roro,0.4929789378186123,0.4314664012433442,0.1233082706766917,0.150375939849624,0.0661096934668211,0.0864939717830859,-0.027067669172932296,False
2022,2019,50,tanker,0.5264162057312894,0.4565856832975872,0.2015924719507781,0.1851248642779587,0.0893545422490054,0.0827034643272491,0.01646760767281938,False
2022,2020,5,all,0.1013470827014016,0.0827571095995026,0.0329801934592353,0.0339014279134039,0.0111297884848934,0.012459540654729,-0.0009212344541685985,False
2022,2020,5,bulk,0.0818828377906468,0.0527695649905392,0.0204286671131949,0.020317035052467,0.006921676336135,0.0074637823084072,0.0001116320607278988,False
2022,2020,5,container,0.1093373566130675,0.1126240455609432,0.0429116338207247,0.0505403687221869,0.0172550788221182,0.021592945700202,-0.007628734901462202,False
2022,2020,5,gas,0.0508297211900321,0.0538532268186693,0.0213310580204778,0.023037542662116,0.0015231513656326,0.0016059649427952,-0.0017064846416381986,False
2022,2020,5,general,0.0764010695068001,0.0527001422724112,0.0226119058606368,0.0175357637286571,0.0084255035204695,0.0064471240464383,0.0050761421319797,False
2022,2020,5,roro,0.0770404150409762,0.0508189403215338,0.0224358974358974,0.0240384615384615,0.0114534023997716,0.011455400029527,-0.0016025641025641003,False
2022,2020,5,tanker,0.1589011906407675,0.1367705196399536,0.0549353180932128,0.0558213716108452,0.0141598639976066,0.0139665713142098,-0.0008860535176324,False
2022,2020,10,all,0.1813510062981267,0.1309338609717536,0.0525564256103178,0.0560571165361584,0.0334869248496439,0.0295990603982593,-0.0035006909258405994,False
2022,2020,10,bulk,0.1132700641972181,0.0691980016858684,0.0225496762670238,0.0229962045099352,0.0076273309705223,0.0081173679625123,-0.0004465282429114009,False
2022,2020,10,container,0.296108881742132,0.2312214651880836,0.1226954863318499,0.1373172282263191,0.0817041976898145,0.069729075186074,-0.014621741894469187,False
2022,2020,10,gas,0.1273681602058232,0.0744058389945534,0.0290102389078498,0.0324232081911262,0.0035790967450217,0.0028964938331879,-0.0034129692832764007,False
2022,2020,10,general,0.1315739565051826,0.1147787968346702,0.0327641901245962,0.0479926165205353,0.0157166861063974,0.0224685205901391,-0.015228426395939097,False
2022,2020,10,roro,0.1313470417163321,0.077206985746365,0.0272435897435897,0.0288461538461538,0.0143461038571669,0.0136628688717739,-0.0016025641025641003,False
2022,2020,10,tanker,0.2485158290884978,0.1874824167163176,0.0763778132199184,0.0742512847776005,0.0250853213680068,0.0220007447095455,0.002126528442317907,False
2022,2020,20,all,0.2901777765094384,0.2666167732424299,0.0935513588208199,0.0895900506678949,0.0680396660982341,0.0514720411504245,0.003961308152925003,False
2022,2020,20,bulk,0.174960528354257,0.1709350986569554,0.0377316365260102,0.0387363250725608,0.0134764037148247,0.0135096583466353,-0.0010046885465506,False
2022,2020,20,container,0.4740048661600677,0.4014660258205134,0.2275905912269548,0.2085187539732994,0.1657783750899425,0.1150728523382144,0.01907183725365541,False
2022,2020,20,gas,0.2136990414746474,0.1997292755296473,0.0614334470989761,0.0597269624573378,0.0146210990465155,0.0137032227043263,0.0017064846416382992,False
2022,2020,20,general,0.2692060780913944,0.2831989375116242,0.0946008306414397,0.1042916474388555,0.0473151400391144,0.0516433806241456,-0.009690816797415791,False
2022,2020,20,roro,0.2741894346784317,0.2406498634912071,0.0496794871794871,0.0560897435897435,0.0295283337644968,0.0328397342395754,-0.006410256410256401,False
2022,2020,20,tanker,0.3713453602596993,0.3392838490523375,0.1185539606592238,0.1082757398546872,0.0468583184233865,0.0389305740617316,0.010278220804536595,False
2022,2020,50,all,0.4789407878820536,0.3846671155142555,0.1782588668816213,0.1634730538922155,0.1640690760600979,0.1176742231848844,0.014785812989405789,False
2022,2020,50,bulk,0.353852337484948,0.2476095776496414,0.0644116990399642,0.0657512837686983,0.0301803143467839,0.0255492647095765,-0.0013395847287340917,False
2022,2020,50,container,0.7564950534118721,0.5947735364897998,0.4958677685950413,0.3960584869675779,0.4234704525518465,0.2705198761848971,0.09980928162746339,False
2022,2020,50,gas,0.2876713914727705,0.2804921853760177,0.106655290102389,0.1040955631399317,0.0234449625120454,0.0279105535606119,0.0025597269624573066,False
2022,2020,50,general,0.4591852209012021,0.4088106041947261,0.1628980156898938,0.1984310106137517,0.0924780006986198,0.1115013048677717,-0.03553299492385792,False
2022,2020,50,roro,0.4966491051957943,0.4225653905688877,0.1233974358974359,0.1506410256410256,0.0721931814810089,0.0953047418146032,-0.027243589743589702,False
2022,2020,50,tanker,0.5258690093037948,0.4634933741274814,0.2087542087542087,0.1892610313662945,0.0940898273600111,0.0860489436362203,0.0194931773879142,False
2022,2021,5,all,0.0992248720715439,0.0780391349836218,0.0279494878134934,0.0295831861533027,0.0106249416373891,0.0116216267373499,-0.0016336983398093016,False
2022,2021,5,bulk,0.0756679174705312,0.0441318508878345,0.0128624373228689,0.013189448441247,0.0048810192199927,0.005188372247508,-0.00032701111837810104,False
2022,2021,5,container,0.1066287190462055,0.1038533928300132,0.0314410480349345,0.0395924308588064,0.0134670805167869,0.0166794799916861,-0.0081513828238719,False
2022,2021,5,gas,0.0487167891387202,0.0467227168008482,0.0154597233523189,0.0195280716029292,0.0024662835498774,0.0027880088486786,-0.004068348250610301,False
2022,2021,5,general,0.0817679390917356,0.0498992913720414,0.0142081069786878,0.0117007939824488,0.0042148793935768,0.0033732646377765,0.0025073129962390004,False
2022,2021,5,roro,0.0774292853168303,0.0472173193702732,0.0186335403726708,0.015527950310559,0.0071794067747937,0.0069234555349037,0.0031055900621118,False
2022,2021,5,tanker,0.1635194746043452,0.1433024949611957,0.0592412956868179,0.0608002771522605,0.0217056772657436,0.0212392631662551,-0.001558981465442602,False
2022,2021,10,all,0.1756624183255529,0.122521780675838,0.0452137054044507,0.0485252560932532,0.0298539953973703,0.0263375306300174,-0.0033115506888024976,False
2022,2021,10,bulk,0.1029650182209768,0.0546783538255437,0.014388489208633,0.014170481796381,0.0056152076685579,0.0055572569478834,0.00021800741225200086,False
2022,2021,10,container,0.2830854602201485,0.216845086600249,0.0966521106259097,0.1138282387190684,0.0640614265179411,0.0549928758012915,-0.017176128093158702,False
2022,2021,10,gas,0.1153551881109916,0.0678789991859529,0.0219690805532953,0.0268510984540276,0.0037563465497449,0.0041375294706881,-0.0048820179007323,False
2022,2021,10,general,0.1313763805606234,0.1001730385213669,0.0192227329711659,0.0309235269536147,0.0085152337874366,0.0126151007348172,-0.0117007939824488,False
2022,2021,10,roro,0.1324826847923661,0.069671623052791,0.0232919254658385,0.0217391304347826,0.012019019518463,0.0114207873323965,0.0015527950310559,False
2022,2021,10,tanker,0.2526493542192047,0.1939285925654815,0.0817599168543218,0.0791616144119175,0.0350309089748363,0.0306257650878361,0.0025983024424042905,False
2022,2021,20,all,0.2853524734363379,0.2607655988869415,0.0842900035323207,0.0802719886965736,0.0612189731678066,0.0461482648465536,0.004018014835747097,False
2022,2021,20,bulk,0.165846820496775,0.1585713108602003,0.0257248746457379,0.026814911706998,0.0096939652670208,0.0100747228680444,-0.0010900370612600997,False
2022,2021,20,container,0.4608865620118982,0.3859096505549829,0.2026200873362445,0.1810771470160116,0.1383746617410877,0.0936726823534674,0.021542940320232906,False
2022,2021,20,gas,0.193449125097093,0.184118912588239,0.0504475183075671,0.0471928397070789,0.0123139468493577,0.0120241330557277,0.003254678600488198,False
2022,2021,20,general,0.2705357506136639,0.2905975588974019,0.0727120768909318,0.0844128708733806,0.0333869230205987,0.0414803491678151,-0.011700793982448804,False
2022,2021,20,roro,0.2673384759509272,0.2360849409217736,0.0419254658385093,0.0481366459627329,0.0223221041569303,0.0236408525303625,-0.0062111801242236,False
2022,2021,20,tanker,0.3751590155029979,0.3443781465280112,0.1236791962584444,0.114152087302962,0.0571561377799761,0.0493416816660204,0.009527108955482394,False
2022,2021,50,all,0.4756316147694587,0.3835777213623734,0.1684033910279053,0.1583804309431296,0.1562071417816088,0.1137102505932306,0.010022960084775712,False
2022,2021,50,bulk,0.3434423640897158,0.2414832263515666,0.0483976455199476,0.0519947678221059,0.0256336404733858,0.0220981390097675,-0.0035971223021582996,False
2022,2021,50,container,0.7399074992393903,0.5774973562821843,0.4710334788937409,0.3685589519650655,0.3812745519753718,0.2432535972527417,0.10247452692867542,False
2022,2021,50,gas,0.263985917024323,0.2555319243835604,0.080553295362083,0.0797396257119609,0.0170833602322927,0.0211612405911824,0.000813669650122098,False
2022,2021,50,general,0.4717663069871059,0.4287365694999316,0.1512745507730881,0.2026744671959883,0.094730606134471,0.1147074988335551,-0.051399916422900205,False
2022,2021,50,roro,0.49263212625736,0.4264711865940099,0.1055900621118012,0.15527950310559,0.0568739085676742,0.0906221943212292,-0.04968944099378879,False
2022,2021,50,tanker,0.5335412348464076,0.4711290198325936,0.2118482591373635,0.2011086090420925,0.1060040163370967,0.1015549592871556,0.010739650095271003,False
2022,2022,5,all,0.1094774755053313,0.0881584463363114,0.031272875152501,0.0338348922326148,0.012422817882038,0.0139998577911974,-0.0025620170801138042,True
2022,2022,5,bulk,0.0824891727132534,0.0497842200858994,0.0180685994283381,0.0189873417721519,0.007151961491668,0.0081459560646052,-0.0009187423438138005,True
2022,2022,5,container,0.1303535010766694,0.1270986482285154,0.0352626459143968,0.0445038910505836,0.0167123009830352,0.0210409741763135,-0.0092412451361868,True
2022,2022,5,gas,0.0543167857637094,0.054197206351133,0.016419077404222,0.0242376856919468,0.0029322743992049,0.0036264869772506,-0.0078186082877248,True
2022,2022,5,general,0.0811635943063998,0.0522742141566036,0.0191864927091327,0.0168841135840368,0.0092705087363407,0.0082313753996797,0.002302379125095899,True
2022,2022,5,roro,0.0736081337750147,0.0446969610695305,0.0054421768707482,0.0054421768707482,0.0003797876790932,0.0018093085633249,0.0,True
2022,2022,5,tanker,0.171657180238493,0.1487895330966558,0.0613658858462553,0.0633454305509732,0.0211393154813494,0.0200229757006458,-0.0019795447047179088,True
2022,2022,10,all,0.1909001049590509,0.1361636558290127,0.0504676697844652,0.0574623830825538,0.0323162648257897,0.0341383682060158,-0.006994713298088602,True
2022,2022,10,bulk,0.1121861062621857,0.0648537940413832,0.0213352388730093,0.0213352388730093,0.0083672428811075,0.0090012019150541,0.0,True
2022,2022,10,container,0.297003093980244,0.2393265836825449,0.1023832684824902,0.1344844357976653,0.0665090623879733,0.0738419094785735,-0.03210116731517511,True
2022,2022,10,gas,0.1268120634699654,0.0830162641812033,0.0281469898358092,0.0351837372947615,0.0054820091912742,0.0057254677553838,-0.007036747458952299,True
2022,2022,10,general,0.132429967815659,0.1054382848475025,0.0237912509593246,0.0414428242517267,0.0125559375147433,0.0183874014409782,-0.0176515732924021,True
2022,2022,10,roro,0.1356877127949035,0.0661556393249708,0.0108843537414965,0.0136054421768707,0.0048060651957541,0.0069335296893067,-0.0027210884353741985,True
2022,2022,10,tanker,0.2715247919844797,0.1950759382193815,0.0833058396568789,0.0805014846585285,0.0333168869540483,0.0274130947619501,0.0028043549983504112,True
2022,2022,20,all,0.3061505387468937,0.2820366163653634,0.0989426596177307,0.0966246441642944,0.0695968284240066,0.0577806140259937,0.002318015453436309,True
2022,2022,20,bulk,0.1853395938279121,0.1791016234926682,0.0399142507145773,0.0417517354022049,0.0159503308256912,0.0167965424851605,-0.001837484687627601,True
2022,2022,20,container,0.4651985292691981,0.3988491695851456,0.2188715953307393,0.2054961089494163,0.1494471765959856,0.1163024207493199,0.013375486381322993,True
2022,2022,20,gas,0.2177760304209935,0.2065146615308339,0.0633307271305707,0.0586395621579358,0.0145314460110528,0.013563921902534,0.004691164972634894,True
2022,2022,20,general,0.2684651555732222,0.2967341805597163,0.0836531082118188,0.0993860322333077,0.0392647822963453,0.0485036268249841,-0.015732924021488903,True
2022,2022,20,roro,0.276714117820814,0.24585205493737,0.0435374149659863,0.0462585034013605,0.0202932711769054,0.0214078476868108,-0.0027210884353741985,True
2022,2022,20,tanker,0.3962711538445315,0.3613654340539451,0.1337842296271857,0.1243813922797756,0.0576128330952997,0.050521238669801,0.009402837347410098,True
2022,2022,50,all,0.4988179180764501,0.4087652116781898,0.1901992679951199,0.1809272061813745,0.167286904203254,0.1293010157043094,0.009272061813745403,True
2022,2022,50,bulk,0.3682426739970587,0.2644622348658587,0.0679869334422213,0.0698244181298489,0.0338245269072641,0.0304607044208048,-0.001837484687627594,True
2022,2022,50,container,0.7310910104576236,0.5823799505903973,0.4751945525291828,0.3937256809338521,0.3798033849527405,0.2660301228163413,0.08146887159533073,True
2022,2022,50,gas,0.2976129477874254,0.2883614408408494,0.0985144644253323,0.0961688819390148,0.0223062534510063,0.0260175017272442,0.002345582486317499,True
2022,2022,50,general,0.474798621148313,0.4544180579920979,0.170376055257099,0.2356101304681504,0.1021460643710001,0.1343821027833548,-0.0652340752110514,True
2022,2022,50,roro,0.4878135478364847,0.4181253825514421,0.1115646258503401,0.1510204081632653,0.0501100947608901,0.0813158242342177,-0.03945578231292521,True
2022,2022,50,tanker,0.5542898026655165,0.4901573886331193,0.2317716925107225,0.2141207522269878,0.1151124908205512,0.1021878660265325,0.017650940283734706,True
2022,2023,5,all,0.1170542683739949,0.0932246171050924,0.0314501094269271,0.0335575909864634,0.0140783920215017,0.0155941541540136,-0.0021074815595363006,False
2022,2023,5,bulk,0.0965934466688822,0.0565532138074017,0.0193758923108301,0.0208035896389965,0.0075510708721945,0.008723880297251,-0.001427697328166399,False
2022,2023,5,container,0.1390822558757699,0.1393310122614259,0.042239922761284,0.0497224233647115,0.0233948825419846,0.0278389960813608,-0.0074825006034274985,False
2022,2023,5,gas,0.0563189144731497,0.0561341551038545,0.0155884645362431,0.0218238503507404,0.0025332295187333,0.0035006469212021,-0.006235385814497301,False
2022,2023,5,general,0.0946657097425543,0.0666800581058647,0.0163678877630553,0.0124707716289945,0.0107036074130119,0.0074187406284935,0.0038971161340608015,False
2022,2023,5,roro,0.0714039325708679,0.0447983530665491,0.0148448043184885,0.0053981106612685,0.0032749859735133,0.0014527097225705,0.00944669365722,False
2022,2023,5,tanker,0.1678491629720086,0.1415536540669791,0.0550937245313773,0.0577017114914425,0.0174773080885712,0.0170107128312013,-0.0026079869600652006,False
2022,2023,10,all,0.2002187765121048,0.1424738976391343,0.0498905730728702,0.0568209451244224,0.0324861764657114,0.0363407233548394,-0.006930372051552204,False
2022,2023,10,bulk,0.1332277782807836,0.0739142956525196,0.0222312869671629,0.0222312869671629,0.0089685488556896,0.0093828015338633,0.0,False
2022,2023,10,container,0.3001350203911356,0.2567474728170287,0.1040308954863625,0.1354091238233164,0.0706940366552823,0.0836578910983705,-0.0313782283369539,False
2022,2023,10,gas,0.1194753299885428,0.0774349210271482,0.0226032735775526,0.0288386593920498,0.0043759982424762,0.00521734218165,-0.006235385814497202,False
2022,2023,10,general,0.147007145893056,0.1233288650642603,0.024551831644583,0.0397505845674201,0.0174272162876251,0.0222225428597794,-0.015198752922837101,False
2022,2023,10,roro,0.1301791718319484,0.0665573249189502,0.0161943319838056,0.0107962213225371,0.0056070580712965,0.004170121095635,0.005398110661268499,False
2022,2023,10,tanker,0.2741405728371053,0.186419090810949,0.0779136104319478,0.0775876120619396,0.0288410067958857,0.0259008051945184,0.00032599837000819865,False
2022,2023,20,all,0.313481886832435,0.2927487251477554,0.1014022858069222,0.101159114857745,0.0698567055237221,0.0639057016538624,0.00024317094917720994,False
2022,2023,20,bulk,0.2047966704686268,0.2010349790167113,0.0451764225984091,0.0475219253518254,0.0183555765955825,0.0194020896879215,-0.002345502753416301,False
2022,2023,20,container,0.4708321183194414,0.4139085981335095,0.2179580014482259,0.2143374366401158,0.1534139843105502,0.1370729941688772,0.0036205648081100994,False
2022,2023,20,gas,0.2048153162973284,0.1957911180641201,0.0553390491036632,0.0576773187840997,0.0123399551872403,0.0132475284451657,-0.0023382696804365027,False
2022,2023,20,general,0.2817198708600102,0.3111034784110834,0.0911925175370226,0.1071706936866718,0.0448766879788499,0.0538160725344712,-0.015978176149649206,False
2022,2023,20,roro,0.268643276387694,0.2393460378394651,0.048582995951417,0.0593792172739541,0.023013379579949,0.0258181324513818,-0.010796221322537103,False
2022,2023,20,tanker,0.3939855498341919,0.3594886412878833,0.1328443357783211,0.1220863895680521,0.0557608029217124,0.0478462135470872,0.010757946210269015,False
2022,2023,50,all,0.5029625423728741,0.4188855699034788,0.191172894544865,0.1846883359001378,0.1622727601919721,0.1283716480130189,0.00648455864472719,False
2022,2023,50,bulk,0.3797553220669142,0.2850703871227791,0.0752600448704874,0.0788292881909035,0.0369891813986776,0.0350321619238901,-0.003569243320416096,False
2022,2023,50,container,0.741516289509568,0.6047428352080316,0.4689838281438571,0.3939174511223751,0.3792716933722892,0.2701268114087272,0.075066377021482,False
2022,2023,50,gas,0.2815482656542447,0.2751748116185858,0.1044427123928293,0.1067809820732657,0.0244014447251644,0.0269036384950897,-0.0023382696804363917,False
2022,2023,50,general,0.490129372448284,0.4537150752771693,0.1777084957131722,0.2322681215900233,0.1014016910323202,0.1332752680636481,-0.05455962587685109,False
2022,2023,50,roro,0.4650622205771222,0.4171212912157183,0.1106612685560054,0.1551956815114709,0.0551490419746515,0.0808482528215255,-0.044534412955465494,False
2022,2023,50,tanker,0.5503324079251407,0.4875982479966058,0.2223308883455582,0.2125509372453137,0.1047796095943385,0.0976398158859451,0.009779951100244488,False
2022,2024,5,all,0.1034748504931692,0.0917799346323643,0.0341219882787063,0.035207293249403,0.0153518133835069,0.0167851223528546,-0.0010853049706966988,False
2022,2024,5,bulk,0.0901030335383798,0.0543973922993696,0.0165153669473914,0.0167341135294761,0.0065024734759306,0.0068438196541025,-0.00021874658208469872,False
2022,2024,5,container,0.1161983263838635,0.1317939244535839,0.0422832980972515,0.0502114164904862,0.0228453934877996,0.0279970841137873,-0.0079281183932347,False
2022,2024,5,gas,0.0429223890893445,0.0560715853909706,0.0143945808636748,0.02116850127011,0.0028626856257517,0.0039063589226595,-0.006773920406435199,False
2022,2024,5,general,0.0832579078678959,0.065575789228039,0.0196479738027015,0.0155546459271387,0.008624055598061,0.0086168951416487,0.004093327875562802,False
2022,2024,5,roro,0.0565910200245675,0.0499986523098259,0.0158045977011494,0.0086206896551724,0.0050846146961148,0.0045594963253078,0.007183908045976999,False
2022,2024,5,tanker,0.1511347410471369,0.1475656528174365,0.0689357290946786,0.0689357290946786,0.0256588285525113,0.0241766747826574,0.0,False
2022,2024,10,all,0.1644966402681618,0.1371021819834019,0.0522682873887562,0.0562622096809203,0.0321104278393199,0.0345031474252657,-0.003993922292164102,False
2022,2024,10,bulk,0.1138793145459988,0.071531291776265,0.0195778190965766,0.0190309526413649,0.0076692136037087,0.0076965669203314,0.0005468664552117017,False
2022,2024,10,container,0.2479597634464001,0.2382100185769546,0.0988372093023255,0.1215644820295983,0.0647215225950789,0.0752144642935637,-0.022727272727272804,False
2022,2024,10,gas,0.0782003928380898,0.0770798984821181,0.0220152413209144,0.0304826418289585,0.0051188282354577,0.0056025113816119,-0.0084674005080441,False
2022,2024,10,general,0.1220466405773616,0.1172020568925447,0.0270159639787146,0.0401146131805157,0.0138433556636182,0.0225124009809696,-0.0130986492018011,False
2022,2024,10,roro,0.0918683999879108,0.0649358952399536,0.0186781609195402,0.014367816091954,0.0071174150636966,0.0070856844624562,0.0043103448275862,False
2022,2024,10,tanker,0.2288137766121002,0.1922116905781331,0.0943331029716655,0.0894955079474775,0.0396493152608877,0.033802833085318,0.004837595024187999,False
2022,2024,20,all,0.2676788719050198,0.2495548211241133,0.1001085304970696,0.0983720425439548,0.0665004067818079,0.0600804978890907,0.0017364879531147903,False
2022,2024,20,bulk,0.1773621895921054,0.1740534882320717,0.0406868642677458,0.0433118232527616,0.0155145570547296,0.0166707772801055,-0.0026249589850158017,False
2022,2024,20,container,0.4066642133991782,0.3570201873892125,0.205338266384778,0.1939746300211416,0.1432138726021395,0.1258363860218059,0.011363636363636409,False
2022,2024,20,gas,0.1467137029750406,0.139039823600626,0.0524978831498729,0.0550381033022862,0.0108512242740343,0.0104094078186802,-0.0025402201524133,False
2022,2024,20,general,0.246681923286458,0.272013918336094,0.0966025378632828,0.108473188702415,0.0542772385200714,0.0610868360416058,-0.011870650839132205,False
2022,2024,20,roro,0.20019530327416,0.1747996436122302,0.0474137931034482,0.0603448275862069,0.0246468131415971,0.0303688559002742,-0.012931034482758702,False
2022,2024,20,tanker,0.3459278964485048,0.3139556487239464,0.1427090532135452,0.1319972356599861,0.0622103999258067,0.0532776240891741,0.0107118175535591,False
2022,2024,50,all,0.4523292090570924,0.3736415529683605,0.1806815715215975,0.1813327545040156,0.140620477599197,0.1203617377615106,-0.0006511829824180915,False
2022,2024,50,bulk,0.34297060819586,0.2555104318944278,0.0708738925954282,0.0767800503117138,0.0331278479658678,0.0331067341010722,-0.0059061577162855955,False
2022,2024,50,container,0.6733073275593214,0.5485739893060063,0.4238900634249471,0.3773784355179704,0.3231637648405836,0.2488613726164646,0.046511627906976716,False
2022,2024,50,gas,0.2182796053085253,0.212902020489844,0.0990685859441151,0.1033022861981371,0.0206789936057846,0.0252365116666592,-0.004233700254021991,False
2022,2024,50,general,0.4614861813787258,0.4214962416580794,0.1858370855505526,0.2415063446582071,0.1206655922021275,0.1495512358401565,-0.05566925910765452,False
2022,2024,50,roro,0.4187769341047875,0.3510903421143682,0.0905172413793103,0.1336206896551724,0.050047487704728,0.076856951545033,-0.0431034482758621,False
2022,2024,50,tanker,0.4963557670817306,0.4379403123844703,0.2204561161022805,0.2145818935729094,0.1028241575321009,0.1006768953540624,0.005874222529371087,False
2022,2025,5,all,0.1021963365087593,0.0904834757904178,0.0360806966117768,0.0359944822829554,0.0153752943499036,0.0165259231301845,8.621432882139485e-05,False
2022,2025,5,bulk,0.0902886917454644,0.0561676041210958,0.0166255497157567,0.0145875791054381,0.0071298531265622,0.0065602942465752,0.0020379706103185995,False
2022,2025,5,container,0.1152594739714899,0.13091346445161,0.0385316323873991,0.0486852382192137,0.023095704776606,0.0285501360557778,-0.0101536058318146,False
2022,2025,5,gas,0.0446437609851023,0.0549298687758043,0.02106149957877,0.0235888795282224,0.0039350178844664,0.0041523256330844,-0.0025273799494523984,False
2022,2025,5,general,0.0821819480883419,0.0652849487844248,0.0205676676264911,0.0160427807486631,0.0094180750971138,0.0086328680511276,0.004524886877828,False
2022,2025,5,roro,0.0515435661027689,0.0465131860962223,0.0165975103734439,0.0138312586445366,0.0039545731497363,0.0047872206386067,0.0027662517289073,False
2022,2025,5,tanker,0.1485049401438026,0.1428547386293625,0.0785174776040751,0.0764096258563147,0.024240652352664,0.0223347440845721,0.002107851747760403,False
2022,2025,10,all,0.1604864288605542,0.1329925198343768,0.0522458832657987,0.0554358134321924,0.0294848877156212,0.031369598825383,-0.003189930166393698,False
2022,2025,10,bulk,0.1121611434990434,0.0733860177772627,0.019414351603561,0.0170545961600343,0.0082499900438195,0.0074217972121763,0.0023597554435266996,False
2022,2025,10,container,0.2368832386972429,0.2223066937320398,0.0895600104139547,0.1140328039573027,0.0579072844047947,0.0670392603771705,-0.024472793543347998,False
2022,2025,10,gas,0.0801592616546085,0.0767098035798748,0.0269587194608256,0.0286436394271272,0.0062833356135212,0.005060169974654,-0.0016849199663016012,False
2022,2025,10,general,0.1247787199564842,0.1157671396250798,0.0271493212669683,0.0382558617852735,0.0148277924454098,0.0199278672512337,-0.011106540518305202,False
2022,2025,10,roro,0.0902580439864899,0.0623093654525606,0.0207468879668049,0.0221300138312586,0.0062864131666492,0.0064996181049217,-0.001383125864453702,False
2022,2025,10,tanker,0.2250794763329902,0.1894850702243409,0.1008255752678728,0.0959072545230985,0.0354806397620417,0.031482475405948,0.004918320744774288,False
2022,2025,20,all,0.2624931557529274,0.2438800106967067,0.0978532632123458,0.0965600482800241,0.0612127688162863,0.0555228385408799,0.0012932149323217068,False
2022,2025,20,bulk,0.1729192524112554,0.1718993483425611,0.0386141799849833,0.0421538131502735,0.0149967610310299,0.0165151290465325,-0.0035396331652901986,False
2022,2025,20,container,0.3917319966705928,0.3388161343737166,0.1900546732621713,0.1806821140328039,0.128813701363703,0.1120657370712142,0.009372559229367389,False
2022,2025,20,gas,0.145374229165357,0.1391139443303943,0.0598146588037068,0.0598146588037068,0.013773639641002,0.0142220967254186,0.0,False
2022,2025,20,general,0.2480202358734087,0.2686130031188236,0.090497737556561,0.0950226244343891,0.0455821979456715,0.0466966364974559,-0.004524886877828094,False
2022,2025,20,roro,0.1992899500975435,0.1774099344334708,0.0608575380359612,0.0677731673582296,0.0251474422414905,0.0270503420502179,-0.006915629322268392,False
2022,2025,20,tanker,0.3474809814149913,0.3130788552617403,0.1484278939047953,0.1408747584753205,0.0577788359976729,0.0525585673389777,0.007553135429474805,False
2022,2025,50,all,0.4512377261659816,0.3704431174708054,0.1769118027416156,0.1783343391671696,0.1335594313680454,0.1128673617458625,-0.001422536425553983,False
2022,2025,50,bulk,0.3447845637248058,0.2552769235315286,0.06950552397297,0.0751903893596481,0.0345677068562462,0.0322184976135042,-0.0056848653866781035,False
2022,2025,50,container,0.6611969626821134,0.5328525938879952,0.403540744597761,0.3558969018484769,0.2978395078919412,0.2246268765238253,0.04764384274928413,False
2022,2025,50,gas,0.2171653283949206,0.2105660010177958,0.101095197978096,0.1112047177759056,0.0250727106382457,0.0300683651221596,-0.010109519797809594,False
2022,2025,50,general,0.4520821439834009,0.410706936660735,0.1715343480049362,0.2213081036610448,0.1047392565931322,0.1321130036843268,-0.049773755656108615,False
2022,2025,50,roro,0.4311987301940095,0.3654581409047771,0.1106500691562932,0.1452282157676348,0.0573332815235237,0.0789642199431551,-0.034578146611341606,False
2022,2025,50,tanker,0.501081190632786,0.4432141603958349,0.2264184085719304,0.2272966801334972,0.0992979394823868,0.0995827178544462,-0.0008782715615667791,False
2023,2018,5,all,0.0977184691678225,0.0844552407078952,0.0437529691211401,0.0504988123515439,0.0130504415044549,0.0181385527320277,-0.006745843230403802,False
2023,2018,5,bulk,0.0801352600405936,0.057570041213989,0.0333645516272535,0.0331304144228517,0.0114766224017091,0.0119609307747418,0.00023413720440179642,False
2023,2018,5,container,0.1117379474042836,0.1290573434963766,0.0470852017937219,0.0765534913516976,0.0177386491277807,0.0314456584932867,-0.029468289557975702,False
2023,2018,5,gas,0.0629596250711246,0.0562603672399231,0.0312204351939451,0.0378429517502365,0.0038708805385872,0.004808396574913,-0.006622516556291397,False
2023,2018,5,general,0.0744096607872008,0.0663682757534899,0.0336134453781512,0.0464396284829721,0.0082622800109259,0.013703852765277,-0.012826183104820907,False
2023,2018,5,roro,0.067126452224768,0.049727961673983,0.0205580029368575,0.0220264317180616,0.006920358153584,0.0085969944710758,-0.0014684287812040987,False
2023,2018,5,tanker,0.1415068434932459,0.1122582250832666,0.0679413402635975,0.0707258214219417,0.0149596361504563,0.0156890427159383,-0.002784481158344204,False
2023,2018,10,all,0.1725465613389283,0.1438443260639637,0.0711638954869358,0.0665558194774346,0.0395331880015551,0.031194263672001,0.004608076009501208,False
2023,2018,10,bulk,0.1018975508340148,0.0781787135637107,0.0385155701240927,0.0374619527042847,0.013163044177726,0.0133574656315355,0.0010536174198080006,False
2023,2018,10,container,0.3056886589097306,0.2492013374472222,0.1447789878283152,0.1213965406790519,0.0857696879419246,0.0630600365581644,0.023382447149263297,False
2023,2018,10,gas,0.108869948695174,0.1128602932212819,0.0435193945127719,0.0624408703878902,0.0091787210185231,0.0090309957737014,-0.018921475875118304,False
2023,2018,10,general,0.1283581848130579,0.1188091764328963,0.0588235294117647,0.0588235294117647,0.021421749698389,0.0183136609161878,0.0,False
2023,2018,10,roro,0.1203432849684503,0.1184440709981061,0.0308370044052863,0.0337738619676945,0.0121637796151782,0.0138600608406359,-0.0029368575624082044,False
2023,2018,10,tanker,0.2171925698809327,0.1827144890511205,0.0959717839242621,0.0891033970670131,0.0289617513048227,0.023837542206208,0.006868386857248998,False
2023,2018,20,all,0.2834395884750646,0.2547230269964365,0.1096912114014251,0.1148218527315914,0.0786953225385217,0.0725219844748675,-0.005130641330166302,False
2023,2018,20,bulk,0.1622100837440768,0.1487498307750104,0.0533832826036057,0.0547881058300163,0.019793576938618,0.0202597522196754,-0.001404823226410605,False
2023,2018,20,container,0.4756402120788977,0.4157578749713773,0.2392696989109545,0.2475976937860346,0.1703593259886702,0.1484749329779117,-0.008327994875080097,False
2023,2018,20,gas,0.2355647324886369,0.2011871339517564,0.0927152317880794,0.0917691579943235,0.0438944479996949,0.0433322776237144,0.0009460737937559,False
2023,2018,20,general,0.2556704606604372,0.2531861525504923,0.1003980539584254,0.1220698805838124,0.0481449605144894,0.0628203919451771,-0.02167182662538701,False
2023,2018,20,roro,0.2540719160015492,0.2165464905559217,0.0513950073421439,0.0616740088105726,0.0247034686835182,0.0303974606365387,-0.010279001468428695,False
2023,2018,20,tanker,0.3428375319962006,0.3096215384541619,0.1384815296083163,0.1412660107666604,0.052636127763885,0.0517464398066055,-0.002784481158344093,False
2023,2018,50,all,0.4709240187479215,0.3706371164878487,0.1975771971496437,0.1823277909738717,0.1860511194601089,0.1321197626055188,0.015249406175772001,False
2023,2018,50,bulk,0.3285049625352561,0.2297923554658507,0.0808944041208147,0.0855771482088503,0.0364891895884574,0.0353127120801281,-0.004682744088035609,False
2023,2018,50,container,0.7567062633845241,0.5721634103565455,0.5294682895579756,0.4048686739269699,0.4422200464387615,0.2753481715764536,0.12459961563100574,False
2023,2018,50,gas,0.3261723969601453,0.2996847234806083,0.1315042573320719,0.130558183538316,0.0538134018643351,0.0575660713001937,0.0009460737937559138,False
2023,2018,50,general,0.4595898153145827,0.3918029796968265,0.2007961079168509,0.2321981424148606,0.119940350519077,0.1328585879041347,-0.031402034498009684,False
2023,2018,50,roro,0.4747593811033761,0.3804975114521562,0.1042584434654919,0.1541850220264317,0.0575019968024006,0.085941004453318,-0.049926578560939794,False
2023,2018,50,tanker,0.4904927127086907,0.4314313704845767,0.2136625208836086,0.1995544830146649,0.1013280234193519,0.0889814337052437,0.014108037868943685,False
2023,2019,5,all,0.1004448473747754,0.0840850264387766,0.0350288361539188,0.0415996974567457,0.0121749604094745,0.0162889777253144,-0.0065708613028269,False
2023,2019,5,bulk,0.0841206129554845,0.056923845724954,0.0260434833158935,0.0262760144169282,0.0088466421875666,0.0090766090706106,-0.00023253110103469907,False
2023,2019,5,container,0.1065977369599664,0.1265748650456869,0.0482917214191852,0.0772010512483574,0.0191190977650104,0.0317760450450437,-0.028909329829172194,False
2023,2019,5,gas,0.0625426885187642,0.052837906987381,0.0284444444444444,0.032,0.0041164742065021,0.0043282289029415,-0.0035555555555556,False
2023,2019,5,general,0.0742403513250107,0.0652669521431827,0.0232558139534883,0.0355677154582763,0.0088432970252458,0.014158532607442,-0.012311901504788,False
2023,2019,5,roro,0.0775371670757278,0.0534507611098654,0.0180451127819548,0.0225563909774436,0.0062394409615695,0.0081138435526497,-0.004511278195488799,False
2023,2019,5,tanker,0.1491808333703043,0.1164717038642061,0.0497647484618168,0.0524791892870068,0.0130429633081152,0.0126760900775718,-0.002714440825190005,False
2023,2019,10,all,0.1782196194483513,0.1453593690630706,0.0613595537487,0.0555923229649238,0.0356882539373298,0.0283723191528072,0.005767230783776202,False
2023,2019,10,bulk,0.1111659402663085,0.0810613122139866,0.0296477153819323,0.0290663876293454,0.0097365712837682,0.0096642226808853,0.0005813277525868986,False
2023,2019,10,container,0.3023909476981715,0.2423652251136638,0.1511169513797634,0.1235216819973718,0.085789354796937,0.0642689647577298,0.027595269382391582,False
2023,2019,10,gas,0.1147597137488802,0.1111710291163374,0.0373333333333333,0.0506666666666666,0.0052433010228955,0.0070245490907106,-0.013333333333333301,False
2023,2019,10,general,0.1336458109588821,0.1167035422324807,0.0492476060191518,0.0465116279069767,0.0225819925192576,0.017706625377966,0.0027359781121750956,False
2023,2019,10,roro,0.1357431890994582,0.1320419191440993,0.0360902255639097,0.0436090225563909,0.0150799064584804,0.020296328821484,-0.007518796992481203,False
2023,2019,10,tanker,0.2293969190826446,0.1941931132635406,0.0740137531668476,0.0655085052479189,0.0231556967960595,0.0181925009248282,0.008505247918928704,False
2023,2019,20,all,0.2904066872594195,0.2606081169766613,0.0953956698496738,0.1007847215656613,0.0677940807695041,0.0640824714774231,-0.005389051715987497,False
2023,2019,20,bulk,0.1722968907303899,0.1607218247128349,0.0430182536914312,0.0454598302522962,0.0151750862016917,0.0164897253215737,-0.002441576560864994,False
2023,2019,20,container,0.4708641650774499,0.4067072584531971,0.2332457293035479,0.240473061760841,0.1640718733881329,0.147723673804702,-0.007227332457293095,False
2023,2019,20,gas,0.2291738859002792,0.1962303387407636,0.0755555555555555,0.0764444444444444,0.0194616284971835,0.0200062813543937,-0.0008888888888888974,False
2023,2019,20,general,0.2701437437951309,0.2624525499271045,0.0916552667578659,0.1089831281349749,0.0435612091349476,0.0530248312510569,-0.01732786137710901,False
2023,2019,20,roro,0.2764431440040093,0.2336408697622735,0.0631578947368421,0.069172932330827,0.0288145185247328,0.0332448845642029,-0.006015037593984904,False
2023,2019,20,tanker,0.3625129209353919,0.3267121505334851,0.1103872602243937,0.1154542164314151,0.0416228700483264,0.0422330918135721,-0.0050669562070213975,False
2023,2019,50,all,0.4842179060776169,0.3790419621192848,0.1837004821783114,0.1685733194667675,0.1742529926263597,0.1181020950748149,0.015127162711543879,False
2023,2019,50,bulk,0.3493203693481267,0.2446002725131157,0.0739448901290547,0.0763864666899197,0.0325609419032397,0.0306338872436431,-0.002441576560865008,False
2023,2019,50,container,0.7675416752115659,0.5741816794183896,0.5275952693823915,0.3938896189224704,0.4545348003676627,0.2639081296285159,0.13370565045992117,False
2023,2019,50,gas,0.3221760540620516,0.295337518906763,0.1226666666666666,0.1137777777777777,0.0295497160477033,0.0357053110195724,0.008888888888888904,False
2023,2019,50,general,0.4741584308236201,0.4028368405025064,0.1764705882352941,0.2170542635658914,0.099344197760325,0.1244301387393183,-0.040583675330597285,False
2023,2019,50,roro,0.482061051070955,0.3876014849787113,0.106766917293233,0.1398496240601503,0.0621340411879319,0.0794852301625429,-0.03308270676691731,False
2023,2019,50,tanker,0.5180108536697337,0.4500764831715914,0.1896489323199421,0.1833152370611654,0.085812727936608,0.0804823379521074,0.006333695258776695,False
2023,2020,5,all,0.1013470827014016,0.0865567554616902,0.0329801934592353,0.0402579456471672,0.0111297884848934,0.0163321110278176,-0.007277752187931898,False
2023,2020,5,bulk,0.0818828377906468,0.0558019750779638,0.0204286671131949,0.0214333556597454,0.006921676336135,0.0075811295565436,-0.0010046885465504994,False
2023,2020,5,container,0.1093373566130675,0.1349382951868374,0.0429116338207247,0.0750158931977113,0.0172550788221182,0.0330114726841172,-0.032104259376986605,False
2023,2020,5,gas,0.0508297211900321,0.0422427780277895,0.0213310580204778,0.023037542662116,0.0015231513656326,0.0013210540782416,-0.0017064846416381986,False
2023,2020,5,general,0.0764010695068001,0.0702416719936936,0.0226119058606368,0.036455929856945,0.0084255035204695,0.0150163056341492,-0.0138440239963082,False
2023,2020,5,roro,0.0770404150409762,0.0551514154226107,0.0224358974358974,0.0224358974358974,0.0114534023997716,0.0114998076548984,0.0,False
2023,2020,5,tanker,0.1589011906407675,0.1251770696435044,0.0549353180932128,0.0577706893496367,0.0141598639976066,0.0144638553051012,-0.002835371256423899,False
2023,2020,10,all,0.1815436628086824,0.1472858243429232,0.0603408567480423,0.0539843390142791,0.0378045854586419,0.0289916638201012,0.006356517733763202,False
2023,2020,10,bulk,0.1129031131109137,0.0800716543711802,0.0236659968743023,0.0241125251172136,0.0077832222547232,0.0083568701510025,-0.0004465282429113003,False
2023,2020,10,container,0.312422131708932,0.2590844392224482,0.1522568340750159,0.1284170375079465,0.093757765219037,0.0697526565793721,0.023839796567069388,False
2023,2020,10,gas,0.1020993406455488,0.0956087691697934,0.0324232081911262,0.0341296928327645,0.0038617746697017,0.0029921272692019,-0.0017064846416382992,False
2023,2020,10,general,0.1431798891811235,0.1255828178214328,0.053068758652515,0.0475311490539916,0.0250897028480749,0.0183964111371682,0.005537609598523403,False
2023,2020,10,roro,0.1343406324110736,0.1204330643501743,0.0288461538461538,0.032051282051282,0.0145011307519224,0.014525467451974,-0.0032051282051282007,False
2023,2020,10,tanker,0.2386642817899725,0.1996578362911557,0.0793903951798688,0.0689349636718057,0.0262316637354866,0.0194547350160475,0.010455431508063107,False
2023,2020,20,all,0.2901777765094384,0.2619612100485509,0.0935513588208199,0.0974205435283279,0.0680396660982341,0.0629519776908075,-0.0038691847075079944,False
2023,2020,20,bulk,0.174960528354257,0.1630232633282781,0.0377316365260102,0.0392944853762,0.0134764037148247,0.014135802902366,-0.0015628488501897991,False
2023,2020,20,container,0.4740048661600677,0.4168144492087262,0.2275905912269548,0.2377622377622377,0.1657783750899425,0.1480858493870326,-0.010171646535282908,False
2023,2020,20,gas,0.2136990414746474,0.1746687094202534,0.0614334470989761,0.0605802047781569,0.0146210990465155,0.0141410297952338,0.0008532423208192016,False
2023,2020,20,general,0.2692060780913944,0.2666993015715763,0.0946008306414397,0.1098292570373788,0.0473151400391144,0.0547995176156205,-0.01522842639593909,False
2023,2020,20,roro,0.2741894346784317,0.231167241935429,0.0496794871794871,0.0576923076923076,0.0295283337644968,0.0333197847399179,-0.008012820512820498,False
2023,2020,20,tanker,0.3713453602596993,0.3349608495386878,0.1185539606592238,0.1187311713627503,0.0468583184233865,0.0449049946666234,-0.00017721070352649804,False
2023,2020,50,all,0.4767813232014541,0.3753995571328092,0.1737908797789037,0.1614463380930446,0.1625702601168961,0.1124119097897745,0.012344541685859106,False
2023,2020,50,bulk,0.3490447203623538,0.244035369612219,0.0636302746148693,0.0668676043759767,0.0296673039405298,0.0259727438752257,-0.0032373297611074103,False
2023,2020,50,container,0.7621486522698875,0.5767951444465745,0.4949141767323585,0.3763509218054672,0.4218739257344086,0.2538081862600067,0.11856325492689129,False
2023,2020,50,gas,0.296527161965696,0.275999613826497,0.106655290102389,0.1006825938566552,0.0238478274908038,0.0272570394677492,0.005972696245733794,False
2023,2020,50,general,0.4604321297113404,0.3986435993871902,0.1624365482233502,0.2108906322104291,0.0916084771431348,0.1162167367654458,-0.0484540839870789,False
2023,2020,50,roro,0.4777043626180738,0.3867644347183679,0.1041666666666666,0.1378205128205128,0.0672328119419457,0.0873794949916403,-0.0336538461538462,False
2023,2020,50,tanker,0.5198172398503972,0.4550889362944093,0.1956406166932482,0.188020556441609,0.0907537491612529,0.0847245625572817,0.0076200602516391935,False
2023,2021,5,all,0.0992248720715439,0.0816565064388833,0.0279494878134934,0.0346608972094666,0.0106249416373891,0.0149636544426178,-0.0067114093959732,False
2023,2021,5,bulk,0.0756679174705312,0.046262413995582,0.0128624373228689,0.013516459559625,0.0048810192199927,0.0053076042153939,-0.0006540222367561015,False
2023,2021,5,container,0.1066287190462055,0.1262066259621954,0.0314410480349345,0.060844250363901,0.0134670805167869,0.026242534134094,-0.029403202328966503,False
2023,2021,5,gas,0.0487167891387202,0.0361820028912923,0.0154597233523189,0.0154597233523189,0.0024662835498774,0.0025083545620423,0.0,False
2023,2021,5,general,0.0817679390917356,0.0634882652521439,0.0142081069786878,0.0263267864605098,0.0042148793935768,0.0084613530754395,-0.012118679481821997,False
2023,2021,5,roro,0.0774292853168303,0.0487738732727545,0.0186335403726708,0.0170807453416149,0.0071794067747937,0.0072409102975023,0.0015527950310559,False
2023,2021,5,tanker,0.1635194746043452,0.1329331557327271,0.0592412956868179,0.0621860384548761,0.0217056772657436,0.0217564091246988,-0.0029447427680582006,False
2023,2021,10,all,0.1740744445537167,0.1423607607146379,0.0511744966442953,0.0464058636524196,0.0319556011558933,0.0245837073116701,0.0047686329918756945,False
2023,2021,10,bulk,0.1008575897129649,0.0705107882514142,0.0148245040331371,0.0151515151515151,0.0057531542552558,0.0057833936397903,-0.0003270111183780004,False
2023,2021,10,container,0.2959893740423732,0.2471654471393691,0.1211062590975254,0.1010189228529839,0.0696195835154459,0.0512212796668141,0.020087336244541495,False
2023,2021,10,gas,0.0897919486483896,0.0893969284492589,0.0211554109031733,0.0276647681041497,0.0031838108614373,0.0042065321412075,-0.006509357200976399,False
2023,2021,10,general,0.1371596788859252,0.1178225893007197,0.0330129544504805,0.0325950689511074,0.0133109477869498,0.0110352050543349,0.0004178854993730982,False
2023,2021,10,roro,0.1315169044822475,0.1121153815843171,0.0248447204968944,0.0232919254658385,0.0123364742810615,0.0082934281608214,0.0015527950310559,False
2023,2021,10,tanker,0.2432546627504898,0.2068152571130603,0.0841849991338991,0.0758704313182054,0.0358561895026526,0.0283163547600917,0.008314567815693702,False
2023,2021,20,all,0.2853524734363379,0.255167940880498,0.0842900035323207,0.0878223242670434,0.0612189731678066,0.0550877301332092,-0.003532320734722691,False
2023,2021,20,bulk,0.165846820496775,0.1507791854811229,0.0257248746457379,0.027468933943754,0.0096939652670208,0.0107248277663377,-0.0017440592980161006,False
2023,2021,20,container,0.4608865620118982,0.3983533671682567,0.2026200873362445,0.2096069868995633,0.1383746617410877,0.1179685081726886,-0.006986899563318799,False
2023,2021,20,gas,0.193449125097093,0.1560948414758961,0.0504475183075671,0.0471928397070789,0.0123139468493577,0.0115520086553844,0.003254678600488198,False
2023,2021,20,general,0.2705357506136639,0.2748325116367072,0.0727120768909318,0.087755954868366,0.0333869230205987,0.0426085102248096,-0.0150438779774342,False
2023,2021,20,roro,0.2673384759509272,0.2253150099247448,0.0419254658385093,0.0512422360248447,0.0223221041569303,0.0253030336361249,-0.0093167701863354,False
2023,2021,20,tanker,0.3751590155029979,0.3386895742574833,0.1236791962584444,0.1240256365840983,0.0571561377799761,0.0548269833805177,-0.00034644032565391003,False
2023,2021,50,all,0.4723156127582103,0.3743111872132525,0.1637230660543977,0.1559078064288237,0.1544257724001506,0.107773496902183,0.007815259625574,False
2023,2021,50,bulk,0.3400584943226306,0.2377540917997797,0.0487246566383257,0.052866797471114,0.025794802183827,0.0221755089741653,-0.004142140832788299,False
2023,2021,50,container,0.7398059974208515,0.5603767341106379,0.4625909752547307,0.3502183406113537,0.3774239981678365,0.2261905640417898,0.11237263464337699,False
2023,2021,50,gas,0.2709080119472146,0.2509438404207693,0.0821806346623271,0.0781122864117168,0.0191489114385403,0.0205905403610067,0.004068348250610296,False
2023,2021,50,general,0.4744966390663029,0.4159881596531169,0.1525282072712077,0.20685332218972,0.0939765914310107,0.1147252448366785,-0.0543251149185123,False
2023,2021,50,roro,0.4743807803572132,0.3918845531417737,0.0854037267080745,0.1459627329192546,0.0526603005314273,0.085425742377737,-0.0605590062111801,False
2023,2021,50,tanker,0.5242923686822237,0.4643687677802263,0.1993764074138229,0.2005889485536116,0.1025525907901473,0.0998531634997932,-0.001212541139788692,False
2023,2022,5,all,0.1094774755053313,0.0943064509659209,0.031272875152501,0.0406669377795851,0.012422817882038,0.0198999608865324,-0.009394062627084102,False
2023,2022,5,bulk,0.0824891727132534,0.0523087775853982,0.0180685994283381,0.0192935892200898,0.007151961491668,0.0082482811991096,-0.0012249897917517016,False
2023,2022,5,container,0.1303535010766694,0.1564240871088744,0.0352626459143968,0.0753891050583657,0.0167123009830352,0.0377485043373466,-0.0401264591439689,False
2023,2022,5,gas,0.0543167857637094,0.0442148615508871,0.016419077404222,0.0187646598905394,0.0029322743992049,0.0030524855901105,-0.0023455824863173984,False
2023,2022,5,general,0.0811635943063998,0.0699600793827983,0.0191864927091327,0.032233307751343,0.0092705087363407,0.014160259397642,-0.013046815042210298,False
2023,2022,5,roro,0.0736081337750147,0.0461544774546794,0.0054421768707482,0.0081632653061224,0.0003797876790932,0.0021425403082964,-0.0027210884353741993,False
2023,2022,5,tanker,0.171657180238493,0.1378250521846337,0.0613658858462553,0.0638403167271527,0.0211393154813494,0.0205626647965127,-0.0024744308808973964,False
2023,2022,10,all,0.1903320572671027,0.1647061349221991,0.0591297275315168,0.0566897112647417,0.0384248877955294,0.0344844487018067,0.002440016266775105,False
2023,2022,10,bulk,0.1117847343001905,0.0859333466118716,0.0217435688035933,0.0224581461821151,0.008577424835695,0.0093393124570835,-0.0007145773785217982,False
2023,2022,10,container,0.3095540078731493,0.282629265289167,0.1383754863813229,0.1274319066147859,0.0836263055279411,0.0745036813263656,0.01094357976653701,False
2023,2022,10,gas,0.1032600990760799,0.1038833997958483,0.0258014073494917,0.034401876465989,0.0042180087554919,0.0055971810081005,-0.0086004691164973,False
2023,2022,10,general,0.1438538183123201,0.1291354790512681,0.0391404451266308,0.0387567152724481,0.0180395177337941,0.0169865059512109,0.0003837298541826961,False
2023,2022,10,roro,0.1323370172298689,0.1136270676167434,0.0136054421768707,0.0176870748299319,0.0051392969407255,0.0052727784525985,-0.004081632653061202,False
2023,2022,10,tanker,0.2596239822239486,0.2211063728960937,0.0869350049488617,0.0811613328934345,0.0345652456121481,0.0283527206064683,0.005773672055427198,False
2023,2022,20,all,0.3061505387468937,0.2761594144335391,0.0989426596177307,0.1055307035380235,0.0695968284240066,0.067632895771464,-0.006588043920292802,False
2023,2022,20,bulk,0.1853395938279121,0.1705541225390675,0.0399142507145773,0.0422621478154348,0.0159503308256912,0.017041804118334,-0.0023478971008575045,False
2023,2022,20,container,0.4651985292691981,0.4094879405553498,0.2188715953307393,0.2363813229571984,0.1494471765959856,0.1412864803131922,-0.01750972762645911,False
2023,2022,20,gas,0.2177760304209935,0.1802150792528798,0.0633307271305707,0.0586395621579358,0.0145314460110528,0.0129316498867072,0.004691164972634894,False
2023,2022,20,general,0.2684651555732222,0.2821554131078408,0.0836531082118188,0.1062931696085955,0.0392647822963453,0.0526417011418485,-0.022640061396776698,False
2023,2022,20,roro,0.276714117820814,0.2320850888225389,0.0435374149659863,0.0489795918367346,0.0202932711769054,0.0224321856996549,-0.0054421768707483,False
2023,2022,20,tanker,0.3962711538445315,0.354548643336067,0.1337842296271857,0.1354338502144506,0.0576128330952997,0.0572454985870693,-0.001649620587264894,False
2023,2022,50,all,0.4966979231684189,0.399287138449899,0.1862139080927206,0.1770231801545343,0.1658788110849327,0.123924148624918,0.009190727938186288,False
2023,2022,50,bulk,0.3641834781835174,0.2589020740651998,0.0681910984075132,0.0703348305430788,0.0339857749079247,0.0304285127956595,-0.0021437321355656097,False
2023,2022,50,container,0.7308410908286143,0.5692217089816769,0.4700875486381323,0.3813229571984435,0.376774642261576,0.2528546329880492,0.08876459143968879,False
2023,2022,50,gas,0.3053183905048899,0.2829406272119076,0.0977326035965598,0.0961688819390148,0.0233922871224472,0.0256184708107427,0.0015637216575450086,False
2023,2022,50,general,0.4769536414944457,0.4401416065773887,0.1696085955487337,0.2302379125095932,0.1011330902071507,0.1315424814083549,-0.06062931696085949,False
2023,2022,50,roro,0.4759981531641991,0.3956069596568032,0.0938775510204081,0.1469387755102041,0.0453108418601473,0.0786006004224648,-0.053061224489796,False
2023,2022,50,tanker,0.5506792073666419,0.4814669383896695,0.2213790828109534,0.2086770042890135,0.1135455906712838,0.0986381122285028,0.012702078521939886,False
2023,2023,5,all,0.1170542683739949,0.1012623496774344,0.0314501094269271,0.0403258490718975,0.0140783920215017,0.0218365767083416,-0.008875739644970397,True
2023,2023,5,bulk,0.0965934466688822,0.0592013011299491,0.0193758923108301,0.0210075464001631,0.0075510708721945,0.0088198563729218,-0.001631654089332999,True
2023,2023,5,container,0.1390822558757699,0.1744874049580002,0.042239922761284,0.0789283128167994,0.0233948825419846,0.0464083712407814,-0.036688390055515406,True
2023,2023,5,gas,0.0563189144731497,0.0470271067717447,0.0155884645362431,0.0179267342166796,0.0025332295187333,0.0027616034367792,-0.002338269680436501,True
2023,2023,5,general,0.0946657097425543,0.0883983740719687,0.0163678877630553,0.0311769290724863,0.0107036074130119,0.0162378370780345,-0.014809041309431,True
2023,2023,5,roro,0.0714039325708679,0.0523506732020666,0.0148448043184885,0.0053981106612685,0.0032749859735133,0.0014527097225705,0.00944669365722,True
2023,2023,5,tanker,0.1678491629720086,0.1305062196491236,0.0550937245313773,0.0578647106764466,0.0174773080885712,0.0170420650113013,-0.0027709861450693,True
2023,2023,10,all,0.2018895954682069,0.1735119333482429,0.0586041987517224,0.0578746859041906,0.0389149203286827,0.039458243626733,0.0007295128475318033,True
2023,2023,10,bulk,0.1334302040129254,0.0957329282328721,0.0228431572506628,0.0229451356312461,0.0091990358877566,0.0094611581237355,-0.00010197838058330008,True
2023,2023,10,container,0.3175302309645185,0.3015928438465066,0.1383055756698044,0.1387883176442191,0.0889861695722427,0.0938424554273103,-0.0004827419744146966,True
2023,2023,10,gas,0.0974803945903456,0.1061683070142436,0.0210444271239282,0.0319563522992985,0.0035768156826997,0.0058713163213003,-0.010911925175370304,True
2023,2023,10,general,0.163316328344431,0.1501410560909888,0.0448168355416991,0.0409197194076383,0.026864514373095,0.0202562302572538,0.003897116134060803,True
2023,2023,10,roro,0.1284877565141012,0.1132895311998501,0.0161943319838056,0.0175438596491228,0.0056070580712965,0.0036672585266833,-0.0013495276653172003,True
2023,2023,10,tanker,0.2642048614980172,0.2179717065674873,0.0806845965770171,0.0764466177669111,0.0299018902520985,0.0254179760314048,0.0042379788101059995,True
2023,2023,20,all,0.313481886832435,0.2881662423022429,0.1014022858069222,0.1066709897057631,0.0698567055237221,0.0687463715798023,-0.00526870389884089,True
2023,2023,20,bulk,0.2047966704686268,0.1933928689255805,0.0451764225984091,0.0467060983071588,0.0183555765955825,0.0188718618813953,-0.001529675708749699,True
2023,2023,20,container,0.4708321183194414,0.4225598020421572,0.2179580014482259,0.2321988896934588,0.1534139843105502,0.1490806060768761,-0.014240888245232897,True
2023,2023,20,gas,0.2048153162973284,0.1740093866674044,0.0553390491036632,0.0600155884645362,0.0123399551872403,0.013344776242736,-0.0046765393608730055,True
2023,2023,20,general,0.2817198708600102,0.3008521394839989,0.0911925175370226,0.1141855027279813,0.0448766879788499,0.0589187853270924,-0.0229929851909587,True
2023,2023,20,roro,0.268643276387694,0.2279908080111495,0.048582995951417,0.0593792172739541,0.023013379579949,0.0258181324513818,-0.010796221322537103,True
2023,2023,20,tanker,0.3939855498341919,0.3556233069087012,0.1328443357783211,0.1300733496332518,0.0557608029217124,0.0522909772096552,0.0027709861450693207,True
2023,2023,50,all,0.505841890540209,0.4094820573243177,0.1905244386803923,0.1817702845100105,0.1638688675043631,0.1226645679871593,0.008754154170381778,True
2023,2023,50,bulk,0.3808919663968901,0.280550489819581,0.0763818070569039,0.0792372017132368,0.0381027906049623,0.0349993396869953,-0.002855394656332902,True
2023,2023,50,container,0.7454823136657978,0.5900964598016916,0.4680183441950277,0.3779869659666908,0.3779458685784833,0.2549191683569339,0.0900313782283369,True
2023,2023,50,gas,0.2898578840790554,0.2676180565023748,0.1083398285268901,0.1028838659392049,0.0257535348602248,0.0258743375256674,0.005455962587685201,True
2023,2023,50,general,0.4929785724822266,0.4409675510161254,0.1777084957131722,0.240452065471551,0.1010808284400161,0.1352317965600842,-0.0627435697583788,True
2023,2023,50,roro,0.4534868028559329,0.3917952944104397,0.097165991902834,0.1497975708502024,0.0509394335012645,0.0759053841578535,-0.052631578947368404,True
2023,2023,50,tanker,0.5565093411289779,0.4794893563621801,0.2193969030154849,0.2089649551752241,0.1131610220990645,0.0946737395097143,0.010431947840260802,True
2023,2024,5,all,0.1034748504931692,0.0978745759649862,0.0341219882787063,0.0411547644888213,0.0153518133835069,0.0221273954293769,-0.007032776210114999,False
2023,2024,5,bulk,0.0901030335383798,0.0570536765513134,0.0165153669473914,0.0174997265667723,0.0065024734759306,0.0070622740872375,-0.0009843596193808979,False
2023,2024,5,container,0.1161983263838635,0.1617446650770369,0.0422832980972515,0.0750528541226215,0.0228453934877996,0.0441146067601112,-0.032769556025369996,False
2023,2024,5,gas,0.0429223890893445,0.0461794250071322,0.0143945808636748,0.0152413209144792,0.0028626856257517,0.0028991059040564,-0.0008467400508043992,False
2023,2024,5,general,0.0832579078678959,0.0825664258252466,0.0196479738027015,0.0339746213671715,0.008624055598061,0.0180998361513162,-0.014326647564469996,False
2023,2024,5,roro,0.0565910200245675,0.0527681965749822,0.0158045977011494,0.0100574712643678,0.0050846146961148,0.0061062486514711,0.005747126436781599,False
2023,2024,5,tanker,0.1511347410471369,0.1368941032992196,0.0689357290946786,0.068417415342087,0.0256588285525113,0.023917120995651,0.0005183137525915926,False
2023,2024,10,all,0.1668646615064759,0.15049371508693,0.0598654221836336,0.0575211634469285,0.0367256217450981,0.0363918833865242,0.0023442587367051015,False
2023,2024,10,bulk,0.1161737536125851,0.0860731282220308,0.0204528054249152,0.0207809252980422,0.0080147041845962,0.0084576315694473,-0.0003281198731269995,False
2023,2024,10,container,0.2617757891393009,0.2562524418251596,0.1268498942917547,0.1210359408033826,0.0774413244603405,0.080336632060974,0.0058139534883720895,False
2023,2024,10,gas,0.0626566286435626,0.0810926341372692,0.02116850127011,0.0330228619813717,0.0048541362355373,0.0060714057003061,-0.0118543607112617,False
2023,2024,10,general,0.1374960211726869,0.1341645612350202,0.04625460499386,0.0470732705689725,0.0232019308422507,0.0236642580252153,-0.0008186655751125024,False
2023,2024,10,roro,0.0852230493780455,0.0796931168524739,0.021551724137931,0.0258620689655172,0.0087457341644322,0.0135667522307607,-0.004310344827586198,False
2023,2024,10,tanker,0.2219020363250793,0.2000537534292351,0.0965791292328956,0.0872494816862474,0.0403231961369369,0.0325360873255883,0.00932964754664821,False
2023,2024,20,all,0.2676788719050198,0.2453604803945166,0.1001085304970696,0.1049272845669633,0.0665004067818079,0.0646356076898273,-0.00481875406989371,False
2023,2024,20,bulk,0.1773621895921054,0.169486526449645,0.0406868642677458,0.0433118232527616,0.0155145570547296,0.0166271339035904,-0.0026249589850158017,False
2023,2024,20,container,0.4066642133991782,0.3617906044441132,0.205338266384778,0.2145877378435517,0.1432138726021395,0.1361259060198295,-0.009249471458773695,False
2023,2024,20,gas,0.1467137029750406,0.121393257903611,0.0524978831498729,0.0550381033022862,0.0108512242740343,0.0109026759503075,-0.0025402201524133,False
2023,2024,20,general,0.246681923286458,0.2664409561301211,0.0966025378632828,0.1174785100286533,0.0542772385200714,0.0652671604048951,-0.0208759721653705,False
2023,2024,20,roro,0.20019530327416,0.1565479583995395,0.0474137931034482,0.0603448275862069,0.0246468131415971,0.0303688559002742,-0.012931034482758702,False
2023,2024,20,tanker,0.3459278964485048,0.3092232189607272,0.1427090532135452,0.1408085694540428,0.0622103999258067,0.0586635590404117,0.0019004837595024138,False
2023,2024,50,all,0.4554596496948668,0.3649591971554892,0.1799869763403516,0.1774690688083351,0.1417609622607841,0.1159917854463146,0.0025179075320165,False
2023,2024,50,bulk,0.343947929639827,0.251700813088425,0.0725144919610631,0.0765613037296292,0.0340885047136644,0.033100269399443,-0.004046811768566097,False
2023,2024,50,container,0.675453574313525,0.5334946569740013,0.4249471458773784,0.361522198731501,0.3222047177133008,0.2371118094718342,0.06342494714587743,False
2023,2024,50,gas,0.2265639254523126,0.2069813275497047,0.1058425063505503,0.0982218458933107,0.022796503744379,0.0240447035673508,0.007620660457239595,False
2023,2024,50,general,0.4626347376119323,0.4058715310980302,0.182153090462546,0.2419156774457634,0.1160723496535762,0.1481180178492963,-0.0597625869832174,False
2023,2024,50,roro,0.4113460775585518,0.3322780298083596,0.0876436781609195,0.1293103448275862,0.0499338193836139,0.0725542202431325,-0.041666666666666685,False
2023,2024,50,tanker,0.5057594624965669,0.4314573999727349,0.2149274360746371,0.2112992398064962,0.1081568021340912,0.0988456206135506,0.0036281962681408986,False
2023,2025,5,all,0.1021963365087593,0.0959591949371433,0.0360806966117768,0.0416415208207604,0.0153752943499036,0.0208538503400896,-0.0055608242089836,False
2023,2025,5,bulk,0.0902886917454644,0.0591764370048704,0.0166255497157567,0.0154456719939933,0.0071298531265622,0.0068294665953744,0.0011798777217634,False
2023,2025,5,container,0.1152594739714899,0.1543503340822834,0.0385316323873991,0.0705545430877375,0.023095704776606,0.0411037642333653,-0.03202291070033839,False
2023,2025,5,gas,0.0446437609851023,0.0466615794960565,0.02106149957877,0.0193765796124684,0.0039350178844664,0.0034836710496257,0.0016849199663016012,False
2023,2025,5,general,0.0821819480883419,0.0805947150439566,0.0205676676264911,0.0312628547922665,0.0094180750971138,0.0156372604591701,-0.010695187165775402,False
2023,2025,5,roro,0.0515435661027689,0.0479532384919421,0.0165975103734439,0.0165975103734439,0.0039545731497363,0.0049272215589187,0.0,False
2023,2025,5,tanker,0.1485049401438026,0.1348996830479792,0.0785174776040751,0.0772878974178816,0.024240652352664,0.0226996386736303,0.001229580186193499,False
2023,2025,10,all,0.160851757758917,0.146982331553249,0.0598758513664971,0.0575049573239072,0.034469159269201,0.0335280420762325,0.0023708940425898953,False
2023,2025,10,bulk,0.1138717684636504,0.0871944409106292,0.0205942293253244,0.0193070899924916,0.0087147863812041,0.0082254904197004,0.0012871393328328026,False
2023,2025,10,container,0.2485778524474514,0.2454480539910536,0.1171569903670919,0.1145535016922676,0.0716336349542532,0.073070487594318,0.0026034886748242947,False
2023,2025,10,gas,0.0629271054698355,0.0821034734590229,0.025273799494524,0.0328559393428812,0.0053767854768322,0.0060965170973759,-0.007582139848357202,False
2023,2025,10,general,0.1329846726960378,0.1318388191048783,0.044014808720691,0.0411353352529823,0.0223631208007511,0.0192200720970284,0.0028794734677087055,False
2023,2025,10,roro,0.0800637240468681,0.0733280674817084,0.0248962655601659,0.0318118948824343,0.0064481757116857,0.0086321786554772,-0.006915629322268399,False
2023,2025,10,tanker,0.2156113633182274,0.196617594048178,0.1039873528895134,0.0969611803969787,0.0369383640191541,0.0309341516169299,0.007026172492534705,False
2023,2025,20,all,0.2624931557529274,0.2386666041072857,0.0978532632123458,0.1029830157772221,0.0612127688162863,0.0604887016833874,-0.0051297525648763,False
2023,2025,20,bulk,0.1729192524112554,0.16567763704725,0.0386141799849833,0.0419392899281347,0.0149967610310299,0.0166452365446266,-0.003325109943151397,False
2023,2025,20,container,0.3917319966705928,0.3477323671661029,0.1900546732621713,0.2043738609737047,0.128813701363703,0.1253007487382467,-0.014319187711533399,False
2023,2025,20,gas,0.145374229165357,0.1188141054946585,0.0598146588037068,0.054759898904802,0.013773639641002,0.012544436476042,0.005054759898904804,False
2023,2025,20,general,0.2480202358734087,0.2574812743831586,0.090497737556561,0.1040723981900452,0.0455821979456715,0.0526164330459917,-0.013574660633484198,False
2023,2025,20,roro,0.1992899500975435,0.1570315208990667,0.0608575380359612,0.0677731673582296,0.0251474422414905,0.0270503420502179,-0.006915629322268392,False
2023,2025,20,tanker,0.3474809814149913,0.3055867699082712,0.1484278939047953,0.1486035482171087,0.0577788359976729,0.0558411124027737,-0.00017565431231339468,False
2023,2025,50,all,0.4511493788506168,0.3614524886637037,0.1747995516854901,0.1743684800413829,0.1330337744998314,0.1092679414332157,0.0004310716441072171,False
2023,2025,50,bulk,0.3437447189488429,0.2512840450961732,0.070578140083664,0.0759412206371339,0.0352440397452527,0.032656680034738,-0.005363080553469901,False
2023,2025,50,container,0.6576076145369167,0.5180601559880191,0.39807341838063,0.3441812028117678,0.2948820001623446,0.2170371744708827,0.0538922155688622,False
2023,2025,50,gas,0.2290016129901229,0.2054382792640197,0.10530749789385,0.1069924178601516,0.0258086750752017,0.0288910971037315,-0.0016849199663016012,False
2023,2025,50,general,0.4576659689657527,0.3968276096114369,0.171945701357466,0.2200740436034553,0.1032083897831086,0.1310288882849699,-0.0481283422459893,False
2023,2025,50,roro,0.4245160663364418,0.3462663925830172,0.1009681881051175,0.1369294605809128,0.0553967475613656,0.0734168381005616,-0.035961272475795295,False
2023,2025,50,tanker,0.5019244072584358,0.4345205887338432,0.2199191990163358,0.2202705076409626,0.1006612394106631,0.0950841762942588,-0.00035130862462678936,False
2024,2018,5,all,0.0941149372371071,0.0824790584071998,0.0466033254156769,0.0466033254156769,0.0174520592741082,0.0158223045214356,0.0,False
2024,2018,5,bulk,0.0781274063312999,0.0565703383482844,0.0333645516272535,0.03289627721845,0.0115080396688262,0.012049714652263,0.0004682744088034957,False
2024,2018,5,container,0.1258046705020295,0.1111318080632109,0.0679051889814221,0.0598975016015374,0.031673441872328,0.0243106566087084,0.0080076873798847,False
2024,2018,5,gas,0.0513818615223471,0.0711208921332527,0.0283822138126773,0.042573320719016,0.0035926143322757,0.0058975479005853,-0.014191106906338697,False
2024,2018,5,general,0.0755739169821193,0.0536933981263033,0.031844316674038,0.0296329057938965,0.0083225143693641,0.0068304955245455,0.002211410880141495,False
2024,2018,5,roro,0.0577056236868772,0.0466849708262802,0.0234948604992657,0.0205580029368575,0.008014487708047,0.0081820631630473,0.002936857562408201,False
2024,2018,5,tanker,0.1199340951074444,0.1238575267628074,0.0679413402635975,0.0718396138852793,0.014562016164322,0.0164670862974892,-0.003898273621681811,False
2024,2018,10,all,0.1583584814050948,0.1310876656100159,0.067125890736342,0.0698812351543943,0.0332800621631623,0.0331319581752999,-0.002755344418052308,False
2024,2018,10,bulk,0.1077024640309699,0.0724615067235868,0.0424959025989229,0.0385155701240927,0.0150893775669772,0.0135968662883119,0.003980332474830199,False
2024,2018,10,container,0.2381558665170144,0.2299786026523464,0.1185137732222934,0.132286995515695,0.0583419896508319,0.0689845160720625,-0.01377322229340161,False
2024,2018,10,gas,0.1106303488162317,0.0949761905727337,0.0473036896877956,0.0567644276253547,0.0275953805666528,0.0081146379121659,-0.009460737937559097,False
2024,2018,10,general,0.1281457967337672,0.1279461974070044,0.0495356037151702,0.075187969924812,0.0244085669964327,0.0242487085583635,-0.0256523662096418,False
2024,2018,10,roro,0.1435394577056518,0.0803566663150789,0.039647577092511,0.0337738619676945,0.018467259363423,0.0138973241771973,0.005873715124816499,False
2024,2018,10,tanker,0.1999209035983251,0.1617982293491428,0.0911453499164655,0.0883608687581214,0.0271792729222565,0.022857540232455,0.002784481158344107,False
2024,2018,20,all,0.2804407172920136,0.2174209914607683,0.1087410926365795,0.1093586698337292,0.0798448311904051,0.061840257935617,-0.0006175771971497074,False
2024,2018,20,bulk,0.1543669640536676,0.128626139236539,0.049871224537579,0.0515101849683914,0.0177588432386664,0.0191098342587105,-0.0016389604308124014,False
2024,2018,20,container,0.4780831398496799,0.3568702033689878,0.2434336963484945,0.2440743113388853,0.1761546036204542,0.1232758683767141,-0.0006406149903908087,False
2024,2018,20,gas,0.2299718601576839,0.1562301252257445,0.0870387890255439,0.0785241248817407,0.0429021016042751,0.0336892383240374,0.00851466414380321,False
2024,2018,20,general,0.2667577281711576,0.2321433506869387,0.1048208757187085,0.1163202122954445,0.0516047233260205,0.059915386004393,-0.011499336576735991,False
2024,2018,20,roro,0.25445189053804,0.1788444647300436,0.0513950073421439,0.0587371512481644,0.0265029886730956,0.0300563694954738,-0.007342143906020497,False
2024,2018,20,tanker,0.3369501080925122,0.2583253898732517,0.1371821050677557,0.1325413031371821,0.0513296419800874,0.0461348895285426,0.00464080193057359,False
2024,2018,50,all,0.4640947571375626,0.3786808628910386,0.1979097387173396,0.1858907363420427,0.1857195958504972,0.1362123793808084,0.012019002375296906,False
2024,2018,50,bulk,0.3168620728734476,0.2335052382616043,0.0769140716459845,0.0852259424022477,0.0330052534523435,0.0352200247616496,-0.008311870756263204,False
2024,2018,50,container,0.7439736186603242,0.5888262176947332,0.5281870595771941,0.4208840486867393,0.4426440920798259,0.2862492556491584,0.10730301089045485,False
2024,2018,50,gas,0.3192736829539505,0.3051474023201516,0.1333964049195837,0.130558183538316,0.0529275242136573,0.0575274462604111,0.0028382213812677137,False
2024,2018,50,general,0.4457116415215115,0.408498792440587,0.1813356921716054,0.2357363998230871,0.1068097154068512,0.1374848850463716,-0.05440070765148172,False
2024,2018,50,roro,0.4821324834279497,0.3805223769401442,0.1262848751835536,0.1541850220264317,0.0648810945693281,0.085941004453318,-0.027900146842878087,False
2024,2018,50,tanker,0.4973267181575063,0.4376513520008796,0.2270280304436606,0.2032671245591238,0.1055841146958333,0.0910540052346287,0.023760905884536804,False
2024,2019,5,all,0.0933245672748247,0.0821683418039807,0.0379597239292805,0.0370615486432825,0.0154656504208258,0.0143397425443249,0.0008981752859979972,False
2024,2019,5,bulk,0.0818826671445832,0.0556996360094707,0.0266248110684804,0.0256946866643413,0.0088980987355518,0.0091083617144652,0.0009301244041391016,False
2024,2019,5,container,0.1131866717408962,0.1081353134394807,0.0660315374507227,0.0588042049934297,0.0298802680387502,0.0258162423124713,0.007227332457292998,False
2024,2019,5,gas,0.0476732026307832,0.0675868589635028,0.0275555555555555,0.0373333333333333,0.0041138830177219,0.0052464202083077,-0.009777777777777802,False
2024,2019,5,general,0.0719984331582764,0.0505354488537238,0.02234382124943,0.0191518467852257,0.0091441829236334,0.0075941146160116,0.0031919744642043,False
2024,2019,5,roro,0.0619543488903916,0.0516878627506241,0.0240601503759398,0.0210526315789473,0.0092044502523382,0.0080828248361578,0.0030075187969925005,False
2024,2019,5,tanker,0.124085471623764,0.1279452814704397,0.0501266739051755,0.0517553384002895,0.0126399828074665,0.0127316974908607,-0.0016286644951140003,False
2024,2019,10,all,0.1590344500980751,0.1316230417918781,0.0564432258674482,0.0603668336957549,0.0286599163942337,0.0296285774242949,-0.003923607828306697,False
2024,2019,10,bulk,0.1144072629232263,0.0749563494020858,0.0327868852459016,0.0323218230438321,0.0115176819322377,0.0104858516193107,0.0004650622020695022,False
2024,2019,10,container,0.2259301873924344,0.2221490903342665,0.1153088042049934,0.1317345597897503,0.0570821981349115,0.0671441850449643,-0.016425755584756896,False
2024,2019,10,gas,0.1001486620456329,0.0898329500783736,0.0373333333333333,0.048,0.0103606950239049,0.0067450493273648,-0.0106666666666667,False
2024,2019,10,general,0.1258506826424851,0.1334845592219287,0.0387596899224806,0.0683994528043775,0.019310595590105,0.0255551148430288,-0.029639762881896896,False
2024,2019,10,roro,0.1521461319655615,0.0886106684743071,0.0526315789473684,0.0421052631578947,0.0254091750735159,0.0203001477311055,0.010526315789473696,False
2024,2019,10,tanker,0.2082491114799281,0.169829425197775,0.0722041259500543,0.0662323561346362,0.0239109403725197,0.0174943838681814,0.005971769815418096,False
2024,2019,20,all,0.2868069536564899,0.2191536106980573,0.0944974945636759,0.0966720242034603,0.0693410826214265,0.0550951580901467,-0.0021745296397844005,False
2024,2019,20,bulk,0.1650407891193999,0.1353804641847297,0.040227880479014,0.0438321125450529,0.0135741930664516,0.0159324731680264,-0.0036042320660388955,False
2024,2019,20,container,0.4736694443665757,0.352424073652285,0.2394875164257555,0.2332457293035479,0.1714929790750783,0.123090163474977,0.006241787122207604,False
2024,2019,20,gas,0.2242985868394587,0.1401695904323668,0.0728888888888888,0.064,0.0191802723564841,0.0141516512201565,0.008888888888888793,False
2024,2019,20,general,0.2778920874456317,0.232432762569962,0.0939352485180118,0.104423164614683,0.0447627233947221,0.0517578630359711,-0.010487916096671199,False
2024,2019,20,roro,0.2772906491461724,0.188647544286253,0.0616541353383458,0.0661654135338345,0.030198635026851,0.0330750106402693,-0.004511278195488695,False
2024,2019,20,tanker,0.3544215804660982,0.2696058522444256,0.1076728193992037,0.1109301483894317,0.0402194723728691,0.038858814792852,-0.0032573289902280006,False
2024,2019,50,all,0.4782267872349229,0.3874407420729014,0.1834641202609435,0.1724969272950742,0.1743034021701955,0.1229384431558061,0.010967192965869288,False
2024,2019,50,bulk,0.3381148952312555,0.2487710827201459,0.0676665504011161,0.0762702011394023,0.0288844484269731,0.0306376271501249,-0.0086036507382862,False
2024,2019,50,container,0.7545796353864626,0.5935015512986008,0.5315374507227333,0.4139290407358738,0.4564972729114646,0.2775007327661976,0.11760840998685951,False
2024,2019,50,gas,0.3164681216598993,0.3006950442467426,0.1235555555555555,0.1217777777777777,0.0294031346801287,0.0370746265852885,0.0017777777777778087,False
2024,2019,50,general,0.4634952700005524,0.4144533833480261,0.1605107159142726,0.213406292749658,0.0929043981983574,0.1242882074654075,-0.0528955768353854,False
2024,2019,50,roro,0.4887905145301992,0.3876100218612188,0.1218045112781954,0.1398496240601503,0.0640993145179981,0.0794852301625429,-0.018045112781954906,False
2024,2019,50,tanker,0.5258484298995423,0.4576121165314405,0.2006876583423814,0.1872964169381107,0.0891141956793979,0.0833418177021462,0.013391241404270698,False
2024,2020,5,all,0.0958415856071062,0.0827571095995026,0.037125748502994,0.0339014279134039,0.016361288694357,0.012459540654729,0.0032243205895901017,False
2024,2020,5,bulk,0.0772603933222223,0.0527695649905392,0.0205402991739227,0.020317035052467,0.0069719169025216,0.0074637823084072,0.00022326412145570046,False
2024,2020,5,container,0.1270382769171966,0.1126240455609432,0.0696122059758423,0.0505403687221869,0.0346826491650111,0.021592945700202,0.019071837253655403,False
2024,2020,5,gas,0.0374656878468583,0.0538532268186693,0.0187713310580204,0.023037542662116,0.0011220043523528,0.0016059649427952,-0.004266211604095599,False
2024,2020,5,general,0.0766689591462737,0.0527001422724112,0.0249192431933548,0.0175357637286571,0.0094232669400481,0.0064471240464383,0.007383479464697702,False
2024,2020,5,roro,0.0664294129925539,0.0508189403215338,0.0224358974358974,0.0240384615384615,0.0120189008921778,0.011455400029527,-0.0016025641025641003,False
2024,2020,5,tanker,0.1327722636431379,0.1367705196399536,0.0554669502037923,0.0558213716108452,0.0142779144521261,0.0139665713142098,-0.00035442140705289893,False
2024,2020,10,all,0.1606339969931684,0.1336429710366136,0.0541685859051128,0.057945647167204,0.0291162419841467,0.0303863790868198,-0.003777061262091194,False
2024,2020,10,bulk,0.1120859505866882,0.0723547859425646,0.0277963831212324,0.0262335342710426,0.0099011233276937,0.0088172693218463,0.0015628488501897991,False
2024,2020,10,container,0.2394947209326535,0.2401981299728521,0.1157024793388429,0.1366815003178639,0.0624491472925973,0.0735925399517634,-0.020979020979021018,False
2024,2020,10,gas,0.0839560050551387,0.0739081048332116,0.030716723549488,0.030716723549488,0.0051962444018692,0.0024810855718482,0.0,False
2024,2020,10,general,0.1292771692874121,0.139138087497974,0.036455929856945,0.0696815874480849,0.0191266144412018,0.0253287867235864,-0.03322565759113991,False
2024,2020,10,roro,0.1585356601018202,0.0837022625761706,0.0416666666666666,0.032051282051282,0.0277008728927786,0.0146003387044675,0.009615384615384602,False
2024,2020,10,tanker,0.2155021083001697,0.1757630394405004,0.07478291688818,0.0684033315612263,0.0246084275931218,0.0188803149199319,0.006379585326953707,False
2024,2020,20,all,0.2860965344327035,0.2187000648904179,0.0917549516351911,0.0922155688622754,0.0684754155033372,0.0534516401765126,-0.0004606172270843062,False
2024,2020,20,bulk,0.1678957392905842,0.1328316686878197,0.0346059388256307,0.0377316365260102,0.0118173733258584,0.0136708978839844,-0.003125697700379501,False
2024,2020,20,container,0.4767005007377566,0.3620018035227078,0.2333121424030514,0.2320406865861411,0.170650047944829,0.1244469807259885,0.001271455816910294,False
2024,2020,20,gas,0.2096707682590331,0.1148871758234786,0.0588737201365187,0.0486348122866894,0.014358393450752,0.0083835554826215,0.010238907849829296,False
2024,2020,20,general,0.2756864238349877,0.2385666367073066,0.0973696354407014,0.10613751730503,0.0486055947607499,0.0542816839381364,-0.0087678818643286,False
2024,2020,20,roro,0.2753576228786863,0.1943023333518971,0.0544871794871794,0.0560897435897435,0.0321565079648212,0.0332111631002893,-0.0016025641025641038,False
2024,2020,20,tanker,0.3616244793163132,0.2764369885173411,0.1123515860357965,0.1084529505582137,0.043895002857742,0.0372955515341977,0.0038986354775827903,False
2024,2020,50,all,0.4715279298043753,0.3835592759660276,0.177153385536619,0.164163979732842,0.1644476961973793,0.116956123208486,0.012989405803776999,False
2024,2020,50,bulk,0.3393446837244566,0.2489163725492226,0.0607278410359455,0.0668676043759767,0.0277480112863007,0.0259662119168607,-0.006139763340031204,False
2024,2020,50,container,0.7472745802858118,0.5923558935186884,0.5003178639542276,0.3928798474253019,0.426403233141126,0.2671847681423701,0.1074380165289257,False
2024,2020,50,gas,0.2937609211590916,0.2816861111390664,0.114334470989761,0.1032423208191126,0.0251252711923066,0.0277616495566299,0.011092150170648407,False
2024,2020,50,general,0.4509038112037649,0.4074985810906874,0.1582833410244577,0.1998154130133825,0.0894776277570078,0.1131402172026051,-0.04153207198892478,False
2024,2020,50,roro,0.4987037404069819,0.3869305186003257,0.1233974358974359,0.1378205128205128,0.0744431914151278,0.0873794949916403,-0.0144230769230769,False
2024,2020,50,tanker,0.527186391472825,0.4645702334430844,0.2080453659401027,0.1929824561403508,0.0944483925846522,0.0877293337458885,0.015062909799751889,False
2024,2021,5,all,0.0886788659485535,0.0780391349836218,0.0299364182267749,0.0295831861533027,0.0141467761977775,0.0116216267373499,0.000353232073472199,False
2024,2021,5,bulk,0.0612866569587118,0.0441318508878345,0.0123174187922389,0.013189448441247,0.0048972011876736,0.005188372247508,-0.0008720296490081006,False
2024,2021,5,container,0.1246455861276902,0.1038533928300132,0.0497816593886462,0.0395924308588064,0.0252515566088326,0.0166794799916861,0.010189228529839799,False
2024,2021,5,gas,0.031319212171187,0.0467227168008482,0.0130187144019528,0.0195280716029292,0.0021709647969023,0.0027880088486786,-0.006509357200976401,False
2024,2021,5,general,0.0713638864430434,0.0498992913720414,0.0125365649811951,0.0117007939824488,0.0040509882755937,0.0033732646377765,0.0008357709987462988,False
2024,2021,5,roro,0.0603606974432144,0.0472173193702732,0.0170807453416149,0.015527950310559,0.0077346502689529,0.0069234555349037,0.0015527950310559,False
2024,2021,5,tanker,0.136486241627478,0.1433024949611957,0.0583751948726831,0.0608002771522605,0.0208868749223269,0.0212392631662551,-0.002425082279577405,False
2024,2021,10,all,0.155506041099579,0.1258138580090848,0.0474655598728364,0.0503797244789826,0.0265632812150947,0.0261318207323837,-0.0029141646061461995,False
2024,2021,10,bulk,0.1001345293132456,0.057128714373907,0.0176586003924133,0.0174405929801613,0.0068801592685684,0.0063501355662699,0.00021800741225199913,False
2024,2021,10,container,0.2343874374753467,0.22966702299278,0.0960698689956331,0.1112081513828238,0.0513341725482558,0.0556836535661943,-0.015138282387190699,False
2024,2021,10,gas,0.0771467915989925,0.0652917727148159,0.0235964198535394,0.0252237591537835,0.0055249620344979,0.0039112133882325,-0.0016273393002441024,False
2024,2021,10,general,0.1315497493239185,0.1231191692321663,0.0242373589636439,0.0522356874216464,0.0111161372601786,0.0167998365968437,-0.0279983284580025,False
2024,2021,10,roro,0.1497887849120282,0.072478122005548,0.0357142857142857,0.0217391304347826,0.0177840609750253,0.0082296473306178,0.013975155279503097,False
2024,2021,10,tanker,0.218341144432446,0.1835276649288569,0.0819331370171488,0.0743114498527628,0.0339402918691603,0.0271225287866031,0.007621687164385993,False
2024,2021,20,all,0.2820133795596769,0.2114594785884681,0.0836718474037442,0.086012009890498,0.0628318879231683,0.0531618054878988,-0.002340162486753797,False
2024,2021,20,bulk,0.1606548796072461,0.1151011777429874,0.0238718116415958,0.0262698931763679,0.008870893687732,0.0104545911351026,-0.002398081534772098,False
2024,2021,20,container,0.461266897147971,0.3518862802550887,0.2104803493449781,0.2183406113537118,0.1450770154084299,0.1169436091181849,-0.007860262008733687,False
2024,2021,20,gas,0.1904051981558345,0.1029593595242929,0.049633848657445,0.0358014646053702,0.0122261592716685,0.0075256389656419,0.013832384052074806,False
2024,2021,20,general,0.276042578572274,0.2357212782836444,0.0748015043877977,0.0839949853740075,0.0352138775435476,0.0413136982869246,-0.009193480986209798,False
2024,2021,20,roro,0.2677739302652929,0.1856027796056587,0.046583850931677,0.0496894409937888,0.0240634719828751,0.0257081025137051,-0.0031055900621118,False
2024,2021,20,tanker,0.367021675742385,0.2836541204797603,0.1183093712108089,0.117789710722328,0.0551346323867703,0.0497406508133427,0.0005196604884808997,False
2024,2021,50,all,0.470618645049604,0.381614283008457,0.1678735429176969,0.1582921229247615,0.1544536303288314,0.1129057175732737,0.009581419992935408,False
2024,2021,50,bulk,0.331719380183146,0.2416471020011317,0.0458905602790494,0.0518857641159799,0.0236313468240417,0.0218357299643556,-0.005995203836930502,False
2024,2021,50,container,0.7341374303834762,0.5747568049182717,0.4727802037845706,0.3662299854439592,0.377274855195168,0.2409260888614849,0.1065502183406114,False
2024,2021,50,gas,0.268216413087944,0.2564370880583386,0.0838079739625712,0.0797396257119609,0.0178573276465849,0.0211612405911824,0.004068348250610296,False
2024,2021,50,general,0.46997464947497,0.4261767519347943,0.1529460927705808,0.2026744671959883,0.0936981952509439,0.114331023403567,-0.04972837442540751,False
2024,2021,50,roro,0.4927689394199176,0.392038433459705,0.1009316770186335,0.1459627329192546,0.0529332316971287,0.085425742377737,-0.045031055900621106,False
2024,2021,50,tanker,0.5357064685125899,0.4719531143742195,0.2118482591373635,0.2033604711588429,0.1069132552050034,0.1026796128435807,0.008487787978520595,False
2024,2022,5,all,0.1013496795965105,0.0881584463363114,0.034404229361529,0.0338348922326148,0.0179037201115204,0.0139998577911974,0.0005693371289142019,False
2024,2022,5,bulk,0.0689947626468607,0.0497842200858994,0.0186810943242139,0.0189873417721519,0.0075929014166046,0.0081459560646052,-0.00030624744793799827,False
2024,2022,5,container,0.1583842296151415,0.1270986482285154,0.0593385214007782,0.0445038910505836,0.0342246640972582,0.0210409741763135,0.014834630350194604,False
2024,2022,5,gas,0.0380176099342624,0.054197206351133,0.0140734949179046,0.0242376856919468,0.0025963792312906,0.0036264869772506,-0.0101641907740422,False
2024,2022,5,general,0.0725579746829152,0.0522742141566036,0.0188027628549501,0.0168841135840368,0.0094540063368133,0.0082313753996797,0.0019186492709133002,False
2024,2022,5,roro,0.0521019977837169,0.0446969610695305,0.0027210884353741,0.0054421768707482,0.0006197394966428,0.0018093085633249,-0.0027210884353741,False
2024,2022,5,tanker,0.1400594879385953,0.1487895330966558,0.0577367205542725,0.0633454305509732,0.0189519952652743,0.0200229757006458,-0.0056087099967007045,False
2024,2022,10,all,0.1758339625196704,0.1461886314976062,0.0563237088247254,0.0620984139894265,0.0353530825933625,0.0361588928074764,-0.005774705164701098,False
2024,2022,10,bulk,0.113160017440321,0.0709911997373398,0.027460187831768,0.0266435279706002,0.011493200752353,0.0102348748973287,0.0008166598611677976,False
2024,2022,10,container,0.2738202687273726,0.2663207827280124,0.1179474708171206,0.1359435797665369,0.0718198624084557,0.0787680290291047,-0.017996108949416292,False
2024,2022,10,gas,0.0873319934660802,0.0821737166985917,0.0234558248631743,0.0336200156372165,0.0038886888904236,0.0054240030248572,-0.010164190774042198,False
2024,2022,10,general,0.1312584797601912,0.1313803433485505,0.0276285495011511,0.0613967766692248,0.0154172725651367,0.0242412850516344,-0.033768227168073706,False
2024,2022,10,roro,0.1502497331737126,0.0683816070972541,0.0299319727891156,0.0136054421768707,0.0144803041389059,0.0049486239285027,0.0163265306122449,False
2024,2022,10,tanker,0.232822793551414,0.1921868467834697,0.0836357637743319,0.0814912570108875,0.0335811927901782,0.0269459733301871,0.0021445067634444093,False
2024,2022,20,all,0.3039290725176038,0.2324163789045306,0.0977633184221228,0.105286701911346,0.0710585103044605,0.0721294392770189,-0.007523383489223198,False
2024,2022,20,bulk,0.1808128756467202,0.1321155505518016,0.0372601061657819,0.0404246631278072,0.0144430261618155,0.0164998295034136,-0.0031645569620252986,False
2024,2022,20,container,0.4678404257307924,0.3826213388064185,0.226896887159533,0.2599708171206226,0.1562792519885044,0.161956096458826,-0.0330739299610896,False
2024,2022,20,gas,0.2144398715438783,0.1234343847560366,0.0594214229867083,0.0476935105551211,0.0141809339776796,0.0079797266589835,0.011727912431587197,False
2024,2022,20,general,0.2798070932978326,0.2448610945042905,0.0855717574827321,0.1055257099002302,0.0414038172714225,0.0526153926422669,-0.019953952417498103,False
2024,2022,20,roro,0.2736337008404464,0.1787346959979479,0.0394557823129251,0.0503401360544217,0.0197281305419013,0.0257746613326612,-0.0108843537414966,False
2024,2022,20,tanker,0.3876191777683046,0.2872592847373273,0.1283404816892114,0.1238865061035961,0.0554262817849907,0.0480758823620598,0.004453975585615291,False
2024,2022,50,all,0.4946254245302182,0.4073733303209875,0.1907279381862545,0.1813338755591703,0.1673676075542344,0.1289577544444177,0.009394062627084199,False
2024,2022,50,bulk,0.3553741818106872,0.2641171084819974,0.0635973866884442,0.0698244181298489,0.0299302353650829,0.0304993279592226,-0.0062270314414046984,False
2024,2022,50,container,0.7280551291461459,0.5813268822626878,0.4812743190661478,0.3927529182879377,0.3806915608370431,0.2644861970472454,0.08852140077821014,False
2024,2022,50,gas,0.301841131241771,0.2886686349443346,0.1032056293979671,0.0961688819390148,0.0233276114700873,0.0260175017272442,0.007036747458952303,False
2024,2022,50,general,0.4752576795134474,0.4528124346793364,0.1742133537989255,0.2367613200306983,0.103031069423421,0.1352338543417477,-0.0625479662317728,False
2024,2022,50,roro,0.4790286974356086,0.3956387285434808,0.1088435374149659,0.1469387755102041,0.0512432849018408,0.0786006004224648,-0.038095238095238196,False
2024,2022,50,tanker,0.5601563829063655,0.4908225207977445,0.2345760475090729,0.2164302210491586,0.1183151444232034,0.1033983247682049,0.018145826459914305,False
2024,2023,5,all,0.1098640885427493,0.0932246171050924,0.0343276323255248,0.0335575909864634,0.019152661031086,0.0155941541540136,0.0007700413390613961,False
2024,2023,5,bulk,0.0858671809318148,0.0565532138074017,0.0195798490719967,0.0208035896389965,0.0078736131957537,0.008723880297251,-0.0012237405669997987,False
2024,2023,5,container,0.1665642299845119,0.1393310122614259,0.0637219406227371,0.0497224233647115,0.0403145924660805,0.0278389960813608,0.013999517258025604,False
2024,2023,5,gas,0.0401791290898509,0.0561341551038545,0.0140296180826188,0.0218238503507404,0.0023233363206497,0.0035006469212021,-0.007794232268121601,False
2024,2023,5,general,0.0894093978401787,0.0666800581058647,0.0175370226032735,0.0124707716289945,0.0117812130468405,0.0074187406284935,0.005066250974279001,False
2024,2023,5,roro,0.0545572302663326,0.0447983530665491,0.0067476383265856,0.0053981106612685,0.0023663283961232,0.0014527097225705,0.0013495276653170997,False
2024,2023,5,tanker,0.1346318917302334,0.1415536540669791,0.0526487367563162,0.0577017114914425,0.0156968655679788,0.0170107128312013,-0.005052974735126302,False
2024,2023,10,all,0.1872902775580259,0.1560255775210936,0.0579557428872497,0.0648050579557428,0.0398205681652345,0.0406458387148286,-0.006849315068493102,False
2024,2023,10,bulk,0.1315591325901368,0.0816017612572737,0.0284519681827452,0.0279420762798286,0.0117878067973687,0.0103899733834229,0.0005098919029165976,False
2024,2023,10,container,0.2938240846493704,0.2884847871856829,0.130823075066377,0.147960415158098,0.0890351885486773,0.0971733495389616,-0.017137340091720993,False
2024,2023,10,gas,0.0853884527560591,0.0801148948846099,0.0265003897116134,0.0319563522992985,0.0051456685441901,0.005683774906992,-0.005455962587685104,False
2024,2023,10,general,0.1512404497222213,0.1544766346993232,0.0268901013250194,0.0697583787996882,0.0171212369480366,0.028184998071173,-0.0428682774746688,False
2024,2023,10,roro,0.1479922208033087,0.0742230951838327,0.0377867746288798,0.0107962213225371,0.0181545395905955,0.002871458080007,0.026990553306342698,False
2024,2023,10,tanker,0.2278874638427465,0.1886333021076152,0.0779136104319478,0.0788916055419722,0.0293681150398097,0.0234141157577599,-0.0009779951100244016,False
2024,2023,20,all,0.3133018982911563,0.2433842678645146,0.1014833427899813,0.1049687930615222,0.072460589403446,0.0713844943089148,-0.003485450271540888,False
2024,2023,20,bulk,0.2007005258741405,0.1508086172286703,0.0432388333673261,0.0420150928003263,0.0172512501569072,0.0167702902949417,0.0012237405669997953,False
2024,2023,20,container,0.4792454546055186,0.4083004314476046,0.2295438088341781,0.2495776007723871,0.1640121557984637,0.1650393344664142,-0.020033791938209006,False
2024,2023,20,gas,0.2028606804480323,0.115902992904547,0.0537802026500389,0.0514419329696024,0.0123656293024332,0.0099650176678058,0.002338269680436496,False
2024,2023,20,general,0.2959428071652541,0.2660993429595809,0.0950896336710834,0.1114575214341387,0.0469463380570202,0.0577287685735864,-0.016367887763055297,False
2024,2023,20,roro,0.2667586683018036,0.1843841093594532,0.048582995951417,0.0553306342780027,0.0230172442836474,0.0272500501085391,-0.006747638326585703,False
2024,2023,20,tanker,0.38663164685649,0.2749865709440033,0.1271393643031785,0.1224123879380603,0.0531267178914506,0.0451771608735497,0.004726976365118193,False
2024,2023,50,all,0.5026216189039083,0.4177348250336473,0.1936856610196968,0.1854989057307287,0.1649635537095107,0.1281871338157611,0.008186755288968117,False
2024,2023,50,bulk,0.3713022766026202,0.2854522840718907,0.0714868447889047,0.0787273098103202,0.0346498741712936,0.0348182246230767,-0.007240465021415496,False
2024,2023,50,container,0.738168068487223,0.6027487196448468,0.4788800386193579,0.3924692251991311,0.3818920525214711,0.2689650099506251,0.08641081342022683,False
2024,2023,50,gas,0.289097846152813,0.2751271440333334,0.1075604053000779,0.1067809820732657,0.0254168774593997,0.0269036384950897,0.0007794232268122092,False
2024,2023,50,general,0.487180495940479,0.4538024574272691,0.1757599376461418,0.2361652377240841,0.1000417658961202,0.1355900265838783,-0.06040530007794229,False
2024,2023,50,roro,0.4632882332615325,0.3922601230643,0.1066126855600539,0.1497975708502024,0.0523720232311204,0.0759053841578535,-0.043184885290148495,False
2024,2023,50,tanker,0.5660129746025071,0.488988638506963,0.2324368378158109,0.2159739201303993,0.1170095920607256,0.0993422053350338,0.01646291768541161,False
2024,2024,5,all,0.1073467406464381,0.0917799346323643,0.0353375298458866,0.035207293249403,0.0192561227975577,0.0167851223528546,0.00013023659648360442,True
2024,2024,5,bulk,0.0869397890943208,0.0543973922993696,0.0161872470742644,0.0167341135294761,0.0064648201453381,0.0068438196541025,-0.0005468664552117017,True
2024,2024,5,container,0.1512262958772348,0.1317939244535839,0.0589323467230444,0.0502114164904862,0.0371609313540733,0.0279970841137873,0.008720930232558197,True
2024,2024,5,gas,0.0423611702214984,0.0560715853909706,0.012701100762066,0.02116850127011,0.0025611590905014,0.0039063589226595,-0.008467400508044,True
2024,2024,5,general,0.0870777955022967,0.065575789228039,0.0151453131395824,0.0155546459271387,0.0078924189250148,0.0086168951416487,-0.0004093327875562998,True
2024,2024,5,roro,0.0571987771730816,0.0499986523098259,0.0100574712643678,0.0086206896551724,0.0052503158271857,0.0045594963253078,0.0014367816091954005,True
2024,2024,5,tanker,0.1381811468989578,0.1475656528174365,0.0663441603317208,0.0689357290946786,0.0237842932256732,0.0241766747826574,-0.0025915687629577966,True
2024,2024,10,all,0.1682411422011012,0.1499938865854295,0.0595615367918385,0.0640329932711091,0.0391601721345009,0.0377949816367683,-0.004471456479270601,True
2024,2024,10,bulk,0.1249840825674722,0.0814411429010787,0.0259214699770316,0.0261402165591162,0.0105019197569514,0.0095803301458333,-0.0002187465820845981,True
2024,2024,10,container,0.2526994896884873,0.2633762917105435,0.1218287526427061,0.1268498942917547,0.081430721696572,0.0830478117450068,-0.005021141649048599,True
2024,2024,10,gas,0.0738459976893534,0.0797709832541648,0.0245554614733276,0.0355630821337849,0.0063013323001696,0.0062727609227067,-0.011007620660457303,True
2024,2024,10,general,0.1370100013327446,0.1520571598513315,0.0331559557920589,0.0704052394596807,0.019745580111091,0.0320907807544899,-0.037249283667621806,True
2024,2024,10,roro,0.1253439759358525,0.0775389295043386,0.0416666666666666,0.021551724137931,0.0225248381061638,0.0133194132944259,0.0201149425287356,True
2024,2024,10,tanker,0.2101172261261953,0.1920799670693114,0.0924326192121631,0.0910504492052522,0.0399722472559916,0.0318638832933658,0.0013821700069109044,True
2024,2024,20,all,0.2679567918977467,0.2353125456936519,0.1007163012806598,0.1054482309528977,0.069076503806319,0.0718218622167888,-0.0047319296722379,True
2024,2024,20,bulk,0.174972860982705,0.1491238334163402,0.0399212512304495,0.0407962375587881,0.0152441722567255,0.0157968095027925,-0.0008749863283386006,True
2024,2024,20,container,0.4134062539041692,0.3812483979856188,0.214323467230444,0.2370507399577167,0.1523900894829215,0.1622236032895591,-0.022727272727272707,True
2024,2024,20,gas,0.1450052087821021,0.116329514380904,0.0516511430990685,0.0550381033022862,0.010670921924216,0.0109780789900705,-0.003386960203217701,True
2024,2024,20,general,0.2624764111502,0.2582254140572766,0.0998772001637331,0.111338518215309,0.0554577475459255,0.0644180526427869,-0.011461318051575908,True
2024,2024,20,roro,0.2027787593225432,0.1956153229729745,0.0589080459770114,0.057471264367816,0.0317624183476034,0.0325746134421542,0.0014367816091954005,True
2024,2024,20,tanker,0.3380340381614176,0.2745439869847665,0.1378714581893572,0.1351071181755355,0.059924728516732,0.0557864857470177,0.002764340013821698,True
2024,2024,50,all,0.45994962946809,0.3728606863565987,0.1854569133926633,0.1815932276969828,0.1447788199651449,0.1194911955350523,0.003863685695680491,True
2024,2024,50,bulk,0.341905319690235,0.2560672281863205,0.0696707863939626,0.0767800503117138,0.0319446313077135,0.0331065996985966,-0.007109263917751199,True
2024,2024,50,container,0.6808862734680011,0.5465511828030374,0.4352536997885835,0.373414376321353,0.3295922122338535,0.2451431864489028,0.061839323467230534,True
2024,2024,50,gas,0.2323783395878521,0.2129275107245373,0.1049957662997459,0.1033022861981371,0.0222684344508649,0.0252365116666592,0.001693480101608802,True
2024,2024,50,general,0.4617377057288907,0.4206407748827131,0.1882930822758903,0.2435530085959885,0.1201933339690904,0.1512279662161426,-0.055259926320098185,True
2024,2024,50,roro,0.4195073531262769,0.3339870002658817,0.0905172413793103,0.1307471264367816,0.0492566662537347,0.073399342685255,-0.0402298850574713,True
2024,2024,50,tanker,0.5216561251360455,0.4394409685576004,0.2316862474084312,0.2176917760884588,0.1139326457520064,0.1022308231017117,0.01399447131997239,True
2024,2025,5,all,0.1061845904254736,0.0904834757904178,0.03746012587292,0.0359944822829554,0.01916638895796,0.0165259231301845,0.0014656435899645937,False
2024,2025,5,bulk,0.0888381396635109,0.0561676041210958,0.0163037648825485,0.0145875791054381,0.0072530916361075,0.0065602942465752,0.0017161857771104006,False
2024,2025,5,container,0.1466522360159335,0.13091346445161,0.0567560531111689,0.0486852382192137,0.0366623544338347,0.0285501360557778,0.0080708148919552,False
2024,2025,5,gas,0.0424856044531471,0.0549298687758043,0.0202190395956192,0.0235888795282224,0.0034252078523179,0.0041523256330844,-0.003369839932603199,False
2024,2025,5,general,0.0858437728290491,0.0652849487844248,0.0176881941587823,0.0160427807486631,0.0094529622450105,0.0086328680511276,0.0016454134101192008,False
2024,2025,5,roro,0.052972700949829,0.0465131860962223,0.0124481327800829,0.0138312586445366,0.0044456231522412,0.0047872206386067,-0.0013831258644537003,False
2024,2025,5,tanker,0.1362016437320419,0.1428547386293625,0.0743017741085543,0.0764096258563147,0.0221408680082901,0.0223347440845721,-0.002107851747760389,False
2024,2025,10,all,0.1666809686453795,0.147647170897555,0.0598758513664971,0.0637986033278731,0.037112344434875,0.0344379388360065,-0.003922751961376002,False
2024,2025,10,bulk,0.1248363740476202,0.0841138416675434,0.0240266008795452,0.0252064786013085,0.0103985230145445,0.0092497899295628,-0.0011798777217633012,False
2024,2025,10,container,0.248094023750051,0.2542315288512106,0.1137724550898203,0.1215829211142931,0.076269336770997,0.0746810251124538,-0.007810466024472801,False
2024,2025,10,gas,0.0732132692077906,0.0804402151893718,0.0362257792754844,0.0353833192923336,0.0090636958279884,0.0063785582519474,0.0008424599831508006,False
2024,2025,10,general,0.135504630490834,0.1493128231107323,0.0292060880296174,0.0658165364047717,0.0159805543711364,0.0278112532336554,-0.0366104483751543,False
2024,2025,10,roro,0.1229560440343238,0.0749133755174226,0.0470262793914246,0.0262793914246196,0.0222932870975883,0.0082385684720274,0.020746887966805,False
2024,2025,10,tanker,0.2098893727659165,0.1889107468409037,0.101879501141753,0.0978394519585455,0.0365898557534059,0.0295478980148895,0.004040049183207495,False
2024,2025,20,all,0.2638613910867306,0.2334363500834682,0.0991464781446676,0.103629623243383,0.0643360055906444,0.0673913747875167,-0.004483145098715405,False
2024,2025,20,bulk,0.1722971651334953,0.1509846660931388,0.0393650112624691,0.0388287032071221,0.0152663085667455,0.0155048710223159,0.000536308055346997,False
2024,2025,20,container,0.4002707871903483,0.3714787777903612,0.2025514189013277,0.2293673522520177,0.1397243176825721,0.1511050478088702,-0.02681593335069002,False
2024,2025,20,gas,0.1440702257807601,0.1136142677040222,0.0598146588037068,0.0530749789385004,0.0142026380895405,0.0120707886009657,0.006739679865206405,False
2024,2025,20,general,0.2646739343479621,0.2503101192878155,0.090497737556561,0.104483751542575,0.0461071295896284,0.0563583671001177,-0.013986013986013998,False
2024,2025,20,roro,0.2006148912198434,0.2049432829282002,0.0608575380359612,0.0594744121715076,0.0246783933325952,0.0263990165618568,0.0013831258644536049,False
2024,2025,20,tanker,0.339247720183132,0.2752789803984848,0.1440365360969611,0.1406991041630072,0.0559182148615618,0.0516235255325252,0.0033374319339538883,False
2024,2025,50,all,0.4586565470229413,0.3694226128589408,0.1820846624709026,0.1789378394689197,0.1371443878887226,0.112421874815391,0.003146823001982907,False
2024,2025,50,bulk,0.3438746377036178,0.2560234977179906,0.0693982623619006,0.0759412206371339,0.0333710989775642,0.0326035820746887,-0.00654295827523331,False
2024,2025,50,container,0.669756619073019,0.5305595369777576,0.4183806300442593,0.3545951575110648,0.305110655891099,0.2229536162631858,0.0637854725331945,False
2024,2025,50,gas,0.2312556912147216,0.2101915082613832,0.1061499578770008,0.1103622577927548,0.0271524508638341,0.0298132227316122,-0.004212299915754003,False
2024,2025,50,general,0.4561573251084015,0.4098298615109235,0.1698889345948169,0.2237762237762237,0.1022602445238964,0.1339565087002283,-0.05388728918140678,False
2024,2025,50,roro,0.4362326049655035,0.3471698699004131,0.1037344398340249,0.1383125864453665,0.0494200434319448,0.0738744485400419,-0.034578146611341606,False
2024,2025,50,tanker,0.5225004798108972,0.4441603406692909,0.238187247496926,0.2294045318812576,0.1085659306505558,0.1002300333287367,0.008782715615668402,False
2025,2018,5,all,0.0941149372371071,0.0824790584071998,0.0466033254156769,0.0466033254156769,0.0174520592741082,0.0158223045214356,0.0,False
2025,2018,5,bulk,0.0781274063312999,0.0565703383482844,0.0333645516272535,0.03289627721845,0.0115080396688262,0.012049714652263,0.0004682744088034957,False
2025,2018,5,container,0.1258046705020295,0.1111318080632109,0.0679051889814221,0.0598975016015374,0.031673441872328,0.0243106566087084,0.0080076873798847,False
2025,2018,5,gas,0.0513818615223471,0.0711208921332527,0.0283822138126773,0.042573320719016,0.0035926143322757,0.0058975479005853,-0.014191106906338697,False
2025,2018,5,general,0.0755739169821193,0.0536933981263033,0.031844316674038,0.0296329057938965,0.0083225143693641,0.0068304955245455,0.002211410880141495,False
2025,2018,5,roro,0.0577056236868772,0.0466849708262802,0.0234948604992657,0.0205580029368575,0.008014487708047,0.0081820631630473,0.002936857562408201,False
2025,2018,5,tanker,0.1199340951074444,0.1238575267628074,0.0679413402635975,0.0718396138852793,0.014562016164322,0.0164670862974892,-0.003898273621681811,False
2025,2018,10,all,0.1583584814050948,0.1293943355242343,0.067125890736342,0.068313539192399,0.0332800621631623,0.0327691874416688,-0.001187648456057011,False
2025,2018,10,bulk,0.1077024640309699,0.0809629672165879,0.0424959025989229,0.0414422851791149,0.0150893775669772,0.0155527511599274,0.0010536174198080006,False
2025,2018,10,container,0.2381558665170144,0.2200683870619964,0.1185137732222934,0.1290839205637411,0.0583419896508319,0.0669051296637143,-0.010570147341447705,False
2025,2018,10,gas,0.1106303488162317,0.0966393843772525,0.0473036896877956,0.0558183538315988,0.0275953805666528,0.0079200417402018,-0.008514664143803197,False
2025,2018,10,general,0.1281457967337672,0.1092915944554531,0.0495356037151702,0.057938965059708,0.0244085669964327,0.019331842148919,-0.0084033613445378,False
2025,2018,10,roro,0.1435394577056518,0.0837906547412369,0.039647577092511,0.0337738619676945,0.018467259363423,0.0145414768195171,0.005873715124816499,False
2025,2018,10,tanker,0.1999209035983251,0.1554397665631275,0.0911453499164655,0.0868758121403378,0.0271792729222565,0.0227233070246368,0.004269537776127708,False
2025,2018,20,all,0.2643268471756856,0.229313048968355,0.1066508313539192,0.1101187648456057,0.0693398449474602,0.0634150440856556,-0.0034679334916865034,False
2025,2018,20,bulk,0.1429563369292148,0.1371567597006329,0.0517443221727932,0.0550222430344181,0.0189524943041272,0.0218672194506247,-0.0032779208616249,False
2025,2018,20,container,0.4509613866857961,0.3641540535919256,0.2325432415118513,0.2408712363869314,0.1472360081806845,0.1239546296218597,-0.008327994875080097,False
2025,2018,20,gas,0.1979472128939924,0.1873400699874017,0.0813623462630085,0.0832544938505203,0.0345042551603444,0.0359358927181843,-0.0018921475875118,False
2025,2018,20,general,0.2488934575065912,0.2516903596678634,0.1048208757187085,0.1132242370632463,0.0512309395062523,0.0620586627824287,-0.0084033613445378,False
2025,2018,20,roro,0.2741833348433654,0.181203693148239,0.0558002936857562,0.0646108663729809,0.0285572458387216,0.0336170295728583,-0.008810572687224696,False
2025,2018,20,tanker,0.3200212304544951,0.2739712301630396,0.1329125672916279,0.1314275106738444,0.0474486181948196,0.046595332251176,0.0014850566177835034,False
2025,2018,50,all,0.4613655554281681,0.3850778838881183,0.194916864608076,0.1846080760095012,0.1839661244802802,0.1358035095490053,0.010308788598574814,False
2025,2018,50,bulk,0.3218759565866157,0.2393346535296949,0.0803090611098103,0.0852259424022477,0.034954760676074,0.0354337818072097,-0.004916881292437406,False
2025,2018,50,container,0.735622442043794,0.5921375601539234,0.511531069827034,0.4163997437540038,0.4382289833610798,0.2856332604760144,0.09513132607303021,False
2025,2018,50,gas,0.3158872332685583,0.3045270734093054,0.130558183538316,0.1277199621570482,0.0523076369875335,0.0571095510862326,0.002838221381267797,False
2025,2018,50,general,0.4261206337817382,0.4222491589969417,0.1738168951791242,0.2357363998230871,0.0966962622297021,0.1374140657517124,-0.061919504643962925,False
2025,2018,50,roro,0.4765923078840577,0.4141478333497221,0.1233480176211453,0.1556534508076358,0.0638499300139995,0.0871715721021011,-0.032305433186490484,False
2025,2018,50,tanker,0.4946121778457415,0.4404553535051169,0.2236866530536476,0.2012251717096714,0.1040688587422428,0.0896940389321504,0.022461481343976186,False
2025,2019,5,all,0.0933245672748247,0.0821683418039807,0.0379597239292805,0.0370615486432825,0.0154656504208258,0.0143397425443249,0.0008981752859979972,False
2025,2019,5,bulk,0.0818826671445832,0.0556996360094707,0.0266248110684804,0.0256946866643413,0.0088980987355518,0.0091083617144652,0.0009301244041391016,False
2025,2019,5,container,0.1131866717408962,0.1081353134394807,0.0660315374507227,0.0588042049934297,0.0298802680387502,0.0258162423124713,0.007227332457292998,False
2025,2019,5,gas,0.0476732026307832,0.0675868589635028,0.0275555555555555,0.0373333333333333,0.0041138830177219,0.0052464202083077,-0.009777777777777802,False
2025,2019,5,general,0.0719984331582764,0.0505354488537238,0.02234382124943,0.0191518467852257,0.0091441829236334,0.0075941146160116,0.0031919744642043,False
2025,2019,5,roro,0.0619543488903916,0.0516878627506241,0.0240601503759398,0.0210526315789473,0.0092044502523382,0.0080828248361578,0.0030075187969925005,False
2025,2019,5,tanker,0.124085471623764,0.1279452814704397,0.0501266739051755,0.0517553384002895,0.0126399828074665,0.0127316974908607,-0.0016286644951140003,False
2025,2019,10,all,0.1590344500980751,0.1291467639906304,0.0564432258674482,0.058239576439444,0.0286599163942337,0.0298472281264519,-0.0017963505719958,False
2025,2019,10,bulk,0.1144072629232263,0.0828889071160745,0.0327868852459016,0.0336007440995233,0.0115176819322377,0.0120888966220592,-0.0008138588536217017,False
2025,2019,10,container,0.2259301873924344,0.2149543203252771,0.1153088042049934,0.1307490144546649,0.0570821981349115,0.0671905486227255,-0.015440210249671515,False
2025,2019,10,gas,0.1001486620456329,0.0916624536327151,0.0373333333333333,0.0462222222222222,0.0103606950239049,0.0064693036028121,-0.008888888888888898,False
2025,2019,10,general,0.1258506826424851,0.1053776838146556,0.0387596899224806,0.0469676242590059,0.019310595590105,0.0193134537217353,-0.0082079343365253,False
2025,2019,10,roro,0.1521461319655615,0.0902052957346521,0.0526315789473684,0.0406015037593985,0.0254091750735159,0.0201264548975504,0.012030075187969898,False
2025,2019,10,tanker,0.2082491114799281,0.1618630552492397,0.0722041259500543,0.0656894679695982,0.0239109403725197,0.017807323839475,0.006514657980456098,False
2025,2019,20,all,0.2673098391557156,0.2302691317062532,0.0927956887586272,0.0979011061737732,0.0595757626652058,0.0540818394158889,-0.005105417415146002,False
2025,2019,20,bulk,0.1511885147778466,0.1447359241607533,0.042669457039879,0.0487152656667829,0.0148775086490247,0.0186167174838853,-0.0060458086269039035,False
2025,2019,20,container,0.4371117773046734,0.3516122086725575,0.2224047306176084,0.2273324572930354,0.1401364237716573,0.115442545414305,-0.0049277266754269855,False
2025,2019,20,gas,0.186667795410138,0.1704356904988801,0.0666666666666666,0.0657777777777777,0.0146607040003828,0.015206659148491,0.0008888888888888974,False
2025,2019,20,general,0.2587281794601189,0.2550267607113594,0.0939352485180118,0.1025991792065663,0.0441796169864609,0.0537583415282941,-0.008663930688554505,False
2025,2019,20,roro,0.2875819527785598,0.1880306167869235,0.0646616541353383,0.069172932330827,0.0315568089539211,0.0350415388280251,-0.004511278195488702,False
2025,2019,20,tanker,0.3387093743663169,0.2865399262340443,0.1076728193992037,0.1112920738327904,0.0389640275682061,0.0398843109841381,-0.0036192544335866966,False
2025,2019,50,all,0.4762661033960049,0.3951115655279913,0.1802495981847404,0.171409662475182,0.1722283822570256,0.1225232376981581,0.008839935709558405,False
2025,2019,50,bulk,0.3423713239379791,0.2564137486668321,0.070689454714568,0.0768515288919893,0.0305724366738596,0.031040764231513,-0.006162074177421303,False
2025,2019,50,container,0.7484934508265657,0.5971010053771376,0.5160972404730617,0.4044021024967148,0.4508689130567094,0.2753859623715132,0.11169513797634689,False
2025,2019,50,gas,0.3143699929409262,0.3000786538359576,0.1217777777777777,0.1208888888888888,0.0290205968126752,0.0369618929185744,0.0008888888888888974,False
2025,2019,50,general,0.4487022293434489,0.4297262860742816,0.1550387596899224,0.2147742818057455,0.0875743229022534,0.126449281951195,-0.059735522115823114,False
2025,2019,50,roro,0.4854103669038652,0.4278326482722955,0.118796992481203,0.1458646616541353,0.0624778040848381,0.0813017508618724,-0.02706766917293231,False
2025,2019,50,tanker,0.5223972899685906,0.4610431162676064,0.1950778139703221,0.186391603329714,0.0867298548179718,0.0830681736631509,0.008686210640608094,False
2025,2020,5,all,0.0958415856071062,0.0827571095995026,0.037125748502994,0.0339014279134039,0.016361288694357,0.012459540654729,0.0032243205895901017,False
2025,2020,5,bulk,0.0772603933222223,0.0527695649905392,0.0205402991739227,0.020317035052467,0.0069719169025216,0.0074637823084072,0.00022326412145570046,False
2025,2020,5,container,0.1270382769171966,0.1126240455609432,0.0696122059758423,0.0505403687221869,0.0346826491650111,0.021592945700202,0.019071837253655403,False
2025,2020,5,gas,0.0374656878468583,0.0538532268186693,0.0187713310580204,0.023037542662116,0.0011220043523528,0.0016059649427952,-0.004266211604095599,False
2025,2020,5,general,0.0766689591462737,0.0527001422724112,0.0249192431933548,0.0175357637286571,0.0094232669400481,0.0064471240464383,0.007383479464697702,False
2025,2020,5,roro,0.0664294129925539,0.0508189403215338,0.0224358974358974,0.0240384615384615,0.0120189008921778,0.011455400029527,-0.0016025641025641003,False
2025,2020,5,tanker,0.1327722636431379,0.1367705196399536,0.0554669502037923,0.0558213716108452,0.0142779144521261,0.0139665713142098,-0.00035442140705289893,False
2025,2020,10,all,0.1606339969931684,0.1323069519997986,0.0541685859051128,0.0565177337632427,0.0291162419841467,0.0306428985661193,-0.0023491478581298963,False
2025,2020,10,bulk,0.1120859505866882,0.0818032641030017,0.0277963831212324,0.0281312793034159,0.0099011233276937,0.0103144738698501,-0.00033489618218349865,False
2025,2020,10,container,0.2394947209326535,0.2323912613552405,0.1157024793388429,0.1366815003178639,0.0624491472925973,0.0738359743177485,-0.020979020979021018,False
2025,2020,10,gas,0.0839560050551387,0.0751601286116366,0.030716723549488,0.0315699658703071,0.0051962444018692,0.002548902347649,-0.000853242320819101,False
2025,2020,10,general,0.1292771692874121,0.1135661935480237,0.036455929856945,0.0484540839870789,0.0191266144412018,0.0201675535193491,-0.0119981541301339,False
2025,2020,10,roro,0.1585356601018202,0.0865762949255459,0.0416666666666666,0.0304487179487179,0.0277008728927786,0.0144168458123454,0.011217948717948702,False
2025,2020,10,tanker,0.2155021083001697,0.1688159080773278,0.07478291688818,0.0680489101541733,0.0246084275931218,0.0187289180171797,0.006734006734006703,False
2025,2020,20,all,0.2649678551761524,0.2295781225703469,0.0895439889451865,0.0930446798710271,0.0577639215023763,0.053992520529722,-0.0035006909258405994,False
2025,2020,20,bulk,0.1503226336964269,0.1419019523875266,0.0369502121009153,0.0407457021656619,0.0130569781357421,0.0154625411667969,-0.0037954900647466025,False
2025,2020,20,container,0.4453876698322409,0.3631306440325302,0.2215511760966306,0.2301335028607755,0.1386143039257191,0.1233138779016398,-0.008582326764144887,False
2025,2020,20,gas,0.1661069693928615,0.1490493067415145,0.0529010238907849,0.0529010238907849,0.0093424766061435,0.010136837030966,0.0,False
2025,2020,20,general,0.2581604040510387,0.2552273723107998,0.0941393631748961,0.1010613751730503,0.0475841465688236,0.0512491737031097,-0.006922011998154204,False
2025,2020,20,roro,0.2854580110512955,0.1936353398399496,0.0560897435897435,0.0608974358974358,0.0353187620020365,0.036907877293945,-0.0048076923076922976,False
2025,2020,20,tanker,0.3430967059558601,0.2914756460157515,0.1089845826687932,0.1084529505582137,0.0391122279475391,0.0380095177327453,0.0005316321105794941,False
2025,2020,50,all,0.4695758961506345,0.3903887366786183,0.1744357438968217,0.164486411791801,0.1627163906557428,0.1173829346220713,0.009949332105020692,False
2025,2020,50,bulk,0.3432394054333104,0.2568859272780636,0.0637419066755972,0.0673141326188881,0.0296549914706524,0.0263377762248188,-0.003572225943290902,False
2025,2020,50,container,0.7416732783076544,0.5952987302288989,0.4850603941513032,0.3916083916083916,0.4207750486380023,0.2683240855539051,0.09345200254291158,False
2025,2020,50,gas,0.2906532672170235,0.280414178925338,0.1100682593856655,0.1040955631399317,0.0243104967439281,0.0280007311116611,0.005972696245733808,False
2025,2020,50,general,0.4367828887901449,0.4205937504094519,0.153207198892478,0.2021227503461006,0.0867227670273185,0.1147483306780544,-0.04891555145362261,False
2025,2020,50,roro,0.4929462620883348,0.418353434491642,0.125,0.1346153846153846,0.0753404289322877,0.083979481838716,-0.009615384615384609,False
2025,2020,50,tanker,0.5237828997985806,0.4685067625583596,0.2039695197589934,0.1935140882509303,0.0924372791897597,0.087707376843572,0.010455431508063107,False
2025,2021,5,all,0.0886788659485535,0.0780391349836218,0.0299364182267749,0.0295831861533027,0.0141467761977775,0.0116216267373499,0.000353232073472199,False
2025,2021,5,bulk,0.0612866569587118,0.0441318508878345,0.0123174187922389,0.013189448441247,0.0048972011876736,0.005188372247508,-0.0008720296490081006,False
2025,2021,5,container,0.1246455861276902,0.1038533928300132,0.0497816593886462,0.0395924308588064,0.0252515566088326,0.0166794799916861,0.010189228529839799,False
2025,2021,5,gas,0.031319212171187,0.0467227168008482,0.0130187144019528,0.0195280716029292,0.0021709647969023,0.0027880088486786,-0.006509357200976401,False
2025,2021,5,general,0.0713638864430434,0.0498992913720414,0.0125365649811951,0.0117007939824488,0.0040509882755937,0.0033732646377765,0.0008357709987462988,False
2025,2021,5,roro,0.0603606974432144,0.0472173193702732,0.0170807453416149,0.015527950310559,0.0077346502689529,0.0069234555349037,0.0015527950310559,False
2025,2021,5,tanker,0.136486241627478,0.1433024949611957,0.0583751948726831,0.0608002771522605,0.0208868749223269,0.0212392631662551,-0.002425082279577405,False
2025,2021,10,all,0.155506041099579,0.1236100564310786,0.0474655598728364,0.0485252560932532,0.0265632812150947,0.0259783637551669,-0.0010596962204168017,False
2025,2021,10,bulk,0.1001345293132456,0.066469246083543,0.0176586003924133,0.0185306300414214,0.0068801592685684,0.0073547315105896,-0.0008720296490081006,False
2025,2021,10,container,0.2343874374753467,0.2180811338757547,0.0960698689956331,0.1074235807860262,0.0513341725482558,0.0543684718015682,-0.011353711790393087,False
2025,2021,10,gas,0.0771467915989925,0.0685242974149904,0.0235964198535394,0.0260374288039056,0.0055249620344979,0.0040547835914536,-0.0024410089503662004,False
2025,2021,10,general,0.1315497493239185,0.0985932555218758,0.0242373589636439,0.0334308399498537,0.0111161372601786,0.0123791515573142,-0.009193480986209798,False
2025,2021,10,roro,0.1497887849120282,0.076035682183057,0.0357142857142857,0.0217391304347826,0.0177840609750253,0.0087873518510193,0.013975155279503097,False
2025,2021,10,tanker,0.218341144432446,0.1759001174038698,0.0819331370171488,0.0751775506668976,0.0339402918691603,0.0277941911388919,0.006755586350251197,False
2025,2021,20,all,0.2618311523688048,0.221409742342921,0.0829212292476156,0.0849081596608972,0.0574521610127704,0.0509238138095161,-0.0019869304132816012,False
2025,2021,20,bulk,0.1392961236135839,0.1233932245020667,0.0247438412906038,0.0277959450621321,0.0092469957981003,0.0112814257546208,-0.0030521037715283,False
2025,2021,20,container,0.4390919261663807,0.3499121911174848,0.2069868995633187,0.2066957787481805,0.1311739168174553,0.107673893975736,0.00029112081513821275,False
2025,2021,20,gas,0.1563570081506631,0.138780677023403,0.0390561432058584,0.0390561432058584,0.0081607501954066,0.0083879180067505,0.0,False
2025,2021,20,general,0.2572422578114901,0.2530936648974713,0.0748015043877977,0.0814876723777685,0.0351266060523519,0.0431693549692031,-0.006686167989970793,False
2025,2021,20,roro,0.277287616200687,0.1825082871169624,0.0481366459627329,0.062111801242236,0.0252456214783825,0.0319835177561759,-0.013975155279503104,False
2025,2021,20,tanker,0.3489493724222366,0.2985107841071388,0.1181361510479819,0.1169236099081933,0.0517117578163985,0.0497597371309103,0.0012125411397886088,False
2025,2021,50,all,0.4678716383216353,0.3882059330917568,0.1658424584952313,0.1576739667961851,0.1527589959458938,0.1108465499357366,0.00816849169904621,False
2025,2021,50,bulk,0.335434110964222,0.2494771605243025,0.0482886418138216,0.052648790058862,0.0247266699617357,0.0225088135593865,-0.004360148245040399,False
2025,2021,50,container,0.7274219181706406,0.5785524745456273,0.4576419213973799,0.359825327510917,0.3718716711362445,0.234646247205456,0.09781659388646291,False
2025,2021,50,gas,0.2676821816176158,0.2544137956966727,0.0838079739625712,0.0764849471114727,0.0180269570994963,0.0208930489205866,0.007323026851098494,False
2025,2021,50,general,0.4470243955687519,0.4390167498608046,0.1479314667781028,0.2055996656916005,0.0885198936676601,0.1159521663513215,-0.057668198913497726,False
2025,2021,50,roro,0.4865070179274268,0.42437357175778,0.1024844720496894,0.1428571428571428,0.0524463021662438,0.0798027992778318,-0.040372670807453395,False
2025,2021,50,tanker,0.53362447529651,0.4740357884462955,0.2109821583232288,0.2033604711588429,0.10649554938683,0.1021614172934759,0.00762168716438591,False
2025,2022,5,all,0.1013496795965105,0.0881584463363114,0.034404229361529,0.0338348922326148,0.0179037201115204,0.0139998577911974,0.0005693371289142019,False
2025,2022,5,bulk,0.0689947626468607,0.0497842200858994,0.0186810943242139,0.0189873417721519,0.0075929014166046,0.0081459560646052,-0.00030624744793799827,False
2025,2022,5,container,0.1583842296151415,0.1270986482285154,0.0593385214007782,0.0445038910505836,0.0342246640972582,0.0210409741763135,0.014834630350194604,False
2025,2022,5,gas,0.0380176099342624,0.054197206351133,0.0140734949179046,0.0242376856919468,0.0025963792312906,0.0036264869772506,-0.0101641907740422,False
2025,2022,5,general,0.0725579746829152,0.0522742141566036,0.0188027628549501,0.0168841135840368,0.0094540063368133,0.0082313753996797,0.0019186492709133002,False
2025,2022,5,roro,0.0521019977837169,0.0446969610695305,0.0027210884353741,0.0054421768707482,0.0006197394966428,0.0018093085633249,-0.0027210884353741,False
2025,2022,5,tanker,0.1400594879385953,0.1487895330966558,0.0577367205542725,0.0633454305509732,0.0189519952652743,0.0200229757006458,-0.0056087099967007045,False
2025,2022,10,all,0.1758339625196704,0.1445413295055591,0.0563237088247254,0.0604717364782431,0.0353530825933625,0.0366006322060841,-0.004148027653517704,False
2025,2022,10,bulk,0.113160017440321,0.080327531771394,0.027460187831768,0.0284810126582278,0.011493200752353,0.0125620013775941,-0.0010208248264598,False
2025,2022,10,container,0.2738202687273726,0.2565480513544497,0.1179474708171206,0.1349708171206225,0.0718198624084557,0.0782050163503787,-0.0170233463035019,False
2025,2022,10,gas,0.0873319934660802,0.084603664908011,0.0234558248631743,0.0328381548084441,0.0038886888904236,0.005313055762285,-0.009382329945269798,False
2025,2022,10,general,0.1312584797601912,0.1128315013401837,0.0276285495011511,0.0410590943975441,0.0154172725651367,0.0189067415242056,-0.013430544896393,False
2025,2022,10,roro,0.1502497331737126,0.0744748809274613,0.0299319727891156,0.019047619047619,0.0144803041389059,0.006517576797402,0.0108843537414966,False
2025,2022,10,tanker,0.232822793551414,0.1844042136261344,0.0836357637743319,0.0808314087759815,0.0335811927901782,0.0278852662709466,0.0028043549983504112,False
2025,2022,20,all,0.2876520778613531,0.2417352549855189,0.0996339975599837,0.1018300122000813,0.0712649385845687,0.0651380854733732,-0.002196014640097596,False
2025,2022,20,bulk,0.1603963093813774,0.138496661425906,0.0399142507145773,0.041241322988975,0.0161540637353101,0.0167217715448893,-0.0013270722743977045,False
2025,2022,20,container,0.4659555597081016,0.3805247799273186,0.2339494163424124,0.2422178988326848,0.1588166682279715,0.1408183745190144,-0.0082684824902724,False
2025,2022,20,gas,0.1738030265127432,0.1593838054412169,0.0492572322126661,0.0476935105551211,0.0081062772490259,0.0082593018393898,0.0015637216575449947,False
2025,2022,20,general,0.2646538711619279,0.2614122905218566,0.087874136607828,0.0978511128165771,0.0432682867045343,0.0499768466529544,-0.0099769762087491,False
2025,2022,20,roro,0.2777750565565248,0.1810611689742638,0.0462585034013605,0.0612244897959183,0.0216999723278734,0.028866919013119,-0.014965986394557797,False
2025,2022,20,tanker,0.3660070495267234,0.3036828712063095,0.127185747278126,0.1225668096337842,0.0524217475046562,0.047661267541346,0.004618937644341806,False
2025,2022,50,all,0.492239911624535,0.4129405131494166,0.1885319235461569,0.1799511996746645,0.1656018022476925,0.1265280178408572,0.00858072387149239,False
2025,2022,50,bulk,0.3583945383650183,0.2730800624942564,0.0664556962025316,0.0707431604736627,0.0315728836685699,0.0309603650137458,-0.004287464271131108,False
2025,2022,50,container,0.7236689410531526,0.5824622050135505,0.4698443579766537,0.3857003891050584,0.3756767255402904,0.2577076007929489,0.08414396887159531,False
2025,2022,50,gas,0.301693733949653,0.2882761576609797,0.1016419077404222,0.0938232994526974,0.0229643522028413,0.0257472294036325,0.007818608287724793,False
2025,2022,50,general,0.454504074579362,0.4653845729644412,0.1676899462778204,0.237145049884881,0.0984360356953552,0.1349597325124779,-0.06945510360706059,False
2025,2022,50,roro,0.4750112156051853,0.4152640859570552,0.1074829931972789,0.145578231292517,0.0507653056039276,0.0758305003512036,-0.03809523809523811,False
2025,2022,50,tanker,0.5580334750802439,0.491075586796534,0.2321016166281755,0.2146156384031672,0.1169261471608129,0.102691102210895,0.017485978225008303,False
2025,2023,5,all,0.1098640885427493,0.0932246171050924,0.0343276323255248,0.0335575909864634,0.019152661031086,0.0155941541540136,0.0007700413390613961,False
2025,2023,5,bulk,0.0858671809318148,0.0565532138074017,0.0195798490719967,0.0208035896389965,0.0078736131957537,0.008723880297251,-0.0012237405669997987,False
2025,2023,5,container,0.1665642299845119,0.1393310122614259,0.0637219406227371,0.0497224233647115,0.0403145924660805,0.0278389960813608,0.013999517258025604,False
2025,2023,5,gas,0.0401791290898509,0.0561341551038545,0.0140296180826188,0.0218238503507404,0.0023233363206497,0.0035006469212021,-0.007794232268121601,False
2025,2023,5,general,0.0894093978401787,0.0666800581058647,0.0175370226032735,0.0124707716289945,0.0117812130468405,0.0074187406284935,0.005066250974279001,False
2025,2023,5,roro,0.0545572302663326,0.0447983530665491,0.0067476383265856,0.0053981106612685,0.0023663283961232,0.0014527097225705,0.0013495276653170997,False
2025,2023,5,tanker,0.1346318917302334,0.1415536540669791,0.0526487367563162,0.0577017114914425,0.0156968655679788,0.0170107128312013,-0.005052974735126302,False
2025,2023,10,all,0.1872902775580259,0.1531902418151738,0.0579557428872497,0.061846478074086,0.0398205681652345,0.0413354026951709,-0.0038907351868362958,False
2025,2023,10,bulk,0.1315591325901368,0.091701660702309,0.0284519681827452,0.029981643891495,0.0117878067973687,0.0128726463917808,-0.001529675708749803,False
2025,2023,10,container,0.2938240846493704,0.2746308659949889,0.130823075066377,0.1469949312092686,0.0890351885486773,0.0974031452627682,-0.0161718561428916,False
2025,2023,10,gas,0.0853884527560591,0.0817206332687529,0.0265003897116134,0.0319563522992985,0.0051456685441901,0.0057709605635369,-0.005455962587685104,False
2025,2023,10,general,0.1512404497222213,0.1351801639987594,0.0268901013250194,0.0424785658612626,0.0171212369480366,0.0223164930397891,-0.015588464536243199,False
2025,2023,10,roro,0.1479922208033087,0.0802659475909232,0.0377867746288798,0.0188933873144399,0.0181545395905955,0.0060374395406966,0.0188933873144399,False
2025,2023,10,tanker,0.2278874638427465,0.1783511810428115,0.0779136104319478,0.0748166259168704,0.0293681150398097,0.0236300241640899,0.0030969845150774084,False
2025,2023,20,all,0.2939843707560263,0.2510554627151879,0.1021723271459836,0.1043203371970495,0.0745724683401105,0.0693137379727631,-0.0021480100510659073,False
2025,2023,20,bulk,0.1761610533914114,0.1577127230046407,0.0422190495614929,0.043544768509076,0.0164670717146333,0.0181563788400097,-0.0013257189475830988,False
2025,2023,20,container,0.4783262118340886,0.4045970127757313,0.2379917933864349,0.2435433260922037,0.173961668385153,0.1563305232060024,-0.005551532705768802,False
2025,2023,20,gas,0.170117209894827,0.1480642783490717,0.0498830865159781,0.0522213561964146,0.0099979080846195,0.0107002501884627,-0.0023382696804365027,False
2025,2023,20,general,0.2789692290505276,0.276993854807031,0.0962587685113016,0.1040530007794232,0.0480176458444447,0.0536052613522373,-0.0077942322681215925,False
2025,2023,20,roro,0.2675672945633412,0.1849917548161456,0.0526315789473684,0.0661268556005398,0.024585971688523,0.0342764177374382,-0.0134952766531714,False
2025,2023,20,tanker,0.3560216677580291,0.2882869198299574,0.1256723716381418,0.1230643846780766,0.0498366600123934,0.0456939335216049,0.0026079869600652006,False
2025,2023,50,all,0.5013439046320575,0.4236900516035791,0.1921050498500446,0.1836345951203696,0.1638142090915408,0.1262335596336089,0.008470454729675003,False
2025,2023,50,bulk,0.3752709466918505,0.2931503667776894,0.0733224556394044,0.0789312665714868,0.0359384726761143,0.0351785175570688,-0.005608810932082403,False
2025,2023,50,container,0.7333825478430592,0.6066293217659524,0.4672942312334057,0.3849867245957036,0.3772743570962537,0.2632190979884393,0.08230750663770209,False
2025,2023,50,gas,0.2891165692747716,0.2743779057920659,0.1044427123928293,0.0997661730319563,0.0247349091060844,0.0261224259680634,0.0046765393608730055,False
2025,2023,50,general,0.4686431709657683,0.4658181236471486,0.1757599376461418,0.2365549493374902,0.1012347980216858,0.1365303145092886,-0.06079501169134838,False
2025,2023,50,roro,0.4633999698090145,0.4160142732047282,0.1079622132253711,0.1511470985155195,0.0534406045400256,0.0779021845016994,-0.0431848852901484,False
2025,2023,50,tanker,0.5656719467666996,0.4898979476042969,0.2314588427057864,0.2143439282803586,0.1167145506984812,0.0980514944926226,0.017114914425427813,False
2025,2024,5,all,0.1073467406464381,0.0917799346323643,0.0353375298458866,0.035207293249403,0.0192561227975577,0.0167851223528546,0.00013023659648360442,False
2025,2024,5,bulk,0.0869397890943208,0.0543973922993696,0.0161872470742644,0.0167341135294761,0.0064648201453381,0.0068438196541025,-0.0005468664552117017,False
2025,2024,5,container,0.1512262958772348,0.1317939244535839,0.0589323467230444,0.0502114164904862,0.0371609313540733,0.0279970841137873,0.008720930232558197,False
2025,2024,5,gas,0.0423611702214984,0.0560715853909706,0.012701100762066,0.02116850127011,0.0025611590905014,0.0039063589226595,-0.008467400508044,False
2025,2024,5,general,0.0870777955022967,0.065575789228039,0.0151453131395824,0.0155546459271387,0.0078924189250148,0.0086168951416487,-0.0004093327875562998,False
2025,2024,5,roro,0.0571987771730816,0.0499986523098259,0.0100574712643678,0.0086206896551724,0.0052503158271857,0.0045594963253078,0.0014367816091954005,False
2025,2024,5,tanker,0.1381811468989578,0.1475656528174365,0.0663441603317208,0.0689357290946786,0.0237842932256732,0.0241766747826574,-0.0025915687629577966,False
2025,2024,10,all,0.1682411422011012,0.1480934129660778,0.0595615367918385,0.0601693075754286,0.0391601721345009,0.0381684847054702,-0.0006077707835900961,False
2025,2024,10,bulk,0.1249840825674722,0.0911981983848188,0.0259214699770316,0.0281089357978781,0.0105019197569514,0.0116103786806049,-0.002187465820846498,False
2025,2024,10,container,0.2526994896884873,0.2535509337934624,0.1218287526427061,0.127906976744186,0.081430721696572,0.0844281026881579,-0.006078224101479901,False
2025,2024,10,gas,0.0738459976893534,0.0807416302836112,0.0245554614733276,0.0313293818797629,0.0063013323001696,0.0057312436876548,-0.006773920406435298,False
2025,2024,10,general,0.1370100013327446,0.1309020618983443,0.0331559557920589,0.0442079410560785,0.019745580111091,0.0246576957611514,-0.011051985264019598,False
2025,2024,10,roro,0.1253439759358525,0.0809906733661531,0.0416666666666666,0.0258620689655172,0.0225248381061638,0.0156591615463303,0.015804597701149403,False
2025,2024,10,tanker,0.2101172261261953,0.1838338338418645,0.0924326192121631,0.0832757429163787,0.0399722472559916,0.030352712503945,0.009156876295784405,False
2025,2024,20,all,0.2646231941898864,0.2408125636728009,0.1032776210115042,0.1030605600173648,0.0742029254607626,0.0695383443600069,0.00021706099413940083,False
2025,2024,20,bulk,0.1633183440157898,0.1526362985081918,0.0401399978125341,0.0405774909767034,0.0153616202443531,0.0158975134667853,-0.0004374931641693003,False
2025,2024,20,container,0.4260447271895278,0.3828087918975989,0.2243657505285412,0.2288583509513742,0.1681089299148937,0.1546876865613161,-0.004492600422832976,False
2025,2024,20,gas,0.1390294348214604,0.1419094235728112,0.0533446232006773,0.0558848433530906,0.0108077279878569,0.0113494569810806,-0.0025402201524133,False
2025,2024,20,general,0.2542352549818971,0.2633649177954779,0.0990585345886205,0.1015145313139582,0.0560786631589568,0.0599742547131283,-0.0024559967253376946,False
2025,2024,20,roro,0.2359940652777619,0.1784127932691047,0.0589080459770114,0.0632183908045977,0.0317624183476034,0.0354810618561486,-0.004310344827586292,False
2025,2024,20,tanker,0.3280120917460729,0.2864005323430086,0.1411541119557705,0.134588804422944,0.0610231365853233,0.0559555309116788,0.006565307532826498,False
2025,2024,50,all,0.4592165597991327,0.3798912171709736,0.1847189060125895,0.1803342739309746,0.1440348156057782,0.1197782741989495,0.004384632081614909,False
2025,2024,50,bulk,0.346696783969986,0.2639551602638429,0.0725144919610631,0.0761238105654599,0.0338415280209194,0.0328850026348664,-0.0036093186043967967,False
2025,2024,50,container,0.6753778854254505,0.5510024411558968,0.4246828752642706,0.3702431289640592,0.3254917979031943,0.2471495234728488,0.05443974630021142,False
2025,2024,50,gas,0.2313364586661623,0.2129273904208294,0.1007620660457239,0.0982218458933107,0.0209226508297946,0.0245262709630094,0.002540220152413189,False
2025,2024,50,general,0.4453540735267569,0.4376227761475659,0.1854277527629963,0.2464183381088825,0.1180096040181254,0.1527416591651668,-0.060990585345886195,False
2025,2024,50,roro,0.4201340988922676,0.3502783379991109,0.0919540229885057,0.1264367816091954,0.0495676418471084,0.0710733874384027,-0.03448275862068968,False
2025,2024,50,tanker,0.5224119766958948,0.4435521958506088,0.2330684174153421,0.2161368348306842,0.1148220812062624,0.1014900591500803,0.016931582584657906,False
2025,2025,5,all,0.1061845904254736,0.0904834757904178,0.03746012587292,0.0359944822829554,0.01916638895796,0.0165259231301845,0.0014656435899645937,True
2025,2025,5,bulk,0.0888381396635109,0.0561676041210958,0.0163037648825485,0.0145875791054381,0.0072530916361075,0.0065602942465752,0.0017161857771104006,True
2025,2025,5,container,0.1466522360159335,0.13091346445161,0.0567560531111689,0.0486852382192137,0.0366623544338347,0.0285501360557778,0.0080708148919552,True
2025,2025,5,gas,0.0424856044531471,0.0549298687758043,0.0202190395956192,0.0235888795282224,0.0034252078523179,0.0041523256330844,-0.003369839932603199,True
2025,2025,5,general,0.0858437728290491,0.0652849487844248,0.0176881941587823,0.0160427807486631,0.0094529622450105,0.0086328680511276,0.0016454134101192008,True
2025,2025,5,roro,0.052972700949829,0.0465131860962223,0.0124481327800829,0.0138312586445366,0.0044456231522412,0.0047872206386067,-0.0013831258644537003,True
2025,2025,5,tanker,0.1362016437320419,0.1428547386293625,0.0743017741085543,0.0764096258563147,0.0221408680082901,0.0223347440845721,-0.002107851747760389,True
2025,2025,10,all,0.1666809686453795,0.1453323323579875,0.0598758513664971,0.0582808862833002,0.037112344434875,0.0347539011723116,0.0015949650831968976,True
2025,2025,10,bulk,0.1248363740476202,0.0932669278194589,0.0240266008795452,0.0227394615467124,0.0103985230145445,0.0098205930563021,0.0012871393328327992,True
2025,2025,10,container,0.248094023750051,0.2437034065955909,0.1137724550898203,0.1213225722468107,0.076269336770997,0.0770203728363735,-0.007550117156990402,True
2025,2025,10,gas,0.0732132692077906,0.0798494351759189,0.0362257792754844,0.0311710193765796,0.0090636958279884,0.0057211856822432,0.0050547598989048,True
2025,2025,10,general,0.135504630490834,0.128863378510774,0.0292060880296174,0.0403126285479226,0.0159805543711364,0.0203437427205974,-0.011106540518305199,True
2025,2025,10,roro,0.1229560440343238,0.0740629749190121,0.0470262793914246,0.0318118948824343,0.0222932870975883,0.0105904460082539,0.015214384508990299,True
2025,2025,10,tanker,0.2098893727659165,0.181105154484006,0.101879501141753,0.0906376251536975,0.0365898557534059,0.028202877170809,0.011241875988055497,True
2025,2025,20,all,0.2627713580968701,0.2408027341576691,0.1011725148719717,0.101431157858436,0.0692909597031661,0.0649135341230586,-0.0002586429864643025,True
2025,2025,20,bulk,0.1642519534918914,0.1571899429363212,0.0388287032071221,0.0387214415960527,0.0149951945554656,0.015354120494127,0.0001072616110694008,True
2025,2025,20,container,0.4154337552772097,0.374244991651727,0.2150481645404842,0.2199947930226503,0.156218471506164,0.1434287677097867,-0.004946628482166093,True
2025,2025,20,gas,0.1383849275406491,0.1395759713653275,0.0556023588879528,0.0556023588879528,0.0133939813718825,0.0133772640259299,0.0,True
2025,2025,20,general,0.2558554338042105,0.2586242399476561,0.0900863842040312,0.0954339777869189,0.0454846352137438,0.0492332416077726,-0.005347593582887694,True
2025,2025,20,roro,0.2395114132980533,0.184522932154782,0.0650069156293222,0.0622406639004149,0.0260265705825684,0.028418486412314,0.002766251728907307,True
2025,2025,20,tanker,0.3289255062364169,0.290146045911079,0.1452661162831547,0.1412260670999473,0.0556478200260979,0.0519411654383195,0.004040049183207384,True
2025,2025,50,all,0.4591653966556401,0.3765325734251837,0.1819122338132597,0.1775584102077765,0.1369954607940555,0.1131301747365663,0.004353823605483198,True
2025,2025,50,bulk,0.3502299935635303,0.2646551170280239,0.0714362329722192,0.0752976509707175,0.0347405928034999,0.0324594350870228,-0.003861417998498304,True
2025,2025,50,container,0.6654632056178581,0.5367375643972747,0.4100494662848216,0.3538141109086175,0.3026307146780668,0.2261027356985361,0.05623535537620411,True
2025,2025,50,gas,0.2311587742709185,0.2112257852572603,0.1019376579612468,0.1086773378264532,0.0257118553545501,0.0297167187518253,-0.006739679865206391,True
2025,2025,50,general,0.4440195403244523,0.4265735811183196,0.1723570547099958,0.225421637186343,0.1049110138544467,0.1351063444366573,-0.05306458247634721,True
2025,2025,50,roro,0.4349090266952596,0.3645442846175005,0.1037344398340249,0.1438450899031811,0.0496860752433566,0.0786303594827702,-0.04011065006915619,True
2025,2025,50,tanker,0.5233794831013987,0.4447712592845805,0.2395924819954329,0.22431055682417,0.1096169452877944,0.0978973424865764,0.015281925171262895,True
